/home/runner/simulations/TestJob01_temp_1/output-0000/TEST/sim/Extract
Preparing:
+ set -e
+ cd output-0000-active
+ echo Checking:
Checking:
+ pwd
/home/runner/simulations/TestJob01_temp_1/output-0000/TEST/sim/Extract/output-0000-active
+ hostname
runnervmkkn4f
+ date
Mon Jul  6 20:19:03 UTC 2026
+ echo Environment:
Environment:
+ export CACTUS_NUM_PROCS=1
+ CACTUS_NUM_PROCS=1
+ export CACTUS_NUM_THREADS=2
+ CACTUS_NUM_THREADS=2
+ export GMON_OUT_PREFIX=gmon.out
+ GMON_OUT_PREFIX=gmon.out
+ export OMP_NUM_THREADS=2
+ OMP_NUM_THREADS=2
+ env
+ sort
+ echo Starting:
Starting:
++ date +%s
+ export CACTUS_STARTTIME=1783369143
+ CACTUS_STARTTIME=1783369143
+ '[' 1 = 1 ']'
+ '[' 0 -eq 0 ']'
+ /home/runner/simulations/TestJob01_temp_1/SIMFACTORY/exe/cactus_sim -L 3 /home/runner/simulations/TestJob01_temp_1/output-0000/arrangements/EinsteinAnalysis/Extract/test/qc0-mclachlan.par
INFO (Cactus): Increased logging level from 0 to 3
--------------------------------------------------------------------------------

       10                                  
  1   0101       ************************  
  01  1010 10      The Cactus Code V4.20.0    
 1010 1101 011      www.cactuscode.org     
  1001 100101    ************************  
    00010101                               
     100011     (c) Copyright The Authors  
      0100      GNU Licensed. No Warranty  
      0101                                 
--------------------------------------------------------------------------------

Cactus version:    4.20.0
Compile date:      Jul 06 2026 (20:09:59)
Run date:          Jul 06 2026 (20:19:03+0000)
Run host:          runnervmkkn4f.uxsl2oan1hketor1fyk5ek2tzc.bx.internal.cloudapp.net (pid=170239)
Working directory: /home/runner/simulations/TestJob01_temp_1/output-0000/TEST/sim/Extract
Executable:        /home/runner/simulations/TestJob01_temp_1/SIMFACTORY/exe/cactus_sim
Parameter file:    /home/runner/simulations/TestJob01_temp_1/output-0000/arrangements/EinsteinAnalysis/Extract/test/qc0-mclachlan.par
--------------------------------------------------------------------------------

Activating thorn Cactus...Success -> active implementation Cactus
Activation requested for 
--->IOUtil AEILocalInterp Fortran GSL GenericFD HDF5 LocalInterp LoopControl Slab TGRtensor SummationByParts InitBase Carpet CarpetLib CarpetInterp CarpetReduce CarpetSlab NaNChecker Boundary CartGrid3D CoordBase ReflectionSymmetry SymBase SphericalSurface CarpetMask CarpetRegrid2 CarpetTracker MoL Time ADMBase ADMMacros CoordGauge SpaceMask StaticConformal TmunuBase TwoPunctures ML_BSSN ML_BSSN_Helper NewRad Dissipation CarpetIOBasic CarpetIOScalar CarpetIOASCII Extract<---
Thorn Carpet requests automatic activation of MPI
Thorn Carpet requests automatic activation of Timers
Thorn CarpetLib requests automatic activation of Vectors
Thorn CarpetLib requests automatic activation of Boost
Thorn CarpetLib requests automatic activation of CycleClock
Thorn HDF5 requests automatic activation of zlib
Thorn LoopControl requests automatic activation of hwloc
Thorn TGRtensor requests automatic activation of LAPACK
Thorn LAPACK requests automatic activation of BLAS
Activating thorn ADMBase...Success -> active implementation ADMBase
Activating thorn ADMMacros...Success -> active implementation ADMMacros
Activating thorn AEILocalInterp...Success -> active implementation AEILocalInterp
Activating thorn BLAS...Success -> active implementation BLAS
Activating thorn Boost...Success -> active implementation Boost
Activating thorn Boundary...Success -> active implementation boundary
Activating thorn Carpet...Success -> active implementation Driver
Activating thorn CarpetInterp...Success -> active implementation interp
Activating thorn CarpetIOASCII...Success -> active implementation IOASCII
Activating thorn CarpetIOBasic...Success -> active implementation IOBasic
Activating thorn CarpetIOScalar...Success -> active implementation IOScalar
Activating thorn CarpetLib...Success -> active implementation CarpetLib
Activating thorn CarpetMask...Success -> active implementation CarpetMask
Activating thorn CarpetReduce...Success -> active implementation reduce
Activating thorn CarpetRegrid2...Success -> active implementation CarpetRegrid2
Activating thorn CarpetSlab...Success -> active implementation Hyperslab
Activating thorn CarpetTracker...Success -> active implementation CarpetTracker
Activating thorn CartGrid3D...Success -> active implementation grid
Activating thorn CoordBase...Success -> active implementation CoordBase
Activating thorn CoordGauge...Success -> active implementation CoordGauge
Activating thorn CycleClock...Success -> active implementation CycleClock
Activating thorn Dissipation...Success -> active implementation Dissipation
Activating thorn Extract...Success -> active implementation extract
Activating thorn Fortran...Success -> active implementation Fortran
Activating thorn GenericFD...Success -> active implementation GenericFD
Activating thorn GSL...Success -> active implementation GSL
Activating thorn HDF5...Success -> active implementation HDF5
Activating thorn hwloc...Success -> active implementation hwloc
Activating thorn InitBase...Success -> active implementation InitBase
Activating thorn IOUtil...Success -> active implementation IO
Activating thorn LAPACK...Success -> active implementation LAPACK
Activating thorn LocalInterp...Success -> active implementation LocalInterp
Activating thorn LoopControl...Success -> active implementation LoopControl
Activating thorn ML_BSSN...Success -> active implementation ML_BSSN
Activating thorn ML_BSSN_Helper...Success -> active implementation ML_BSSN_Helper
Activating thorn MoL...Success -> active implementation MethodOfLines
Activating thorn MPI...Success -> active implementation MPI
Activating thorn NaNChecker...Success -> active implementation NaNChecker
Activating thorn NewRad...Success -> active implementation NewRad
Activating thorn ReflectionSymmetry...Success -> active implementation ReflectionSymmetry
Activating thorn Slab...Success -> active implementation Slab
Activating thorn SpaceMask...Success -> active implementation SpaceMask
Activating thorn SphericalSurface...Success -> active implementation SphericalSurface
Activating thorn StaticConformal...Success -> active implementation StaticConformal
Activating thorn SummationByParts...Success -> active implementation SummationByParts
Activating thorn SymBase...Success -> active implementation SymBase
Activating thorn TGRtensor...Success -> active implementation TGRtensor
Activating thorn Time...Success -> active implementation time
Activating thorn Timers...Success -> active implementation Timers
Activating thorn TmunuBase...Success -> active implementation TmunuBase
Activating thorn TwoPunctures...Success -> active implementation TwoPunctures
Activating thorn Vectors...Success -> active implementation Vectors
Activating thorn zlib...Success -> active implementation zlib
--------------------------------------------------------------------------------
  if (recover initial data)
    Recover parameters
  endif

  Startup routines
    [CCTK_STARTUP]
      Carpet::MultiModel_Startup: Multi-model Startup routine
      CycleClock::CycleClock_Setup: Set up CycleClock
      LoopControl::LC_setup: Set up LoopControl
      ML_BSSN_Helper::ML_BSSN_SetGroupTags: [meta] Set checkpointing and prolongation group tags
      Timers::Timer_Startup: Prepare hierarchical timers
      Carpet::Driver_Startup: Startup routine
      CarpetInterp::CarpetInterpStartup: Startup routine
      CarpetReduce::CarpetReduceStartup: Startup routine
      CartGrid3D::SymmetryStartup: Register GH Extension for GridSymmetry
      CoordBase::CoordBase_Startup: Register a GH extension to store the coordinate system handles
      AEILocalInterp::AEILocalInterp_U_Startup: register CCTK_InterpLocalUniform() interpolation operators
      IOUtil::IOUtil_Startup: Startup routine
      LocalInterp::LocalInterp_Startup: register LocalInterp's interpolation operators
      CarpetIOBasic::CarpetIOBasicStartup: [global] Startup routine
      ML_BSSN::ML_BSSN_Startup: [meta] create banner
      ML_BSSN_Helper::ML_BSSN_RegisterSlicing: [meta] Register slicing
      CarpetIOScalar::CarpetIOScalarStartup: [global] Startup routine
      MoL::MoL_Startup: Startup banner
      Slab::Slab_InitMPIDatatypes: Create MPI datatypes for complex variables in C
      SymBase::SymBase_Startup: Register GH Extension for SymBase
      CarpetIOASCII::CarpetIOASCIIStartup: [global] Startup routine
      Vectors::Vectors_Startup: Print startup message
      GROUP hwloc_startup: hwloc startup group
        hwloc::hwloc_version: Output hwloc version

  Startup routines which need an existing grid hierarchy
    [CCTK_WRAGH]
      ADMBase::Einstein_InitSymBound: [global] Set up GF symmetries
      Boundary::Boundary_RegisterBCs: [global] Register boundary conditions that this thorn provides
      CarpetRegrid2::CarpetRegrid2_Initialise: [global] Initialise locations of refined regions
      CartGrid3D::RegisterCartGrid3DCoords: [meta] Register coordinates for the Cartesian grid
      CoordGauge::Einstein_ActivateSlicing: Initialize slicing, setup priorities for mixed slicings
      CoordGauge::Einstein_SetNextSlicing: Identify the slicing for the next iteration
      ML_BSSN_Helper::ML_BSSN_ParamCompat: [meta] Handle parameter backward compatibility
      MoL::MoL_SetupIndexArrays: Set up the MoL bookkeeping index arrays
      MoL::MoL_SetScheduleStatus: [global] Set the flag so it is ok to register with MoL
      TmunuBase::TmunuBase_SetStressEnergyState: [global] Set the stress_energy_state variable
      GROUP MoL_Register: The group where physics thorns register variables with MoL
        ML_BSSN::ML_BSSN_RegisterVars: [meta] Register Variables for MoL
        ML_BSSN_Helper::ML_BSSN_RegisterConstrained: [meta] Register ADMBase variables as constrained
      Slab::Slab_InitTimers: Initialise timers
      GROUP SymBase_Wrapper: Wrapper group for SymBase
        GROUP SymmetryRegister: Register your symmetries here
          CartGrid3D::CartGrid3D_RegisterSymmetryBoundaries: [meta] Register symmetry boundaries
          ML_BSSN::ML_BSSN_RegisterSymmetries: [meta] register symmetries
          ReflectionSymmetry::ReflectionSymmetry_Register: Register reflection symmetry boundaries
        SymBase::SymBase_Statistics: Print symmetry boundary face descriptions
      MoL::MoL_ReportNumberVariables: [meta] Report how many of each type of variable there are
  Parameter checking routines
    [CCTK_PARAMCHECK]
      ADMBase::ADMBase_ParamCheck: [global] Check consistency of parameters
      Boundary::Boundary_Check: Check dimension of grid variables
      Carpet::CarpetParamCheck: Parameter checking routine
      CarpetLib::CarpetLib_test_prolongate_3d_rf2: [global] Test prolongation operators
      CarpetMask::CarpetSurfaceParamCheck: [global] Check parameters
      CarpetRegrid2::CarpetRegrid2_ParamCheck: Check parameters
      CartGrid3D::ParamCheck_CartGrid3D: Check coordinates for CartGrid3D
      Dissipation::dissipation_paramcheck: Check dissipation parameters for consistency
      Extract::Extract_ParamCheck: [global] Check parameters
      Fortran::CheckFortranParameters: Test whether Fortran parameters work correctly
      ML_BSSN_Helper::ML_BSSN_ParamCheck: [meta] Check parameters
      MoL::MoL_ParamCheck: Basic parameter checking
      SphericalSurface::SphericalSurface_ParamCheck: [global] Check that all surface names are unique
      TmunuBase::TmunuBase_ParamCheck: [global] Check that no deprecated parameters are used.
      TwoPunctures::TwoPunctures_ParamCheck: Check parameters and thorn needs
      Vectors::Vectors_Test: Run correctness tests.

  Initialisation
    if (NOT (recover initial data AND recovery_mode is 'strict'))
      [CCTK_PREREGRIDINITIAL]
      Set up grid hierarchy
      [CCTK_POSTREGRIDINITIAL]
        CartGrid3D::SpatialCoordinates: Set Coordinates after regridding
        GROUP MaskBase_SetupMask: Set up the weight function
          GROUP MaskBase_SetupMaskAll: Set up the weight function
            CarpetReduce::MaskBase_AllocateMask: [global] Allocate the weight function
            CarpetReduce::MaskBase_InitMask: [global] [loop-local] Initialise the weight function
            GROUP SetupIMaskInternal: Set up the integer weight function (schedule other routines in here)
              CarpetReduce::CoordBase_SetupMask: [global] [loop-local] Set up the outer boundaries of the weight function
              CarpetReduce::CarpetMaskSetup: [global] [loop-singlemap] Set up the weight function for the restriction regions
            GROUP SetupIMask: Set up the integer weight function (schedule other routines in here)
              CarpetMask::CarpetExcludedSetup: [global] [loop-local] Set up the weight function for the excluded regions
              CarpetMask::CarpetSurfaceSetup: [global] [loop-local] Set up the weight function for the excluded spherical surfaces
            CarpetReduce::MaskBase_SetMask: [global] [loop-local] Set the weight function
            GROUP SetupMask: Set up the real weight function (schedule other routines in here)
            CarpetReduce::MaskBase_TestMask: [global] Test the weight function
        Dissipation::setup_epsdis: Setup spatially varying dissipation
        GROUP MoL_PseudoEvolutionBoundaries: Apply boundary conditions to pseudo-evolved quantities
          GROUP ML_BSSN_ConstraintsEverywhere_bc_group: ML_BSSN_ConstraintsEverywhere
            ML_BSSN::ML_BSSN_ConstraintsEverywhere_SelectBCs: [level] ML_BSSN_ConstraintsEverywhere_SelectBCs
            GROUP ML_BSSN_ConstraintsEverywhere_ApplyBCs: Apply BCs for groups set in ML_BSSN_ConstraintsEverywhere
              GROUP BoundaryConditions: Execute all boundary conditions
                Boundary::Boundary_ApplyPhysicalBCs: Apply all requested local physical boundary conditions
                CartGrid3D::CartGrid3D_ApplyBC: Apply symmetry boundary conditions
                ReflectionSymmetry::ReflectionSymmetry_Apply: Apply reflection symmetries
              Boundary::Boundary_ClearSelection: [level] Unselect all grid variables for boundary conditions
          GROUP ML_BSSN_ConstraintsInterior_bc_group: ML_BSSN_ConstraintsInterior
            ML_BSSN::ML_BSSN_ConstraintsInterior_SelectBCs: [level] ML_BSSN_ConstraintsInterior_SelectBCs
            GROUP ML_BSSN_ConstraintsInterior_ApplyBCs: Apply BCs for groups set in ML_BSSN_ConstraintsInterior
              GROUP BoundaryConditions: Execute all boundary conditions
                Boundary::Boundary_ApplyPhysicalBCs: Apply all requested local physical boundary conditions
                CartGrid3D::CartGrid3D_ApplyBC: Apply symmetry boundary conditions
                ReflectionSymmetry::ReflectionSymmetry_Apply: Apply reflection symmetries
              Boundary::Boundary_ClearSelection: [level] Unselect all grid variables for boundary conditions
      [CCTK_BASEGRID]
        ADMBase::ADMBase_SetShiftStateOn: Set the shift_state variable to 1
        ADMBase::ADMBase_SetDtLapseStateOn: Set the dtlapse_state variable to 1
        ADMBase::ADMBase_SetDtShiftStateOn: Set the dtshift_state variable to 1
        ADMMacros::ADMMacros_SetLocalSpatialOrder: Initialize the local_spatial_order
        CartGrid3D::SpatialSpacings: Set up ranges for spatial 3D Cartesian coordinates (on all grids)
        CartGrid3D::SpatialCoordinates: Set up spatial 3D Cartesian coordinates on the GH
        SphericalSurface::SphericalSurface_SetupRes: [global] [loop-local] Set surface resolution automatically
        Dissipation::dissipation_basegrid: Ensure that there are enough ghost zones
        ML_BSSN::ML_BSSN_CheckBoundaries: [meta] check boundaries treatment
        NaNChecker::NaNChecker_ResetCounter: [global] Reset the NaNChecker::NaNsFound counter
        SphericalSurface::SphericalSurface_Setup: [global] Calculate surface coordinate descriptors
        GROUP MaskBase_SetupMask: Set up the weight function
          GROUP MaskBase_SetupMaskAll: Set up the weight function
            CarpetReduce::MaskBase_AllocateMask: [global] Allocate the weight function
            CarpetReduce::MaskBase_InitMask: [global] [loop-local] Initialise the weight function
            GROUP SetupIMaskInternal: Set up the integer weight function (schedule other routines in here)
              CarpetReduce::CoordBase_SetupMask: [global] [loop-local] Set up the outer boundaries of the weight function
              CarpetReduce::CarpetMaskSetup: [global] [loop-singlemap] Set up the weight function for the restriction regions
            GROUP SetupIMask: Set up the integer weight function (schedule other routines in here)
              CarpetMask::CarpetExcludedSetup: [global] [loop-local] Set up the weight function for the excluded regions
              CarpetMask::CarpetSurfaceSetup: [global] [loop-local] Set up the weight function for the excluded spherical surfaces
            CarpetReduce::MaskBase_SetMask: [global] [loop-local] Set the weight function
            GROUP SetupMask: Set up the real weight function (schedule other routines in here)
            CarpetReduce::MaskBase_TestMask: [global] Test the weight function
        SphericalSurface::SphericalSurface_Set: [global] Set surface radii to be used for initial setup in other thorns
        GROUP SphericalSurface_HasBeenSet: Set the spherical surfaces before this group, and use it afterwards
          SphericalSurface::SphericalSurface_CheckState: [global] Test the state of the spherical surfaces
        SummationByParts::SBP_SetNormMask: Setup the mask for the calculation of the norm
        SymBase::SymBase_Check: Check whether the driver set up the grid consistently
        Time::Time_Initialise: [global] Initialise Time variables
        Time::TemporalSpacings: [singlemap] Set timestep based on Courant condition (courant_static)
      [CCTK_INITIAL]
        StaticConformal::StaticConformal_InitialiseState: Set the conformal_state variable to 0
        GROUP ADMBase_InitialData: Schedule group for calculating ADM initial data
          GROUP TwoPunctures_Group: TwoPunctures initial data group
            TwoPunctures::TwoPunctures: Create puncture black hole initial data
            TwoPunctures::TwoPunctures_Metadata: [global] Output TwoPunctures metadata
        GROUP ADMBase_InitialGauge: Schedule group for the ADM initial gauge condition
          ADMBase::ADMBase_ShiftZero: Set the shift to 0 at all points
          ADMBase::ADMBase_DtLapseZero: Set the dtlapse to 0 at all points
          ADMBase::ADMBase_DtShiftZero: Set the dtshift to 0 at all points
        CarpetIOASCII::CarpetIOASCIIInit: [global] Initialisation routine
        CarpetIOBasic::CarpetIOBasicInit: [global] Initialisation routine
        CarpetIOScalar::CarpetIOScalarInit: [global] Initialisation routine
        GROUP ADMBase_PostInitial: Schedule group for modifying the ADM initial data, such as e.g. adding noise
        ML_BSSN::ML_BSSN_InitialADMBase1Everywhere: ML_BSSN_InitialADMBase1Everywhere
        ML_BSSN::ML_BSSN_InitialADMBase2BoundaryScalar: ML_BSSN_InitialADMBase2BoundaryScalar
        ML_BSSN::ML_BSSN_InitialADMBase2Interior: ML_BSSN_InitialADMBase2Interior
        MoL::MoL_StartLoop: [level] Initialise the step size control
        ML_BSSN_Helper::ML_BSSN_ExtrapolateGammas: Extrapolate Gammas and time derivatives of lapse and shift
      [CCTK_POSTINITIAL]
        GROUP MoL_PostStepModify: The group for physics thorns to schedule enforcing constraints
          ML_BSSN::ML_BSSN_EnforceEverywhere: ML_BSSN_EnforceEverywhere
        GROUP MoL_PostStep: Ensure that everything is correct after the initial data have been set up
          ML_BSSN::ML_BSSN_SelectBoundConds: [level] select boundary conditions
          GROUP ML_BSSN_ApplyBCs: Apply boundary conditions controlled by thorn Boundary
            GROUP BoundaryConditions: Execute all boundary conditions
              Boundary::Boundary_ApplyPhysicalBCs: Apply all requested local physical boundary conditions
              CartGrid3D::CartGrid3D_ApplyBC: Apply symmetry boundary conditions
              ReflectionSymmetry::ReflectionSymmetry_Apply: Apply reflection symmetries
            Boundary::Boundary_ClearSelection: [level] Unselect all grid variables for boundary conditions
          ML_BSSN::ML_BSSN_ADMBaseInterior: ML_BSSN_ADMBaseInterior
          ML_BSSN::ML_BSSN_ADMBaseBoundaryScalar: ML_BSSN_ADMBaseBoundaryScalar
          ML_BSSN::ML_BSSN_ADMBaseEverywhere: ML_BSSN_ADMBaseEverywhere
          ML_BSSN_Helper::ML_BSSN_ADMBase_SelectBCs: [level] Select boundary conditions for ADMBase variables
          GROUP ML_BSSN_ADMBase_ApplyBCs: Apply boundary conditions to ADMBase variables
            GROUP BoundaryConditions: Execute all boundary conditions
              Boundary::Boundary_ApplyPhysicalBCs: Apply all requested local physical boundary conditions
              CartGrid3D::CartGrid3D_ApplyBC: Apply symmetry boundary conditions
              ReflectionSymmetry::ReflectionSymmetry_Apply: Apply reflection symmetries
            Boundary::Boundary_ClearSelection: [level] Unselect all grid variables for boundary conditions
          GROUP ADMBase_SetADMVars: Set the ADM variables before this group, and use them afterwards
        GROUP MoL_PseudoEvolution: Calculate pseudo-evolved quantities
          GROUP ADMBase_SetADMVars: Set the ADM variables before this group, and use them afterwards
          GROUP ML_BSSN_ConstraintsEverywhere_group: ML_BSSN_ConstraintsEverywhere
            ML_BSSN::ML_BSSN_ConstraintsEverywhere: ML_BSSN_ConstraintsEverywhere
            GROUP ML_BSSN_ConstraintsEverywhere_bc_group: ML_BSSN_ConstraintsEverywhere
              ML_BSSN::ML_BSSN_ConstraintsEverywhere_SelectBCs: [level] ML_BSSN_ConstraintsEverywhere_SelectBCs
              GROUP ML_BSSN_ConstraintsEverywhere_ApplyBCs: Apply BCs for groups set in ML_BSSN_ConstraintsEverywhere
                GROUP BoundaryConditions: Execute all boundary conditions
                  Boundary::Boundary_ApplyPhysicalBCs: Apply all requested local physical boundary conditions
                  CartGrid3D::CartGrid3D_ApplyBC: Apply symmetry boundary conditions
                  ReflectionSymmetry::ReflectionSymmetry_Apply: Apply reflection symmetries
                Boundary::Boundary_ClearSelection: [level] Unselect all grid variables for boundary conditions
          GROUP ML_BSSN_ConstraintsInterior_group: ML_BSSN_ConstraintsInterior
            ML_BSSN::ML_BSSN_ConstraintsInterior: ML_BSSN_ConstraintsInterior
            GROUP ML_BSSN_ConstraintsInterior_bc_group: ML_BSSN_ConstraintsInterior
              ML_BSSN::ML_BSSN_ConstraintsInterior_SelectBCs: [level] ML_BSSN_ConstraintsInterior_SelectBCs
              GROUP ML_BSSN_ConstraintsInterior_ApplyBCs: Apply BCs for groups set in ML_BSSN_ConstraintsInterior
                GROUP BoundaryConditions: Execute all boundary conditions
                  Boundary::Boundary_ApplyPhysicalBCs: Apply all requested local physical boundary conditions
                  CartGrid3D::CartGrid3D_ApplyBC: Apply symmetry boundary conditions
                  ReflectionSymmetry::ReflectionSymmetry_Apply: Apply reflection symmetries
                Boundary::Boundary_ClearSelection: [level] Unselect all grid variables for boundary conditions
        SummationByParts::SBP_CheckGridSizes: Check grid sizes and ghost zones
      Initialise finer grids recursively
      Restrict from finer grids
      [CCTK_POSTRESTRICTINITIAL]
        GROUP MoL_PostStep: Ensure that everything is correct after restriction
          ML_BSSN::ML_BSSN_SelectBoundConds: [level] select boundary conditions
          GROUP ML_BSSN_ApplyBCs: Apply boundary conditions controlled by thorn Boundary
            GROUP BoundaryConditions: Execute all boundary conditions
              Boundary::Boundary_ApplyPhysicalBCs: Apply all requested local physical boundary conditions
              CartGrid3D::CartGrid3D_ApplyBC: Apply symmetry boundary conditions
              ReflectionSymmetry::ReflectionSymmetry_Apply: Apply reflection symmetries
            Boundary::Boundary_ClearSelection: [level] Unselect all grid variables for boundary conditions
          ML_BSSN::ML_BSSN_ADMBaseInterior: ML_BSSN_ADMBaseInterior
          ML_BSSN::ML_BSSN_ADMBaseBoundaryScalar: ML_BSSN_ADMBaseBoundaryScalar
          ML_BSSN::ML_BSSN_ADMBaseEverywhere: ML_BSSN_ADMBaseEverywhere
          ML_BSSN_Helper::ML_BSSN_ADMBase_SelectBCs: [level] Select boundary conditions for ADMBase variables
          GROUP ML_BSSN_ADMBase_ApplyBCs: Apply boundary conditions to ADMBase variables
            GROUP BoundaryConditions: Execute all boundary conditions
              Boundary::Boundary_ApplyPhysicalBCs: Apply all requested local physical boundary conditions
              CartGrid3D::CartGrid3D_ApplyBC: Apply symmetry boundary conditions
              ReflectionSymmetry::ReflectionSymmetry_Apply: Apply reflection symmetries
            Boundary::Boundary_ClearSelection: [level] Unselect all grid variables for boundary conditions
          GROUP ADMBase_SetADMVars: Set the ADM variables before this group, and use them afterwards
        GROUP MoL_PseudoEvolutionBoundaries: Apply boundary conditions to pseudo-evolved quantities
          GROUP ML_BSSN_ConstraintsEverywhere_bc_group: ML_BSSN_ConstraintsEverywhere
            ML_BSSN::ML_BSSN_ConstraintsEverywhere_SelectBCs: [level] ML_BSSN_ConstraintsEverywhere_SelectBCs
            GROUP ML_BSSN_ConstraintsEverywhere_ApplyBCs: Apply BCs for groups set in ML_BSSN_ConstraintsEverywhere
              GROUP BoundaryConditions: Execute all boundary conditions
                Boundary::Boundary_ApplyPhysicalBCs: Apply all requested local physical boundary conditions
                CartGrid3D::CartGrid3D_ApplyBC: Apply symmetry boundary conditions
                ReflectionSymmetry::ReflectionSymmetry_Apply: Apply reflection symmetries
              Boundary::Boundary_ClearSelection: [level] Unselect all grid variables for boundary conditions
          GROUP ML_BSSN_ConstraintsInterior_bc_group: ML_BSSN_ConstraintsInterior
            ML_BSSN::ML_BSSN_ConstraintsInterior_SelectBCs: [level] ML_BSSN_ConstraintsInterior_SelectBCs
            GROUP ML_BSSN_ConstraintsInterior_ApplyBCs: Apply BCs for groups set in ML_BSSN_ConstraintsInterior
              GROUP BoundaryConditions: Execute all boundary conditions
                Boundary::Boundary_ApplyPhysicalBCs: Apply all requested local physical boundary conditions
                CartGrid3D::CartGrid3D_ApplyBC: Apply symmetry boundary conditions
                ReflectionSymmetry::ReflectionSymmetry_Apply: Apply reflection symmetries
              Boundary::Boundary_ClearSelection: [level] Unselect all grid variables for boundary conditions
      [CCTK_POSTPOSTINITIAL]
      [CCTK_POSTSTEP]
        SphericalSurface::SphericalSurface_Set: [global] Set surface radii
        GROUP SphericalSurface_HasBeenSet: Set the spherical surfaces before this group, and use it afterwards
          SphericalSurface::SphericalSurface_CheckState: [global] Test the state of the spherical surfaces
        Extract::Extract: Extract waveforms
        GROUP zzz_NaNChecker_NaNCheck: Check for NaNs and count them in NaNChecker::NaNsFound
          NaNChecker::NaNChecker_NaNCheck_Prepare: [level] Prepare data structures to check for NaNs
          NaNChecker::NaNChecker_NaNCheck_Check: [local] Check for NaNs
          NaNChecker::NaNChecker_NaNCheck_Finish: [level] Count NaNs in NaNChecker::NaNsFound
        NaNChecker::NaNChecker_TakeAction: [global] [loop-level] Output NaNChecker::NaNmask and take action according to NaNChecker::action_if_found
        Dissipation::setup_epsdis: Setup spatially varying dissipation
        GROUP MaskBase_SetupMask: Set up the weight function
          GROUP MaskBase_SetupMaskAll: Set up the weight function
            CarpetReduce::MaskBase_AllocateMask: [global] Allocate the weight function
            CarpetReduce::MaskBase_InitMask: [global] [loop-local] Initialise the weight function
            GROUP SetupIMaskInternal: Set up the integer weight function (schedule other routines in here)
              CarpetReduce::CoordBase_SetupMask: [global] [loop-local] Set up the outer boundaries of the weight function
              CarpetReduce::CarpetMaskSetup: [global] [loop-singlemap] Set up the weight function for the restriction regions
            GROUP SetupIMask: Set up the integer weight function (schedule other routines in here)
              CarpetMask::CarpetExcludedSetup: [global] [loop-local] Set up the weight function for the excluded regions
              CarpetMask::CarpetSurfaceSetup: [global] [loop-local] Set up the weight function for the excluded spherical surfaces
            CarpetReduce::MaskBase_SetMask: [global] [loop-local] Set the weight function
            GROUP SetupMask: Set up the real weight function (schedule other routines in here)
            CarpetReduce::MaskBase_TestMask: [global] Test the weight function
    endif
    if (recover initial data)
      [CCTK_BASEGRID]
        ADMBase::ADMBase_SetShiftStateOn: Set the shift_state variable to 1
        ADMBase::ADMBase_SetDtLapseStateOn: Set the dtlapse_state variable to 1
        ADMBase::ADMBase_SetDtShiftStateOn: Set the dtshift_state variable to 1
        ADMMacros::ADMMacros_SetLocalSpatialOrder: Initialize the local_spatial_order
        CartGrid3D::SpatialSpacings: Set up ranges for spatial 3D Cartesian coordinates (on all grids)
        CartGrid3D::SpatialCoordinates: Set up spatial 3D Cartesian coordinates on the GH
        SphericalSurface::SphericalSurface_SetupRes: [global] [loop-local] Set surface resolution automatically
        Dissipation::dissipation_basegrid: Ensure that there are enough ghost zones
        ML_BSSN::ML_BSSN_CheckBoundaries: [meta] check boundaries treatment
        NaNChecker::NaNChecker_ResetCounter: [global] Reset the NaNChecker::NaNsFound counter
        SphericalSurface::SphericalSurface_Setup: [global] Calculate surface coordinate descriptors
        GROUP MaskBase_SetupMask: Set up the weight function
          GROUP MaskBase_SetupMaskAll: Set up the weight function
            CarpetReduce::MaskBase_AllocateMask: [global] Allocate the weight function
            CarpetReduce::MaskBase_InitMask: [global] [loop-local] Initialise the weight function
            GROUP SetupIMaskInternal: Set up the integer weight function (schedule other routines in here)
              CarpetReduce::CoordBase_SetupMask: [global] [loop-local] Set up the outer boundaries of the weight function
              CarpetReduce::CarpetMaskSetup: [global] [loop-singlemap] Set up the weight function for the restriction regions
            GROUP SetupIMask: Set up the integer weight function (schedule other routines in here)
              CarpetMask::CarpetExcludedSetup: [global] [loop-local] Set up the weight function for the excluded regions
              CarpetMask::CarpetSurfaceSetup: [global] [loop-local] Set up the weight function for the excluded spherical surfaces
            CarpetReduce::MaskBase_SetMask: [global] [loop-local] Set the weight function
            GROUP SetupMask: Set up the real weight function (schedule other routines in here)
            CarpetReduce::MaskBase_TestMask: [global] Test the weight function
        SphericalSurface::SphericalSurface_Set: [global] Set surface radii to be used for initial setup in other thorns
        GROUP SphericalSurface_HasBeenSet: Set the spherical surfaces before this group, and use it afterwards
          SphericalSurface::SphericalSurface_CheckState: [global] Test the state of the spherical surfaces
        SummationByParts::SBP_SetNormMask: Setup the mask for the calculation of the norm
        SymBase::SymBase_Check: Check whether the driver set up the grid consistently
        Time::Time_Initialise: [global] Initialise Time variables
        Time::TemporalSpacings: [singlemap] Set timestep based on Courant condition (courant_static)
      [CCTK_RECOVER_VARIABLES]
      [CCTK_POST_RECOVER_VARIABLES]
        GROUP MaskBase_SetupMask: Set up the weight function
          GROUP MaskBase_SetupMaskAll: Set up the weight function
            CarpetReduce::MaskBase_AllocateMask: [global] Allocate the weight function
            CarpetReduce::MaskBase_InitMask: [global] [loop-local] Initialise the weight function
            GROUP SetupIMaskInternal: Set up the integer weight function (schedule other routines in here)
              CarpetReduce::CoordBase_SetupMask: [global] [loop-local] Set up the outer boundaries of the weight function
              CarpetReduce::CarpetMaskSetup: [global] [loop-singlemap] Set up the weight function for the restriction regions
            GROUP SetupIMask: Set up the integer weight function (schedule other routines in here)
              CarpetMask::CarpetExcludedSetup: [global] [loop-local] Set up the weight function for the excluded regions
              CarpetMask::CarpetSurfaceSetup: [global] [loop-local] Set up the weight function for the excluded spherical surfaces
            CarpetReduce::MaskBase_SetMask: [global] [loop-local] Set the weight function
            GROUP SetupMask: Set up the real weight function (schedule other routines in here)
            CarpetReduce::MaskBase_TestMask: [global] Test the weight function
        GROUP MoL_PostStep: Ensure that everything is correct after recovery
          ML_BSSN::ML_BSSN_SelectBoundConds: [level] select boundary conditions
          GROUP ML_BSSN_ApplyBCs: Apply boundary conditions controlled by thorn Boundary
            GROUP BoundaryConditions: Execute all boundary conditions
              Boundary::Boundary_ApplyPhysicalBCs: Apply all requested local physical boundary conditions
              CartGrid3D::CartGrid3D_ApplyBC: Apply symmetry boundary conditions
              ReflectionSymmetry::ReflectionSymmetry_Apply: Apply reflection symmetries
            Boundary::Boundary_ClearSelection: [level] Unselect all grid variables for boundary conditions
          ML_BSSN::ML_BSSN_ADMBaseInterior: ML_BSSN_ADMBaseInterior
          ML_BSSN::ML_BSSN_ADMBaseBoundaryScalar: ML_BSSN_ADMBaseBoundaryScalar
          ML_BSSN::ML_BSSN_ADMBaseEverywhere: ML_BSSN_ADMBaseEverywhere
          ML_BSSN_Helper::ML_BSSN_ADMBase_SelectBCs: [level] Select boundary conditions for ADMBase variables
          GROUP ML_BSSN_ADMBase_ApplyBCs: Apply boundary conditions to ADMBase variables
            GROUP BoundaryConditions: Execute all boundary conditions
              Boundary::Boundary_ApplyPhysicalBCs: Apply all requested local physical boundary conditions
              CartGrid3D::CartGrid3D_ApplyBC: Apply symmetry boundary conditions
              ReflectionSymmetry::ReflectionSymmetry_Apply: Apply reflection symmetries
            Boundary::Boundary_ClearSelection: [level] Unselect all grid variables for boundary conditions
          GROUP ADMBase_SetADMVars: Set the ADM variables before this group, and use them afterwards
        GROUP zzz_NaNChecker_NaNCheck: Check for NaNs and count them in NaNChecker::NaNsFound
          NaNChecker::NaNChecker_NaNCheck_Prepare: [level] Prepare data structures to check for NaNs
          NaNChecker::NaNChecker_NaNCheck_Check: [local] Check for NaNs
          NaNChecker::NaNChecker_NaNCheck_Finish: [level] Count NaNs in NaNChecker::NaNsFound
        NaNChecker::NaNChecker_TakeAction: [global] [loop-level] Output NaNChecker::NaNmask and take action according to NaNChecker::action_if_found
    endif
    if (checkpoint initial data)
      [CCTK_CPINITIAL]
    endif
    if (analysis)
      [CCTK_ANALYSIS]
        CarpetLib::CarpetLib_printtimestats: [global] Print timing statistics if desired
        CarpetLib::CarpetLib_printmemstats: [global] Print memory statistics if desired
        LoopControl::LC_statistics_analysis: [meta] Output LoopControl statistics
        GROUP ML_BSSN_EvolutionAnalysis: Calculate RHS at analysis
          ML_BSSN::ML_BSSN_EvolutionAnalysisInit: ML_BSSN_EvolutionAnalysisInit
          ML_BSSN::ML_BSSN_EvolutionAnalysisInterior: ML_BSSN_EvolutionAnalysisInterior
          ML_BSSN_Helper::ML_BSSN_NewRad: Apply NewRad boundary conditions to RHS
  endif
  Output grid variables

  do loop over timesteps
    [CCTK_PREREGRID]
      CarpetTracker::CarpetTracker_SetPositions: [global] Set positions of refined regions
    Change grid hierarchy
    [CCTK_POSTREGRID]
      CartGrid3D::SpatialCoordinates: Set Coordinates after regridding
      GROUP MaskBase_SetupMask: Set up the weight function
        GROUP MaskBase_SetupMaskAll: Set up the weight function
          CarpetReduce::MaskBase_AllocateMask: [global] Allocate the weight function
          CarpetReduce::MaskBase_InitMask: [global] [loop-local] Initialise the weight function
          GROUP SetupIMaskInternal: Set up the integer weight function (schedule other routines in here)
            CarpetReduce::CoordBase_SetupMask: [global] [loop-local] Set up the outer boundaries of the weight function
            CarpetReduce::CarpetMaskSetup: [global] [loop-singlemap] Set up the weight function for the restriction regions
          GROUP SetupIMask: Set up the integer weight function (schedule other routines in here)
            CarpetMask::CarpetExcludedSetup: [global] [loop-local] Set up the weight function for the excluded regions
            CarpetMask::CarpetSurfaceSetup: [global] [loop-local] Set up the weight function for the excluded spherical surfaces
          CarpetReduce::MaskBase_SetMask: [global] [loop-local] Set the weight function
          GROUP SetupMask: Set up the real weight function (schedule other routines in here)
          CarpetReduce::MaskBase_TestMask: [global] Test the weight function
      Dissipation::setup_epsdis: Setup spatially varying dissipation
      GROUP MoL_PostStep: Ensure that everything is correct after regridding
        ML_BSSN::ML_BSSN_SelectBoundConds: [level] select boundary conditions
        GROUP ML_BSSN_ApplyBCs: Apply boundary conditions controlled by thorn Boundary
          GROUP BoundaryConditions: Execute all boundary conditions
            Boundary::Boundary_ApplyPhysicalBCs: Apply all requested local physical boundary conditions
            CartGrid3D::CartGrid3D_ApplyBC: Apply symmetry boundary conditions
            ReflectionSymmetry::ReflectionSymmetry_Apply: Apply reflection symmetries
          Boundary::Boundary_ClearSelection: [level] Unselect all grid variables for boundary conditions
        ML_BSSN::ML_BSSN_ADMBaseInterior: ML_BSSN_ADMBaseInterior
        ML_BSSN::ML_BSSN_ADMBaseBoundaryScalar: ML_BSSN_ADMBaseBoundaryScalar
        ML_BSSN::ML_BSSN_ADMBaseEverywhere: ML_BSSN_ADMBaseEverywhere
        ML_BSSN_Helper::ML_BSSN_ADMBase_SelectBCs: [level] Select boundary conditions for ADMBase variables
        GROUP ML_BSSN_ADMBase_ApplyBCs: Apply boundary conditions to ADMBase variables
          GROUP BoundaryConditions: Execute all boundary conditions
            Boundary::Boundary_ApplyPhysicalBCs: Apply all requested local physical boundary conditions
            CartGrid3D::CartGrid3D_ApplyBC: Apply symmetry boundary conditions
            ReflectionSymmetry::ReflectionSymmetry_Apply: Apply reflection symmetries
          Boundary::Boundary_ClearSelection: [level] Unselect all grid variables for boundary conditions
        GROUP ADMBase_SetADMVars: Set the ADM variables before this group, and use them afterwards
      GROUP MoL_PseudoEvolutionBoundaries: Apply boundary conditions to pseudo-evolved quantities
        GROUP ML_BSSN_ConstraintsEverywhere_bc_group: ML_BSSN_ConstraintsEverywhere
          ML_BSSN::ML_BSSN_ConstraintsEverywhere_SelectBCs: [level] ML_BSSN_ConstraintsEverywhere_SelectBCs
          GROUP ML_BSSN_ConstraintsEverywhere_ApplyBCs: Apply BCs for groups set in ML_BSSN_ConstraintsEverywhere
            GROUP BoundaryConditions: Execute all boundary conditions
              Boundary::Boundary_ApplyPhysicalBCs: Apply all requested local physical boundary conditions
              CartGrid3D::CartGrid3D_ApplyBC: Apply symmetry boundary conditions
              ReflectionSymmetry::ReflectionSymmetry_Apply: Apply reflection symmetries
            Boundary::Boundary_ClearSelection: [level] Unselect all grid variables for boundary conditions
        GROUP ML_BSSN_ConstraintsInterior_bc_group: ML_BSSN_ConstraintsInterior
          ML_BSSN::ML_BSSN_ConstraintsInterior_SelectBCs: [level] ML_BSSN_ConstraintsInterior_SelectBCs
          GROUP ML_BSSN_ConstraintsInterior_ApplyBCs: Apply BCs for groups set in ML_BSSN_ConstraintsInterior
            GROUP BoundaryConditions: Execute all boundary conditions
              Boundary::Boundary_ApplyPhysicalBCs: Apply all requested local physical boundary conditions
              CartGrid3D::CartGrid3D_ApplyBC: Apply symmetry boundary conditions
              ReflectionSymmetry::ReflectionSymmetry_Apply: Apply reflection symmetries
            Boundary::Boundary_ClearSelection: [level] Unselect all grid variables for boundary conditions
    Rotate timelevels
    iteration = iteration+1
    t = t+dt
    [CCTK_PRESTEP]
      CoordGauge::Einstein_SetNextSlicing: Identify the slicing for the next iteration
      LoopControl::LC_steer: [meta] Update LoopControl algorithm preferences
      NaNChecker::NaNChecker_ResetCounter: [global] Reset the NaNChecker::NaNsFound counter
    [CCTK_EVOL]
      MoL::MoL_StartLoop: [level] Initialise the step size control
      while (MoL::MoL_Stepsize_Bad)
        GROUP MoL_Evolution: A single Cactus evolution step using MoL
          GROUP MoL_StartStep: MoL internal setup for the evolution step
            MoL::MoL_SetCounter: [level] Set the counter for the ODE method to loop over
            MoL::MoL_SetTime: [level] Ensure the correct time and timestep are used
            MoL::MoL_AllocateScratchSpace: [level] Allocate storage for scratch levels
          GROUP MoL_PreStep: Physics thorns can schedule preloop setup routines in here
          MoL::MoL_AllocateScratch: Allocate sufficient space for array scratch variables
          MoL::MoL_InitialCopy: Ensure the data is in the correct timelevel
          while (MoL::MoL_Intermediate_Step)
            GROUP MoL_Step: The loop over the intermediate steps for the ODE integrator
              MoL::MoL_InitRHS: Initialise the RHS functions
              GROUP MoL_CalcRHS: Physics thorns schedule the calculation of the discrete spatial operator in here
                ML_BSSN::ML_BSSN_EvolutionBoundaryScalar: ML_BSSN_EvolutionBoundaryScalar
                GROUP ML_BSSN_EvolutionInteriorSplitBy: 
                  ML_BSSN::ML_BSSN_EvolutionInteriorSplitBy1: ML_BSSN_EvolutionInteriorSplitBy1
                  ML_BSSN::ML_BSSN_EvolutionInteriorSplitBy2: ML_BSSN_EvolutionInteriorSplitBy2
                  ML_BSSN::ML_BSSN_EvolutionInteriorSplitBy3: ML_BSSN_EvolutionInteriorSplitBy3
                ML_BSSN_Helper::ML_BSSN_NewRad: Apply NewRad boundary conditions to RHS
              GROUP MoL_PostRHS: Modify RHS functions
                Dissipation::dissipation_add: Add Kreiss-Oliger dissipation to the right hand sides
              GROUP MoL_RHSBoundaries: Any 'final' modifications to the RHS functions (boundaries etc.)
              MoL::MoL_Add: Updates calculated with the efficient Runge-Kutta 4 method
              MoL::MoL_DecrementCounter: [level] Alter the counter number
              MoL::MoL_ResetTime: [level] If necessary, change the time
              GROUP MoL_PostStepModify: The group for physics thorns to schedule enforcing constraints
                ML_BSSN::ML_BSSN_EnforceEverywhere: ML_BSSN_EnforceEverywhere
              GROUP MoL_PostStep: The group for physics thorns to schedule boundary calls etc.
                ML_BSSN::ML_BSSN_SelectBoundConds: [level] select boundary conditions
                GROUP ML_BSSN_ApplyBCs: Apply boundary conditions controlled by thorn Boundary
                  GROUP BoundaryConditions: Execute all boundary conditions
                    Boundary::Boundary_ApplyPhysicalBCs: Apply all requested local physical boundary conditions
                    CartGrid3D::CartGrid3D_ApplyBC: Apply symmetry boundary conditions
                    ReflectionSymmetry::ReflectionSymmetry_Apply: Apply reflection symmetries
                  Boundary::Boundary_ClearSelection: [level] Unselect all grid variables for boundary conditions
                ML_BSSN::ML_BSSN_ADMBaseInterior: ML_BSSN_ADMBaseInterior
                ML_BSSN::ML_BSSN_ADMBaseBoundaryScalar: ML_BSSN_ADMBaseBoundaryScalar
                ML_BSSN::ML_BSSN_ADMBaseEverywhere: ML_BSSN_ADMBaseEverywhere
                ML_BSSN_Helper::ML_BSSN_ADMBase_SelectBCs: [level] Select boundary conditions for ADMBase variables
                GROUP ML_BSSN_ADMBase_ApplyBCs: Apply boundary conditions to ADMBase variables
                  GROUP BoundaryConditions: Execute all boundary conditions
                    Boundary::Boundary_ApplyPhysicalBCs: Apply all requested local physical boundary conditions
                    CartGrid3D::CartGrid3D_ApplyBC: Apply symmetry boundary conditions
                    ReflectionSymmetry::ReflectionSymmetry_Apply: Apply reflection symmetries
                  Boundary::Boundary_ClearSelection: [level] Unselect all grid variables for boundary conditions
                GROUP ADMBase_SetADMVars: Set the ADM variables before this group, and use them afterwards
              MoL::MoL_ResetDeltaTime: [level] If necessary, change the timestep
          end while
          MoL::MoL_FinishLoop: [level] Control the step size
          MoL::MoL_RestoreSandR: Restoring the Save and Restore variables to the original state
          MoL::MoL_FreeScratchSpace: [level] Free storage for scratch levels
      end while
      GROUP MoL_PseudoEvolution: Calculate pseudo-evolved quantities
        GROUP ADMBase_SetADMVars: Set the ADM variables before this group, and use them afterwards
        GROUP ML_BSSN_ConstraintsEverywhere_group: ML_BSSN_ConstraintsEverywhere
          ML_BSSN::ML_BSSN_ConstraintsEverywhere: ML_BSSN_ConstraintsEverywhere
          GROUP ML_BSSN_ConstraintsEverywhere_bc_group: ML_BSSN_ConstraintsEverywhere
            ML_BSSN::ML_BSSN_ConstraintsEverywhere_SelectBCs: [level] ML_BSSN_ConstraintsEverywhere_SelectBCs
            GROUP ML_BSSN_ConstraintsEverywhere_ApplyBCs: Apply BCs for groups set in ML_BSSN_ConstraintsEverywhere
              GROUP BoundaryConditions: Execute all boundary conditions
                Boundary::Boundary_ApplyPhysicalBCs: Apply all requested local physical boundary conditions
                CartGrid3D::CartGrid3D_ApplyBC: Apply symmetry boundary conditions
                ReflectionSymmetry::ReflectionSymmetry_Apply: Apply reflection symmetries
              Boundary::Boundary_ClearSelection: [level] Unselect all grid variables for boundary conditions
        GROUP ML_BSSN_ConstraintsInterior_group: ML_BSSN_ConstraintsInterior
          ML_BSSN::ML_BSSN_ConstraintsInterior: ML_BSSN_ConstraintsInterior
          GROUP ML_BSSN_ConstraintsInterior_bc_group: ML_BSSN_ConstraintsInterior
            ML_BSSN::ML_BSSN_ConstraintsInterior_SelectBCs: [level] ML_BSSN_ConstraintsInterior_SelectBCs
            GROUP ML_BSSN_ConstraintsInterior_ApplyBCs: Apply BCs for groups set in ML_BSSN_ConstraintsInterior
              GROUP BoundaryConditions: Execute all boundary conditions
                Boundary::Boundary_ApplyPhysicalBCs: Apply all requested local physical boundary conditions
                CartGrid3D::CartGrid3D_ApplyBC: Apply symmetry boundary conditions
                ReflectionSymmetry::ReflectionSymmetry_Apply: Apply reflection symmetries
              Boundary::Boundary_ClearSelection: [level] Unselect all grid variables for boundary conditions
    Evolve finer grids recursively
    Restrict from finer grids
    [CCTK_POSTRESTRICT]
      GROUP MoL_PostStep: Ensure that everything is correct after restriction
        ML_BSSN::ML_BSSN_SelectBoundConds: [level] select boundary conditions
        GROUP ML_BSSN_ApplyBCs: Apply boundary conditions controlled by thorn Boundary
          GROUP BoundaryConditions: Execute all boundary conditions
            Boundary::Boundary_ApplyPhysicalBCs: Apply all requested local physical boundary conditions
            CartGrid3D::CartGrid3D_ApplyBC: Apply symmetry boundary conditions
            ReflectionSymmetry::ReflectionSymmetry_Apply: Apply reflection symmetries
          Boundary::Boundary_ClearSelection: [level] Unselect all grid variables for boundary conditions
        ML_BSSN::ML_BSSN_ADMBaseInterior: ML_BSSN_ADMBaseInterior
        ML_BSSN::ML_BSSN_ADMBaseBoundaryScalar: ML_BSSN_ADMBaseBoundaryScalar
        ML_BSSN::ML_BSSN_ADMBaseEverywhere: ML_BSSN_ADMBaseEverywhere
        ML_BSSN_Helper::ML_BSSN_ADMBase_SelectBCs: [level] Select boundary conditions for ADMBase variables
        GROUP ML_BSSN_ADMBase_ApplyBCs: Apply boundary conditions to ADMBase variables
          GROUP BoundaryConditions: Execute all boundary conditions
            Boundary::Boundary_ApplyPhysicalBCs: Apply all requested local physical boundary conditions
            CartGrid3D::CartGrid3D_ApplyBC: Apply symmetry boundary conditions
            ReflectionSymmetry::ReflectionSymmetry_Apply: Apply reflection symmetries
          Boundary::Boundary_ClearSelection: [level] Unselect all grid variables for boundary conditions
        GROUP ADMBase_SetADMVars: Set the ADM variables before this group, and use them afterwards
      GROUP MoL_PseudoEvolutionBoundaries: Apply boundary conditions to pseudo-evolved quantities
        GROUP ML_BSSN_ConstraintsEverywhere_bc_group: ML_BSSN_ConstraintsEverywhere
          ML_BSSN::ML_BSSN_ConstraintsEverywhere_SelectBCs: [level] ML_BSSN_ConstraintsEverywhere_SelectBCs
          GROUP ML_BSSN_ConstraintsEverywhere_ApplyBCs: Apply BCs for groups set in ML_BSSN_ConstraintsEverywhere
            GROUP BoundaryConditions: Execute all boundary conditions
              Boundary::Boundary_ApplyPhysicalBCs: Apply all requested local physical boundary conditions
              CartGrid3D::CartGrid3D_ApplyBC: Apply symmetry boundary conditions
              ReflectionSymmetry::ReflectionSymmetry_Apply: Apply reflection symmetries
            Boundary::Boundary_ClearSelection: [level] Unselect all grid variables for boundary conditions
        GROUP ML_BSSN_ConstraintsInterior_bc_group: ML_BSSN_ConstraintsInterior
          ML_BSSN::ML_BSSN_ConstraintsInterior_SelectBCs: [level] ML_BSSN_ConstraintsInterior_SelectBCs
          GROUP ML_BSSN_ConstraintsInterior_ApplyBCs: Apply BCs for groups set in ML_BSSN_ConstraintsInterior
            GROUP BoundaryConditions: Execute all boundary conditions
              Boundary::Boundary_ApplyPhysicalBCs: Apply all requested local physical boundary conditions
              CartGrid3D::CartGrid3D_ApplyBC: Apply symmetry boundary conditions
              ReflectionSymmetry::ReflectionSymmetry_Apply: Apply reflection symmetries
            Boundary::Boundary_ClearSelection: [level] Unselect all grid variables for boundary conditions
    [CCTK_POSTSTEP]
      SphericalSurface::SphericalSurface_Set: [global] Set surface radii
      GROUP SphericalSurface_HasBeenSet: Set the spherical surfaces before this group, and use it afterwards
        SphericalSurface::SphericalSurface_CheckState: [global] Test the state of the spherical surfaces
      Extract::Extract: Extract waveforms
      GROUP zzz_NaNChecker_NaNCheck: Check for NaNs and count them in NaNChecker::NaNsFound
        NaNChecker::NaNChecker_NaNCheck_Prepare: [level] Prepare data structures to check for NaNs
        NaNChecker::NaNChecker_NaNCheck_Check: [local] Check for NaNs
        NaNChecker::NaNChecker_NaNCheck_Finish: [level] Count NaNs in NaNChecker::NaNsFound
      NaNChecker::NaNChecker_TakeAction: [global] [loop-level] Output NaNChecker::NaNmask and take action according to NaNChecker::action_if_found
      Dissipation::setup_epsdis: Setup spatially varying dissipation
      GROUP MaskBase_SetupMask: Set up the weight function
        GROUP MaskBase_SetupMaskAll: Set up the weight function
          CarpetReduce::MaskBase_AllocateMask: [global] Allocate the weight function
          CarpetReduce::MaskBase_InitMask: [global] [loop-local] Initialise the weight function
          GROUP SetupIMaskInternal: Set up the integer weight function (schedule other routines in here)
            CarpetReduce::CoordBase_SetupMask: [global] [loop-local] Set up the outer boundaries of the weight function
            CarpetReduce::CarpetMaskSetup: [global] [loop-singlemap] Set up the weight function for the restriction regions
          GROUP SetupIMask: Set up the integer weight function (schedule other routines in here)
            CarpetMask::CarpetExcludedSetup: [global] [loop-local] Set up the weight function for the excluded regions
            CarpetMask::CarpetSurfaceSetup: [global] [loop-local] Set up the weight function for the excluded spherical surfaces
          CarpetReduce::MaskBase_SetMask: [global] [loop-local] Set the weight function
          GROUP SetupMask: Set up the real weight function (schedule other routines in here)
          CarpetReduce::MaskBase_TestMask: [global] Test the weight function
    if (checkpoint)
      [CCTK_CHECKPOINT]
    endif
    if (analysis)
      [CCTK_ANALYSIS]
      CarpetLib::CarpetLib_printtimestats: [global] Print timing statistics if desired
      CarpetLib::CarpetLib_printmemstats: [global] Print memory statistics if desired
      LoopControl::LC_statistics_analysis: [meta] Output LoopControl statistics
      GROUP ML_BSSN_EvolutionAnalysis: Calculate RHS at analysis
        ML_BSSN::ML_BSSN_EvolutionAnalysisInit: ML_BSSN_EvolutionAnalysisInit
        ML_BSSN::ML_BSSN_EvolutionAnalysisInterior: ML_BSSN_EvolutionAnalysisInterior
        ML_BSSN_Helper::ML_BSSN_NewRad: Apply NewRad boundary conditions to RHS
    endif
    Output grid variables
    enddo

  Termination routines
    [CCTK_TERMINATE]
      LoopControl::LC_statistics_terminate: [meta] Output LoopControl statistics
      MoL::MoL_FreeIndexArrays: Free the MoL bookkeeping index arrays

  Shutdown routines
    [CCTK_SHUTDOWN]
      Timers::Timer_Shutdown: Prepare hierarchical timers

  Routines run after changing the grid hierarchy:
    [CCTK_POSTREGRID]
      CartGrid3D::SpatialCoordinates: Set Coordinates after regridding
      GROUP MaskBase_SetupMask: Set up the weight function
        GROUP MaskBase_SetupMaskAll: Set up the weight function
          CarpetReduce::MaskBase_AllocateMask: [global] Allocate the weight function
          CarpetReduce::MaskBase_InitMask: [global] [loop-local] Initialise the weight function
          GROUP SetupIMaskInternal: Set up the integer weight function (schedule other routines in here)
            CarpetReduce::CoordBase_SetupMask: [global] [loop-local] Set up the outer boundaries of the weight function
            CarpetReduce::CarpetMaskSetup: [global] [loop-singlemap] Set up the weight function for the restriction regions
          GROUP SetupIMask: Set up the integer weight function (schedule other routines in here)
            CarpetMask::CarpetExcludedSetup: [global] [loop-local] Set up the weight function for the excluded regions
            CarpetMask::CarpetSurfaceSetup: [global] [loop-local] Set up the weight function for the excluded spherical surfaces
          CarpetReduce::MaskBase_SetMask: [global] [loop-local] Set the weight function
          GROUP SetupMask: Set up the real weight function (schedule other routines in here)
          CarpetReduce::MaskBase_TestMask: [global] Test the weight function
      Dissipation::setup_epsdis: Setup spatially varying dissipation
      GROUP MoL_PostStep: Ensure that everything is correct after regridding
        ML_BSSN::ML_BSSN_SelectBoundConds: [level] select boundary conditions
        GROUP ML_BSSN_ApplyBCs: Apply boundary conditions controlled by thorn Boundary
          GROUP BoundaryConditions: Execute all boundary conditions
            Boundary::Boundary_ApplyPhysicalBCs: Apply all requested local physical boundary conditions
            CartGrid3D::CartGrid3D_ApplyBC: Apply symmetry boundary conditions
            ReflectionSymmetry::ReflectionSymmetry_Apply: Apply reflection symmetries
          Boundary::Boundary_ClearSelection: [level] Unselect all grid variables for boundary conditions
        ML_BSSN::ML_BSSN_ADMBaseInterior: ML_BSSN_ADMBaseInterior
        ML_BSSN::ML_BSSN_ADMBaseBoundaryScalar: ML_BSSN_ADMBaseBoundaryScalar
        ML_BSSN::ML_BSSN_ADMBaseEverywhere: ML_BSSN_ADMBaseEverywhere
        ML_BSSN_Helper::ML_BSSN_ADMBase_SelectBCs: [level] Select boundary conditions for ADMBase variables
        GROUP ML_BSSN_ADMBase_ApplyBCs: Apply boundary conditions to ADMBase variables
          GROUP BoundaryConditions: Execute all boundary conditions
            Boundary::Boundary_ApplyPhysicalBCs: Apply all requested local physical boundary conditions
            CartGrid3D::CartGrid3D_ApplyBC: Apply symmetry boundary conditions
            ReflectionSymmetry::ReflectionSymmetry_Apply: Apply reflection symmetries
          Boundary::Boundary_ClearSelection: [level] Unselect all grid variables for boundary conditions
        GROUP ADMBase_SetADMVars: Set the ADM variables before this group, and use them afterwards
      GROUP MoL_PseudoEvolutionBoundaries: Apply boundary conditions to pseudo-evolved quantities
        GROUP ML_BSSN_ConstraintsEverywhere_bc_group: ML_BSSN_ConstraintsEverywhere
          ML_BSSN::ML_BSSN_ConstraintsEverywhere_SelectBCs: [level] ML_BSSN_ConstraintsEverywhere_SelectBCs
          GROUP ML_BSSN_ConstraintsEverywhere_ApplyBCs: Apply BCs for groups set in ML_BSSN_ConstraintsEverywhere
            GROUP BoundaryConditions: Execute all boundary conditions
              Boundary::Boundary_ApplyPhysicalBCs: Apply all requested local physical boundary conditions
              CartGrid3D::CartGrid3D_ApplyBC: Apply symmetry boundary conditions
              ReflectionSymmetry::ReflectionSymmetry_Apply: Apply reflection symmetries
            Boundary::Boundary_ClearSelection: [level] Unselect all grid variables for boundary conditions
        GROUP ML_BSSN_ConstraintsInterior_bc_group: ML_BSSN_ConstraintsInterior
          ML_BSSN::ML_BSSN_ConstraintsInterior_SelectBCs: [level] ML_BSSN_ConstraintsInterior_SelectBCs
          GROUP ML_BSSN_ConstraintsInterior_ApplyBCs: Apply BCs for groups set in ML_BSSN_ConstraintsInterior
            GROUP BoundaryConditions: Execute all boundary conditions
              Boundary::Boundary_ApplyPhysicalBCs: Apply all requested local physical boundary conditions
              CartGrid3D::CartGrid3D_ApplyBC: Apply symmetry boundary conditions
              ReflectionSymmetry::ReflectionSymmetry_Apply: Apply reflection symmetries
            Boundary::Boundary_ClearSelection: [level] Unselect all grid variables for boundary conditions
--------------------------------------------------------------------------------
INFO (Carpet): Multi-Model listing:
   model 0: "world"
INFO (Carpet): Multi-Model process distribution:
   process 0: model 0 "world"
INFO (Carpet): Multi-Model: This is process 0, model 0 "world"
INFO (CarpetLib): Process startup time was 0.732 seconds
Current core file size limit: hard=[unlimited], soft=0 MB
Current addres space size limit: hard=[unlimited], soft=[unlimited]
Current data segment size limit: hard=[unlimited], soft=[unlimited]
Current resident set size limit: hard=[unlimited], soft=[unlimited]
INFO (CycleClock): Measuring CycleClock tick via OpenMP...
INFO (CycleClock): Calibrated CycleClock: 0.408929 ns per clock tick (2.44541 GHz)
INFO (Vectors): Using vector size 2 for architecture SSE2 (64-bit precision)
INFO (hwloc): library version 2.10.0, API version 0x20800
--------------------------------------------------------------------------------
AMR driver provided by Carpet
--------------------------------------------------------------------------------
AMR info I/O provided by CarpetIOBasic
--------------------------------------------------------------------------------
ML_BSSN
--------------------------------------------------------------------------------
AMR scalar I/O provided by CarpetIOScalar
--------------------------------------------------------------------------------
MoL: Generalized time integration.
--------------------------------------------------------------------------------
AMR 0D ASCII I/O provided by CarpetIOASCII
--------------------------------------------------------------------------------
AMR 1D ASCII I/O provided by CarpetIOASCII
--------------------------------------------------------------------------------
AMR 2D ASCII I/O provided by CarpetIOASCII
--------------------------------------------------------------------------------
AMR 3D ASCII I/O provided by CarpetIOASCII
--------------------------------------------------------------------------------

INFO (Carpet): MPI is enabled
INFO (Carpet): Carpet is running on 1 processes
INFO (Carpet): This is process 0
INFO (Carpet): OpenMP is enabled
INFO (Carpet): This process contains 2 threads, this is thread 0
INFO (Carpet): There are 2 threads in total
INFO (Carpet): There are 2 threads per process
INFO (Carpet): This process runs on host runnervmkkn4f, pid=170239
INFO (Carpet): This process runs on 4 cores: 0-3
INFO (Carpet): Thread 0 runs on 4 cores: 0-3
INFO (Carpet): Thread 1 runs on 4 cores: 0-3
INFO (Carpet): This simulation is running in 3 dimensions
INFO (Carpet): Boundary specification for map 0:
   nboundaryzones: [[3,3,3],[3,3,3]]
   is_internal   : [[0,0,0],[0,0,0]]
   is_staggered  : [[0,0,0],[0,0,0]]
   shiftout      : [[0,0,1],[0,0,0]]
INFO (Carpet): CoordBase domain specification for map 0:
   physical extent: [-120,-120,0] : [120,120,120]   ([240,240,120])
   interior extent: [-112,-112,0] : [112,112,112]   ([224,224,112])
   exterior extent: [-136,-136,-24] : [136,136,136]   ([272,272,160])
   base_spacing   : [8,8,8]
INFO (Carpet): Adapted domain specification for map 0:
   convergence factor: 2
   convergence level : 0
   physical extent   : [-120,-120,0] : [120,120,120]   ([240,240,120])
   interior extent   : [-112,-112,0] : [112,112,112]   ([224,224,112])
   exterior extent   : [-136,-136,-24] : [136,136,136]   ([272,272,160])
   spacing           : [8,8,8]
INFO (Carpet): Base grid specification for map 0:
   number of grid points             : [35,35,21]
   number of coarse grid ghost points: [[3,3,3],[3,3,3]]
INFO (Carpet): Buffer zone counts (excluding ghosts):
   [0]: [[0,0,0],[0,0,0]]
   [1]: [[9,9,9],[9,9,9]]
   [2]: [[9,9,9],[9,9,9]]
   [3]: [[9,9,9],[9,9,9]]
   [4]: [[9,9,9],[9,9,9]]
   [5]: [[9,9,9],[9,9,9]]
   [6]: [[9,9,9],[9,9,9]]
   [7]: [[9,9,9],[9,9,9]]
   [8]: [[9,9,9],[9,9,9]]
   [9]: [[9,9,9],[9,9,9]]
INFO (Carpet): Overlap zone counts:
   [0]: [[0,0,0],[0,0,0]]
   [1]: [[0,0,0],[0,0,0]]
   [2]: [[0,0,0],[0,0,0]]
   [3]: [[0,0,0],[0,0,0]]
   [4]: [[0,0,0],[0,0,0]]
   [5]: [[0,0,0],[0,0,0]]
   [6]: [[0,0,0],[0,0,0]]
   [7]: [[0,0,0],[0,0,0]]
   [8]: [[0,0,0],[0,0,0]]
   [9]: [[0,0,0],[0,0,0]]
INFO (Carpet): Group and variable statistics:
INFO (Carpet):    There are 781 grid functions in 57 groups
INFO (Carpet):    There are 400 grid scalars in 47 groups
INFO (Carpet):    There are 81 1-dimensional grid arrays in 7 groups
INFO (Carpet):    There are 7 2-dimensional grid arrays in 2 groups
INFO (Carpet):    There are 0 3-dimensional grid arrays in 0 groups
INFO (Carpet):    (The number of variables counts all time levels)
INFO (CarpetIOASCII): I/O Method 'IOASCII_0D' registered: 0D AMR output of grid variables to ASCII files
INFO (CarpetIOASCII): I/O Method 'IOASCII_1D' registered: 1D AMR output of grid variables to ASCII files
INFO (CarpetIOASCII): Periodic 1D AMR output requested for:
   ADMBASE::gxx
   ADMBASE::gxy
   ADMBASE::gxz
   ADMBASE::gyy
   ADMBASE::gyz
   ADMBASE::gzz
   ADMBASE::kxx
   ADMBASE::kxy
   ADMBASE::kxz
   ADMBASE::kyy
   ADMBASE::kyz
   ADMBASE::kzz
   ADMBASE::alp
   ADMBASE::betax
   ADMBASE::betay
   ADMBASE::betaz
   CARPETREDUCE::weight
INFO (CarpetIOASCII): I/O Method 'IOASCII_2D' registered: 2D AMR output of grid variables to ASCII files
INFO (CarpetIOASCII): I/O Method 'IOASCII_3D' registered: 3D AMR output of grid variables to ASCII files
INFO (CarpetRegrid2): Initialising position of centre 0 to [1.16864,0,0]
INFO (CarpetRegrid2): Initialising position of centre 1 to [-1.16864,0,0]
INFO (CarpetRegrid2): Initialising position of centre 2 to [0,0,0]
WARNING level 1 from host runnervmkkn4f.uxsl2oan1hketor1fyk5ek2tzc.bx.internal.cloudapp.net process 0
  in thorn ML_BSSN_Helper, file /home/runner/work/tests/tests/master/configs/sim/build/ML_BSSN_Helper/Parameters.c:10:
  -> Forcing ML_BSSN::initial_boundary_condition="extrapolate-gammas" because ML_BSSN::my_initial_boundary_condition="extrapolate-gammas"
WARNING level 1 from host runnervmkkn4f.uxsl2oan1hketor1fyk5ek2tzc.bx.internal.cloudapp.net process 0
  in thorn ML_BSSN_Helper, file /home/runner/work/tests/tests/master/configs/sim/build/ML_BSSN_Helper/Parameters.c:10:
  -> Forcing ML_BSSN::initial_boundary_condition="extrapolate-gammas" because ML_BSSN::my_initial_boundary_condition="extrapolate-gammas"
WARNING level 1 from host runnervmkkn4f.uxsl2oan1hketor1fyk5ek2tzc.bx.internal.cloudapp.net process 0
  in thorn ML_BSSN_Helper, file /home/runner/work/tests/tests/master/configs/sim/build/ML_BSSN_Helper/Parameters.c:25:
  -> Forcing ML_BSSN::rhs_boundary_condition="NewRad" because ML_BSSN::my_rhs_boundary_condition="NewRad"
WARNING level 1 from host runnervmkkn4f.uxsl2oan1hketor1fyk5ek2tzc.bx.internal.cloudapp.net process 0
  in thorn ML_BSSN_Helper, file /home/runner/work/tests/tests/master/configs/sim/build/ML_BSSN_Helper/Parameters.c:25:
  -> Forcing ML_BSSN::rhs_boundary_condition="NewRad" because ML_BSSN::my_rhs_boundary_condition="NewRad"
WARNING level 1 from host runnervmkkn4f.uxsl2oan1hketor1fyk5ek2tzc.bx.internal.cloudapp.net process 0
  in thorn ML_BSSN_Helper, file /home/runner/work/tests/tests/master/configs/sim/build/ML_BSSN_Helper/Parameters.c:114:
  -> Forcing ML_BSSN::advectLapse=1 because ML_BSSN::LapseAdvectionCoeff=1.0
WARNING level 1 from host runnervmkkn4f.uxsl2oan1hketor1fyk5ek2tzc.bx.internal.cloudapp.net process 0
  in thorn ML_BSSN_Helper, file /home/runner/work/tests/tests/master/configs/sim/build/ML_BSSN_Helper/Parameters.c:114:
  -> Forcing ML_BSSN::advectLapse=1 because ML_BSSN::LapseAdvectionCoeff=1.0
WARNING level 1 from host runnervmkkn4f.uxsl2oan1hketor1fyk5ek2tzc.bx.internal.cloudapp.net process 0
  in thorn ML_BSSN_Helper, file /home/runner/work/tests/tests/master/configs/sim/build/ML_BSSN_Helper/Parameters.c:132:
  -> Forcing ML_BSSN::advectShift=1 because ML_BSSN::ShiftAdvectionCoeff=1.0
WARNING level 1 from host runnervmkkn4f.uxsl2oan1hketor1fyk5ek2tzc.bx.internal.cloudapp.net process 0
  in thorn ML_BSSN_Helper, file /home/runner/work/tests/tests/master/configs/sim/build/ML_BSSN_Helper/Parameters.c:132:
  -> Forcing ML_BSSN::advectShift=1 because ML_BSSN::ShiftAdvectionCoeff=1.0
INFO (MoL): Using Runge-Kutta 4 as the time integrator.
INFO (SymBase): Symmetry on lower z-face: reflection_symmetry
INFO (MoL): The maximum number of evolved variables is 640. 25 are registered.
INFO (MoL): The maximum number of slow evolved variables is 640. 0 are registered.
INFO (MoL): The maximum number of constrained variables is 640. 20 are registered.
INFO (MoL): The maximum number of SandR variables is 640. 0 are registered.
INFO (MoL): The maximum number of evolved array variables is 640. 0 are registered.
INFO (MoL): The maximum number of constrained array variables is 640. 0 are registered.
INFO (MoL): The maximum number of SandR array variables is 640. 0 are registered.
INFO (MoL): The maximum size of any array variables is 0.
WARNING level 1 from host runnervmkkn4f.uxsl2oan1hketor1fyk5ek2tzc.bx.internal.cloudapp.net process 0
  in thorn ML_BSSN_Helper, file /home/runner/work/tests/tests/master/configs/sim/build/ML_BSSN_Helper/Parameters.c:152:
  -> Parameter ML_BSSN::my_initial_boundary_condition is outdated; please update the parameter file. Do not use this parameter, and set up initial boundary conditions as usual.
WARNING level 1 from host runnervmkkn4f.uxsl2oan1hketor1fyk5ek2tzc.bx.internal.cloudapp.net process 0
  in thorn ML_BSSN_Helper, file /home/runner/work/tests/tests/master/configs/sim/build/ML_BSSN_Helper/Parameters.c:152:
  -> Parameter ML_BSSN::my_initial_boundary_condition is outdated; please update the parameter file. Do not use this parameter, and set up initial boundary conditions as usual.
WARNING level 1 from host runnervmkkn4f.uxsl2oan1hketor1fyk5ek2tzc.bx.internal.cloudapp.net process 0
  in thorn ML_BSSN_Helper, file /home/runner/work/tests/tests/master/configs/sim/build/ML_BSSN_Helper/Parameters.c:159:
  -> Parameter ML_BSSN::my_rhs_boundary_condition is outdated; please update the parameter file. Do not use this parameter, and set up RHS boundary conditions as usual.
WARNING level 1 from host runnervmkkn4f.uxsl2oan1hketor1fyk5ek2tzc.bx.internal.cloudapp.net process 0
  in thorn ML_BSSN_Helper, file /home/runner/work/tests/tests/master/configs/sim/build/ML_BSSN_Helper/Parameters.c:159:
  -> Parameter ML_BSSN::my_rhs_boundary_condition is outdated; please update the parameter file. Do not use this parameter, and set up RHS boundary conditions as usual.
WARNING level 1 from host runnervmkkn4f.uxsl2oan1hketor1fyk5ek2tzc.bx.internal.cloudapp.net process 0
  in thorn ML_BSSN_Helper, file /home/runner/work/tests/tests/master/configs/sim/build/ML_BSSN_Helper/Parameters.c:193:
  -> Parameter ML_BSSN::LapseAdvectionCoeff is outdated; please update the parameter file. Instead of using this parameter, you should set ML_BSSN::advectLapse.
WARNING level 1 from host runnervmkkn4f.uxsl2oan1hketor1fyk5ek2tzc.bx.internal.cloudapp.net process 0
  in thorn ML_BSSN_Helper, file /home/runner/work/tests/tests/master/configs/sim/build/ML_BSSN_Helper/Parameters.c:193:
  -> Parameter ML_BSSN::LapseAdvectionCoeff is outdated; please update the parameter file. Instead of using this parameter, you should set ML_BSSN::advectLapse.
WARNING level 1 from host runnervmkkn4f.uxsl2oan1hketor1fyk5ek2tzc.bx.internal.cloudapp.net process 0
  in thorn ML_BSSN_Helper, file /home/runner/work/tests/tests/master/configs/sim/build/ML_BSSN_Helper/Parameters.c:199:
  -> Parameter ML_BSSN::ShiftAdvectionCoeff is outdated; please update the parameter file. Instead of using this parameter, you should set ML_BSSN::advectShift.
WARNING level 1 from host runnervmkkn4f.uxsl2oan1hketor1fyk5ek2tzc.bx.internal.cloudapp.net process 0
  in thorn ML_BSSN_Helper, file /home/runner/work/tests/tests/master/configs/sim/build/ML_BSSN_Helper/Parameters.c:199:
  -> Parameter ML_BSSN::ShiftAdvectionCoeff is outdated; please update the parameter file. Instead of using this parameter, you should set ML_BSSN::advectShift.
INFO (Vectors): Testing vectorisation... [errors may result in segfaults]
INFO (Vectors): 375/375 tests passed 
INFO (CarpetRegrid2): Centre 1 is at position [1.16864,0,0] with 1 levels
INFO (CarpetRegrid2): Centre 2 is at position [-1.16864,0,0] with 1 levels
INFO (CarpetRegrid2): Centre 3 is not active
INFO (CarpetRegrid2): Regridding level 0 map 0 at iteration 0 time 0
INFO (CarpetRegrid2): Regridding levels 1 and up
INFO (Carpet): Grid structure (superregions, grid points):
   [0][0][0]   exterior: [0,0,0] : [34,34,20]   ([35,35,21] + PADDING) 25725
INFO (Carpet): Grid structure (superregions, coordinates):
   [0][0][0]   exterior: [-136,-136,-24] : [136,136,136] : [8,8,8]
INFO (Carpet): Global grid structure statistics:
INFO (Carpet): GF: rhs: 13k active, 13k owned (+0%), 26k total (+104%), 1 steps/time
INFO (Carpet): GF: vars: 195, pts: 2M active, 2M owned (+0%), 5M total (+104%), 1.0 comp/proc
INFO (Carpet): GA: vars: 483, pts: 0M active, 0M total (+0%)
INFO (Carpet): Total required memory: 0.040 GByte (for GAs and currently active GFs)
INFO (Carpet): Load balance:  min     avg     max     sdv     max/avg-1
INFO (Carpet): Level  0:       2M      2M      2M      0M owned      0%
INFO (CartGrid3D): Grid Spacings:
INFO (CartGrid3D): dx=>8.0000000e+00  dy=>8.0000000e+00  dz=>8.0000000e+00
INFO (CartGrid3D): Computational Coordinates:
INFO (CartGrid3D): x=>[-136.000,136.000]  y=>[-136.000,136.000]  z=>[-24.000,136.000]
INFO (CartGrid3D): Indices of Physical Coordinates:
INFO (CartGrid3D): x=>[0,34]  y=>[0,34]  z=>[0,20]
INFO (Time): Timestep set to 2 (courant_static)
INFO (TwoPunctures): Solving puncture equation for BH-BH system
INFO (TwoPunctures): b = 1.16864
Newton: it=0 	 |F|=9.959141e-02
bare mass: mp=0.453 	 mm=0.453
bicgstab:  itmax 100, tol 9.959141e-05
bicgstab:     0   6.022e-01
bicgstab:     1   2.550e-01   9.887e-01   0.000e+00   4.456e-01
bicgstab:     2   1.822e-01  -6.113e-01   2.959e-04   5.557e-01
bicgstab:     3   4.441e-03  -8.371e-01  -3.643e+00   5.734e-01
bicgstab:     4   1.967e-04   5.457e-01   4.808e-02   4.592e-01
bicgstab:     5   5.067e-05   4.421e-01  -3.855e-02   4.592e-01
Newton: it=1 	 |F|=1.394720e-03
bare mass: mp=0.453 	 mm=0.453
bicgstab:  itmax 100, tol 1.394720e-06
bicgstab:     0   7.631e-03
bicgstab:     1   3.082e-03   9.902e-01   0.000e+00   4.475e-01
bicgstab:     2   1.331e-04   3.852e-01  -7.399e-03   8.710e-01
bicgstab:     3   2.474e-05   1.357e+00  -4.842e-02   4.612e-01
bicgstab:     4   6.630e-07   4.321e-01  -3.723e-01   7.104e-01
Newton: it=2 	 |F|=2.006073e-07
bare mass: mp=0.453 	 mm=0.453
bicgstab:  itmax 100, tol 2.006073e-10
bicgstab:     0   1.264e-06
bicgstab:     1   4.702e-07   5.534e-01   0.000e+00   6.308e-01
bicgstab:     2   2.489e-08   8.769e-01   2.145e-01   6.475e-01
bicgstab:     3   1.699e-09   6.248e-01  -9.421e-02   6.467e-01
bicgstab:     4   2.094e-10   6.121e-01   1.198e-02   5.528e-01
bicgstab:     5   4.166e-11   6.449e-01   5.107e-02   5.528e-01
Newton: it=3 	 |F|=7.247297e-12 
INFO (TwoPunctures): The two puncture masses are mp=0.45300000000000001 and mm=0.45300000000000001
INFO (TwoPunctures): Puncture 1 ADM mass is 0.516817
INFO (TwoPunctures): Puncture 2 ADM mass is 0.516817
INFO (TwoPunctures): The total ADM mass is 1.00788
INFO (TwoPunctures): Interpolating result
INFO (Carpet): There are not enough time levels for the desired temporal prolongation order in the grid function group "EXTRACT::TEMPS".  With Carpet::prolongation_order_time=2, you need at least 3 time levels.
WARNING level 2 from host runnervmkkn4f.uxsl2oan1hketor1fyk5ek2tzc.bx.internal.cloudapp.net process 0
  in thorn Carpet, file /home/runner/work/tests/tests/master/configs/sim/build/Carpet/Comm.cc:103:
  -> Synchronising group "EXTRACT::TEMPS" in local mode
WARNING level 2 from host runnervmkkn4f.uxsl2oan1hketor1fyk5ek2tzc.bx.internal.cloudapp.net process 0
  in thorn Carpet, file /home/runner/work/tests/tests/master/configs/sim/build/Carpet/Comm.cc:103:
  -> Synchronising group "EXTRACT::TEMPS" in local mode
WARNING level 2 from host runnervmkkn4f.uxsl2oan1hketor1fyk5ek2tzc.bx.internal.cloudapp.net process 0
  in thorn Carpet, file /home/runner/work/tests/tests/master/configs/sim/build/Carpet/Comm.cc:103:
  -> Synchronising group "EXTRACT::TEMPS" in local mode
WARNING level 2 from host runnervmkkn4f.uxsl2oan1hketor1fyk5ek2tzc.bx.internal.cloudapp.net process 0
  in thorn Carpet, file /home/runner/work/tests/tests/master/configs/sim/build/Carpet/Comm.cc:103:
  -> Synchronising group "EXTRACT::TEMPS" in local mode
WARNING level 2 from host runnervmkkn4f.uxsl2oan1hketor1fyk5ek2tzc.bx.internal.cloudapp.net process 0
  in thorn Carpet, file /home/runner/work/tests/tests/master/configs/sim/build/Carpet/Comm.cc:103:
  -> Synchronising group "EXTRACT::TEMPS" in local mode
WARNING level 2 from host runnervmkkn4f.uxsl2oan1hketor1fyk5ek2tzc.bx.internal.cloudapp.net process 0
  in thorn Carpet, file /home/runner/work/tests/tests/master/configs/sim/build/Carpet/Comm.cc:103:
  -> Synchronising group "EXTRACT::TEMPS" in local mode
WARNING level 2 from host runnervmkkn4f.uxsl2oan1hketor1fyk5ek2tzc.bx.internal.cloudapp.net process 0
  in thorn Carpet, file /home/runner/work/tests/tests/master/configs/sim/build/Carpet/Comm.cc:103:
  -> Synchronising group "EXTRACT::TEMPS" in local mode
WARNING level 2 from host runnervmkkn4f.uxsl2oan1hketor1fyk5ek2tzc.bx.internal.cloudapp.net process 0
  in thorn Carpet, file /home/runner/work/tests/tests/master/configs/sim/build/Carpet/Comm.cc:103:
  -> Synchronising group "EXTRACT::TEMPS" in local mode
WARNING level 2 from host runnervmkkn4f.uxsl2oan1hketor1fyk5ek2tzc.bx.internal.cloudapp.net process 0
  in thorn Carpet, file /home/runner/work/tests/tests/master/configs/sim/build/Carpet/Comm.cc:103:
  -> Synchronising group "EXTRACT::TEMPS" in local mode
WARNING level 2 from host runnervmkkn4f.uxsl2oan1hketor1fyk5ek2tzc.bx.internal.cloudapp.net process 0
  in thorn Carpet, file /home/runner/work/tests/tests/master/configs/sim/build/Carpet/Comm.cc:103:
  -> Synchronising group "EXTRACT::TEMPS" in local mode
WARNING level 2 from host runnervmkkn4f.uxsl2oan1hketor1fyk5ek2tzc.bx.internal.cloudapp.net process 0
  in thorn Carpet, file /home/runner/work/tests/tests/master/configs/sim/build/Carpet/Comm.cc:103:
  -> Synchronising group "EXTRACT::TEMPS" in local mode
WARNING level 2 from host runnervmkkn4f.uxsl2oan1hketor1fyk5ek2tzc.bx.internal.cloudapp.net process 0
  in thorn Carpet, file /home/runner/work/tests/tests/master/configs/sim/build/Carpet/Comm.cc:103:
  -> Synchronising group "EXTRACT::TEMPS" in local mode
WARNING level 2 from host runnervmkkn4f.uxsl2oan1hketor1fyk5ek2tzc.bx.internal.cloudapp.net process 0
  in thorn Carpet, file /home/runner/work/tests/tests/master/configs/sim/build/Carpet/Comm.cc:103:
  -> Synchronising group "EXTRACT::TEMPS" in local mode
WARNING level 2 from host runnervmkkn4f.uxsl2oan1hketor1fyk5ek2tzc.bx.internal.cloudapp.net process 0
  in thorn Carpet, file /home/runner/work/tests/tests/master/configs/sim/build/Carpet/Comm.cc:103:
  -> Synchronising group "EXTRACT::TEMPS" in local mode
WARNING level 2 from host runnervmkkn4f.uxsl2oan1hketor1fyk5ek2tzc.bx.internal.cloudapp.net process 0
  in thorn Carpet, file /home/runner/work/tests/tests/master/configs/sim/build/Carpet/Comm.cc:103:
  -> Synchronising group "EXTRACT::TEMPS" in local mode
WARNING level 2 from host runnervmkkn4f.uxsl2oan1hketor1fyk5ek2tzc.bx.internal.cloudapp.net process 0
  in thorn Carpet, file /home/runner/work/tests/tests/master/configs/sim/build/Carpet/Comm.cc:103:
  -> Synchronising group "EXTRACT::TEMPS" in local mode
WARNING level 2 from host runnervmkkn4f.uxsl2oan1hketor1fyk5ek2tzc.bx.internal.cloudapp.net process 0
  in thorn Carpet, file /home/runner/work/tests/tests/master/configs/sim/build/Carpet/Comm.cc:103:
  -> Synchronising group "EXTRACT::TEMPS" in local mode
WARNING level 2 from host runnervmkkn4f.uxsl2oan1hketor1fyk5ek2tzc.bx.internal.cloudapp.net process 0
  in thorn Carpet, file /home/runner/work/tests/tests/master/configs/sim/build/Carpet/Comm.cc:103:
  -> Synchronising group "EXTRACT::TEMPS" in local mode
WARNING level 2 from host runnervmkkn4f.uxsl2oan1hketor1fyk5ek2tzc.bx.internal.cloudapp.net process 0
  in thorn Carpet, file /home/runner/work/tests/tests/master/configs/sim/build/Carpet/Comm.cc:103:
  -> Synchronising group "EXTRACT::TEMPS" in local mode
WARNING level 2 from host runnervmkkn4f.uxsl2oan1hketor1fyk5ek2tzc.bx.internal.cloudapp.net process 0
  in thorn Carpet, file /home/runner/work/tests/tests/master/configs/sim/build/Carpet/Comm.cc:103:
  -> Synchronising group "EXTRACT::TEMPS" in local mode
WARNING level 2 from host runnervmkkn4f.uxsl2oan1hketor1fyk5ek2tzc.bx.internal.cloudapp.net process 0
  in thorn Carpet, file /home/runner/work/tests/tests/master/configs/sim/build/Carpet/Comm.cc:103:
  -> Synchronising group "EXTRACT::TEMPS" in local mode
WARNING level 2 from host runnervmkkn4f.uxsl2oan1hketor1fyk5ek2tzc.bx.internal.cloudapp.net process 0
  in thorn Carpet, file /home/runner/work/tests/tests/master/configs/sim/build/Carpet/Comm.cc:103:
  -> Synchronising group "EXTRACT::TEMPS" in local mode
WARNING level 2 from host runnervmkkn4f.uxsl2oan1hketor1fyk5ek2tzc.bx.internal.cloudapp.net process 0
  in thorn Carpet, file /home/runner/work/tests/tests/master/configs/sim/build/Carpet/Comm.cc:103:
  -> Synchronising group "EXTRACT::TEMPS" in local mode
WARNING level 2 from host runnervmkkn4f.uxsl2oan1hketor1fyk5ek2tzc.bx.internal.cloudapp.net process 0
  in thorn Carpet, file /home/runner/work/tests/tests/master/configs/sim/build/Carpet/Comm.cc:103:
  -> Synchronising group "EXTRACT::TEMPS" in local mode
WARNING level 2 from host runnervmkkn4f.uxsl2oan1hketor1fyk5ek2tzc.bx.internal.cloudapp.net process 0
  in thorn Carpet, file /home/runner/work/tests/tests/master/configs/sim/build/Carpet/Comm.cc:103:
  -> Synchronising group "EXTRACT::TEMPS" in local mode
WARNING level 2 from host runnervmkkn4f.uxsl2oan1hketor1fyk5ek2tzc.bx.internal.cloudapp.net process 0
  in thorn Carpet, file /home/runner/work/tests/tests/master/configs/sim/build/Carpet/Comm.cc:103:
  -> Synchronising group "EXTRACT::TEMPS" in local mode
Memory statistics from CarpetLib:
   Current number of objects: 331
   Current allocated memory:  40.2 MB
   Maximum number of objects: 333
   Maximum allocated memory:  40.6 MB
   Current administrative memory: 0.811 MB
   Total allocated used system memory: 13 MB
   Total allocated free system memory: 1.77 MB
   gh::allmemory:    38784
   dh::allmemory:    511840
   th::allmemory:    12168
   ggf::allmemory:   210584
   gdata::allmemory: 38016
----------------------------------
Iteration      Time | *me_per_hour
                    |             
----------------------------------
        0     0.000 |    0.0000000
# Carpet timing information at iteration 0 time 0:
# 1: timer name 2: gettimeofday [secs] 3: getrusage [secs] 4: cycle [secs] 5: cycle[avg] [secs] 6: cycle[sdv] [secs] 7: cycle[min] [secs] 8: cycle[max] [secs]
main: 1.44684 2.63474 3.53805e+09 3.53805e+09 0 3.53805e+09 3.53805e+09
meta mode: 1.44685 2.63475 3.53806e+09 3.53806e+09 0 3.53806e+09 3.53806e+09
main/CarpetStartup: 0.02645 0.029088 6.4677e+07 6.4677e+07 0 6.4677e+07 6.4677e+07
main/CarpetStartup/AllocateGridHierarchy: 7e-06 7e-06 16072 16072 0 16072 16072
main/CarpetStartup/CarpetLib::gh::regrid: 0.025244 0.028003 6.17145e+07 1.08271e+06 910614 1.03638e+06 1.97213e+06
main/CarpetStartup/CarpetLib::dh::regrid: 7e-05 5.6e-05 154247 2706.09 2861.08 2499 5464
main/Initialise/CallInitial/Poison: 0.003091 0.00207 7.55778e+06 7.55778e+06 0 7.55778e+06 7.55778e+06
main/Initialise/CallInitial/CCTK_BASEGRID/CallFunction/thorns: 0.001176 0.0005 2.87814e+06 115126 897336 13328 739141
main/CarpetStartup/CarpetLib::gh::regrid/CarpetLib::dh::regrid/region: 0.002196 0.002021 5.3952e+06 94652.5 361945 85823 449404
main/Initialise/CallInitial/CallRegridInitialMeta/Regrid/RegridMap/CarpetLib::gh::regrid/CarpetLib::dh::regrid/region: 0.000182 0.000182 443891 443891 0 443891 443891
main/CarpetStartup/CarpetLib::gh::regrid/CarpetLib::dh::regrid/test: 0.006008 0.007348 1.47247e+07 258329 126996 245637 354491
main/CarpetStartup/CarpetLib::gh::regrid/CarpetLib::dh::regrid/domain: 0.000759 0.001321 1.85793e+06 32595.3 138767 28592 169712
main/Initialise/CallInitial/CallRegridInitialMeta/Regrid/RegridMap/CarpetLib::gh::regrid/CarpetLib::dh::regrid/domain: 5.7e-05 5.7e-05 139405 139405 0 139405 139405
main/CarpetStartup/CarpetLib::gh::regrid/CarpetLib::dh::regrid/comm/refrest: 5e-05 4.6e-05 121394 2129.72 511.452 2058 2548
main/CarpetStartup/CarpetLib::gh::regrid/CarpetLib::dh::regrid/comm/mgprol: 4.5e-05 4.6e-05 120516 2114.32 1900.76 2058 3994
main/CarpetStartup/CarpetLib::dh::recompose: 5e-05 4.5e-05 129558 2272.95 270.704 2205 2401
main/CarpetStartup/CarpetLib::gh::regrid/CarpetLib::dh::regrid/buffers: 0.009496 0.011445 2.32478e+07 407856 126242 392882 459375
main/CarpetStartup/CarpetLib::gh::regrid/CarpetLib::dh::regrid: 0.025066 0.027855 6.12993e+07 1.07543e+06 897202 1.02971e+06 1.9514e+06
main/CarpetStartup/CarpetLib::gh::regrid/CarpetLib::dh::regrid/bcast_comm: 0.004359 0.003745 1.06533e+07 186901 125128 179365 288953
main/CarpetStartup/CarpetLib::gh::regrid/CarpetLib::dh::regrid/comm/sync: 5e-05 4.5e-05 122083 2141.81 720.849 2082 2793
main/CarpetStartup/CarpetLib::gh::regrid/CarpetLib::dh::regrid/mask: 0.000243 0.000209 597040 10474.4 28919.1 5733 29375
main/CarpetStartup/CarpetLib::gh::regrid/CarpetLib::dh::regrid/bcast_boxes: 0.000117 0.000103 272881 4787.39 38476.7 3528 42826
main/CarpetStartup/CarpetLib::gh::regrid/CarpetLib::dh::regrid/unusedpoints_mask: 5.7e-05 5.1e-05 137886 2419.05 624.768 2303 2671
main/CarpetStartup/CarpetLib::gh::regrid/CarpetLib::dh::regrid/bcast_comm/ref_bnd_prol: 0.000405 0.000321 985541 17290.2 42210.7 15778 46280
main/CarpetStartup/CarpetLib::gh::regrid/CarpetLib::dh::regrid/bcast_comm/ref_prol/CarpetLib::dh::bs3: 5.4e-05 4.7e-05 129337 2269.07 487.278 2205 2474
main/CarpetStartup/CarpetLib::gh::regrid/CarpetLib::dh::regrid/comm: 0.000785 0.000702 1.91872e+06 33661.8 26267.4 32536 59486
main/CarpetStartup/CarpetLib::gh::regrid/CarpetLib::dh::regrid/bcast_comm/ref_prol: 0.000407 0.000359 994355 17444.8 26885.4 16194 43953
main/CarpetStartup/CarpetLib::gh::regrid/CarpetLib::dh::regrid/bcast_comm/sync: 0.000395 0.000332 970323 17023.2 31643.3 15901 46452
main/CarpetStartup/CarpetLib::gh::regrid/CarpetLib::dh::regrid/bcast_comm/ref_prol/CarpetLib::dh::bs1: 5.4e-05 5.1e-05 137959 2420.33 1033.82 2254 2817
main/Initialise/CallInitial/CallRegridInitialMeta/Regrid/RegridMap/CarpetLib::gh::regrid/CarpetLib::dh::regrid/bcast_comm/ref_prol/CarpetLib::dh::bs1: 2e-06 1e-06 2524 2524 0 2524 2524
main/Initialise/CallInitial/CallRegridInitialMeta/Regrid/RegridMap/CarpetLib::gh::regrid/CarpetLib::dh::regrid/bcast_comm/sync: 1.4e-05 1.4e-05 35305 35305 0 35305 35305
main/Initialise/CallInitial/CallRegridInitialMeta/Regrid/RegridMap/CarpetLib::gh::regrid/CarpetLib::dh::regrid/comm/mgrest: 1e-06 1e-06 2180 2180 0 2180 2180
main/Initialise/CallInitial/CallRegridInitialMeta/Regrid/RegridMap/CarpetLib::gh::regrid/CarpetLib::dh::regrid/comm/mgprol: 1e-06 1e-06 2107 2107 0 2107 2107
main/Initialise/CallInitial/CallRegridInitialMeta/Regrid/RegridMap/CarpetLib::gh::regrid/CarpetLib::dh::regrid/comm/refprol: 1e-06 1e-06 2107 2107 0 2107 2107
main/Initialise/CallInitial/CallRegridInitialMeta/Regrid/RegridMap/CarpetLib::gh::regrid/CarpetLib::dh::regrid/comm/sync: 1e-06 1e-06 2279 2279 0 2279 2279
main/Initialise/CallInitial/CallRegridInitialMeta/Regrid/RegridMap/CarpetLib::gh::regrid/CarpetLib::dh::regrid/comm/refbndprol: 1e-06 1e-06 2156 2156 0 2156 2156
main/CarpetStartup/CarpetLib::gh::regrid/CarpetLib::dh::regrid/bcast_comm/ref_prol/CarpetLib::dh::bs2: 7.5e-05 7e-05 195361 3427.39 12289.8 2793 15533
main/CarpetStartup/CarpetLib::gh::regrid/CarpetLib::dh::regrid/bcast_comm/sync/CarpetLib::dh::bs1: 6.5e-05 4.4e-05 129996 2280.63 529.305 2229 2744
main/CarpetStartup/CarpetLib::gh::regrid/CarpetLib::dh::regrid/bcast_comm/sync/CarpetLib::dh::bs2: 7e-05 5.5e-05 161136 2826.95 951.905 2597 3258
main/CarpetStartup/CarpetLib::gh::regrid/CarpetLib::dh::regrid/bcast_comm/sync/CarpetLib::dh::bs3: 5.2e-05 4.5e-05 127280 2232.98 194.25 2205 2327
main/CarpetStartup/CarpetLib::gh::regrid/CarpetLib::dh::regrid/bcast_comm/ref_refl_prol: 0.001991 0.001665 4.87631e+06 85549.2 30989.7 84060 113974
main/CarpetStartup/CarpetLib::gh::regrid/CarpetLib::dh::regrid/bcast_comm/ref_bnd_prol/CarpetLib::dh::bs1: 5.3e-05 4.4e-05 157141 2756.86 28092.3 2205 30600
main/CarpetStartup/CarpetLib::gh::regrid/CarpetLib::dh::regrid/bcast_comm/ref_bnd_prol/CarpetLib::dh::bs2: 6.2e-05 5.3e-05 184048 3228.91 29382.3 2572 32340
main/CarpetStartup/CarpetLib::gh::regrid/CarpetLib::dh::regrid/bcast_comm/old2new_sync: 0.0004 0.000429 984876 17278.5 45755.1 15705 48583
main/CarpetStartup/CarpetLib::gh::regrid/CarpetLib::dh::regrid/bcast_comm/ref_refl_prol/CarpetLib::dh::bs1: 0.000321 0.000262 766334 2240.74 546.093 2205 2499
main/CarpetStartup/CarpetLib::gh::regrid/CarpetLib::dh::regrid/bcast_comm/ref_bnd_prol/CarpetLib::dh::bs3: 5.6e-05 4.3e-05 127646 2239.4 657.229 2180 2842
main/CarpetStartup/CarpetLib::gh::regrid/CarpetLib::dh::regrid/bcast_comm/ref_refl_prol/CarpetLib::dh::bs3: 0.00032 0.000271 757419 2214.68 425.654 2180 2450
main/CarpetStartup/CarpetLib::gh::regrid/CarpetLib::dh::regrid/bcast_comm/ref_refl_prol/CarpetLib::dh::bs2: 0.000376 0.000317 919482 2688.54 28850.9 2523 31458
main/CarpetStartup/CarpetLib::gh::regrid/CarpetLib::dh::regrid/bcast_comm/old2new_sync/CarpetLib::dh::bs2: 6.2e-05 5.1e-05 147347 2585.04 371.769 2524 2842
main/CarpetStartup/CarpetLib::gh::regrid/CarpetLib::dh::regrid/bcast_comm/old2new_sync/CarpetLib::dh::bs3: 5.3e-05 4.4e-05 129236 2267.3 2059.15 2180 3822
main/CarpetStartup/CarpetLib::gh::regrid/CarpetLib::dh::regrid/bcast_comm/old2new_sync/CarpetLib::dh::bs1: 7.8e-05 0.000113 128943 2262.16 1064.45 2205 3087
main/CarpetStartup/CarpetLib::gh::regrid/CarpetLib::dh::regrid/bcast_comm/old2new_ref_prol/CarpetLib::dh::bs1: 4.7e-05 4.2e-05 127207 2231.7 156.179 2205 2303
main/CarpetStartup/CarpetLib::gh::regrid/CarpetLib::dh::regrid/bcast_comm/old2new_ref_prol/CarpetLib::dh::bs2: 5.9e-05 4.8e-05 147639 2590.16 581.577 2524 3136
main/CarpetStartup/CarpetLib::gh::regrid/CarpetLib::dh::regrid/bcast_comm/old2new_ref_prol: 0.000377 0.000314 925881 16243.5 11095.3 15876 27220
main/CarpetStartup/CarpetLib::gh::regrid/CarpetLib::dh::regrid/bcast_comm/old2new_ref_prol/CarpetLib::dh::bs3: 5.4e-05 4.6e-05 126154 2213.23 152.256 2180 2303
main/CarpetStartup/CarpetLib::gh::regrid/CarpetLib::dh::regrid/comm/refprol: 5.1e-05 4.4e-05 118922 2086.35 194.892 2034 2229
main/CarpetStartup/CarpetLib::gh::regrid/CarpetLib::dh::regrid/comm/refbndprol: 4.9e-05 4.5e-05 119142 2090.21 135.187 2058 2132
main/CarpetStartup/CarpetLib::gh::regrid/CarpetLib::dh::regrid/comm/reflux: 4.6e-05 4.4e-05 118069 2071.39 184.2 2033 2181
main/CarpetStartup/CarpetLib::gh::regrid/CarpetLib::dh::regrid/comm/mgrest: 4.7e-05 4.4e-05 119979 2104.89 197.214 2058 2230
main/CarpetStartup/CheckRegions: 1e-06 1e-06 2597 2597 0 2597 2597
meta mode/meta mode/global mode/level(0)/leave_singlemap_mode: 0.000192 0.000134 469983 3175.56 8789.56 2254 5439
meta mode/meta mode/global mode: 1.39729 2.59942 3.41688e+09 1.79836e+08 3.13019e+09 16464 3.22226e+09
meta mode/meta mode/global mode/level(0)/leave_local_mode: 0.000386 0.00029 897921 6235.56 46577.3 2229 30405
meta mode/meta mode: 1.42044 2.60671 3.47348e+09 3.47348e+09 0 3.47348e+09 3.47348e+09
meta mode/meta mode/global mode/level(0): 1.39529 2.59701 3.41199e+09 5.78303e+07 3.16293e+09 17321 3.18931e+09
meta mode/meta mode/leave_global_mode: 0.000104 7.2e-05 248379 13072.6 30029.6 8452 32119
meta mode/meta mode/global mode/leave_level_mode: 8.9e-05 6.2e-05 219648 3722.85 2894.81 3357 5145
main/Initialise/CarpetLib::ggf::recompose_crop: 0.00068 0.000264 1.50561e+06 2641.42 31300.9 2401 29228
main/Initialise: 1.41988 2.60547 3.47212e+09 3.47212e+09 0 3.47212e+09 3.47212e+09
main/Initialise/dh::recompose_free_old: 0.000558 0.000228 1.35125e+06 2370.61 7721.24 2303 6811
main/Initialise/CarpetLib::ggf::recompose_allocate: 0.000697 0.000284 1.66838e+06 2926.98 50299.1 2597 50176
main/Initialise/CallSetup/Poison: 0.00047 0.000255 1.15121e+06 1.15121e+06 0 1.15121e+06 1.15121e+06
meta mode/meta mode/enter_global_mode: 0.000553 0.000372 1.37038e+06 76132.4 153515 53900 172235
meta mode/meta mode/global mode/enter_level_mode: 9.4e-05 6.8e-05 231083 3984.19 6250.33 3454 7497
main/Initialise/CallSetup: 0.001709 0.000687 4.17901e+06 4.17901e+06 0 4.17901e+06 4.17901e+06
meta mode/meta mode/global mode/level(0)/enter_local_mode: 0.000801 0.000637 1.98411e+06 13874.9 128962 2254 65317
main/Initialise/CallSetup/CCTK_WRAGH/CallFunction: 0.000675 0 1.64755e+06 91530.6 414023 17861 419391
main/Initialise/CallSetup/CCTK_WRAGH: 0.000772 0 1.88755e+06 1.88755e+06 0 1.88755e+06 1.88755e+06
meta mode/meta mode/global mode/level(0)/enter_singlemap_mode: 0.000204 0.000163 597089 4061.83 68486.5 2230 54439
main/Initialise/CallSetup/CCTK_WRAGH/CallFunction/thorns/Einstein_InitSymBound: 1.2e-05 0 28837 28837 0 28837 28837
main/Initialise/CallSetup/CCTK_WRAGH/CallFunction/thorns/Boundary_RegisterBCs: 5e-06 0 12372 12372 0 12372 12372
main/Initialise/CallSetup/CCTK_WRAGH/CallFunction/thorns: 0.000389 0 954445 53024.7 301213 12593 321881
main/Initialise/CallSetup/CCTK_WRAGH/CallFunction/thorns/CarpetRegrid2_Initialise: 1.4e-05 0 35574 35574 0 35574 35574
main/Initialise/CallSetup/CCTK_WRAGH/CallFunction/thorns/RegisterCartGrid3DCoords: 2.2e-05 0 53386 53386 0 53386 53386
main/Initialise/CallSetup/CCTK_WRAGH/CallFunction/thorns/Einstein_ActivateSlicing: 4e-06 0 8599 8599 0 8599 8599
main/Initialise/CallSetup/CCTK_WRAGH/CallFunction/thorns/Einstein_SetNextSlicing: 1e-06 0 4018 4018 0 4018 4018
main/Initialise/CallSetup/CCTK_WRAGH/CallFunction/thorns/MoL_SetupIndexArrays: 1.9e-05 0 46942 46942 0 46942 46942
main/Initialise/CallSetup/CCTK_WRAGH/CallFunction/thorns/ML_BSSN_ParamCompat: 0.000125 0 306642 306642 0 306642 306642
main/Initialise/CallSetup/CCTK_WRAGH/CallFunction/thorns/ML_BSSN_RegisterVars: 4.7e-05 0 114366 114366 0 114366 114366
main/Initialise/CallInitial/CallRegridInitialMeta/Regrid/RegridMap/CarpetLib::gh::regrid: 0.000813 0.000811 1.987e+06 1.987e+06 0 1.987e+06 1.987e+06
main/Initialise/CallSetup/CCTK_WRAGH/CallFunction/thorns/TmunuBase_SetStressEnergyState: 5e-06 0 11368 11368 0 11368 11368
main/Initialise/CallSetup/CCTK_WRAGH/CallFunction/thorns/ML_BSSN_RegisterConstrained: 5e-06 0 11784 11784 0 11784 11784
main/Initialise/CallSetup/CCTK_WRAGH/CallFunction/thorns/Slab_InitTimers: 1.7e-05 0 40940 40940 0 40940 40940
main/Initialise/CallSetup/CCTK_WRAGH/CallFunction/thorns/MoL_SetScheduleStatus: 1e-06 0 2989 2989 0 2989 2989
main/Initialise/CallSetup/CCTK_WRAGH/CallFunction/thorns/CartGrid3D_RegisterSymmetryBoundaries: 4e-06 0 9408 9408 0 9408 9408
main/Initialise/CallSetup/CCTK_WRAGH/CallFunction/thorns/ML_BSSN_RegisterSymmetries: 2.5e-05 0 59829 59829 0 59829 59829
main/Initialise/CallSetup/CCTK_WRAGH/CallFunction/thorns/ReflectionSymmetry_Register: 3e-06 0 8183 8183 0 8183 8183
main/Initialise/CallSetup/CCTK_WRAGH/CallFunction/thorns/SymBase_Statistics: 2e-06 0 5758 5758 0 5758 5758
main/Initialise/CallSetup/CCTK_WRAGH/CallFunction/thorns/MoL_ReportNumberVariables: 4e-06 0 8036 8036 0 8036 8036
main/Initialise/CallSetup/CCTK_PARAMCHECK: 0.000364 0.000351 889570 889570 0 889570 889570
main/Initialise/CallSetup/CCTK_PARAMCHECK/CallFunction: 0.000288 0.000278 697124 43570.2 180626 17272 166159
main/Initialise/CallSetup/CCTK_PARAMCHECK/CallFunction/thorns: 0.000219 0.000214 529470 33091.9 136849 12250 144966
main/Initialise/CallSetup/CCTK_PARAMCHECK/CallFunction/thorns/ADMBase_ParamCheck: 1.7e-05 1.7e-05 41038 41038 0 41038 41038
main/Initialise/CallSetup/CCTK_PARAMCHECK/CallFunction/thorns/Boundary_Check: 1e-06 1e-06 2621 2621 0 2621 2621
main/Initialise/CallSetup/CCTK_PARAMCHECK/CallFunction/thorns/CarpetLib_test_prolongate_3d_rf2: 1.2e-05 1.1e-05 27905 27905 0 27905 27905
main/Initialise/CallSetup/CCTK_PARAMCHECK/CallFunction/thorns/CarpetSurfaceParamCheck: 2e-06 1e-06 3479 3479 0 3479 3479
main/Initialise/CallSetup/CCTK_PARAMCHECK/CallFunction/thorns/CarpetRegrid2_ParamCheck: 1e-05 1e-05 23741 23741 0 23741 23741
main/Initialise/CallSetup/CCTK_PARAMCHECK/CallFunction/thorns/CarpetParamCheck: 1e-05 9e-06 23789 23789 0 23789 23789
main/Initialise/CallSetup/CCTK_PARAMCHECK/CallFunction/thorns/dissipation_paramcheck: 1e-06 2e-06 3332 3332 0 3332 3332
main/Initialise/CallSetup/CCTK_PARAMCHECK/CallFunction/thorns/Extract_ParamCheck: 2e-06 1e-06 3602 3602 0 3602 3602
main/Initialise/CallSetup/CCTK_PARAMCHECK/CallFunction/thorns/CheckFortranParameters: 1e-06 2e-06 3626 3626 0 3626 3626
main/Initialise/CallSetup/CCTK_PARAMCHECK/CallFunction/thorns/ML_BSSN_ParamCheck: 2.7e-05 2.6e-05 65072 65072 0 65072 65072
main/Initialise/CallSetup/CCTK_PARAMCHECK/CallFunction/thorns/ParamCheck_CartGrid3D: 3e-06 3e-06 7056 7056 0 7056 7056
main/Initialise/CallSetup/CCTK_PARAMCHECK/CallFunction/thorns/MoL_ParamCheck: 2e-06 2e-06 4581 4581 0 4581 4581
main/Initialise/CallSetup/CCTK_PARAMCHECK/CallFunction/thorns/SphericalSurface_ParamCheck: 2e-06 2e-06 4753 4753 0 4753 4753
main/Initialise/CallSetup/CCTK_PARAMCHECK/CallFunction/thorns/TmunuBase_ParamCheck: 1e-06 2e-06 2670 2670 0 2670 2670
main/Initialise/CallSetup/CCTK_PARAMCHECK/CallFunction/thorns/TwoPunctures_ParamCheck: 2e-06 2e-06 3455 3455 0 3455 3455
main/Initialise/CallSetup/CCTK_PARAMCHECK/CallFunction/thorns/Vectors_Test: 5.5e-05 5.5e-05 135093 135093 0 135093 135093
main/Initialise/CallInitial: 1.32315 2.46692 3.23557e+09 3.23557e+09 0 3.23557e+09 3.23557e+09
main/Initialise/CallInitial/CallRegridInitialMeta: 0.0016 0.001573 3.91042e+06 3.91042e+06 0 3.91042e+06 3.91042e+06
main/Initialise/CallInitial/CallRegridInitialMeta/Regrid: 0.001427 0.001402 3.49115e+06 3.49115e+06 0 3.49115e+06 3.49115e+06
main/Initialise/CallInitial/CallRegridInitialMeta/CCTK_PREREGRIDINITIAL: 3e-06 3e-06 7473 7473 0 7473 7473
main/Initialise/CallInitial/CallRegridInitialMeta/Regrid/CarpetRegrid2::RegridMaps: 0.000519 0.000497 1.26871e+06 1.26871e+06 0 1.26871e+06 1.26871e+06
main/Initialise/CallInitial/CallRegridInitialMeta/Regrid/RegridMap/CarpetLib::gh::regrid/CarpetLib::dh::regrid/comm/refrest: 1e-06 1e-06 2523 2523 0 2523 2523
main/Initialise/CallInitial/CallRegridInitialMeta/Regrid/RegridMap/CarpetLib::gh::regrid/CarpetLib::dh::regrid/comm/reflux: 1e-06 1e-06 2205 2205 0 2205 2205
main/Initialise/CallInitial/CallRegridInitialMeta/Regrid/RegridMap/CarpetLib::gh::regrid/CarpetLib::dh::regrid/mask: 6e-06 6e-06 13622 13622 0 13622 13622
main/Initialise/CallInitial/CallRegridInitialMeta/Regrid/RegridMap/CarpetLib::gh::regrid/CarpetLib::dh::regrid/bcast_boxes: 4e-06 4e-06 8134 8134 0 8134 8134
main/Initialise/CallInitial/CallRegridInitialMeta/Regrid/RegridMap/CarpetLib::gh::regrid/CarpetLib::dh::regrid/bcast_comm/sync/CarpetLib::dh::bs1: 2e-06 1e-06 2597 2597 0 2597 2597
main/Initialise/CallInitial/CallRegridInitialMeta/Regrid/PostRegrid: 3.1e-05 3.1e-05 76244 76244 0 76244 76244
main/Initialise/CallInitial/CallRegridInitialMeta/Regrid/RegridMap/CarpetLib::gh::regrid/CarpetLib::dh::regrid: 0.000806 0.000806 1.97073e+06 1.97073e+06 0 1.97073e+06 1.97073e+06
main/Initialise/CallInitial/CCTK_BASEGRID/CallFunction/thorns/dissipation_basegrid: 1.2e-05 1.2e-05 28738 28738 0 28738 28738
main/Initialise/CallInitial/CCTK_BASEGRID/CallFunction/thorns/NaNChecker_ResetCounter: 2e-06 1e-06 3724 3724 0 3724 3724
main/Initialise/CallInitial/CallRegridInitialMeta/Regrid/RegridMap/CarpetLib::gh::regrid/CarpetLib::dh::regrid/buffers: 0.000187 0.000187 456704 456704 0 456704 456704
main/Initialise/CallInitial/CallRegridInitialMeta/Regrid/RegridMap/CarpetLib::gh::regrid/CarpetLib::dh::regrid/test: 0.000146 0.000146 357014 357014 0 357014 357014
main/Initialise/CallInitial/CallRegridInitialMeta/Regrid/RegridMap: 0.000841 0.000838 2.05543e+06 2.05543e+06 0 2.05543e+06 2.05543e+06
main/Initialise/CallInitial/CallRegridInitialMeta/Recompose: 0.000107 0.000107 262640 262640 0 262640 262640
main/Initialise/CallInitial/CallRegridInitialMeta/RegridFree: 2e-06 2e-06 3700 3700 0 3700 3700
main/Initialise/CallInitial/CCTK_BASEGRID/CallFunction/thorns/SpatialCoordinates: 0.000297 0.000297 727160 727160 0 727160 727160
main/Initialise/CallInitial/CCTK_BASEGRID/CallFunction/thorns/MaskBase_AllocateMask: 0.000185 7.7e-05 451780 451780 0 451780 451780
main/Initialise/CallInitial/CallRegridInitialMeta/Regrid/RegridMap/CarpetLib::gh::regrid/CarpetLib::dh::regrid/comm: 3.1e-05 3.1e-05 75019 75019 0 75019 75019
main/Initialise/CallInitial/CallRegridInitialMeta/Regrid/RegridMap/CarpetLib::gh::regrid/CarpetLib::dh::regrid/unusedpoints_mask: 1e-06 1e-06 2744 2744 0 2744 2744
main/Initialise/CallInitial/CallRegridInitialMeta/Regrid/RegridMap/CarpetLib::gh::regrid/CarpetLib::dh::regrid/bcast_comm/ref_prol/CarpetLib::dh::bs2: 2e-06 2e-06 5512 5512 0 5512 5512
main/Initialise/CallInitial/CallRegridInitialMeta/Regrid/RegridMap/CarpetLib::gh::regrid/CarpetLib::dh::regrid/bcast_comm/ref_prol/CarpetLib::dh::bs3: 1e-06 2e-06 2450 2450 0 2450 2450
main/Initialise/CallInitial/CallRegridInitialMeta/Regrid/RegridMap/CarpetLib::gh::regrid/CarpetLib::dh::regrid/bcast_comm/ref_bnd_prol: 1.4e-05 1.4e-05 33271 33271 0 33271 33271
main/Initialise/CallInitial/CallRegridInitialMeta/Regrid/RegridMap/CarpetLib::gh::regrid/CarpetLib::dh::regrid/bcast_comm: 0.000143 0.000142 347753 347753 0 347753 347753
main/Initialise/CallInitial/CCTK_BASEGRID: 0.00185 0.000832 4.52388e+06 4.52388e+06 0 4.52388e+06 4.52388e+06
main/Initialise/CallInitial/CCTK_BASEGRID/CallFunction/thorns/SphericalSurface_SetupRes: 3e-06 3e-06 6272 6272 0 6272 6272
main/Initialise/CallInitial/CCTK_BASEGRID/CallFunction/thorns/SphericalSurface_Setup: 4e-06 5e-06 10927 10927 0 10927 10927
main/Initialise/CallInitial/CallRegridInitialMeta/Regrid/RegridMap/CarpetLib::gh::regrid/CarpetLib::dh::regrid/bcast_comm/sync/CarpetLib::dh::bs2: 1e-06 1e-06 2989 2989 0 2989 2989
main/Initialise/CallInitial/CallRegridInitialMeta/Regrid/RegridMap/CarpetLib::gh::regrid/CarpetLib::dh::regrid/bcast_comm/sync/CarpetLib::dh::bs3: 1e-06 1e-06 2499 2499 0 2499 2499
main/Initialise/CallInitial/CallRegridInitialMeta/Regrid/RegridMap/CarpetLib::gh::regrid/CarpetLib::dh::regrid/bcast_comm/ref_refl_prol: 4.7e-05 4.7e-05 114881 114881 0 114881 114881
main/Initialise/CallInitial/CallRegridInitialMeta/Regrid/RegridMap/CarpetLib::gh::regrid/CarpetLib::dh::regrid/bcast_comm/ref_bnd_prol/CarpetLib::dh::bs1: 1e-06 1e-06 2352 2352 0 2352 2352
main/Initialise/CallInitial/CallRegridInitialMeta/Regrid/RegridMap/CarpetLib::gh::regrid/CarpetLib::dh::regrid/bcast_comm/ref_bnd_prol/CarpetLib::dh::bs2: 1e-06 1e-06 2719 2719 0 2719 2719
main/Initialise/CallInitial/CallRegridInitialMeta/Regrid/RegridMap/CarpetLib::gh::regrid/CarpetLib::dh::regrid/bcast_comm/ref_bnd_prol/CarpetLib::dh::bs3: 1e-06 1e-06 2278 2278 0 2278 2278
main/Initialise/CallInitial/CallRegridInitialMeta/Regrid/RegridMap/CarpetLib::gh::regrid/CarpetLib::dh::regrid/bcast_comm/old2new_sync: 1.4e-05 1.4e-05 33883 33883 0 33883 33883
main/Initialise/CallInitial/CallRegridInitialMeta/Regrid/RegridMap/CarpetLib::gh::regrid/CarpetLib::dh::regrid/bcast_comm/ref_refl_prol/CarpetLib::dh::bs1: 5e-06 5e-06 13744 2290.67 67.1962 2278 2352
main/Initialise/CallInitial/CallRegridInitialMeta/Regrid/RegridMap/CarpetLib::gh::regrid/CarpetLib::dh::regrid/bcast_comm/ref_refl_prol/CarpetLib::dh::bs3: 5e-06 6e-06 13598 2266.33 45.971 2254 2303
main/Initialise/CallInitial/CallRegridInitialMeta/Regrid/RegridMap/CarpetLib::gh::regrid/CarpetLib::dh::regrid/bcast_comm/old2new_sync/CarpetLib::dh::bs1: 1e-06 1e-06 2352 2352 0 2352 2352
main/Initialise/CallInitial/CallRegridInitialMeta/Regrid/RegridMap/CarpetLib::gh::regrid/CarpetLib::dh::regrid/bcast_comm/old2new_sync/CarpetLib::dh::bs2: 1e-06 1e-06 2793 2793 0 2793 2793
main/Initialise/CallInitial/CallRegridInitialMeta/Regrid/RegridMap/CarpetLib::gh::regrid/CarpetLib::dh::regrid/bcast_comm/old2new_sync/CarpetLib::dh::bs3: 1e-06 1e-06 2278 2278 0 2278 2278
main/Initialise/CallInitial/CallRegridInitialMeta/Regrid/RegridMap/CarpetLib::gh::regrid/CarpetLib::dh::regrid/bcast_comm/old2new_ref_prol: 1.7e-05 1.6e-05 40400 40400 0 40400 40400
main/Initialise/CallInitial/CallRegridInitialMeta/Regrid/RegridMap/CarpetLib::gh::regrid/CarpetLib::dh::regrid/bcast_comm/old2new_ref_prol/CarpetLib::dh::bs1: 1e-06 1e-06 2327 2327 0 2327 2327
main/Initialise/CallInitial/CallRegridInitialMeta/Regrid/RegridMap/CarpetLib::gh::regrid/CarpetLib::dh::regrid/bcast_comm/old2new_ref_prol/CarpetLib::dh::bs2: 1e-06 1e-06 2671 2671 0 2671 2671
main/Initialise/CallInitial/CallRegridInitialMeta/Regrid/RegridMap/CarpetLib::gh::regrid/CarpetLib::dh::regrid/bcast_comm/old2new_ref_prol/CarpetLib::dh::bs3: 1e-06 1e-06 2328 2328 0 2328 2328
main/Initialise/CallInitial/CallRegridInitialMeta/Regrid/RegridMap/CarpetLib::gh::regrid/CarpetLib::dh::regrid/bcast_comm/ref_refl_prol/CarpetLib::dh::bs2: 7e-06 6e-06 16169 2694.83 302.382 2572 2940
main/Initialise/CallInitial/CCTK_BASEGRID/CallFunction/thorns/ADMBase_SetShiftStateOn: 2e-06 2e-06 4189 4189 0 4189 4189
main/Initialise/CallInitial/CCTK_BASEGRID/CallFunction/thorns/ADMBase_SetDtLapseStateOn: 1e-06 1e-06 2793 2793 0 2793 2793
main/Initialise/CallInitial/CCTK_BASEGRID/CallFunction/thorns/ADMBase_SetDtShiftStateOn: 1e-06 1e-06 2646 2646 0 2646 2646
main/Initialise/CallInitial/CCTK_BASEGRID/CallFunction/thorns/ADMMacros_SetLocalSpatialOrder: 2e-06 1e-06 4239 4239 0 4239 4239
main/Initialise/CallInitial/CCTK_BASEGRID/CallFunction/thorns/SpatialSpacings: 2.6e-05 2.7e-05 65660 65660 0 65660 65660
main/Initialise/CallInitial/CCTK_BASEGRID/CallFunction: 0.001702 0.000751 4.16155e+06 166462 915385 36922 789733
main/Initialise/CallInitial/CCTK_BASEGRID/CallFunction/thorns/MaskBase_AllocateMask/CarpetLib::ggf::recompose_crop: 3e-06 2e-06 5464 2732 121.622 2646 2818
main/Initialise/CallInitial/CCTK_BASEGRID/CallFunction/thorns/MaskBase_AllocateMask/CarpetLib::ggf::recompose_allocate: 2e-06 4e-06 6615 3307.5 381.131 3038 3577
main/Initialise/CallInitial/CCTK_BASEGRID/CallFunction/thorns/MaskBase_AllocateMask/dh::recompose_free_old: 3e-06 2e-06 4777 2388.5 86.9741 2327 2450
main/Initialise/CallInitial/CCTK_BASEGRID/CallFunction/thorns/MaskBase_InitMask: 9.1e-05 0 222681 222681 0 222681 222681
main/Initialise/CallInitial/CCTK_BASEGRID/CallFunction/thorns/CarpetMaskSetup: 1.7e-05 0 41111 41111 0 41111 41111
main/Initialise/CallInitial/CCTK_BASEGRID/CallFunction/thorns/CarpetExcludedSetup: 3e-06 0 7962 7962 0 7962 7962
main/Initialise/CallInitial/CCTK_BASEGRID/CallFunction/thorns/CarpetSurfaceSetup: 3e-06 0 8771 8771 0 8771 8771
main/Initialise/CallInitial/CCTK_BASEGRID/CallFunction/thorns/CoordBase_SetupMask: 0.000144 0 353143 353143 0 353143 353143
main/Initialise/CallInitial/CCTK_BASEGRID/CallFunction/thorns/SphericalSurface_Set: 2e-06 0 6541 6541 0 6541 6541
main/Initialise/CallInitial/CCTK_BASEGRID/CallFunction/thorns/MaskBase_TestMask: 0.000125 0 305662 305662 0 305662 305662
main/Initialise/CallInitial/CCTK_BASEGRID/CallFunction/thorns/SphericalSurface_CheckState: 2e-06 0 3112 3112 0 3112 3112
main/Initialise/CallInitial/CCTK_BASEGRID/CallFunction/thorns/SBP_SetNormMask: 2.9e-05 0 71270 71270 0 71270 71270
main/Initialise/CallInitial/CCTK_BASEGRID/CallFunction/thorns/SymBase_Check: 2e-06 0 3700 3700 0 3700 3700
main/Initialise/CallInitial/CCTK_BASEGRID/CallFunction/thorns/Time_Initialise: 1e-06 1e-06 3258 3258 0 3258 3258
main/Initialise/CallInitial/CCTK_BASEGRID/CallFunction/thorns/MaskBase_SetMask: 8.7e-05 0 214106 214106 0 214106 214106
main/Initialise/CallInitial/CCTK_INITIAL/CallFunction/thorns/TwoPunctures: 1.30397 2.43786 3.18869e+09 3.18869e+09 0 3.18869e+09 3.18869e+09
main/Initialise/CallInitial/CCTK_INITIAL/CallFunction/thorns/TwoPunctures_Metadata: 0.000153 0.000148 375144 375144 0 375144 375144
main/Initialise/CallInitial/CCTK_INITIAL/CallFunction/thorns/ADMBase_ShiftZero: 0.00012 0.000115 293020 293020 0 293020 293020
main/Initialise/CallInitial/CCTK_INITIAL/CallFunction/thorns/ADMBase_DtLapseZero: 4e-05 3.9e-05 100082 100082 0 100082 100082
main/Initialise/CallInitial/CCTK_INITIAL/CallFunction/thorns/ADMBase_DtShiftZero: 0.000116 0.000112 284616 284616 0 284616 284616
main/Initialise/CallInitial/CCTK_INITIAL/CallFunction/thorns/CarpetIOASCIIInit: 2e-06 1e-06 4483 4483 0 4483 4483
main/Initialise/CallInitial/CCTK_INITIAL/CallFunction/thorns/CarpetIOBasicInit: 1e-06 2e-06 3405 3405 0 3405 3405
main/Initialise/CallInitial/CCTK_INITIAL: 1.30802 2.44586 3.19858e+09 3.19858e+09 0 3.19858e+09 3.19858e+09
main/Initialise/CallInitial/CCTK_BASEGRID/CallFunction/thorns/TemporalSpacings: 3e-06 3e-06 7766 7766 0 7766 7766
main/Initialise/CallInitial/CCTK_INITIAL/CallFunction/thorns/CarpetIOScalarInit: 1e-06 2e-06 3430 3430 0 3430 3430
main/Initialise/CallInitial/CCTK_INITIAL/CallFunction/thorns/ML_BSSN_InitialADMBase1Everywhere: 0.001361 0.003364 3.32935e+06 3.32935e+06 0 3.32935e+06 3.32935e+06
main/Initialise/CallInitial/CCTK_INITIAL/CallFunction/thorns/ML_BSSN_InitialADMBase2BoundaryScalar: 0.000171 0.000171 418803 418803 0 418803 418803
main/Initialise/CallInitial/CCTK_INITIAL/CallFunction: 1.30783 2.44468 3.19811e+09 2.28436e+08 3.07211e+09 20531 3.18879e+09
main/Initialise/CallInitial/CCTK_INITIAL/CallFunction/thorns: 1.30741 2.44428 3.19708e+09 2.28363e+08 3.07209e+09 14847 3.1887e+09
main/Initialise/CallInitial/CCTK_INITIAL/CallFunction/thorns/StaticConformal_InitialiseState: 2e-06 2e-06 5561 5561 0 5561 5561
main/Initialise/CallInitial/CCTK_INITIAL/CarpetLib::ggf::recompose_crop: 1e-06 1e-06 2670 2670 0 2670 2670
main/Initialise/CallInitial/CCTK_INITIAL/CarpetLib::ggf::recompose_allocate: 2e-06 1e-06 3553 3553 0 3553 3553
main/Initialise/CallInitial/CCTK_INITIAL/dh::recompose_free_old: 1e-06 1e-06 2695 2695 0 2695 2695
main/Initialise/CallInitial/CallRegridInitialMeta/Regrid/RegridMap/CarpetLib::gh::regrid/CarpetLib::dh::regrid/bcast_comm/ref_prol: 1.6e-05 1.5e-05 38808 38808 0 38808 38808
main/Initialise/CallInitial/CCTK_BASEGRID/CallFunction/thorns/ML_BSSN_CheckBoundaries: 1e-06 2e-06 3430 3430 0 3430 3430
main/Initialise/CallInitial/CallRegridInitialMeta/Regrid/RegridMap/CheckRegions: 1e-06 1e-06 2572 2572 0 2572 2572
main/Initialise/CallInitial/CCTK_INITIAL/CallFunction/thorns/ML_BSSN_InitialADMBase2Interior: 0.001135 0.002136 2.77778e+06 2.77778e+06 0 2.77778e+06 2.77778e+06
main/Initialise/CallInitial/CCTK_INITIAL/CallFunction/syncs: 7.7e-05 7.7e-05 188601 188601 0 188601 188601
main/Initialise/CallInitial/CCTK_INITIAL/CallFunction/syncs/Prolongate: 1e-06 1e-06 2572 2572 0 2572 2572
main/Initialise/CallInitial/CCTK_INITIAL/CallFunction/syncs/Sync: 6.5e-05 6.4e-05 157314 157314 0 157314 157314
main/Initialise/CallInitial/CCTK_INITIAL/CallFunction/syncs/Sync/comm_state[0].create: 7e-06 6e-06 15778 15778 0 15778 15778
main/Initialise/CallInitial/CCTK_INITIAL/CallFunction/syncs/Sync/comm_state[1].state_get_buffer_sizes.user: 3e-06 3e-06 7350 7350 0 7350 7350
main/Initialise/CallInitial/CCTK_INITIAL/CallFunction/syncs/Sync/comm_state[3].state_fill_send_buffers.user: 2e-06 1e-06 3675 3675 0 3675 3675
main/Initialise/CallInitial/CCTK_INITIAL/CallFunction/syncs/Sync/comm_state[4].state_fill_send_buffers.step: 1e-06 1e-06 2695 2695 0 2695 2695
main/Initialise/CallInitial/CCTK_INITIAL/CallFunction/syncs/Sync/comm_state[5].state_do_some_work.user: 1e-06 2e-06 3528 3528 0 3528 3528
main/Initialise/CallInitial/CCTK_INITIAL/CallFunction/syncs/Sync/comm_state[6].state_do_some_work.step: 2e-06 2e-06 5047 5047 0 5047 5047
main/Initialise/CallInitial/CCTK_INITIAL/CallFunction/syncs/Sync/comm_state[7].state_empty_recv_buffers.user: 1e-06 2e-06 3430 3430 0 3430 3430
main/Initialise/CallInitial/CCTK_INITIAL/CallFunction/syncs/Sync/comm_state[8].state_empty_recv_buffers.step: 2e-06 1e-06 3356 3356 0 3356 3356
main/Initialise/CallInitial/CCTK_INITIAL/CallFunction/thorns/MoL_StartLoop: 2e-06 2e-06 3797 3797 0 3797 3797
main/Initialise/CallInitial/CCTK_INITIAL/CallFunction/thorns/ML_BSSN_ExtrapolateGammas: 0.000238 0.000235 582659 582659 0 582659 582659
main/Initialise/CallInitial/CCTK_POSTINITIAL: 0.006829 0.012829 1.66989e+07 1.66989e+07 0 1.66989e+07 1.66989e+07
main/Initialise/CallInitial/CCTK_INITIAL/CallFunction/syncs/Sync/comm_state[2].state_get_buffer_sizes.step: 2e-06 1e-06 4557 4557 0 4557 4557
main/Initialise/CallInitial/CCTK_POSTINITIAL/CallFunction/thorns: 0.006133 0.012131 1.50016e+07 555614 6.73256e+06 7276 6.26203e+06
main/Initialise/CallInitial/CCTK_POSTINITIAL/CallFunction/thorns/ML_BSSN_EnforceEverywhere: 0.0006 0.000601 1.47061e+06 1.47061e+06 0 1.47061e+06 1.47061e+06
main/Initialise/CallInitial/CCTK_POSTINITIAL/CallFunction/thorns/ML_BSSN_SelectBoundConds: 2.8e-05 2.8e-05 68012 68012 0 68012 68012
main/Initialise/CallInitial/CCTK_POSTINITIAL/CallFunction: 0.006686 0.012683 1.63477e+07 605469 6.74416e+06 12250 6.31296e+06
main/Initialise/CallInitial/CCTK_POSTINITIAL/CallFunction/syncs/Prolongate: 4e-06 3e-06 8869 2217.25 73.5034 2180 2254
main/Initialise/CallInitial/CCTK_POSTINITIAL/CallFunction/syncs/Sync: 0.000113 0.000115 280622 70155.5 65345.1 48681 126665
main/Initialise/CallInitial/CCTK_POSTINITIAL/CallFunction/syncs/Sync/comm_state[1].state_get_buffer_sizes.user: 8e-06 9e-06 21217 5304.25 3298.98 3601 8012
main/Initialise/CallInitial/CCTK_POSTINITIAL/CallFunction/syncs/Sync/comm_state[0].create: 5e-06 4e-06 11221 2805.25 374.631 2572 3063
main/Initialise/CallInitial/CCTK_POSTINITIAL/CallFunction/syncs/Sync/comm_state[2].state_get_buffer_sizes.step: 4e-06 5e-06 11955 2988.75 165.725 2891 3111
main/Initialise/CallInitial/CCTK_POSTINITIAL/CallFunction/syncs/Sync/comm_state[3].state_fill_send_buffers.user: 7e-06 8e-06 14798 3699.5 2477.03 2719 5807
main/Initialise/CallInitial/CCTK_POSTINITIAL/CallFunction/syncs/Sync/comm_state[4].state_fill_send_buffers.step: 5e-06 4e-06 10044 2511 73.3348 2474 2572
main/Initialise/CallInitial/CCTK_POSTINITIAL/CallFunction/syncs/Sync/comm_state[5].state_do_some_work.user: 6e-06 7e-06 14456 3614 2453.3 2671 5709
main/Initialise/CallInitial/CCTK_POSTINITIAL/CallFunction/syncs/Sync/comm_state[6].state_do_some_work.step: 4e-06 5e-06 10608 2652 140.492 2572 2744
main/Initialise/CallInitial/CCTK_POSTINITIAL/CallFunction/syncs/Sync/comm_state[7].state_empty_recv_buffers.user: 5e-06 6e-06 14504 3626 2507.54 2621 5758
main/Initialise/CallInitial/CCTK_POSTINITIAL/CallFunction/syncs/Sync/comm_state[8].state_empty_recv_buffers.step: 5e-06 5e-06 13058 3264.5 1632.6 2548 4630
main/Initialise/CallInitial/CCTK_POSTINITIAL/CallFunction/syncs: 0.000139 0.00014 342289 85572.2 79360.1 59878 154227
main/Initialise/CallInitial/CCTK_POSTINITIAL/CallFunction/thorns/Boundary_ApplyPhysicalBCs: 0.000511 0.000512 1.25308e+06 313269 772129 7644 953075
main/Initialise/CallInitial/CCTK_POSTINITIAL/CallFunction/thorns/CartGrid3D_ApplyBC: 1.2e-05 1.3e-05 31091 7772.75 5328.86 4851 11711
main/Initialise/CallInitial/CCTK_POSTINITIAL/CallFunction/thorns/ReflectionSymmetry_Apply: 0.000167 0.000168 413485 103371 142963 19771 203840
main/Initialise/CallInitial/CCTK_POSTINITIAL/CallFunction/thorns/ML_BSSN_ADMBaseInterior: 0.001061 0.00306 2.59472e+06 2.59472e+06 0 2.59472e+06 2.59472e+06
main/Initialise/CallInitial/CCTK_POSTINITIAL/CallFunction/thorns/Boundary_ClearSelection: 4e-06 6e-06 13622 3405.5 740.827 2891 3847
main/Initialise/CallInitial/CCTK_POSTINITIAL/CallFunction/thorns/ML_BSSN_ADMBaseBoundaryScalar: 0.000118 0.000118 289173 289173 0 289173 289173
main/Initialise/CallInitial/CCTK_POSTINITIAL/CallFunction/thorns/ML_BSSN_ADMBase_SelectBCs: 1.2e-05 1.2e-05 28297 28297 0 28297 28297
main/Initialise/CallInitial/CCTK_POSTINITIAL/CallFunction/thorns/ML_BSSN_ConstraintsEverywhere: 9.6e-05 9.6e-05 234784 234784 0 234784 234784
main/Initialise/CallInitial/CCTK_POSTINITIAL/CallFunction/thorns/ML_BSSN_ConstraintsEverywhere_SelectBCs: 9e-06 9e-06 21879 21879 0 21879 21879
main/Initialise/CallInitial/CCTK_POSTINITIAL/CallFunction/thorns/ML_BSSN_ADMBaseEverywhere: 0.000831 0.001832 2.03482e+06 2.03482e+06 0 2.03482e+06 2.03482e+06
main/Initialise/CallInitial/CCTK_POSTINITIAL/CallFunction/thorns/SBP_CheckGridSizes: 2e-06 2e-06 6248 6248 0 6248 6248
main/Initialise/CallInitial/CCTK_POSTINITIAL/CallFunction/thorns/ML_BSSN_ConstraintsInterior_SelectBCs: 1.2e-05 1.2e-05 29375 29375 0 29375 29375
main/Initialise/CallRestrict: 1e-06 1e-06 2572 2572 0 2572 2572
main/Initialise/CallPostInitial: 0.070352 0.127187 1.72034e+08 1.72034e+08 0 1.72034e+08 1.72034e+08
main/Initialise/CallPostInitial/CCTK_POSTSTEP: 0.070251 0.127086 1.71788e+08 1.71788e+08 0 1.71788e+08 1.71788e+08
main/Initialise/CallPostInitial/CCTK_POSTPOSTINITIAL: 4e-06 4e-06 8992 8992 0 8992 8992
main/Initialise/CallPostInitial/CCTK_POSTSTEP/CallFunction: 0.070078 0.126916 1.71368e+08 1.07105e+07 1.22527e+08 41013 1.20122e+08
main/Initialise/CallPostInitial/CCTK_POSTSTEP/CallFunction/thorns: 0.069657 0.126494 1.70339e+08 1.06462e+07 1.22515e+08 16856 1.20052e+08
main/Initialise/CallPostInitial/CCTK_POSTSTEP/CallFunction/thorns/SphericalSurface_Set: 3e-06 2e-06 7154 7154 0 7154 7154
main/Initialise/CallPostInitial/CCTK_POSTSTEP/CallFunction/thorns/SphericalSurface_CheckState: 1e-06 2e-06 3675 3675 0 3675 3675
main/Initialise/CallInitial/CCTK_POSTINITIAL/CallFunction/thorns/ML_BSSN_ConstraintsInterior: 0.002555 0.005555 6.24804e+06 6.24804e+06 0 6.24804e+06 6.24804e+06
main/Initialise/CallPostInitial/CCTK_POSTSTEP/CarpetLib::ggf::recompose_crop: 4e-06 2e-06 5757 2878.5 328.805 2646 3111
main/Initialise/CallPostInitial/CCTK_POSTSTEP/CarpetLib::ggf::recompose_allocate: 2e-06 3e-06 7179 3589.5 952.473 2916 4263
main/Initialise/CallPostInitial/CCTK_POSTSTEP/dh::recompose_free_old: 2e-06 2e-06 4973 2486.5 86.9741 2425 2548
main/Initialise/CallPostInitial/CCTK_POSTSTEP/CallFunction/thorns/Extract: 0.049087 0.085846 1.20038e+08 1.20038e+08 0 1.20038e+08 1.20038e+08
main/Initialise/CallPostInitial/CCTK_POSTSTEP/CallFunction/thorns/Extract/Sync/comm_state[0].create: 2.9e-05 2.8e-05 69484 2672.46 797.386 2450 3185
main/Initialise/CallPostInitial/CCTK_POSTSTEP/CallFunction/thorns/Extract/Sync/comm_state[1].state_get_buffer_sizes.user: 3.3e-05 3.7e-05 83033 3193.58 1292.71 2989 4042
main/Initialise/CallPostInitial/CCTK_POSTSTEP/CallFunction/thorns/NaNChecker_NaNCheck_Check: 0.02007 0.03915 4.90804e+07 4.90804e+07 0 4.90804e+07 4.90804e+07
main/Initialise/CallPostInitial/CCTK_POSTSTEP/CallFunction/thorns/Extract/Prolongate: 4.5e-05 3.6e-05 65588 2522.62 593.739 2401 2940
main/Initialise/CallPostInitial/CCTK_POSTSTEP/CallFunction/thorns/Extract/Sync: 0.00055 0.001551 1.3142e+06 50546.3 68370.8 46550 117355
main/Initialise/CallPostInitial/CCTK_POSTSTEP/CallFunction/thorns/NaNChecker_NaNCheck_Prepare: 5e-06 5e-06 12936 12936 0 12936 12936
main/Initialise/CallPostInitial/CCTK_POSTSTEP/CallFunction/thorns/NaNChecker_NaNCheck_Finish: 7e-06 7e-06 16954 16954 0 16954 16954
main/Initialise/CallPostInitial/CCTK_POSTSTEP/CallFunction/thorns/NaNChecker_TakeAction: 1e-06 1e-06 3087 3087 0 3087 3087
main/Initialise/CallPostInitial/CCTK_POSTSTEP/CallFunction/thorns/setup_epsdis: 1.2e-05 1.3e-05 30772 30772 0 30772 30772
main/Initialise/CallPostInitial/CCTK_POSTSTEP/CallFunction/syncs: 5.7e-05 5.7e-05 139454 139454 0 139454 139454
main/Initialise/CallPostInitial/CCTK_POSTSTEP/CallFunction/syncs/Prolongate: 1e-06 1e-06 2303 2303 0 2303 2303
main/Initialise/CallPostInitial/CCTK_POSTSTEP/CallFunction/syncs/Sync: 4.7e-05 4.7e-05 113901 113901 0 113901 113901
main/Initialise/CallPostInitial/CCTK_POSTSTEP/CallFunction/syncs/Sync/comm_state[1].state_get_buffer_sizes.user: 1e-06 2e-06 4018 4018 0 4018 4018
main/Initialise/CallPostInitial/CCTK_POSTSTEP/CallFunction/syncs/Sync/comm_state[0].create: 1e-06 2e-06 3160 3160 0 3160 3160
main/Initialise/CallPostInitial/CCTK_POSTSTEP/CallFunction/syncs/Sync/comm_state[2].state_get_buffer_sizes.step: 2e-06 2e-06 4655 4655 0 4655 4655
main/Initialise/CallPostInitial/CCTK_POSTSTEP/CallFunction/syncs/Sync/comm_state[3].state_fill_send_buffers.user: 1e-06 1e-06 2744 2744 0 2744 2744
main/Initialise/CallPostInitial/CCTK_POSTSTEP/CallFunction/syncs/Sync/comm_state[4].state_fill_send_buffers.step: 1e-06 1e-06 2572 2572 0 2572 2572
main/Initialise/CallPostInitial/CCTK_POSTSTEP/CallFunction/syncs/Sync/comm_state[5].state_do_some_work.user: 2e-06 1e-06 2695 2695 0 2695 2695
main/Initialise/CallPostInitial/CCTK_POSTSTEP/CallFunction/syncs/Sync/comm_state[6].state_do_some_work.step: 1e-06 1e-06 2965 2965 0 2965 2965
main/Initialise/CallPostInitial/CCTK_POSTSTEP/CallFunction/syncs/Sync/comm_state[7].state_empty_recv_buffers.user: 1e-06 1e-06 2695 2695 0 2695 2695
main/Initialise/CallPostInitial/CCTK_POSTSTEP/CallFunction/syncs/Sync/comm_state[8].state_empty_recv_buffers.step: 1e-06 2e-06 2989 2989 0 2989 2989
main/Initialise/CallAnalysis: 0.003108 0.00514 7.60169e+06 7.60169e+06 0 7.60169e+06 7.60169e+06
main/Initialise/CallPostInitial/CCTK_POSTSTEP/CallFunction/thorns/MaskBase_AllocateMask: 2.1e-05 2.1e-05 52136 52136 0 52136 52136
main/Initialise/CallPostInitial/CCTK_POSTSTEP/CallFunction/thorns/MaskBase_InitMask: 5.6e-05 5.6e-05 136783 136783 0 136783 136783
main/Initialise/CallPostInitial/CCTK_POSTSTEP/CallFunction/thorns/CoordBase_SetupMask: 9.6e-05 9.5e-05 234391 234391 0 234391 234391
main/Initialise/CallPostInitial/CCTK_POSTSTEP/CallFunction/thorns/CarpetMaskSetup: 1.8e-05 1.8e-05 43977 43977 0 43977 43977
main/Initialise/CallPostInitial/CCTK_POSTSTEP/CallFunction/thorns/CarpetExcludedSetup: 3e-06 3e-06 7374 7374 0 7374 7374
main/Initialise/CallPostInitial/CCTK_POSTSTEP/CallFunction/thorns/CarpetSurfaceSetup: 3e-06 3e-06 7693 7693 0 7693 7693
main/Initialise/CallPostInitial/CCTK_POSTSTEP/CallFunction/thorns/MaskBase_SetMask: 7.7e-05 7.6e-05 187547 187547 0 187547 187547
main/Initialise/CallPostInitial/CCTK_POSTSTEP/CallFunction/thorns/MaskBase_TestMask: 8.4e-05 8.4e-05 205702 205702 0 205702 205702
main/Initialise/CallAnalysis/CCTK_CPINITIAL: 4e-06 4e-06 9604 9604 0 9604 9604
main/Initialise/CallAnalysis/CCTK_ANALYSIS: 0.000576 0.001576 1.40784e+06 1.40784e+06 0 1.40784e+06 1.40784e+06
main/Initialise/CallAnalysis/CCTK_ANALYSIS/CallFunction: 0.000537 0.001538 1.31504e+06 438346 488484 135142 814355
main/Initialise/CallAnalysis/CCTK_ANALYSIS/CallFunction/thorns: 0.000464 0.001464 1.13349e+06 377831 547889 16513 786915
main/Initialise/CallAnalysis/CCTK_ANALYSIS/CallFunction/thorns/CarpetLib_printtimestats: 0.000129 0.001129 317569 317569 0 317569 317569
main/Initialise/CallAnalysis/CCTK_ANALYSIS/CallFunction/thorns/CarpetLib_printmemstats: 0.000315 0.000315 770868 770868 0 770868 770868
main/Initialise/CallAnalysis/OutputGH: 0.002343 0.003374 5.72714e+06 5.72714e+06 0 5.72714e+06 5.72714e+06
main/Initialise/CallAnalysis/CCTK_ANALYSIS/CallFunction/thorns/LC_statistics_analysis: 1e-06 2e-06 3160 3160 0 3160 3160
main/Initialise/CallAnalysis/OutputGH/OutputGH: 0.002336 0.003368 5.71188e+06 5.71188e+06 0 5.71188e+06 5.71188e+06
main/Initialise/CallAnalysis/OutputGH/OutputGH/IOBasic::CarpetIOBasic [0]: 3.7e-05 3.7e-05 91900 91900 0 91900 91900
main/Initialise/CallAnalysis/OutputGH/OutputGH/IOBasic::CarpetIOBasic [0]/OutputGH: 3.2e-05 3.2e-05 79037 79037 0 79037 79037
main/Initialise/CallAnalysis/OutputGH/OutputGH/IOScalar::CarpetIOScalar [1]: 7e-06 6e-06 15214 15214 0 15214 15214
main/Initialise/CallAnalysis/OutputGH/OutputGH/IOScalar::CarpetIOScalar [1]/OutputGH: 1e-06 1e-06 2891 2891 0 2891 2891
main/Initialise/CallAnalysis/OutputGH/OutputGH/IOASCII::IOASCII_0D [2]/OutputGH<0>: 2e-06 1e-06 3013 3013 0 3013 3013
main/Initialise/CallAnalysis/OutputGH/OutputGH/IOASCII::IOASCII_0D [2]: 7e-06 6e-06 16219 16219 0 16219 16219
main/Initialise/CallAnalysis/OutputGH/OutputGH/IOASCII::IOASCII_1D [3]/OutputGH<1>: 0.00223 0.003263 5.4547e+06 5.4547e+06 0 5.4547e+06 5.4547e+06
main/Initialise/CallAnalysis/OutputGH/OutputGH/IOASCII::IOASCII_1D [3]: 0.002236 0.003268 5.46833e+06 5.46833e+06 0 5.46833e+06 5.46833e+06
main/Initialise/CallAnalysis/OutputGH/OutputGH/IOASCII::IOASCII_2D [4]/OutputGH<2>: 1e-06 1e-06 2671 2671 0 2671 2671
main/Initialise/CallAnalysis/OutputGH/OutputGH/IOASCII::IOASCII_3D [5]/OutputGH<3>: 2e-06 2e-06 3479 3479 0 3479 3479
main/Initialise/CallAnalysis/OutputGH/OutputGH/IOASCII::IOASCII_3D [5]: 7e-06 7e-06 16782 16782 0 16782 16782
main/Initialise/CallAnalysis/OutputGH/OutputGH/IOASCII::IOASCII_2D [4]: 9e-06 8e-06 19992 19992 0 19992 19992
main/Initialise/CallPostInitial/CCTK_POSTSTEP/CallFunction/thorns/Extract/Sync/comm_state[2].state_get_buffer_sizes.step: 2.7e-05 2.8e-05 70858 2725.31 969.511 2474 3430
main/Initialise/CallPostInitial/CCTK_POSTSTEP/CallFunction/thorns/Extract/Sync/comm_state[3].state_fill_send_buffers.user: 2.7e-05 2.7e-05 68158 2621.46 544.588 2548 3136
main/Initialise/CallPostInitial/CCTK_POSTSTEP/CallFunction/thorns/Extract/Sync/comm_state[4].state_fill_send_buffers.step: 2.6e-05 2.5e-05 63308 2434.92 162.357 2377 2523
main/Initialise/CallPostInitial/CCTK_POSTSTEP/CallFunction/thorns/Extract/Sync/comm_state[5].state_do_some_work.user: 2.7e-05 2.7e-05 69283 2664.73 612.985 2548 3209
main/Initialise/CallPostInitial/CCTK_POSTSTEP/CallFunction/thorns/Extract/Sync/comm_state[6].state_do_some_work.step: 2.7e-05 2.6e-05 66245 2547.88 612.332 2401 2891
main/Initialise/CallPostInitial/CCTK_POSTSTEP/CallFunction/thorns/Extract/Sync/comm_state[7].state_empty_recv_buffers.user: 2.7e-05 2.8e-05 67326 2589.46 258.659 2548 2744
main/Initialise/CallPostInitial/CCTK_POSTSTEP/CallFunction/thorns/Extract/Sync/comm_state[8].state_empty_recv_buffers.step: 2.7e-05 2.7e-05 67327 2589.5 567.463 2474 2965

INFO (CarpetRegrid2): Centre 1 is not active
INFO (CarpetRegrid2): Centre 2 is not active
INFO (CarpetRegrid2): Centre 3 is not active
INFO (CarpetRegrid2): Regridding level 0 map 0 at iteration 1 time 0
INFO (CarpetRegrid2): Regridding levels 1 and up
INFO (Carpet): Grid structure (superregions, grid points):
   [0][0][0]   exterior: [0,0,0] : [34,34,20]   ([35,35,21] + PADDING) 25725
INFO (Carpet): Grid structure (superregions, coordinates):
   [0][0][0]   exterior: [-136,-136,-24] : [136,136,136] : [8,8,8]
INFO (Carpet): Global grid structure statistics:
INFO (Carpet): GF: rhs: 6k active, 6k owned (+0%), 13k total (+104%), 0.5 steps/time
INFO (Carpet): GF: vars: 195, pts: 2M active, 2M owned (+0%), 5M total (+104%), 1.0 comp/proc
INFO (Carpet): GA: vars: 483, pts: 0M active, 0M total (+0%)
INFO (Carpet): Total required memory: 0.040 GByte (for GAs and currently active GFs)
INFO (Carpet): Load balance:  min     avg     max     sdv     max/avg-1
INFO (Carpet): Level  0:       2M      2M      2M      0M owned      0%
WARNING level 2 from host runnervmkkn4f.uxsl2oan1hketor1fyk5ek2tzc.bx.internal.cloudapp.net process 0
  in thorn Carpet, file /home/runner/work/tests/tests/master/configs/sim/build/Carpet/Comm.cc:103:
  -> Synchronising group "EXTRACT::TEMPS" in local mode
WARNING level 2 from host runnervmkkn4f.uxsl2oan1hketor1fyk5ek2tzc.bx.internal.cloudapp.net process 0
  in thorn Carpet, file /home/runner/work/tests/tests/master/configs/sim/build/Carpet/Comm.cc:103:
  -> Synchronising group "EXTRACT::TEMPS" in local mode
WARNING level 2 from host runnervmkkn4f.uxsl2oan1hketor1fyk5ek2tzc.bx.internal.cloudapp.net process 0
  in thorn Carpet, file /home/runner/work/tests/tests/master/configs/sim/build/Carpet/Comm.cc:103:
  -> Synchronising group "EXTRACT::TEMPS" in local mode
WARNING level 2 from host runnervmkkn4f.uxsl2oan1hketor1fyk5ek2tzc.bx.internal.cloudapp.net process 0
  in thorn Carpet, file /home/runner/work/tests/tests/master/configs/sim/build/Carpet/Comm.cc:103:
  -> Synchronising group "EXTRACT::TEMPS" in local mode
WARNING level 2 from host runnervmkkn4f.uxsl2oan1hketor1fyk5ek2tzc.bx.internal.cloudapp.net process 0
  in thorn Carpet, file /home/runner/work/tests/tests/master/configs/sim/build/Carpet/Comm.cc:103:
  -> Synchronising group "EXTRACT::TEMPS" in local mode
WARNING level 2 from host runnervmkkn4f.uxsl2oan1hketor1fyk5ek2tzc.bx.internal.cloudapp.net process 0
  in thorn Carpet, file /home/runner/work/tests/tests/master/configs/sim/build/Carpet/Comm.cc:103:
  -> Synchronising group "EXTRACT::TEMPS" in local mode
WARNING level 2 from host runnervmkkn4f.uxsl2oan1hketor1fyk5ek2tzc.bx.internal.cloudapp.net process 0
  in thorn Carpet, file /home/runner/work/tests/tests/master/configs/sim/build/Carpet/Comm.cc:103:
  -> Synchronising group "EXTRACT::TEMPS" in local mode
WARNING level 2 from host runnervmkkn4f.uxsl2oan1hketor1fyk5ek2tzc.bx.internal.cloudapp.net process 0
  in thorn Carpet, file /home/runner/work/tests/tests/master/configs/sim/build/Carpet/Comm.cc:103:
  -> Synchronising group "EXTRACT::TEMPS" in local mode
WARNING level 2 from host runnervmkkn4f.uxsl2oan1hketor1fyk5ek2tzc.bx.internal.cloudapp.net process 0
  in thorn Carpet, file /home/runner/work/tests/tests/master/configs/sim/build/Carpet/Comm.cc:103:
  -> Synchronising group "EXTRACT::TEMPS" in local mode
WARNING level 2 from host runnervmkkn4f.uxsl2oan1hketor1fyk5ek2tzc.bx.internal.cloudapp.net process 0
  in thorn Carpet, file /home/runner/work/tests/tests/master/configs/sim/build/Carpet/Comm.cc:103:
  -> Synchronising group "EXTRACT::TEMPS" in local mode
WARNING level 2 from host runnervmkkn4f.uxsl2oan1hketor1fyk5ek2tzc.bx.internal.cloudapp.net process 0
  in thorn Carpet, file /home/runner/work/tests/tests/master/configs/sim/build/Carpet/Comm.cc:103:
  -> Synchronising group "EXTRACT::TEMPS" in local mode
WARNING level 2 from host runnervmkkn4f.uxsl2oan1hketor1fyk5ek2tzc.bx.internal.cloudapp.net process 0
  in thorn Carpet, file /home/runner/work/tests/tests/master/configs/sim/build/Carpet/Comm.cc:103:
  -> Synchronising group "EXTRACT::TEMPS" in local mode
WARNING level 2 from host runnervmkkn4f.uxsl2oan1hketor1fyk5ek2tzc.bx.internal.cloudapp.net process 0
  in thorn Carpet, file /home/runner/work/tests/tests/master/configs/sim/build/Carpet/Comm.cc:103:
  -> Synchronising group "EXTRACT::TEMPS" in local mode
WARNING level 2 from host runnervmkkn4f.uxsl2oan1hketor1fyk5ek2tzc.bx.internal.cloudapp.net process 0
  in thorn Carpet, file /home/runner/work/tests/tests/master/configs/sim/build/Carpet/Comm.cc:103:
  -> Synchronising group "EXTRACT::TEMPS" in local mode
WARNING level 2 from host runnervmkkn4f.uxsl2oan1hketor1fyk5ek2tzc.bx.internal.cloudapp.net process 0
  in thorn Carpet, file /home/runner/work/tests/tests/master/configs/sim/build/Carpet/Comm.cc:103:
  -> Synchronising group "EXTRACT::TEMPS" in local mode
WARNING level 2 from host runnervmkkn4f.uxsl2oan1hketor1fyk5ek2tzc.bx.internal.cloudapp.net process 0
  in thorn Carpet, file /home/runner/work/tests/tests/master/configs/sim/build/Carpet/Comm.cc:103:
  -> Synchronising group "EXTRACT::TEMPS" in local mode
WARNING level 2 from host runnervmkkn4f.uxsl2oan1hketor1fyk5ek2tzc.bx.internal.cloudapp.net process 0
  in thorn Carpet, file /home/runner/work/tests/tests/master/configs/sim/build/Carpet/Comm.cc:103:
  -> Synchronising group "EXTRACT::TEMPS" in local mode
WARNING level 2 from host runnervmkkn4f.uxsl2oan1hketor1fyk5ek2tzc.bx.internal.cloudapp.net process 0
  in thorn Carpet, file /home/runner/work/tests/tests/master/configs/sim/build/Carpet/Comm.cc:103:
  -> Synchronising group "EXTRACT::TEMPS" in local mode
WARNING level 2 from host runnervmkkn4f.uxsl2oan1hketor1fyk5ek2tzc.bx.internal.cloudapp.net process 0
  in thorn Carpet, file /home/runner/work/tests/tests/master/configs/sim/build/Carpet/Comm.cc:103:
  -> Synchronising group "EXTRACT::TEMPS" in local mode
WARNING level 2 from host runnervmkkn4f.uxsl2oan1hketor1fyk5ek2tzc.bx.internal.cloudapp.net process 0
  in thorn Carpet, file /home/runner/work/tests/tests/master/configs/sim/build/Carpet/Comm.cc:103:
  -> Synchronising group "EXTRACT::TEMPS" in local mode
WARNING level 2 from host runnervmkkn4f.uxsl2oan1hketor1fyk5ek2tzc.bx.internal.cloudapp.net process 0
  in thorn Carpet, file /home/runner/work/tests/tests/master/configs/sim/build/Carpet/Comm.cc:103:
  -> Synchronising group "EXTRACT::TEMPS" in local mode
WARNING level 2 from host runnervmkkn4f.uxsl2oan1hketor1fyk5ek2tzc.bx.internal.cloudapp.net process 0
  in thorn Carpet, file /home/runner/work/tests/tests/master/configs/sim/build/Carpet/Comm.cc:103:
  -> Synchronising group "EXTRACT::TEMPS" in local mode
WARNING level 2 from host runnervmkkn4f.uxsl2oan1hketor1fyk5ek2tzc.bx.internal.cloudapp.net process 0
  in thorn Carpet, file /home/runner/work/tests/tests/master/configs/sim/build/Carpet/Comm.cc:103:
  -> Synchronising group "EXTRACT::TEMPS" in local mode
WARNING level 2 from host runnervmkkn4f.uxsl2oan1hketor1fyk5ek2tzc.bx.internal.cloudapp.net process 0
  in thorn Carpet, file /home/runner/work/tests/tests/master/configs/sim/build/Carpet/Comm.cc:103:
  -> Synchronising group "EXTRACT::TEMPS" in local mode
WARNING level 2 from host runnervmkkn4f.uxsl2oan1hketor1fyk5ek2tzc.bx.internal.cloudapp.net process 0
  in thorn Carpet, file /home/runner/work/tests/tests/master/configs/sim/build/Carpet/Comm.cc:103:
  -> Synchronising group "EXTRACT::TEMPS" in local mode
WARNING level 2 from host runnervmkkn4f.uxsl2oan1hketor1fyk5ek2tzc.bx.internal.cloudapp.net process 0
  in thorn Carpet, file /home/runner/work/tests/tests/master/configs/sim/build/Carpet/Comm.cc:103:
  -> Synchronising group "EXTRACT::TEMPS" in local mode
      256     2.000 | 4.235144e+04
WARNING level 2 from host runnervmkkn4f.uxsl2oan1hketor1fyk5ek2tzc.bx.internal.cloudapp.net process 0
  in thorn Carpet, file /home/runner/work/tests/tests/master/configs/sim/build/Carpet/Comm.cc:103:
  -> Synchronising group "EXTRACT::TEMPS" in local mode
WARNING level 2 from host runnervmkkn4f.uxsl2oan1hketor1fyk5ek2tzc.bx.internal.cloudapp.net process 0
  in thorn Carpet, file /home/runner/work/tests/tests/master/configs/sim/build/Carpet/Comm.cc:103:
  -> Synchronising group "EXTRACT::TEMPS" in local mode
WARNING level 2 from host runnervmkkn4f.uxsl2oan1hketor1fyk5ek2tzc.bx.internal.cloudapp.net process 0
  in thorn Carpet, file /home/runner/work/tests/tests/master/configs/sim/build/Carpet/Comm.cc:103:
  -> Synchronising group "EXTRACT::TEMPS" in local mode
WARNING level 2 from host runnervmkkn4f.uxsl2oan1hketor1fyk5ek2tzc.bx.internal.cloudapp.net process 0
  in thorn Carpet, file /home/runner/work/tests/tests/master/configs/sim/build/Carpet/Comm.cc:103:
  -> Synchronising group "EXTRACT::TEMPS" in local mode
WARNING level 2 from host runnervmkkn4f.uxsl2oan1hketor1fyk5ek2tzc.bx.internal.cloudapp.net process 0
  in thorn Carpet, file /home/runner/work/tests/tests/master/configs/sim/build/Carpet/Comm.cc:103:
  -> Synchronising group "EXTRACT::TEMPS" in local mode
WARNING level 2 from host runnervmkkn4f.uxsl2oan1hketor1fyk5ek2tzc.bx.internal.cloudapp.net process 0
  in thorn Carpet, file /home/runner/work/tests/tests/master/configs/sim/build/Carpet/Comm.cc:103:
  -> Synchronising group "EXTRACT::TEMPS" in local mode
WARNING level 2 from host runnervmkkn4f.uxsl2oan1hketor1fyk5ek2tzc.bx.internal.cloudapp.net process 0
  in thorn Carpet, file /home/runner/work/tests/tests/master/configs/sim/build/Carpet/Comm.cc:103:
  -> Synchronising group "EXTRACT::TEMPS" in local mode
WARNING level 2 from host runnervmkkn4f.uxsl2oan1hketor1fyk5ek2tzc.bx.internal.cloudapp.net process 0
  in thorn Carpet, file /home/runner/work/tests/tests/master/configs/sim/build/Carpet/Comm.cc:103:
  -> Synchronising group "EXTRACT::TEMPS" in local mode
WARNING level 2 from host runnervmkkn4f.uxsl2oan1hketor1fyk5ek2tzc.bx.internal.cloudapp.net process 0
  in thorn Carpet, file /home/runner/work/tests/tests/master/configs/sim/build/Carpet/Comm.cc:103:
  -> Synchronising group "EXTRACT::TEMPS" in local mode
WARNING level 2 from host runnervmkkn4f.uxsl2oan1hketor1fyk5ek2tzc.bx.internal.cloudapp.net process 0
  in thorn Carpet, file /home/runner/work/tests/tests/master/configs/sim/build/Carpet/Comm.cc:103:
  -> Synchronising group "EXTRACT::TEMPS" in local mode
WARNING level 2 from host runnervmkkn4f.uxsl2oan1hketor1fyk5ek2tzc.bx.internal.cloudapp.net process 0
  in thorn Carpet, file /home/runner/work/tests/tests/master/configs/sim/build/Carpet/Comm.cc:103:
  -> Synchronising group "EXTRACT::TEMPS" in local mode
WARNING level 2 from host runnervmkkn4f.uxsl2oan1hketor1fyk5ek2tzc.bx.internal.cloudapp.net process 0
  in thorn Carpet, file /home/runner/work/tests/tests/master/configs/sim/build/Carpet/Comm.cc:103:
  -> Synchronising group "EXTRACT::TEMPS" in local mode
WARNING level 2 from host runnervmkkn4f.uxsl2oan1hketor1fyk5ek2tzc.bx.internal.cloudapp.net process 0
  in thorn Carpet, file /home/runner/work/tests/tests/master/configs/sim/build/Carpet/Comm.cc:103:
  -> Synchronising group "EXTRACT::TEMPS" in local mode
WARNING level 2 from host runnervmkkn4f.uxsl2oan1hketor1fyk5ek2tzc.bx.internal.cloudapp.net process 0
  in thorn Carpet, file /home/runner/work/tests/tests/master/configs/sim/build/Carpet/Comm.cc:103:
  -> Synchronising group "EXTRACT::TEMPS" in local mode
WARNING level 2 from host runnervmkkn4f.uxsl2oan1hketor1fyk5ek2tzc.bx.internal.cloudapp.net process 0
  in thorn Carpet, file /home/runner/work/tests/tests/master/configs/sim/build/Carpet/Comm.cc:103:
  -> Synchronising group "EXTRACT::TEMPS" in local mode
WARNING level 2 from host runnervmkkn4f.uxsl2oan1hketor1fyk5ek2tzc.bx.internal.cloudapp.net process 0
  in thorn Carpet, file /home/runner/work/tests/tests/master/configs/sim/build/Carpet/Comm.cc:103:
  -> Synchronising group "EXTRACT::TEMPS" in local mode
WARNING level 2 from host runnervmkkn4f.uxsl2oan1hketor1fyk5ek2tzc.bx.internal.cloudapp.net process 0
  in thorn Carpet, file /home/runner/work/tests/tests/master/configs/sim/build/Carpet/Comm.cc:103:
  -> Synchronising group "EXTRACT::TEMPS" in local mode
WARNING level 2 from host runnervmkkn4f.uxsl2oan1hketor1fyk5ek2tzc.bx.internal.cloudapp.net process 0
  in thorn Carpet, file /home/runner/work/tests/tests/master/configs/sim/build/Carpet/Comm.cc:103:
  -> Synchronising group "EXTRACT::TEMPS" in local mode
WARNING level 2 from host runnervmkkn4f.uxsl2oan1hketor1fyk5ek2tzc.bx.internal.cloudapp.net process 0
  in thorn Carpet, file /home/runner/work/tests/tests/master/configs/sim/build/Carpet/Comm.cc:103:
  -> Synchronising group "EXTRACT::TEMPS" in local mode
WARNING level 2 from host runnervmkkn4f.uxsl2oan1hketor1fyk5ek2tzc.bx.internal.cloudapp.net process 0
  in thorn Carpet, file /home/runner/work/tests/tests/master/configs/sim/build/Carpet/Comm.cc:103:
  -> Synchronising group "EXTRACT::TEMPS" in local mode
WARNING level 2 from host runnervmkkn4f.uxsl2oan1hketor1fyk5ek2tzc.bx.internal.cloudapp.net process 0
  in thorn Carpet, file /home/runner/work/tests/tests/master/configs/sim/build/Carpet/Comm.cc:103:
  -> Synchronising group "EXTRACT::TEMPS" in local mode
WARNING level 2 from host runnervmkkn4f.uxsl2oan1hketor1fyk5ek2tzc.bx.internal.cloudapp.net process 0
  in thorn Carpet, file /home/runner/work/tests/tests/master/configs/sim/build/Carpet/Comm.cc:103:
  -> Synchronising group "EXTRACT::TEMPS" in local mode
WARNING level 2 from host runnervmkkn4f.uxsl2oan1hketor1fyk5ek2tzc.bx.internal.cloudapp.net process 0
  in thorn Carpet, file /home/runner/work/tests/tests/master/configs/sim/build/Carpet/Comm.cc:103:
  -> Synchronising group "EXTRACT::TEMPS" in local mode
WARNING level 2 from host runnervmkkn4f.uxsl2oan1hketor1fyk5ek2tzc.bx.internal.cloudapp.net process 0
  in thorn Carpet, file /home/runner/work/tests/tests/master/configs/sim/build/Carpet/Comm.cc:103:
  -> Synchronising group "EXTRACT::TEMPS" in local mode
WARNING level 2 from host runnervmkkn4f.uxsl2oan1hketor1fyk5ek2tzc.bx.internal.cloudapp.net process 0
  in thorn Carpet, file /home/runner/work/tests/tests/master/configs/sim/build/Carpet/Comm.cc:103:
  -> Synchronising group "EXTRACT::TEMPS" in local mode
WARNING level 2 from host runnervmkkn4f.uxsl2oan1hketor1fyk5ek2tzc.bx.internal.cloudapp.net process 0
  in thorn Carpet, file /home/runner/work/tests/tests/master/configs/sim/build/Carpet/Comm.cc:103:
  -> Synchronising group "EXTRACT::TEMPS" in local mode
      512     4.000 | 4.263647e+04
INFO (Carpet): Terminating due to cctk_final_time at t = 4.000000
# Carpet timing information at iteration 512 time 4:
main: 1.78754 3.25401 4.37117e+09 2.18559e+09 1.91266e+09 8.3313e+08 3.53805e+09
meta mode: 1.78752 3.25298 4.37112e+09 2.18556e+09 1.91272e+09 8.33057e+08 3.53806e+09
main/CarpetStartup: 0.02645 0.029088 6.4677e+07 6.4677e+07 0 6.4677e+07 6.4677e+07
main/CarpetStartup/AllocateGridHierarchy: 7e-06 7e-06 16072 16072 0 16072 16072
main/CarpetStartup/CarpetLib::gh::regrid: 0.025244 0.028003 6.17145e+07 1.08271e+06 910614 1.03638e+06 1.97213e+06
main/CarpetStartup/CarpetLib::dh::regrid: 7e-05 5.6e-05 154247 2706.09 2861.08 2499 5464
main/Initialise/CallInitial/Poison: 0.003091 0.00207 7.55778e+06 7.55778e+06 0 7.55778e+06 7.55778e+06
main/Initialise/CallInitial/CCTK_BASEGRID/CallFunction/thorns: 0.001176 0.0005 2.87814e+06 115126 897336 13328 739141
main/CarpetStartup/CarpetLib::gh::regrid/CarpetLib::dh::regrid/region: 0.002196 0.002021 5.3952e+06 94652.5 361945 85823 449404
main/Initialise/CallInitial/CallRegridInitialMeta/Regrid/RegridMap/CarpetLib::gh::regrid/CarpetLib::dh::regrid/region: 0.000182 0.000182 443891 443891 0 443891 443891
main/CarpetStartup/CarpetLib::gh::regrid/CarpetLib::dh::regrid/test: 0.006008 0.007348 1.47247e+07 258329 126996 245637 354491
main/CarpetStartup/CarpetLib::gh::regrid/CarpetLib::dh::regrid/domain: 0.000759 0.001321 1.85793e+06 32595.3 138767 28592 169712
main/Initialise/CallInitial/CallRegridInitialMeta/Regrid/RegridMap/CarpetLib::gh::regrid/CarpetLib::dh::regrid/domain: 5.7e-05 5.7e-05 139405 139405 0 139405 139405
main/CarpetStartup/CarpetLib::gh::regrid/CarpetLib::dh::regrid/comm/refrest: 5e-05 4.6e-05 121394 2129.72 511.452 2058 2548
main/CarpetStartup/CarpetLib::gh::regrid/CarpetLib::dh::regrid/comm/mgprol: 4.5e-05 4.6e-05 120516 2114.32 1900.76 2058 3994
main/CarpetStartup/CarpetLib::dh::recompose: 5e-05 4.5e-05 129558 2272.95 270.704 2205 2401
main/CarpetStartup/CarpetLib::gh::regrid/CarpetLib::dh::regrid/buffers: 0.009496 0.011445 2.32478e+07 407856 126242 392882 459375
main/CarpetStartup/CarpetLib::gh::regrid/CarpetLib::dh::regrid: 0.025066 0.027855 6.12993e+07 1.07543e+06 897202 1.02971e+06 1.9514e+06
main/CarpetStartup/CarpetLib::gh::regrid/CarpetLib::dh::regrid/bcast_comm: 0.004359 0.003745 1.06533e+07 186901 125128 179365 288953
main/CarpetStartup/CarpetLib::gh::regrid/CarpetLib::dh::regrid/comm/sync: 5e-05 4.5e-05 122083 2141.81 720.849 2082 2793
main/CarpetStartup/CarpetLib::gh::regrid/CarpetLib::dh::regrid/mask: 0.000243 0.000209 597040 10474.4 28919.1 5733 29375
main/CarpetStartup/CarpetLib::gh::regrid/CarpetLib::dh::regrid/bcast_boxes: 0.000117 0.000103 272881 4787.39 38476.7 3528 42826
main/CarpetStartup/CarpetLib::gh::regrid/CarpetLib::dh::regrid/unusedpoints_mask: 5.7e-05 5.1e-05 137886 2419.05 624.768 2303 2671
main/CarpetStartup/CarpetLib::gh::regrid/CarpetLib::dh::regrid/bcast_comm/ref_bnd_prol: 0.000405 0.000321 985541 17290.2 42210.7 15778 46280
main/CarpetStartup/CarpetLib::gh::regrid/CarpetLib::dh::regrid/bcast_comm/ref_prol/CarpetLib::dh::bs3: 5.4e-05 4.7e-05 129337 2269.07 487.278 2205 2474
main/CarpetStartup/CarpetLib::gh::regrid/CarpetLib::dh::regrid/comm: 0.000785 0.000702 1.91872e+06 33661.8 26267.4 32536 59486
main/CarpetStartup/CarpetLib::gh::regrid/CarpetLib::dh::regrid/bcast_comm/ref_prol: 0.000407 0.000359 994355 17444.8 26885.4 16194 43953
main/CarpetStartup/CarpetLib::gh::regrid/CarpetLib::dh::regrid/bcast_comm/sync: 0.000395 0.000332 970323 17023.2 31643.3 15901 46452
main/CarpetStartup/CarpetLib::gh::regrid/CarpetLib::dh::regrid/bcast_comm/ref_prol/CarpetLib::dh::bs1: 5.4e-05 5.1e-05 137959 2420.33 1033.82 2254 2817
main/Initialise/CallInitial/CallRegridInitialMeta/Regrid/RegridMap/CarpetLib::gh::regrid/CarpetLib::dh::regrid/bcast_comm/ref_prol/CarpetLib::dh::bs1: 2e-06 1e-06 2524 2524 0 2524 2524
main/Initialise/CallInitial/CallRegridInitialMeta/Regrid/RegridMap/CarpetLib::gh::regrid/CarpetLib::dh::regrid/bcast_comm/sync: 1.4e-05 1.4e-05 35305 35305 0 35305 35305
main/Initialise/CallInitial/CallRegridInitialMeta/Regrid/RegridMap/CarpetLib::gh::regrid/CarpetLib::dh::regrid/comm/mgrest: 1e-06 1e-06 2180 2180 0 2180 2180
main/Initialise/CallInitial/CallRegridInitialMeta/Regrid/RegridMap/CarpetLib::gh::regrid/CarpetLib::dh::regrid/comm/mgprol: 1e-06 1e-06 2107 2107 0 2107 2107
main/Initialise/CallInitial/CallRegridInitialMeta/Regrid/RegridMap/CarpetLib::gh::regrid/CarpetLib::dh::regrid/comm/refprol: 1e-06 1e-06 2107 2107 0 2107 2107
main/Initialise/CallInitial/CallRegridInitialMeta/Regrid/RegridMap/CarpetLib::gh::regrid/CarpetLib::dh::regrid/comm/sync: 1e-06 1e-06 2279 2279 0 2279 2279
main/Initialise/CallInitial/CallRegridInitialMeta/Regrid/RegridMap/CarpetLib::gh::regrid/CarpetLib::dh::regrid/comm/refbndprol: 1e-06 1e-06 2156 2156 0 2156 2156
main/CarpetStartup/CarpetLib::gh::regrid/CarpetLib::dh::regrid/bcast_comm/ref_prol/CarpetLib::dh::bs2: 7.5e-05 7e-05 195361 3427.39 12289.8 2793 15533
main/CarpetStartup/CarpetLib::gh::regrid/CarpetLib::dh::regrid/bcast_comm/sync/CarpetLib::dh::bs1: 6.5e-05 4.4e-05 129996 2280.63 529.305 2229 2744
main/CarpetStartup/CarpetLib::gh::regrid/CarpetLib::dh::regrid/bcast_comm/sync/CarpetLib::dh::bs2: 7e-05 5.5e-05 161136 2826.95 951.905 2597 3258
main/CarpetStartup/CarpetLib::gh::regrid/CarpetLib::dh::regrid/bcast_comm/sync/CarpetLib::dh::bs3: 5.2e-05 4.5e-05 127280 2232.98 194.25 2205 2327
main/CarpetStartup/CarpetLib::gh::regrid/CarpetLib::dh::regrid/bcast_comm/ref_refl_prol: 0.001991 0.001665 4.87631e+06 85549.2 30989.7 84060 113974
main/CarpetStartup/CarpetLib::gh::regrid/CarpetLib::dh::regrid/bcast_comm/ref_bnd_prol/CarpetLib::dh::bs1: 5.3e-05 4.4e-05 157141 2756.86 28092.3 2205 30600
main/CarpetStartup/CarpetLib::gh::regrid/CarpetLib::dh::regrid/bcast_comm/ref_bnd_prol/CarpetLib::dh::bs2: 6.2e-05 5.3e-05 184048 3228.91 29382.3 2572 32340
main/CarpetStartup/CarpetLib::gh::regrid/CarpetLib::dh::regrid/bcast_comm/old2new_sync: 0.0004 0.000429 984876 17278.5 45755.1 15705 48583
main/CarpetStartup/CarpetLib::gh::regrid/CarpetLib::dh::regrid/bcast_comm/ref_refl_prol/CarpetLib::dh::bs1: 0.000321 0.000262 766334 2240.74 546.093 2205 2499
main/CarpetStartup/CarpetLib::gh::regrid/CarpetLib::dh::regrid/bcast_comm/ref_bnd_prol/CarpetLib::dh::bs3: 5.6e-05 4.3e-05 127646 2239.4 657.229 2180 2842
main/CarpetStartup/CarpetLib::gh::regrid/CarpetLib::dh::regrid/bcast_comm/ref_refl_prol/CarpetLib::dh::bs3: 0.00032 0.000271 757419 2214.68 425.654 2180 2450
main/CarpetStartup/CarpetLib::gh::regrid/CarpetLib::dh::regrid/bcast_comm/ref_refl_prol/CarpetLib::dh::bs2: 0.000376 0.000317 919482 2688.54 28850.9 2523 31458
main/CarpetStartup/CarpetLib::gh::regrid/CarpetLib::dh::regrid/bcast_comm/old2new_sync/CarpetLib::dh::bs2: 6.2e-05 5.1e-05 147347 2585.04 371.769 2524 2842
main/CarpetStartup/CarpetLib::gh::regrid/CarpetLib::dh::regrid/bcast_comm/old2new_sync/CarpetLib::dh::bs3: 5.3e-05 4.4e-05 129236 2267.3 2059.15 2180 3822
main/CarpetStartup/CarpetLib::gh::regrid/CarpetLib::dh::regrid/bcast_comm/old2new_sync/CarpetLib::dh::bs1: 7.8e-05 0.000113 128943 2262.16 1064.45 2205 3087
main/CarpetStartup/CarpetLib::gh::regrid/CarpetLib::dh::regrid/bcast_comm/old2new_ref_prol/CarpetLib::dh::bs1: 4.7e-05 4.2e-05 127207 2231.7 156.179 2205 2303
main/CarpetStartup/CarpetLib::gh::regrid/CarpetLib::dh::regrid/bcast_comm/old2new_ref_prol/CarpetLib::dh::bs2: 5.9e-05 4.8e-05 147639 2590.16 581.577 2524 3136
main/CarpetStartup/CarpetLib::gh::regrid/CarpetLib::dh::regrid/bcast_comm/old2new_ref_prol: 0.000377 0.000314 925881 16243.5 11095.3 15876 27220
main/CarpetStartup/CarpetLib::gh::regrid/CarpetLib::dh::regrid/bcast_comm/old2new_ref_prol/CarpetLib::dh::bs3: 5.4e-05 4.6e-05 126154 2213.23 152.256 2180 2303
main/CarpetStartup/CarpetLib::gh::regrid/CarpetLib::dh::regrid/comm/refprol: 5.1e-05 4.4e-05 118922 2086.35 194.892 2034 2229
main/CarpetStartup/CarpetLib::gh::regrid/CarpetLib::dh::regrid/comm/refbndprol: 4.9e-05 4.5e-05 119142 2090.21 135.187 2058 2132
main/CarpetStartup/CarpetLib::gh::regrid/CarpetLib::dh::regrid/comm/reflux: 4.6e-05 4.4e-05 118069 2071.39 184.2 2033 2181
main/CarpetStartup/CarpetLib::gh::regrid/CarpetLib::dh::regrid/comm/mgrest: 4.7e-05 4.4e-05 119979 2104.89 197.214 2058 2230
main/CarpetStartup/CheckRegions: 1e-06 1e-06 2597 2597 0 2597 2597
meta mode/meta mode/global mode/level(0)/leave_singlemap_mode: 0.000578 0.00051 1.40995e+06 3524.89 29336.6 2254 30600
meta mode/meta mode/global mode: 1.7301 3.20841 4.23073e+09 1.28204e+08 3.16782e+09 16464 3.22226e+09
meta mode/meta mode/global mode/level(0)/leave_local_mode: 0.001256 0.001164 3.00662e+06 7669.94 67100.7 2229 36236
meta mode/meta mode: 1.76108 3.22491 4.30646e+09 2.15323e+09 1.86712e+09 8.32981e+08 3.47348e+09
meta mode/meta mode/global mode/level(0): 1.72747 3.20538 4.22428e+09 3.49114e+07 3.19647e+09 12691 3.18931e+09
meta mode/meta mode/leave_global_mode: 0.000195 0.000164 474491 14378.5 44550.1 8452 32560
meta mode/meta mode/global mode/leave_level_mode: 0.00018 0.000154 447745 3700.37 4188.81 3307 5145
main/Initialise/CarpetLib::ggf::recompose_crop: 0.00068 0.000264 1.50561e+06 2641.42 31300.9 2401 29228
main/Initialise: 1.41988 2.60547 3.47212e+09 3.47212e+09 0 3.47212e+09 3.47212e+09
main/Initialise/dh::recompose_free_old: 0.000558 0.000228 1.35125e+06 2370.61 7721.24 2303 6811
main/Initialise/CarpetLib::ggf::recompose_allocate: 0.000697 0.000284 1.66838e+06 2926.98 50299.1 2597 50176
main/Initialise/CallSetup/Poison: 0.00047 0.000255 1.15121e+06 1.15121e+06 0 1.15121e+06 1.15121e+06
meta mode/meta mode/enter_global_mode: 0.001108 0.000845 2.74446e+06 85764.5 260266 53900 187327
meta mode/meta mode/global mode/enter_level_mode: 0.000194 0.000161 472704 3939.2 7516.37 3381 7497
main/Initialise/CallSetup: 0.001709 0.000687 4.17901e+06 4.17901e+06 0 4.17901e+06 4.17901e+06
meta mode/meta mode/global mode/level(0)/enter_local_mode: 0.00292 0.003783 7.26252e+06 18574.2 175716 2254 65317
main/Initialise/CallSetup/CCTK_WRAGH/CallFunction: 0.000675 0 1.64755e+06 91530.6 414023 17861 419391
main/Initialise/CallSetup/CCTK_WRAGH: 0.000772 0 1.88755e+06 1.88755e+06 0 1.88755e+06 1.88755e+06
meta mode/meta mode/global mode/level(0)/enter_singlemap_mode: 0.00058 0.000545 1.54735e+06 3878.06 69004.6 2230 54439
main/Initialise/CallSetup/CCTK_WRAGH/CallFunction/thorns/Einstein_InitSymBound: 1.2e-05 0 28837 28837 0 28837 28837
main/Initialise/CallSetup/CCTK_WRAGH/CallFunction/thorns/Boundary_RegisterBCs: 5e-06 0 12372 12372 0 12372 12372
main/Initialise/CallSetup/CCTK_WRAGH/CallFunction/thorns: 0.000389 0 954445 53024.7 301213 12593 321881
main/Initialise/CallSetup/CCTK_WRAGH/CallFunction/thorns/CarpetRegrid2_Initialise: 1.4e-05 0 35574 35574 0 35574 35574
main/Initialise/CallSetup/CCTK_WRAGH/CallFunction/thorns/RegisterCartGrid3DCoords: 2.2e-05 0 53386 53386 0 53386 53386
main/Initialise/CallSetup/CCTK_WRAGH/CallFunction/thorns/Einstein_ActivateSlicing: 4e-06 0 8599 8599 0 8599 8599
main/Initialise/CallSetup/CCTK_WRAGH/CallFunction/thorns/Einstein_SetNextSlicing: 1e-06 0 4018 4018 0 4018 4018
main/Initialise/CallSetup/CCTK_WRAGH/CallFunction/thorns/MoL_SetupIndexArrays: 1.9e-05 0 46942 46942 0 46942 46942
main/Initialise/CallSetup/CCTK_WRAGH/CallFunction/thorns/ML_BSSN_ParamCompat: 0.000125 0 306642 306642 0 306642 306642
main/Initialise/CallSetup/CCTK_WRAGH/CallFunction/thorns/ML_BSSN_RegisterVars: 4.7e-05 0 114366 114366 0 114366 114366
main/Initialise/CallInitial/CallRegridInitialMeta/Regrid/RegridMap/CarpetLib::gh::regrid: 0.000813 0.000811 1.987e+06 1.987e+06 0 1.987e+06 1.987e+06
main/Initialise/CallSetup/CCTK_WRAGH/CallFunction/thorns/TmunuBase_SetStressEnergyState: 5e-06 0 11368 11368 0 11368 11368
main/Initialise/CallSetup/CCTK_WRAGH/CallFunction/thorns/ML_BSSN_RegisterConstrained: 5e-06 0 11784 11784 0 11784 11784
main/Initialise/CallSetup/CCTK_WRAGH/CallFunction/thorns/Slab_InitTimers: 1.7e-05 0 40940 40940 0 40940 40940
main/Initialise/CallSetup/CCTK_WRAGH/CallFunction/thorns/MoL_SetScheduleStatus: 1e-06 0 2989 2989 0 2989 2989
main/Initialise/CallSetup/CCTK_WRAGH/CallFunction/thorns/CartGrid3D_RegisterSymmetryBoundaries: 4e-06 0 9408 9408 0 9408 9408
main/Initialise/CallSetup/CCTK_WRAGH/CallFunction/thorns/ML_BSSN_RegisterSymmetries: 2.5e-05 0 59829 59829 0 59829 59829
main/Initialise/CallSetup/CCTK_WRAGH/CallFunction/thorns/ReflectionSymmetry_Register: 3e-06 0 8183 8183 0 8183 8183
main/Initialise/CallSetup/CCTK_WRAGH/CallFunction/thorns/SymBase_Statistics: 2e-06 0 5758 5758 0 5758 5758
main/Initialise/CallSetup/CCTK_WRAGH/CallFunction/thorns/MoL_ReportNumberVariables: 4e-06 0 8036 8036 0 8036 8036
main/Initialise/CallSetup/CCTK_PARAMCHECK: 0.000364 0.000351 889570 889570 0 889570 889570
main/Initialise/CallSetup/CCTK_PARAMCHECK/CallFunction: 0.000288 0.000278 697124 43570.2 180626 17272 166159
main/Initialise/CallSetup/CCTK_PARAMCHECK/CallFunction/thorns: 0.000219 0.000214 529470 33091.9 136849 12250 144966
main/Initialise/CallSetup/CCTK_PARAMCHECK/CallFunction/thorns/ADMBase_ParamCheck: 1.7e-05 1.7e-05 41038 41038 0 41038 41038
main/Initialise/CallSetup/CCTK_PARAMCHECK/CallFunction/thorns/Boundary_Check: 1e-06 1e-06 2621 2621 0 2621 2621
main/Initialise/CallSetup/CCTK_PARAMCHECK/CallFunction/thorns/CarpetLib_test_prolongate_3d_rf2: 1.2e-05 1.1e-05 27905 27905 0 27905 27905
main/Initialise/CallSetup/CCTK_PARAMCHECK/CallFunction/thorns/CarpetSurfaceParamCheck: 2e-06 1e-06 3479 3479 0 3479 3479
main/Initialise/CallSetup/CCTK_PARAMCHECK/CallFunction/thorns/CarpetRegrid2_ParamCheck: 1e-05 1e-05 23741 23741 0 23741 23741
main/Initialise/CallSetup/CCTK_PARAMCHECK/CallFunction/thorns/CarpetParamCheck: 1e-05 9e-06 23789 23789 0 23789 23789
main/Initialise/CallSetup/CCTK_PARAMCHECK/CallFunction/thorns/dissipation_paramcheck: 1e-06 2e-06 3332 3332 0 3332 3332
main/Initialise/CallSetup/CCTK_PARAMCHECK/CallFunction/thorns/Extract_ParamCheck: 2e-06 1e-06 3602 3602 0 3602 3602
main/Initialise/CallSetup/CCTK_PARAMCHECK/CallFunction/thorns/CheckFortranParameters: 1e-06 2e-06 3626 3626 0 3626 3626
main/Initialise/CallSetup/CCTK_PARAMCHECK/CallFunction/thorns/ML_BSSN_ParamCheck: 2.7e-05 2.6e-05 65072 65072 0 65072 65072
main/Initialise/CallSetup/CCTK_PARAMCHECK/CallFunction/thorns/ParamCheck_CartGrid3D: 3e-06 3e-06 7056 7056 0 7056 7056
main/Initialise/CallSetup/CCTK_PARAMCHECK/CallFunction/thorns/MoL_ParamCheck: 2e-06 2e-06 4581 4581 0 4581 4581
main/Initialise/CallSetup/CCTK_PARAMCHECK/CallFunction/thorns/SphericalSurface_ParamCheck: 2e-06 2e-06 4753 4753 0 4753 4753
main/Initialise/CallSetup/CCTK_PARAMCHECK/CallFunction/thorns/TmunuBase_ParamCheck: 1e-06 2e-06 2670 2670 0 2670 2670
main/Initialise/CallSetup/CCTK_PARAMCHECK/CallFunction/thorns/TwoPunctures_ParamCheck: 2e-06 2e-06 3455 3455 0 3455 3455
main/Initialise/CallSetup/CCTK_PARAMCHECK/CallFunction/thorns/Vectors_Test: 5.5e-05 5.5e-05 135093 135093 0 135093 135093
main/Initialise/CallInitial: 1.32315 2.46692 3.23557e+09 3.23557e+09 0 3.23557e+09 3.23557e+09
main/Initialise/CallInitial/CallRegridInitialMeta: 0.0016 0.001573 3.91042e+06 3.91042e+06 0 3.91042e+06 3.91042e+06
main/Initialise/CallInitial/CallRegridInitialMeta/Regrid: 0.001427 0.001402 3.49115e+06 3.49115e+06 0 3.49115e+06 3.49115e+06
main/Initialise/CallInitial/CallRegridInitialMeta/CCTK_PREREGRIDINITIAL: 3e-06 3e-06 7473 7473 0 7473 7473
main/Initialise/CallInitial/CallRegridInitialMeta/Regrid/CarpetRegrid2::RegridMaps: 0.000519 0.000497 1.26871e+06 1.26871e+06 0 1.26871e+06 1.26871e+06
main/Initialise/CallInitial/CallRegridInitialMeta/Regrid/RegridMap/CarpetLib::gh::regrid/CarpetLib::dh::regrid/comm/refrest: 1e-06 1e-06 2523 2523 0 2523 2523
main/Initialise/CallInitial/CallRegridInitialMeta/Regrid/RegridMap/CarpetLib::gh::regrid/CarpetLib::dh::regrid/comm/reflux: 1e-06 1e-06 2205 2205 0 2205 2205
main/Initialise/CallInitial/CallRegridInitialMeta/Regrid/RegridMap/CarpetLib::gh::regrid/CarpetLib::dh::regrid/mask: 6e-06 6e-06 13622 13622 0 13622 13622
main/Initialise/CallInitial/CallRegridInitialMeta/Regrid/RegridMap/CarpetLib::gh::regrid/CarpetLib::dh::regrid/bcast_boxes: 4e-06 4e-06 8134 8134 0 8134 8134
main/Initialise/CallInitial/CallRegridInitialMeta/Regrid/RegridMap/CarpetLib::gh::regrid/CarpetLib::dh::regrid/bcast_comm/sync/CarpetLib::dh::bs1: 2e-06 1e-06 2597 2597 0 2597 2597
main/Evolve/CallEvol: 0.203139 0.367717 4.9667e+08 970059 3.49769e+08 2058 2.50105e+08
main/Initialise/CallInitial/CallRegridInitialMeta/Regrid/PostRegrid: 3.1e-05 3.1e-05 76244 76244 0 76244 76244
main/Initialise/CallInitial/CallRegridInitialMeta/Regrid/RegridMap/CarpetLib::gh::regrid/CarpetLib::dh::regrid: 0.000806 0.000806 1.97073e+06 1.97073e+06 0 1.97073e+06 1.97073e+06
main/Evolve/CallRegrid/Regrid/PostRegrid: 2.7e-05 2.8e-05 67056 67056 0 67056 67056
main/Initialise/CallInitial/CCTK_BASEGRID/CallFunction/thorns/dissipation_basegrid: 1.2e-05 1.2e-05 28738 28738 0 28738 28738
main/Initialise/CallInitial/CCTK_BASEGRID/CallFunction/thorns/NaNChecker_ResetCounter: 2e-06 1e-06 3724 3724 0 3724 3724
main/Initialise/CallInitial/CallRegridInitialMeta/Regrid/RegridMap/CarpetLib::gh::regrid/CarpetLib::dh::regrid/buffers: 0.000187 0.000187 456704 456704 0 456704 456704
main/Initialise/CallInitial/CallRegridInitialMeta/Regrid/RegridMap/CarpetLib::gh::regrid/CarpetLib::dh::regrid/test: 0.000146 0.000146 357014 357014 0 357014 357014
main/Initialise/CallInitial/CallRegridInitialMeta/Regrid/RegridMap: 0.000841 0.000838 2.05543e+06 2.05543e+06 0 2.05543e+06 2.05543e+06
main/Initialise/CallInitial/CallRegridInitialMeta/Recompose: 0.000107 0.000107 262640 262640 0 262640 262640
main/Initialise/CallInitial/CallRegridInitialMeta/RegridFree: 2e-06 2e-06 3700 3700 0 3700 3700
main/Initialise/CallInitial/CCTK_BASEGRID/CallFunction/thorns/SpatialCoordinates: 0.000297 0.000297 727160 727160 0 727160 727160
main/Initialise/CallInitial/CCTK_BASEGRID/CallFunction/thorns/MaskBase_AllocateMask: 0.000185 7.7e-05 451780 451780 0 451780 451780
main/Initialise/CallInitial/CallRegridInitialMeta/Regrid/RegridMap/CarpetLib::gh::regrid/CarpetLib::dh::regrid/comm: 3.1e-05 3.1e-05 75019 75019 0 75019 75019
main/Initialise/CallInitial/CallRegridInitialMeta/Regrid/RegridMap/CarpetLib::gh::regrid/CarpetLib::dh::regrid/unusedpoints_mask: 1e-06 1e-06 2744 2744 0 2744 2744
main/Initialise/CallInitial/CallRegridInitialMeta/Regrid/RegridMap/CarpetLib::gh::regrid/CarpetLib::dh::regrid/bcast_comm/ref_prol/CarpetLib::dh::bs2: 2e-06 2e-06 5512 5512 0 5512 5512
main/Initialise/CallInitial/CallRegridInitialMeta/Regrid/RegridMap/CarpetLib::gh::regrid/CarpetLib::dh::regrid/bcast_comm/ref_prol/CarpetLib::dh::bs3: 1e-06 2e-06 2450 2450 0 2450 2450
main/Initialise/CallInitial/CallRegridInitialMeta/Regrid/RegridMap/CarpetLib::gh::regrid/CarpetLib::dh::regrid/bcast_comm/ref_bnd_prol: 1.4e-05 1.4e-05 33271 33271 0 33271 33271
main/Initialise/CallInitial/CallRegridInitialMeta/Regrid/RegridMap/CarpetLib::gh::regrid/CarpetLib::dh::regrid/bcast_comm: 0.000143 0.000142 347753 347753 0 347753 347753
main/Initialise/CallInitial/CCTK_BASEGRID: 0.00185 0.000832 4.52388e+06 4.52388e+06 0 4.52388e+06 4.52388e+06
main/Initialise/CallInitial/CCTK_BASEGRID/CallFunction/thorns/SphericalSurface_SetupRes: 3e-06 3e-06 6272 6272 0 6272 6272
main/Initialise/CallInitial/CCTK_BASEGRID/CallFunction/thorns/SphericalSurface_Setup: 4e-06 5e-06 10927 10927 0 10927 10927
main/Initialise/CallInitial/CallRegridInitialMeta/Regrid/RegridMap/CarpetLib::gh::regrid/CarpetLib::dh::regrid/bcast_comm/sync/CarpetLib::dh::bs2: 1e-06 1e-06 2989 2989 0 2989 2989
main/Initialise/CallInitial/CallRegridInitialMeta/Regrid/RegridMap/CarpetLib::gh::regrid/CarpetLib::dh::regrid/bcast_comm/sync/CarpetLib::dh::bs3: 1e-06 1e-06 2499 2499 0 2499 2499
main/Initialise/CallInitial/CallRegridInitialMeta/Regrid/RegridMap/CarpetLib::gh::regrid/CarpetLib::dh::regrid/bcast_comm/ref_refl_prol: 4.7e-05 4.7e-05 114881 114881 0 114881 114881
main/Initialise/CallInitial/CallRegridInitialMeta/Regrid/RegridMap/CarpetLib::gh::regrid/CarpetLib::dh::regrid/bcast_comm/ref_bnd_prol/CarpetLib::dh::bs1: 1e-06 1e-06 2352 2352 0 2352 2352
main/Initialise/CallInitial/CallRegridInitialMeta/Regrid/RegridMap/CarpetLib::gh::regrid/CarpetLib::dh::regrid/bcast_comm/ref_bnd_prol/CarpetLib::dh::bs2: 1e-06 1e-06 2719 2719 0 2719 2719
main/Initialise/CallInitial/CallRegridInitialMeta/Regrid/RegridMap/CarpetLib::gh::regrid/CarpetLib::dh::regrid/bcast_comm/ref_bnd_prol/CarpetLib::dh::bs3: 1e-06 1e-06 2278 2278 0 2278 2278
main/Initialise/CallInitial/CallRegridInitialMeta/Regrid/RegridMap/CarpetLib::gh::regrid/CarpetLib::dh::regrid/bcast_comm/old2new_sync: 1.4e-05 1.4e-05 33883 33883 0 33883 33883
main/Initialise/CallInitial/CallRegridInitialMeta/Regrid/RegridMap/CarpetLib::gh::regrid/CarpetLib::dh::regrid/bcast_comm/ref_refl_prol/CarpetLib::dh::bs1: 5e-06 5e-06 13744 2290.67 67.1962 2278 2352
main/Evolve/CallRegrid/Regrid/RegridMap/CarpetLib::gh::regrid/CarpetLib::dh::regrid/comm: 3.7e-05 3.7e-05 89670 89670 0 89670 89670
main/Initialise/CallInitial/CallRegridInitialMeta/Regrid/RegridMap/CarpetLib::gh::regrid/CarpetLib::dh::regrid/bcast_comm/ref_refl_prol/CarpetLib::dh::bs3: 5e-06 6e-06 13598 2266.33 45.971 2254 2303
main/Initialise/CallInitial/CallRegridInitialMeta/Regrid/RegridMap/CarpetLib::gh::regrid/CarpetLib::dh::regrid/bcast_comm/old2new_sync/CarpetLib::dh::bs1: 1e-06 1e-06 2352 2352 0 2352 2352
main/Initialise/CallInitial/CallRegridInitialMeta/Regrid/RegridMap/CarpetLib::gh::regrid/CarpetLib::dh::regrid/bcast_comm/old2new_sync/CarpetLib::dh::bs2: 1e-06 1e-06 2793 2793 0 2793 2793
main/Initialise/CallInitial/CallRegridInitialMeta/Regrid/RegridMap/CarpetLib::gh::regrid/CarpetLib::dh::regrid/bcast_comm/old2new_sync/CarpetLib::dh::bs3: 1e-06 1e-06 2278 2278 0 2278 2278
main/Initialise/CallInitial/CallRegridInitialMeta/Regrid/RegridMap/CarpetLib::gh::regrid/CarpetLib::dh::regrid/bcast_comm/old2new_ref_prol: 1.7e-05 1.6e-05 40400 40400 0 40400 40400
main/Initialise/CallInitial/CallRegridInitialMeta/Regrid/RegridMap/CarpetLib::gh::regrid/CarpetLib::dh::regrid/bcast_comm/old2new_ref_prol/CarpetLib::dh::bs1: 1e-06 1e-06 2327 2327 0 2327 2327
main/Initialise/CallInitial/CallRegridInitialMeta/Regrid/RegridMap/CarpetLib::gh::regrid/CarpetLib::dh::regrid/bcast_comm/old2new_ref_prol/CarpetLib::dh::bs2: 1e-06 1e-06 2671 2671 0 2671 2671
main/Initialise/CallInitial/CallRegridInitialMeta/Regrid/RegridMap/CarpetLib::gh::regrid/CarpetLib::dh::regrid/bcast_comm/old2new_ref_prol/CarpetLib::dh::bs3: 1e-06 1e-06 2328 2328 0 2328 2328
main/Initialise/CallInitial/CallRegridInitialMeta/Regrid/RegridMap/CarpetLib::gh::regrid/CarpetLib::dh::regrid/bcast_comm/ref_refl_prol/CarpetLib::dh::bs2: 7e-06 6e-06 16169 2694.83 302.382 2572 2940
main/Initialise/CallInitial/CCTK_BASEGRID/CallFunction/thorns/ADMBase_SetShiftStateOn: 2e-06 2e-06 4189 4189 0 4189 4189
main/Initialise/CallInitial/CCTK_BASEGRID/CallFunction/thorns/ADMBase_SetDtLapseStateOn: 1e-06 1e-06 2793 2793 0 2793 2793
main/Initialise/CallInitial/CCTK_BASEGRID/CallFunction/thorns/ADMBase_SetDtShiftStateOn: 1e-06 1e-06 2646 2646 0 2646 2646
main/Initialise/CallInitial/CCTK_BASEGRID/CallFunction/thorns/ADMMacros_SetLocalSpatialOrder: 2e-06 1e-06 4239 4239 0 4239 4239
main/Initialise/CallInitial/CCTK_BASEGRID/CallFunction/thorns/SpatialSpacings: 2.6e-05 2.7e-05 65660 65660 0 65660 65660
main/Initialise/CallInitial/CCTK_BASEGRID/CallFunction: 0.001702 0.000751 4.16155e+06 166462 915385 36922 789733
main/Initialise/CallInitial/CCTK_BASEGRID/CallFunction/thorns/MaskBase_AllocateMask/CarpetLib::ggf::recompose_crop: 3e-06 2e-06 5464 2732 121.622 2646 2818
main/Initialise/CallInitial/CCTK_BASEGRID/CallFunction/thorns/MaskBase_AllocateMask/CarpetLib::ggf::recompose_allocate: 2e-06 4e-06 6615 3307.5 381.131 3038 3577
main/Initialise/CallInitial/CCTK_BASEGRID/CallFunction/thorns/MaskBase_AllocateMask/dh::recompose_free_old: 3e-06 2e-06 4777 2388.5 86.9741 2327 2450
main/Initialise/CallInitial/CCTK_BASEGRID/CallFunction/thorns/MaskBase_InitMask: 9.1e-05 0 222681 222681 0 222681 222681
main/Initialise/CallInitial/CCTK_BASEGRID/CallFunction/thorns/CarpetMaskSetup: 1.7e-05 0 41111 41111 0 41111 41111
main/Initialise/CallInitial/CCTK_BASEGRID/CallFunction/thorns/CarpetExcludedSetup: 3e-06 0 7962 7962 0 7962 7962
main/Initialise/CallInitial/CCTK_BASEGRID/CallFunction/thorns/CarpetSurfaceSetup: 3e-06 0 8771 8771 0 8771 8771
main/Initialise/CallInitial/CCTK_BASEGRID/CallFunction/thorns/CoordBase_SetupMask: 0.000144 0 353143 353143 0 353143 353143
main/Initialise/CallInitial/CCTK_BASEGRID/CallFunction/thorns/SphericalSurface_Set: 2e-06 0 6541 6541 0 6541 6541
main/Initialise/CallInitial/CCTK_BASEGRID/CallFunction/thorns/MaskBase_TestMask: 0.000125 0 305662 305662 0 305662 305662
main/Initialise/CallInitial/CCTK_BASEGRID/CallFunction/thorns/SphericalSurface_CheckState: 2e-06 0 3112 3112 0 3112 3112
main/Initialise/CallInitial/CCTK_BASEGRID/CallFunction/thorns/SBP_SetNormMask: 2.9e-05 0 71270 71270 0 71270 71270
main/Initialise/CallInitial/CCTK_BASEGRID/CallFunction/thorns/SymBase_Check: 2e-06 0 3700 3700 0 3700 3700
main/Initialise/CallInitial/CCTK_BASEGRID/CallFunction/thorns/Time_Initialise: 1e-06 1e-06 3258 3258 0 3258 3258
main/Initialise/CallInitial/CCTK_BASEGRID/CallFunction/thorns/MaskBase_SetMask: 8.7e-05 0 214106 214106 0 214106 214106
main/Initialise/CallInitial/CCTK_INITIAL/CallFunction/thorns/TwoPunctures: 1.30397 2.43786 3.18869e+09 3.18869e+09 0 3.18869e+09 3.18869e+09
main/Initialise/CallInitial/CCTK_INITIAL/CallFunction/thorns/TwoPunctures_Metadata: 0.000153 0.000148 375144 375144 0 375144 375144
main/Initialise/CallInitial/CCTK_INITIAL/CallFunction/thorns/ADMBase_ShiftZero: 0.00012 0.000115 293020 293020 0 293020 293020
main/Initialise/CallInitial/CCTK_INITIAL/CallFunction/thorns/ADMBase_DtLapseZero: 4e-05 3.9e-05 100082 100082 0 100082 100082
main/Initialise/CallInitial/CCTK_INITIAL/CallFunction/thorns/ADMBase_DtShiftZero: 0.000116 0.000112 284616 284616 0 284616 284616
main/Initialise/CallInitial/CCTK_INITIAL/CallFunction/thorns/CarpetIOASCIIInit: 2e-06 1e-06 4483 4483 0 4483 4483
main/Initialise/CallInitial/CCTK_INITIAL/CallFunction/thorns/CarpetIOBasicInit: 1e-06 2e-06 3405 3405 0 3405 3405
main/Initialise/CallInitial/CCTK_INITIAL: 1.30802 2.44586 3.19858e+09 3.19858e+09 0 3.19858e+09 3.19858e+09
main/Initialise/CallInitial/CCTK_BASEGRID/CallFunction/thorns/TemporalSpacings: 3e-06 3e-06 7766 7766 0 7766 7766
main/Initialise/CallInitial/CCTK_INITIAL/CallFunction/thorns/CarpetIOScalarInit: 1e-06 2e-06 3430 3430 0 3430 3430
main/Initialise/CallInitial/CCTK_INITIAL/CallFunction/thorns/ML_BSSN_InitialADMBase1Everywhere: 0.001361 0.003364 3.32935e+06 3.32935e+06 0 3.32935e+06 3.32935e+06
main/Initialise/CallInitial/CCTK_INITIAL/CallFunction/thorns/ML_BSSN_InitialADMBase2BoundaryScalar: 0.000171 0.000171 418803 418803 0 418803 418803
main/Initialise/CallInitial/CCTK_INITIAL/CallFunction: 1.30783 2.44468 3.19811e+09 2.28436e+08 3.07211e+09 20531 3.18879e+09
main/Initialise/CallInitial/CCTK_INITIAL/CallFunction/thorns: 1.30741 2.44428 3.19708e+09 2.28363e+08 3.07209e+09 14847 3.1887e+09
main/Initialise/CallInitial/CCTK_INITIAL/CallFunction/thorns/StaticConformal_InitialiseState: 2e-06 2e-06 5561 5561 0 5561 5561
main/Initialise/CallInitial/CCTK_INITIAL/CarpetLib::ggf::recompose_crop: 1e-06 1e-06 2670 2670 0 2670 2670
main/Initialise/CallInitial/CCTK_INITIAL/CarpetLib::ggf::recompose_allocate: 2e-06 1e-06 3553 3553 0 3553 3553
main/Initialise/CallInitial/CCTK_INITIAL/dh::recompose_free_old: 1e-06 1e-06 2695 2695 0 2695 2695
main/Initialise/CallInitial/CallRegridInitialMeta/Regrid/RegridMap/CarpetLib::gh::regrid/CarpetLib::dh::regrid/bcast_comm/ref_prol: 1.6e-05 1.5e-05 38808 38808 0 38808 38808
main/Evolve/CallEvol/CCTK_EVOL/CallFunction/thorns/MoL_InitialCopy: 0.00115 0.000988 2.81868e+06 1.40934e+06 92337.5 1.34404e+06 1.47463e+06
main/Initialise/CallInitial/CCTK_BASEGRID/CallFunction/thorns/ML_BSSN_CheckBoundaries: 1e-06 2e-06 3430 3430 0 3430 3430
main/Initialise/CallInitial/CallRegridInitialMeta/Regrid/RegridMap/CheckRegions: 1e-06 1e-06 2572 2572 0 2572 2572
main/Initialise/CallInitial/CCTK_INITIAL/CallFunction/thorns/ML_BSSN_InitialADMBase2Interior: 0.001135 0.002136 2.77778e+06 2.77778e+06 0 2.77778e+06 2.77778e+06
main/Initialise/CallInitial/CCTK_INITIAL/CallFunction/syncs: 7.7e-05 7.7e-05 188601 188601 0 188601 188601
main/Initialise/CallInitial/CCTK_INITIAL/CallFunction/syncs/Prolongate: 1e-06 1e-06 2572 2572 0 2572 2572
main/Initialise/CallInitial/CCTK_INITIAL/CallFunction/syncs/Sync: 6.5e-05 6.4e-05 157314 157314 0 157314 157314
main/Initialise/CallInitial/CCTK_INITIAL/CallFunction/syncs/Sync/comm_state[0].create: 7e-06 6e-06 15778 15778 0 15778 15778
main/Initialise/CallInitial/CCTK_INITIAL/CallFunction/syncs/Sync/comm_state[1].state_get_buffer_sizes.user: 3e-06 3e-06 7350 7350 0 7350 7350
main/Initialise/CallInitial/CCTK_INITIAL/CallFunction/syncs/Sync/comm_state[3].state_fill_send_buffers.user: 2e-06 1e-06 3675 3675 0 3675 3675
main/Initialise/CallInitial/CCTK_INITIAL/CallFunction/syncs/Sync/comm_state[4].state_fill_send_buffers.step: 1e-06 1e-06 2695 2695 0 2695 2695
main/Initialise/CallInitial/CCTK_INITIAL/CallFunction/syncs/Sync/comm_state[5].state_do_some_work.user: 1e-06 2e-06 3528 3528 0 3528 3528
main/Initialise/CallInitial/CCTK_INITIAL/CallFunction/syncs/Sync/comm_state[6].state_do_some_work.step: 2e-06 2e-06 5047 5047 0 5047 5047
main/Initialise/CallInitial/CCTK_INITIAL/CallFunction/syncs/Sync/comm_state[7].state_empty_recv_buffers.user: 1e-06 2e-06 3430 3430 0 3430 3430
main/Initialise/CallInitial/CCTK_INITIAL/CallFunction/syncs/Sync/comm_state[8].state_empty_recv_buffers.step: 2e-06 1e-06 3356 3356 0 3356 3356
main/Initialise/CallInitial/CCTK_INITIAL/CallFunction/thorns/MoL_StartLoop: 2e-06 2e-06 3797 3797 0 3797 3797
main/Initialise/CallInitial/CCTK_INITIAL/CallFunction/thorns/ML_BSSN_ExtrapolateGammas: 0.000238 0.000235 582659 582659 0 582659 582659
main/Initialise/CallInitial/CCTK_POSTINITIAL: 0.006829 0.012829 1.66989e+07 1.66989e+07 0 1.66989e+07 1.66989e+07
main/Initialise/CallInitial/CCTK_INITIAL/CallFunction/syncs/Sync/comm_state[2].state_get_buffer_sizes.step: 2e-06 1e-06 4557 4557 0 4557 4557
main/Initialise/CallInitial/CCTK_POSTINITIAL/CallFunction/thorns: 0.006133 0.012131 1.50016e+07 555614 6.73256e+06 7276 6.26203e+06
main/Initialise/CallInitial/CCTK_POSTINITIAL/CallFunction/thorns/ML_BSSN_EnforceEverywhere: 0.0006 0.000601 1.47061e+06 1.47061e+06 0 1.47061e+06 1.47061e+06
main/Initialise/CallInitial/CCTK_POSTINITIAL/CallFunction/thorns/ML_BSSN_SelectBoundConds: 2.8e-05 2.8e-05 68012 68012 0 68012 68012
main/Initialise/CallInitial/CCTK_POSTINITIAL/CallFunction: 0.006686 0.012683 1.63477e+07 605469 6.74416e+06 12250 6.31296e+06
main/Initialise/CallInitial/CCTK_POSTINITIAL/CallFunction/syncs/Prolongate: 4e-06 3e-06 8869 2217.25 73.5034 2180 2254
main/Initialise/CallInitial/CCTK_POSTINITIAL/CallFunction/syncs/Sync: 0.000113 0.000115 280622 70155.5 65345.1 48681 126665
main/Initialise/CallInitial/CCTK_POSTINITIAL/CallFunction/syncs/Sync/comm_state[1].state_get_buffer_sizes.user: 8e-06 9e-06 21217 5304.25 3298.98 3601 8012
main/Initialise/CallInitial/CCTK_POSTINITIAL/CallFunction/syncs/Sync/comm_state[0].create: 5e-06 4e-06 11221 2805.25 374.631 2572 3063
main/Initialise/CallInitial/CCTK_POSTINITIAL/CallFunction/syncs/Sync/comm_state[2].state_get_buffer_sizes.step: 4e-06 5e-06 11955 2988.75 165.725 2891 3111
main/Initialise/CallInitial/CCTK_POSTINITIAL/CallFunction/syncs/Sync/comm_state[3].state_fill_send_buffers.user: 7e-06 8e-06 14798 3699.5 2477.03 2719 5807
main/Initialise/CallInitial/CCTK_POSTINITIAL/CallFunction/syncs/Sync/comm_state[4].state_fill_send_buffers.step: 5e-06 4e-06 10044 2511 73.3348 2474 2572
main/Initialise/CallInitial/CCTK_POSTINITIAL/CallFunction/syncs/Sync/comm_state[5].state_do_some_work.user: 6e-06 7e-06 14456 3614 2453.3 2671 5709
main/Initialise/CallInitial/CCTK_POSTINITIAL/CallFunction/syncs/Sync/comm_state[6].state_do_some_work.step: 4e-06 5e-06 10608 2652 140.492 2572 2744
main/Initialise/CallInitial/CCTK_POSTINITIAL/CallFunction/syncs/Sync/comm_state[7].state_empty_recv_buffers.user: 5e-06 6e-06 14504 3626 2507.54 2621 5758
main/Initialise/CallInitial/CCTK_POSTINITIAL/CallFunction/syncs/Sync/comm_state[8].state_empty_recv_buffers.step: 5e-06 5e-06 13058 3264.5 1632.6 2548 4630
main/Initialise/CallInitial/CCTK_POSTINITIAL/CallFunction/syncs: 0.000139 0.00014 342289 85572.2 79360.1 59878 154227
main/Initialise/CallInitial/CCTK_POSTINITIAL/CallFunction/thorns/Boundary_ApplyPhysicalBCs: 0.000511 0.000512 1.25308e+06 313269 772129 7644 953075
main/Initialise/CallInitial/CCTK_POSTINITIAL/CallFunction/thorns/CartGrid3D_ApplyBC: 1.2e-05 1.3e-05 31091 7772.75 5328.86 4851 11711
main/Initialise/CallInitial/CCTK_POSTINITIAL/CallFunction/thorns/ReflectionSymmetry_Apply: 0.000167 0.000168 413485 103371 142963 19771 203840
main/Initialise/CallInitial/CCTK_POSTINITIAL/CallFunction/thorns/ML_BSSN_ADMBaseInterior: 0.001061 0.00306 2.59472e+06 2.59472e+06 0 2.59472e+06 2.59472e+06
main/Initialise/CallInitial/CCTK_POSTINITIAL/CallFunction/thorns/Boundary_ClearSelection: 4e-06 6e-06 13622 3405.5 740.827 2891 3847
main/Initialise/CallInitial/CCTK_POSTINITIAL/CallFunction/thorns/ML_BSSN_ADMBaseBoundaryScalar: 0.000118 0.000118 289173 289173 0 289173 289173
main/Initialise/CallInitial/CCTK_POSTINITIAL/CallFunction/thorns/ML_BSSN_ADMBase_SelectBCs: 1.2e-05 1.2e-05 28297 28297 0 28297 28297
main/Initialise/CallInitial/CCTK_POSTINITIAL/CallFunction/thorns/ML_BSSN_ConstraintsEverywhere: 9.6e-05 9.6e-05 234784 234784 0 234784 234784
main/Initialise/CallInitial/CCTK_POSTINITIAL/CallFunction/thorns/ML_BSSN_ConstraintsEverywhere_SelectBCs: 9e-06 9e-06 21879 21879 0 21879 21879
main/Initialise/CallInitial/CCTK_POSTINITIAL/CallFunction/thorns/ML_BSSN_ADMBaseEverywhere: 0.000831 0.001832 2.03482e+06 2.03482e+06 0 2.03482e+06 2.03482e+06
main/Initialise/CallInitial/CCTK_POSTINITIAL/CallFunction/thorns/SBP_CheckGridSizes: 2e-06 2e-06 6248 6248 0 6248 6248
main/Initialise/CallInitial/CCTK_POSTINITIAL/CallFunction/thorns/ML_BSSN_ConstraintsInterior_SelectBCs: 1.2e-05 1.2e-05 29375 29375 0 29375 29375
main/Initialise/CallRestrict: 1e-06 1e-06 2572 2572 0 2572 2572
main/Initialise/CallPostInitial: 0.070352 0.127187 1.72034e+08 1.72034e+08 0 1.72034e+08 1.72034e+08
main/Initialise/CallPostInitial/CCTK_POSTSTEP: 0.070251 0.127086 1.71788e+08 1.71788e+08 0 1.71788e+08 1.71788e+08
main/Initialise/CallPostInitial/CCTK_POSTPOSTINITIAL: 4e-06 4e-06 8992 8992 0 8992 8992
main/Initialise/CallPostInitial/CCTK_POSTSTEP/CallFunction: 0.070078 0.126916 1.71368e+08 1.07105e+07 1.22527e+08 41013 1.20122e+08
main/Initialise/CallPostInitial/CCTK_POSTSTEP/CallFunction/thorns: 0.069657 0.126494 1.70339e+08 1.06462e+07 1.22515e+08 16856 1.20052e+08
main/Initialise/CallPostInitial/CCTK_POSTSTEP/CallFunction/thorns/SphericalSurface_Set: 3e-06 2e-06 7154 7154 0 7154 7154
main/Initialise/CallPostInitial/CCTK_POSTSTEP/CallFunction/thorns/SphericalSurface_CheckState: 1e-06 2e-06 3675 3675 0 3675 3675
main/Initialise/CallInitial/CCTK_POSTINITIAL/CallFunction/thorns/ML_BSSN_ConstraintsInterior: 0.002555 0.005555 6.24804e+06 6.24804e+06 0 6.24804e+06 6.24804e+06
main/Initialise/CallPostInitial/CCTK_POSTSTEP/CarpetLib::ggf::recompose_crop: 4e-06 2e-06 5757 2878.5 328.805 2646 3111
main/Initialise/CallPostInitial/CCTK_POSTSTEP/CarpetLib::ggf::recompose_allocate: 2e-06 3e-06 7179 3589.5 952.473 2916 4263
main/Initialise/CallPostInitial/CCTK_POSTSTEP/dh::recompose_free_old: 2e-06 2e-06 4973 2486.5 86.9741 2425 2548
main/Initialise/CallPostInitial/CCTK_POSTSTEP/CallFunction/thorns/Extract: 0.049087 0.085846 1.20038e+08 1.20038e+08 0 1.20038e+08 1.20038e+08
main/Initialise/CallPostInitial/CCTK_POSTSTEP/CallFunction/thorns/Extract/Sync/comm_state[0].create: 2.9e-05 2.8e-05 69484 2672.46 797.386 2450 3185
main/Initialise/CallPostInitial/CCTK_POSTSTEP/CallFunction/thorns/Extract/Sync/comm_state[1].state_get_buffer_sizes.user: 3.3e-05 3.7e-05 83033 3193.58 1292.71 2989 4042
main/Initialise/CallPostInitial/CCTK_POSTSTEP/CallFunction/thorns/NaNChecker_NaNCheck_Check: 0.02007 0.03915 4.90804e+07 4.90804e+07 0 4.90804e+07 4.90804e+07
main/Initialise/CallPostInitial/CCTK_POSTSTEP/CallFunction/thorns/Extract/Prolongate: 4.5e-05 3.6e-05 65588 2522.62 593.739 2401 2940
main/Initialise/CallPostInitial/CCTK_POSTSTEP/CallFunction/thorns/Extract/Sync: 0.00055 0.001551 1.3142e+06 50546.3 68370.8 46550 117355
main/Initialise/CallPostInitial/CCTK_POSTSTEP/CallFunction/thorns/NaNChecker_NaNCheck_Prepare: 5e-06 5e-06 12936 12936 0 12936 12936
main/Initialise/CallPostInitial/CCTK_POSTSTEP/CallFunction/thorns/NaNChecker_NaNCheck_Finish: 7e-06 7e-06 16954 16954 0 16954 16954
main/Initialise/CallPostInitial/CCTK_POSTSTEP/CallFunction/thorns/NaNChecker_TakeAction: 1e-06 1e-06 3087 3087 0 3087 3087
main/Initialise/CallPostInitial/CCTK_POSTSTEP/CallFunction/thorns/setup_epsdis: 1.2e-05 1.3e-05 30772 30772 0 30772 30772
main/Initialise/CallPostInitial/CCTK_POSTSTEP/CallFunction/syncs: 5.7e-05 5.7e-05 139454 139454 0 139454 139454
main/Initialise/CallPostInitial/CCTK_POSTSTEP/CallFunction/syncs/Prolongate: 1e-06 1e-06 2303 2303 0 2303 2303
main/Initialise/CallPostInitial/CCTK_POSTSTEP/CallFunction/syncs/Sync: 4.7e-05 4.7e-05 113901 113901 0 113901 113901
main/Initialise/CallPostInitial/CCTK_POSTSTEP/CallFunction/syncs/Sync/comm_state[1].state_get_buffer_sizes.user: 1e-06 2e-06 4018 4018 0 4018 4018
main/Initialise/CallPostInitial/CCTK_POSTSTEP/CallFunction/syncs/Sync/comm_state[0].create: 1e-06 2e-06 3160 3160 0 3160 3160
main/Initialise/CallPostInitial/CCTK_POSTSTEP/CallFunction/syncs/Sync/comm_state[2].state_get_buffer_sizes.step: 2e-06 2e-06 4655 4655 0 4655 4655
main/Initialise/CallPostInitial/CCTK_POSTSTEP/CallFunction/syncs/Sync/comm_state[3].state_fill_send_buffers.user: 1e-06 1e-06 2744 2744 0 2744 2744
main/Initialise/CallPostInitial/CCTK_POSTSTEP/CallFunction/syncs/Sync/comm_state[4].state_fill_send_buffers.step: 1e-06 1e-06 2572 2572 0 2572 2572
main/Initialise/CallPostInitial/CCTK_POSTSTEP/CallFunction/syncs/Sync/comm_state[5].state_do_some_work.user: 2e-06 1e-06 2695 2695 0 2695 2695
main/Initialise/CallPostInitial/CCTK_POSTSTEP/CallFunction/syncs/Sync/comm_state[6].state_do_some_work.step: 1e-06 1e-06 2965 2965 0 2965 2965
main/Initialise/CallPostInitial/CCTK_POSTSTEP/CallFunction/syncs/Sync/comm_state[7].state_empty_recv_buffers.user: 1e-06 1e-06 2695 2695 0 2695 2695
main/Initialise/CallPostInitial/CCTK_POSTSTEP/CallFunction/syncs/Sync/comm_state[8].state_empty_recv_buffers.step: 1e-06 2e-06 2989 2989 0 2989 2989
main/Initialise/CallAnalysis: 0.003108 0.00514 7.60169e+06 7.60169e+06 0 7.60169e+06 7.60169e+06
main/Initialise/CallPostInitial/CCTK_POSTSTEP/CallFunction/thorns/MaskBase_AllocateMask: 2.1e-05 2.1e-05 52136 52136 0 52136 52136
main/Evolve: 0.339832 0.617399 8.3101e+08 8.3101e+08 0 8.3101e+08 8.3101e+08
main/Evolve/DoTerminate: 0.000448 0.000394 1.08484e+06 2114.7 9279.32 2033 9579
main/Evolve/AdvanceTime: 0.000449 0.000386 1.07313e+06 2095.96 1893.13 2034 3528
main/Evolve/CallRegrid: 0.001723 0.003724 4.21326e+06 2.10663e+06 2.83097e+06 104836 4.10843e+06
main/Evolve/CallRegrid/CCTK_PREREGRID: 6.3e-05 6.3e-05 152121 76060.5 26453.6 57355 94766
main/Evolve/CallRegrid/CCTK_PREREGRID/CallFunction: 4.1e-05 4.1e-05 102434 51217 14535.3 40939 61495
main/Evolve/CallRegrid/CCTK_PREREGRID/CallFunction/thorns: 1.8e-05 1.8e-05 41772 20886 6774.08 16096 25676
main/Evolve/CallRegrid/CCTK_PREREGRID/CallFunction/thorns/CarpetTracker_SetPositions: 1e-05 1e-05 23324 11662 623.668 11221 12103
main/Evolve/CallRegrid/Regrid: 0.001527 0.003528 3.73549e+06 1.86774e+06 2.59579e+06 32242 3.70325e+06
main/Evolve/CallRegrid/Regrid/RegridMap/CarpetLib::gh::regrid/CarpetLib::dh::regrid: 0.000884 0.001884 2.162e+06 2.162e+06 0 2.162e+06 2.162e+06
main/Evolve/CallRegrid/Regrid/RegridMap/CarpetLib::gh::regrid: 0.000892 0.001891 2.17996e+06 2.17996e+06 0 2.17996e+06 2.17996e+06
main/Evolve/CallRegrid/Regrid/CarpetRegrid2::RegridMaps: 0.000539 0.001541 1.31844e+06 659222 927047 3700 1.31474e+06
main/Evolve/CallEvol/Poison: 0.003217 0.007215 7.86467e+06 3.93234e+06 10515.4 3.9249e+06 3.93977e+06
main/Evolve/CallRegrid/Regrid/RegridMap/CarpetLib::gh::regrid/CarpetLib::dh::regrid/domain: 4.1e-05 4.1e-05 100450 100450 0 100450 100450
main/Evolve/CallEvol/CCTK_EVOL/CallFunction/thorns/ML_BSSN_ConstraintsEverywhere_SelectBCs: 1.7e-05 1.8e-05 43341 21670.5 86.9741 21609 21732
main/Evolve/CallEvol/CCTK_EVOL/CallFunction/thorns/ML_BSSN_EvolutionBoundaryScalar: 0.00293 0.002932 7.17502e+06 896878 307339 809603 1.13673e+06
main/Evolve/CallRegrid/Regrid/RegridMap/CarpetLib::gh::regrid/CarpetLib::dh::regrid/regrid: 6.6e-05 0.001065 160867 160867 0 160867 160867
main/Evolve/CallEvol/CCTK_EVOL/CallFunction/thorns/MoL_InitRHS: 0.001582 0.003584 3.87943e+06 484928 526809 290178 817050
main/Evolve/CallEvol/CCTK_EVOL/CallFunction/thorns/ML_BSSN_ConstraintsEverywhere: 0.0002 0.000198 491323 245662 5716.96 241619 249704
main/Evolve/CallRegrid/Regrid/RegridMap/CarpetLib::gh::regrid/CarpetLib::dh::regrid/unusedpoints_mask: 1e-06 1e-06 2646 2646 0 2646 2646
main/Evolve/CallRegrid/Regrid/RegridMap: 0.000918 0.001917 2.24574e+06 2.24574e+06 0 2.24574e+06 2.24574e+06
main/Evolve/CallEvol/CycleTimeLevels: 2.8e-05 2.7e-05 66885 33442.5 276.479 33247 33638
main/Evolve/CallRegrid/Recompose: 6.2e-05 6.2e-05 150258 150258 0 150258 150258
main/Evolve/CallEvol/CCTK_EVOL/CallFunction/thorns/MoL_AllocateScratch: 3e-06 1e-06 6812 3406 207.889 3259 3553
main/Evolve/CallRegrid/Regrid/RegridMap/CarpetLib::gh::regrid/CarpetLib::dh::regrid/regrid/sync: 4.3e-05 0.001042 106330 106330 0 106330 106330
main/Evolve/CallRegrid/Regrid/RegridMap/CarpetLib::gh::regrid/CarpetLib::dh::regrid/regrid/prolongate: 1e-06 1e-06 2401 2401 0 2401 2401
main/Evolve/CallRegrid/Regrid/RegridMap/CarpetLib::gh::regrid/CarpetLib::dh::regrid/comm/mgrest: 1e-06 1e-06 2205 2205 0 2205 2205
main/Evolve/CallRegrid/Regrid/RegridMap/CarpetLib::gh::regrid/CarpetLib::dh::regrid/comm/mgprol: 1e-06 1e-06 2107 2107 0 2107 2107
main/Evolve/CallRegrid/Regrid/RegridMap/CarpetLib::gh::regrid/CarpetLib::dh::regrid/comm/refprol: 1e-06 1e-06 2131 2131 0 2131 2131
main/Evolve/CallRegrid/Regrid/RegridMap/CarpetLib::gh::regrid/CarpetLib::dh::regrid/comm/sync: 1e-06 1e-06 2548 2548 0 2548 2548
main/Evolve/CallRegrid/Regrid/RegridMap/CarpetLib::gh::regrid/CarpetLib::dh::regrid/comm/refbndprol: 0 1e-06 2156 2156 0 2156 2156
main/Evolve/CallRegrid/Regrid/RegridMap/CarpetLib::gh::regrid/CarpetLib::dh::regrid/comm/refrest: 1e-06 1e-06 2523 2523 0 2523 2523
main/Evolve/CallRegrid/Regrid/RegridMap/CarpetLib::gh::regrid/CarpetLib::dh::regrid/comm/reflux: 1e-06 1e-06 2279 2279 0 2279 2279
main/Evolve/CallRegrid/Regrid/RegridMap/CarpetLib::gh::regrid/CarpetLib::dh::regrid/mask: 3e-06 3e-06 7693 7693 0 7693 7693
main/Evolve/CallRegrid/Regrid/RegridMap/CarpetLib::gh::regrid/CarpetLib::dh::regrid/test: 0.000145 0.000145 355079 355079 0 355079 355079
main/Evolve/CallRegrid/Regrid/RegridMap/CarpetLib::gh::regrid/CarpetLib::dh::regrid/buffers: 0.000186 0.000185 454720 454720 0 454720 454720
main/Evolve/CallRegrid/Regrid/RegridMap/CarpetLib::gh::regrid/CarpetLib::dh::regrid/region: 0.000178 0.000178 434115 434115 0 434115 434115
main/Evolve/CallRegrid/Regrid/RegridMap/CheckRegions: 1e-06 1e-06 2548 2548 0 2548 2548
main/Evolve/CallRegrid/RegridFree: 3e-06 3e-06 8819 4409.5 589.02 3993 4826
main/Evolve/CallEvol/CCTK_EVOL/CallFunction/thorns/ML_BSSN_EvolutionInteriorSplitBy1: 0.012038 0.022808 2.94464e+07 3.68079e+06 1.5993e+06 3.32401e+06 4.7614e+06
main/Evolve/CallRegrid/Regrid/RegridMap/CarpetLib::gh::regrid/CarpetLib::dh::regrid/bcast_boxes: 3e-06 3e-06 8354 8354 0 8354 8354
main/Evolve/CallRegrid/Regrid/RegridMap/CarpetLib::gh::regrid/CarpetLib::dh::regrid/bcast_comm: 0.00016 0.000159 389844 389844 0 389844 389844
main/Evolve/CallRegrid/Regrid/RegridMap/CarpetLib::gh::regrid/CarpetLib::dh::regrid/bcast_comm/ref_prol: 1.8e-05 1.9e-05 45006 45006 0 45006 45006
main/Evolve/CallRegrid/Regrid/RegridMap/CarpetLib::gh::regrid/CarpetLib::dh::regrid/bcast_comm/sync: 1.7e-05 1.6e-05 40131 40131 0 40131 40131
main/Evolve/CallRegrid/Regrid/RegridMap/CarpetLib::gh::regrid/CarpetLib::dh::regrid/bcast_comm/ref_prol/CarpetLib::dh::bs1: 1e-06 1e-06 2719 2719 0 2719 2719
main/Evolve/CallRegrid/Regrid/RegridMap/CarpetLib::gh::regrid/CarpetLib::dh::regrid/bcast_comm/ref_prol/CarpetLib::dh::bs2: 2e-06 2e-06 5806 5806 0 5806 5806
main/Evolve/CallRegrid/Regrid/RegridMap/CarpetLib::gh::regrid/CarpetLib::dh::regrid/bcast_comm/ref_prol/CarpetLib::dh::bs3: 1e-06 1e-06 2352 2352 0 2352 2352
main/Evolve/CallRegrid/Regrid/RegridMap/CarpetLib::gh::regrid/CarpetLib::dh::regrid/bcast_comm/ref_bnd_prol: 1.7e-05 1.7e-05 40229 40229 0 40229 40229
main/Evolve/CallRegrid/Regrid/RegridMap/CarpetLib::gh::regrid/CarpetLib::dh::regrid/bcast_comm/sync/CarpetLib::dh::bs1: 1e-06 1e-06 2499 2499 0 2499 2499
main/Evolve/CallRegrid/Regrid/RegridMap/CarpetLib::gh::regrid/CarpetLib::dh::regrid/bcast_comm/sync/CarpetLib::dh::bs2: 1e-06 1e-06 2965 2965 0 2965 2965
main/Evolve/CallRegrid/Regrid/RegridMap/CarpetLib::gh::regrid/CarpetLib::dh::regrid/bcast_comm/sync/CarpetLib::dh::bs3: 1e-06 1e-06 2352 2352 0 2352 2352
main/Evolve/CallRegrid/Regrid/RegridMap/CarpetLib::gh::regrid/CarpetLib::dh::regrid/bcast_comm/ref_refl_prol: 4.5e-05 4.6e-05 111377 111377 0 111377 111377
main/Evolve/CallRegrid/Regrid/RegridMap/CarpetLib::gh::regrid/CarpetLib::dh::regrid/bcast_comm/ref_bnd_prol/CarpetLib::dh::bs1: 1e-06 1e-06 2572 2572 0 2572 2572
main/Evolve/CallRegrid/Regrid/RegridMap/CarpetLib::gh::regrid/CarpetLib::dh::regrid/bcast_comm/ref_bnd_prol/CarpetLib::dh::bs2: 2e-06 1e-06 2867 2867 0 2867 2867
main/Evolve/CallRegrid/Regrid/RegridMap/CarpetLib::gh::regrid/CarpetLib::dh::regrid/bcast_comm/ref_bnd_prol/CarpetLib::dh::bs3: 1e-06 1e-06 2254 2254 0 2254 2254
main/Evolve/CallRegrid/Regrid/RegridMap/CarpetLib::gh::regrid/CarpetLib::dh::regrid/bcast_comm/old2new_sync: 1.6e-05 1.7e-05 40156 40156 0 40156 40156
main/Evolve/CallRegrid/Regrid/RegridMap/CarpetLib::gh::regrid/CarpetLib::dh::regrid/bcast_comm/ref_refl_prol/CarpetLib::dh::bs1: 6e-06 6e-06 13917 2319.5 102.086 2278 2401
main/Evolve/CallRegrid/Regrid/RegridMap/CarpetLib::gh::regrid/CarpetLib::dh::regrid/bcast_comm/ref_refl_prol/CarpetLib::dh::bs2: 6e-06 7e-06 16195 2699.17 216.903 2597 2817
main/Evolve/CallRegrid/Regrid/RegridMap/CarpetLib::gh::regrid/CarpetLib::dh::regrid/bcast_comm/ref_refl_prol/CarpetLib::dh::bs3: 6e-06 6e-06 13622 2270.33 44.7363 2254 2303
main/Evolve/CallRegrid/Regrid/RegridMap/CarpetLib::gh::regrid/CarpetLib::dh::regrid/bcast_comm/old2new_sync/CarpetLib::dh::bs1: 1e-06 1e-06 2377 2377 0 2377 2377
main/Evolve/CallRegrid/Regrid/RegridMap/CarpetLib::gh::regrid/CarpetLib::dh::regrid/bcast_comm/old2new_sync/CarpetLib::dh::bs2: 1e-06 2e-06 2842 2842 0 2842 2842
main/Evolve/CallRegrid/Regrid/RegridMap/CarpetLib::gh::regrid/CarpetLib::dh::regrid/bcast_comm/old2new_sync/CarpetLib::dh::bs3: 1e-06 1e-06 2278 2278 0 2278 2278
main/Evolve/CallRegrid/Regrid/RegridMap/CarpetLib::gh::regrid/CarpetLib::dh::regrid/bcast_comm/old2new_ref_prol: 1.7e-05 1.7e-05 41283 41283 0 41283 41283
main/Evolve/CallRegrid/Regrid/RegridMap/CarpetLib::gh::regrid/CarpetLib::dh::regrid/bcast_comm/old2new_ref_prol/CarpetLib::dh::bs1: 1e-06 1e-06 2352 2352 0 2352 2352
main/Evolve/CallEvol/CCTK_PRESTEP: 0.000232 0.000231 567542 283771 57707 242966 324576
main/Evolve/CallRegrid/Regrid/RegridMap/CarpetLib::gh::regrid/CarpetLib::dh::regrid/bcast_comm/old2new_ref_prol/CarpetLib::dh::bs2: 1e-06 1e-06 2793 2793 0 2793 2793
main/Evolve/CallRegrid/Regrid/RegridMap/CarpetLib::gh::regrid/CarpetLib::dh::regrid/bcast_comm/old2new_ref_prol/CarpetLib::dh::bs3: 1e-06 1e-06 2499 2499 0 2499 2499
main/Evolve/CallEvol/CCTK_PRESTEP/CallFunction: 0.000189 0.00019 463344 77224 88882.2 30698 127327
main/Evolve/CallEvol/CCTK_PRESTEP/CallFunction/thorns: 3.6e-05 3.6e-05 87710 14618.3 15018.8 7129 23937
main/Evolve/CallEvol/CCTK_PRESTEP/CallFunction/thorns/Einstein_SetNextSlicing: 7e-06 7e-06 16072 8036 762.261 7497 8575
main/Evolve/CallEvol/CCTK_PRESTEP/CallFunction/thorns/LC_steer: 2e-06 2e-06 5708 2854 155.563 2744 2964
main/Evolve/CallEvol/CCTK_EVOL: 0.19904 0.35967 4.86727e+08 2.43364e+08 3.18888e+06 2.41109e+08 2.45619e+08
main/Evolve/CallEvol/CCTK_PRESTEP/CallFunction/thorns/NaNChecker_ResetCounter: 2e-06 2e-06 6542 3271 190.919 3136 3406
main/Evolve/CallEvol/CCTK_EVOL/CallFunction: 0.198058 0.357702 4.84307e+08 2.00127e+06 7.5561e+07 12225 2.71884e+07
main/Evolve/CallEvol/CCTK_EVOL/CallFunction/thorns: 0.193501 0.349129 4.73216e+08 1.95544e+06 7.54831e+07 7423 2.71133e+07
main/Evolve/CallEvol/CCTK_EVOL/CallFunction/thorns/MoL_StartLoop: 2e-06 3e-06 7179 3589.5 190.212 3455 3724
main/Evolve/CallEvol/CCTK_EVOL/CallFunction/thorns/MoL_SetCounter: 4e-06 4e-06 11099 5549.5 225.567 5390 5709
main/Evolve/CallEvol/CCTK_EVOL/CallFunction/thorns/MoL_SetTime: 3e-06 3e-06 8721 4360.5 311.834 4140 4581
main/Evolve/CallEvol/CCTK_EVOL/CallFunction/thorns/MoL_AllocateScratchSpace: 0.003512 0.001731 8.59012e+06 4.29506e+06 218925 4.14026e+06 4.44986e+06
main/Evolve/CallEvol/CCTK_EVOL/CallFunction/thorns/MoL_AllocateScratchSpace/CarpetLib::ggf::recompose_crop: 2e-06 2e-06 3160 3160 0 3160 3160
main/Evolve/CallEvol/CCTK_EVOL/CallFunction/thorns/MoL_AllocateScratchSpace/CarpetLib::ggf::recompose_allocate: 2e-06 2e-06 4385 4385 0 4385 4385
main/Evolve/CallEvol/CCTK_EVOL/CallFunction/thorns/MoL_AllocateScratchSpace/dh::recompose_free_old: 1e-06 1e-06 2524 2524 0 2524 2524
main/Evolve/CallEvol/CCTK_EVOL/CallFunction/thorns/ML_BSSN_ConstraintsInterior: 0.005048 0.010038 1.23452e+07 6.1726e+06 62124.3 6.12868e+06 6.21653e+06
main/Evolve/CallEvol/CCTK_EVOL/CallFunction/thorns/ML_BSSN_ConstraintsInterior_SelectBCs: 2.3e-05 2.2e-05 56203 28101.5 207.182 27955 28248
main/Evolve/CheckLevelTimes: 0.000447 0.000407 1.07772e+06 2104.91 1874.46 2058 3136
main/Evolve/CallAnalysis: 0.12935 0.239767 3.16304e+08 617782 2.22456e+08 2034 1.58754e+08
main/Evolve/CallRestrict: 0.000446 0.000405 1.07183e+06 2093.42 1893.35 2034 3479
main/Evolve/PrintTimers: 0.000469 0.000438 1.13546e+06 2217.69 62403.6 2033 64264
main/Evolve/CallAnalysis/CCTK_POSTSTEP: 0.124155 0.229743 3.03604e+08 1.51802e+08 1.4809e+06 1.50755e+08 1.52849e+08
main/Evolve/CallAnalysis/CCTK_POSTSTEP/CallFunction: 0.12394 0.229541 3.03074e+08 9.47107e+06 1.4856e+08 17665 1.00949e+08
main/Evolve/CallAnalysis/CCTK_POSTSTEP/CallFunction/thorns: 0.1231 0.228757 3.01033e+08 9.40728e+06 1.48534e+08 7570 1.00868e+08
main/Evolve/CallAnalysis/CCTK_POSTSTEP/CallFunction/thorns/SphericalSurface_CheckState: 2e-06 1e-06 6345 3172.5 259.508 2989 3356
main/Evolve/CallEvol/CCTK_EVOL/CallFunction/thorns/ML_BSSN_EvolutionInteriorSplitBy2: 0.018487 0.039478 4.52213e+07 5.65266e+06 943155 5.37234e+06 6.24052e+06
main/Evolve/CallEvol/CCTK_EVOL/CallFunction/thorns/ML_BSSN_EvolutionInteriorSplitBy3: 0.021854 0.041856 5.34558e+07 6.68197e+06 458523 6.45328e+06 6.89072e+06
main/Evolve/CallEvol/CCTK_EVOL/CallFunction/thorns/ML_BSSN_NewRad: 0.086224 0.149666 2.10872e+08 2.6359e+07 858542 2.59984e+07 2.7091e+07
main/Initialise/CallPostInitial/CCTK_POSTSTEP/CallFunction/thorns/MaskBase_InitMask: 5.6e-05 5.6e-05 136783 136783 0 136783 136783
main/Initialise/CallPostInitial/CCTK_POSTSTEP/CallFunction/thorns/CoordBase_SetupMask: 9.6e-05 9.5e-05 234391 234391 0 234391 234391
main/Initialise/CallPostInitial/CCTK_POSTSTEP/CallFunction/thorns/CarpetMaskSetup: 1.8e-05 1.8e-05 43977 43977 0 43977 43977
main/Initialise/CallPostInitial/CCTK_POSTSTEP/CallFunction/thorns/CarpetExcludedSetup: 3e-06 3e-06 7374 7374 0 7374 7374
main/Initialise/CallPostInitial/CCTK_POSTSTEP/CallFunction/thorns/CarpetSurfaceSetup: 3e-06 3e-06 7693 7693 0 7693 7693
main/Initialise/CallPostInitial/CCTK_POSTSTEP/CallFunction/thorns/MaskBase_SetMask: 7.7e-05 7.6e-05 187547 187547 0 187547 187547
main/Initialise/CallPostInitial/CCTK_POSTSTEP/CallFunction/thorns/MaskBase_TestMask: 8.4e-05 8.4e-05 205702 205702 0 205702 205702
main/Initialise/CallAnalysis/CCTK_CPINITIAL: 4e-06 4e-06 9604 9604 0 9604 9604
main/Initialise/CallAnalysis/CCTK_ANALYSIS: 0.000576 0.001576 1.40784e+06 1.40784e+06 0 1.40784e+06 1.40784e+06
main/Initialise/CallAnalysis/CCTK_ANALYSIS/CallFunction: 0.000537 0.001538 1.31504e+06 438346 488484 135142 814355
main/Initialise/CallAnalysis/CCTK_ANALYSIS/CallFunction/thorns: 0.000464 0.001464 1.13349e+06 377831 547889 16513 786915
main/Initialise/CallAnalysis/CCTK_ANALYSIS/CallFunction/thorns/CarpetLib_printtimestats: 0.000129 0.001129 317569 317569 0 317569 317569
main/Initialise/CallAnalysis/CCTK_ANALYSIS/CallFunction/thorns/CarpetLib_printmemstats: 0.000315 0.000315 770868 770868 0 770868 770868
main/Initialise/CallAnalysis/OutputGH: 0.002343 0.003374 5.72714e+06 5.72714e+06 0 5.72714e+06 5.72714e+06
main/Initialise/CallAnalysis/CCTK_ANALYSIS/CallFunction/thorns/LC_statistics_analysis: 1e-06 2e-06 3160 3160 0 3160 3160
main/Initialise/CallAnalysis/OutputGH/OutputGH: 0.002336 0.003368 5.71188e+06 5.71188e+06 0 5.71188e+06 5.71188e+06
main/Initialise/CallAnalysis/OutputGH/OutputGH/IOBasic::CarpetIOBasic [0]: 3.7e-05 3.7e-05 91900 91900 0 91900 91900
main/Initialise/CallAnalysis/OutputGH/OutputGH/IOBasic::CarpetIOBasic [0]/OutputGH: 3.2e-05 3.2e-05 79037 79037 0 79037 79037
main/Initialise/CallAnalysis/OutputGH/OutputGH/IOScalar::CarpetIOScalar [1]: 7e-06 6e-06 15214 15214 0 15214 15214
main/Initialise/CallAnalysis/OutputGH/OutputGH/IOScalar::CarpetIOScalar [1]/OutputGH: 1e-06 1e-06 2891 2891 0 2891 2891
main/Initialise/CallAnalysis/OutputGH/OutputGH/IOASCII::IOASCII_0D [2]/OutputGH<0>: 2e-06 1e-06 3013 3013 0 3013 3013
main/Initialise/CallAnalysis/OutputGH/OutputGH/IOASCII::IOASCII_0D [2]: 7e-06 6e-06 16219 16219 0 16219 16219
main/Initialise/CallAnalysis/OutputGH/OutputGH/IOASCII::IOASCII_1D [3]/OutputGH<1>: 0.00223 0.003263 5.4547e+06 5.4547e+06 0 5.4547e+06 5.4547e+06
main/Initialise/CallAnalysis/OutputGH/OutputGH/IOASCII::IOASCII_1D [3]: 0.002236 0.003268 5.46833e+06 5.46833e+06 0 5.46833e+06 5.46833e+06
main/Initialise/CallAnalysis/OutputGH/OutputGH/IOASCII::IOASCII_2D [4]/OutputGH<2>: 1e-06 1e-06 2671 2671 0 2671 2671
main/Initialise/CallAnalysis/OutputGH/OutputGH/IOASCII::IOASCII_3D [5]/OutputGH<3>: 2e-06 2e-06 3479 3479 0 3479 3479
main/Initialise/CallAnalysis/OutputGH/OutputGH/IOASCII::IOASCII_3D [5]: 7e-06 7e-06 16782 16782 0 16782 16782
main/Initialise/CallAnalysis/OutputGH/OutputGH/IOASCII::IOASCII_2D [4]: 9e-06 8e-06 19992 19992 0 19992 19992
main/Initialise/CallPostInitial/CCTK_POSTSTEP/CallFunction/thorns/Extract/Sync/comm_state[2].state_get_buffer_sizes.step: 2.7e-05 2.8e-05 70858 2725.31 969.511 2474 3430
main/Initialise/CallPostInitial/CCTK_POSTSTEP/CallFunction/thorns/Extract/Sync/comm_state[3].state_fill_send_buffers.user: 2.7e-05 2.7e-05 68158 2621.46 544.588 2548 3136
main/Initialise/CallPostInitial/CCTK_POSTSTEP/CallFunction/thorns/Extract/Sync/comm_state[4].state_fill_send_buffers.step: 2.6e-05 2.5e-05 63308 2434.92 162.357 2377 2523
main/Initialise/CallPostInitial/CCTK_POSTSTEP/CallFunction/thorns/Extract/Sync/comm_state[5].state_do_some_work.user: 2.7e-05 2.7e-05 69283 2664.73 612.985 2548 3209
main/Initialise/CallPostInitial/CCTK_POSTSTEP/CallFunction/thorns/Extract/Sync/comm_state[6].state_do_some_work.step: 2.7e-05 2.6e-05 66245 2547.88 612.332 2401 2891
main/Initialise/CallPostInitial/CCTK_POSTSTEP/CallFunction/thorns/Extract/Sync/comm_state[7].state_empty_recv_buffers.user: 2.7e-05 2.8e-05 67326 2589.46 258.659 2548 2744
main/Initialise/CallPostInitial/CCTK_POSTSTEP/CallFunction/thorns/Extract/Sync/comm_state[8].state_empty_recv_buffers.step: 2.7e-05 2.7e-05 67327 2589.5 567.463 2474 2965
main/Evolve/CallAnalysis/CCTK_POSTSTEP/CallFunction/thorns/Extract/Sync/comm_state[1].state_get_buffer_sizes.user: 6.4e-05 6.5e-05 164147 3156.67 2779.62 2915 5047
main/Evolve/CallAnalysis/CCTK_POSTSTEP/CallFunction/thorns/Extract/Sync/comm_state[0].create: 5.5e-05 5.4e-05 139231 2677.52 1923.27 2474 4238
main/Evolve/CallAnalysis/CCTK_POSTSTEP/CallFunction/thorns/Extract/Sync/comm_state[2].state_get_buffer_sizes.step: 5.7e-05 6e-05 144405 2777.02 3333.71 2548 5806
main/Evolve/CallAnalysis/CCTK_POSTSTEP/CallFunction/thorns/Extract/Sync/comm_state[3].state_fill_send_buffers.user: 5.4e-05 5.6e-05 136419 2623.44 590.002 2548 2989
main/Evolve/CallAnalysis/CCTK_POSTSTEP/CallFunction/thorns/Extract/Sync/comm_state[4].state_fill_send_buffers.step: 5.3e-05 4.9e-05 126786 2438.19 288.908 2376 2597
main/Evolve/CallAnalysis/CCTK_POSTSTEP/CallFunction/thorns/Extract/Sync/comm_state[5].state_do_some_work.user: 5.8e-05 5.6e-05 137613 2646.4 802.508 2548 3258
main/Evolve/CallAnalysis/CCTK_POSTSTEP/CallFunction/thorns/Extract/Sync/comm_state[6].state_do_some_work.step: 5.2e-05 5.1e-05 130116 2502.23 1118.33 2376 3111
main/Evolve/CallAnalysis/CCTK_POSTSTEP/CallFunction/thorns/Extract/Sync/comm_state[7].state_empty_recv_buffers.user: 5.6e-05 0.000116 161822 3111.96 27115.7 2499 29963
main/Evolve/CallAnalysis/CCTK_POSTSTEP/CallFunction/thorns/Extract/Sync/comm_state[8].state_empty_recv_buffers.step: 5.5e-05 9.1e-05 162805 3130.87 28392.6 2450 31237
main/Evolve/CallAnalysis/CCTK_POSTSTEP/CallFunction/syncs: 9.5e-05 9.4e-05 230423 115212 73436.6 63284 167139
main/Evolve/CallAnalysis/CCTK_POSTSTEP/CallFunction/thorns/CarpetMaskSetup: 3.8e-05 3.7e-05 91777 45888.5 4331.03 42826 48951
main/Evolve/CallAnalysis/CCTK_POSTSTEP/CallFunction/syncs/Prolongate: 2e-06 2e-06 4630 2315 52.3259 2278 2352
main/Evolve/CallAnalysis/CCTK_POSTSTEP/CallFunction/syncs/Sync: 7.8e-05 7.6e-05 188234 94117 58849.7 52504 135730
main/Evolve/CallAnalysis/CCTK_POSTSTEP/CallFunction/syncs/Sync/comm_state[1].state_get_buffer_sizes.user: 3e-06 3e-06 7154 3577 69.2965 3528 3626
main/Evolve/CallAnalysis/CCTK_POSTSTEP/CallFunction/syncs/Sync/comm_state[0].create: 3e-06 2e-06 6124 3062 0 3062 3062
main/Evolve/CallAnalysis/CCTK_POSTSTEP/CallFunction/thorns/setup_epsdis: 2.4e-05 2.6e-05 61863 30931.5 849.235 30331 31532
main/Evolve/CallAnalysis/CCTK_POSTSTEP/CallFunction/thorns/NaNChecker_TakeAction: 2e-06 4e-06 5806 2903 16.9706 2891 2915
main/Evolve/CallAnalysis/CCTK_POSTSTEP/CallFunction/thorns/Extract/Prolongate: 8.5e-05 7.3e-05 131300 2525 1222.81 2352 3283
main/Evolve/CallAnalysis/CCTK_POSTSTEP/CallFunction/thorns/Extract/Sync: 0.001076 0.001157 2.63661e+06 50704.1 95727.3 46378 136440
main/Evolve/CallEvol/CCTK_EVOL/CallFunction/thorns/dissipation_add: 0.009304 0.012414 2.27693e+07 2.84617e+06 106257 2.81493e+06 2.93674e+06
main/Evolve/CallEvol/CCTK_EVOL/CallFunction/thorns/MoL_Add: 0.006564 0.012506 1.60707e+07 2.00884e+06 512819 1.74492e+06 2.35305e+06
main/Evolve/CallEvol/CCTK_EVOL/CallFunction/thorns/MoL_DecrementCounter: 1.4e-05 1.4e-05 38391 4798.88 3212.08 3601 6860
main/Evolve/CallEvol/CCTK_EVOL/CallFunction/thorns/MoL_ResetTime: 1.3e-05 1.3e-05 31578 3947.25 2131.1 2817 5292
main/Evolve/CallEvol/CCTK_EVOL/CallFunction/thorns/ML_BSSN_EnforceEverywhere: 0.003914 0.009911 9.58097e+06 1.19762e+06 143858 1.14486e+06 1.28953e+06
main/Evolve/CallEvol/CCTK_EVOL/CallFunction/thorns/ML_BSSN_SelectBoundConds: 0.000203 0.000202 499457 62432.1 7841.78 58261 66444
main/Evolve/CallEvol/CCTK_EVOL/CallFunction/syncs: 0.000638 0.00063 1.55205e+06 77602.6 155631 55444 210945
main/Evolve/CallEvol/CCTK_EVOL/CallFunction/syncs/Sync: 0.000527 0.000522 1.28513e+06 64256.3 134410 48633 189336
main/Evolve/CallEvol/CCTK_EVOL/CallFunction/syncs/Sync/comm_state[1].state_get_buffer_sizes.user: 5e-05 4.8e-05 120197 6009.85 10511.8 3528 9702
main/Evolve/CallEvol/CCTK_EVOL/CallFunction/syncs/Sync/comm_state[0].create: 2.5e-05 2.6e-05 66076 3303.8 3275.86 2524 5365
main/Evolve/CallEvol/CCTK_EVOL/CallFunction/syncs/Sync/comm_state[2].state_get_buffer_sizes.step: 2.7e-05 2.9e-05 71195 3559.75 2896.39 2744 5096
main/Evolve/CallEvol/CCTK_EVOL/CallFunction/syncs/Sync/comm_state[3].state_fill_send_buffers.user: 3.5e-05 3.5e-05 81438 4071.9 6208.85 2695 5978
main/Evolve/CallEvol/CCTK_EVOL/CallFunction/syncs/Sync/comm_state[4].state_fill_send_buffers.step: 2.1e-05 2.1e-05 51010 2550.5 1243.86 2401 3650
main/Evolve/CallEvol/CCTK_EVOL/CallFunction/syncs/Sync/comm_state[5].state_do_some_work.user: 3.5e-05 3e-05 79967 3998.35 6237.63 2621 6272
main/Evolve/CallEvol/CCTK_EVOL/CallFunction/syncs/Sync/comm_state[6].state_do_some_work.step: 2.4e-05 2.6e-05 61178 3058.9 2370.59 2474 4165
main/Evolve/CallEvol/CCTK_EVOL/CallFunction/syncs/Sync/comm_state[7].state_empty_recv_buffers.user: 3.6e-05 3e-05 79749 3987.45 6222.44 2572 6296
main/Evolve/CallEvol/CCTK_EVOL/CallFunction/syncs/Sync/comm_state[8].state_empty_recv_buffers.step: 2.2e-05 2.1e-05 56203 2810.15 1395.07 2474 3724
main/Evolve/CallEvol/CCTK_EVOL/CallFunction/thorns/Boundary_ApplyPhysicalBCs: 0.001131 0.00313 2.77208e+06 138604 1.33486e+06 9286 1.04142e+06
main/Evolve/CallEvol/CCTK_EVOL/CallFunction/thorns/CartGrid3D_ApplyBC: 6.9e-05 7.2e-05 181179 9058.95 10544.6 5806 15656
main/Evolve/CallEvol/CCTK_EVOL/CallFunction/thorns/ReflectionSymmetry_Apply: 0.0011 0.0031 2.70997e+06 135498 233900 21021 211215
main/Evolve/CallEvol/CCTK_EVOL/CallFunction/thorns/ML_BSSN_ADMBaseInterior: 0.0083 0.016301 2.03084e+07 2.53855e+06 62864.3 2.48893e+06 2.55765e+06
main/Evolve/CallEvol/CCTK_EVOL/CallFunction/thorns/Boundary_ClearSelection: 3.1e-05 3.1e-05 75680 3784 1592.17 2891 4557
main/Evolve/CallEvol/CCTK_EVOL/CallFunction/thorns/ML_BSSN_ADMBaseBoundaryScalar: 0.000896 0.000898 2.19856e+06 274820 21133.9 260165 282877
main/Evolve/CallEvol/CCTK_EVOL/CallFunction/thorns/ML_BSSN_ADMBaseEverywhere: 0.00739 0.015395 1.80875e+07 2.26093e+06 205889 2.10972e+06 2.35234e+06
main/Evolve/CallEvol/CCTK_EVOL/CallFunction/thorns/ML_BSSN_ADMBase_SelectBCs: 8.3e-05 8.1e-05 203030 25378.8 3064.27 23618 27611
main/Evolve/CallEvol/CCTK_EVOL/CallFunction/thorns/MoL_ResetDeltaTime: 1.5e-05 1.4e-05 36114 4514.25 1946.58 3357 5611
main/Evolve/CallEvol/CCTK_EVOL/CallFunction/syncs/Prolongate: 9e-06 9e-06 18376 2297 405.374 2156 2573
main/Evolve/CallEvol/CCTK_EVOL/CallFunction/thorns/MoL_FinishLoop: 3e-06 3e-06 6345 3172.5 259.508 2989 3356
main/Evolve/CallEvol/CCTK_EVOL/CallFunction/thorns/MoL_RestoreSandR: 6e-06 6e-06 17076 8538 432.749 8232 8844
main/Evolve/CallEvol/CCTK_EVOL/CallFunction/thorns/MoL_FreeScratchSpace: 0.000621 0.000717 1.52076e+06 760382 56719.2 720276 800489
main/Evolve/CallAnalysis/CCTK_POSTSTEP/CallFunction/thorns/SphericalSurface_Set: 7e-06 4.1e-05 51082 25541 25206.9 7717 43365
main/Evolve/CallAnalysis/CCTK_POSTSTEP/CallFunction/thorns/Extract: 0.081857 0.148294 2.00172e+08 1.00086e+08 1.08021e+06 9.93222e+07 1.0085e+08
main/Evolve/CallAnalysis/CCTK_POSTSTEP/CallFunction/thorns/NaNChecker_NaNCheck_Prepare: 5e-06 6e-06 12569 6284.5 17.6777 6272 6297
main/Evolve/CallAnalysis/CCTK_POSTSTEP/CallFunction/syncs/Sync/comm_state[2].state_get_buffer_sizes.step: 4e-06 2e-06 6345 3172.5 190.212 3038 3307
main/Evolve/CallAnalysis/CCTK_POSTSTEP/CallFunction/syncs/Sync/comm_state[3].state_fill_send_buffers.user: 2e-06 2e-06 5292 2646 173.948 2523 2769
main/Evolve/CallAnalysis/CCTK_POSTSTEP/CallFunction/syncs/Sync/comm_state[4].state_fill_send_buffers.step: 2e-06 2e-06 5022 2511 52.3259 2474 2548
main/Evolve/CallAnalysis/CCTK_POSTSTEP/CallFunction/syncs/Sync/comm_state[5].state_do_some_work.user: 2e-06 2e-06 5121 2560.5 120.915 2475 2646
main/Evolve/CallAnalysis/CCTK_POSTSTEP/CallFunction/syncs/Sync/comm_state[6].state_do_some_work.step: 2e-06 2e-06 5562 2781 52.3259 2744 2818
main/Evolve/CallAnalysis/CCTK_POSTSTEP/CallFunction/syncs/Sync/comm_state[7].state_empty_recv_buffers.user: 2e-06 2e-06 5120 2560 86.267 2499 2621
main/Evolve/CallAnalysis/CCTK_POSTSTEP/CallFunction/syncs/Sync/comm_state[8].state_empty_recv_buffers.step: 4e-06 2e-06 6002 3001 16.9706 2989 3013
main/Evolve/CallAnalysis/CCTK_POSTSTEP/CallFunction/thorns/MaskBase_AllocateMask: 4e-05 3.8e-05 96162 48081 260.215 47897 48265
main/Evolve/CallAnalysis/CCTK_CHECKPOINT: 6e-06 7e-06 17174 8587 1056.42 7840 9334
main/Evolve/CallAnalysis/CCTK_POSTSTEP/CallFunction/thorns/MaskBase_InitMask: 0.000118 0.000118 289468 144734 17030 132692 156776
main/Evolve/CallAnalysis/CCTK_POSTSTEP/CallFunction/thorns/CoordBase_SetupMask: 0.000205 0.000236 503402 251701 36120.4 226160 277242
main/Evolve/CallAnalysis/CCTK_POSTSTEP/CallFunction/thorns/CarpetExcludedSetup: 7e-06 7e-06 15729 7864.5 103.945 7791 7938
main/Evolve/CallAnalysis/CCTK_POSTSTEP/CallFunction/thorns/CarpetSurfaceSetup: 6e-06 6e-06 15484 7742 35.3553 7717 7767
main/Evolve/CallAnalysis/CCTK_POSTSTEP/CallFunction/thorns/MaskBase_SetMask: 0.000155 0.000151 380975 190488 5752.31 186420 194555
main/Evolve/CallAnalysis/CCTK_POSTSTEP/CallFunction/thorns/NaNChecker_NaNCheck_Check: 0.040276 0.079461 9.84942e+07 4.92471e+07 23492.2 4.92305e+07 4.92637e+07
main/Evolve/CallAnalysis/CCTK_POSTSTEP/CallFunction/thorns/NaNChecker_NaNCheck_Finish: 1.2e-05 1.2e-05 28567 14283.5 555.079 13891 14676
main/Evolve/CallAnalysis/OutputGH/OutputGH/IOScalar::CarpetIOScalar [1]: 1.2e-05 1e-05 25994 12997 6322.95 8526 17468
main/Evolve/CallAnalysis/OutputGH/OutputGH/IOScalar::CarpetIOScalar [1]/OutputGH: 3e-06 2e-06 5585 2792.5 103.945 2719 2866
main/Evolve/CallAnalysis/OutputGH/OutputGH/IOASCII::IOASCII_0D [2]/OutputGH<0>: 3e-06 3e-06 6223 3111.5 34.6482 3087 3136
main/Evolve/CallAnalysis/OutputGH/OutputGH/IOASCII::IOASCII_0D [2]: 1.1e-05 1.2e-05 29008 14504 7517.96 9188 19820
main/Evolve/CallAnalysis/OutputGH/OutputGH/IOASCII::IOASCII_1D [3]/OutputGH<1>: 0.003704 0.007703 9.06135e+06 4.53067e+06 39447.4 4.50278e+06 4.55857e+06
main/Evolve/CallAnalysis/OutputGH/OutputGH/IOASCII::IOASCII_1D [3]: 0.003715 0.007713 9.08526e+06 4.54263e+06 32864.2 4.51939e+06 4.56587e+06
main/Evolve/CallAnalysis/OutputGH/OutputGH/IOASCII::IOASCII_2D [4]/OutputGH<2>: 3e-06 2e-06 6273 3136.5 34.6482 3112 3161
main/Evolve/CallAnalysis/OutputGH/OutputGH/IOASCII::IOASCII_2D [4]: 1.3e-05 1.3e-05 31507 15753.5 8766 9555 21952
main/Evolve/CallAnalysis/OutputGH/OutputGH/IOASCII::IOASCII_3D [5]/OutputGH<3>: 2e-06 3e-06 5660 2830 16.9706 2818 2842
main/Evolve/CallAnalysis/OutputGH/OutputGH/IOASCII::IOASCII_3D [5]: 1e-05 1.1e-05 26803 13401.5 6861.06 8550 18253
main/Shutdown: 0.000178 0.000175 436296 436296 0 436296 436296
main/Shutdown/CallFunction/thorns/LC_statistics_terminate: 1e-06 1e-06 3234 3234 0 3234 3234
main/Shutdown/CallFunction/thorns/MoL_FreeIndexArrays: 3e-06 3e-06 7595 7595 0 7595 7595
main/Shutdown/CallFunction/thorns: 2.2e-05 2e-05 51278 25639 468.105 25308 25970
main/Shutdown/CallFunction: 9.5e-05 9.2e-05 232970 116485 51054.5 80384 152586
main/Evolve/CallAnalysis/CCTK_POSTSTEP/CallFunction/thorns/MaskBase_TestMask: 0.00017 0.000163 414491 207246 1212.69 206388 208103
main/Evolve/CallAnalysis/CCTK_ANALYSIS/CallFunction/thorns: 3.1e-05 3e-05 76268 12711.3 13029.8 7105 18914
main/Evolve/CallAnalysis/CCTK_ANALYSIS: 0.000324 0.000312 790150 395075 38823 367623 422527
main/Evolve/CallAnalysis/CCTK_ANALYSIS/CallFunction: 0.000268 0.00026 657752 109625 248225 28984 258622
main/Evolve/CallAnalysis/CCTK_ANALYSIS/CallFunction/thorns/CarpetLib_printtimestats: 3e-06 2e-06 6101 3050.5 51.6188 3014 3087
main/Evolve/CallAnalysis/OutputGH: 0.00388 0.007873 9.48422e+06 4.74211e+06 61726.2 4.69846e+06 4.78576e+06
main/Evolve/CallAnalysis/CCTK_ANALYSIS/CallFunction/thorns/CarpetLib_printmemstats: 2e-06 2e-06 5586 2793 103.238 2720 2866
main/Evolve/CallAnalysis/CCTK_ANALYSIS/CallFunction/thorns/LC_statistics_analysis: 3e-06 3e-06 6076 3038 104.652 2964 3112
main/Evolve/CallAnalysis/OutputGH/OutputGH: 0.00387 0.007863 9.46183e+06 4.73091e+06 53513.8 4.69307e+06 4.76875e+06
main/Evolve/CallAnalysis/OutputGH/OutputGH/IOBasic::CarpetIOBasic [0]: 6.2e-05 6e-05 152218 76109 8193.95 70315 81903
main/Evolve/CallAnalysis/OutputGH/OutputGH/IOBasic::CarpetIOBasic [0]/OutputGH: 5.3e-05 5.1e-05 129997 64998.5 1559.17 63896 66101

--------------------------------------------------------------------------------
Done.
+ echo Stopping:
Stopping:
+ date
Mon Jul  6 20:19:05 UTC 2026
+ echo Done.
Done.
  Elapsed time: 2.6 s
