/home/runner/simulations/TestJob01_temp_2/output-0000/TEST/sim/GRHydro
Preparing:
+ set -e
+ cd output-0000-active
+ echo Checking:
Checking:
+ pwd
/home/runner/simulations/TestJob01_temp_2/output-0000/TEST/sim/GRHydro/output-0000-active
+ hostname
runnervmvrwv9
+ date
Tue Aug 11 06:59:44 UTC 2026
+ echo Environment:
Environment:
+ export CACTUS_NUM_PROCS=2
+ CACTUS_NUM_PROCS=2
+ export CACTUS_NUM_THREADS=1
+ CACTUS_NUM_THREADS=1
+ export GMON_OUT_PREFIX=gmon.out
+ GMON_OUT_PREFIX=gmon.out
+ export OMP_NUM_THREADS=1
+ OMP_NUM_THREADS=1
+ env
+ sort
+ echo Starting:
Starting:
++ date +%s
+ export CACTUS_STARTTIME=1786431584
+ CACTUS_STARTTIME=1786431584
+ '[' 2 = 1 ']'
+ mpirun -np 2 /home/runner/simulations/TestJob01_temp_2/SIMFACTORY/exe/cactus_sim -L 3 /home/runner/simulations/TestJob01_temp_2/output-0000/arrangements/EinsteinEvolve/GRHydro/test/balsara5_2d.par
INFO (Cactus): Increased logging level from 0 to 3
--------------------------------------------------------------------------------

       10                                  
  1   0101       ************************  
  01  1010 10      The Cactus Code V4.20.0    
 1010 1101 011      www.cactuscode.org     
  1001 100101    ************************  
    00010101                               
     100011     (c) Copyright The Authors  
      0100      GNU Licensed. No Warranty  
      0101                                 
--------------------------------------------------------------------------------

Cactus version:    4.20.0
Compile date:      Aug 11 2026 (06:22:13)
Run date:          Aug 11 2026 (06:59:45+0000)
Run host:          runnervmvrwv9.2teta1ngcx3e5onlpkheve315a.bx.internal.cloudapp.net (pid=183270)
Working directory: /home/runner/simulations/TestJob01_temp_2/output-0000/TEST/sim/GRHydro
Executable:        /home/runner/simulations/TestJob01_temp_2/SIMFACTORY/exe/cactus_sim
Parameter file:    /home/runner/simulations/TestJob01_temp_2/output-0000/arrangements/EinsteinEvolve/GRHydro/test/balsara5_2d.par
--------------------------------------------------------------------------------

Activating thorn Cactus...Success -> active implementation Cactus
Activation requested for 
--->Boundary CartGrid3D CoordBase Fortran InitBase IOUtil LocalReduce SymBase Time AEILocalInterp LocalInterp MoL Slab SpaceMask Carpet CarpetInterp CarpetIOASCII CarpetIOHDF5 CarpetIOScalar CarpetLib CarpetIOBasic CarpetReduce CarpetSlab LoopControl NaNChecker TerminationTrigger TimerReport ADMbase ADMmacros CoordGauge StaticConformal Constants TmunuBase HydroBase EOS_Omni GRHydro GRHydro_InitData HDF5 SystemStatistics<---
Thorn Carpet requests automatic activation of MPI
Thorn Carpet requests automatic activation of Timers
Thorn CarpetLib requests automatic activation of Vectors
Thorn CarpetLib requests automatic activation of Boost
Thorn CarpetLib requests automatic activation of CycleClock
Thorn GRHydro requests automatic activation of EOS_Polytrope
Thorn HDF5 requests automatic activation of zlib
Thorn LoopControl requests automatic activation of hwloc
Thorn EOS_Polytrope requests automatic activation of EOS_Base
Activating thorn ADMbase...Success -> active implementation ADMBase
Activating thorn ADMmacros...Success -> active implementation ADMMacros
Activating thorn AEILocalInterp...Success -> active implementation AEILocalInterp
Activating thorn Boost...Success -> active implementation Boost
Activating thorn Boundary...Success -> active implementation boundary
Activating thorn Carpet...Success -> active implementation Driver
Activating thorn CarpetInterp...Success -> active implementation interp
Activating thorn CarpetIOASCII...Success -> active implementation IOASCII
Activating thorn CarpetIOBasic...Success -> active implementation IOBasic
Activating thorn CarpetIOHDF5...Success -> active implementation IOHDF5
Activating thorn CarpetIOScalar...Success -> active implementation IOScalar
Activating thorn CarpetLib...Success -> active implementation CarpetLib
Activating thorn CarpetReduce...Success -> active implementation reduce
Activating thorn CarpetSlab...Success -> active implementation Hyperslab
Activating thorn CartGrid3D...Success -> active implementation grid
Activating thorn Constants...Success -> active implementation Constants
Activating thorn CoordBase...Success -> active implementation CoordBase
Activating thorn CoordGauge...Success -> active implementation CoordGauge
Activating thorn CycleClock...Success -> active implementation CycleClock
Activating thorn EOS_Base...Success -> active implementation EOS_Base
Activating thorn EOS_Omni...Success -> active implementation EOS_Omni
Activating thorn EOS_Polytrope...Success -> active implementation EOS_2d_Polytrope
Activating thorn Fortran...Success -> active implementation Fortran
Activating thorn GRHydro...Success -> active implementation GRHydro
Activating thorn GRHydro_InitData...Success -> active implementation GRHydro_init_data
Activating thorn HDF5...Success -> active implementation HDF5
Activating thorn hwloc...Success -> active implementation hwloc
Activating thorn HydroBase...Success -> active implementation HydroBase
Activating thorn InitBase...Success -> active implementation InitBase
Activating thorn IOUtil...Success -> active implementation IO
Activating thorn LocalInterp...Success -> active implementation LocalInterp
Activating thorn LocalReduce...Success -> active implementation LocalReduce
Activating thorn LoopControl...Success -> active implementation LoopControl
Activating thorn MoL...Success -> active implementation MethodOfLines
Activating thorn MPI...Success -> active implementation MPI
Activating thorn NaNChecker...Success -> active implementation NaNChecker
Activating thorn Slab...Success -> active implementation Slab
Activating thorn SpaceMask...Success -> active implementation SpaceMask
Activating thorn StaticConformal...Success -> active implementation StaticConformal
Activating thorn SymBase...Success -> active implementation SymBase
Activating thorn SystemStatistics...Success -> active implementation SystemStatistics
Activating thorn TerminationTrigger...Success -> active implementation TerminationTrigger
Activating thorn Time...Success -> active implementation time
Activating thorn TimerReport...Success -> active implementation timerreport
Activating thorn Timers...Success -> active implementation Timers
Activating thorn TmunuBase...Success -> active implementation TmunuBase
Activating thorn Vectors...Success -> active implementation Vectors
Activating thorn zlib...Success -> active implementation zlib
--------------------------------------------------------------------------------
  if (recover initial data)
    Recover parameters
  endif

  Startup routines
    [CCTK_STARTUP]
      Carpet::MultiModel_Startup: Multi-model Startup routine
      CycleClock::CycleClock_Setup: Set up CycleClock
      LoopControl::LC_setup: Set up LoopControl
      Timers::Timer_Startup: Prepare hierarchical timers
      Carpet::Driver_Startup: Startup routine
      IOUtil::IOUtil_Startup: Startup routine
      CarpetIOScalar::CarpetIOScalarStartup: [global] Startup routine
      CarpetInterp::CarpetInterpStartup: Startup routine
      CarpetReduce::CarpetReduceStartup: Startup routine
      CartGrid3D::SymmetryStartup: Register GH Extension for GridSymmetry
      CoordBase::CoordBase_Startup: Register a GH extension to store the coordinate system handles
      AEILocalInterp::AEILocalInterp_U_Startup: register CCTK_InterpLocalUniform() interpolation operators
      EOS_Omni::EOS_Omni_Startup: [global] Set up conversion factors and other fun stuff
      EOS_Polytrope::EOS_Polytrope_Startup: Setup the polytropic EOS
      GRHydro::GRHydro_Startup: Startup banner
      GRHydro::GRHydro_RegisterMask: Register the hydro masks
      HydroBase::HydroBase_StartUp: Startup banner
      CarpetIOASCII::CarpetIOASCIIStartup: [global] Startup routine
      LocalInterp::LocalInterp_Startup: register LocalInterp's interpolation operators
      LocalReduce::LocalReduce_Startup: Startup routine
      CarpetIOBasic::CarpetIOBasicStartup: [global] Startup routine
      MoL::MoL_Startup: Startup banner
      Slab::Slab_InitMPIDatatypes: Create MPI datatypes for complex variables in C
      SymBase::SymBase_Startup: Register GH Extension for SymBase
      TerminationTrigger::TerminationTrigger_StartSignalHandler: Start signal handler
      CarpetIOHDF5::CarpetIOHDF5_Startup: Startup routine
      Vectors::Vectors_Startup: Print startup message
      GROUP hwloc_startup: hwloc startup group
        hwloc::hwloc_version: Output hwloc version

  Startup routines which need an existing grid hierarchy
    [CCTK_WRAGH]
      ADMBase::Einstein_InitSymBound: [global] Set up GF symmetries
      Boundary::Boundary_RegisterBCs: [global] Register boundary conditions that this thorn provides
      CartGrid3D::RegisterCartGrid3DCoords: [meta] Register coordinates for the Cartesian grid
      CoordGauge::Einstein_ActivateSlicing: Initialize slicing, setup priorities for mixed slicings
      CoordGauge::Einstein_SetNextSlicing: Identify the slicing for the next iteration
      GRHydro::GRHydro_ClearLastMoLPostStep: [global] Initialize InLastMoLPostStep to zero
      MoL::MoL_SetupIndexArrays: Set up the MoL bookkeeping index arrays
      MoL::MoL_SetScheduleStatus: [global] Set the flag so it is ok to register with MoL
      TmunuBase::TmunuBase_SetStressEnergyState: [global] Set the stress_energy_state variable
      GROUP MoL_Register: The group where physics thorns register variables with MoL
        GRHydro::GRHydro_Register: Register variables for MoL
      Slab::Slab_InitTimers: Initialise timers
      SpaceMask::MaskSym: [global] Set grid symmetries for mask
      SpaceMask::MaskSym_emask: [global] Set grid symmetries for emask (compatibility mode)
      GROUP SymBase_Wrapper: Wrapper group for SymBase
        GROUP SymmetryRegister: Register your symmetries here
          CartGrid3D::CartGrid3D_RegisterSymmetryBoundaries: [meta] Register symmetry boundaries
        SymBase::SymBase_Statistics: Print symmetry boundary face descriptions
      MoL::MoL_ReportNumberVariables: [meta] Report how many of each type of variable there are
  Parameter checking routines
    [CCTK_PARAMCHECK]
      ADMBase::ADMBase_ParamCheck: [global] Check consistency of parameters
      Boundary::Boundary_Check: Check dimension of grid variables
      Carpet::CarpetParamCheck: Parameter checking routine
      CarpetLib::CarpetLib_test_prolongate_3d_rf2: [global] Test prolongation operators
      CartGrid3D::ParamCheck_CartGrid3D: Check coordinates for CartGrid3D
      Fortran::CheckFortranParameters: Test whether Fortran parameters work correctly
      GRHydro::GRHydro_ParamCheck: Check parameters
      GRHydro_InitData::GRHydro_InitData_CheckParameters: Check parameters
      MoL::MoL_ParamCheck: Basic parameter checking
      TerminationTrigger::TerminationTrigger_ParamCheck: Check consitency of parameters
      TmunuBase::TmunuBase_ParamCheck: [global] Check that no deprecated parameters are used.
      Vectors::Vectors_Test: Run correctness tests.

  Initialisation
    if (NOT (recover initial data AND recovery_mode is 'strict'))
      [CCTK_PREREGRIDINITIAL]
      Set up grid hierarchy
      [CCTK_POSTREGRIDINITIAL]
        CartGrid3D::SpatialCoordinates: Set Coordinates after regridding
        GROUP MaskBase_SetupMask: Set up the weight function
          GROUP MaskBase_SetupMaskAll: Set up the weight function
            CarpetReduce::MaskBase_AllocateMask: [global] Allocate the weight function
            CarpetReduce::MaskBase_InitMask: [global] [loop-local] Initialise the weight function
            GROUP SetupIMaskInternal: Set up the integer weight function (schedule other routines in here)
              CarpetReduce::CoordBase_SetupMask: [global] [loop-local] Set up the outer boundaries of the weight function
              CarpetReduce::CarpetMaskSetup: [global] [loop-singlemap] Set up the weight function for the restriction regions
            GROUP SetupIMask: Set up the integer weight function (schedule other routines in here)
            CarpetReduce::MaskBase_SetMask: [global] [loop-local] Set the weight function
            GROUP SetupMask: Set up the real weight function (schedule other routines in here)
            CarpetReduce::MaskBase_TestMask: [global] Test the weight function
        SpaceMask::MaskZero: Initialise mask to zero
        GRHydro::GRHydro_RefinementLevel: Calculate current refinement level
        GROUP HydroBase_ExcisionMaskSetup: Set up hydro excision mask
          HydroBase::HydroBase_InitExcisionMask: Initialize hydro excision mask to 'no excision everywhere'
        GROUP MoL_PseudoEvolutionBoundaries: Apply boundary conditions to pseudo-evolved quantities
        SpaceMask::MaskOne: Set mask to one
        GRHydro::GRHydro_SetupMask: Initialize the atmosphere mask
      [CCTK_BASEGRID]
        ADMBase::ADMBase_SetShiftStateOn: Set the shift_state variable to 1
        ADMBase::ADMBase_SetDtLapseStateOff: Set the dtlapse_state variable to 0
        ADMBase::ADMBase_SetDtShiftStateOff: Set the dtshift_state variable to 0
        ADMMacros::ADMMacros_SetLocalSpatialOrder: Initialize the local_spatial_order
        CartGrid3D::SpatialSpacings: Set up ranges for spatial 3D Cartesian coordinates (on all grids)
        CartGrid3D::SpatialCoordinates: Set up spatial 3D Cartesian coordinates on the GH
        GROUP MaskBase_SetupMask: Set up the weight function
          GROUP MaskBase_SetupMaskAll: Set up the weight function
            CarpetReduce::MaskBase_AllocateMask: [global] Allocate the weight function
            CarpetReduce::MaskBase_InitMask: [global] [loop-local] Initialise the weight function
            GROUP SetupIMaskInternal: Set up the integer weight function (schedule other routines in here)
              CarpetReduce::CoordBase_SetupMask: [global] [loop-local] Set up the outer boundaries of the weight function
              CarpetReduce::CarpetMaskSetup: [global] [loop-singlemap] Set up the weight function for the restriction regions
            GROUP SetupIMask: Set up the integer weight function (schedule other routines in here)
            CarpetReduce::MaskBase_SetMask: [global] [loop-local] Set the weight function
            GROUP SetupMask: Set up the real weight function (schedule other routines in here)
            CarpetReduce::MaskBase_TestMask: [global] Test the weight function
        GRHydro::GRHydro_Reset_Execution_Flags: [global] Initially set execution flags to 'YEAH, Execute'!
        GRHydro::GRHydro_InitSymBound: Schedule symmetries and check shift state
        GRHydro::reset_GRHydro_C2P_failed: Initialise the mask function that contains the points where C2P has failed (at BASEGRID)
        NaNChecker::NaNChecker_ResetCounter: [global] Reset the NaNChecker::NaNsFound counter
        SpaceMask::MaskZero: Initialise mask to zero
        SpaceMask::MaskOne: Set old style mask to one
        SymBase::SymBase_Check: Check whether the driver set up the grid consistently
        TerminationTrigger::TerminationTrigger_ResetTrigger: Clear trigger state
        TerminationTrigger::TerminationTrigger_StartTimer: Start timer
        TerminationTrigger::TerminationTrigger_CreateFile: Create termination file
        Time::Time_Initialise: [global] Initialise Time variables
        Time::TemporalSpacings: [singlemap] Set timestep based on Courant condition (courant_static)
      [CCTK_INITIAL]
        StaticConformal::StaticConformal_InitialiseState: Set the conformal_state variable to 0
        GROUP ADMBase_InitialData: Schedule group for calculating ADM initial data
          ADMBase::ADMBase_CartesianMinkowski: Set the metric and extrinsic curvature to cartesian minkowski values
        GRHydro::GRHydro_EOSHandle: [global] Set the EOS number
        CarpetIOASCII::CarpetIOASCIIInit: [global] Initialisation routine
        CarpetIOBasic::CarpetIOBasicInit: [global] Initialisation routine
        CarpetIOHDF5::CarpetIOHDF5_Init: [global] Initialisation routine
        CarpetIOScalar::CarpetIOScalarInit: [global] Initialisation routine
        GRHydro::GRHydro_Rho_Minima_Setup: Set up minimum for the rest-mass density in the atmosphere (before intial data)
        GRHydro::GRHydro_SetupMask: Initialize the atmosphere mask
        GRHydro::GRHydro_RefinementLevel: Calculate current refinement level
        GROUP ADMBase_InitialGauge: Schedule group for the ADM initial gauge condition
          ADMBase::ADMBase_LapseOne: Set the lapse to 1 at all points
          ADMBase::ADMBase_ShiftZero: Set the shift to 0 at all points
        GROUP HydroBase_Initial: HydroBase initial data group
          GROUP GRHydro_Initial: GRHydro initial data group
          GRHydro::GRHydro_DivBInit: Set divB initially to zero
          GRHydro_InitData::GRHydro_shocktubeM: Shocktube initial data - MHD version
          GROUP HydroBase_ExcisionMaskSetup: Set up hydro excision mask
            HydroBase::HydroBase_InitExcisionMask: Initialize hydro excision mask to 'no excision everywhere'
        GROUP ADMBase_PostInitial: Schedule group for modifying the ADM initial data, such as e.g. adding noise
        GRHydro::GRHydro_SqrtSpatialDeterminant: Calculate sdetg
        GRHydro::GRHydro_InitialAtmosphereReset: Use mask to enforce atmosphere at initial time
        MoL::MoL_StartLoop: [level] Initialise the step size control
        GROUP HydroBase_Prim2ConInitial: Recover the conservative variables from the primitive variables
          GRHydro::Primitive2ConservativeCellsM: Convert initial data given in primive variables to conserved variables - MHD version
      [CCTK_POSTINITIAL]
        CarpetIOHDF5::CarpetIOHDF5_CloseFiles: [global] Close all filereader input files
        GRHydro::GRHydro_Scalar_Setup: Set up and check scalars for efficiency
        GROUP MoL_PostStepModify: The group for physics thorns to schedule enforcing constraints
        GROUP MoL_PostStep: Ensure that everything is correct after the initial data have been set up
          ADMBase::ADMBase_Boundaries: [level] Select ADMBase boundary conditions - may be required for mesh refinement
          GROUP ADMBase_ApplyBCs: Apply the boundary conditions of ADMBase
            GROUP BoundaryConditions: Execute all boundary conditions
              Boundary::Boundary_ApplyPhysicalBCs: Apply all requested local physical boundary conditions
              CartGrid3D::CartGrid3D_ApplyBC: Apply symmetry boundary conditions
            Boundary::Boundary_ClearSelection: [level] Unselect all grid variables for boundary conditions
            GRHydro_InitData::GRHydro_Diagshock2D_BoundaryM: 2-D Diagonal shock boundary conditions
          GROUP ADMBase_SetADMVars: Set the ADM variables before this group, and use them afterwards
          GRHydro::GRHydro_RefinementLevel: Calculate current refinement level
          GRHydro::GRHydro_SetLastMoLPostStep: [level] Set grid scalar InLastMoLPostStep if this is the last MoL PostStep call
          GROUP HydroBase_PostStep: Post step tasks for hydro thorns
            GROUP GRHydro_PostStep: Post step tasks for GRHydro
            GROUP GRHydro_AtmosphereMaskBoundaries: Apply boundary conditions to primitives
              GRHydro::GRHydro_SelectAtmosphereMaskBoundaries: [level] Select atmosphere mask for boundary conditions
              GROUP GRHydro_ApplyAtmosphereMaskBCs: Apply boundary conditions to real-valued atmosphere mask
                GROUP BoundaryConditions: Execute all boundary conditions
                  Boundary::Boundary_ApplyPhysicalBCs: Apply all requested local physical boundary conditions
                  CartGrid3D::CartGrid3D_ApplyBC: Apply symmetry boundary conditions
                Boundary::Boundary_ClearSelection: [level] Unselect all grid variables for boundary conditions
                GRHydro_InitData::GRHydro_Diagshock2D_BoundaryM: 2-D Diagonal shock boundary conditions
            GRHydro::GRHydroPostSyncAtmosphereMask: Set integer atmosphere mask from synchronized real atmosphere mask
            if (GRHydro::InLastMoLPostStep)
              GRHydro::GRHydro_AtmosphereResetM: Reset the atmosphere - MHD version
            GRHydro::GRHydro_CalcBcom: Compute comoving magnetic field, pressure, etc...
            GROUP HydroBase_Boundaries: HydroBase-internal Boundary conditions group
              GROUP Do_GRHydro_Boundaries: GRHydro Boundary conditions group
              GROUP HydroBase_Select_Boundaries: Group to schedule the boundary condition functions
                if (GRHydro::execute_MoL_PostStep)
                  GRHydro::GRHydro_Bound: [level] Select GRHydro boundary conditions
              GROUP HydroBase_ApplyBCs: Apply the boundary conditions of HydroBase
                GROUP BoundaryConditions: Execute all boundary conditions
                  Boundary::Boundary_ApplyPhysicalBCs: Apply all requested local physical boundary conditions
                  CartGrid3D::CartGrid3D_ApplyBC: Apply symmetry boundary conditions
                Boundary::Boundary_ClearSelection: [level] Unselect all grid variables for boundary conditions
                GRHydro_InitData::GRHydro_Diagshock2D_BoundaryM: 2-D Diagonal shock boundary conditions
            GROUP HydroBase_Con2Prim: Convert from conservative to primitive variables
              if (GRHydro::execute_MoL_Step)
                GRHydro::GRHydro_SqrtSpatialDeterminant: Calculate sdetg
              if (GRHydro::execute_MoL_PostStep)
                GRHydro::Con2Prim: Convert back to primitive variables (general) - MHD version
        GROUP MoL_PseudoEvolution: Calculate pseudo-evolved quantities
          GROUP ADMBase_SetADMVars: Set the ADM variables before this group, and use them afterwards
          GROUP GRHydroAnalysis: Calculate analysis quantities
            GRHydro::GRHydro_CalcDivB: Calculate divB
            GROUP GRHydro_ApplyDivBBCs: Apply boundary conditions to divB
              GROUP BoundaryConditions: Execute all boundary conditions
                Boundary::Boundary_ApplyPhysicalBCs: Apply all requested local physical boundary conditions
                CartGrid3D::CartGrid3D_ApplyBC: Apply symmetry boundary conditions
              Boundary::Boundary_ClearSelection: [level] Unselect all grid variables for boundary conditions
              GRHydro_InitData::GRHydro_Diagshock2D_BoundaryM: 2-D Diagonal shock boundary conditions
      Initialise finer grids recursively
      Restrict from finer grids
      [CCTK_POSTRESTRICTINITIAL]
        GROUP MoL_PostStep: Ensure that everything is correct after restriction
          ADMBase::ADMBase_Boundaries: [level] Select ADMBase boundary conditions - may be required for mesh refinement
          GROUP ADMBase_ApplyBCs: Apply the boundary conditions of ADMBase
            GROUP BoundaryConditions: Execute all boundary conditions
              Boundary::Boundary_ApplyPhysicalBCs: Apply all requested local physical boundary conditions
              CartGrid3D::CartGrid3D_ApplyBC: Apply symmetry boundary conditions
            Boundary::Boundary_ClearSelection: [level] Unselect all grid variables for boundary conditions
            GRHydro_InitData::GRHydro_Diagshock2D_BoundaryM: 2-D Diagonal shock boundary conditions
          GROUP ADMBase_SetADMVars: Set the ADM variables before this group, and use them afterwards
          GRHydro::GRHydro_RefinementLevel: Calculate current refinement level
          GRHydro::GRHydro_SetLastMoLPostStep: [level] Set grid scalar InLastMoLPostStep if this is the last MoL PostStep call
          GROUP HydroBase_PostStep: Post step tasks for hydro thorns
            GROUP GRHydro_PostStep: Post step tasks for GRHydro
            GROUP GRHydro_AtmosphereMaskBoundaries: Apply boundary conditions to primitives
              GRHydro::GRHydro_SelectAtmosphereMaskBoundaries: [level] Select atmosphere mask for boundary conditions
              GROUP GRHydro_ApplyAtmosphereMaskBCs: Apply boundary conditions to real-valued atmosphere mask
                GROUP BoundaryConditions: Execute all boundary conditions
                  Boundary::Boundary_ApplyPhysicalBCs: Apply all requested local physical boundary conditions
                  CartGrid3D::CartGrid3D_ApplyBC: Apply symmetry boundary conditions
                Boundary::Boundary_ClearSelection: [level] Unselect all grid variables for boundary conditions
                GRHydro_InitData::GRHydro_Diagshock2D_BoundaryM: 2-D Diagonal shock boundary conditions
            GRHydro::GRHydroPostSyncAtmosphereMask: Set integer atmosphere mask from synchronized real atmosphere mask
            if (GRHydro::InLastMoLPostStep)
              GRHydro::GRHydro_AtmosphereResetM: Reset the atmosphere - MHD version
            GRHydro::GRHydro_CalcBcom: Compute comoving magnetic field, pressure, etc...
            GROUP HydroBase_Boundaries: HydroBase-internal Boundary conditions group
              GROUP Do_GRHydro_Boundaries: GRHydro Boundary conditions group
              GROUP HydroBase_Select_Boundaries: Group to schedule the boundary condition functions
                if (GRHydro::execute_MoL_PostStep)
                  GRHydro::GRHydro_Bound: [level] Select GRHydro boundary conditions
              GROUP HydroBase_ApplyBCs: Apply the boundary conditions of HydroBase
                GROUP BoundaryConditions: Execute all boundary conditions
                  Boundary::Boundary_ApplyPhysicalBCs: Apply all requested local physical boundary conditions
                  CartGrid3D::CartGrid3D_ApplyBC: Apply symmetry boundary conditions
                Boundary::Boundary_ClearSelection: [level] Unselect all grid variables for boundary conditions
                GRHydro_InitData::GRHydro_Diagshock2D_BoundaryM: 2-D Diagonal shock boundary conditions
            GROUP HydroBase_Con2Prim: Convert from conservative to primitive variables
              if (GRHydro::execute_MoL_Step)
                GRHydro::GRHydro_SqrtSpatialDeterminant: Calculate sdetg
              if (GRHydro::execute_MoL_PostStep)
                GRHydro::Con2Prim: Convert back to primitive variables (general) - MHD version
        GROUP MoL_PseudoEvolutionBoundaries: Apply boundary conditions to pseudo-evolved quantities
      [CCTK_POSTPOSTINITIAL]
        GRHydro::GRHydro_Rho_Minima_Setup_Final: Set the value of the rest-mass density of the atmosphere which will be used during the evolution
        GRHydro::GRHydro_InitialAtmosphereResetM: Use mask to enforce atmosphere at initial time
        GROUP Con2Prim: Convert from conservative to primitive variables (might be redundant)
          if (GRHydro::execute_MoL_Step)
            GRHydro::GRHydro_SqrtSpatialDeterminant: Calculate sdetg
          if (GRHydro::execute_MoL_PostStep)
            GRHydro::Con2Prim: Convert back to primitive variables (general) - MHD version
        GROUP SetTmunu: Calculate the stress-energy tensor
        GROUP ADMConstraintsGroup: Evaluate ADM constraints, and perform symmetry boundary conditions
      [CCTK_POSTSTEP]
        GRHydro::GRHydro_RefinementLevel: Calculate current refinement level (for the check of the C2P mask)
        GRHydro::check_GRHydro_C2P_failed: Check the mask function that contains the points where C2P has failed and report an error in case a failure is found
        GROUP HydroBase_ExcisionHasBeenSet: Group to schedule thorns changing the mask before and thorns using the mask after
        GROUP zzz_NaNChecker_NaNCheck: Check for NaNs and count them in NaNChecker::NaNsFound
          NaNChecker::NaNChecker_NaNCheck_Prepare: [level] Prepare data structures to check for NaNs
          NaNChecker::NaNChecker_NaNCheck_Check: [local] Check for NaNs
          NaNChecker::NaNChecker_NaNCheck_Finish: [level] Count NaNs in NaNChecker::NaNsFound
        NaNChecker::NaNChecker_TakeAction: [global] [loop-level] Output NaNChecker::NaNmask and take action according to NaNChecker::action_if_found
        SpaceMask::CheckMask: Ensure that all mask values are legal
    endif
    if (recover initial data)
      [CCTK_BASEGRID]
        ADMBase::ADMBase_SetShiftStateOn: Set the shift_state variable to 1
        ADMBase::ADMBase_SetDtLapseStateOff: Set the dtlapse_state variable to 0
        ADMBase::ADMBase_SetDtShiftStateOff: Set the dtshift_state variable to 0
        ADMMacros::ADMMacros_SetLocalSpatialOrder: Initialize the local_spatial_order
        CartGrid3D::SpatialSpacings: Set up ranges for spatial 3D Cartesian coordinates (on all grids)
        CartGrid3D::SpatialCoordinates: Set up spatial 3D Cartesian coordinates on the GH
        GROUP MaskBase_SetupMask: Set up the weight function
          GROUP MaskBase_SetupMaskAll: Set up the weight function
            CarpetReduce::MaskBase_AllocateMask: [global] Allocate the weight function
            CarpetReduce::MaskBase_InitMask: [global] [loop-local] Initialise the weight function
            GROUP SetupIMaskInternal: Set up the integer weight function (schedule other routines in here)
              CarpetReduce::CoordBase_SetupMask: [global] [loop-local] Set up the outer boundaries of the weight function
              CarpetReduce::CarpetMaskSetup: [global] [loop-singlemap] Set up the weight function for the restriction regions
            GROUP SetupIMask: Set up the integer weight function (schedule other routines in here)
            CarpetReduce::MaskBase_SetMask: [global] [loop-local] Set the weight function
            GROUP SetupMask: Set up the real weight function (schedule other routines in here)
            CarpetReduce::MaskBase_TestMask: [global] Test the weight function
        GRHydro::GRHydro_Reset_Execution_Flags: [global] Initially set execution flags to 'YEAH, Execute'!
        GRHydro::GRHydro_InitSymBound: Schedule symmetries and check shift state
        GRHydro::reset_GRHydro_C2P_failed: Initialise the mask function that contains the points where C2P has failed (at BASEGRID)
        NaNChecker::NaNChecker_ResetCounter: [global] Reset the NaNChecker::NaNsFound counter
        SpaceMask::MaskZero: Initialise mask to zero
        SpaceMask::MaskOne: Set old style mask to one
        SymBase::SymBase_Check: Check whether the driver set up the grid consistently
        TerminationTrigger::TerminationTrigger_ResetTrigger: Clear trigger state
        TerminationTrigger::TerminationTrigger_StartTimer: Start timer
        TerminationTrigger::TerminationTrigger_CreateFile: Create termination file
        Time::Time_Initialise: [global] Initialise Time variables
        Time::TemporalSpacings: [singlemap] Set timestep based on Courant condition (courant_static)
      [CCTK_RECOVER_VARIABLES]
      [CCTK_POST_RECOVER_VARIABLES]
        CarpetIOHDF5::CarpetIOHDF5_InitCheckpointingIntervals: [global] Initialisation of checkpointing intervals after recovery
        GROUP MaskBase_SetupMask: Set up the weight function
          GROUP MaskBase_SetupMaskAll: Set up the weight function
            CarpetReduce::MaskBase_AllocateMask: [global] Allocate the weight function
            CarpetReduce::MaskBase_InitMask: [global] [loop-local] Initialise the weight function
            GROUP SetupIMaskInternal: Set up the integer weight function (schedule other routines in here)
              CarpetReduce::CoordBase_SetupMask: [global] [loop-local] Set up the outer boundaries of the weight function
              CarpetReduce::CarpetMaskSetup: [global] [loop-singlemap] Set up the weight function for the restriction regions
            GROUP SetupIMask: Set up the integer weight function (schedule other routines in here)
            CarpetReduce::MaskBase_SetMask: [global] [loop-local] Set the weight function
            GROUP SetupMask: Set up the real weight function (schedule other routines in here)
            CarpetReduce::MaskBase_TestMask: [global] Test the weight function
        GRHydro::GRHydro_EOSHandle: [global] Set the EOS number
        GRHydro::GRHydroCopyIntegerMask: Initialize the real valued atmosphere mask after checkpoint recovery
        GRHydro::GRHydro_SqrtSpatialDeterminant: Calculate sdetg
        GROUP HydroBase_ExcisionMaskSetup: Set up hydro excision mask
          HydroBase::HydroBase_InitExcisionMask: Initialize hydro excision mask to 'no excision everywhere'
        GROUP MoL_PostStep: Ensure that everything is correct after recovery
          ADMBase::ADMBase_Boundaries: [level] Select ADMBase boundary conditions - may be required for mesh refinement
          GROUP ADMBase_ApplyBCs: Apply the boundary conditions of ADMBase
            GROUP BoundaryConditions: Execute all boundary conditions
              Boundary::Boundary_ApplyPhysicalBCs: Apply all requested local physical boundary conditions
              CartGrid3D::CartGrid3D_ApplyBC: Apply symmetry boundary conditions
            Boundary::Boundary_ClearSelection: [level] Unselect all grid variables for boundary conditions
            GRHydro_InitData::GRHydro_Diagshock2D_BoundaryM: 2-D Diagonal shock boundary conditions
          GROUP ADMBase_SetADMVars: Set the ADM variables before this group, and use them afterwards
          GRHydro::GRHydro_RefinementLevel: Calculate current refinement level
          GRHydro::GRHydro_SetLastMoLPostStep: [level] Set grid scalar InLastMoLPostStep if this is the last MoL PostStep call
          GROUP HydroBase_PostStep: Post step tasks for hydro thorns
            GROUP GRHydro_PostStep: Post step tasks for GRHydro
            GROUP GRHydro_AtmosphereMaskBoundaries: Apply boundary conditions to primitives
              GRHydro::GRHydro_SelectAtmosphereMaskBoundaries: [level] Select atmosphere mask for boundary conditions
              GROUP GRHydro_ApplyAtmosphereMaskBCs: Apply boundary conditions to real-valued atmosphere mask
                GROUP BoundaryConditions: Execute all boundary conditions
                  Boundary::Boundary_ApplyPhysicalBCs: Apply all requested local physical boundary conditions
                  CartGrid3D::CartGrid3D_ApplyBC: Apply symmetry boundary conditions
                Boundary::Boundary_ClearSelection: [level] Unselect all grid variables for boundary conditions
                GRHydro_InitData::GRHydro_Diagshock2D_BoundaryM: 2-D Diagonal shock boundary conditions
            GRHydro::GRHydroPostSyncAtmosphereMask: Set integer atmosphere mask from synchronized real atmosphere mask
            if (GRHydro::InLastMoLPostStep)
              GRHydro::GRHydro_AtmosphereResetM: Reset the atmosphere - MHD version
            GRHydro::GRHydro_CalcBcom: Compute comoving magnetic field, pressure, etc...
            GROUP HydroBase_Boundaries: HydroBase-internal Boundary conditions group
              GROUP Do_GRHydro_Boundaries: GRHydro Boundary conditions group
              GROUP HydroBase_Select_Boundaries: Group to schedule the boundary condition functions
                if (GRHydro::execute_MoL_PostStep)
                  GRHydro::GRHydro_Bound: [level] Select GRHydro boundary conditions
              GROUP HydroBase_ApplyBCs: Apply the boundary conditions of HydroBase
                GROUP BoundaryConditions: Execute all boundary conditions
                  Boundary::Boundary_ApplyPhysicalBCs: Apply all requested local physical boundary conditions
                  CartGrid3D::CartGrid3D_ApplyBC: Apply symmetry boundary conditions
                Boundary::Boundary_ClearSelection: [level] Unselect all grid variables for boundary conditions
                GRHydro_InitData::GRHydro_Diagshock2D_BoundaryM: 2-D Diagonal shock boundary conditions
            GROUP HydroBase_Con2Prim: Convert from conservative to primitive variables
              if (GRHydro::execute_MoL_Step)
                GRHydro::GRHydro_SqrtSpatialDeterminant: Calculate sdetg
              if (GRHydro::execute_MoL_PostStep)
                GRHydro::Con2Prim: Convert back to primitive variables (general) - MHD version
        GROUP zzz_NaNChecker_NaNCheck: Check for NaNs and count them in NaNChecker::NaNsFound
          NaNChecker::NaNChecker_NaNCheck_Prepare: [level] Prepare data structures to check for NaNs
          NaNChecker::NaNChecker_NaNCheck_Check: [local] Check for NaNs
          NaNChecker::NaNChecker_NaNCheck_Finish: [level] Count NaNs in NaNChecker::NaNsFound
        NaNChecker::NaNChecker_TakeAction: [global] [loop-level] Output NaNChecker::NaNmask and take action according to NaNChecker::action_if_found
        TerminationTrigger::TerminationTrigger_ResetMinutes: [global] Reset Watchtime
    endif
    if (checkpoint initial data)
      [CCTK_CPINITIAL]
        CarpetIOHDF5::CarpetIOHDF5_InitialDataCheckpoint: [meta] Initial data checkpoint routine
    endif
    if (analysis)
      [CCTK_ANALYSIS]
        CarpetLib::CarpetLib_printtimestats: [global] Print timing statistics if desired
        CarpetLib::CarpetLib_printmemstats: [global] Print memory statistics if desired
        LoopControl::LC_statistics_analysis: [meta] Output LoopControl statistics
        SystemStatistics::SystemStatistics_Collect: [global] Collect system statistics
        TerminationTrigger::TerminationTrigger_CheckWalltime: Check elapsed job walltime
        TerminationTrigger::TerminationTrigger_CheckSignal: Check if we received a termination signal
        TerminationTrigger::TerminationTrigger_CheckFile: Check termination file
        TimerReport::zzz_TimerReport_Output: [global] Print the timer report
  endif
  Output grid variables

  do loop over timesteps
    [CCTK_PREREGRID]
    Change grid hierarchy
    [CCTK_POSTREGRID]
      CartGrid3D::SpatialCoordinates: Set Coordinates after regridding
      GROUP MaskBase_SetupMask: Set up the weight function
        GROUP MaskBase_SetupMaskAll: Set up the weight function
          CarpetReduce::MaskBase_AllocateMask: [global] Allocate the weight function
          CarpetReduce::MaskBase_InitMask: [global] [loop-local] Initialise the weight function
          GROUP SetupIMaskInternal: Set up the integer weight function (schedule other routines in here)
            CarpetReduce::CoordBase_SetupMask: [global] [loop-local] Set up the outer boundaries of the weight function
            CarpetReduce::CarpetMaskSetup: [global] [loop-singlemap] Set up the weight function for the restriction regions
          GROUP SetupIMask: Set up the integer weight function (schedule other routines in here)
          CarpetReduce::MaskBase_SetMask: [global] [loop-local] Set the weight function
          GROUP SetupMask: Set up the real weight function (schedule other routines in here)
          CarpetReduce::MaskBase_TestMask: [global] Test the weight function
      SpaceMask::MaskZero: Initialise mask to zero
      GROUP HydroBase_ExcisionMaskSetup: Set up hydro excision mask
        HydroBase::HydroBase_InitExcisionMask: Initialize hydro excision mask to 'no excision everywhere'
      SpaceMask::MaskOne: Set mask to one
      GRHydro::GRHydro_SetupMask: Initialize the atmosphere mask
      GROUP MoL_PostStep: Ensure that everything is correct after regridding
        ADMBase::ADMBase_Boundaries: [level] Select ADMBase boundary conditions - may be required for mesh refinement
        GROUP ADMBase_ApplyBCs: Apply the boundary conditions of ADMBase
          GROUP BoundaryConditions: Execute all boundary conditions
            Boundary::Boundary_ApplyPhysicalBCs: Apply all requested local physical boundary conditions
            CartGrid3D::CartGrid3D_ApplyBC: Apply symmetry boundary conditions
          Boundary::Boundary_ClearSelection: [level] Unselect all grid variables for boundary conditions
          GRHydro_InitData::GRHydro_Diagshock2D_BoundaryM: 2-D Diagonal shock boundary conditions
        GROUP ADMBase_SetADMVars: Set the ADM variables before this group, and use them afterwards
        GRHydro::GRHydro_RefinementLevel: Calculate current refinement level
        GRHydro::GRHydro_SetLastMoLPostStep: [level] Set grid scalar InLastMoLPostStep if this is the last MoL PostStep call
        GROUP HydroBase_PostStep: Post step tasks for hydro thorns
          GROUP GRHydro_PostStep: Post step tasks for GRHydro
          GROUP GRHydro_AtmosphereMaskBoundaries: Apply boundary conditions to primitives
            GRHydro::GRHydro_SelectAtmosphereMaskBoundaries: [level] Select atmosphere mask for boundary conditions
            GROUP GRHydro_ApplyAtmosphereMaskBCs: Apply boundary conditions to real-valued atmosphere mask
              GROUP BoundaryConditions: Execute all boundary conditions
                Boundary::Boundary_ApplyPhysicalBCs: Apply all requested local physical boundary conditions
                CartGrid3D::CartGrid3D_ApplyBC: Apply symmetry boundary conditions
              Boundary::Boundary_ClearSelection: [level] Unselect all grid variables for boundary conditions
              GRHydro_InitData::GRHydro_Diagshock2D_BoundaryM: 2-D Diagonal shock boundary conditions
          GRHydro::GRHydroPostSyncAtmosphereMask: Set integer atmosphere mask from synchronized real atmosphere mask
          if (GRHydro::InLastMoLPostStep)
            GRHydro::GRHydro_AtmosphereResetM: Reset the atmosphere - MHD version
          GRHydro::GRHydro_CalcBcom: Compute comoving magnetic field, pressure, etc...
          GROUP HydroBase_Boundaries: HydroBase-internal Boundary conditions group
            GROUP Do_GRHydro_Boundaries: GRHydro Boundary conditions group
            GROUP HydroBase_Select_Boundaries: Group to schedule the boundary condition functions
              if (GRHydro::execute_MoL_PostStep)
                GRHydro::GRHydro_Bound: [level] Select GRHydro boundary conditions
            GROUP HydroBase_ApplyBCs: Apply the boundary conditions of HydroBase
              GROUP BoundaryConditions: Execute all boundary conditions
                Boundary::Boundary_ApplyPhysicalBCs: Apply all requested local physical boundary conditions
                CartGrid3D::CartGrid3D_ApplyBC: Apply symmetry boundary conditions
              Boundary::Boundary_ClearSelection: [level] Unselect all grid variables for boundary conditions
              GRHydro_InitData::GRHydro_Diagshock2D_BoundaryM: 2-D Diagonal shock boundary conditions
          GROUP HydroBase_Con2Prim: Convert from conservative to primitive variables
            if (GRHydro::execute_MoL_Step)
              GRHydro::GRHydro_SqrtSpatialDeterminant: Calculate sdetg
            if (GRHydro::execute_MoL_PostStep)
              GRHydro::Con2Prim: Convert back to primitive variables (general) - MHD version
      GROUP MoL_PseudoEvolutionBoundaries: Apply boundary conditions to pseudo-evolved quantities
    Rotate timelevels
    iteration = iteration+1
    t = t+dt
    [CCTK_PRESTEP]
      ADMBase::ADMBase_LapseStatic: Copy the lapse to the current time level
      ADMBase::ADMBase_ShiftStatic: Copy the shift to the current time level
      ADMBase::ADMBase_Static: Copy the metric and extrinsic curvature to the current time level
      CoordGauge::Einstein_SetNextSlicing: Identify the slicing for the next iteration
      GRHydro::reset_GRHydro_C2P_failed: Reset the mask function that contains the points where C2P has failed (at PRESTEP)
      LoopControl::LC_steer: [meta] Update LoopControl algorithm preferences
      NaNChecker::NaNChecker_ResetCounter: [global] Reset the NaNChecker::NaNsFound counter
    [CCTK_EVOL]
      MoL::MoL_StartLoop: [level] Initialise the step size control
      while (MoL::MoL_Stepsize_Bad)
        GROUP MoL_Evolution: A single Cactus evolution step using MoL
          GROUP MoL_StartStep: MoL internal setup for the evolution step
            MoL::MoL_SetCounter: [level] Set the counter for the ODE method to loop over
            MoL::MoL_SetTime: [level] Ensure the correct time and timestep are used
            MoL::MoL_AllocateScratchSpace: [level] Allocate storage for scratch levels
          GROUP MoL_PreStep: Physics thorns can schedule preloop setup routines in here
            GRHydro::GRHydro_Scalar_Setup: Set up and check scalars for efficiency
          MoL::MoL_AllocateScratch: Allocate sufficient space for array scratch variables
          MoL::MoL_InitialCopy: Ensure the data is in the correct timelevel
          while (MoL::MoL_Intermediate_Step)
            GROUP MoL_Step: The loop over the intermediate steps for the ODE integrator
              MoL::MoL_InitRHS: Initialise the RHS functions
              GROUP MoL_CalcRHS: Physics thorns schedule the calculation of the discrete spatial operator in here
                GROUP HydroBase_RHS: Groups for scheduling tasks for calculating RHS of hydro variables
                  if (GRHydro::execute_MoL_Step)
                    GROUP GRHydroRHS: Calculate the update terms
                      GRHydro::SourceTerms: Source term calculation
                      GRHydro::GRHydroStartLoop: [level] Set the flux_direction variable
                      while (GRHydro::flux_direction)
                        GROUP FluxTerms: Calculation of intercell fluxes
                          GRHydro::GRHydro_RefinementLevel: Calculate current refinement level
                          GRHydro::Reconstruct: Reconstruct the functions at the cell boundaries
                          GRHydro::Riemann: Solve the local Riemann problems - MHD version
                          GRHydro::UpdateCalcul: Calculate the update term from the fluxes
                          GRHydro::GRHydroAdvanceLoop: [level] Decrement the flux_direction variable
                      end while
                      GRHydro::GRHydroUpdateAtmosphereMask: Alter the update terms if inside the atmosphere region
              GROUP MoL_PostRHS: Modify RHS functions
              GROUP MoL_RHSBoundaries: Any 'final' modifications to the RHS functions (boundaries etc.)
              MoL::MoL_Add: Updates calculated with the efficient Runge-Kutta 2 method
              MoL::MoL_DecrementCounter: [level] Alter the counter number
              MoL::MoL_ResetTime: [level] If necessary, change the time
              GROUP MoL_PostStepModify: The group for physics thorns to schedule enforcing constraints
              GROUP MoL_PostStep: The group for physics thorns to schedule boundary calls etc.
                ADMBase::ADMBase_Boundaries: [level] Select ADMBase boundary conditions - may be required for mesh refinement
                GROUP ADMBase_ApplyBCs: Apply the boundary conditions of ADMBase
                  GROUP BoundaryConditions: Execute all boundary conditions
                    Boundary::Boundary_ApplyPhysicalBCs: Apply all requested local physical boundary conditions
                    CartGrid3D::CartGrid3D_ApplyBC: Apply symmetry boundary conditions
                  Boundary::Boundary_ClearSelection: [level] Unselect all grid variables for boundary conditions
                  GRHydro_InitData::GRHydro_Diagshock2D_BoundaryM: 2-D Diagonal shock boundary conditions
                GROUP ADMBase_SetADMVars: Set the ADM variables before this group, and use them afterwards
                GRHydro::GRHydro_RefinementLevel: Calculate current refinement level
                GRHydro::GRHydro_SetLastMoLPostStep: [level] Set grid scalar InLastMoLPostStep if this is the last MoL PostStep call
                GROUP HydroBase_PostStep: Post step tasks for hydro thorns
                  GROUP GRHydro_PostStep: Post step tasks for GRHydro
                  GROUP GRHydro_AtmosphereMaskBoundaries: Apply boundary conditions to primitives
                    GRHydro::GRHydro_SelectAtmosphereMaskBoundaries: [level] Select atmosphere mask for boundary conditions
                    GROUP GRHydro_ApplyAtmosphereMaskBCs: Apply boundary conditions to real-valued atmosphere mask
                      GROUP BoundaryConditions: Execute all boundary conditions
                        Boundary::Boundary_ApplyPhysicalBCs: Apply all requested local physical boundary conditions
                        CartGrid3D::CartGrid3D_ApplyBC: Apply symmetry boundary conditions
                      Boundary::Boundary_ClearSelection: [level] Unselect all grid variables for boundary conditions
                      GRHydro_InitData::GRHydro_Diagshock2D_BoundaryM: 2-D Diagonal shock boundary conditions
                  GRHydro::GRHydroPostSyncAtmosphereMask: Set integer atmosphere mask from synchronized real atmosphere mask
                  if (GRHydro::InLastMoLPostStep)
                    GRHydro::GRHydro_AtmosphereResetM: Reset the atmosphere - MHD version
                  GRHydro::GRHydro_CalcBcom: Compute comoving magnetic field, pressure, etc...
                  GROUP HydroBase_Boundaries: HydroBase-internal Boundary conditions group
                    GROUP Do_GRHydro_Boundaries: GRHydro Boundary conditions group
                    GROUP HydroBase_Select_Boundaries: Group to schedule the boundary condition functions
                      if (GRHydro::execute_MoL_PostStep)
                        GRHydro::GRHydro_Bound: [level] Select GRHydro boundary conditions
                    GROUP HydroBase_ApplyBCs: Apply the boundary conditions of HydroBase
                      GROUP BoundaryConditions: Execute all boundary conditions
                        Boundary::Boundary_ApplyPhysicalBCs: Apply all requested local physical boundary conditions
                        CartGrid3D::CartGrid3D_ApplyBC: Apply symmetry boundary conditions
                      Boundary::Boundary_ClearSelection: [level] Unselect all grid variables for boundary conditions
                      GRHydro_InitData::GRHydro_Diagshock2D_BoundaryM: 2-D Diagonal shock boundary conditions
                  GROUP HydroBase_Con2Prim: Convert from conservative to primitive variables
                    if (GRHydro::execute_MoL_Step)
                      GRHydro::GRHydro_SqrtSpatialDeterminant: Calculate sdetg
                    if (GRHydro::execute_MoL_PostStep)
                      GRHydro::Con2Prim: Convert back to primitive variables (general) - MHD version
              GRHydro::GRHydro_ClearLastMoLPostStep: [level] Reset InLastMoLPostStep to zero
              MoL::MoL_ResetDeltaTime: [level] If necessary, change the timestep
          end while
          MoL::MoL_FinishLoop: [level] Control the step size
          MoL::MoL_RestoreSandR: Restoring the Save and Restore variables to the original state
          MoL::MoL_FreeScratchSpace: [level] Free storage for scratch levels
      end while
      GRHydro::sync_GRHydro_C2P_failed: Syncronise the mask function that contains the points where C2P has failed
      GROUP MoL_PseudoEvolution: Calculate pseudo-evolved quantities
        GROUP ADMBase_SetADMVars: Set the ADM variables before this group, and use them afterwards
        GROUP GRHydroAnalysis: Calculate analysis quantities
          GRHydro::GRHydro_CalcDivB: Calculate divB
          GROUP GRHydro_ApplyDivBBCs: Apply boundary conditions to divB
            GROUP BoundaryConditions: Execute all boundary conditions
              Boundary::Boundary_ApplyPhysicalBCs: Apply all requested local physical boundary conditions
              CartGrid3D::CartGrid3D_ApplyBC: Apply symmetry boundary conditions
            Boundary::Boundary_ClearSelection: [level] Unselect all grid variables for boundary conditions
            GRHydro_InitData::GRHydro_Diagshock2D_BoundaryM: 2-D Diagonal shock boundary conditions
    Evolve finer grids recursively
    Restrict from finer grids
    [CCTK_POSTRESTRICT]
      GROUP MoL_PostStep: Ensure that everything is correct after restriction
        ADMBase::ADMBase_Boundaries: [level] Select ADMBase boundary conditions - may be required for mesh refinement
        GROUP ADMBase_ApplyBCs: Apply the boundary conditions of ADMBase
          GROUP BoundaryConditions: Execute all boundary conditions
            Boundary::Boundary_ApplyPhysicalBCs: Apply all requested local physical boundary conditions
            CartGrid3D::CartGrid3D_ApplyBC: Apply symmetry boundary conditions
          Boundary::Boundary_ClearSelection: [level] Unselect all grid variables for boundary conditions
          GRHydro_InitData::GRHydro_Diagshock2D_BoundaryM: 2-D Diagonal shock boundary conditions
        GROUP ADMBase_SetADMVars: Set the ADM variables before this group, and use them afterwards
        GRHydro::GRHydro_RefinementLevel: Calculate current refinement level
        GRHydro::GRHydro_SetLastMoLPostStep: [level] Set grid scalar InLastMoLPostStep if this is the last MoL PostStep call
        GROUP HydroBase_PostStep: Post step tasks for hydro thorns
          GROUP GRHydro_PostStep: Post step tasks for GRHydro
          GROUP GRHydro_AtmosphereMaskBoundaries: Apply boundary conditions to primitives
            GRHydro::GRHydro_SelectAtmosphereMaskBoundaries: [level] Select atmosphere mask for boundary conditions
            GROUP GRHydro_ApplyAtmosphereMaskBCs: Apply boundary conditions to real-valued atmosphere mask
              GROUP BoundaryConditions: Execute all boundary conditions
                Boundary::Boundary_ApplyPhysicalBCs: Apply all requested local physical boundary conditions
                CartGrid3D::CartGrid3D_ApplyBC: Apply symmetry boundary conditions
              Boundary::Boundary_ClearSelection: [level] Unselect all grid variables for boundary conditions
              GRHydro_InitData::GRHydro_Diagshock2D_BoundaryM: 2-D Diagonal shock boundary conditions
          GRHydro::GRHydroPostSyncAtmosphereMask: Set integer atmosphere mask from synchronized real atmosphere mask
          if (GRHydro::InLastMoLPostStep)
            GRHydro::GRHydro_AtmosphereResetM: Reset the atmosphere - MHD version
          GRHydro::GRHydro_CalcBcom: Compute comoving magnetic field, pressure, etc...
          GROUP HydroBase_Boundaries: HydroBase-internal Boundary conditions group
            GROUP Do_GRHydro_Boundaries: GRHydro Boundary conditions group
            GROUP HydroBase_Select_Boundaries: Group to schedule the boundary condition functions
              if (GRHydro::execute_MoL_PostStep)
                GRHydro::GRHydro_Bound: [level] Select GRHydro boundary conditions
            GROUP HydroBase_ApplyBCs: Apply the boundary conditions of HydroBase
              GROUP BoundaryConditions: Execute all boundary conditions
                Boundary::Boundary_ApplyPhysicalBCs: Apply all requested local physical boundary conditions
                CartGrid3D::CartGrid3D_ApplyBC: Apply symmetry boundary conditions
              Boundary::Boundary_ClearSelection: [level] Unselect all grid variables for boundary conditions
              GRHydro_InitData::GRHydro_Diagshock2D_BoundaryM: 2-D Diagonal shock boundary conditions
          GROUP HydroBase_Con2Prim: Convert from conservative to primitive variables
            if (GRHydro::execute_MoL_Step)
              GRHydro::GRHydro_SqrtSpatialDeterminant: Calculate sdetg
            if (GRHydro::execute_MoL_PostStep)
              GRHydro::Con2Prim: Convert back to primitive variables (general) - MHD version
      GROUP MoL_PseudoEvolutionBoundaries: Apply boundary conditions to pseudo-evolved quantities
    [CCTK_POSTSTEP]
      GRHydro::GRHydro_RefinementLevel: Calculate current refinement level (for the check of the C2P mask)
      GRHydro::check_GRHydro_C2P_failed: Check the mask function that contains the points where C2P has failed and report an error in case a failure is found
      GROUP HydroBase_ExcisionHasBeenSet: Group to schedule thorns changing the mask before and thorns using the mask after
      GROUP zzz_NaNChecker_NaNCheck: Check for NaNs and count them in NaNChecker::NaNsFound
        NaNChecker::NaNChecker_NaNCheck_Prepare: [level] Prepare data structures to check for NaNs
        NaNChecker::NaNChecker_NaNCheck_Check: [local] Check for NaNs
        NaNChecker::NaNChecker_NaNCheck_Finish: [level] Count NaNs in NaNChecker::NaNsFound
      NaNChecker::NaNChecker_TakeAction: [global] [loop-level] Output NaNChecker::NaNmask and take action according to NaNChecker::action_if_found
      SpaceMask::CheckMask: Ensure that all mask values are legal
    if (checkpoint)
      [CCTK_CHECKPOINT]
      CarpetIOHDF5::CarpetIOHDF5_EvolutionCheckpoint: [meta] Evolution checkpoint routine
      TimerReport::zzz_TimerReport_Checkpoint: [global] Print the timer report
    endif
    if (analysis)
      [CCTK_ANALYSIS]
      CarpetLib::CarpetLib_printtimestats: [global] Print timing statistics if desired
      CarpetLib::CarpetLib_printmemstats: [global] Print memory statistics if desired
      LoopControl::LC_statistics_analysis: [meta] Output LoopControl statistics
      SystemStatistics::SystemStatistics_Collect: [global] Collect system statistics
      TerminationTrigger::TerminationTrigger_CheckWalltime: Check elapsed job walltime
      TerminationTrigger::TerminationTrigger_CheckSignal: Check if we received a termination signal
      TerminationTrigger::TerminationTrigger_CheckFile: Check termination file
      TimerReport::zzz_TimerReport_Output: [global] Print the timer report
    endif
    Output grid variables
    enddo

  Termination routines
    [CCTK_TERMINATE]
      CarpetIOHDF5::CarpetIOHDF5_TerminationCheckpoint: [meta] Termination checkpoint routine
      LoopControl::LC_statistics_terminate: [meta] Output LoopControl statistics
      MoL::MoL_FreeIndexArrays: Free the MoL bookkeeping index arrays
      TimerReport::zzz_TimerReport_Output: [global] Print the timer report

  Shutdown routines
    [CCTK_SHUTDOWN]
      Timers::Timer_Shutdown: Prepare hierarchical timers

  Routines run after changing the grid hierarchy:
    [CCTK_POSTREGRID]
      CartGrid3D::SpatialCoordinates: Set Coordinates after regridding
      GROUP MaskBase_SetupMask: Set up the weight function
        GROUP MaskBase_SetupMaskAll: Set up the weight function
          CarpetReduce::MaskBase_AllocateMask: [global] Allocate the weight function
          CarpetReduce::MaskBase_InitMask: [global] [loop-local] Initialise the weight function
          GROUP SetupIMaskInternal: Set up the integer weight function (schedule other routines in here)
            CarpetReduce::CoordBase_SetupMask: [global] [loop-local] Set up the outer boundaries of the weight function
            CarpetReduce::CarpetMaskSetup: [global] [loop-singlemap] Set up the weight function for the restriction regions
          GROUP SetupIMask: Set up the integer weight function (schedule other routines in here)
          CarpetReduce::MaskBase_SetMask: [global] [loop-local] Set the weight function
          GROUP SetupMask: Set up the real weight function (schedule other routines in here)
          CarpetReduce::MaskBase_TestMask: [global] Test the weight function
      SpaceMask::MaskZero: Initialise mask to zero
      GROUP HydroBase_ExcisionMaskSetup: Set up hydro excision mask
        HydroBase::HydroBase_InitExcisionMask: Initialize hydro excision mask to 'no excision everywhere'
      SpaceMask::MaskOne: Set mask to one
      GRHydro::GRHydro_SetupMask: Initialize the atmosphere mask
      GROUP MoL_PostStep: Ensure that everything is correct after regridding
        ADMBase::ADMBase_Boundaries: [level] Select ADMBase boundary conditions - may be required for mesh refinement
        GROUP ADMBase_ApplyBCs: Apply the boundary conditions of ADMBase
          GROUP BoundaryConditions: Execute all boundary conditions
            Boundary::Boundary_ApplyPhysicalBCs: Apply all requested local physical boundary conditions
            CartGrid3D::CartGrid3D_ApplyBC: Apply symmetry boundary conditions
          Boundary::Boundary_ClearSelection: [level] Unselect all grid variables for boundary conditions
          GRHydro_InitData::GRHydro_Diagshock2D_BoundaryM: 2-D Diagonal shock boundary conditions
        GROUP ADMBase_SetADMVars: Set the ADM variables before this group, and use them afterwards
        GRHydro::GRHydro_RefinementLevel: Calculate current refinement level
        GRHydro::GRHydro_SetLastMoLPostStep: [level] Set grid scalar InLastMoLPostStep if this is the last MoL PostStep call
        GROUP HydroBase_PostStep: Post step tasks for hydro thorns
          GROUP GRHydro_PostStep: Post step tasks for GRHydro
          GROUP GRHydro_AtmosphereMaskBoundaries: Apply boundary conditions to primitives
            GRHydro::GRHydro_SelectAtmosphereMaskBoundaries: [level] Select atmosphere mask for boundary conditions
            GROUP GRHydro_ApplyAtmosphereMaskBCs: Apply boundary conditions to real-valued atmosphere mask
              GROUP BoundaryConditions: Execute all boundary conditions
                Boundary::Boundary_ApplyPhysicalBCs: Apply all requested local physical boundary conditions
                CartGrid3D::CartGrid3D_ApplyBC: Apply symmetry boundary conditions
              Boundary::Boundary_ClearSelection: [level] Unselect all grid variables for boundary conditions
              GRHydro_InitData::GRHydro_Diagshock2D_BoundaryM: 2-D Diagonal shock boundary conditions
          GRHydro::GRHydroPostSyncAtmosphereMask: Set integer atmosphere mask from synchronized real atmosphere mask
          if (GRHydro::InLastMoLPostStep)
            GRHydro::GRHydro_AtmosphereResetM: Reset the atmosphere - MHD version
          GRHydro::GRHydro_CalcBcom: Compute comoving magnetic field, pressure, etc...
          GROUP HydroBase_Boundaries: HydroBase-internal Boundary conditions group
            GROUP Do_GRHydro_Boundaries: GRHydro Boundary conditions group
            GROUP HydroBase_Select_Boundaries: Group to schedule the boundary condition functions
              if (GRHydro::execute_MoL_PostStep)
                GRHydro::GRHydro_Bound: [level] Select GRHydro boundary conditions
            GROUP HydroBase_ApplyBCs: Apply the boundary conditions of HydroBase
              GROUP BoundaryConditions: Execute all boundary conditions
                Boundary::Boundary_ApplyPhysicalBCs: Apply all requested local physical boundary conditions
                CartGrid3D::CartGrid3D_ApplyBC: Apply symmetry boundary conditions
              Boundary::Boundary_ClearSelection: [level] Unselect all grid variables for boundary conditions
              GRHydro_InitData::GRHydro_Diagshock2D_BoundaryM: 2-D Diagonal shock boundary conditions
          GROUP HydroBase_Con2Prim: Convert from conservative to primitive variables
            if (GRHydro::execute_MoL_Step)
              GRHydro::GRHydro_SqrtSpatialDeterminant: Calculate sdetg
            if (GRHydro::execute_MoL_PostStep)
              GRHydro::Con2Prim: Convert back to primitive variables (general) - MHD version
      GROUP MoL_PseudoEvolutionBoundaries: Apply boundary conditions to pseudo-evolved quantities
--------------------------------------------------------------------------------
INFO (Carpet): Multi-Model listing:
   model 0: "world"
INFO (Carpet): Multi-Model process distribution:
   processes 0-1: model 0 "world"
INFO (Carpet): Multi-Model: This is process 0, model 0 "world"
INFO (CarpetLib): Process startup time was 1.06 seconds
Current core file size limit: hard=[unlimited], soft=0 MB
Current addres space size limit: hard=[unlimited], soft=[unlimited]
Current data segment size limit: hard=[unlimited], soft=[unlimited]
Current resident set size limit: hard=[unlimited], soft=[unlimited]
INFO (CycleClock): Measuring CycleClock tick via OpenMP...
INFO (CycleClock): Calibrated CycleClock: 0.385182 ns per clock tick (2.59617 GHz)
INFO (Vectors): Using vector size 2 for architecture SSE2 (64-bit precision)
INFO (hwloc): library version 2.10.0, API version 0x20800
--------------------------------------------------------------------------------
AMR driver provided by Carpet
--------------------------------------------------------------------------------
AMR scalar I/O provided by CarpetIOScalar
--------------------------------------------------------------------------------
GRHydro: relativistic hydrodynamics, no ice.
--------------------------------------------------------------------------------
HydroBase: Let it flow.
--------------------------------------------------------------------------------
AMR 0D ASCII I/O provided by CarpetIOASCII
--------------------------------------------------------------------------------
AMR 1D ASCII I/O provided by CarpetIOASCII
--------------------------------------------------------------------------------
AMR 2D ASCII I/O provided by CarpetIOASCII
--------------------------------------------------------------------------------
AMR 3D ASCII I/O provided by CarpetIOASCII
--------------------------------------------------------------------------------
AMR info I/O provided by CarpetIOBasic
--------------------------------------------------------------------------------
MoL: Generalized time integration.
--------------------------------------------------------------------------------
AMR HDF5 I/O provided by CarpetIOHDF5
--------------------------------------------------------------------------------
AMR 0D HDF5 I/O provided by CarpetIOHDF5
--------------------------------------------------------------------------------
AMR 1D HDF5 I/O provided by CarpetIOHDF5
--------------------------------------------------------------------------------
AMR 2D HDF5 I/O provided by CarpetIOHDF5
--------------------------------------------------------------------------------
AMR 3D HDF5 I/O provided by CarpetIOHDF5
--------------------------------------------------------------------------------

INFO (Carpet): MPI is enabled
INFO (Carpet): Carpet is running on 2 processes
INFO (Carpet): This is process 0
INFO (Carpet): OpenMP is enabled
INFO (Carpet): This process contains 1 threads, this is thread 0
INFO (Carpet): There are 2 threads in total
INFO (Carpet): There are 1 threads per process
INFO (Carpet): This process runs on host runnervmvrwv9, pid=183270
INFO (Carpet): This process runs on 2 cores: 0-1
INFO (Carpet): Thread 0 runs on 2 cores: 0-1
INFO (Carpet): This simulation is running in 3 dimensions
INFO (Carpet): Boundary specification for map 0:
   nboundaryzones: [[1,1,1],[1,1,1]]
   is_internal   : [[0,0,0],[0,0,0]]
   is_staggered  : [[0,0,0],[0,0,0]]
   shiftout      : [[0,0,0],[0,0,0]]
INFO (Carpet): CoordBase domain specification for map 0:
   physical extent: [-0.353553,-0.353553,-0.00353553] : [0.353553,0.353553,0.00353553]   ([0.707107,0.707107,0.00707107])
   interior extent: [-0.282843,-0.282843,-0.00265165] : [0.282843,0.282843,0.00265165]   ([0.565685,0.565685,0.0053033])
   exterior extent: [-0.353553,-0.353553,-0.00353553] : [0.353553,0.353553,0.00353553]   ([0.707107,0.707107,0.00707107])
   base_spacing   : [0.0707107,0.0707107,0.000883883]
INFO (Carpet): Adapted domain specification for map 0:
   convergence factor: 2
   convergence level : 0
   physical extent   : [-0.353553,-0.353553,-0.00353553] : [0.353553,0.353553,0.00353553]   ([0.707107,0.707107,0.00707107])
   interior extent   : [-0.282843,-0.282843,-0.00265165] : [0.282843,0.282843,0.00265165]   ([0.565685,0.565685,0.0053033])
   exterior extent   : [-0.353553,-0.353553,-0.00353553] : [0.353553,0.353553,0.00353553]   ([0.707107,0.707107,0.00707107])
   spacing           : [0.0707107,0.0707107,0.000883883]
INFO (Carpet): Base grid specification for map 0:
   number of grid points             : [11,11,9]
   number of coarse grid ghost points: [[3,3,3],[3,3,3]]
INFO (Carpet): Buffer zone counts (excluding ghosts):
   [0]: [[0,0,0],[0,0,0]]
INFO (Carpet): Overlap zone counts:
   [0]: [[0,0,0],[0,0,0]]
INFO (Carpet): Group and variable statistics:
INFO (Carpet):    There are 607 grid functions in 108 groups
INFO (Carpet):    There are 131 grid scalars in 56 groups
INFO (Carpet):    There are 60 1-dimensional grid arrays in 10 groups
INFO (Carpet):    There are 1 2-dimensional grid arrays in 1 groups
INFO (Carpet):    There are 0 3-dimensional grid arrays in 0 groups
INFO (Carpet):    (The number of variables counts all time levels)
INFO (CarpetIOASCII): I/O Method 'IOASCII_0D' registered: 0D AMR output of grid variables to ASCII files
INFO (CarpetIOASCII): Periodic 0D AMR output requested for:
   CARPET::physical_time_per_hour
   CARPET::current_physical_time_per_hour
   CARPET::time_total
   CARPET::time_evolution
   CARPET::time_computing
   CARPET::time_communicating
   CARPET::time_io
   CARPET::evolution_steps_count
   CARPET::local_grid_points_per_second
   CARPET::total_grid_points_per_second
   CARPET::local_grid_point_updates_count
   CARPET::total_grid_point_updates_count
   CARPET::local_interior_points_per_second
   CARPET::total_interior_points_per_second
   CARPET::local_interior_point_updates_count
   CARPET::total_interior_point_updates_count
   CARPET::io_per_second
   CARPET::io_bytes_per_second
   CARPET::io_bytes_ascii_per_second
   CARPET::io_bytes_binary_per_second
   CARPET::io_count
   CARPET::io_bytes_count
   CARPET::io_bytes_ascii_count
   CARPET::io_bytes_binary_count
   CARPET::comm_per_second
   CARPET::comm_bytes_per_second
   CARPET::comm_count
   CARPET::comm_bytes_count
   CARPET::time_levels
   CARPET::current_walltime
   CARPET::syncs_count
INFO (CarpetIOASCII): I/O Method 'IOASCII_1D' registered: 1D AMR output of grid variables to ASCII files
INFO (CarpetIOASCII): Periodic 1D AMR output requested for:
   GRHYDRO::divB
   HYDROBASE::rho
   HYDROBASE::press
   HYDROBASE::eps
   HYDROBASE::vel[0]
   HYDROBASE::vel[1]
   HYDROBASE::vel[2]
   HYDROBASE::w_lorentz
   HYDROBASE::Bvec[0]
   HYDROBASE::Bvec[1]
   HYDROBASE::Bvec[2]
INFO (CarpetIOASCII): I/O Method 'IOASCII_2D' registered: 2D AMR output of grid variables to ASCII files
INFO (CarpetIOASCII): Periodic 2D AMR output requested for:
   GRHYDRO::dens
   GRHYDRO::tau
   GRHYDRO::scon[0]
   GRHYDRO::scon[1]
   GRHYDRO::scon[2]
   GRHYDRO::Bcons[0]
   GRHYDRO::Bcons[1]
   GRHYDRO::Bcons[2]
   GRHYDRO::psidc
   GRHYDRO::divB
   GRHYDRO::bcom[0]
   GRHYDRO::bcom[1]
   GRHYDRO::bcom[2]
   GRHYDRO::bcom0
   GRHYDRO::bcom_sq
   HYDROBASE::rho
   HYDROBASE::press
   HYDROBASE::eps
   HYDROBASE::vel[0]
   HYDROBASE::vel[1]
   HYDROBASE::vel[2]
   HYDROBASE::w_lorentz
   HYDROBASE::Bvec[0]
   HYDROBASE::Bvec[1]
   HYDROBASE::Bvec[2]
INFO (CarpetIOASCII): I/O Method 'IOASCII_3D' registered: 3D AMR output of grid variables to ASCII files
INFO (CarpetIOHDF5): I/O Method 'IOHDF5' registered: AMR output of grid variables to HDF5 files
INFO (CarpetIOHDF5): I/O Method 'IOHDF5_0D' registered: 0D AMR output of grid variables to HDF5 files
INFO (CarpetIOHDF5): I/O Method 'IOHDF5_1D' registered: 1D AMR output of grid variables to HDF5 files
INFO (CarpetIOHDF5): I/O Method 'IOHDF5_2D' registered: 2D AMR output of grid variables to HDF5 files
INFO (CarpetIOHDF5): Periodic 2D AMR output requested for:
   GRHYDRO::dens
   GRHYDRO::tau
   GRHYDRO::scon[0]
   GRHYDRO::scon[1]
   GRHYDRO::scon[2]
   GRHYDRO::Bcons[0]
   GRHYDRO::Bcons[1]
   GRHYDRO::Bcons[2]
   GRHYDRO::psidc
   GRHYDRO::divB
   GRHYDRO::bcom[0]
   GRHYDRO::bcom[1]
   GRHYDRO::bcom[2]
   GRHYDRO::bcom0
   GRHYDRO::bcom_sq
   HYDROBASE::rho
   HYDROBASE::press
   HYDROBASE::eps
   HYDROBASE::vel[0]
   HYDROBASE::vel[1]
   HYDROBASE::vel[2]
   HYDROBASE::w_lorentz
   HYDROBASE::Bvec[0]
   HYDROBASE::Bvec[1]
   HYDROBASE::Bvec[2]
INFO (CarpetIOHDF5): I/O Method 'IOHDF5_3D' registered: 3D AMR output of grid variables to HDF5 files
INFO (CarpetIOHDF5): Periodic 3D AMR output requested for:
   GRHYDRO::divB
   GRHYDRO::bcom[0]
   GRHYDRO::bcom[1]
   GRHYDRO::bcom[2]
   GRHYDRO::bcom0
   GRHYDRO::bcom_sq
   HYDROBASE::rho
   HYDROBASE::press
   HYDROBASE::eps
   HYDROBASE::vel[0]
   HYDROBASE::vel[1]
   HYDROBASE::vel[2]
   HYDROBASE::w_lorentz
   HYDROBASE::Bvec[0]
   HYDROBASE::Bvec[1]
   HYDROBASE::Bvec[2]
INFO (MoL): Using Runge-Kutta 2 as the time integrator.
INFO (MoL): The maximum number of evolved variables is 439. 8 are registered.
INFO (MoL): The maximum number of slow evolved variables is 439. 0 are registered.
INFO (MoL): The maximum number of constrained variables is 439. 10 are registered.
INFO (MoL): The maximum number of SandR variables is 439. 16 are registered.
INFO (MoL): The maximum number of evolved array variables is 439. 0 are registered.
INFO (MoL): The maximum number of constrained array variables is 439. 0 are registered.
INFO (MoL): The maximum number of SandR array variables is 439. 0 are registered.
INFO (MoL): The maximum size of any array variables is 0.
INFO (Vectors): Testing vectorisation... [errors may result in segfaults]
INFO (Vectors): 375/375 tests passed 
INFO (CartGrid3D): Grid Spacings:
INFO (CartGrid3D): dx=>7.0710678e-02  dy=>7.0710678e-02  dz=>8.8388348e-04
INFO (CartGrid3D): Computational Coordinates:
INFO (CartGrid3D): x=>[-0.354, 0.354]  y=>[-0.354, 0.354]  z=>[-0.004, 0.004]
INFO (CartGrid3D): Indices of Physical Coordinates:
INFO (CartGrid3D): x=>[0,10]  y=>[0,10]  z=>[0,8]
INFO (TerminationTrigger): Reminding you every 60 minutes about remaining walltime
INFO (Time): Timestep set to 0.000353553 (courant_static)
INFO (GRHydro): Trying to get EOS handles
INFO (GRHydro): Trying to get EOS handles
INFO (GRHydro): GRHydro will use the Ideal_Fluid equation of state.
INFO (GRHydro): Setting up the atmosphere mask: all points are not_atmosphere
[1mWARNING level 2 from host runnervmvrwv9.2teta1ngcx3e5onlpkheve315a.bx.internal.cloudapp.net process 0
  in thorn Carpet, file /home/runner/work/tests/tests/master/configs/sim/build/Carpet/Comm.cc:103:
  ->[0m Synchronising group "GRHYDRO::TAU" in local mode
[1mWARNING level 2 from host runnervmvrwv9.2teta1ngcx3e5onlpkheve315a.bx.internal.cloudapp.net process 0
  in thorn Carpet, file /home/runner/work/tests/tests/master/configs/sim/build/Carpet/Comm.cc:103:
  ->[0m Synchronising group "GRHYDRO::DENS" in local mode
[1mWARNING level 2 from host runnervmvrwv9.2teta1ngcx3e5onlpkheve315a.bx.internal.cloudapp.net process 0
  in thorn Carpet, file /home/runner/work/tests/tests/master/configs/sim/build/Carpet/Comm.cc:103:
  ->[0m Synchronising group "GRHYDRO::SCON" in local mode
[1mWARNING level 2 from host runnervmvrwv9.2teta1ngcx3e5onlpkheve315a.bx.internal.cloudapp.net process 0
  in thorn Carpet, file /home/runner/work/tests/tests/master/configs/sim/build/Carpet/Comm.cc:103:
  ->[0m Synchronising group "GRHYDRO::BCONS" in local mode
[1mWARNING level 2 from host runnervmvrwv9.2teta1ngcx3e5onlpkheve315a.bx.internal.cloudapp.net process 0
  in thorn Carpet, file /home/runner/work/tests/tests/master/configs/sim/build/Carpet/Comm.cc:103:
  ->[0m Synchronising group "GRHYDRO::TAU" in local mode
[1mWARNING level 2 from host runnervmvrwv9.2teta1ngcx3e5onlpkheve315a.bx.internal.cloudapp.net process 0
  in thorn Carpet, file /home/runner/work/tests/tests/master/configs/sim/build/Carpet/Comm.cc:103:
  ->[0m Synchronising group "GRHYDRO::DENS" in local mode
[1mWARNING level 2 from host runnervmvrwv9.2teta1ngcx3e5onlpkheve315a.bx.internal.cloudapp.net process 0
  in thorn Carpet, file /home/runner/work/tests/tests/master/configs/sim/build/Carpet/Comm.cc:103:
  ->[0m Synchronising group "GRHYDRO::SCON" in local mode
[1mWARNING level 2 from host runnervmvrwv9.2teta1ngcx3e5onlpkheve315a.bx.internal.cloudapp.net process 0
  in thorn Carpet, file /home/runner/work/tests/tests/master/configs/sim/build/Carpet/Comm.cc:103:
  ->[0m Synchronising group "GRHYDRO::BCONS" in local mode
[1mWARNING level 2 from host runnervmvrwv9.2teta1ngcx3e5onlpkheve315a.bx.internal.cloudapp.net process 0
  in thorn Carpet, file /home/runner/work/tests/tests/master/configs/sim/build/Carpet/Comm.cc:103:
  ->[0m Synchronising group "GRHYDRO::TAU" in local mode
[1mWARNING level 2 from host runnervmvrwv9.2teta1ngcx3e5onlpkheve315a.bx.internal.cloudapp.net process 0
  in thorn Carpet, file /home/runner/work/tests/tests/master/configs/sim/build/Carpet/Comm.cc:103:
  ->[0m Synchronising group "GRHYDRO::DENS" in local mode
[1mWARNING level 2 from host runnervmvrwv9.2teta1ngcx3e5onlpkheve315a.bx.internal.cloudapp.net process 0
  in thorn Carpet, file /home/runner/work/tests/tests/master/configs/sim/build/Carpet/Comm.cc:103:
  ->[0m Synchronising group "GRHYDRO::SCON" in local mode
[1mWARNING level 2 from host runnervmvrwv9.2teta1ngcx3e5onlpkheve315a.bx.internal.cloudapp.net process 0
  in thorn Carpet, file /home/runner/work/tests/tests/master/configs/sim/build/Carpet/Comm.cc:103:
  ->[0m Synchronising group "GRHYDRO::BCONS" in local mode
[1mWARNING level 2 from host runnervmvrwv9.2teta1ngcx3e5onlpkheve315a.bx.internal.cloudapp.net process 0
  in thorn Carpet, file /home/runner/work/tests/tests/master/configs/sim/build/Carpet/Comm.cc:103:
  ->[0m Synchronising group "GRHYDRO::TAU" in local mode
[1mWARNING level 2 from host runnervmvrwv9.2teta1ngcx3e5onlpkheve315a.bx.internal.cloudapp.net process 0
  in thorn Carpet, file /home/runner/work/tests/tests/master/configs/sim/build/Carpet/Comm.cc:103:
  ->[0m Synchronising group "GRHYDRO::DENS" in local mode
[1mWARNING level 2 from host runnervmvrwv9.2teta1ngcx3e5onlpkheve315a.bx.internal.cloudapp.net process 0
  in thorn Carpet, file /home/runner/work/tests/tests/master/configs/sim/build/Carpet/Comm.cc:103:
  ->[0m Synchronising group "GRHYDRO::SCON" in local mode
[1mWARNING level 2 from host runnervmvrwv9.2teta1ngcx3e5onlpkheve315a.bx.internal.cloudapp.net process 0
  in thorn Carpet, file /home/runner/work/tests/tests/master/configs/sim/build/Carpet/Comm.cc:103:
  ->[0m Synchronising group "GRHYDRO::BCONS" in local mode
[1mWARNING level 2 from host runnervmvrwv9.2teta1ngcx3e5onlpkheve315a.bx.internal.cloudapp.net process 0
  in thorn Carpet, file /home/runner/work/tests/tests/master/configs/sim/build/Carpet/Comm.cc:103:
  ->[0m Synchronising group "GRHYDRO::TAU" in local mode
[1mWARNING level 2 from host runnervmvrwv9.2teta1ngcx3e5onlpkheve315a.bx.internal.cloudapp.net process 0
  in thorn Carpet, file /home/runner/work/tests/tests/master/configs/sim/build/Carpet/Comm.cc:103:
  ->[0m Synchronising group "GRHYDRO::DENS" in local mode
[1mWARNING level 2 from host runnervmvrwv9.2teta1ngcx3e5onlpkheve315a.bx.internal.cloudapp.net process 0
  in thorn Carpet, file /home/runner/work/tests/tests/master/configs/sim/build/Carpet/Comm.cc:103:
  ->[0m Synchronising group "GRHYDRO::SCON" in local mode
[1mWARNING level 2 from host runnervmvrwv9.2teta1ngcx3e5onlpkheve315a.bx.internal.cloudapp.net process 0
  in thorn Carpet, file /home/runner/work/tests/tests/master/configs/sim/build/Carpet/Comm.cc:103:
  ->[0m Synchronising group "GRHYDRO::BCONS" in local mode
[1mWARNING level 2 from host runnervmvrwv9.2teta1ngcx3e5onlpkheve315a.bx.internal.cloudapp.net process 0
  in thorn Carpet, file /home/runner/work/tests/tests/master/configs/sim/build/Carpet/Comm.cc:103:
  ->[0m Synchronising group "GRHYDRO::TAU" in local mode
[1mWARNING level 2 from host runnervmvrwv9.2teta1ngcx3e5onlpkheve315a.bx.internal.cloudapp.net process 0
  in thorn Carpet, file /home/runner/work/tests/tests/master/configs/sim/build/Carpet/Comm.cc:103:
  ->[0m Synchronising group "GRHYDRO::DENS" in local mode
[1mWARNING level 2 from host runnervmvrwv9.2teta1ngcx3e5onlpkheve315a.bx.internal.cloudapp.net process 0
  in thorn Carpet, file /home/runner/work/tests/tests/master/configs/sim/build/Carpet/Comm.cc:103:
  ->[0m Synchronising group "GRHYDRO::SCON" in local mode
[1mWARNING level 2 from host runnervmvrwv9.2teta1ngcx3e5onlpkheve315a.bx.internal.cloudapp.net process 0
  in thorn Carpet, file /home/runner/work/tests/tests/master/configs/sim/build/Carpet/Comm.cc:103:
  ->[0m Synchronising group "GRHYDRO::BCONS" in local mode
[1mWARNING level 2 from host runnervmvrwv9.2teta1ngcx3e5onlpkheve315a.bx.internal.cloudapp.net process 0
  in thorn Carpet, file /home/runner/work/tests/tests/master/configs/sim/build/Carpet/Comm.cc:103:
  ->[0m Synchronising group "GRHYDRO::TAU" in local mode
[1mWARNING level 2 from host runnervmvrwv9.2teta1ngcx3e5onlpkheve315a.bx.internal.cloudapp.net process 0
  in thorn Carpet, file /home/runner/work/tests/tests/master/configs/sim/build/Carpet/Comm.cc:103:
  ->[0m Synchronising group "GRHYDRO::DENS" in local mode
[1mWARNING level 2 from host runnervmvrwv9.2teta1ngcx3e5onlpkheve315a.bx.internal.cloudapp.net process 0
  in thorn Carpet, file /home/runner/work/tests/tests/master/configs/sim/build/Carpet/Comm.cc:103:
  ->[0m Synchronising group "GRHYDRO::SCON" in local mode
[1mWARNING level 2 from host runnervmvrwv9.2teta1ngcx3e5onlpkheve315a.bx.internal.cloudapp.net process 0
  in thorn Carpet, file /home/runner/work/tests/tests/master/configs/sim/build/Carpet/Comm.cc:103:
  ->[0m Synchronising group "GRHYDRO::BCONS" in local mode
[1mWARNING level 2 from host runnervmvrwv9.2teta1ngcx3e5onlpkheve315a.bx.internal.cloudapp.net process 0
  in thorn Carpet, file /home/runner/work/tests/tests/master/configs/sim/build/Carpet/Comm.cc:103:
  ->[0m Synchronising group "GRHYDRO::TAU" in local mode
[1mWARNING level 2 from host runnervmvrwv9.2teta1ngcx3e5onlpkheve315a.bx.internal.cloudapp.net process 0
  in thorn Carpet, file /home/runner/work/tests/tests/master/configs/sim/build/Carpet/Comm.cc:103:
  ->[0m Synchronising group "GRHYDRO::DENS" in local mode
[1mWARNING level 2 from host runnervmvrwv9.2teta1ngcx3e5onlpkheve315a.bx.internal.cloudapp.net process 0
  in thorn Carpet, file /home/runner/work/tests/tests/master/configs/sim/build/Carpet/Comm.cc:103:
  ->[0m Synchronising group "GRHYDRO::SCON" in local mode
[1mWARNING level 2 from host runnervmvrwv9.2teta1ngcx3e5onlpkheve315a.bx.internal.cloudapp.net process 0
  in thorn Carpet, file /home/runner/work/tests/tests/master/configs/sim/build/Carpet/Comm.cc:103:
  ->[0m Synchronising group "GRHYDRO::BCONS" in local mode
      GRHydro_InitialAtmosphereReset
Memory statistics from CarpetLib:
   Current number of objects: 206
   Current allocated memory:  0.722 MB
   Maximum number of objects: 208
   Maximum allocated memory:  0.733 MB
   Current administrative memory: 0.756 MB
   Total allocated used system memory: 13.3 MB
   Total allocated free system memory: 0.215 MB
   gh::allmemory:    51184
   dh::allmemory:    598608
   th::allmemory:    13920
   ggf::allmemory:   78024
   gdata::allmemory: 14048
-------------------------------------------------------------------------------------------
Iteration      Time | *me_per_hour | *RO::bcom_sq | *ROBASE::rho | *BASE::press | *axrss_mb
                    |              |      maximum |      maximum |      maximum |   maximum
-------------------------------------------------------------------------------------------
        0     0.000 |    0.0000000 |    3.8702999 |    1.0800000 |    1.0000000 |        61
---------------------------------------------------------------------------------------------------------------------------------------------------------
Time      Time   Imblnc   Timer                                               gettimeof  getrusage      cycle  cycle[avg  cycle[sdv  cycle[min  cycle[max
percent   secs   percent                                                           secs       secs       secs       secs       secs       secs       secs
---------------------------------------------------------------------------------------------------------------------------------------------------------
 100.0%      0.0    0.0%  Initialise                                            0.01532   0.006295  3.978e+07  3.978e+07          0  3.978e+07  3.978e+07
  15.7%      0.0    1.9%  |_CallAnalysis                                       0.002449   0.002071  6.356e+06  6.356e+06          0  6.356e+06  6.356e+06
   5.2%      0.0    3.7%  | |_CCTK_ANALYSIS                                    0.000833   0.000597  2.161e+06  2.161e+06          0  2.161e+06  2.161e+06
   4.7%      0.0    4.0%  | | |_CallFunction                                   0.000757   0.000546  1.963e+06  2.453e+05  8.221e+05  5.619e+04  9.734e+05
   3.4%      0.0    5.1%  | | | |_thorns                                        0.00055   0.000381  1.429e+06  1.786e+05  8.437e+05  1.997e+04  9.252e+05
   2.1%      0.0    9.5%  | | | | |_CarpetLib_printmemstats                    0.000348   0.000209   9.07e+05   9.07e+05          0   9.07e+05   9.07e+05
   1.3%      0.0          | | | |_untimed
   9.2%      0.0    1.1%  | |_OutputGH                                         0.001423   0.001392  3.691e+06  3.691e+06          0  3.691e+06  3.691e+06
   9.1%      0.0    1.1%  | | |_OutputGH                                       0.001413   0.001383  3.669e+06  3.669e+06          0  3.669e+06  3.669e+06
   5.0%      0.0    2.6%  | | | |_IOASCII::IOASCII_1D [2]                      0.000752   0.000752  1.953e+06  1.953e+06          0  1.953e+06  1.953e+06
   5.0%      0.0    2.6%  | | | | |_OutputGH<1>                                0.000744   0.000745  1.935e+06  1.935e+06          0  1.935e+06  1.935e+06
   1.8%      0.0    8.1%  | | | |_IOBasic::CarpetIOBasic [5]                   0.000303   0.000291  7.853e+05  7.853e+05          0  7.853e+05  7.853e+05
   1.8%      0.0    8.3%  | | | | |_OutputGH                                   0.000296   0.000284  7.671e+05  7.671e+05          0  7.671e+05  7.671e+05
  47.3%      0.0    0.1%  |_CallInitial                                        0.007254    0.00391  1.883e+07  1.883e+07          0  1.883e+07  1.883e+07
   9.6%      0.0    3.5%  | |_CCTK_BASEGRID                                    0.001526   0.000548  3.915e+06  3.915e+06          0  3.915e+06  3.915e+06
   8.3%      0.0    4.6%  | | |_CallFunction                                   0.001328   0.000474  3.427e+06  1.428e+05  4.063e+05  5.478e+04  3.495e+05
   4.1%      0.0    8.5%  | | | |_thorns                                       0.000693   0.000238  1.803e+06  7.511e+04  3.394e+05  1.758e+04  2.283e+05
   4.1%      0.0          | | | |_untimed
   1.3%      0.0          | | |_untimed
   8.2%      0.0    1.6%  | |_CCTK_INITIAL                                      0.00128   0.001239  3.321e+06  3.321e+06          0  3.321e+06  3.321e+06
   7.2%      0.0    0.9%  | | |_CallFunction                                   0.001111   0.001076   2.88e+06  1.516e+05  7.507e+05  2.704e+04  8.478e+05
   4.3%      0.0    3.0%  | | | |_thorns                                       0.000676   0.000664  1.757e+06  9.248e+04  7.283e+05  1.898e+04  7.779e+05
   1.8%      0.0    4.4%  | | | | |_GRHydro_shocktubeM                         0.000294   0.000294  7.628e+05  7.628e+05          0  7.628e+05  7.628e+05
   2.9%      0.0          | | | |_untimed
   1.0%      0.0          | | |_untimed
  23.2%      0.0    2.0%  | |_CCTK_POSTINITIAL                                 0.003485   0.002107  9.046e+06  9.046e+06          0  9.046e+06  9.046e+06
  21.7%      0.0    2.1%  | | |_CallFunction                                   0.003258   0.001952  8.455e+06  2.916e+05  1.854e+06  1.789e+04  1.135e+06
   3.7%      0.0   11.9%  | | | |_syncs                                        0.000485    0.00022  1.257e+06   4.19e+05   3.56e+05   1.51e+05  6.504e+05
   3.5%      0.0   12.4%  | | | | |_Sync                                       0.000457     0.0002  1.184e+06  3.947e+05  3.422e+05  1.357e+05  6.149e+05
   0.7%      0.0   38.6%  | | | | | |_comm_state[6].state_do_some_work.step     4.2e-05    1.1e-05  1.083e+05   3.61e+04  2.028e+04  2.574e+04  5.247e+04
  14.1%      0.0    0.5%  | | | |_thorns                                       0.002169   0.001276  5.635e+06  1.943e+05  1.759e+06  1.076e+04  1.062e+06
   1.5%      0.0    3.8%  | | | | |_Con2Prim                                   0.000237   0.000237  6.155e+05  6.155e+05          0  6.155e+05  6.155e+05
   9.6%      0.0    1.0%  | | | | |_GRHydro_Diagshock2D_BoundaryM              0.001457   0.000706  3.784e+06  9.461e+05  9.813e+04   9.02e+05  1.029e+06
   6.4%      0.0   20.7%  | | | | | |_Sync                                     0.000729   0.000354  1.889e+06  2.361e+05   7.43e+04  2.189e+05  3.039e+05
   1.3%      0.0    4.3%  | | | | | | |_comm_state[3].state_fill_send_buffer   0.000189   0.000103  4.939e+05  6.174e+04  2.282e+04   4.81e+04  7.309e+04
   1.9%      0.0   41.9%  | | | | | | |_comm_state[6].state_do_some_work.ste    8.3e-05    4.1e-05  2.161e+05  2.701e+04       9019  2.301e+04  3.091e+04
   1.2%      0.0          | | | | | | |_untimed
   3.1%      0.0          | | | | | |_untimed
   1.1%      0.0          | | | | |_untimed
   4.0%      0.0          | | | |_untimed
   1.5%      0.0          | | |_untimed
   5.0%      0.0    0.3%  | |_Poison                                           0.000766          0  1.986e+06  1.986e+06          0  1.986e+06  1.986e+06
   8.3%      0.0    0.5%  |_CallPostInitial                                    0.001273    5.8e-05  3.303e+06  3.303e+06          0  3.303e+06  3.303e+06
   4.0%      0.0    1.3%  | |_CCTK_POSTPOSTINITIAL                              0.00062    5.8e-05  1.656e+06  1.656e+06          0  1.656e+06  1.656e+06
   3.6%      0.0    1.5%  | | |_CallFunction                                   0.000562    5.7e-05  1.454e+06  3.634e+05  3.947e+05  1.731e+05  6.931e+05
   2.8%      0.0    2.2%  | | | |_thorns                                       0.000446    4.6e-05  1.154e+06  2.884e+05   4.01e+05  8.827e+04   6.22e+05
   1.4%      0.0    4.5%  | | | | |_Con2Prim                                   0.000232    4.4e-05  6.039e+05  6.039e+05          0  6.039e+05  6.039e+05
   3.9%      0.0    4.0%  | |_CCTK_POSTSTEP                                    0.000571          0  1.481e+06  1.481e+06          0  1.481e+06  1.481e+06
   3.5%      0.0    4.2%  | | |_CallFunction                                   0.000508          0  1.319e+06  1.885e+05  6.771e+05  2.972e+04  8.094e+05
   2.5%      0.0    4.0%  | | | |_thorns                                       0.000372          0  9.632e+05  1.376e+05  6.543e+05  2.192e+04  7.422e+05
   1.8%      0.0    3.8%  | | | | |_NaNChecker_NaNCheck_Check                  0.000279          0  7.257e+05  7.257e+05          0  7.257e+05  7.257e+05
  10.9%      0.0    3.8%  |_CallSetup                                           0.00161          0  4.183e+06  4.183e+06          0  4.183e+06  4.183e+06
   2.3%      0.0    2.5%  | |_CCTK_PARAMCHECK                                  0.000362          0  9.393e+05  9.393e+05          0  9.393e+05  9.393e+05
   1.8%      0.0    3.6%  | | |_CallFunction                                   0.000279          0  7.196e+05  5.997e+04  2.379e+05  2.431e+04  2.807e+05
   1.5%      0.0    5.4%  | | | |_thorns                                       0.000242          0   6.23e+05  5.192e+04  2.386e+05  1.659e+04  2.731e+05
   3.6%      0.0    2.5%  | |_CCTK_WRAGH                                       0.000569          0  1.477e+06  1.477e+06          0  1.477e+06  1.477e+06
   2.8%      0.0    4.2%  | | |_CallFunction                                   0.000444          0  1.151e+06  7.192e+04  2.179e+05  2.655e+04  2.254e+05
   1.8%      0.0    3.5%  | | | |_thorns                                       0.000285          0  7.459e+05  4.662e+04  1.205e+05  1.882e+04  1.139e+05
   3.8%      0.0    1.1%  | |_Poison                                           0.000589          0   1.53e+06   1.53e+06          0   1.53e+06   1.53e+06
   1.2%      0.0          | |_untimed
   2.2%      0.0    0.1%  |_CarpetLib::ggf::recompose_allocate                 0.000336    2.3e-05  8.577e+05       4065  1.222e+04       3770  1.087e+04
   2.1%      0.0    1.9%  |_CarpetLib::ggf::recompose_crop                     0.000335    2.4e-05   8.17e+05       3872  1.373e+04       3562  1.084e+04
   1.9%      0.0    4.0%  |_dh::recompose_free_old                             0.000284    2.3e-05  7.876e+05       3733  5.287e+04       3328  5.556e+04
  11.4%      0.0          | untimed
---------------------------------------------------------------------------------------------------------------------------------------------------------
---------------------------------------------------------------------------------------------------------------------------------------------------------
Time      Time   Imblnc   Timer                                               gettimeof  getrusage      cycle  cycle[avg  cycle[sdv  cycle[min  cycle[max
percent   secs   percent                                                           secs       secs       secs       secs       secs       secs       secs
---------------------------------------------------------------------------------------------------------------------------------------------------------
 100.0%      0.1    0.0%  meta mode                                             0.07238    0.05138  1.879e+08  6.264e+07  1.534e+08  1.271e+04  1.879e+08
  26.1%      0.0    0.1%  |_meta mode                                           0.01889   0.008941  4.905e+07  1.635e+07  4.001e+07  1.446e+04  4.902e+07
  16.7%      0.0    0.4%  | |_global mode                                       0.01214   0.006026  3.151e+07  2.626e+06  1.518e+07  7.717e+04  1.643e+07
  14.0%      0.0    0.3%  | | |_level(0)                                        0.01017   0.005355   2.64e+07  5.739e+05  9.778e+06       5434  8.958e+06
   1.2%      0.0    1.7%  | | | |_enter_local_mode                             0.000877   0.000349  2.332e+06  1.524e+04  1.131e+05       3328  4.394e+04
  11.2%      0.0          | | | |_untimed
   2.4%      0.0          | | |_untimed
   9.0%      0.0          | |_untimed
  73.9%      0.1          | untimed
---------------------------------------------------------------------------------------------------------------------------------------------------------
[1mWARNING level 2 from host runnervmvrwv9.2teta1ngcx3e5onlpkheve315a.bx.internal.cloudapp.net process 0
  in thorn Carpet, file /home/runner/work/tests/tests/master/configs/sim/build/Carpet/Comm.cc:103:
  ->[0m Synchronising group "GRHYDRO::TAU" in local mode
[1mWARNING level 2 from host runnervmvrwv9.2teta1ngcx3e5onlpkheve315a.bx.internal.cloudapp.net process 0
  in thorn Carpet, file /home/runner/work/tests/tests/master/configs/sim/build/Carpet/Comm.cc:103:
  ->[0m Synchronising group "GRHYDRO::DENS" in local mode
[1mWARNING level 2 from host runnervmvrwv9.2teta1ngcx3e5onlpkheve315a.bx.internal.cloudapp.net process 0
  in thorn Carpet, file /home/runner/work/tests/tests/master/configs/sim/build/Carpet/Comm.cc:103:
  ->[0m Synchronising group "GRHYDRO::SCON" in local mode
[1mWARNING level 2 from host runnervmvrwv9.2teta1ngcx3e5onlpkheve315a.bx.internal.cloudapp.net process 0
  in thorn Carpet, file /home/runner/work/tests/tests/master/configs/sim/build/Carpet/Comm.cc:103:
  ->[0m Synchronising group "GRHYDRO::BCONS" in local mode
[1mWARNING level 2 from host runnervmvrwv9.2teta1ngcx3e5onlpkheve315a.bx.internal.cloudapp.net process 0
  in thorn Carpet, file /home/runner/work/tests/tests/master/configs/sim/build/Carpet/Comm.cc:103:
  ->[0m Synchronising group "GRHYDRO::TAU" in local mode
[1mWARNING level 2 from host runnervmvrwv9.2teta1ngcx3e5onlpkheve315a.bx.internal.cloudapp.net process 0
  in thorn Carpet, file /home/runner/work/tests/tests/master/configs/sim/build/Carpet/Comm.cc:103:
  ->[0m Synchronising group "GRHYDRO::DENS" in local mode
[1mWARNING level 2 from host runnervmvrwv9.2teta1ngcx3e5onlpkheve315a.bx.internal.cloudapp.net process 0
  in thorn Carpet, file /home/runner/work/tests/tests/master/configs/sim/build/Carpet/Comm.cc:103:
  ->[0m Synchronising group "GRHYDRO::SCON" in local mode
[1mWARNING level 2 from host runnervmvrwv9.2teta1ngcx3e5onlpkheve315a.bx.internal.cloudapp.net process 0
  in thorn Carpet, file /home/runner/work/tests/tests/master/configs/sim/build/Carpet/Comm.cc:103:
  ->[0m Synchronising group "GRHYDRO::BCONS" in local mode
[1mWARNING level 2 from host runnervmvrwv9.2teta1ngcx3e5onlpkheve315a.bx.internal.cloudapp.net process 0
  in thorn Carpet, file /home/runner/work/tests/tests/master/configs/sim/build/Carpet/Comm.cc:103:
  ->[0m Synchronising group "GRHYDRO::TAU" in local mode
[1mWARNING level 2 from host runnervmvrwv9.2teta1ngcx3e5onlpkheve315a.bx.internal.cloudapp.net process 0
  in thorn Carpet, file /home/runner/work/tests/tests/master/configs/sim/build/Carpet/Comm.cc:103:
  ->[0m Synchronising group "GRHYDRO::DENS" in local mode
[1mWARNING level 2 from host runnervmvrwv9.2teta1ngcx3e5onlpkheve315a.bx.internal.cloudapp.net process 0
  in thorn Carpet, file /home/runner/work/tests/tests/master/configs/sim/build/Carpet/Comm.cc:103:
  ->[0m Synchronising group "GRHYDRO::SCON" in local mode
[1mWARNING level 2 from host runnervmvrwv9.2teta1ngcx3e5onlpkheve315a.bx.internal.cloudapp.net process 0
  in thorn Carpet, file /home/runner/work/tests/tests/master/configs/sim/build/Carpet/Comm.cc:103:
  ->[0m Synchronising group "GRHYDRO::BCONS" in local mode
[1mWARNING level 2 from host runnervmvrwv9.2teta1ngcx3e5onlpkheve315a.bx.internal.cloudapp.net process 0
  in thorn Carpet, file /home/runner/work/tests/tests/master/configs/sim/build/Carpet/Comm.cc:103:
  ->[0m Synchronising group "GRHYDRO::TAU" in local mode
[1mWARNING level 2 from host runnervmvrwv9.2teta1ngcx3e5onlpkheve315a.bx.internal.cloudapp.net process 0
  in thorn Carpet, file /home/runner/work/tests/tests/master/configs/sim/build/Carpet/Comm.cc:103:
  ->[0m Synchronising group "GRHYDRO::DENS" in local mode
[1mWARNING level 2 from host runnervmvrwv9.2teta1ngcx3e5onlpkheve315a.bx.internal.cloudapp.net process 0
  in thorn Carpet, file /home/runner/work/tests/tests/master/configs/sim/build/Carpet/Comm.cc:103:
  ->[0m Synchronising group "GRHYDRO::SCON" in local mode
[1mWARNING level 2 from host runnervmvrwv9.2teta1ngcx3e5onlpkheve315a.bx.internal.cloudapp.net process 0
  in thorn Carpet, file /home/runner/work/tests/tests/master/configs/sim/build/Carpet/Comm.cc:103:
  ->[0m Synchronising group "GRHYDRO::BCONS" in local mode
[1mWARNING level 2 from host runnervmvrwv9.2teta1ngcx3e5onlpkheve315a.bx.internal.cloudapp.net process 0
  in thorn Carpet, file /home/runner/work/tests/tests/master/configs/sim/build/Carpet/Comm.cc:103:
  ->[0m Synchronising group "GRHYDRO::TAU" in local mode
[1mWARNING level 2 from host runnervmvrwv9.2teta1ngcx3e5onlpkheve315a.bx.internal.cloudapp.net process 0
  in thorn Carpet, file /home/runner/work/tests/tests/master/configs/sim/build/Carpet/Comm.cc:103:
  ->[0m Synchronising group "GRHYDRO::DENS" in local mode
[1mWARNING level 2 from host runnervmvrwv9.2teta1ngcx3e5onlpkheve315a.bx.internal.cloudapp.net process 0
  in thorn Carpet, file /home/runner/work/tests/tests/master/configs/sim/build/Carpet/Comm.cc:103:
  ->[0m Synchronising group "GRHYDRO::SCON" in local mode
[1mWARNING level 2 from host runnervmvrwv9.2teta1ngcx3e5onlpkheve315a.bx.internal.cloudapp.net process 0
  in thorn Carpet, file /home/runner/work/tests/tests/master/configs/sim/build/Carpet/Comm.cc:103:
  ->[0m Synchronising group "GRHYDRO::BCONS" in local mode
[1mWARNING level 2 from host runnervmvrwv9.2teta1ngcx3e5onlpkheve315a.bx.internal.cloudapp.net process 0
  in thorn Carpet, file /home/runner/work/tests/tests/master/configs/sim/build/Carpet/Comm.cc:103:
  ->[0m Synchronising group "GRHYDRO::TAU" in local mode
[1mWARNING level 2 from host runnervmvrwv9.2teta1ngcx3e5onlpkheve315a.bx.internal.cloudapp.net process 0
  in thorn Carpet, file /home/runner/work/tests/tests/master/configs/sim/build/Carpet/Comm.cc:103:
  ->[0m Synchronising group "GRHYDRO::DENS" in local mode
[1mWARNING level 2 from host runnervmvrwv9.2teta1ngcx3e5onlpkheve315a.bx.internal.cloudapp.net process 0
  in thorn Carpet, file /home/runner/work/tests/tests/master/configs/sim/build/Carpet/Comm.cc:103:
  ->[0m Synchronising group "GRHYDRO::SCON" in local mode
[1mWARNING level 2 from host runnervmvrwv9.2teta1ngcx3e5onlpkheve315a.bx.internal.cloudapp.net process 0
  in thorn Carpet, file /home/runner/work/tests/tests/master/configs/sim/build/Carpet/Comm.cc:103:
  ->[0m Synchronising group "GRHYDRO::BCONS" in local mode
[1mWARNING level 2 from host runnervmvrwv9.2teta1ngcx3e5onlpkheve315a.bx.internal.cloudapp.net process 0
  in thorn Carpet, file /home/runner/work/tests/tests/master/configs/sim/build/Carpet/Comm.cc:103:
  ->[0m Synchronising group "GRHYDRO::TAU" in local mode
[1mWARNING level 2 from host runnervmvrwv9.2teta1ngcx3e5onlpkheve315a.bx.internal.cloudapp.net process 0
  in thorn Carpet, file /home/runner/work/tests/tests/master/configs/sim/build/Carpet/Comm.cc:103:
  ->[0m Synchronising group "GRHYDRO::DENS" in local mode
[1mWARNING level 2 from host runnervmvrwv9.2teta1ngcx3e5onlpkheve315a.bx.internal.cloudapp.net process 0
  in thorn Carpet, file /home/runner/work/tests/tests/master/configs/sim/build/Carpet/Comm.cc:103:
  ->[0m Synchronising group "GRHYDRO::SCON" in local mode
[1mWARNING level 2 from host runnervmvrwv9.2teta1ngcx3e5onlpkheve315a.bx.internal.cloudapp.net process 0
  in thorn Carpet, file /home/runner/work/tests/tests/master/configs/sim/build/Carpet/Comm.cc:103:
  ->[0m Synchronising group "GRHYDRO::BCONS" in local mode
[1mWARNING level 2 from host runnervmvrwv9.2teta1ngcx3e5onlpkheve315a.bx.internal.cloudapp.net process 0
  in thorn Carpet, file /home/runner/work/tests/tests/master/configs/sim/build/Carpet/Comm.cc:103:
  ->[0m Synchronising group "GRHYDRO::TAU" in local mode
[1mWARNING level 2 from host runnervmvrwv9.2teta1ngcx3e5onlpkheve315a.bx.internal.cloudapp.net process 0
  in thorn Carpet, file /home/runner/work/tests/tests/master/configs/sim/build/Carpet/Comm.cc:103:
  ->[0m Synchronising group "GRHYDRO::DENS" in local mode
[1mWARNING level 2 from host runnervmvrwv9.2teta1ngcx3e5onlpkheve315a.bx.internal.cloudapp.net process 0
  in thorn Carpet, file /home/runner/work/tests/tests/master/configs/sim/build/Carpet/Comm.cc:103:
  ->[0m Synchronising group "GRHYDRO::SCON" in local mode
[1mWARNING level 2 from host runnervmvrwv9.2teta1ngcx3e5onlpkheve315a.bx.internal.cloudapp.net process 0
  in thorn Carpet, file /home/runner/work/tests/tests/master/configs/sim/build/Carpet/Comm.cc:103:
  ->[0m Synchronising group "GRHYDRO::BCONS" in local mode
[1mWARNING level 2 from host runnervmvrwv9.2teta1ngcx3e5onlpkheve315a.bx.internal.cloudapp.net process 0
  in thorn Carpet, file /home/runner/work/tests/tests/master/configs/sim/build/Carpet/Comm.cc:103:
  ->[0m Synchronising group "GRHYDRO::TAU" in local mode
[1mWARNING level 2 from host runnervmvrwv9.2teta1ngcx3e5onlpkheve315a.bx.internal.cloudapp.net process 0
  in thorn Carpet, file /home/runner/work/tests/tests/master/configs/sim/build/Carpet/Comm.cc:103:
  ->[0m Synchronising group "GRHYDRO::DENS" in local mode
[1mWARNING level 2 from host runnervmvrwv9.2teta1ngcx3e5onlpkheve315a.bx.internal.cloudapp.net process 0
  in thorn Carpet, file /home/runner/work/tests/tests/master/configs/sim/build/Carpet/Comm.cc:103:
  ->[0m Synchronising group "GRHYDRO::SCON" in local mode
[1mWARNING level 2 from host runnervmvrwv9.2teta1ngcx3e5onlpkheve315a.bx.internal.cloudapp.net process 0
  in thorn Carpet, file /home/runner/work/tests/tests/master/configs/sim/build/Carpet/Comm.cc:103:
  ->[0m Synchronising group "GRHYDRO::BCONS" in local mode
[1mWARNING level 2 from host runnervmvrwv9.2teta1ngcx3e5onlpkheve315a.bx.internal.cloudapp.net process 0
  in thorn Carpet, file /home/runner/work/tests/tests/master/configs/sim/build/Carpet/Comm.cc:103:
  ->[0m Synchronising group "GRHYDRO::TAU" in local mode
[1mWARNING level 2 from host runnervmvrwv9.2teta1ngcx3e5onlpkheve315a.bx.internal.cloudapp.net process 0
  in thorn Carpet, file /home/runner/work/tests/tests/master/configs/sim/build/Carpet/Comm.cc:103:
  ->[0m Synchronising group "GRHYDRO::DENS" in local mode
[1mWARNING level 2 from host runnervmvrwv9.2teta1ngcx3e5onlpkheve315a.bx.internal.cloudapp.net process 0
  in thorn Carpet, file /home/runner/work/tests/tests/master/configs/sim/build/Carpet/Comm.cc:103:
  ->[0m Synchronising group "GRHYDRO::SCON" in local mode
[1mWARNING level 2 from host runnervmvrwv9.2teta1ngcx3e5onlpkheve315a.bx.internal.cloudapp.net process 0
  in thorn Carpet, file /home/runner/work/tests/tests/master/configs/sim/build/Carpet/Comm.cc:103:
  ->[0m Synchronising group "GRHYDRO::BCONS" in local mode
[1mWARNING level 2 from host runnervmvrwv9.2teta1ngcx3e5onlpkheve315a.bx.internal.cloudapp.net process 0
  in thorn Carpet, file /home/runner/work/tests/tests/master/configs/sim/build/Carpet/Comm.cc:103:
  ->[0m Synchronising group "GRHYDRO::TAU" in local mode
[1mWARNING level 2 from host runnervmvrwv9.2teta1ngcx3e5onlpkheve315a.bx.internal.cloudapp.net process 0
  in thorn Carpet, file /home/runner/work/tests/tests/master/configs/sim/build/Carpet/Comm.cc:103:
  ->[0m Synchronising group "GRHYDRO::DENS" in local mode
[1mWARNING level 2 from host runnervmvrwv9.2teta1ngcx3e5onlpkheve315a.bx.internal.cloudapp.net process 0
  in thorn Carpet, file /home/runner/work/tests/tests/master/configs/sim/build/Carpet/Comm.cc:103:
  ->[0m Synchronising group "GRHYDRO::SCON" in local mode
[1mWARNING level 2 from host runnervmvrwv9.2teta1ngcx3e5onlpkheve315a.bx.internal.cloudapp.net process 0
  in thorn Carpet, file /home/runner/work/tests/tests/master/configs/sim/build/Carpet/Comm.cc:103:
  ->[0m Synchronising group "GRHYDRO::BCONS" in local mode
[1mWARNING level 2 from host runnervmvrwv9.2teta1ngcx3e5onlpkheve315a.bx.internal.cloudapp.net process 0
  in thorn Carpet, file /home/runner/work/tests/tests/master/configs/sim/build/Carpet/Comm.cc:103:
  ->[0m Synchronising group "GRHYDRO::TAU" in local mode
[1mWARNING level 2 from host runnervmvrwv9.2teta1ngcx3e5onlpkheve315a.bx.internal.cloudapp.net process 0
  in thorn Carpet, file /home/runner/work/tests/tests/master/configs/sim/build/Carpet/Comm.cc:103:
  ->[0m Synchronising group "GRHYDRO::DENS" in local mode
[1mWARNING level 2 from host runnervmvrwv9.2teta1ngcx3e5onlpkheve315a.bx.internal.cloudapp.net process 0
  in thorn Carpet, file /home/runner/work/tests/tests/master/configs/sim/build/Carpet/Comm.cc:103:
  ->[0m Synchronising group "GRHYDRO::SCON" in local mode
[1mWARNING level 2 from host runnervmvrwv9.2teta1ngcx3e5onlpkheve315a.bx.internal.cloudapp.net process 0
  in thorn Carpet, file /home/runner/work/tests/tests/master/configs/sim/build/Carpet/Comm.cc:103:
  ->[0m Synchronising group "GRHYDRO::BCONS" in local mode
[1mWARNING level 2 from host runnervmvrwv9.2teta1ngcx3e5onlpkheve315a.bx.internal.cloudapp.net process 0
  in thorn Carpet, file /home/runner/work/tests/tests/master/configs/sim/build/Carpet/Comm.cc:103:
  ->[0m Synchronising group "GRHYDRO::TAU" in local mode
[1mWARNING level 2 from host runnervmvrwv9.2teta1ngcx3e5onlpkheve315a.bx.internal.cloudapp.net process 0
  in thorn Carpet, file /home/runner/work/tests/tests/master/configs/sim/build/Carpet/Comm.cc:103:
  ->[0m Synchronising group "GRHYDRO::DENS" in local mode
[1mWARNING level 2 from host runnervmvrwv9.2teta1ngcx3e5onlpkheve315a.bx.internal.cloudapp.net process 0
  in thorn Carpet, file /home/runner/work/tests/tests/master/configs/sim/build/Carpet/Comm.cc:103:
  ->[0m Synchronising group "GRHYDRO::SCON" in local mode
[1mWARNING level 2 from host runnervmvrwv9.2teta1ngcx3e5onlpkheve315a.bx.internal.cloudapp.net process 0
  in thorn Carpet, file /home/runner/work/tests/tests/master/configs/sim/build/Carpet/Comm.cc:103:
  ->[0m Synchronising group "GRHYDRO::BCONS" in local mode
[1mWARNING level 2 from host runnervmvrwv9.2teta1ngcx3e5onlpkheve315a.bx.internal.cloudapp.net process 0
  in thorn Carpet, file /home/runner/work/tests/tests/master/configs/sim/build/Carpet/Comm.cc:103:
  ->[0m Synchronising group "GRHYDRO::TAU" in local mode
[1mWARNING level 2 from host runnervmvrwv9.2teta1ngcx3e5onlpkheve315a.bx.internal.cloudapp.net process 0
  in thorn Carpet, file /home/runner/work/tests/tests/master/configs/sim/build/Carpet/Comm.cc:103:
  ->[0m Synchronising group "GRHYDRO::DENS" in local mode
[1mWARNING level 2 from host runnervmvrwv9.2teta1ngcx3e5onlpkheve315a.bx.internal.cloudapp.net process 0
  in thorn Carpet, file /home/runner/work/tests/tests/master/configs/sim/build/Carpet/Comm.cc:103:
  ->[0m Synchronising group "GRHYDRO::SCON" in local mode
[1mWARNING level 2 from host runnervmvrwv9.2teta1ngcx3e5onlpkheve315a.bx.internal.cloudapp.net process 0
  in thorn Carpet, file /home/runner/work/tests/tests/master/configs/sim/build/Carpet/Comm.cc:103:
  ->[0m Synchronising group "GRHYDRO::BCONS" in local mode
        1     0.000 |  106.2003151 |    3.8763204 |    1.0920878 |    1.0213265 |        64
[1mWARNING level 2 from host runnervmvrwv9.2teta1ngcx3e5onlpkheve315a.bx.internal.cloudapp.net process 0
  in thorn Carpet, file /home/runner/work/tests/tests/master/configs/sim/build/Carpet/Comm.cc:103:
  ->[0m Synchronising group "GRHYDRO::TAU" in local mode
[1mWARNING level 2 from host runnervmvrwv9.2teta1ngcx3e5onlpkheve315a.bx.internal.cloudapp.net process 0
  in thorn Carpet, file /home/runner/work/tests/tests/master/configs/sim/build/Carpet/Comm.cc:103:
  ->[0m Synchronising group "GRHYDRO::DENS" in local mode
[1mWARNING level 2 from host runnervmvrwv9.2teta1ngcx3e5onlpkheve315a.bx.internal.cloudapp.net process 0
  in thorn Carpet, file /home/runner/work/tests/tests/master/configs/sim/build/Carpet/Comm.cc:103:
  ->[0m Synchronising group "GRHYDRO::SCON" in local mode
[1mWARNING level 2 from host runnervmvrwv9.2teta1ngcx3e5onlpkheve315a.bx.internal.cloudapp.net process 0
  in thorn Carpet, file /home/runner/work/tests/tests/master/configs/sim/build/Carpet/Comm.cc:103:
  ->[0m Synchronising group "GRHYDRO::BCONS" in local mode
[1mWARNING level 2 from host runnervmvrwv9.2teta1ngcx3e5onlpkheve315a.bx.internal.cloudapp.net process 0
  in thorn Carpet, file /home/runner/work/tests/tests/master/configs/sim/build/Carpet/Comm.cc:103:
  ->[0m Synchronising group "GRHYDRO::TAU" in local mode
[1mWARNING level 2 from host runnervmvrwv9.2teta1ngcx3e5onlpkheve315a.bx.internal.cloudapp.net process 0
  in thorn Carpet, file /home/runner/work/tests/tests/master/configs/sim/build/Carpet/Comm.cc:103:
  ->[0m Synchronising group "GRHYDRO::DENS" in local mode
[1mWARNING level 2 from host runnervmvrwv9.2teta1ngcx3e5onlpkheve315a.bx.internal.cloudapp.net process 0
  in thorn Carpet, file /home/runner/work/tests/tests/master/configs/sim/build/Carpet/Comm.cc:103:
  ->[0m Synchronising group "GRHYDRO::SCON" in local mode
[1mWARNING level 2 from host runnervmvrwv9.2teta1ngcx3e5onlpkheve315a.bx.internal.cloudapp.net process 0
  in thorn Carpet, file /home/runner/work/tests/tests/master/configs/sim/build/Carpet/Comm.cc:103:
  ->[0m Synchronising group "GRHYDRO::BCONS" in local mode
[1mWARNING level 2 from host runnervmvrwv9.2teta1ngcx3e5onlpkheve315a.bx.internal.cloudapp.net process 0
  in thorn Carpet, file /home/runner/work/tests/tests/master/configs/sim/build/Carpet/Comm.cc:103:
  ->[0m Synchronising group "GRHYDRO::TAU" in local mode
[1mWARNING level 2 from host runnervmvrwv9.2teta1ngcx3e5onlpkheve315a.bx.internal.cloudapp.net process 0
  in thorn Carpet, file /home/runner/work/tests/tests/master/configs/sim/build/Carpet/Comm.cc:103:
  ->[0m Synchronising group "GRHYDRO::DENS" in local mode
[1mWARNING level 2 from host runnervmvrwv9.2teta1ngcx3e5onlpkheve315a.bx.internal.cloudapp.net process 0
  in thorn Carpet, file /home/runner/work/tests/tests/master/configs/sim/build/Carpet/Comm.cc:103:
  ->[0m Synchronising group "GRHYDRO::SCON" in local mode
[1mWARNING level 2 from host runnervmvrwv9.2teta1ngcx3e5onlpkheve315a.bx.internal.cloudapp.net process 0
  in thorn Carpet, file /home/runner/work/tests/tests/master/configs/sim/build/Carpet/Comm.cc:103:
  ->[0m Synchronising group "GRHYDRO::BCONS" in local mode
[1mWARNING level 2 from host runnervmvrwv9.2teta1ngcx3e5onlpkheve315a.bx.internal.cloudapp.net process 0
  in thorn Carpet, file /home/runner/work/tests/tests/master/configs/sim/build/Carpet/Comm.cc:103:
  ->[0m Synchronising group "GRHYDRO::TAU" in local mode
[1mWARNING level 2 from host runnervmvrwv9.2teta1ngcx3e5onlpkheve315a.bx.internal.cloudapp.net process 0
  in thorn Carpet, file /home/runner/work/tests/tests/master/configs/sim/build/Carpet/Comm.cc:103:
  ->[0m Synchronising group "GRHYDRO::DENS" in local mode
[1mWARNING level 2 from host runnervmvrwv9.2teta1ngcx3e5onlpkheve315a.bx.internal.cloudapp.net process 0
  in thorn Carpet, file /home/runner/work/tests/tests/master/configs/sim/build/Carpet/Comm.cc:103:
  ->[0m Synchronising group "GRHYDRO::SCON" in local mode
[1mWARNING level 2 from host runnervmvrwv9.2teta1ngcx3e5onlpkheve315a.bx.internal.cloudapp.net process 0
  in thorn Carpet, file /home/runner/work/tests/tests/master/configs/sim/build/Carpet/Comm.cc:103:
  ->[0m Synchronising group "GRHYDRO::BCONS" in local mode
[1mWARNING level 2 from host runnervmvrwv9.2teta1ngcx3e5onlpkheve315a.bx.internal.cloudapp.net process 0
  in thorn Carpet, file /home/runner/work/tests/tests/master/configs/sim/build/Carpet/Comm.cc:103:
  ->[0m Synchronising group "GRHYDRO::TAU" in local mode
[1mWARNING level 2 from host runnervmvrwv9.2teta1ngcx3e5onlpkheve315a.bx.internal.cloudapp.net process 0
  in thorn Carpet, file /home/runner/work/tests/tests/master/configs/sim/build/Carpet/Comm.cc:103:
  ->[0m Synchronising group "GRHYDRO::DENS" in local mode
[1mWARNING level 2 from host runnervmvrwv9.2teta1ngcx3e5onlpkheve315a.bx.internal.cloudapp.net process 0
  in thorn Carpet, file /home/runner/work/tests/tests/master/configs/sim/build/Carpet/Comm.cc:103:
  ->[0m Synchronising group "GRHYDRO::SCON" in local mode
[1mWARNING level 2 from host runnervmvrwv9.2teta1ngcx3e5onlpkheve315a.bx.internal.cloudapp.net process 0
  in thorn Carpet, file /home/runner/work/tests/tests/master/configs/sim/build/Carpet/Comm.cc:103:
  ->[0m Synchronising group "GRHYDRO::BCONS" in local mode
[1mWARNING level 2 from host runnervmvrwv9.2teta1ngcx3e5onlpkheve315a.bx.internal.cloudapp.net process 0
  in thorn Carpet, file /home/runner/work/tests/tests/master/configs/sim/build/Carpet/Comm.cc:103:
  ->[0m Synchronising group "GRHYDRO::TAU" in local mode
[1mWARNING level 2 from host runnervmvrwv9.2teta1ngcx3e5onlpkheve315a.bx.internal.cloudapp.net process 0
  in thorn Carpet, file /home/runner/work/tests/tests/master/configs/sim/build/Carpet/Comm.cc:103:
  ->[0m Synchronising group "GRHYDRO::DENS" in local mode
[1mWARNING level 2 from host runnervmvrwv9.2teta1ngcx3e5onlpkheve315a.bx.internal.cloudapp.net process 0
  in thorn Carpet, file /home/runner/work/tests/tests/master/configs/sim/build/Carpet/Comm.cc:103:
  ->[0m Synchronising group "GRHYDRO::SCON" in local mode
[1mWARNING level 2 from host runnervmvrwv9.2teta1ngcx3e5onlpkheve315a.bx.internal.cloudapp.net process 0
  in thorn Carpet, file /home/runner/work/tests/tests/master/configs/sim/build/Carpet/Comm.cc:103:
  ->[0m Synchronising group "GRHYDRO::BCONS" in local mode
[1mWARNING level 2 from host runnervmvrwv9.2teta1ngcx3e5onlpkheve315a.bx.internal.cloudapp.net process 0
  in thorn Carpet, file /home/runner/work/tests/tests/master/configs/sim/build/Carpet/Comm.cc:103:
  ->[0m Synchronising group "GRHYDRO::TAU" in local mode
[1mWARNING level 2 from host runnervmvrwv9.2teta1ngcx3e5onlpkheve315a.bx.internal.cloudapp.net process 0
  in thorn Carpet, file /home/runner/work/tests/tests/master/configs/sim/build/Carpet/Comm.cc:103:
  ->[0m Synchronising group "GRHYDRO::DENS" in local mode
[1mWARNING level 2 from host runnervmvrwv9.2teta1ngcx3e5onlpkheve315a.bx.internal.cloudapp.net process 0
  in thorn Carpet, file /home/runner/work/tests/tests/master/configs/sim/build/Carpet/Comm.cc:103:
  ->[0m Synchronising group "GRHYDRO::SCON" in local mode
[1mWARNING level 2 from host runnervmvrwv9.2teta1ngcx3e5onlpkheve315a.bx.internal.cloudapp.net process 0
  in thorn Carpet, file /home/runner/work/tests/tests/master/configs/sim/build/Carpet/Comm.cc:103:
  ->[0m Synchronising group "GRHYDRO::BCONS" in local mode
[1mWARNING level 2 from host runnervmvrwv9.2teta1ngcx3e5onlpkheve315a.bx.internal.cloudapp.net process 0
  in thorn Carpet, file /home/runner/work/tests/tests/master/configs/sim/build/Carpet/Comm.cc:103:
  ->[0m Synchronising group "GRHYDRO::TAU" in local mode
[1mWARNING level 2 from host runnervmvrwv9.2teta1ngcx3e5onlpkheve315a.bx.internal.cloudapp.net process 0
  in thorn Carpet, file /home/runner/work/tests/tests/master/configs/sim/build/Carpet/Comm.cc:103:
  ->[0m Synchronising group "GRHYDRO::DENS" in local mode
[1mWARNING level 2 from host runnervmvrwv9.2teta1ngcx3e5onlpkheve315a.bx.internal.cloudapp.net process 0
  in thorn Carpet, file /home/runner/work/tests/tests/master/configs/sim/build/Carpet/Comm.cc:103:
  ->[0m Synchronising group "GRHYDRO::SCON" in local mode
[1mWARNING level 2 from host runnervmvrwv9.2teta1ngcx3e5onlpkheve315a.bx.internal.cloudapp.net process 0
  in thorn Carpet, file /home/runner/work/tests/tests/master/configs/sim/build/Carpet/Comm.cc:103:
  ->[0m Synchronising group "GRHYDRO::BCONS" in local mode
[1mWARNING level 2 from host runnervmvrwv9.2teta1ngcx3e5onlpkheve315a.bx.internal.cloudapp.net process 0
  in thorn Carpet, file /home/runner/work/tests/tests/master/configs/sim/build/Carpet/Comm.cc:103:
  ->[0m Synchronising group "GRHYDRO::TAU" in local mode
[1mWARNING level 2 from host runnervmvrwv9.2teta1ngcx3e5onlpkheve315a.bx.internal.cloudapp.net process 0
  in thorn Carpet, file /home/runner/work/tests/tests/master/configs/sim/build/Carpet/Comm.cc:103:
  ->[0m Synchronising group "GRHYDRO::DENS" in local mode
[1mWARNING level 2 from host runnervmvrwv9.2teta1ngcx3e5onlpkheve315a.bx.internal.cloudapp.net process 0
  in thorn Carpet, file /home/runner/work/tests/tests/master/configs/sim/build/Carpet/Comm.cc:103:
  ->[0m Synchronising group "GRHYDRO::SCON" in local mode
[1mWARNING level 2 from host runnervmvrwv9.2teta1ngcx3e5onlpkheve315a.bx.internal.cloudapp.net process 0
  in thorn Carpet, file /home/runner/work/tests/tests/master/configs/sim/build/Carpet/Comm.cc:103:
  ->[0m Synchronising group "GRHYDRO::BCONS" in local mode
[1mWARNING level 2 from host runnervmvrwv9.2teta1ngcx3e5onlpkheve315a.bx.internal.cloudapp.net process 0
  in thorn Carpet, file /home/runner/work/tests/tests/master/configs/sim/build/Carpet/Comm.cc:103:
  ->[0m Synchronising group "GRHYDRO::TAU" in local mode
[1mWARNING level 2 from host runnervmvrwv9.2teta1ngcx3e5onlpkheve315a.bx.internal.cloudapp.net process 0
  in thorn Carpet, file /home/runner/work/tests/tests/master/configs/sim/build/Carpet/Comm.cc:103:
  ->[0m Synchronising group "GRHYDRO::DENS" in local mode
[1mWARNING level 2 from host runnervmvrwv9.2teta1ngcx3e5onlpkheve315a.bx.internal.cloudapp.net process 0
  in thorn Carpet, file /home/runner/work/tests/tests/master/configs/sim/build/Carpet/Comm.cc:103:
  ->[0m Synchronising group "GRHYDRO::SCON" in local mode
[1mWARNING level 2 from host runnervmvrwv9.2teta1ngcx3e5onlpkheve315a.bx.internal.cloudapp.net process 0
  in thorn Carpet, file /home/runner/work/tests/tests/master/configs/sim/build/Carpet/Comm.cc:103:
  ->[0m Synchronising group "GRHYDRO::BCONS" in local mode
[1mWARNING level 2 from host runnervmvrwv9.2teta1ngcx3e5onlpkheve315a.bx.internal.cloudapp.net process 0
  in thorn Carpet, file /home/runner/work/tests/tests/master/configs/sim/build/Carpet/Comm.cc:103:
  ->[0m Synchronising group "GRHYDRO::TAU" in local mode
[1mWARNING level 2 from host runnervmvrwv9.2teta1ngcx3e5onlpkheve315a.bx.internal.cloudapp.net process 0
  in thorn Carpet, file /home/runner/work/tests/tests/master/configs/sim/build/Carpet/Comm.cc:103:
  ->[0m Synchronising group "GRHYDRO::DENS" in local mode
[1mWARNING level 2 from host runnervmvrwv9.2teta1ngcx3e5onlpkheve315a.bx.internal.cloudapp.net process 0
  in thorn Carpet, file /home/runner/work/tests/tests/master/configs/sim/build/Carpet/Comm.cc:103:
  ->[0m Synchronising group "GRHYDRO::SCON" in local mode
[1mWARNING level 2 from host runnervmvrwv9.2teta1ngcx3e5onlpkheve315a.bx.internal.cloudapp.net process 0
  in thorn Carpet, file /home/runner/work/tests/tests/master/configs/sim/build/Carpet/Comm.cc:103:
  ->[0m Synchronising group "GRHYDRO::BCONS" in local mode
[1mWARNING level 2 from host runnervmvrwv9.2teta1ngcx3e5onlpkheve315a.bx.internal.cloudapp.net process 0
  in thorn Carpet, file /home/runner/work/tests/tests/master/configs/sim/build/Carpet/Comm.cc:103:
  ->[0m Synchronising group "GRHYDRO::TAU" in local mode
[1mWARNING level 2 from host runnervmvrwv9.2teta1ngcx3e5onlpkheve315a.bx.internal.cloudapp.net process 0
  in thorn Carpet, file /home/runner/work/tests/tests/master/configs/sim/build/Carpet/Comm.cc:103:
  ->[0m Synchronising group "GRHYDRO::DENS" in local mode
[1mWARNING level 2 from host runnervmvrwv9.2teta1ngcx3e5onlpkheve315a.bx.internal.cloudapp.net process 0
  in thorn Carpet, file /home/runner/work/tests/tests/master/configs/sim/build/Carpet/Comm.cc:103:
  ->[0m Synchronising group "GRHYDRO::SCON" in local mode
[1mWARNING level 2 from host runnervmvrwv9.2teta1ngcx3e5onlpkheve315a.bx.internal.cloudapp.net process 0
  in thorn Carpet, file /home/runner/work/tests/tests/master/configs/sim/build/Carpet/Comm.cc:103:
  ->[0m Synchronising group "GRHYDRO::BCONS" in local mode
[1mWARNING level 2 from host runnervmvrwv9.2teta1ngcx3e5onlpkheve315a.bx.internal.cloudapp.net process 0
  in thorn Carpet, file /home/runner/work/tests/tests/master/configs/sim/build/Carpet/Comm.cc:103:
  ->[0m Synchronising group "GRHYDRO::TAU" in local mode
[1mWARNING level 2 from host runnervmvrwv9.2teta1ngcx3e5onlpkheve315a.bx.internal.cloudapp.net process 0
  in thorn Carpet, file /home/runner/work/tests/tests/master/configs/sim/build/Carpet/Comm.cc:103:
  ->[0m Synchronising group "GRHYDRO::DENS" in local mode
[1mWARNING level 2 from host runnervmvrwv9.2teta1ngcx3e5onlpkheve315a.bx.internal.cloudapp.net process 0
  in thorn Carpet, file /home/runner/work/tests/tests/master/configs/sim/build/Carpet/Comm.cc:103:
  ->[0m Synchronising group "GRHYDRO::SCON" in local mode
[1mWARNING level 2 from host runnervmvrwv9.2teta1ngcx3e5onlpkheve315a.bx.internal.cloudapp.net process 0
  in thorn Carpet, file /home/runner/work/tests/tests/master/configs/sim/build/Carpet/Comm.cc:103:
  ->[0m Synchronising group "GRHYDRO::BCONS" in local mode
[1mWARNING level 2 from host runnervmvrwv9.2teta1ngcx3e5onlpkheve315a.bx.internal.cloudapp.net process 0
  in thorn Carpet, file /home/runner/work/tests/tests/master/configs/sim/build/Carpet/Comm.cc:103:
  ->[0m Synchronising group "GRHYDRO::TAU" in local mode
[1mWARNING level 2 from host runnervmvrwv9.2teta1ngcx3e5onlpkheve315a.bx.internal.cloudapp.net process 0
  in thorn Carpet, file /home/runner/work/tests/tests/master/configs/sim/build/Carpet/Comm.cc:103:
  ->[0m Synchronising group "GRHYDRO::DENS" in local mode
[1mWARNING level 2 from host runnervmvrwv9.2teta1ngcx3e5onlpkheve315a.bx.internal.cloudapp.net process 0
  in thorn Carpet, file /home/runner/work/tests/tests/master/configs/sim/build/Carpet/Comm.cc:103:
  ->[0m Synchronising group "GRHYDRO::SCON" in local mode
[1mWARNING level 2 from host runnervmvrwv9.2teta1ngcx3e5onlpkheve315a.bx.internal.cloudapp.net process 0
  in thorn Carpet, file /home/runner/work/tests/tests/master/configs/sim/build/Carpet/Comm.cc:103:
  ->[0m Synchronising group "GRHYDRO::BCONS" in local mode
        2     0.001 |  111.5121610 |    3.8818703 |    1.1035378 |    1.0417916 |        64
[1mWARNING level 2 from host runnervmvrwv9.2teta1ngcx3e5onlpkheve315a.bx.internal.cloudapp.net process 0
  in thorn Carpet, file /home/runner/work/tests/tests/master/configs/sim/build/Carpet/Comm.cc:103:
  ->[0m Synchronising group "GRHYDRO::TAU" in local mode
[1mWARNING level 2 from host runnervmvrwv9.2teta1ngcx3e5onlpkheve315a.bx.internal.cloudapp.net process 0
  in thorn Carpet, file /home/runner/work/tests/tests/master/configs/sim/build/Carpet/Comm.cc:103:
  ->[0m Synchronising group "GRHYDRO::DENS" in local mode
[1mWARNING level 2 from host runnervmvrwv9.2teta1ngcx3e5onlpkheve315a.bx.internal.cloudapp.net process 0
  in thorn Carpet, file /home/runner/work/tests/tests/master/configs/sim/build/Carpet/Comm.cc:103:
  ->[0m Synchronising group "GRHYDRO::SCON" in local mode
[1mWARNING level 2 from host runnervmvrwv9.2teta1ngcx3e5onlpkheve315a.bx.internal.cloudapp.net process 0
  in thorn Carpet, file /home/runner/work/tests/tests/master/configs/sim/build/Carpet/Comm.cc:103:
  ->[0m Synchronising group "GRHYDRO::BCONS" in local mode
[1mWARNING level 2 from host runnervmvrwv9.2teta1ngcx3e5onlpkheve315a.bx.internal.cloudapp.net process 0
  in thorn Carpet, file /home/runner/work/tests/tests/master/configs/sim/build/Carpet/Comm.cc:103:
  ->[0m Synchronising group "GRHYDRO::TAU" in local mode
[1mWARNING level 2 from host runnervmvrwv9.2teta1ngcx3e5onlpkheve315a.bx.internal.cloudapp.net process 0
  in thorn Carpet, file /home/runner/work/tests/tests/master/configs/sim/build/Carpet/Comm.cc:103:
  ->[0m Synchronising group "GRHYDRO::DENS" in local mode
[1mWARNING level 2 from host runnervmvrwv9.2teta1ngcx3e5onlpkheve315a.bx.internal.cloudapp.net process 0
  in thorn Carpet, file /home/runner/work/tests/tests/master/configs/sim/build/Carpet/Comm.cc:103:
  ->[0m Synchronising group "GRHYDRO::SCON" in local mode
[1mWARNING level 2 from host runnervmvrwv9.2teta1ngcx3e5onlpkheve315a.bx.internal.cloudapp.net process 0
  in thorn Carpet, file /home/runner/work/tests/tests/master/configs/sim/build/Carpet/Comm.cc:103:
  ->[0m Synchronising group "GRHYDRO::BCONS" in local mode
[1mWARNING level 2 from host runnervmvrwv9.2teta1ngcx3e5onlpkheve315a.bx.internal.cloudapp.net process 0
  in thorn Carpet, file /home/runner/work/tests/tests/master/configs/sim/build/Carpet/Comm.cc:103:
  ->[0m Synchronising group "GRHYDRO::TAU" in local mode
[1mWARNING level 2 from host runnervmvrwv9.2teta1ngcx3e5onlpkheve315a.bx.internal.cloudapp.net process 0
  in thorn Carpet, file /home/runner/work/tests/tests/master/configs/sim/build/Carpet/Comm.cc:103:
  ->[0m Synchronising group "GRHYDRO::DENS" in local mode
[1mWARNING level 2 from host runnervmvrwv9.2teta1ngcx3e5onlpkheve315a.bx.internal.cloudapp.net process 0
  in thorn Carpet, file /home/runner/work/tests/tests/master/configs/sim/build/Carpet/Comm.cc:103:
  ->[0m Synchronising group "GRHYDRO::SCON" in local mode
[1mWARNING level 2 from host runnervmvrwv9.2teta1ngcx3e5onlpkheve315a.bx.internal.cloudapp.net process 0
  in thorn Carpet, file /home/runner/work/tests/tests/master/configs/sim/build/Carpet/Comm.cc:103:
  ->[0m Synchronising group "GRHYDRO::BCONS" in local mode
[1mWARNING level 2 from host runnervmvrwv9.2teta1ngcx3e5onlpkheve315a.bx.internal.cloudapp.net process 0
  in thorn Carpet, file /home/runner/work/tests/tests/master/configs/sim/build/Carpet/Comm.cc:103:
  ->[0m Synchronising group "GRHYDRO::TAU" in local mode
[1mWARNING level 2 from host runnervmvrwv9.2teta1ngcx3e5onlpkheve315a.bx.internal.cloudapp.net process 0
  in thorn Carpet, file /home/runner/work/tests/tests/master/configs/sim/build/Carpet/Comm.cc:103:
  ->[0m Synchronising group "GRHYDRO::DENS" in local mode
[1mWARNING level 2 from host runnervmvrwv9.2teta1ngcx3e5onlpkheve315a.bx.internal.cloudapp.net process 0
  in thorn Carpet, file /home/runner/work/tests/tests/master/configs/sim/build/Carpet/Comm.cc:103:
  ->[0m Synchronising group "GRHYDRO::SCON" in local mode
[1mWARNING level 2 from host runnervmvrwv9.2teta1ngcx3e5onlpkheve315a.bx.internal.cloudapp.net process 0
  in thorn Carpet, file /home/runner/work/tests/tests/master/configs/sim/build/Carpet/Comm.cc:103:
  ->[0m Synchronising group "GRHYDRO::BCONS" in local mode
[1mWARNING level 2 from host runnervmvrwv9.2teta1ngcx3e5onlpkheve315a.bx.internal.cloudapp.net process 0
  in thorn Carpet, file /home/runner/work/tests/tests/master/configs/sim/build/Carpet/Comm.cc:103:
  ->[0m Synchronising group "GRHYDRO::TAU" in local mode
[1mWARNING level 2 from host runnervmvrwv9.2teta1ngcx3e5onlpkheve315a.bx.internal.cloudapp.net process 0
  in thorn Carpet, file /home/runner/work/tests/tests/master/configs/sim/build/Carpet/Comm.cc:103:
  ->[0m Synchronising group "GRHYDRO::DENS" in local mode
[1mWARNING level 2 from host runnervmvrwv9.2teta1ngcx3e5onlpkheve315a.bx.internal.cloudapp.net process 0
  in thorn Carpet, file /home/runner/work/tests/tests/master/configs/sim/build/Carpet/Comm.cc:103:
  ->[0m Synchronising group "GRHYDRO::SCON" in local mode
[1mWARNING level 2 from host runnervmvrwv9.2teta1ngcx3e5onlpkheve315a.bx.internal.cloudapp.net process 0
  in thorn Carpet, file /home/runner/work/tests/tests/master/configs/sim/build/Carpet/Comm.cc:103:
  ->[0m Synchronising group "GRHYDRO::BCONS" in local mode
[1mWARNING level 2 from host runnervmvrwv9.2teta1ngcx3e5onlpkheve315a.bx.internal.cloudapp.net process 0
  in thorn Carpet, file /home/runner/work/tests/tests/master/configs/sim/build/Carpet/Comm.cc:103:
  ->[0m Synchronising group "GRHYDRO::TAU" in local mode
[1mWARNING level 2 from host runnervmvrwv9.2teta1ngcx3e5onlpkheve315a.bx.internal.cloudapp.net process 0
  in thorn Carpet, file /home/runner/work/tests/tests/master/configs/sim/build/Carpet/Comm.cc:103:
  ->[0m Synchronising group "GRHYDRO::DENS" in local mode
[1mWARNING level 2 from host runnervmvrwv9.2teta1ngcx3e5onlpkheve315a.bx.internal.cloudapp.net process 0
  in thorn Carpet, file /home/runner/work/tests/tests/master/configs/sim/build/Carpet/Comm.cc:103:
  ->[0m Synchronising group "GRHYDRO::SCON" in local mode
[1mWARNING level 2 from host runnervmvrwv9.2teta1ngcx3e5onlpkheve315a.bx.internal.cloudapp.net process 0
  in thorn Carpet, file /home/runner/work/tests/tests/master/configs/sim/build/Carpet/Comm.cc:103:
  ->[0m Synchronising group "GRHYDRO::BCONS" in local mode
[1mWARNING level 2 from host runnervmvrwv9.2teta1ngcx3e5onlpkheve315a.bx.internal.cloudapp.net process 0
  in thorn Carpet, file /home/runner/work/tests/tests/master/configs/sim/build/Carpet/Comm.cc:103:
  ->[0m Synchronising group "GRHYDRO::TAU" in local mode
[1mWARNING level 2 from host runnervmvrwv9.2teta1ngcx3e5onlpkheve315a.bx.internal.cloudapp.net process 0
  in thorn Carpet, file /home/runner/work/tests/tests/master/configs/sim/build/Carpet/Comm.cc:103:
  ->[0m Synchronising group "GRHYDRO::DENS" in local mode
[1mWARNING level 2 from host runnervmvrwv9.2teta1ngcx3e5onlpkheve315a.bx.internal.cloudapp.net process 0
  in thorn Carpet, file /home/runner/work/tests/tests/master/configs/sim/build/Carpet/Comm.cc:103:
  ->[0m Synchronising group "GRHYDRO::SCON" in local mode
[1mWARNING level 2 from host runnervmvrwv9.2teta1ngcx3e5onlpkheve315a.bx.internal.cloudapp.net process 0
  in thorn Carpet, file /home/runner/work/tests/tests/master/configs/sim/build/Carpet/Comm.cc:103:
  ->[0m Synchronising group "GRHYDRO::BCONS" in local mode
[1mWARNING level 2 from host runnervmvrwv9.2teta1ngcx3e5onlpkheve315a.bx.internal.cloudapp.net process 0
  in thorn Carpet, file /home/runner/work/tests/tests/master/configs/sim/build/Carpet/Comm.cc:103:
  ->[0m Synchronising group "GRHYDRO::TAU" in local mode
[1mWARNING level 2 from host runnervmvrwv9.2teta1ngcx3e5onlpkheve315a.bx.internal.cloudapp.net process 0
  in thorn Carpet, file /home/runner/work/tests/tests/master/configs/sim/build/Carpet/Comm.cc:103:
  ->[0m Synchronising group "GRHYDRO::DENS" in local mode
[1mWARNING level 2 from host runnervmvrwv9.2teta1ngcx3e5onlpkheve315a.bx.internal.cloudapp.net process 0
  in thorn Carpet, file /home/runner/work/tests/tests/master/configs/sim/build/Carpet/Comm.cc:103:
  ->[0m Synchronising group "GRHYDRO::SCON" in local mode
[1mWARNING level 2 from host runnervmvrwv9.2teta1ngcx3e5onlpkheve315a.bx.internal.cloudapp.net process 0
  in thorn Carpet, file /home/runner/work/tests/tests/master/configs/sim/build/Carpet/Comm.cc:103:
  ->[0m Synchronising group "GRHYDRO::BCONS" in local mode
[1mWARNING level 2 from host runnervmvrwv9.2teta1ngcx3e5onlpkheve315a.bx.internal.cloudapp.net process 0
  in thorn Carpet, file /home/runner/work/tests/tests/master/configs/sim/build/Carpet/Comm.cc:103:
  ->[0m Synchronising group "GRHYDRO::TAU" in local mode
[1mWARNING level 2 from host runnervmvrwv9.2teta1ngcx3e5onlpkheve315a.bx.internal.cloudapp.net process 0
  in thorn Carpet, file /home/runner/work/tests/tests/master/configs/sim/build/Carpet/Comm.cc:103:
  ->[0m Synchronising group "GRHYDRO::DENS" in local mode
[1mWARNING level 2 from host runnervmvrwv9.2teta1ngcx3e5onlpkheve315a.bx.internal.cloudapp.net process 0
  in thorn Carpet, file /home/runner/work/tests/tests/master/configs/sim/build/Carpet/Comm.cc:103:
  ->[0m Synchronising group "GRHYDRO::SCON" in local mode
[1mWARNING level 2 from host runnervmvrwv9.2teta1ngcx3e5onlpkheve315a.bx.internal.cloudapp.net process 0
  in thorn Carpet, file /home/runner/work/tests/tests/master/configs/sim/build/Carpet/Comm.cc:103:
  ->[0m Synchronising group "GRHYDRO::BCONS" in local mode
[1mWARNING level 2 from host runnervmvrwv9.2teta1ngcx3e5onlpkheve315a.bx.internal.cloudapp.net process 0
  in thorn Carpet, file /home/runner/work/tests/tests/master/configs/sim/build/Carpet/Comm.cc:103:
  ->[0m Synchronising group "GRHYDRO::TAU" in local mode
[1mWARNING level 2 from host runnervmvrwv9.2teta1ngcx3e5onlpkheve315a.bx.internal.cloudapp.net process 0
  in thorn Carpet, file /home/runner/work/tests/tests/master/configs/sim/build/Carpet/Comm.cc:103:
  ->[0m Synchronising group "GRHYDRO::DENS" in local mode
[1mWARNING level 2 from host runnervmvrwv9.2teta1ngcx3e5onlpkheve315a.bx.internal.cloudapp.net process 0
  in thorn Carpet, file /home/runner/work/tests/tests/master/configs/sim/build/Carpet/Comm.cc:103:
  ->[0m Synchronising group "GRHYDRO::SCON" in local mode
[1mWARNING level 2 from host runnervmvrwv9.2teta1ngcx3e5onlpkheve315a.bx.internal.cloudapp.net process 0
  in thorn Carpet, file /home/runner/work/tests/tests/master/configs/sim/build/Carpet/Comm.cc:103:
  ->[0m Synchronising group "GRHYDRO::BCONS" in local mode
[1mWARNING level 2 from host runnervmvrwv9.2teta1ngcx3e5onlpkheve315a.bx.internal.cloudapp.net process 0
  in thorn Carpet, file /home/runner/work/tests/tests/master/configs/sim/build/Carpet/Comm.cc:103:
  ->[0m Synchronising group "GRHYDRO::TAU" in local mode
[1mWARNING level 2 from host runnervmvrwv9.2teta1ngcx3e5onlpkheve315a.bx.internal.cloudapp.net process 0
  in thorn Carpet, file /home/runner/work/tests/tests/master/configs/sim/build/Carpet/Comm.cc:103:
  ->[0m Synchronising group "GRHYDRO::DENS" in local mode
[1mWARNING level 2 from host runnervmvrwv9.2teta1ngcx3e5onlpkheve315a.bx.internal.cloudapp.net process 0
  in thorn Carpet, file /home/runner/work/tests/tests/master/configs/sim/build/Carpet/Comm.cc:103:
  ->[0m Synchronising group "GRHYDRO::SCON" in local mode
[1mWARNING level 2 from host runnervmvrwv9.2teta1ngcx3e5onlpkheve315a.bx.internal.cloudapp.net process 0
  in thorn Carpet, file /home/runner/work/tests/tests/master/configs/sim/build/Carpet/Comm.cc:103:
  ->[0m Synchronising group "GRHYDRO::BCONS" in local mode
[1mWARNING level 2 from host runnervmvrwv9.2teta1ngcx3e5onlpkheve315a.bx.internal.cloudapp.net process 0
  in thorn Carpet, file /home/runner/work/tests/tests/master/configs/sim/build/Carpet/Comm.cc:103:
  ->[0m Synchronising group "GRHYDRO::TAU" in local mode
[1mWARNING level 2 from host runnervmvrwv9.2teta1ngcx3e5onlpkheve315a.bx.internal.cloudapp.net process 0
  in thorn Carpet, file /home/runner/work/tests/tests/master/configs/sim/build/Carpet/Comm.cc:103:
  ->[0m Synchronising group "GRHYDRO::DENS" in local mode
[1mWARNING level 2 from host runnervmvrwv9.2teta1ngcx3e5onlpkheve315a.bx.internal.cloudapp.net process 0
  in thorn Carpet, file /home/runner/work/tests/tests/master/configs/sim/build/Carpet/Comm.cc:103:
  ->[0m Synchronising group "GRHYDRO::SCON" in local mode
[1mWARNING level 2 from host runnervmvrwv9.2teta1ngcx3e5onlpkheve315a.bx.internal.cloudapp.net process 0
  in thorn Carpet, file /home/runner/work/tests/tests/master/configs/sim/build/Carpet/Comm.cc:103:
  ->[0m Synchronising group "GRHYDRO::BCONS" in local mode
[1mWARNING level 2 from host runnervmvrwv9.2teta1ngcx3e5onlpkheve315a.bx.internal.cloudapp.net process 0
  in thorn Carpet, file /home/runner/work/tests/tests/master/configs/sim/build/Carpet/Comm.cc:103:
  ->[0m Synchronising group "GRHYDRO::TAU" in local mode
[1mWARNING level 2 from host runnervmvrwv9.2teta1ngcx3e5onlpkheve315a.bx.internal.cloudapp.net process 0
  in thorn Carpet, file /home/runner/work/tests/tests/master/configs/sim/build/Carpet/Comm.cc:103:
  ->[0m Synchronising group "GRHYDRO::DENS" in local mode
[1mWARNING level 2 from host runnervmvrwv9.2teta1ngcx3e5onlpkheve315a.bx.internal.cloudapp.net process 0
  in thorn Carpet, file /home/runner/work/tests/tests/master/configs/sim/build/Carpet/Comm.cc:103:
  ->[0m Synchronising group "GRHYDRO::SCON" in local mode
[1mWARNING level 2 from host runnervmvrwv9.2teta1ngcx3e5onlpkheve315a.bx.internal.cloudapp.net process 0
  in thorn Carpet, file /home/runner/work/tests/tests/master/configs/sim/build/Carpet/Comm.cc:103:
  ->[0m Synchronising group "GRHYDRO::BCONS" in local mode
[1mWARNING level 2 from host runnervmvrwv9.2teta1ngcx3e5onlpkheve315a.bx.internal.cloudapp.net process 0
  in thorn Carpet, file /home/runner/work/tests/tests/master/configs/sim/build/Carpet/Comm.cc:103:
  ->[0m Synchronising group "GRHYDRO::TAU" in local mode
[1mWARNING level 2 from host runnervmvrwv9.2teta1ngcx3e5onlpkheve315a.bx.internal.cloudapp.net process 0
  in thorn Carpet, file /home/runner/work/tests/tests/master/configs/sim/build/Carpet/Comm.cc:103:
  ->[0m Synchronising group "GRHYDRO::DENS" in local mode
[1mWARNING level 2 from host runnervmvrwv9.2teta1ngcx3e5onlpkheve315a.bx.internal.cloudapp.net process 0
  in thorn Carpet, file /home/runner/work/tests/tests/master/configs/sim/build/Carpet/Comm.cc:103:
  ->[0m Synchronising group "GRHYDRO::SCON" in local mode
[1mWARNING level 2 from host runnervmvrwv9.2teta1ngcx3e5onlpkheve315a.bx.internal.cloudapp.net process 0
  in thorn Carpet, file /home/runner/work/tests/tests/master/configs/sim/build/Carpet/Comm.cc:103:
  ->[0m Synchronising group "GRHYDRO::BCONS" in local mode
        3     0.001 |  114.0261746 |    3.8894326 |    1.1144201 |    1.0613059 |        64
[1mWARNING level 2 from host runnervmvrwv9.2teta1ngcx3e5onlpkheve315a.bx.internal.cloudapp.net process 0
  in thorn Carpet, file /home/runner/work/tests/tests/master/configs/sim/build/Carpet/Comm.cc:103:
  ->[0m Synchronising group "GRHYDRO::TAU" in local mode
[1mWARNING level 2 from host runnervmvrwv9.2teta1ngcx3e5onlpkheve315a.bx.internal.cloudapp.net process 0
  in thorn Carpet, file /home/runner/work/tests/tests/master/configs/sim/build/Carpet/Comm.cc:103:
  ->[0m Synchronising group "GRHYDRO::DENS" in local mode
[1mWARNING level 2 from host runnervmvrwv9.2teta1ngcx3e5onlpkheve315a.bx.internal.cloudapp.net process 0
  in thorn Carpet, file /home/runner/work/tests/tests/master/configs/sim/build/Carpet/Comm.cc:103:
  ->[0m Synchronising group "GRHYDRO::SCON" in local mode
[1mWARNING level 2 from host runnervmvrwv9.2teta1ngcx3e5onlpkheve315a.bx.internal.cloudapp.net process 0
  in thorn Carpet, file /home/runner/work/tests/tests/master/configs/sim/build/Carpet/Comm.cc:103:
  ->[0m Synchronising group "GRHYDRO::BCONS" in local mode
[1mWARNING level 2 from host runnervmvrwv9.2teta1ngcx3e5onlpkheve315a.bx.internal.cloudapp.net process 0
  in thorn Carpet, file /home/runner/work/tests/tests/master/configs/sim/build/Carpet/Comm.cc:103:
  ->[0m Synchronising group "GRHYDRO::TAU" in local mode
[1mWARNING level 2 from host runnervmvrwv9.2teta1ngcx3e5onlpkheve315a.bx.internal.cloudapp.net process 0
  in thorn Carpet, file /home/runner/work/tests/tests/master/configs/sim/build/Carpet/Comm.cc:103:
  ->[0m Synchronising group "GRHYDRO::DENS" in local mode
[1mWARNING level 2 from host runnervmvrwv9.2teta1ngcx3e5onlpkheve315a.bx.internal.cloudapp.net process 0
  in thorn Carpet, file /home/runner/work/tests/tests/master/configs/sim/build/Carpet/Comm.cc:103:
  ->[0m Synchronising group "GRHYDRO::SCON" in local mode
[1mWARNING level 2 from host runnervmvrwv9.2teta1ngcx3e5onlpkheve315a.bx.internal.cloudapp.net process 0
  in thorn Carpet, file /home/runner/work/tests/tests/master/configs/sim/build/Carpet/Comm.cc:103:
  ->[0m Synchronising group "GRHYDRO::BCONS" in local mode
[1mWARNING level 2 from host runnervmvrwv9.2teta1ngcx3e5onlpkheve315a.bx.internal.cloudapp.net process 0
  in thorn Carpet, file /home/runner/work/tests/tests/master/configs/sim/build/Carpet/Comm.cc:103:
  ->[0m Synchronising group "GRHYDRO::TAU" in local mode
[1mWARNING level 2 from host runnervmvrwv9.2teta1ngcx3e5onlpkheve315a.bx.internal.cloudapp.net process 0
  in thorn Carpet, file /home/runner/work/tests/tests/master/configs/sim/build/Carpet/Comm.cc:103:
  ->[0m Synchronising group "GRHYDRO::DENS" in local mode
[1mWARNING level 2 from host runnervmvrwv9.2teta1ngcx3e5onlpkheve315a.bx.internal.cloudapp.net process 0
  in thorn Carpet, file /home/runner/work/tests/tests/master/configs/sim/build/Carpet/Comm.cc:103:
  ->[0m Synchronising group "GRHYDRO::SCON" in local mode
[1mWARNING level 2 from host runnervmvrwv9.2teta1ngcx3e5onlpkheve315a.bx.internal.cloudapp.net process 0
  in thorn Carpet, file /home/runner/work/tests/tests/master/configs/sim/build/Carpet/Comm.cc:103:
  ->[0m Synchronising group "GRHYDRO::BCONS" in local mode
[1mWARNING level 2 from host runnervmvrwv9.2teta1ngcx3e5onlpkheve315a.bx.internal.cloudapp.net process 0
  in thorn Carpet, file /home/runner/work/tests/tests/master/configs/sim/build/Carpet/Comm.cc:103:
  ->[0m Synchronising group "GRHYDRO::TAU" in local mode
[1mWARNING level 2 from host runnervmvrwv9.2teta1ngcx3e5onlpkheve315a.bx.internal.cloudapp.net process 0
  in thorn Carpet, file /home/runner/work/tests/tests/master/configs/sim/build/Carpet/Comm.cc:103:
  ->[0m Synchronising group "GRHYDRO::DENS" in local mode
[1mWARNING level 2 from host runnervmvrwv9.2teta1ngcx3e5onlpkheve315a.bx.internal.cloudapp.net process 0
  in thorn Carpet, file /home/runner/work/tests/tests/master/configs/sim/build/Carpet/Comm.cc:103:
  ->[0m Synchronising group "GRHYDRO::SCON" in local mode
[1mWARNING level 2 from host runnervmvrwv9.2teta1ngcx3e5onlpkheve315a.bx.internal.cloudapp.net process 0
  in thorn Carpet, file /home/runner/work/tests/tests/master/configs/sim/build/Carpet/Comm.cc:103:
  ->[0m Synchronising group "GRHYDRO::BCONS" in local mode
[1mWARNING level 2 from host runnervmvrwv9.2teta1ngcx3e5onlpkheve315a.bx.internal.cloudapp.net process 0
  in thorn Carpet, file /home/runner/work/tests/tests/master/configs/sim/build/Carpet/Comm.cc:103:
  ->[0m Synchronising group "GRHYDRO::TAU" in local mode
[1mWARNING level 2 from host runnervmvrwv9.2teta1ngcx3e5onlpkheve315a.bx.internal.cloudapp.net process 0
  in thorn Carpet, file /home/runner/work/tests/tests/master/configs/sim/build/Carpet/Comm.cc:103:
  ->[0m Synchronising group "GRHYDRO::DENS" in local mode
[1mWARNING level 2 from host runnervmvrwv9.2teta1ngcx3e5onlpkheve315a.bx.internal.cloudapp.net process 0
  in thorn Carpet, file /home/runner/work/tests/tests/master/configs/sim/build/Carpet/Comm.cc:103:
  ->[0m Synchronising group "GRHYDRO::SCON" in local mode
[1mWARNING level 2 from host runnervmvrwv9.2teta1ngcx3e5onlpkheve315a.bx.internal.cloudapp.net process 0
  in thorn Carpet, file /home/runner/work/tests/tests/master/configs/sim/build/Carpet/Comm.cc:103:
  ->[0m Synchronising group "GRHYDRO::BCONS" in local mode
[1mWARNING level 2 from host runnervmvrwv9.2teta1ngcx3e5onlpkheve315a.bx.internal.cloudapp.net process 0
  in thorn Carpet, file /home/runner/work/tests/tests/master/configs/sim/build/Carpet/Comm.cc:103:
  ->[0m Synchronising group "GRHYDRO::TAU" in local mode
[1mWARNING level 2 from host runnervmvrwv9.2teta1ngcx3e5onlpkheve315a.bx.internal.cloudapp.net process 0
  in thorn Carpet, file /home/runner/work/tests/tests/master/configs/sim/build/Carpet/Comm.cc:103:
  ->[0m Synchronising group "GRHYDRO::DENS" in local mode
[1mWARNING level 2 from host runnervmvrwv9.2teta1ngcx3e5onlpkheve315a.bx.internal.cloudapp.net process 0
  in thorn Carpet, file /home/runner/work/tests/tests/master/configs/sim/build/Carpet/Comm.cc:103:
  ->[0m Synchronising group "GRHYDRO::SCON" in local mode
[1mWARNING level 2 from host runnervmvrwv9.2teta1ngcx3e5onlpkheve315a.bx.internal.cloudapp.net process 0
  in thorn Carpet, file /home/runner/work/tests/tests/master/configs/sim/build/Carpet/Comm.cc:103:
  ->[0m Synchronising group "GRHYDRO::BCONS" in local mode
[1mWARNING level 2 from host runnervmvrwv9.2teta1ngcx3e5onlpkheve315a.bx.internal.cloudapp.net process 0
  in thorn Carpet, file /home/runner/work/tests/tests/master/configs/sim/build/Carpet/Comm.cc:103:
  ->[0m Synchronising group "GRHYDRO::TAU" in local mode
[1mWARNING level 2 from host runnervmvrwv9.2teta1ngcx3e5onlpkheve315a.bx.internal.cloudapp.net process 0
  in thorn Carpet, file /home/runner/work/tests/tests/master/configs/sim/build/Carpet/Comm.cc:103:
  ->[0m Synchronising group "GRHYDRO::DENS" in local mode
[1mWARNING level 2 from host runnervmvrwv9.2teta1ngcx3e5onlpkheve315a.bx.internal.cloudapp.net process 0
  in thorn Carpet, file /home/runner/work/tests/tests/master/configs/sim/build/Carpet/Comm.cc:103:
  ->[0m Synchronising group "GRHYDRO::SCON" in local mode
[1mWARNING level 2 from host runnervmvrwv9.2teta1ngcx3e5onlpkheve315a.bx.internal.cloudapp.net process 0
  in thorn Carpet, file /home/runner/work/tests/tests/master/configs/sim/build/Carpet/Comm.cc:103:
  ->[0m Synchronising group "GRHYDRO::BCONS" in local mode
[1mWARNING level 2 from host runnervmvrwv9.2teta1ngcx3e5onlpkheve315a.bx.internal.cloudapp.net process 0
  in thorn Carpet, file /home/runner/work/tests/tests/master/configs/sim/build/Carpet/Comm.cc:103:
  ->[0m Synchronising group "GRHYDRO::TAU" in local mode
[1mWARNING level 2 from host runnervmvrwv9.2teta1ngcx3e5onlpkheve315a.bx.internal.cloudapp.net process 0
  in thorn Carpet, file /home/runner/work/tests/tests/master/configs/sim/build/Carpet/Comm.cc:103:
  ->[0m Synchronising group "GRHYDRO::DENS" in local mode
[1mWARNING level 2 from host runnervmvrwv9.2teta1ngcx3e5onlpkheve315a.bx.internal.cloudapp.net process 0
  in thorn Carpet, file /home/runner/work/tests/tests/master/configs/sim/build/Carpet/Comm.cc:103:
  ->[0m Synchronising group "GRHYDRO::SCON" in local mode
[1mWARNING level 2 from host runnervmvrwv9.2teta1ngcx3e5onlpkheve315a.bx.internal.cloudapp.net process 0
  in thorn Carpet, file /home/runner/work/tests/tests/master/configs/sim/build/Carpet/Comm.cc:103:
  ->[0m Synchronising group "GRHYDRO::BCONS" in local mode
[1mWARNING level 2 from host runnervmvrwv9.2teta1ngcx3e5onlpkheve315a.bx.internal.cloudapp.net process 0
  in thorn Carpet, file /home/runner/work/tests/tests/master/configs/sim/build/Carpet/Comm.cc:103:
  ->[0m Synchronising group "GRHYDRO::TAU" in local mode
[1mWARNING level 2 from host runnervmvrwv9.2teta1ngcx3e5onlpkheve315a.bx.internal.cloudapp.net process 0
  in thorn Carpet, file /home/runner/work/tests/tests/master/configs/sim/build/Carpet/Comm.cc:103:
  ->[0m Synchronising group "GRHYDRO::DENS" in local mode
[1mWARNING level 2 from host runnervmvrwv9.2teta1ngcx3e5onlpkheve315a.bx.internal.cloudapp.net process 0
  in thorn Carpet, file /home/runner/work/tests/tests/master/configs/sim/build/Carpet/Comm.cc:103:
  ->[0m Synchronising group "GRHYDRO::SCON" in local mode
[1mWARNING level 2 from host runnervmvrwv9.2teta1ngcx3e5onlpkheve315a.bx.internal.cloudapp.net process 0
  in thorn Carpet, file /home/runner/work/tests/tests/master/configs/sim/build/Carpet/Comm.cc:103:
  ->[0m Synchronising group "GRHYDRO::BCONS" in local mode
[1mWARNING level 2 from host runnervmvrwv9.2teta1ngcx3e5onlpkheve315a.bx.internal.cloudapp.net process 0
  in thorn Carpet, file /home/runner/work/tests/tests/master/configs/sim/build/Carpet/Comm.cc:103:
  ->[0m Synchronising group "GRHYDRO::TAU" in local mode
[1mWARNING level 2 from host runnervmvrwv9.2teta1ngcx3e5onlpkheve315a.bx.internal.cloudapp.net process 0
  in thorn Carpet, file /home/runner/work/tests/tests/master/configs/sim/build/Carpet/Comm.cc:103:
  ->[0m Synchronising group "GRHYDRO::DENS" in local mode
[1mWARNING level 2 from host runnervmvrwv9.2teta1ngcx3e5onlpkheve315a.bx.internal.cloudapp.net process 0
  in thorn Carpet, file /home/runner/work/tests/tests/master/configs/sim/build/Carpet/Comm.cc:103:
  ->[0m Synchronising group "GRHYDRO::SCON" in local mode
[1mWARNING level 2 from host runnervmvrwv9.2teta1ngcx3e5onlpkheve315a.bx.internal.cloudapp.net process 0
  in thorn Carpet, file /home/runner/work/tests/tests/master/configs/sim/build/Carpet/Comm.cc:103:
  ->[0m Synchronising group "GRHYDRO::BCONS" in local mode
[1mWARNING level 2 from host runnervmvrwv9.2teta1ngcx3e5onlpkheve315a.bx.internal.cloudapp.net process 0
  in thorn Carpet, file /home/runner/work/tests/tests/master/configs/sim/build/Carpet/Comm.cc:103:
  ->[0m Synchronising group "GRHYDRO::TAU" in local mode
[1mWARNING level 2 from host runnervmvrwv9.2teta1ngcx3e5onlpkheve315a.bx.internal.cloudapp.net process 0
  in thorn Carpet, file /home/runner/work/tests/tests/master/configs/sim/build/Carpet/Comm.cc:103:
  ->[0m Synchronising group "GRHYDRO::DENS" in local mode
[1mWARNING level 2 from host runnervmvrwv9.2teta1ngcx3e5onlpkheve315a.bx.internal.cloudapp.net process 0
  in thorn Carpet, file /home/runner/work/tests/tests/master/configs/sim/build/Carpet/Comm.cc:103:
  ->[0m Synchronising group "GRHYDRO::SCON" in local mode
[1mWARNING level 2 from host runnervmvrwv9.2teta1ngcx3e5onlpkheve315a.bx.internal.cloudapp.net process 0
  in thorn Carpet, file /home/runner/work/tests/tests/master/configs/sim/build/Carpet/Comm.cc:103:
  ->[0m Synchronising group "GRHYDRO::BCONS" in local mode
[1mWARNING level 2 from host runnervmvrwv9.2teta1ngcx3e5onlpkheve315a.bx.internal.cloudapp.net process 0
  in thorn Carpet, file /home/runner/work/tests/tests/master/configs/sim/build/Carpet/Comm.cc:103:
  ->[0m Synchronising group "GRHYDRO::TAU" in local mode
[1mWARNING level 2 from host runnervmvrwv9.2teta1ngcx3e5onlpkheve315a.bx.internal.cloudapp.net process 0
  in thorn Carpet, file /home/runner/work/tests/tests/master/configs/sim/build/Carpet/Comm.cc:103:
  ->[0m Synchronising group "GRHYDRO::DENS" in local mode
[1mWARNING level 2 from host runnervmvrwv9.2teta1ngcx3e5onlpkheve315a.bx.internal.cloudapp.net process 0
  in thorn Carpet, file /home/runner/work/tests/tests/master/configs/sim/build/Carpet/Comm.cc:103:
  ->[0m Synchronising group "GRHYDRO::SCON" in local mode
[1mWARNING level 2 from host runnervmvrwv9.2teta1ngcx3e5onlpkheve315a.bx.internal.cloudapp.net process 0
  in thorn Carpet, file /home/runner/work/tests/tests/master/configs/sim/build/Carpet/Comm.cc:103:
  ->[0m Synchronising group "GRHYDRO::BCONS" in local mode
[1mWARNING level 2 from host runnervmvrwv9.2teta1ngcx3e5onlpkheve315a.bx.internal.cloudapp.net process 0
  in thorn Carpet, file /home/runner/work/tests/tests/master/configs/sim/build/Carpet/Comm.cc:103:
  ->[0m Synchronising group "GRHYDRO::TAU" in local mode
[1mWARNING level 2 from host runnervmvrwv9.2teta1ngcx3e5onlpkheve315a.bx.internal.cloudapp.net process 0
  in thorn Carpet, file /home/runner/work/tests/tests/master/configs/sim/build/Carpet/Comm.cc:103:
  ->[0m Synchronising group "GRHYDRO::DENS" in local mode
[1mWARNING level 2 from host runnervmvrwv9.2teta1ngcx3e5onlpkheve315a.bx.internal.cloudapp.net process 0
  in thorn Carpet, file /home/runner/work/tests/tests/master/configs/sim/build/Carpet/Comm.cc:103:
  ->[0m Synchronising group "GRHYDRO::SCON" in local mode
[1mWARNING level 2 from host runnervmvrwv9.2teta1ngcx3e5onlpkheve315a.bx.internal.cloudapp.net process 0
  in thorn Carpet, file /home/runner/work/tests/tests/master/configs/sim/build/Carpet/Comm.cc:103:
  ->[0m Synchronising group "GRHYDRO::BCONS" in local mode
[1mWARNING level 2 from host runnervmvrwv9.2teta1ngcx3e5onlpkheve315a.bx.internal.cloudapp.net process 0
  in thorn Carpet, file /home/runner/work/tests/tests/master/configs/sim/build/Carpet/Comm.cc:103:
  ->[0m Synchronising group "GRHYDRO::TAU" in local mode
[1mWARNING level 2 from host runnervmvrwv9.2teta1ngcx3e5onlpkheve315a.bx.internal.cloudapp.net process 0
  in thorn Carpet, file /home/runner/work/tests/tests/master/configs/sim/build/Carpet/Comm.cc:103:
  ->[0m Synchronising group "GRHYDRO::DENS" in local mode
[1mWARNING level 2 from host runnervmvrwv9.2teta1ngcx3e5onlpkheve315a.bx.internal.cloudapp.net process 0
  in thorn Carpet, file /home/runner/work/tests/tests/master/configs/sim/build/Carpet/Comm.cc:103:
  ->[0m Synchronising group "GRHYDRO::SCON" in local mode
[1mWARNING level 2 from host runnervmvrwv9.2teta1ngcx3e5onlpkheve315a.bx.internal.cloudapp.net process 0
  in thorn Carpet, file /home/runner/work/tests/tests/master/configs/sim/build/Carpet/Comm.cc:103:
  ->[0m Synchronising group "GRHYDRO::BCONS" in local mode
        4     0.001 |  115.2477495 |    3.9053997 |    1.1247978 |    1.0867341 |        64
[1mWARNING level 2 from host runnervmvrwv9.2teta1ngcx3e5onlpkheve315a.bx.internal.cloudapp.net process 0
  in thorn Carpet, file /home/runner/work/tests/tests/master/configs/sim/build/Carpet/Comm.cc:103:
  ->[0m Synchronising group "GRHYDRO::TAU" in local mode
[1mWARNING level 2 from host runnervmvrwv9.2teta1ngcx3e5onlpkheve315a.bx.internal.cloudapp.net process 0
  in thorn Carpet, file /home/runner/work/tests/tests/master/configs/sim/build/Carpet/Comm.cc:103:
  ->[0m Synchronising group "GRHYDRO::DENS" in local mode
[1mWARNING level 2 from host runnervmvrwv9.2teta1ngcx3e5onlpkheve315a.bx.internal.cloudapp.net process 0
  in thorn Carpet, file /home/runner/work/tests/tests/master/configs/sim/build/Carpet/Comm.cc:103:
  ->[0m Synchronising group "GRHYDRO::SCON" in local mode
[1mWARNING level 2 from host runnervmvrwv9.2teta1ngcx3e5onlpkheve315a.bx.internal.cloudapp.net process 0
  in thorn Carpet, file /home/runner/work/tests/tests/master/configs/sim/build/Carpet/Comm.cc:103:
  ->[0m Synchronising group "GRHYDRO::BCONS" in local mode
[1mWARNING level 2 from host runnervmvrwv9.2teta1ngcx3e5onlpkheve315a.bx.internal.cloudapp.net process 0
  in thorn Carpet, file /home/runner/work/tests/tests/master/configs/sim/build/Carpet/Comm.cc:103:
  ->[0m Synchronising group "GRHYDRO::TAU" in local mode
[1mWARNING level 2 from host runnervmvrwv9.2teta1ngcx3e5onlpkheve315a.bx.internal.cloudapp.net process 0
  in thorn Carpet, file /home/runner/work/tests/tests/master/configs/sim/build/Carpet/Comm.cc:103:
  ->[0m Synchronising group "GRHYDRO::DENS" in local mode
[1mWARNING level 2 from host runnervmvrwv9.2teta1ngcx3e5onlpkheve315a.bx.internal.cloudapp.net process 0
  in thorn Carpet, file /home/runner/work/tests/tests/master/configs/sim/build/Carpet/Comm.cc:103:
  ->[0m Synchronising group "GRHYDRO::SCON" in local mode
[1mWARNING level 2 from host runnervmvrwv9.2teta1ngcx3e5onlpkheve315a.bx.internal.cloudapp.net process 0
  in thorn Carpet, file /home/runner/work/tests/tests/master/configs/sim/build/Carpet/Comm.cc:103:
  ->[0m Synchronising group "GRHYDRO::BCONS" in local mode
[1mWARNING level 2 from host runnervmvrwv9.2teta1ngcx3e5onlpkheve315a.bx.internal.cloudapp.net process 0
  in thorn Carpet, file /home/runner/work/tests/tests/master/configs/sim/build/Carpet/Comm.cc:103:
  ->[0m Synchronising group "GRHYDRO::TAU" in local mode
[1mWARNING level 2 from host runnervmvrwv9.2teta1ngcx3e5onlpkheve315a.bx.internal.cloudapp.net process 0
  in thorn Carpet, file /home/runner/work/tests/tests/master/configs/sim/build/Carpet/Comm.cc:103:
  ->[0m Synchronising group "GRHYDRO::DENS" in local mode
[1mWARNING level 2 from host runnervmvrwv9.2teta1ngcx3e5onlpkheve315a.bx.internal.cloudapp.net process 0
  in thorn Carpet, file /home/runner/work/tests/tests/master/configs/sim/build/Carpet/Comm.cc:103:
  ->[0m Synchronising group "GRHYDRO::SCON" in local mode
[1mWARNING level 2 from host runnervmvrwv9.2teta1ngcx3e5onlpkheve315a.bx.internal.cloudapp.net process 0
  in thorn Carpet, file /home/runner/work/tests/tests/master/configs/sim/build/Carpet/Comm.cc:103:
  ->[0m Synchronising group "GRHYDRO::BCONS" in local mode
[1mWARNING level 2 from host runnervmvrwv9.2teta1ngcx3e5onlpkheve315a.bx.internal.cloudapp.net process 0
  in thorn Carpet, file /home/runner/work/tests/tests/master/configs/sim/build/Carpet/Comm.cc:103:
  ->[0m Synchronising group "GRHYDRO::TAU" in local mode
[1mWARNING level 2 from host runnervmvrwv9.2teta1ngcx3e5onlpkheve315a.bx.internal.cloudapp.net process 0
  in thorn Carpet, file /home/runner/work/tests/tests/master/configs/sim/build/Carpet/Comm.cc:103:
  ->[0m Synchronising group "GRHYDRO::DENS" in local mode
[1mWARNING level 2 from host runnervmvrwv9.2teta1ngcx3e5onlpkheve315a.bx.internal.cloudapp.net process 0
  in thorn Carpet, file /home/runner/work/tests/tests/master/configs/sim/build/Carpet/Comm.cc:103:
  ->[0m Synchronising group "GRHYDRO::SCON" in local mode
[1mWARNING level 2 from host runnervmvrwv9.2teta1ngcx3e5onlpkheve315a.bx.internal.cloudapp.net process 0
  in thorn Carpet, file /home/runner/work/tests/tests/master/configs/sim/build/Carpet/Comm.cc:103:
  ->[0m Synchronising group "GRHYDRO::BCONS" in local mode
[1mWARNING level 2 from host runnervmvrwv9.2teta1ngcx3e5onlpkheve315a.bx.internal.cloudapp.net process 0
  in thorn Carpet, file /home/runner/work/tests/tests/master/configs/sim/build/Carpet/Comm.cc:103:
  ->[0m Synchronising group "GRHYDRO::TAU" in local mode
[1mWARNING level 2 from host runnervmvrwv9.2teta1ngcx3e5onlpkheve315a.bx.internal.cloudapp.net process 0
  in thorn Carpet, file /home/runner/work/tests/tests/master/configs/sim/build/Carpet/Comm.cc:103:
  ->[0m Synchronising group "GRHYDRO::DENS" in local mode
[1mWARNING level 2 from host runnervmvrwv9.2teta1ngcx3e5onlpkheve315a.bx.internal.cloudapp.net process 0
  in thorn Carpet, file /home/runner/work/tests/tests/master/configs/sim/build/Carpet/Comm.cc:103:
  ->[0m Synchronising group "GRHYDRO::SCON" in local mode
[1mWARNING level 2 from host runnervmvrwv9.2teta1ngcx3e5onlpkheve315a.bx.internal.cloudapp.net process 0
  in thorn Carpet, file /home/runner/work/tests/tests/master/configs/sim/build/Carpet/Comm.cc:103:
  ->[0m Synchronising group "GRHYDRO::BCONS" in local mode
[1mWARNING level 2 from host runnervmvrwv9.2teta1ngcx3e5onlpkheve315a.bx.internal.cloudapp.net process 0
  in thorn Carpet, file /home/runner/work/tests/tests/master/configs/sim/build/Carpet/Comm.cc:103:
  ->[0m Synchronising group "GRHYDRO::TAU" in local mode
[1mWARNING level 2 from host runnervmvrwv9.2teta1ngcx3e5onlpkheve315a.bx.internal.cloudapp.net process 0
  in thorn Carpet, file /home/runner/work/tests/tests/master/configs/sim/build/Carpet/Comm.cc:103:
  ->[0m Synchronising group "GRHYDRO::DENS" in local mode
[1mWARNING level 2 from host runnervmvrwv9.2teta1ngcx3e5onlpkheve315a.bx.internal.cloudapp.net process 0
  in thorn Carpet, file /home/runner/work/tests/tests/master/configs/sim/build/Carpet/Comm.cc:103:
  ->[0m Synchronising group "GRHYDRO::SCON" in local mode
[1mWARNING level 2 from host runnervmvrwv9.2teta1ngcx3e5onlpkheve315a.bx.internal.cloudapp.net process 0
  in thorn Carpet, file /home/runner/work/tests/tests/master/configs/sim/build/Carpet/Comm.cc:103:
  ->[0m Synchronising group "GRHYDRO::BCONS" in local mode
[1mWARNING level 2 from host runnervmvrwv9.2teta1ngcx3e5onlpkheve315a.bx.internal.cloudapp.net process 0
  in thorn Carpet, file /home/runner/work/tests/tests/master/configs/sim/build/Carpet/Comm.cc:103:
  ->[0m Synchronising group "GRHYDRO::TAU" in local mode
[1mWARNING level 2 from host runnervmvrwv9.2teta1ngcx3e5onlpkheve315a.bx.internal.cloudapp.net process 0
  in thorn Carpet, file /home/runner/work/tests/tests/master/configs/sim/build/Carpet/Comm.cc:103:
  ->[0m Synchronising group "GRHYDRO::DENS" in local mode
[1mWARNING level 2 from host runnervmvrwv9.2teta1ngcx3e5onlpkheve315a.bx.internal.cloudapp.net process 0
  in thorn Carpet, file /home/runner/work/tests/tests/master/configs/sim/build/Carpet/Comm.cc:103:
  ->[0m Synchronising group "GRHYDRO::SCON" in local mode
[1mWARNING level 2 from host runnervmvrwv9.2teta1ngcx3e5onlpkheve315a.bx.internal.cloudapp.net process 0
  in thorn Carpet, file /home/runner/work/tests/tests/master/configs/sim/build/Carpet/Comm.cc:103:
  ->[0m Synchronising group "GRHYDRO::BCONS" in local mode
[1mWARNING level 2 from host runnervmvrwv9.2teta1ngcx3e5onlpkheve315a.bx.internal.cloudapp.net process 0
  in thorn Carpet, file /home/runner/work/tests/tests/master/configs/sim/build/Carpet/Comm.cc:103:
  ->[0m Synchronising group "GRHYDRO::TAU" in local mode
[1mWARNING level 2 from host runnervmvrwv9.2teta1ngcx3e5onlpkheve315a.bx.internal.cloudapp.net process 0
  in thorn Carpet, file /home/runner/work/tests/tests/master/configs/sim/build/Carpet/Comm.cc:103:
  ->[0m Synchronising group "GRHYDRO::DENS" in local mode
[1mWARNING level 2 from host runnervmvrwv9.2teta1ngcx3e5onlpkheve315a.bx.internal.cloudapp.net process 0
  in thorn Carpet, file /home/runner/work/tests/tests/master/configs/sim/build/Carpet/Comm.cc:103:
  ->[0m Synchronising group "GRHYDRO::SCON" in local mode
[1mWARNING level 2 from host runnervmvrwv9.2teta1ngcx3e5onlpkheve315a.bx.internal.cloudapp.net process 0
  in thorn Carpet, file /home/runner/work/tests/tests/master/configs/sim/build/Carpet/Comm.cc:103:
  ->[0m Synchronising group "GRHYDRO::BCONS" in local mode
[1mWARNING level 2 from host runnervmvrwv9.2teta1ngcx3e5onlpkheve315a.bx.internal.cloudapp.net process 0
  in thorn Carpet, file /home/runner/work/tests/tests/master/configs/sim/build/Carpet/Comm.cc:103:
  ->[0m Synchronising group "GRHYDRO::TAU" in local mode
[1mWARNING level 2 from host runnervmvrwv9.2teta1ngcx3e5onlpkheve315a.bx.internal.cloudapp.net process 0
  in thorn Carpet, file /home/runner/work/tests/tests/master/configs/sim/build/Carpet/Comm.cc:103:
  ->[0m Synchronising group "GRHYDRO::DENS" in local mode
[1mWARNING level 2 from host runnervmvrwv9.2teta1ngcx3e5onlpkheve315a.bx.internal.cloudapp.net process 0
  in thorn Carpet, file /home/runner/work/tests/tests/master/configs/sim/build/Carpet/Comm.cc:103:
  ->[0m Synchronising group "GRHYDRO::SCON" in local mode
[1mWARNING level 2 from host runnervmvrwv9.2teta1ngcx3e5onlpkheve315a.bx.internal.cloudapp.net process 0
  in thorn Carpet, file /home/runner/work/tests/tests/master/configs/sim/build/Carpet/Comm.cc:103:
  ->[0m Synchronising group "GRHYDRO::BCONS" in local mode
[1mWARNING level 2 from host runnervmvrwv9.2teta1ngcx3e5onlpkheve315a.bx.internal.cloudapp.net process 0
  in thorn Carpet, file /home/runner/work/tests/tests/master/configs/sim/build/Carpet/Comm.cc:103:
  ->[0m Synchronising group "GRHYDRO::TAU" in local mode
[1mWARNING level 2 from host runnervmvrwv9.2teta1ngcx3e5onlpkheve315a.bx.internal.cloudapp.net process 0
  in thorn Carpet, file /home/runner/work/tests/tests/master/configs/sim/build/Carpet/Comm.cc:103:
  ->[0m Synchronising group "GRHYDRO::DENS" in local mode
[1mWARNING level 2 from host runnervmvrwv9.2teta1ngcx3e5onlpkheve315a.bx.internal.cloudapp.net process 0
  in thorn Carpet, file /home/runner/work/tests/tests/master/configs/sim/build/Carpet/Comm.cc:103:
  ->[0m Synchronising group "GRHYDRO::SCON" in local mode
[1mWARNING level 2 from host runnervmvrwv9.2teta1ngcx3e5onlpkheve315a.bx.internal.cloudapp.net process 0
  in thorn Carpet, file /home/runner/work/tests/tests/master/configs/sim/build/Carpet/Comm.cc:103:
  ->[0m Synchronising group "GRHYDRO::BCONS" in local mode
[1mWARNING level 2 from host runnervmvrwv9.2teta1ngcx3e5onlpkheve315a.bx.internal.cloudapp.net process 0
  in thorn Carpet, file /home/runner/work/tests/tests/master/configs/sim/build/Carpet/Comm.cc:103:
  ->[0m Synchronising group "GRHYDRO::TAU" in local mode
[1mWARNING level 2 from host runnervmvrwv9.2teta1ngcx3e5onlpkheve315a.bx.internal.cloudapp.net process 0
  in thorn Carpet, file /home/runner/work/tests/tests/master/configs/sim/build/Carpet/Comm.cc:103:
  ->[0m Synchronising group "GRHYDRO::DENS" in local mode
[1mWARNING level 2 from host runnervmvrwv9.2teta1ngcx3e5onlpkheve315a.bx.internal.cloudapp.net process 0
  in thorn Carpet, file /home/runner/work/tests/tests/master/configs/sim/build/Carpet/Comm.cc:103:
  ->[0m Synchronising group "GRHYDRO::SCON" in local mode
[1mWARNING level 2 from host runnervmvrwv9.2teta1ngcx3e5onlpkheve315a.bx.internal.cloudapp.net process 0
  in thorn Carpet, file /home/runner/work/tests/tests/master/configs/sim/build/Carpet/Comm.cc:103:
  ->[0m Synchronising group "GRHYDRO::BCONS" in local mode
[1mWARNING level 2 from host runnervmvrwv9.2teta1ngcx3e5onlpkheve315a.bx.internal.cloudapp.net process 0
  in thorn Carpet, file /home/runner/work/tests/tests/master/configs/sim/build/Carpet/Comm.cc:103:
  ->[0m Synchronising group "GRHYDRO::TAU" in local mode
[1mWARNING level 2 from host runnervmvrwv9.2teta1ngcx3e5onlpkheve315a.bx.internal.cloudapp.net process 0
  in thorn Carpet, file /home/runner/work/tests/tests/master/configs/sim/build/Carpet/Comm.cc:103:
  ->[0m Synchronising group "GRHYDRO::DENS" in local mode
[1mWARNING level 2 from host runnervmvrwv9.2teta1ngcx3e5onlpkheve315a.bx.internal.cloudapp.net process 0
  in thorn Carpet, file /home/runner/work/tests/tests/master/configs/sim/build/Carpet/Comm.cc:103:
  ->[0m Synchronising group "GRHYDRO::SCON" in local mode
[1mWARNING level 2 from host runnervmvrwv9.2teta1ngcx3e5onlpkheve315a.bx.internal.cloudapp.net process 0
  in thorn Carpet, file /home/runner/work/tests/tests/master/configs/sim/build/Carpet/Comm.cc:103:
  ->[0m Synchronising group "GRHYDRO::BCONS" in local mode
[1mWARNING level 2 from host runnervmvrwv9.2teta1ngcx3e5onlpkheve315a.bx.internal.cloudapp.net process 0
  in thorn Carpet, file /home/runner/work/tests/tests/master/configs/sim/build/Carpet/Comm.cc:103:
  ->[0m Synchronising group "GRHYDRO::TAU" in local mode
[1mWARNING level 2 from host runnervmvrwv9.2teta1ngcx3e5onlpkheve315a.bx.internal.cloudapp.net process 0
  in thorn Carpet, file /home/runner/work/tests/tests/master/configs/sim/build/Carpet/Comm.cc:103:
  ->[0m Synchronising group "GRHYDRO::DENS" in local mode
[1mWARNING level 2 from host runnervmvrwv9.2teta1ngcx3e5onlpkheve315a.bx.internal.cloudapp.net process 0
  in thorn Carpet, file /home/runner/work/tests/tests/master/configs/sim/build/Carpet/Comm.cc:103:
  ->[0m Synchronising group "GRHYDRO::SCON" in local mode
[1mWARNING level 2 from host runnervmvrwv9.2teta1ngcx3e5onlpkheve315a.bx.internal.cloudapp.net process 0
  in thorn Carpet, file /home/runner/work/tests/tests/master/configs/sim/build/Carpet/Comm.cc:103:
  ->[0m Synchronising group "GRHYDRO::BCONS" in local mode
[1mWARNING level 2 from host runnervmvrwv9.2teta1ngcx3e5onlpkheve315a.bx.internal.cloudapp.net process 0
  in thorn Carpet, file /home/runner/work/tests/tests/master/configs/sim/build/Carpet/Comm.cc:103:
  ->[0m Synchronising group "GRHYDRO::TAU" in local mode
[1mWARNING level 2 from host runnervmvrwv9.2teta1ngcx3e5onlpkheve315a.bx.internal.cloudapp.net process 0
  in thorn Carpet, file /home/runner/work/tests/tests/master/configs/sim/build/Carpet/Comm.cc:103:
  ->[0m Synchronising group "GRHYDRO::DENS" in local mode
[1mWARNING level 2 from host runnervmvrwv9.2teta1ngcx3e5onlpkheve315a.bx.internal.cloudapp.net process 0
  in thorn Carpet, file /home/runner/work/tests/tests/master/configs/sim/build/Carpet/Comm.cc:103:
  ->[0m Synchronising group "GRHYDRO::SCON" in local mode
[1mWARNING level 2 from host runnervmvrwv9.2teta1ngcx3e5onlpkheve315a.bx.internal.cloudapp.net process 0
  in thorn Carpet, file /home/runner/work/tests/tests/master/configs/sim/build/Carpet/Comm.cc:103:
  ->[0m Synchronising group "GRHYDRO::BCONS" in local mode
        5     0.002 |  115.8790312 |    3.9206982 |    1.1347121 |    1.1178237 |        64
[1mWARNING level 2 from host runnervmvrwv9.2teta1ngcx3e5onlpkheve315a.bx.internal.cloudapp.net process 0
  in thorn Carpet, file /home/runner/work/tests/tests/master/configs/sim/build/Carpet/Comm.cc:103:
  ->[0m Synchronising group "GRHYDRO::TAU" in local mode
[1mWARNING level 2 from host runnervmvrwv9.2teta1ngcx3e5onlpkheve315a.bx.internal.cloudapp.net process 0
  in thorn Carpet, file /home/runner/work/tests/tests/master/configs/sim/build/Carpet/Comm.cc:103:
  ->[0m Synchronising group "GRHYDRO::DENS" in local mode
[1mWARNING level 2 from host runnervmvrwv9.2teta1ngcx3e5onlpkheve315a.bx.internal.cloudapp.net process 0
  in thorn Carpet, file /home/runner/work/tests/tests/master/configs/sim/build/Carpet/Comm.cc:103:
  ->[0m Synchronising group "GRHYDRO::SCON" in local mode
[1mWARNING level 2 from host runnervmvrwv9.2teta1ngcx3e5onlpkheve315a.bx.internal.cloudapp.net process 0
  in thorn Carpet, file /home/runner/work/tests/tests/master/configs/sim/build/Carpet/Comm.cc:103:
  ->[0m Synchronising group "GRHYDRO::BCONS" in local mode
[1mWARNING level 2 from host runnervmvrwv9.2teta1ngcx3e5onlpkheve315a.bx.internal.cloudapp.net process 0
  in thorn Carpet, file /home/runner/work/tests/tests/master/configs/sim/build/Carpet/Comm.cc:103:
  ->[0m Synchronising group "GRHYDRO::TAU" in local mode
[1mWARNING level 2 from host runnervmvrwv9.2teta1ngcx3e5onlpkheve315a.bx.internal.cloudapp.net process 0
  in thorn Carpet, file /home/runner/work/tests/tests/master/configs/sim/build/Carpet/Comm.cc:103:
  ->[0m Synchronising group "GRHYDRO::DENS" in local mode
[1mWARNING level 2 from host runnervmvrwv9.2teta1ngcx3e5onlpkheve315a.bx.internal.cloudapp.net process 0
  in thorn Carpet, file /home/runner/work/tests/tests/master/configs/sim/build/Carpet/Comm.cc:103:
  ->[0m Synchronising group "GRHYDRO::SCON" in local mode
[1mWARNING level 2 from host runnervmvrwv9.2teta1ngcx3e5onlpkheve315a.bx.internal.cloudapp.net process 0
  in thorn Carpet, file /home/runner/work/tests/tests/master/configs/sim/build/Carpet/Comm.cc:103:
  ->[0m Synchronising group "GRHYDRO::BCONS" in local mode
[1mWARNING level 2 from host runnervmvrwv9.2teta1ngcx3e5onlpkheve315a.bx.internal.cloudapp.net process 0
  in thorn Carpet, file /home/runner/work/tests/tests/master/configs/sim/build/Carpet/Comm.cc:103:
  ->[0m Synchronising group "GRHYDRO::TAU" in local mode
[1mWARNING level 2 from host runnervmvrwv9.2teta1ngcx3e5onlpkheve315a.bx.internal.cloudapp.net process 0
  in thorn Carpet, file /home/runner/work/tests/tests/master/configs/sim/build/Carpet/Comm.cc:103:
  ->[0m Synchronising group "GRHYDRO::DENS" in local mode
[1mWARNING level 2 from host runnervmvrwv9.2teta1ngcx3e5onlpkheve315a.bx.internal.cloudapp.net process 0
  in thorn Carpet, file /home/runner/work/tests/tests/master/configs/sim/build/Carpet/Comm.cc:103:
  ->[0m Synchronising group "GRHYDRO::SCON" in local mode
[1mWARNING level 2 from host runnervmvrwv9.2teta1ngcx3e5onlpkheve315a.bx.internal.cloudapp.net process 0
  in thorn Carpet, file /home/runner/work/tests/tests/master/configs/sim/build/Carpet/Comm.cc:103:
  ->[0m Synchronising group "GRHYDRO::BCONS" in local mode
[1mWARNING level 2 from host runnervmvrwv9.2teta1ngcx3e5onlpkheve315a.bx.internal.cloudapp.net process 0
  in thorn Carpet, file /home/runner/work/tests/tests/master/configs/sim/build/Carpet/Comm.cc:103:
  ->[0m Synchronising group "GRHYDRO::TAU" in local mode
[1mWARNING level 2 from host runnervmvrwv9.2teta1ngcx3e5onlpkheve315a.bx.internal.cloudapp.net process 0
  in thorn Carpet, file /home/runner/work/tests/tests/master/configs/sim/build/Carpet/Comm.cc:103:
  ->[0m Synchronising group "GRHYDRO::DENS" in local mode
[1mWARNING level 2 from host runnervmvrwv9.2teta1ngcx3e5onlpkheve315a.bx.internal.cloudapp.net process 0
  in thorn Carpet, file /home/runner/work/tests/tests/master/configs/sim/build/Carpet/Comm.cc:103:
  ->[0m Synchronising group "GRHYDRO::SCON" in local mode
[1mWARNING level 2 from host runnervmvrwv9.2teta1ngcx3e5onlpkheve315a.bx.internal.cloudapp.net process 0
  in thorn Carpet, file /home/runner/work/tests/tests/master/configs/sim/build/Carpet/Comm.cc:103:
  ->[0m Synchronising group "GRHYDRO::BCONS" in local mode
[1mWARNING level 2 from host runnervmvrwv9.2teta1ngcx3e5onlpkheve315a.bx.internal.cloudapp.net process 0
  in thorn Carpet, file /home/runner/work/tests/tests/master/configs/sim/build/Carpet/Comm.cc:103:
  ->[0m Synchronising group "GRHYDRO::TAU" in local mode
[1mWARNING level 2 from host runnervmvrwv9.2teta1ngcx3e5onlpkheve315a.bx.internal.cloudapp.net process 0
  in thorn Carpet, file /home/runner/work/tests/tests/master/configs/sim/build/Carpet/Comm.cc:103:
  ->[0m Synchronising group "GRHYDRO::DENS" in local mode
[1mWARNING level 2 from host runnervmvrwv9.2teta1ngcx3e5onlpkheve315a.bx.internal.cloudapp.net process 0
  in thorn Carpet, file /home/runner/work/tests/tests/master/configs/sim/build/Carpet/Comm.cc:103:
  ->[0m Synchronising group "GRHYDRO::SCON" in local mode
[1mWARNING level 2 from host runnervmvrwv9.2teta1ngcx3e5onlpkheve315a.bx.internal.cloudapp.net process 0
  in thorn Carpet, file /home/runner/work/tests/tests/master/configs/sim/build/Carpet/Comm.cc:103:
  ->[0m Synchronising group "GRHYDRO::BCONS" in local mode
[1mWARNING level 2 from host runnervmvrwv9.2teta1ngcx3e5onlpkheve315a.bx.internal.cloudapp.net process 0
  in thorn Carpet, file /home/runner/work/tests/tests/master/configs/sim/build/Carpet/Comm.cc:103:
  ->[0m Synchronising group "GRHYDRO::TAU" in local mode
[1mWARNING level 2 from host runnervmvrwv9.2teta1ngcx3e5onlpkheve315a.bx.internal.cloudapp.net process 0
  in thorn Carpet, file /home/runner/work/tests/tests/master/configs/sim/build/Carpet/Comm.cc:103:
  ->[0m Synchronising group "GRHYDRO::DENS" in local mode
[1mWARNING level 2 from host runnervmvrwv9.2teta1ngcx3e5onlpkheve315a.bx.internal.cloudapp.net process 0
  in thorn Carpet, file /home/runner/work/tests/tests/master/configs/sim/build/Carpet/Comm.cc:103:
  ->[0m Synchronising group "GRHYDRO::SCON" in local mode
[1mWARNING level 2 from host runnervmvrwv9.2teta1ngcx3e5onlpkheve315a.bx.internal.cloudapp.net process 0
  in thorn Carpet, file /home/runner/work/tests/tests/master/configs/sim/build/Carpet/Comm.cc:103:
  ->[0m Synchronising group "GRHYDRO::BCONS" in local mode
[1mWARNING level 2 from host runnervmvrwv9.2teta1ngcx3e5onlpkheve315a.bx.internal.cloudapp.net process 0
  in thorn Carpet, file /home/runner/work/tests/tests/master/configs/sim/build/Carpet/Comm.cc:103:
  ->[0m Synchronising group "GRHYDRO::TAU" in local mode
[1mWARNING level 2 from host runnervmvrwv9.2teta1ngcx3e5onlpkheve315a.bx.internal.cloudapp.net process 0
  in thorn Carpet, file /home/runner/work/tests/tests/master/configs/sim/build/Carpet/Comm.cc:103:
  ->[0m Synchronising group "GRHYDRO::DENS" in local mode
[1mWARNING level 2 from host runnervmvrwv9.2teta1ngcx3e5onlpkheve315a.bx.internal.cloudapp.net process 0
  in thorn Carpet, file /home/runner/work/tests/tests/master/configs/sim/build/Carpet/Comm.cc:103:
  ->[0m Synchronising group "GRHYDRO::SCON" in local mode
[1mWARNING level 2 from host runnervmvrwv9.2teta1ngcx3e5onlpkheve315a.bx.internal.cloudapp.net process 0
  in thorn Carpet, file /home/runner/work/tests/tests/master/configs/sim/build/Carpet/Comm.cc:103:
  ->[0m Synchronising group "GRHYDRO::BCONS" in local mode
[1mWARNING level 2 from host runnervmvrwv9.2teta1ngcx3e5onlpkheve315a.bx.internal.cloudapp.net process 0
  in thorn Carpet, file /home/runner/work/tests/tests/master/configs/sim/build/Carpet/Comm.cc:103:
  ->[0m Synchronising group "GRHYDRO::TAU" in local mode
[1mWARNING level 2 from host runnervmvrwv9.2teta1ngcx3e5onlpkheve315a.bx.internal.cloudapp.net process 0
  in thorn Carpet, file /home/runner/work/tests/tests/master/configs/sim/build/Carpet/Comm.cc:103:
  ->[0m Synchronising group "GRHYDRO::DENS" in local mode
[1mWARNING level 2 from host runnervmvrwv9.2teta1ngcx3e5onlpkheve315a.bx.internal.cloudapp.net process 0
  in thorn Carpet, file /home/runner/work/tests/tests/master/configs/sim/build/Carpet/Comm.cc:103:
  ->[0m Synchronising group "GRHYDRO::SCON" in local mode
[1mWARNING level 2 from host runnervmvrwv9.2teta1ngcx3e5onlpkheve315a.bx.internal.cloudapp.net process 0
  in thorn Carpet, file /home/runner/work/tests/tests/master/configs/sim/build/Carpet/Comm.cc:103:
  ->[0m Synchronising group "GRHYDRO::BCONS" in local mode
[1mWARNING level 2 from host runnervmvrwv9.2teta1ngcx3e5onlpkheve315a.bx.internal.cloudapp.net process 0
  in thorn Carpet, file /home/runner/work/tests/tests/master/configs/sim/build/Carpet/Comm.cc:103:
  ->[0m Synchronising group "GRHYDRO::TAU" in local mode
[1mWARNING level 2 from host runnervmvrwv9.2teta1ngcx3e5onlpkheve315a.bx.internal.cloudapp.net process 0
  in thorn Carpet, file /home/runner/work/tests/tests/master/configs/sim/build/Carpet/Comm.cc:103:
  ->[0m Synchronising group "GRHYDRO::DENS" in local mode
[1mWARNING level 2 from host runnervmvrwv9.2teta1ngcx3e5onlpkheve315a.bx.internal.cloudapp.net process 0
  in thorn Carpet, file /home/runner/work/tests/tests/master/configs/sim/build/Carpet/Comm.cc:103:
  ->[0m Synchronising group "GRHYDRO::SCON" in local mode
[1mWARNING level 2 from host runnervmvrwv9.2teta1ngcx3e5onlpkheve315a.bx.internal.cloudapp.net process 0
  in thorn Carpet, file /home/runner/work/tests/tests/master/configs/sim/build/Carpet/Comm.cc:103:
  ->[0m Synchronising group "GRHYDRO::BCONS" in local mode
[1mWARNING level 2 from host runnervmvrwv9.2teta1ngcx3e5onlpkheve315a.bx.internal.cloudapp.net process 0
  in thorn Carpet, file /home/runner/work/tests/tests/master/configs/sim/build/Carpet/Comm.cc:103:
  ->[0m Synchronising group "GRHYDRO::TAU" in local mode
[1mWARNING level 2 from host runnervmvrwv9.2teta1ngcx3e5onlpkheve315a.bx.internal.cloudapp.net process 0
  in thorn Carpet, file /home/runner/work/tests/tests/master/configs/sim/build/Carpet/Comm.cc:103:
  ->[0m Synchronising group "GRHYDRO::DENS" in local mode
[1mWARNING level 2 from host runnervmvrwv9.2teta1ngcx3e5onlpkheve315a.bx.internal.cloudapp.net process 0
  in thorn Carpet, file /home/runner/work/tests/tests/master/configs/sim/build/Carpet/Comm.cc:103:
  ->[0m Synchronising group "GRHYDRO::SCON" in local mode
[1mWARNING level 2 from host runnervmvrwv9.2teta1ngcx3e5onlpkheve315a.bx.internal.cloudapp.net process 0
  in thorn Carpet, file /home/runner/work/tests/tests/master/configs/sim/build/Carpet/Comm.cc:103:
  ->[0m Synchronising group "GRHYDRO::BCONS" in local mode
[1mWARNING level 2 from host runnervmvrwv9.2teta1ngcx3e5onlpkheve315a.bx.internal.cloudapp.net process 0
  in thorn Carpet, file /home/runner/work/tests/tests/master/configs/sim/build/Carpet/Comm.cc:103:
  ->[0m Synchronising group "GRHYDRO::TAU" in local mode
[1mWARNING level 2 from host runnervmvrwv9.2teta1ngcx3e5onlpkheve315a.bx.internal.cloudapp.net process 0
  in thorn Carpet, file /home/runner/work/tests/tests/master/configs/sim/build/Carpet/Comm.cc:103:
  ->[0m Synchronising group "GRHYDRO::DENS" in local mode
[1mWARNING level 2 from host runnervmvrwv9.2teta1ngcx3e5onlpkheve315a.bx.internal.cloudapp.net process 0
  in thorn Carpet, file /home/runner/work/tests/tests/master/configs/sim/build/Carpet/Comm.cc:103:
  ->[0m Synchronising group "GRHYDRO::SCON" in local mode
[1mWARNING level 2 from host runnervmvrwv9.2teta1ngcx3e5onlpkheve315a.bx.internal.cloudapp.net process 0
  in thorn Carpet, file /home/runner/work/tests/tests/master/configs/sim/build/Carpet/Comm.cc:103:
  ->[0m Synchronising group "GRHYDRO::BCONS" in local mode
[1mWARNING level 2 from host runnervmvrwv9.2teta1ngcx3e5onlpkheve315a.bx.internal.cloudapp.net process 0
  in thorn Carpet, file /home/runner/work/tests/tests/master/configs/sim/build/Carpet/Comm.cc:103:
  ->[0m Synchronising group "GRHYDRO::TAU" in local mode
[1mWARNING level 2 from host runnervmvrwv9.2teta1ngcx3e5onlpkheve315a.bx.internal.cloudapp.net process 0
  in thorn Carpet, file /home/runner/work/tests/tests/master/configs/sim/build/Carpet/Comm.cc:103:
  ->[0m Synchronising group "GRHYDRO::DENS" in local mode
[1mWARNING level 2 from host runnervmvrwv9.2teta1ngcx3e5onlpkheve315a.bx.internal.cloudapp.net process 0
  in thorn Carpet, file /home/runner/work/tests/tests/master/configs/sim/build/Carpet/Comm.cc:103:
  ->[0m Synchronising group "GRHYDRO::SCON" in local mode
[1mWARNING level 2 from host runnervmvrwv9.2teta1ngcx3e5onlpkheve315a.bx.internal.cloudapp.net process 0
  in thorn Carpet, file /home/runner/work/tests/tests/master/configs/sim/build/Carpet/Comm.cc:103:
  ->[0m Synchronising group "GRHYDRO::BCONS" in local mode
[1mWARNING level 2 from host runnervmvrwv9.2teta1ngcx3e5onlpkheve315a.bx.internal.cloudapp.net process 0
  in thorn Carpet, file /home/runner/work/tests/tests/master/configs/sim/build/Carpet/Comm.cc:103:
  ->[0m Synchronising group "GRHYDRO::TAU" in local mode
[1mWARNING level 2 from host runnervmvrwv9.2teta1ngcx3e5onlpkheve315a.bx.internal.cloudapp.net process 0
  in thorn Carpet, file /home/runner/work/tests/tests/master/configs/sim/build/Carpet/Comm.cc:103:
  ->[0m Synchronising group "GRHYDRO::DENS" in local mode
[1mWARNING level 2 from host runnervmvrwv9.2teta1ngcx3e5onlpkheve315a.bx.internal.cloudapp.net process 0
  in thorn Carpet, file /home/runner/work/tests/tests/master/configs/sim/build/Carpet/Comm.cc:103:
  ->[0m Synchronising group "GRHYDRO::SCON" in local mode
[1mWARNING level 2 from host runnervmvrwv9.2teta1ngcx3e5onlpkheve315a.bx.internal.cloudapp.net process 0
  in thorn Carpet, file /home/runner/work/tests/tests/master/configs/sim/build/Carpet/Comm.cc:103:
  ->[0m Synchronising group "GRHYDRO::BCONS" in local mode
[1mWARNING level 2 from host runnervmvrwv9.2teta1ngcx3e5onlpkheve315a.bx.internal.cloudapp.net process 0
  in thorn Carpet, file /home/runner/work/tests/tests/master/configs/sim/build/Carpet/Comm.cc:103:
  ->[0m Synchronising group "GRHYDRO::TAU" in local mode
[1mWARNING level 2 from host runnervmvrwv9.2teta1ngcx3e5onlpkheve315a.bx.internal.cloudapp.net process 0
  in thorn Carpet, file /home/runner/work/tests/tests/master/configs/sim/build/Carpet/Comm.cc:103:
  ->[0m Synchronising group "GRHYDRO::DENS" in local mode
[1mWARNING level 2 from host runnervmvrwv9.2teta1ngcx3e5onlpkheve315a.bx.internal.cloudapp.net process 0
  in thorn Carpet, file /home/runner/work/tests/tests/master/configs/sim/build/Carpet/Comm.cc:103:
  ->[0m Synchronising group "GRHYDRO::SCON" in local mode
[1mWARNING level 2 from host runnervmvrwv9.2teta1ngcx3e5onlpkheve315a.bx.internal.cloudapp.net process 0
  in thorn Carpet, file /home/runner/work/tests/tests/master/configs/sim/build/Carpet/Comm.cc:103:
  ->[0m Synchronising group "GRHYDRO::BCONS" in local mode
        6     0.002 |  116.3929150 |    3.9353921 |    1.1441932 |    1.1477983 |        64
[1mWARNING level 2 from host runnervmvrwv9.2teta1ngcx3e5onlpkheve315a.bx.internal.cloudapp.net process 0
  in thorn Carpet, file /home/runner/work/tests/tests/master/configs/sim/build/Carpet/Comm.cc:103:
  ->[0m Synchronising group "GRHYDRO::TAU" in local mode
[1mWARNING level 2 from host runnervmvrwv9.2teta1ngcx3e5onlpkheve315a.bx.internal.cloudapp.net process 0
  in thorn Carpet, file /home/runner/work/tests/tests/master/configs/sim/build/Carpet/Comm.cc:103:
  ->[0m Synchronising group "GRHYDRO::DENS" in local mode
[1mWARNING level 2 from host runnervmvrwv9.2teta1ngcx3e5onlpkheve315a.bx.internal.cloudapp.net process 0
  in thorn Carpet, file /home/runner/work/tests/tests/master/configs/sim/build/Carpet/Comm.cc:103:
  ->[0m Synchronising group "GRHYDRO::SCON" in local mode
[1mWARNING level 2 from host runnervmvrwv9.2teta1ngcx3e5onlpkheve315a.bx.internal.cloudapp.net process 0
  in thorn Carpet, file /home/runner/work/tests/tests/master/configs/sim/build/Carpet/Comm.cc:103:
  ->[0m Synchronising group "GRHYDRO::BCONS" in local mode
[1mWARNING level 2 from host runnervmvrwv9.2teta1ngcx3e5onlpkheve315a.bx.internal.cloudapp.net process 0
  in thorn Carpet, file /home/runner/work/tests/tests/master/configs/sim/build/Carpet/Comm.cc:103:
  ->[0m Synchronising group "GRHYDRO::TAU" in local mode
[1mWARNING level 2 from host runnervmvrwv9.2teta1ngcx3e5onlpkheve315a.bx.internal.cloudapp.net process 0
  in thorn Carpet, file /home/runner/work/tests/tests/master/configs/sim/build/Carpet/Comm.cc:103:
  ->[0m Synchronising group "GRHYDRO::DENS" in local mode
[1mWARNING level 2 from host runnervmvrwv9.2teta1ngcx3e5onlpkheve315a.bx.internal.cloudapp.net process 0
  in thorn Carpet, file /home/runner/work/tests/tests/master/configs/sim/build/Carpet/Comm.cc:103:
  ->[0m Synchronising group "GRHYDRO::SCON" in local mode
[1mWARNING level 2 from host runnervmvrwv9.2teta1ngcx3e5onlpkheve315a.bx.internal.cloudapp.net process 0
  in thorn Carpet, file /home/runner/work/tests/tests/master/configs/sim/build/Carpet/Comm.cc:103:
  ->[0m Synchronising group "GRHYDRO::BCONS" in local mode
[1mWARNING level 2 from host runnervmvrwv9.2teta1ngcx3e5onlpkheve315a.bx.internal.cloudapp.net process 0
  in thorn Carpet, file /home/runner/work/tests/tests/master/configs/sim/build/Carpet/Comm.cc:103:
  ->[0m Synchronising group "GRHYDRO::TAU" in local mode
[1mWARNING level 2 from host runnervmvrwv9.2teta1ngcx3e5onlpkheve315a.bx.internal.cloudapp.net process 0
  in thorn Carpet, file /home/runner/work/tests/tests/master/configs/sim/build/Carpet/Comm.cc:103:
  ->[0m Synchronising group "GRHYDRO::DENS" in local mode
[1mWARNING level 2 from host runnervmvrwv9.2teta1ngcx3e5onlpkheve315a.bx.internal.cloudapp.net process 0
  in thorn Carpet, file /home/runner/work/tests/tests/master/configs/sim/build/Carpet/Comm.cc:103:
  ->[0m Synchronising group "GRHYDRO::SCON" in local mode
[1mWARNING level 2 from host runnervmvrwv9.2teta1ngcx3e5onlpkheve315a.bx.internal.cloudapp.net process 0
  in thorn Carpet, file /home/runner/work/tests/tests/master/configs/sim/build/Carpet/Comm.cc:103:
  ->[0m Synchronising group "GRHYDRO::BCONS" in local mode
[1mWARNING level 2 from host runnervmvrwv9.2teta1ngcx3e5onlpkheve315a.bx.internal.cloudapp.net process 0
  in thorn Carpet, file /home/runner/work/tests/tests/master/configs/sim/build/Carpet/Comm.cc:103:
  ->[0m Synchronising group "GRHYDRO::TAU" in local mode
[1mWARNING level 2 from host runnervmvrwv9.2teta1ngcx3e5onlpkheve315a.bx.internal.cloudapp.net process 0
  in thorn Carpet, file /home/runner/work/tests/tests/master/configs/sim/build/Carpet/Comm.cc:103:
  ->[0m Synchronising group "GRHYDRO::DENS" in local mode
[1mWARNING level 2 from host runnervmvrwv9.2teta1ngcx3e5onlpkheve315a.bx.internal.cloudapp.net process 0
  in thorn Carpet, file /home/runner/work/tests/tests/master/configs/sim/build/Carpet/Comm.cc:103:
  ->[0m Synchronising group "GRHYDRO::SCON" in local mode
[1mWARNING level 2 from host runnervmvrwv9.2teta1ngcx3e5onlpkheve315a.bx.internal.cloudapp.net process 0
  in thorn Carpet, file /home/runner/work/tests/tests/master/configs/sim/build/Carpet/Comm.cc:103:
  ->[0m Synchronising group "GRHYDRO::BCONS" in local mode
[1mWARNING level 2 from host runnervmvrwv9.2teta1ngcx3e5onlpkheve315a.bx.internal.cloudapp.net process 0
  in thorn Carpet, file /home/runner/work/tests/tests/master/configs/sim/build/Carpet/Comm.cc:103:
  ->[0m Synchronising group "GRHYDRO::TAU" in local mode
[1mWARNING level 2 from host runnervmvrwv9.2teta1ngcx3e5onlpkheve315a.bx.internal.cloudapp.net process 0
  in thorn Carpet, file /home/runner/work/tests/tests/master/configs/sim/build/Carpet/Comm.cc:103:
  ->[0m Synchronising group "GRHYDRO::DENS" in local mode
[1mWARNING level 2 from host runnervmvrwv9.2teta1ngcx3e5onlpkheve315a.bx.internal.cloudapp.net process 0
  in thorn Carpet, file /home/runner/work/tests/tests/master/configs/sim/build/Carpet/Comm.cc:103:
  ->[0m Synchronising group "GRHYDRO::SCON" in local mode
[1mWARNING level 2 from host runnervmvrwv9.2teta1ngcx3e5onlpkheve315a.bx.internal.cloudapp.net process 0
  in thorn Carpet, file /home/runner/work/tests/tests/master/configs/sim/build/Carpet/Comm.cc:103:
  ->[0m Synchronising group "GRHYDRO::BCONS" in local mode
[1mWARNING level 2 from host runnervmvrwv9.2teta1ngcx3e5onlpkheve315a.bx.internal.cloudapp.net process 0
  in thorn Carpet, file /home/runner/work/tests/tests/master/configs/sim/build/Carpet/Comm.cc:103:
  ->[0m Synchronising group "GRHYDRO::TAU" in local mode
[1mWARNING level 2 from host runnervmvrwv9.2teta1ngcx3e5onlpkheve315a.bx.internal.cloudapp.net process 0
  in thorn Carpet, file /home/runner/work/tests/tests/master/configs/sim/build/Carpet/Comm.cc:103:
  ->[0m Synchronising group "GRHYDRO::DENS" in local mode
[1mWARNING level 2 from host runnervmvrwv9.2teta1ngcx3e5onlpkheve315a.bx.internal.cloudapp.net process 0
  in thorn Carpet, file /home/runner/work/tests/tests/master/configs/sim/build/Carpet/Comm.cc:103:
  ->[0m Synchronising group "GRHYDRO::SCON" in local mode
[1mWARNING level 2 from host runnervmvrwv9.2teta1ngcx3e5onlpkheve315a.bx.internal.cloudapp.net process 0
  in thorn Carpet, file /home/runner/work/tests/tests/master/configs/sim/build/Carpet/Comm.cc:103:
  ->[0m Synchronising group "GRHYDRO::BCONS" in local mode
[1mWARNING level 2 from host runnervmvrwv9.2teta1ngcx3e5onlpkheve315a.bx.internal.cloudapp.net process 0
  in thorn Carpet, file /home/runner/work/tests/tests/master/configs/sim/build/Carpet/Comm.cc:103:
  ->[0m Synchronising group "GRHYDRO::TAU" in local mode
[1mWARNING level 2 from host runnervmvrwv9.2teta1ngcx3e5onlpkheve315a.bx.internal.cloudapp.net process 0
  in thorn Carpet, file /home/runner/work/tests/tests/master/configs/sim/build/Carpet/Comm.cc:103:
  ->[0m Synchronising group "GRHYDRO::DENS" in local mode
[1mWARNING level 2 from host runnervmvrwv9.2teta1ngcx3e5onlpkheve315a.bx.internal.cloudapp.net process 0
  in thorn Carpet, file /home/runner/work/tests/tests/master/configs/sim/build/Carpet/Comm.cc:103:
  ->[0m Synchronising group "GRHYDRO::SCON" in local mode
[1mWARNING level 2 from host runnervmvrwv9.2teta1ngcx3e5onlpkheve315a.bx.internal.cloudapp.net process 0
  in thorn Carpet, file /home/runner/work/tests/tests/master/configs/sim/build/Carpet/Comm.cc:103:
  ->[0m Synchronising group "GRHYDRO::BCONS" in local mode
[1mWARNING level 2 from host runnervmvrwv9.2teta1ngcx3e5onlpkheve315a.bx.internal.cloudapp.net process 0
  in thorn Carpet, file /home/runner/work/tests/tests/master/configs/sim/build/Carpet/Comm.cc:103:
  ->[0m Synchronising group "GRHYDRO::TAU" in local mode
[1mWARNING level 2 from host runnervmvrwv9.2teta1ngcx3e5onlpkheve315a.bx.internal.cloudapp.net process 0
  in thorn Carpet, file /home/runner/work/tests/tests/master/configs/sim/build/Carpet/Comm.cc:103:
  ->[0m Synchronising group "GRHYDRO::DENS" in local mode
[1mWARNING level 2 from host runnervmvrwv9.2teta1ngcx3e5onlpkheve315a.bx.internal.cloudapp.net process 0
  in thorn Carpet, file /home/runner/work/tests/tests/master/configs/sim/build/Carpet/Comm.cc:103:
  ->[0m Synchronising group "GRHYDRO::SCON" in local mode
[1mWARNING level 2 from host runnervmvrwv9.2teta1ngcx3e5onlpkheve315a.bx.internal.cloudapp.net process 0
  in thorn Carpet, file /home/runner/work/tests/tests/master/configs/sim/build/Carpet/Comm.cc:103:
  ->[0m Synchronising group "GRHYDRO::BCONS" in local mode
[1mWARNING level 2 from host runnervmvrwv9.2teta1ngcx3e5onlpkheve315a.bx.internal.cloudapp.net process 0
  in thorn Carpet, file /home/runner/work/tests/tests/master/configs/sim/build/Carpet/Comm.cc:103:
  ->[0m Synchronising group "GRHYDRO::TAU" in local mode
[1mWARNING level 2 from host runnervmvrwv9.2teta1ngcx3e5onlpkheve315a.bx.internal.cloudapp.net process 0
  in thorn Carpet, file /home/runner/work/tests/tests/master/configs/sim/build/Carpet/Comm.cc:103:
  ->[0m Synchronising group "GRHYDRO::DENS" in local mode
[1mWARNING level 2 from host runnervmvrwv9.2teta1ngcx3e5onlpkheve315a.bx.internal.cloudapp.net process 0
  in thorn Carpet, file /home/runner/work/tests/tests/master/configs/sim/build/Carpet/Comm.cc:103:
  ->[0m Synchronising group "GRHYDRO::SCON" in local mode
[1mWARNING level 2 from host runnervmvrwv9.2teta1ngcx3e5onlpkheve315a.bx.internal.cloudapp.net process 0
  in thorn Carpet, file /home/runner/work/tests/tests/master/configs/sim/build/Carpet/Comm.cc:103:
  ->[0m Synchronising group "GRHYDRO::BCONS" in local mode
[1mWARNING level 2 from host runnervmvrwv9.2teta1ngcx3e5onlpkheve315a.bx.internal.cloudapp.net process 0
  in thorn Carpet, file /home/runner/work/tests/tests/master/configs/sim/build/Carpet/Comm.cc:103:
  ->[0m Synchronising group "GRHYDRO::TAU" in local mode
[1mWARNING level 2 from host runnervmvrwv9.2teta1ngcx3e5onlpkheve315a.bx.internal.cloudapp.net process 0
  in thorn Carpet, file /home/runner/work/tests/tests/master/configs/sim/build/Carpet/Comm.cc:103:
  ->[0m Synchronising group "GRHYDRO::DENS" in local mode
[1mWARNING level 2 from host runnervmvrwv9.2teta1ngcx3e5onlpkheve315a.bx.internal.cloudapp.net process 0
  in thorn Carpet, file /home/runner/work/tests/tests/master/configs/sim/build/Carpet/Comm.cc:103:
  ->[0m Synchronising group "GRHYDRO::SCON" in local mode
[1mWARNING level 2 from host runnervmvrwv9.2teta1ngcx3e5onlpkheve315a.bx.internal.cloudapp.net process 0
  in thorn Carpet, file /home/runner/work/tests/tests/master/configs/sim/build/Carpet/Comm.cc:103:
  ->[0m Synchronising group "GRHYDRO::BCONS" in local mode
[1mWARNING level 2 from host runnervmvrwv9.2teta1ngcx3e5onlpkheve315a.bx.internal.cloudapp.net process 0
  in thorn Carpet, file /home/runner/work/tests/tests/master/configs/sim/build/Carpet/Comm.cc:103:
  ->[0m Synchronising group "GRHYDRO::TAU" in local mode
[1mWARNING level 2 from host runnervmvrwv9.2teta1ngcx3e5onlpkheve315a.bx.internal.cloudapp.net process 0
  in thorn Carpet, file /home/runner/work/tests/tests/master/configs/sim/build/Carpet/Comm.cc:103:
  ->[0m Synchronising group "GRHYDRO::DENS" in local mode
[1mWARNING level 2 from host runnervmvrwv9.2teta1ngcx3e5onlpkheve315a.bx.internal.cloudapp.net process 0
  in thorn Carpet, file /home/runner/work/tests/tests/master/configs/sim/build/Carpet/Comm.cc:103:
  ->[0m Synchronising group "GRHYDRO::SCON" in local mode
[1mWARNING level 2 from host runnervmvrwv9.2teta1ngcx3e5onlpkheve315a.bx.internal.cloudapp.net process 0
  in thorn Carpet, file /home/runner/work/tests/tests/master/configs/sim/build/Carpet/Comm.cc:103:
  ->[0m Synchronising group "GRHYDRO::BCONS" in local mode
[1mWARNING level 2 from host runnervmvrwv9.2teta1ngcx3e5onlpkheve315a.bx.internal.cloudapp.net process 0
  in thorn Carpet, file /home/runner/work/tests/tests/master/configs/sim/build/Carpet/Comm.cc:103:
  ->[0m Synchronising group "GRHYDRO::TAU" in local mode
[1mWARNING level 2 from host runnervmvrwv9.2teta1ngcx3e5onlpkheve315a.bx.internal.cloudapp.net process 0
  in thorn Carpet, file /home/runner/work/tests/tests/master/configs/sim/build/Carpet/Comm.cc:103:
  ->[0m Synchronising group "GRHYDRO::DENS" in local mode
[1mWARNING level 2 from host runnervmvrwv9.2teta1ngcx3e5onlpkheve315a.bx.internal.cloudapp.net process 0
  in thorn Carpet, file /home/runner/work/tests/tests/master/configs/sim/build/Carpet/Comm.cc:103:
  ->[0m Synchronising group "GRHYDRO::SCON" in local mode
[1mWARNING level 2 from host runnervmvrwv9.2teta1ngcx3e5onlpkheve315a.bx.internal.cloudapp.net process 0
  in thorn Carpet, file /home/runner/work/tests/tests/master/configs/sim/build/Carpet/Comm.cc:103:
  ->[0m Synchronising group "GRHYDRO::BCONS" in local mode
[1mWARNING level 2 from host runnervmvrwv9.2teta1ngcx3e5onlpkheve315a.bx.internal.cloudapp.net process 0
  in thorn Carpet, file /home/runner/work/tests/tests/master/configs/sim/build/Carpet/Comm.cc:103:
  ->[0m Synchronising group "GRHYDRO::TAU" in local mode
[1mWARNING level 2 from host runnervmvrwv9.2teta1ngcx3e5onlpkheve315a.bx.internal.cloudapp.net process 0
  in thorn Carpet, file /home/runner/work/tests/tests/master/configs/sim/build/Carpet/Comm.cc:103:
  ->[0m Synchronising group "GRHYDRO::DENS" in local mode
[1mWARNING level 2 from host runnervmvrwv9.2teta1ngcx3e5onlpkheve315a.bx.internal.cloudapp.net process 0
  in thorn Carpet, file /home/runner/work/tests/tests/master/configs/sim/build/Carpet/Comm.cc:103:
  ->[0m Synchronising group "GRHYDRO::SCON" in local mode
[1mWARNING level 2 from host runnervmvrwv9.2teta1ngcx3e5onlpkheve315a.bx.internal.cloudapp.net process 0
  in thorn Carpet, file /home/runner/work/tests/tests/master/configs/sim/build/Carpet/Comm.cc:103:
  ->[0m Synchronising group "GRHYDRO::BCONS" in local mode
[1mWARNING level 2 from host runnervmvrwv9.2teta1ngcx3e5onlpkheve315a.bx.internal.cloudapp.net process 0
  in thorn Carpet, file /home/runner/work/tests/tests/master/configs/sim/build/Carpet/Comm.cc:103:
  ->[0m Synchronising group "GRHYDRO::TAU" in local mode
[1mWARNING level 2 from host runnervmvrwv9.2teta1ngcx3e5onlpkheve315a.bx.internal.cloudapp.net process 0
  in thorn Carpet, file /home/runner/work/tests/tests/master/configs/sim/build/Carpet/Comm.cc:103:
  ->[0m Synchronising group "GRHYDRO::DENS" in local mode
[1mWARNING level 2 from host runnervmvrwv9.2teta1ngcx3e5onlpkheve315a.bx.internal.cloudapp.net process 0
  in thorn Carpet, file /home/runner/work/tests/tests/master/configs/sim/build/Carpet/Comm.cc:103:
  ->[0m Synchronising group "GRHYDRO::SCON" in local mode
[1mWARNING level 2 from host runnervmvrwv9.2teta1ngcx3e5onlpkheve315a.bx.internal.cloudapp.net process 0
  in thorn Carpet, file /home/runner/work/tests/tests/master/configs/sim/build/Carpet/Comm.cc:103:
  ->[0m Synchronising group "GRHYDRO::BCONS" in local mode
        7     0.002 |  116.7594909 |    3.9495382 |    1.1532798 |    1.1767250 |        64
[1mWARNING level 2 from host runnervmvrwv9.2teta1ngcx3e5onlpkheve315a.bx.internal.cloudapp.net process 0
  in thorn Carpet, file /home/runner/work/tests/tests/master/configs/sim/build/Carpet/Comm.cc:103:
  ->[0m Synchronising group "GRHYDRO::TAU" in local mode
[1mWARNING level 2 from host runnervmvrwv9.2teta1ngcx3e5onlpkheve315a.bx.internal.cloudapp.net process 0
  in thorn Carpet, file /home/runner/work/tests/tests/master/configs/sim/build/Carpet/Comm.cc:103:
  ->[0m Synchronising group "GRHYDRO::DENS" in local mode
[1mWARNING level 2 from host runnervmvrwv9.2teta1ngcx3e5onlpkheve315a.bx.internal.cloudapp.net process 0
  in thorn Carpet, file /home/runner/work/tests/tests/master/configs/sim/build/Carpet/Comm.cc:103:
  ->[0m Synchronising group "GRHYDRO::SCON" in local mode
[1mWARNING level 2 from host runnervmvrwv9.2teta1ngcx3e5onlpkheve315a.bx.internal.cloudapp.net process 0
  in thorn Carpet, file /home/runner/work/tests/tests/master/configs/sim/build/Carpet/Comm.cc:103:
  ->[0m Synchronising group "GRHYDRO::BCONS" in local mode
[1mWARNING level 2 from host runnervmvrwv9.2teta1ngcx3e5onlpkheve315a.bx.internal.cloudapp.net process 0
  in thorn Carpet, file /home/runner/work/tests/tests/master/configs/sim/build/Carpet/Comm.cc:103:
  ->[0m Synchronising group "GRHYDRO::TAU" in local mode
[1mWARNING level 2 from host runnervmvrwv9.2teta1ngcx3e5onlpkheve315a.bx.internal.cloudapp.net process 0
  in thorn Carpet, file /home/runner/work/tests/tests/master/configs/sim/build/Carpet/Comm.cc:103:
  ->[0m Synchronising group "GRHYDRO::DENS" in local mode
[1mWARNING level 2 from host runnervmvrwv9.2teta1ngcx3e5onlpkheve315a.bx.internal.cloudapp.net process 0
  in thorn Carpet, file /home/runner/work/tests/tests/master/configs/sim/build/Carpet/Comm.cc:103:
  ->[0m Synchronising group "GRHYDRO::SCON" in local mode
[1mWARNING level 2 from host runnervmvrwv9.2teta1ngcx3e5onlpkheve315a.bx.internal.cloudapp.net process 0
  in thorn Carpet, file /home/runner/work/tests/tests/master/configs/sim/build/Carpet/Comm.cc:103:
  ->[0m Synchronising group "GRHYDRO::BCONS" in local mode
[1mWARNING level 2 from host runnervmvrwv9.2teta1ngcx3e5onlpkheve315a.bx.internal.cloudapp.net process 0
  in thorn Carpet, file /home/runner/work/tests/tests/master/configs/sim/build/Carpet/Comm.cc:103:
  ->[0m Synchronising group "GRHYDRO::TAU" in local mode
[1mWARNING level 2 from host runnervmvrwv9.2teta1ngcx3e5onlpkheve315a.bx.internal.cloudapp.net process 0
  in thorn Carpet, file /home/runner/work/tests/tests/master/configs/sim/build/Carpet/Comm.cc:103:
  ->[0m Synchronising group "GRHYDRO::DENS" in local mode
[1mWARNING level 2 from host runnervmvrwv9.2teta1ngcx3e5onlpkheve315a.bx.internal.cloudapp.net process 0
  in thorn Carpet, file /home/runner/work/tests/tests/master/configs/sim/build/Carpet/Comm.cc:103:
  ->[0m Synchronising group "GRHYDRO::SCON" in local mode
[1mWARNING level 2 from host runnervmvrwv9.2teta1ngcx3e5onlpkheve315a.bx.internal.cloudapp.net process 0
  in thorn Carpet, file /home/runner/work/tests/tests/master/configs/sim/build/Carpet/Comm.cc:103:
  ->[0m Synchronising group "GRHYDRO::BCONS" in local mode
[1mWARNING level 2 from host runnervmvrwv9.2teta1ngcx3e5onlpkheve315a.bx.internal.cloudapp.net process 0
  in thorn Carpet, file /home/runner/work/tests/tests/master/configs/sim/build/Carpet/Comm.cc:103:
  ->[0m Synchronising group "GRHYDRO::TAU" in local mode
[1mWARNING level 2 from host runnervmvrwv9.2teta1ngcx3e5onlpkheve315a.bx.internal.cloudapp.net process 0
  in thorn Carpet, file /home/runner/work/tests/tests/master/configs/sim/build/Carpet/Comm.cc:103:
  ->[0m Synchronising group "GRHYDRO::DENS" in local mode
[1mWARNING level 2 from host runnervmvrwv9.2teta1ngcx3e5onlpkheve315a.bx.internal.cloudapp.net process 0
  in thorn Carpet, file /home/runner/work/tests/tests/master/configs/sim/build/Carpet/Comm.cc:103:
  ->[0m Synchronising group "GRHYDRO::SCON" in local mode
[1mWARNING level 2 from host runnervmvrwv9.2teta1ngcx3e5onlpkheve315a.bx.internal.cloudapp.net process 0
  in thorn Carpet, file /home/runner/work/tests/tests/master/configs/sim/build/Carpet/Comm.cc:103:
  ->[0m Synchronising group "GRHYDRO::BCONS" in local mode
[1mWARNING level 2 from host runnervmvrwv9.2teta1ngcx3e5onlpkheve315a.bx.internal.cloudapp.net process 0
  in thorn Carpet, file /home/runner/work/tests/tests/master/configs/sim/build/Carpet/Comm.cc:103:
  ->[0m Synchronising group "GRHYDRO::TAU" in local mode
[1mWARNING level 2 from host runnervmvrwv9.2teta1ngcx3e5onlpkheve315a.bx.internal.cloudapp.net process 0
  in thorn Carpet, file /home/runner/work/tests/tests/master/configs/sim/build/Carpet/Comm.cc:103:
  ->[0m Synchronising group "GRHYDRO::DENS" in local mode
[1mWARNING level 2 from host runnervmvrwv9.2teta1ngcx3e5onlpkheve315a.bx.internal.cloudapp.net process 0
  in thorn Carpet, file /home/runner/work/tests/tests/master/configs/sim/build/Carpet/Comm.cc:103:
  ->[0m Synchronising group "GRHYDRO::SCON" in local mode
[1mWARNING level 2 from host runnervmvrwv9.2teta1ngcx3e5onlpkheve315a.bx.internal.cloudapp.net process 0
  in thorn Carpet, file /home/runner/work/tests/tests/master/configs/sim/build/Carpet/Comm.cc:103:
  ->[0m Synchronising group "GRHYDRO::BCONS" in local mode
[1mWARNING level 2 from host runnervmvrwv9.2teta1ngcx3e5onlpkheve315a.bx.internal.cloudapp.net process 0
  in thorn Carpet, file /home/runner/work/tests/tests/master/configs/sim/build/Carpet/Comm.cc:103:
  ->[0m Synchronising group "GRHYDRO::TAU" in local mode
[1mWARNING level 2 from host runnervmvrwv9.2teta1ngcx3e5onlpkheve315a.bx.internal.cloudapp.net process 0
  in thorn Carpet, file /home/runner/work/tests/tests/master/configs/sim/build/Carpet/Comm.cc:103:
  ->[0m Synchronising group "GRHYDRO::DENS" in local mode
[1mWARNING level 2 from host runnervmvrwv9.2teta1ngcx3e5onlpkheve315a.bx.internal.cloudapp.net process 0
  in thorn Carpet, file /home/runner/work/tests/tests/master/configs/sim/build/Carpet/Comm.cc:103:
  ->[0m Synchronising group "GRHYDRO::SCON" in local mode
[1mWARNING level 2 from host runnervmvrwv9.2teta1ngcx3e5onlpkheve315a.bx.internal.cloudapp.net process 0
  in thorn Carpet, file /home/runner/work/tests/tests/master/configs/sim/build/Carpet/Comm.cc:103:
  ->[0m Synchronising group "GRHYDRO::BCONS" in local mode
[1mWARNING level 2 from host runnervmvrwv9.2teta1ngcx3e5onlpkheve315a.bx.internal.cloudapp.net process 0
  in thorn Carpet, file /home/runner/work/tests/tests/master/configs/sim/build/Carpet/Comm.cc:103:
  ->[0m Synchronising group "GRHYDRO::TAU" in local mode
[1mWARNING level 2 from host runnervmvrwv9.2teta1ngcx3e5onlpkheve315a.bx.internal.cloudapp.net process 0
  in thorn Carpet, file /home/runner/work/tests/tests/master/configs/sim/build/Carpet/Comm.cc:103:
  ->[0m Synchronising group "GRHYDRO::DENS" in local mode
[1mWARNING level 2 from host runnervmvrwv9.2teta1ngcx3e5onlpkheve315a.bx.internal.cloudapp.net process 0
  in thorn Carpet, file /home/runner/work/tests/tests/master/configs/sim/build/Carpet/Comm.cc:103:
  ->[0m Synchronising group "GRHYDRO::SCON" in local mode
[1mWARNING level 2 from host runnervmvrwv9.2teta1ngcx3e5onlpkheve315a.bx.internal.cloudapp.net process 0
  in thorn Carpet, file /home/runner/work/tests/tests/master/configs/sim/build/Carpet/Comm.cc:103:
  ->[0m Synchronising group "GRHYDRO::BCONS" in local mode
[1mWARNING level 2 from host runnervmvrwv9.2teta1ngcx3e5onlpkheve315a.bx.internal.cloudapp.net process 0
  in thorn Carpet, file /home/runner/work/tests/tests/master/configs/sim/build/Carpet/Comm.cc:103:
  ->[0m Synchronising group "GRHYDRO::TAU" in local mode
[1mWARNING level 2 from host runnervmvrwv9.2teta1ngcx3e5onlpkheve315a.bx.internal.cloudapp.net process 0
  in thorn Carpet, file /home/runner/work/tests/tests/master/configs/sim/build/Carpet/Comm.cc:103:
  ->[0m Synchronising group "GRHYDRO::DENS" in local mode
[1mWARNING level 2 from host runnervmvrwv9.2teta1ngcx3e5onlpkheve315a.bx.internal.cloudapp.net process 0
  in thorn Carpet, file /home/runner/work/tests/tests/master/configs/sim/build/Carpet/Comm.cc:103:
  ->[0m Synchronising group "GRHYDRO::SCON" in local mode
[1mWARNING level 2 from host runnervmvrwv9.2teta1ngcx3e5onlpkheve315a.bx.internal.cloudapp.net process 0
  in thorn Carpet, file /home/runner/work/tests/tests/master/configs/sim/build/Carpet/Comm.cc:103:
  ->[0m Synchronising group "GRHYDRO::BCONS" in local mode
[1mWARNING level 2 from host runnervmvrwv9.2teta1ngcx3e5onlpkheve315a.bx.internal.cloudapp.net process 0
  in thorn Carpet, file /home/runner/work/tests/tests/master/configs/sim/build/Carpet/Comm.cc:103:
  ->[0m Synchronising group "GRHYDRO::TAU" in local mode
[1mWARNING level 2 from host runnervmvrwv9.2teta1ngcx3e5onlpkheve315a.bx.internal.cloudapp.net process 0
  in thorn Carpet, file /home/runner/work/tests/tests/master/configs/sim/build/Carpet/Comm.cc:103:
  ->[0m Synchronising group "GRHYDRO::DENS" in local mode
[1mWARNING level 2 from host runnervmvrwv9.2teta1ngcx3e5onlpkheve315a.bx.internal.cloudapp.net process 0
  in thorn Carpet, file /home/runner/work/tests/tests/master/configs/sim/build/Carpet/Comm.cc:103:
  ->[0m Synchronising group "GRHYDRO::SCON" in local mode
[1mWARNING level 2 from host runnervmvrwv9.2teta1ngcx3e5onlpkheve315a.bx.internal.cloudapp.net process 0
  in thorn Carpet, file /home/runner/work/tests/tests/master/configs/sim/build/Carpet/Comm.cc:103:
  ->[0m Synchronising group "GRHYDRO::BCONS" in local mode
[1mWARNING level 2 from host runnervmvrwv9.2teta1ngcx3e5onlpkheve315a.bx.internal.cloudapp.net process 0
  in thorn Carpet, file /home/runner/work/tests/tests/master/configs/sim/build/Carpet/Comm.cc:103:
  ->[0m Synchronising group "GRHYDRO::TAU" in local mode
[1mWARNING level 2 from host runnervmvrwv9.2teta1ngcx3e5onlpkheve315a.bx.internal.cloudapp.net process 0
  in thorn Carpet, file /home/runner/work/tests/tests/master/configs/sim/build/Carpet/Comm.cc:103:
  ->[0m Synchronising group "GRHYDRO::DENS" in local mode
[1mWARNING level 2 from host runnervmvrwv9.2teta1ngcx3e5onlpkheve315a.bx.internal.cloudapp.net process 0
  in thorn Carpet, file /home/runner/work/tests/tests/master/configs/sim/build/Carpet/Comm.cc:103:
  ->[0m Synchronising group "GRHYDRO::SCON" in local mode
[1mWARNING level 2 from host runnervmvrwv9.2teta1ngcx3e5onlpkheve315a.bx.internal.cloudapp.net process 0
  in thorn Carpet, file /home/runner/work/tests/tests/master/configs/sim/build/Carpet/Comm.cc:103:
  ->[0m Synchronising group "GRHYDRO::BCONS" in local mode
[1mWARNING level 2 from host runnervmvrwv9.2teta1ngcx3e5onlpkheve315a.bx.internal.cloudapp.net process 0
  in thorn Carpet, file /home/runner/work/tests/tests/master/configs/sim/build/Carpet/Comm.cc:103:
  ->[0m Synchronising group "GRHYDRO::TAU" in local mode
[1mWARNING level 2 from host runnervmvrwv9.2teta1ngcx3e5onlpkheve315a.bx.internal.cloudapp.net process 0
  in thorn Carpet, file /home/runner/work/tests/tests/master/configs/sim/build/Carpet/Comm.cc:103:
  ->[0m Synchronising group "GRHYDRO::DENS" in local mode
[1mWARNING level 2 from host runnervmvrwv9.2teta1ngcx3e5onlpkheve315a.bx.internal.cloudapp.net process 0
  in thorn Carpet, file /home/runner/work/tests/tests/master/configs/sim/build/Carpet/Comm.cc:103:
  ->[0m Synchronising group "GRHYDRO::SCON" in local mode
[1mWARNING level 2 from host runnervmvrwv9.2teta1ngcx3e5onlpkheve315a.bx.internal.cloudapp.net process 0
  in thorn Carpet, file /home/runner/work/tests/tests/master/configs/sim/build/Carpet/Comm.cc:103:
  ->[0m Synchronising group "GRHYDRO::BCONS" in local mode
[1mWARNING level 2 from host runnervmvrwv9.2teta1ngcx3e5onlpkheve315a.bx.internal.cloudapp.net process 0
  in thorn Carpet, file /home/runner/work/tests/tests/master/configs/sim/build/Carpet/Comm.cc:103:
  ->[0m Synchronising group "GRHYDRO::TAU" in local mode
[1mWARNING level 2 from host runnervmvrwv9.2teta1ngcx3e5onlpkheve315a.bx.internal.cloudapp.net process 0
  in thorn Carpet, file /home/runner/work/tests/tests/master/configs/sim/build/Carpet/Comm.cc:103:
  ->[0m Synchronising group "GRHYDRO::DENS" in local mode
[1mWARNING level 2 from host runnervmvrwv9.2teta1ngcx3e5onlpkheve315a.bx.internal.cloudapp.net process 0
  in thorn Carpet, file /home/runner/work/tests/tests/master/configs/sim/build/Carpet/Comm.cc:103:
  ->[0m Synchronising group "GRHYDRO::SCON" in local mode
[1mWARNING level 2 from host runnervmvrwv9.2teta1ngcx3e5onlpkheve315a.bx.internal.cloudapp.net process 0
  in thorn Carpet, file /home/runner/work/tests/tests/master/configs/sim/build/Carpet/Comm.cc:103:
  ->[0m Synchronising group "GRHYDRO::BCONS" in local mode
[1mWARNING level 2 from host runnervmvrwv9.2teta1ngcx3e5onlpkheve315a.bx.internal.cloudapp.net process 0
  in thorn Carpet, file /home/runner/work/tests/tests/master/configs/sim/build/Carpet/Comm.cc:103:
  ->[0m Synchronising group "GRHYDRO::TAU" in local mode
[1mWARNING level 2 from host runnervmvrwv9.2teta1ngcx3e5onlpkheve315a.bx.internal.cloudapp.net process 0
  in thorn Carpet, file /home/runner/work/tests/tests/master/configs/sim/build/Carpet/Comm.cc:103:
  ->[0m Synchronising group "GRHYDRO::DENS" in local mode
[1mWARNING level 2 from host runnervmvrwv9.2teta1ngcx3e5onlpkheve315a.bx.internal.cloudapp.net process 0
  in thorn Carpet, file /home/runner/work/tests/tests/master/configs/sim/build/Carpet/Comm.cc:103:
  ->[0m Synchronising group "GRHYDRO::SCON" in local mode
[1mWARNING level 2 from host runnervmvrwv9.2teta1ngcx3e5onlpkheve315a.bx.internal.cloudapp.net process 0
  in thorn Carpet, file /home/runner/work/tests/tests/master/configs/sim/build/Carpet/Comm.cc:103:
  ->[0m Synchronising group "GRHYDRO::BCONS" in local mode
[1mWARNING level 2 from host runnervmvrwv9.2teta1ngcx3e5onlpkheve315a.bx.internal.cloudapp.net process 0
  in thorn Carpet, file /home/runner/work/tests/tests/master/configs/sim/build/Carpet/Comm.cc:103:
  ->[0m Synchronising group "GRHYDRO::TAU" in local mode
[1mWARNING level 2 from host runnervmvrwv9.2teta1ngcx3e5onlpkheve315a.bx.internal.cloudapp.net process 0
  in thorn Carpet, file /home/runner/work/tests/tests/master/configs/sim/build/Carpet/Comm.cc:103:
  ->[0m Synchronising group "GRHYDRO::DENS" in local mode
[1mWARNING level 2 from host runnervmvrwv9.2teta1ngcx3e5onlpkheve315a.bx.internal.cloudapp.net process 0
  in thorn Carpet, file /home/runner/work/tests/tests/master/configs/sim/build/Carpet/Comm.cc:103:
  ->[0m Synchronising group "GRHYDRO::SCON" in local mode
[1mWARNING level 2 from host runnervmvrwv9.2teta1ngcx3e5onlpkheve315a.bx.internal.cloudapp.net process 0
  in thorn Carpet, file /home/runner/work/tests/tests/master/configs/sim/build/Carpet/Comm.cc:103:
  ->[0m Synchronising group "GRHYDRO::BCONS" in local mode
        8     0.003 |  117.0600009 |    3.9631856 |    1.1620111 |    1.2046774 |        64
[1mWARNING level 2 from host runnervmvrwv9.2teta1ngcx3e5onlpkheve315a.bx.internal.cloudapp.net process 0
  in thorn Carpet, file /home/runner/work/tests/tests/master/configs/sim/build/Carpet/Comm.cc:103:
  ->[0m Synchronising group "GRHYDRO::TAU" in local mode
[1mWARNING level 2 from host runnervmvrwv9.2teta1ngcx3e5onlpkheve315a.bx.internal.cloudapp.net process 0
  in thorn Carpet, file /home/runner/work/tests/tests/master/configs/sim/build/Carpet/Comm.cc:103:
  ->[0m Synchronising group "GRHYDRO::DENS" in local mode
[1mWARNING level 2 from host runnervmvrwv9.2teta1ngcx3e5onlpkheve315a.bx.internal.cloudapp.net process 0
  in thorn Carpet, file /home/runner/work/tests/tests/master/configs/sim/build/Carpet/Comm.cc:103:
  ->[0m Synchronising group "GRHYDRO::SCON" in local mode
[1mWARNING level 2 from host runnervmvrwv9.2teta1ngcx3e5onlpkheve315a.bx.internal.cloudapp.net process 0
  in thorn Carpet, file /home/runner/work/tests/tests/master/configs/sim/build/Carpet/Comm.cc:103:
  ->[0m Synchronising group "GRHYDRO::BCONS" in local mode
[1mWARNING level 2 from host runnervmvrwv9.2teta1ngcx3e5onlpkheve315a.bx.internal.cloudapp.net process 0
  in thorn Carpet, file /home/runner/work/tests/tests/master/configs/sim/build/Carpet/Comm.cc:103:
  ->[0m Synchronising group "GRHYDRO::TAU" in local mode
[1mWARNING level 2 from host runnervmvrwv9.2teta1ngcx3e5onlpkheve315a.bx.internal.cloudapp.net process 0
  in thorn Carpet, file /home/runner/work/tests/tests/master/configs/sim/build/Carpet/Comm.cc:103:
  ->[0m Synchronising group "GRHYDRO::DENS" in local mode
[1mWARNING level 2 from host runnervmvrwv9.2teta1ngcx3e5onlpkheve315a.bx.internal.cloudapp.net process 0
  in thorn Carpet, file /home/runner/work/tests/tests/master/configs/sim/build/Carpet/Comm.cc:103:
  ->[0m Synchronising group "GRHYDRO::SCON" in local mode
[1mWARNING level 2 from host runnervmvrwv9.2teta1ngcx3e5onlpkheve315a.bx.internal.cloudapp.net process 0
  in thorn Carpet, file /home/runner/work/tests/tests/master/configs/sim/build/Carpet/Comm.cc:103:
  ->[0m Synchronising group "GRHYDRO::BCONS" in local mode
[1mWARNING level 2 from host runnervmvrwv9.2teta1ngcx3e5onlpkheve315a.bx.internal.cloudapp.net process 0
  in thorn Carpet, file /home/runner/work/tests/tests/master/configs/sim/build/Carpet/Comm.cc:103:
  ->[0m Synchronising group "GRHYDRO::TAU" in local mode
[1mWARNING level 2 from host runnervmvrwv9.2teta1ngcx3e5onlpkheve315a.bx.internal.cloudapp.net process 0
  in thorn Carpet, file /home/runner/work/tests/tests/master/configs/sim/build/Carpet/Comm.cc:103:
  ->[0m Synchronising group "GRHYDRO::DENS" in local mode
[1mWARNING level 2 from host runnervmvrwv9.2teta1ngcx3e5onlpkheve315a.bx.internal.cloudapp.net process 0
  in thorn Carpet, file /home/runner/work/tests/tests/master/configs/sim/build/Carpet/Comm.cc:103:
  ->[0m Synchronising group "GRHYDRO::SCON" in local mode
[1mWARNING level 2 from host runnervmvrwv9.2teta1ngcx3e5onlpkheve315a.bx.internal.cloudapp.net process 0
  in thorn Carpet, file /home/runner/work/tests/tests/master/configs/sim/build/Carpet/Comm.cc:103:
  ->[0m Synchronising group "GRHYDRO::BCONS" in local mode
[1mWARNING level 2 from host runnervmvrwv9.2teta1ngcx3e5onlpkheve315a.bx.internal.cloudapp.net process 0
  in thorn Carpet, file /home/runner/work/tests/tests/master/configs/sim/build/Carpet/Comm.cc:103:
  ->[0m Synchronising group "GRHYDRO::TAU" in local mode
[1mWARNING level 2 from host runnervmvrwv9.2teta1ngcx3e5onlpkheve315a.bx.internal.cloudapp.net process 0
  in thorn Carpet, file /home/runner/work/tests/tests/master/configs/sim/build/Carpet/Comm.cc:103:
  ->[0m Synchronising group "GRHYDRO::DENS" in local mode
[1mWARNING level 2 from host runnervmvrwv9.2teta1ngcx3e5onlpkheve315a.bx.internal.cloudapp.net process 0
  in thorn Carpet, file /home/runner/work/tests/tests/master/configs/sim/build/Carpet/Comm.cc:103:
  ->[0m Synchronising group "GRHYDRO::SCON" in local mode
[1mWARNING level 2 from host runnervmvrwv9.2teta1ngcx3e5onlpkheve315a.bx.internal.cloudapp.net process 0
  in thorn Carpet, file /home/runner/work/tests/tests/master/configs/sim/build/Carpet/Comm.cc:103:
  ->[0m Synchronising group "GRHYDRO::BCONS" in local mode
[1mWARNING level 2 from host runnervmvrwv9.2teta1ngcx3e5onlpkheve315a.bx.internal.cloudapp.net process 0
  in thorn Carpet, file /home/runner/work/tests/tests/master/configs/sim/build/Carpet/Comm.cc:103:
  ->[0m Synchronising group "GRHYDRO::TAU" in local mode
[1mWARNING level 2 from host runnervmvrwv9.2teta1ngcx3e5onlpkheve315a.bx.internal.cloudapp.net process 0
  in thorn Carpet, file /home/runner/work/tests/tests/master/configs/sim/build/Carpet/Comm.cc:103:
  ->[0m Synchronising group "GRHYDRO::DENS" in local mode
[1mWARNING level 2 from host runnervmvrwv9.2teta1ngcx3e5onlpkheve315a.bx.internal.cloudapp.net process 0
  in thorn Carpet, file /home/runner/work/tests/tests/master/configs/sim/build/Carpet/Comm.cc:103:
  ->[0m Synchronising group "GRHYDRO::SCON" in local mode
[1mWARNING level 2 from host runnervmvrwv9.2teta1ngcx3e5onlpkheve315a.bx.internal.cloudapp.net process 0
  in thorn Carpet, file /home/runner/work/tests/tests/master/configs/sim/build/Carpet/Comm.cc:103:
  ->[0m Synchronising group "GRHYDRO::BCONS" in local mode
[1mWARNING level 2 from host runnervmvrwv9.2teta1ngcx3e5onlpkheve315a.bx.internal.cloudapp.net process 0
  in thorn Carpet, file /home/runner/work/tests/tests/master/configs/sim/build/Carpet/Comm.cc:103:
  ->[0m Synchronising group "GRHYDRO::TAU" in local mode
[1mWARNING level 2 from host runnervmvrwv9.2teta1ngcx3e5onlpkheve315a.bx.internal.cloudapp.net process 0
  in thorn Carpet, file /home/runner/work/tests/tests/master/configs/sim/build/Carpet/Comm.cc:103:
  ->[0m Synchronising group "GRHYDRO::DENS" in local mode
[1mWARNING level 2 from host runnervmvrwv9.2teta1ngcx3e5onlpkheve315a.bx.internal.cloudapp.net process 0
  in thorn Carpet, file /home/runner/work/tests/tests/master/configs/sim/build/Carpet/Comm.cc:103:
  ->[0m Synchronising group "GRHYDRO::SCON" in local mode
[1mWARNING level 2 from host runnervmvrwv9.2teta1ngcx3e5onlpkheve315a.bx.internal.cloudapp.net process 0
  in thorn Carpet, file /home/runner/work/tests/tests/master/configs/sim/build/Carpet/Comm.cc:103:
  ->[0m Synchronising group "GRHYDRO::BCONS" in local mode
[1mWARNING level 2 from host runnervmvrwv9.2teta1ngcx3e5onlpkheve315a.bx.internal.cloudapp.net process 0
  in thorn Carpet, file /home/runner/work/tests/tests/master/configs/sim/build/Carpet/Comm.cc:103:
  ->[0m Synchronising group "GRHYDRO::TAU" in local mode
[1mWARNING level 2 from host runnervmvrwv9.2teta1ngcx3e5onlpkheve315a.bx.internal.cloudapp.net process 0
  in thorn Carpet, file /home/runner/work/tests/tests/master/configs/sim/build/Carpet/Comm.cc:103:
  ->[0m Synchronising group "GRHYDRO::DENS" in local mode
[1mWARNING level 2 from host runnervmvrwv9.2teta1ngcx3e5onlpkheve315a.bx.internal.cloudapp.net process 0
  in thorn Carpet, file /home/runner/work/tests/tests/master/configs/sim/build/Carpet/Comm.cc:103:
  ->[0m Synchronising group "GRHYDRO::SCON" in local mode
[1mWARNING level 2 from host runnervmvrwv9.2teta1ngcx3e5onlpkheve315a.bx.internal.cloudapp.net process 0
  in thorn Carpet, file /home/runner/work/tests/tests/master/configs/sim/build/Carpet/Comm.cc:103:
  ->[0m Synchronising group "GRHYDRO::BCONS" in local mode
[1mWARNING level 2 from host runnervmvrwv9.2teta1ngcx3e5onlpkheve315a.bx.internal.cloudapp.net process 0
  in thorn Carpet, file /home/runner/work/tests/tests/master/configs/sim/build/Carpet/Comm.cc:103:
  ->[0m Synchronising group "GRHYDRO::TAU" in local mode
[1mWARNING level 2 from host runnervmvrwv9.2teta1ngcx3e5onlpkheve315a.bx.internal.cloudapp.net process 0
  in thorn Carpet, file /home/runner/work/tests/tests/master/configs/sim/build/Carpet/Comm.cc:103:
  ->[0m Synchronising group "GRHYDRO::DENS" in local mode
[1mWARNING level 2 from host runnervmvrwv9.2teta1ngcx3e5onlpkheve315a.bx.internal.cloudapp.net process 0
  in thorn Carpet, file /home/runner/work/tests/tests/master/configs/sim/build/Carpet/Comm.cc:103:
  ->[0m Synchronising group "GRHYDRO::SCON" in local mode
[1mWARNING level 2 from host runnervmvrwv9.2teta1ngcx3e5onlpkheve315a.bx.internal.cloudapp.net process 0
  in thorn Carpet, file /home/runner/work/tests/tests/master/configs/sim/build/Carpet/Comm.cc:103:
  ->[0m Synchronising group "GRHYDRO::BCONS" in local mode
[1mWARNING level 2 from host runnervmvrwv9.2teta1ngcx3e5onlpkheve315a.bx.internal.cloudapp.net process 0
  in thorn Carpet, file /home/runner/work/tests/tests/master/configs/sim/build/Carpet/Comm.cc:103:
  ->[0m Synchronising group "GRHYDRO::TAU" in local mode
[1mWARNING level 2 from host runnervmvrwv9.2teta1ngcx3e5onlpkheve315a.bx.internal.cloudapp.net process 0
  in thorn Carpet, file /home/runner/work/tests/tests/master/configs/sim/build/Carpet/Comm.cc:103:
  ->[0m Synchronising group "GRHYDRO::DENS" in local mode
[1mWARNING level 2 from host runnervmvrwv9.2teta1ngcx3e5onlpkheve315a.bx.internal.cloudapp.net process 0
  in thorn Carpet, file /home/runner/work/tests/tests/master/configs/sim/build/Carpet/Comm.cc:103:
  ->[0m Synchronising group "GRHYDRO::SCON" in local mode
[1mWARNING level 2 from host runnervmvrwv9.2teta1ngcx3e5onlpkheve315a.bx.internal.cloudapp.net process 0
  in thorn Carpet, file /home/runner/work/tests/tests/master/configs/sim/build/Carpet/Comm.cc:103:
  ->[0m Synchronising group "GRHYDRO::BCONS" in local mode
[1mWARNING level 2 from host runnervmvrwv9.2teta1ngcx3e5onlpkheve315a.bx.internal.cloudapp.net process 0
  in thorn Carpet, file /home/runner/work/tests/tests/master/configs/sim/build/Carpet/Comm.cc:103:
  ->[0m Synchronising group "GRHYDRO::TAU" in local mode
[1mWARNING level 2 from host runnervmvrwv9.2teta1ngcx3e5onlpkheve315a.bx.internal.cloudapp.net process 0
  in thorn Carpet, file /home/runner/work/tests/tests/master/configs/sim/build/Carpet/Comm.cc:103:
  ->[0m Synchronising group "GRHYDRO::DENS" in local mode
[1mWARNING level 2 from host runnervmvrwv9.2teta1ngcx3e5onlpkheve315a.bx.internal.cloudapp.net process 0
  in thorn Carpet, file /home/runner/work/tests/tests/master/configs/sim/build/Carpet/Comm.cc:103:
  ->[0m Synchronising group "GRHYDRO::SCON" in local mode
[1mWARNING level 2 from host runnervmvrwv9.2teta1ngcx3e5onlpkheve315a.bx.internal.cloudapp.net process 0
  in thorn Carpet, file /home/runner/work/tests/tests/master/configs/sim/build/Carpet/Comm.cc:103:
  ->[0m Synchronising group "GRHYDRO::BCONS" in local mode
[1mWARNING level 2 from host runnervmvrwv9.2teta1ngcx3e5onlpkheve315a.bx.internal.cloudapp.net process 0
  in thorn Carpet, file /home/runner/work/tests/tests/master/configs/sim/build/Carpet/Comm.cc:103:
  ->[0m Synchronising group "GRHYDRO::TAU" in local mode
[1mWARNING level 2 from host runnervmvrwv9.2teta1ngcx3e5onlpkheve315a.bx.internal.cloudapp.net process 0
  in thorn Carpet, file /home/runner/work/tests/tests/master/configs/sim/build/Carpet/Comm.cc:103:
  ->[0m Synchronising group "GRHYDRO::DENS" in local mode
[1mWARNING level 2 from host runnervmvrwv9.2teta1ngcx3e5onlpkheve315a.bx.internal.cloudapp.net process 0
  in thorn Carpet, file /home/runner/work/tests/tests/master/configs/sim/build/Carpet/Comm.cc:103:
  ->[0m Synchronising group "GRHYDRO::SCON" in local mode
[1mWARNING level 2 from host runnervmvrwv9.2teta1ngcx3e5onlpkheve315a.bx.internal.cloudapp.net process 0
  in thorn Carpet, file /home/runner/work/tests/tests/master/configs/sim/build/Carpet/Comm.cc:103:
  ->[0m Synchronising group "GRHYDRO::BCONS" in local mode
[1mWARNING level 2 from host runnervmvrwv9.2teta1ngcx3e5onlpkheve315a.bx.internal.cloudapp.net process 0
  in thorn Carpet, file /home/runner/work/tests/tests/master/configs/sim/build/Carpet/Comm.cc:103:
  ->[0m Synchronising group "GRHYDRO::TAU" in local mode
[1mWARNING level 2 from host runnervmvrwv9.2teta1ngcx3e5onlpkheve315a.bx.internal.cloudapp.net process 0
  in thorn Carpet, file /home/runner/work/tests/tests/master/configs/sim/build/Carpet/Comm.cc:103:
  ->[0m Synchronising group "GRHYDRO::DENS" in local mode
[1mWARNING level 2 from host runnervmvrwv9.2teta1ngcx3e5onlpkheve315a.bx.internal.cloudapp.net process 0
  in thorn Carpet, file /home/runner/work/tests/tests/master/configs/sim/build/Carpet/Comm.cc:103:
  ->[0m Synchronising group "GRHYDRO::SCON" in local mode
[1mWARNING level 2 from host runnervmvrwv9.2teta1ngcx3e5onlpkheve315a.bx.internal.cloudapp.net process 0
  in thorn Carpet, file /home/runner/work/tests/tests/master/configs/sim/build/Carpet/Comm.cc:103:
  ->[0m Synchronising group "GRHYDRO::BCONS" in local mode
[1mWARNING level 2 from host runnervmvrwv9.2teta1ngcx3e5onlpkheve315a.bx.internal.cloudapp.net process 0
  in thorn Carpet, file /home/runner/work/tests/tests/master/configs/sim/build/Carpet/Comm.cc:103:
  ->[0m Synchronising group "GRHYDRO::TAU" in local mode
[1mWARNING level 2 from host runnervmvrwv9.2teta1ngcx3e5onlpkheve315a.bx.internal.cloudapp.net process 0
  in thorn Carpet, file /home/runner/work/tests/tests/master/configs/sim/build/Carpet/Comm.cc:103:
  ->[0m Synchronising group "GRHYDRO::DENS" in local mode
[1mWARNING level 2 from host runnervmvrwv9.2teta1ngcx3e5onlpkheve315a.bx.internal.cloudapp.net process 0
  in thorn Carpet, file /home/runner/work/tests/tests/master/configs/sim/build/Carpet/Comm.cc:103:
  ->[0m Synchronising group "GRHYDRO::SCON" in local mode
[1mWARNING level 2 from host runnervmvrwv9.2teta1ngcx3e5onlpkheve315a.bx.internal.cloudapp.net process 0
  in thorn Carpet, file /home/runner/work/tests/tests/master/configs/sim/build/Carpet/Comm.cc:103:
  ->[0m Synchronising group "GRHYDRO::BCONS" in local mode
[1mWARNING level 2 from host runnervmvrwv9.2teta1ngcx3e5onlpkheve315a.bx.internal.cloudapp.net process 0
  in thorn Carpet, file /home/runner/work/tests/tests/master/configs/sim/build/Carpet/Comm.cc:103:
  ->[0m Synchronising group "GRHYDRO::TAU" in local mode
[1mWARNING level 2 from host runnervmvrwv9.2teta1ngcx3e5onlpkheve315a.bx.internal.cloudapp.net process 0
  in thorn Carpet, file /home/runner/work/tests/tests/master/configs/sim/build/Carpet/Comm.cc:103:
  ->[0m Synchronising group "GRHYDRO::DENS" in local mode
[1mWARNING level 2 from host runnervmvrwv9.2teta1ngcx3e5onlpkheve315a.bx.internal.cloudapp.net process 0
  in thorn Carpet, file /home/runner/work/tests/tests/master/configs/sim/build/Carpet/Comm.cc:103:
  ->[0m Synchronising group "GRHYDRO::SCON" in local mode
[1mWARNING level 2 from host runnervmvrwv9.2teta1ngcx3e5onlpkheve315a.bx.internal.cloudapp.net process 0
  in thorn Carpet, file /home/runner/work/tests/tests/master/configs/sim/build/Carpet/Comm.cc:103:
  ->[0m Synchronising group "GRHYDRO::BCONS" in local mode
        9     0.003 |  117.1760873 |    3.9763721 |    1.1704192 |    1.2317285 |        64
[1mWARNING level 2 from host runnervmvrwv9.2teta1ngcx3e5onlpkheve315a.bx.internal.cloudapp.net process 0
  in thorn Carpet, file /home/runner/work/tests/tests/master/configs/sim/build/Carpet/Comm.cc:103:
  ->[0m Synchronising group "GRHYDRO::TAU" in local mode
[1mWARNING level 2 from host runnervmvrwv9.2teta1ngcx3e5onlpkheve315a.bx.internal.cloudapp.net process 0
  in thorn Carpet, file /home/runner/work/tests/tests/master/configs/sim/build/Carpet/Comm.cc:103:
  ->[0m Synchronising group "GRHYDRO::DENS" in local mode
[1mWARNING level 2 from host runnervmvrwv9.2teta1ngcx3e5onlpkheve315a.bx.internal.cloudapp.net process 0
  in thorn Carpet, file /home/runner/work/tests/tests/master/configs/sim/build/Carpet/Comm.cc:103:
  ->[0m Synchronising group "GRHYDRO::SCON" in local mode
[1mWARNING level 2 from host runnervmvrwv9.2teta1ngcx3e5onlpkheve315a.bx.internal.cloudapp.net process 0
  in thorn Carpet, file /home/runner/work/tests/tests/master/configs/sim/build/Carpet/Comm.cc:103:
  ->[0m Synchronising group "GRHYDRO::BCONS" in local mode
[1mWARNING level 2 from host runnervmvrwv9.2teta1ngcx3e5onlpkheve315a.bx.internal.cloudapp.net process 0
  in thorn Carpet, file /home/runner/work/tests/tests/master/configs/sim/build/Carpet/Comm.cc:103:
  ->[0m Synchronising group "GRHYDRO::TAU" in local mode
[1mWARNING level 2 from host runnervmvrwv9.2teta1ngcx3e5onlpkheve315a.bx.internal.cloudapp.net process 0
  in thorn Carpet, file /home/runner/work/tests/tests/master/configs/sim/build/Carpet/Comm.cc:103:
  ->[0m Synchronising group "GRHYDRO::DENS" in local mode
[1mWARNING level 2 from host runnervmvrwv9.2teta1ngcx3e5onlpkheve315a.bx.internal.cloudapp.net process 0
  in thorn Carpet, file /home/runner/work/tests/tests/master/configs/sim/build/Carpet/Comm.cc:103:
  ->[0m Synchronising group "GRHYDRO::SCON" in local mode
[1mWARNING level 2 from host runnervmvrwv9.2teta1ngcx3e5onlpkheve315a.bx.internal.cloudapp.net process 0
  in thorn Carpet, file /home/runner/work/tests/tests/master/configs/sim/build/Carpet/Comm.cc:103:
  ->[0m Synchronising group "GRHYDRO::BCONS" in local mode
[1mWARNING level 2 from host runnervmvrwv9.2teta1ngcx3e5onlpkheve315a.bx.internal.cloudapp.net process 0
  in thorn Carpet, file /home/runner/work/tests/tests/master/configs/sim/build/Carpet/Comm.cc:103:
  ->[0m Synchronising group "GRHYDRO::TAU" in local mode
[1mWARNING level 2 from host runnervmvrwv9.2teta1ngcx3e5onlpkheve315a.bx.internal.cloudapp.net process 0
  in thorn Carpet, file /home/runner/work/tests/tests/master/configs/sim/build/Carpet/Comm.cc:103:
  ->[0m Synchronising group "GRHYDRO::DENS" in local mode
[1mWARNING level 2 from host runnervmvrwv9.2teta1ngcx3e5onlpkheve315a.bx.internal.cloudapp.net process 0
  in thorn Carpet, file /home/runner/work/tests/tests/master/configs/sim/build/Carpet/Comm.cc:103:
  ->[0m Synchronising group "GRHYDRO::SCON" in local mode
[1mWARNING level 2 from host runnervmvrwv9.2teta1ngcx3e5onlpkheve315a.bx.internal.cloudapp.net process 0
  in thorn Carpet, file /home/runner/work/tests/tests/master/configs/sim/build/Carpet/Comm.cc:103:
  ->[0m Synchronising group "GRHYDRO::BCONS" in local mode
[1mWARNING level 2 from host runnervmvrwv9.2teta1ngcx3e5onlpkheve315a.bx.internal.cloudapp.net process 0
  in thorn Carpet, file /home/runner/work/tests/tests/master/configs/sim/build/Carpet/Comm.cc:103:
  ->[0m Synchronising group "GRHYDRO::TAU" in local mode
[1mWARNING level 2 from host runnervmvrwv9.2teta1ngcx3e5onlpkheve315a.bx.internal.cloudapp.net process 0
  in thorn Carpet, file /home/runner/work/tests/tests/master/configs/sim/build/Carpet/Comm.cc:103:
  ->[0m Synchronising group "GRHYDRO::DENS" in local mode
[1mWARNING level 2 from host runnervmvrwv9.2teta1ngcx3e5onlpkheve315a.bx.internal.cloudapp.net process 0
  in thorn Carpet, file /home/runner/work/tests/tests/master/configs/sim/build/Carpet/Comm.cc:103:
  ->[0m Synchronising group "GRHYDRO::SCON" in local mode
[1mWARNING level 2 from host runnervmvrwv9.2teta1ngcx3e5onlpkheve315a.bx.internal.cloudapp.net process 0
  in thorn Carpet, file /home/runner/work/tests/tests/master/configs/sim/build/Carpet/Comm.cc:103:
  ->[0m Synchronising group "GRHYDRO::BCONS" in local mode
[1mWARNING level 2 from host runnervmvrwv9.2teta1ngcx3e5onlpkheve315a.bx.internal.cloudapp.net process 0
  in thorn Carpet, file /home/runner/work/tests/tests/master/configs/sim/build/Carpet/Comm.cc:103:
  ->[0m Synchronising group "GRHYDRO::TAU" in local mode
[1mWARNING level 2 from host runnervmvrwv9.2teta1ngcx3e5onlpkheve315a.bx.internal.cloudapp.net process 0
  in thorn Carpet, file /home/runner/work/tests/tests/master/configs/sim/build/Carpet/Comm.cc:103:
  ->[0m Synchronising group "GRHYDRO::DENS" in local mode
[1mWARNING level 2 from host runnervmvrwv9.2teta1ngcx3e5onlpkheve315a.bx.internal.cloudapp.net process 0
  in thorn Carpet, file /home/runner/work/tests/tests/master/configs/sim/build/Carpet/Comm.cc:103:
  ->[0m Synchronising group "GRHYDRO::SCON" in local mode
[1mWARNING level 2 from host runnervmvrwv9.2teta1ngcx3e5onlpkheve315a.bx.internal.cloudapp.net process 0
  in thorn Carpet, file /home/runner/work/tests/tests/master/configs/sim/build/Carpet/Comm.cc:103:
  ->[0m Synchronising group "GRHYDRO::BCONS" in local mode
[1mWARNING level 2 from host runnervmvrwv9.2teta1ngcx3e5onlpkheve315a.bx.internal.cloudapp.net process 0
  in thorn Carpet, file /home/runner/work/tests/tests/master/configs/sim/build/Carpet/Comm.cc:103:
  ->[0m Synchronising group "GRHYDRO::TAU" in local mode
[1mWARNING level 2 from host runnervmvrwv9.2teta1ngcx3e5onlpkheve315a.bx.internal.cloudapp.net process 0
  in thorn Carpet, file /home/runner/work/tests/tests/master/configs/sim/build/Carpet/Comm.cc:103:
  ->[0m Synchronising group "GRHYDRO::DENS" in local mode
[1mWARNING level 2 from host runnervmvrwv9.2teta1ngcx3e5onlpkheve315a.bx.internal.cloudapp.net process 0
  in thorn Carpet, file /home/runner/work/tests/tests/master/configs/sim/build/Carpet/Comm.cc:103:
  ->[0m Synchronising group "GRHYDRO::SCON" in local mode
[1mWARNING level 2 from host runnervmvrwv9.2teta1ngcx3e5onlpkheve315a.bx.internal.cloudapp.net process 0
  in thorn Carpet, file /home/runner/work/tests/tests/master/configs/sim/build/Carpet/Comm.cc:103:
  ->[0m Synchronising group "GRHYDRO::BCONS" in local mode
[1mWARNING level 2 from host runnervmvrwv9.2teta1ngcx3e5onlpkheve315a.bx.internal.cloudapp.net process 0
  in thorn Carpet, file /home/runner/work/tests/tests/master/configs/sim/build/Carpet/Comm.cc:103:
  ->[0m Synchronising group "GRHYDRO::TAU" in local mode
[1mWARNING level 2 from host runnervmvrwv9.2teta1ngcx3e5onlpkheve315a.bx.internal.cloudapp.net process 0
  in thorn Carpet, file /home/runner/work/tests/tests/master/configs/sim/build/Carpet/Comm.cc:103:
  ->[0m Synchronising group "GRHYDRO::DENS" in local mode
[1mWARNING level 2 from host runnervmvrwv9.2teta1ngcx3e5onlpkheve315a.bx.internal.cloudapp.net process 0
  in thorn Carpet, file /home/runner/work/tests/tests/master/configs/sim/build/Carpet/Comm.cc:103:
  ->[0m Synchronising group "GRHYDRO::SCON" in local mode
[1mWARNING level 2 from host runnervmvrwv9.2teta1ngcx3e5onlpkheve315a.bx.internal.cloudapp.net process 0
  in thorn Carpet, file /home/runner/work/tests/tests/master/configs/sim/build/Carpet/Comm.cc:103:
  ->[0m Synchronising group "GRHYDRO::BCONS" in local mode
[1mWARNING level 2 from host runnervmvrwv9.2teta1ngcx3e5onlpkheve315a.bx.internal.cloudapp.net process 0
  in thorn Carpet, file /home/runner/work/tests/tests/master/configs/sim/build/Carpet/Comm.cc:103:
  ->[0m Synchronising group "GRHYDRO::TAU" in local mode
[1mWARNING level 2 from host runnervmvrwv9.2teta1ngcx3e5onlpkheve315a.bx.internal.cloudapp.net process 0
  in thorn Carpet, file /home/runner/work/tests/tests/master/configs/sim/build/Carpet/Comm.cc:103:
  ->[0m Synchronising group "GRHYDRO::DENS" in local mode
[1mWARNING level 2 from host runnervmvrwv9.2teta1ngcx3e5onlpkheve315a.bx.internal.cloudapp.net process 0
  in thorn Carpet, file /home/runner/work/tests/tests/master/configs/sim/build/Carpet/Comm.cc:103:
  ->[0m Synchronising group "GRHYDRO::SCON" in local mode
[1mWARNING level 2 from host runnervmvrwv9.2teta1ngcx3e5onlpkheve315a.bx.internal.cloudapp.net process 0
  in thorn Carpet, file /home/runner/work/tests/tests/master/configs/sim/build/Carpet/Comm.cc:103:
  ->[0m Synchronising group "GRHYDRO::BCONS" in local mode
[1mWARNING level 2 from host runnervmvrwv9.2teta1ngcx3e5onlpkheve315a.bx.internal.cloudapp.net process 0
  in thorn Carpet, file /home/runner/work/tests/tests/master/configs/sim/build/Carpet/Comm.cc:103:
  ->[0m Synchronising group "GRHYDRO::TAU" in local mode
[1mWARNING level 2 from host runnervmvrwv9.2teta1ngcx3e5onlpkheve315a.bx.internal.cloudapp.net process 0
  in thorn Carpet, file /home/runner/work/tests/tests/master/configs/sim/build/Carpet/Comm.cc:103:
  ->[0m Synchronising group "GRHYDRO::DENS" in local mode
[1mWARNING level 2 from host runnervmvrwv9.2teta1ngcx3e5onlpkheve315a.bx.internal.cloudapp.net process 0
  in thorn Carpet, file /home/runner/work/tests/tests/master/configs/sim/build/Carpet/Comm.cc:103:
  ->[0m Synchronising group "GRHYDRO::SCON" in local mode
[1mWARNING level 2 from host runnervmvrwv9.2teta1ngcx3e5onlpkheve315a.bx.internal.cloudapp.net process 0
  in thorn Carpet, file /home/runner/work/tests/tests/master/configs/sim/build/Carpet/Comm.cc:103:
  ->[0m Synchronising group "GRHYDRO::BCONS" in local mode
[1mWARNING level 2 from host runnervmvrwv9.2teta1ngcx3e5onlpkheve315a.bx.internal.cloudapp.net process 0
  in thorn Carpet, file /home/runner/work/tests/tests/master/configs/sim/build/Carpet/Comm.cc:103:
  ->[0m Synchronising group "GRHYDRO::TAU" in local mode
[1mWARNING level 2 from host runnervmvrwv9.2teta1ngcx3e5onlpkheve315a.bx.internal.cloudapp.net process 0
  in thorn Carpet, file /home/runner/work/tests/tests/master/configs/sim/build/Carpet/Comm.cc:103:
  ->[0m Synchronising group "GRHYDRO::DENS" in local mode
[1mWARNING level 2 from host runnervmvrwv9.2teta1ngcx3e5onlpkheve315a.bx.internal.cloudapp.net process 0
  in thorn Carpet, file /home/runner/work/tests/tests/master/configs/sim/build/Carpet/Comm.cc:103:
  ->[0m Synchronising group "GRHYDRO::SCON" in local mode
[1mWARNING level 2 from host runnervmvrwv9.2teta1ngcx3e5onlpkheve315a.bx.internal.cloudapp.net process 0
  in thorn Carpet, file /home/runner/work/tests/tests/master/configs/sim/build/Carpet/Comm.cc:103:
  ->[0m Synchronising group "GRHYDRO::BCONS" in local mode
[1mWARNING level 2 from host runnervmvrwv9.2teta1ngcx3e5onlpkheve315a.bx.internal.cloudapp.net process 0
  in thorn Carpet, file /home/runner/work/tests/tests/master/configs/sim/build/Carpet/Comm.cc:103:
  ->[0m Synchronising group "GRHYDRO::TAU" in local mode
[1mWARNING level 2 from host runnervmvrwv9.2teta1ngcx3e5onlpkheve315a.bx.internal.cloudapp.net process 0
  in thorn Carpet, file /home/runner/work/tests/tests/master/configs/sim/build/Carpet/Comm.cc:103:
  ->[0m Synchronising group "GRHYDRO::DENS" in local mode
[1mWARNING level 2 from host runnervmvrwv9.2teta1ngcx3e5onlpkheve315a.bx.internal.cloudapp.net process 0
  in thorn Carpet, file /home/runner/work/tests/tests/master/configs/sim/build/Carpet/Comm.cc:103:
  ->[0m Synchronising group "GRHYDRO::SCON" in local mode
[1mWARNING level 2 from host runnervmvrwv9.2teta1ngcx3e5onlpkheve315a.bx.internal.cloudapp.net process 0
  in thorn Carpet, file /home/runner/work/tests/tests/master/configs/sim/build/Carpet/Comm.cc:103:
  ->[0m Synchronising group "GRHYDRO::BCONS" in local mode
[1mWARNING level 2 from host runnervmvrwv9.2teta1ngcx3e5onlpkheve315a.bx.internal.cloudapp.net process 0
  in thorn Carpet, file /home/runner/work/tests/tests/master/configs/sim/build/Carpet/Comm.cc:103:
  ->[0m Synchronising group "GRHYDRO::TAU" in local mode
[1mWARNING level 2 from host runnervmvrwv9.2teta1ngcx3e5onlpkheve315a.bx.internal.cloudapp.net process 0
  in thorn Carpet, file /home/runner/work/tests/tests/master/configs/sim/build/Carpet/Comm.cc:103:
  ->[0m Synchronising group "GRHYDRO::DENS" in local mode
[1mWARNING level 2 from host runnervmvrwv9.2teta1ngcx3e5onlpkheve315a.bx.internal.cloudapp.net process 0
  in thorn Carpet, file /home/runner/work/tests/tests/master/configs/sim/build/Carpet/Comm.cc:103:
  ->[0m Synchronising group "GRHYDRO::SCON" in local mode
[1mWARNING level 2 from host runnervmvrwv9.2teta1ngcx3e5onlpkheve315a.bx.internal.cloudapp.net process 0
  in thorn Carpet, file /home/runner/work/tests/tests/master/configs/sim/build/Carpet/Comm.cc:103:
  ->[0m Synchronising group "GRHYDRO::BCONS" in local mode
[1mWARNING level 2 from host runnervmvrwv9.2teta1ngcx3e5onlpkheve315a.bx.internal.cloudapp.net process 0
  in thorn Carpet, file /home/runner/work/tests/tests/master/configs/sim/build/Carpet/Comm.cc:103:
  ->[0m Synchronising group "GRHYDRO::TAU" in local mode
[1mWARNING level 2 from host runnervmvrwv9.2teta1ngcx3e5onlpkheve315a.bx.internal.cloudapp.net process 0
  in thorn Carpet, file /home/runner/work/tests/tests/master/configs/sim/build/Carpet/Comm.cc:103:
  ->[0m Synchronising group "GRHYDRO::DENS" in local mode
[1mWARNING level 2 from host runnervmvrwv9.2teta1ngcx3e5onlpkheve315a.bx.internal.cloudapp.net process 0
  in thorn Carpet, file /home/runner/work/tests/tests/master/configs/sim/build/Carpet/Comm.cc:103:
  ->[0m Synchronising group "GRHYDRO::SCON" in local mode
[1mWARNING level 2 from host runnervmvrwv9.2teta1ngcx3e5onlpkheve315a.bx.internal.cloudapp.net process 0
  in thorn Carpet, file /home/runner/work/tests/tests/master/configs/sim/build/Carpet/Comm.cc:103:
  ->[0m Synchronising group "GRHYDRO::BCONS" in local mode
[1mWARNING level 2 from host runnervmvrwv9.2teta1ngcx3e5onlpkheve315a.bx.internal.cloudapp.net process 0
  in thorn Carpet, file /home/runner/work/tests/tests/master/configs/sim/build/Carpet/Comm.cc:103:
  ->[0m Synchronising group "GRHYDRO::TAU" in local mode
[1mWARNING level 2 from host runnervmvrwv9.2teta1ngcx3e5onlpkheve315a.bx.internal.cloudapp.net process 0
  in thorn Carpet, file /home/runner/work/tests/tests/master/configs/sim/build/Carpet/Comm.cc:103:
  ->[0m Synchronising group "GRHYDRO::DENS" in local mode
[1mWARNING level 2 from host runnervmvrwv9.2teta1ngcx3e5onlpkheve315a.bx.internal.cloudapp.net process 0
  in thorn Carpet, file /home/runner/work/tests/tests/master/configs/sim/build/Carpet/Comm.cc:103:
  ->[0m Synchronising group "GRHYDRO::SCON" in local mode
[1mWARNING level 2 from host runnervmvrwv9.2teta1ngcx3e5onlpkheve315a.bx.internal.cloudapp.net process 0
  in thorn Carpet, file /home/runner/work/tests/tests/master/configs/sim/build/Carpet/Comm.cc:103:
  ->[0m Synchronising group "GRHYDRO::BCONS" in local mode
       10     0.004 |  117.3740604 |    3.9890539 |    1.1785325 |    1.2579459 |        64
INFO (TimerReport): Timer Report before terminating at iteration 10 time 0.00353553
==================================================================================================================================================================================================
Thorn           | Scheduled routine in time bin           | gettimeofday [secs] | getrusage [secs] | cycle [secs] | cycle[avg] [secs] | cycle[sdv] [secs] | cycle[min] [secs] | cycle[max] [secs] 
==================================================================================================================================================================================================
Carpet          | Multi-model Startup routine             |          0.00024500 |       0.00022400 |   0.00000000 |        0.00000000 |        0.00000000 |        0.00000000 |        0.00000000 
CycleClock      | Set up CycleClock                       |          0.10003400 |       0.10000700 |   0.00000423 |        0.00000423 |        0.00000000 |        0.00000423 |        0.00000423 
LoopControl     | Set up LoopControl                      |          0.00000200 |       0.00000200 |   0.00000177 |        0.00000177 |        0.00000000 |        0.00000177 |        0.00000177 
Timers          | Prepare hierarchical timers             |          0.00001200 |       0.00001200 |   0.00001134 |        0.00001134 |        0.00000000 |        0.00001134 |        0.00001134 
Carpet          | Startup routine                         |          0.00000600 |       0.00000600 |   0.00000511 |        0.00000511 |        0.00000000 |        0.00000511 |        0.00000511 
IOUtil          | Startup routine                         |          0.00000300 |       0.00000300 |   0.00000336 |        0.00000336 |        0.00000000 |        0.00000336 |        0.00000336 
CarpetIOScalar  | Startup routine                         |          0.00001900 |       0.00001900 |   0.00001875 |        0.00001875 |        0.00000000 |        0.00001875 |        0.00001875 
CarpetInterp    | Startup routine                         |          0.00000200 |       0.00000200 |   0.00000171 |        0.00000171 |        0.00000000 |        0.00000171 |        0.00000171 
CarpetReduce    | Startup routine                         |          0.00003400 |       0.00003400 |   0.00003373 |        0.00003373 |        0.00000000 |        0.00003373 |        0.00003373 
CartGrid3D      | Register GH Extension for GridSymmetry  |          0.00000300 |       0.00000200 |   0.00000221 |        0.00000221 |        0.00000000 |        0.00000221 |        0.00000221 
CoordBase       | Register a GH extension to store the coo|          0.00000300 |       0.00000300 |   0.00000224 |        0.00000224 |        0.00000000 |        0.00000224 |        0.00000224 
AEILocalInterp  | register CCTK_InterpLocalUniform() inter|          0.00000400 |       0.00000400 |   0.00000410 |        0.00000410 |        0.00000000 |        0.00000410 |        0.00000410 
EOS_Omni        | Set up conversion factors and other fun |          0.00001900 |       0.00001900 |   0.00001923 |        0.00001923 |        0.00000000 |        0.00001923 |        0.00001923 
EOS_Polytrope   | Setup the polytropic EOS                |          0.00000300 |       0.00000300 |   0.00000282 |        0.00000282 |        0.00000000 |        0.00000282 |        0.00000282 
GRHydro         | Startup banner                          |          0.00000700 |       0.00000600 |   0.00000613 |        0.00000613 |        0.00000000 |        0.00000613 |        0.00000613 
GRHydro         | Register the hydro masks                |          0.00000700 |       0.00000700 |   0.00000737 |        0.00000737 |        0.00000000 |        0.00000737 |        0.00000737 
HydroBase       | Startup banner                          |          0.00000200 |       0.00000200 |   0.00000192 |        0.00000192 |        0.00000000 |        0.00000192 |        0.00000192 
CarpetIOASCII   | Startup routine                         |          0.00003600 |       0.00003700 |   0.00003647 |        0.00003647 |        0.00000000 |        0.00003647 |        0.00003647 
LocalInterp     | register LocalInterp's interpolation ope|          0.00000300 |       0.00000300 |   0.00000285 |        0.00000285 |        0.00000000 |        0.00000285 |        0.00000285 
LocalReduce     | Startup routine                         |          0.00001700 |       0.00001700 |   0.00001640 |        0.00001640 |        0.00000000 |        0.00001640 |        0.00001640 
CarpetIOBasic   | Startup routine                         |          0.00000300 |       0.00000400 |   0.00000352 |        0.00000352 |        0.00000000 |        0.00000352 |        0.00000352 
MoL             | Startup banner                          |          0.00000500 |       0.00000500 |   0.00000502 |        0.00000502 |        0.00000000 |        0.00000502 |        0.00000502 
Slab            | Create MPI datatypes for complex variabl|          0.00000800 |       0.00000800 |   0.00000743 |        0.00000743 |        0.00000000 |        0.00000743 |        0.00000743 
SymBase         | Register GH Extension for SymBase       |          0.00000500 |       0.00000500 |   0.00000458 |        0.00000458 |        0.00000000 |        0.00000458 |        0.00000458 
TerminationTrigg| Start signal handler                    |          0.00002800 |       0.00002700 |   0.00002741 |        0.00002741 |        0.00000000 |        0.00002741 |        0.00002741 
CarpetIOHDF5    | Startup routine                         |          0.00002200 |       0.00002100 |   0.00002138 |        0.00002138 |        0.00000000 |        0.00002138 |        0.00002138 
Vectors         | Print startup message                   |          0.00003400 |       0.00000000 |   0.00003422 |        0.00003422 |        0.00000000 |        0.00003422 |        0.00003422 
hwloc           | Output hwloc version                    |          0.00001000 |       0.00000000 |   0.00000982 |        0.00000982 |        0.00000000 |        0.00000982 |        0.00000982 
--------------------------------------------------------------------------------------------------------------------------------------------------------------------------------------------------
                | Total time for CCTK_STARTUP             |          0.10057600 |       0.10048200 |   0.00029513 |        0.00029513 |        0.00000000 |        0.00029513 |        0.00029513 
==================================================================================================================================================================================================
ADMBase         | Set up GF symmetries                    |          0.00003300 |       0.00000000 |   0.00003230 |        0.00003230 |        0.00000000 |        0.00003230 |        0.00003230 
Boundary        | Register boundary conditions that this t|          0.00001600 |       0.00000000 |   0.00001549 |        0.00001549 |        0.00000000 |        0.00001549 |        0.00001549 
CartGrid3D      | Register coordinates for the Cartesian g|          0.00006300 |       0.00000000 |   0.00006334 |        0.00006334 |        0.00000000 |        0.00006334 |        0.00006334 
CoordGauge      | Initialize slicing, setup priorities for|          0.00001400 |       0.00000000 |   0.00001396 |        0.00001396 |        0.00000000 |        0.00001396 |        0.00001396 
CoordGauge      | Identify the slicing for the next iterat|          0.00001300 |       0.00000000 |   0.00001282 |        0.00001282 |        0.00000000 |        0.00001282 |        0.00001282 
GRHydro         | Initialize InLastMoLPostStep to zero    |          0.00002100 |       0.00000000 |   0.00002037 |        0.00002037 |        0.00000000 |        0.00002037 |        0.00002037 
MoL             | Set up the MoL bookkeeping index arrays |          0.00003300 |       0.00000000 |   0.00003230 |        0.00003230 |        0.00000000 |        0.00003230 |        0.00003230 
MoL             | Set the flag so it is ok to register wit|          0.00001700 |       0.00000000 |   0.00001772 |        0.00001772 |        0.00000000 |        0.00001772 |        0.00001772 
TmunuBase       | Set the stress_energy_state variable    |          0.00002200 |       0.00000000 |   0.00002138 |        0.00002138 |        0.00000000 |        0.00002138 |        0.00002138 
GRHydro         | Register variables for MoL              |          0.00005100 |       0.00000000 |   0.00005027 |        0.00005027 |        0.00000000 |        0.00005027 |        0.00005027 
Slab            | Initialise timers                       |          0.00003100 |       0.00000000 |   0.00003026 |        0.00003026 |        0.00000000 |        0.00003026 |        0.00003026 
SpaceMask       | Set grid symmetries for mask            |          0.00001400 |       0.00000000 |   0.00001438 |        0.00001438 |        0.00000000 |        0.00001438 |        0.00001438 
SpaceMask       | Set grid symmetries for emask (compatibi|          0.00001300 |       0.00000000 |   0.00001357 |        0.00001357 |        0.00000000 |        0.00001357 |        0.00001357 
CartGrid3D      | Register symmetry boundaries            |          0.00004500 |       0.00000000 |   0.00004468 |        0.00004468 |        0.00000000 |        0.00004468 |        0.00004468 
SymBase         | Print symmetry boundary face description|          0.00001700 |       0.00000000 |   0.00001683 |        0.00001683 |        0.00000000 |        0.00001683 |        0.00001683 
MoL             | Report how many of each type of variable|          0.00008900 |       0.00000000 |   0.00008994 |        0.00008994 |        0.00000000 |        0.00008994 |        0.00008994 
--------------------------------------------------------------------------------------------------------------------------------------------------------------------------------------------------
                | Total time for CCTK_WRAGH               |          0.00049200 |       0.00000000 |   0.00048962 |        0.00048962 |        0.00000000 |        0.00048962 |        0.00048962 
==================================================================================================================================================================================================
ADMBase         | Check consistency of parameters         |          0.00001700 |       0.00000000 |   0.00001736 |        0.00001736 |        0.00000000 |        0.00001736 |        0.00001736 
Boundary        | Check dimension of grid variables       |          0.00001200 |       0.00000000 |   0.00001200 |        0.00001200 |        0.00000000 |        0.00001200 |        0.00001200 
Carpet          | Parameter checking routine              |          0.00002200 |       0.00000000 |   0.00002192 |        0.00002192 |        0.00000000 |        0.00002192 |        0.00002192 
CarpetLib       | Test prolongation operators             |          0.00002400 |       0.00000000 |   0.00002373 |        0.00002373 |        0.00000000 |        0.00002373 |        0.00002373 
CartGrid3D      | Check coordinates for CartGrid3D        |          0.00001700 |       0.00000000 |   0.00001631 |        0.00001631 |        0.00000000 |        0.00001631 |        0.00001631 
Fortran         | Test whether Fortran parameters work cor|          0.00001200 |       0.00000000 |   0.00001217 |        0.00001217 |        0.00000000 |        0.00001217 |        0.00001217 
GRHydro         | Check parameters                        |          0.00003500 |       0.00000000 |   0.00003545 |        0.00003545 |        0.00000000 |        0.00003545 |        0.00003545 
GRHydro_InitData| Check parameters                        |          0.00001600 |       0.00000000 |   0.00001621 |        0.00001621 |        0.00000000 |        0.00001621 |        0.00001621 
MoL             | Basic parameter checking                |          0.00002000 |       0.00000000 |   0.00002027 |        0.00002027 |        0.00000000 |        0.00002027 |        0.00002027 
TerminationTrigg| Check consitency of parameters          |          0.00001300 |       0.00000000 |   0.00001211 |        0.00001211 |        0.00000000 |        0.00001211 |        0.00001211 
TmunuBase       | Check that no deprecated parameters are |          0.00001200 |       0.00000000 |   0.00001221 |        0.00001221 |        0.00000000 |        0.00001221 |        0.00001221 
Vectors         | Run correctness tests.                  |          0.00011000 |       0.00000000 |   0.00011071 |        0.00011071 |        0.00000000 |        0.00011071 |        0.00011071 
--------------------------------------------------------------------------------------------------------------------------------------------------------------------------------------------------
                | Total time for CCTK_PARAMCHECK          |          0.00031000 |       0.00000000 |   0.00031046 |        0.00031046 |        0.00000000 |        0.00031046 |        0.00031046 
==================================================================================================================================================================================================
ADMBase         | Set the shift_state variable to 1       |          0.00005000 |       0.00000000 |   0.00004992 |        0.00004992 |        0.00000000 |        0.00004992 |        0.00004992 
ADMBase         | Set the dtlapse_state variable to 0     |          0.00003400 |       0.00000000 |   0.00003444 |        0.00003444 |        0.00000000 |        0.00003444 |        0.00003444 
ADMBase         | Set the dtshift_state variable to 0     |          0.00003400 |       0.00000000 |   0.00003412 |        0.00003412 |        0.00000000 |        0.00003412 |        0.00003412 
ADMMacros       | Initialize the local_spatial_order      |          0.00003400 |       0.00000000 |   0.00003378 |        0.00003378 |        0.00000000 |        0.00003378 |        0.00003378 
CartGrid3D      | Set up ranges for spatial 3D Cartesian c|          0.00010600 |       0.00000000 |   0.00010612 |        0.00010612 |        0.00000000 |        0.00010612 |        0.00010612 
CartGrid3D      | Set up spatial 3D Cartesian coordinates |          0.00005000 |       0.00000000 |   0.00005002 |        0.00005002 |        0.00000000 |        0.00005002 |        0.00005002 
CarpetReduce    | Allocate the weight function            |          0.00006800 |       0.00000000 |   0.00006755 |        0.00006755 |        0.00000000 |        0.00006755 |        0.00006755 
CarpetReduce    | Initialise the weight function          |          0.00010800 |       0.00000000 |   0.00010808 |        0.00010808 |        0.00000000 |        0.00010808 |        0.00010808 
CarpetReduce    | Set up the outer boundaries of the weigh|          0.00013700 |       0.00000000 |   0.00013726 |        0.00013726 |        0.00000000 |        0.00013726 |        0.00013726 
CarpetReduce    | Set up the weight function for the restr|          0.00006100 |       0.00000000 |   0.00006111 |        0.00006111 |        0.00000000 |        0.00006111 |        0.00006111 
CarpetReduce    | Set the weight function                 |          0.00007000 |       0.00000000 |   0.00007004 |        0.00007004 |        0.00000000 |        0.00007004 |        0.00007004 
CarpetReduce    | Test the weight function                |          0.00009000 |       0.00000000 |   0.00008986 |        0.00008986 |        0.00000000 |        0.00008986 |        0.00008986 
GRHydro         | Initially set execution flags to 'YEAH, |          0.00002400 |       0.00000000 |   0.00002371 |        0.00002371 |        0.00000000 |        0.00002371 |        0.00002371 
GRHydro         | Schedule symmetries and check shift stat|          0.00010900 |       0.00008900 |   0.00010885 |        0.00010885 |        0.00000000 |        0.00010885 |        0.00010885 
GRHydro         | Initialise the mask function that contai|          0.00005200 |       0.00005200 |   0.00005198 |        0.00005198 |        0.00000000 |        0.00005198 |        0.00005198 
NaNChecker      | Reset the NaNChecker::NaNsFound counter |          0.00002400 |       0.00002500 |   0.00002432 |        0.00002432 |        0.00000000 |        0.00002432 |        0.00002432 
SpaceMask       | Initialise mask to zero                 |          0.00003500 |       0.00003600 |   0.00003530 |        0.00003530 |        0.00000000 |        0.00003530 |        0.00003530 
SpaceMask       | Set old style mask to one               |          0.00003500 |       0.00003500 |   0.00003483 |        0.00003483 |        0.00000000 |        0.00003483 |        0.00003483 
SymBase         | Check whether the driver set up the grid|          0.00003500 |       0.00003500 |   0.00003506 |        0.00003506 |        0.00000000 |        0.00003506 |        0.00003506 
TerminationTrigg| Clear trigger state                     |          0.00003500 |       0.00003400 |   0.00003462 |        0.00003462 |        0.00000000 |        0.00003462 |        0.00003462 
TerminationTrigg| Start timer                             |          0.00004900 |       0.00004800 |   0.00004820 |        0.00004820 |        0.00000000 |        0.00004820 |        0.00004820 
TerminationTrigg| Create termination file                 |          0.00009700 |       0.00009600 |   0.00009587 |        0.00009587 |        0.00000000 |        0.00009587 |        0.00009587 
Time            | Initialise Time variables               |          0.00002700 |       0.00002600 |   0.00002625 |        0.00002625 |        0.00000000 |        0.00002625 |        0.00002625 
Time            | Set timestep based on Courant condition |          0.00002900 |       0.00002800 |   0.00002850 |        0.00002850 |        0.00000000 |        0.00002850 |        0.00002850 
--------------------------------------------------------------------------------------------------------------------------------------------------------------------------------------------------
                | Total time for CCTK_BASEGRID            |          0.00139300 |       0.00050400 |   0.00138980 |        0.00138980 |        0.00000000 |        0.00138980 |        0.00138980 
==================================================================================================================================================================================================
StaticConformal | Set the conformal_state variable to 0   |          0.00006200 |       0.00005600 |   0.00006127 |        0.00006127 |        0.00000000 |        0.00006127 |        0.00006127 
ADMBase         | Set the metric and extrinsic curvature t|          0.00004900 |       0.00004500 |   0.00004851 |        0.00004851 |        0.00000000 |        0.00004851 |        0.00004851 
GRHydro         | Set the EOS number                      |          0.00004900 |       0.00004500 |   0.00004959 |        0.00004959 |        0.00000000 |        0.00004959 |        0.00004959 
CarpetIOASCII   | Initialisation routine                  |          0.00003100 |       0.00002800 |   0.00003061 |        0.00003061 |        0.00000000 |        0.00003061 |        0.00003061 
CarpetIOBasic   | Initialisation routine                  |          0.00002400 |       0.00002100 |   0.00002352 |        0.00002352 |        0.00000000 |        0.00002352 |        0.00002352 
CarpetIOHDF5    | Initialisation routine                  |          0.00002400 |       0.00002200 |   0.00002389 |        0.00002389 |        0.00000000 |        0.00002389 |        0.00002389 
CarpetIOScalar  | Initialisation routine                  |          0.00002300 |       0.00002200 |   0.00002351 |        0.00002351 |        0.00000000 |        0.00002351 |        0.00002351 
GRHydro         | Set up minimum for the rest-mass density|          0.00005200 |       0.00004700 |   0.00005172 |        0.00005172 |        0.00000000 |        0.00005172 |        0.00005172 
GRHydro         | Initialize the atmosphere mask          |          0.00005700 |       0.00005300 |   0.00006009 |        0.00006009 |        0.00000000 |        0.00006009 |        0.00006009 
GRHydro         | Calculate current refinement level      |          0.00007500 |       0.00007200 |   0.00007436 |        0.00007436 |        0.00000000 |        0.00007436 |        0.00007436 
ADMBase         | Set the lapse to 1 at all points        |          0.00003800 |       0.00003800 |   0.00003761 |        0.00003761 |        0.00000000 |        0.00003761 |        0.00003761 
ADMBase         | Set the shift to 0 at all points        |          0.00003800 |       0.00003800 |   0.00003841 |        0.00003841 |        0.00000000 |        0.00003841 |        0.00003841 
GRHydro         | Set divB initially to zero              |          0.00004600 |       0.00004600 |   0.00004627 |        0.00004627 |        0.00000000 |        0.00004627 |        0.00004627 
GRHydro_InitData| Shocktube initial data - MHD version    |          0.00033000 |       0.00032900 |   0.00032912 |        0.00032912 |        0.00000000 |        0.00032912 |        0.00032912 
HydroBase       | Initialize hydro excision mask to 'no ex|          0.00004200 |       0.00004200 |   0.00004159 |        0.00004159 |        0.00000000 |        0.00004159 |        0.00004159 
GRHydro         | Calculate sdetg                         |          0.00005400 |       0.00005300 |   0.00005330 |        0.00005330 |        0.00000000 |        0.00005330 |        0.00005330 
GRHydro         | Use mask to enforce atmosphere at initia|          0.00006500 |       0.00006400 |   0.00006427 |        0.00006427 |        0.00000000 |        0.00006427 |        0.00006427 
MoL             | Initialise the step size control        |          0.00001300 |       0.00001300 |   0.00001298 |        0.00001298 |        0.00000000 |        0.00001298 |        0.00001298 
GRHydro         | Convert initial data given in primive va|          0.00010500 |       0.00010400 |   0.00010409 |        0.00010409 |        0.00000000 |        0.00010409 |        0.00010409 
--------------------------------------------------------------------------------------------------------------------------------------------------------------------------------------------------
                | Total time for CCTK_INITIAL             |          0.00117700 |       0.00113800 |   0.00117471 |        0.00117471 |        0.00000000 |        0.00117471 |        0.00117471 
==================================================================================================================================================================================================
CarpetIOHDF5    | Close all filereader input files        |          0.00003500 |       0.00003400 |   0.00003432 |        0.00003432 |        0.00000000 |        0.00003432 |        0.00003432 
GRHydro         | Set up and check scalars for efficiency |          0.00004800 |       0.00004800 |   0.00004766 |        0.00004766 |        0.00000000 |        0.00004766 |        0.00004766 
ADMBase         | Select ADMBase boundary conditions - may|          0.00028000 |       0.00007200 |   0.00028013 |        0.00028013 |        0.00000000 |        0.00028013 |        0.00028013 
Boundary        | Apply all requested local physical bound|          0.00021900 |       0.00012100 |   0.00021860 |        0.00005465 |        0.00004080 |        0.00003444 |        0.00008487 
CartGrid3D      | Apply symmetry boundary conditions      |          0.00015800 |       0.00011900 |   0.00015835 |        0.00003959 |        0.00001867 |        0.00003198 |        0.00005517 
Boundary        | Unselect all grid variables for boundary|          0.00004800 |       0.00003200 |   0.00004598 |        0.00001149 |        0.00000399 |        0.00000939 |        0.00001350 
GRHydro_InitData| 2-D Diagonal shock boundary conditions  |          0.00159700 |       0.00078500 |   0.00159566 |        0.00039891 |        0.00004777 |        0.00037930 |        0.00043970 
GRHydro         | Calculate current refinement level      |          0.00005300 |       0.00000000 |   0.00005318 |        0.00005318 |        0.00000000 |        0.00005318 |        0.00005318 
GRHydro         | Set grid scalar InLastMoLPostStep if thi|          0.00001700 |       0.00000000 |   0.00001597 |        0.00001597 |        0.00000000 |        0.00001597 |        0.00001597 
GRHydro         | Select atmosphere mask for boundary cond|          0.00009100 |       0.00000000 |   0.00009088 |        0.00009088 |        0.00000000 |        0.00009088 |        0.00009088 
GRHydro         | Set integer atmosphere mask from synchro|          0.00005600 |       0.00005600 |   0.00005535 |        0.00005535 |        0.00000000 |        0.00005535 |        0.00005535 
GRHydro         | Reset the atmosphere - MHD version      |          0.00005900 |       0.00005900 |   0.00005825 |        0.00005825 |        0.00000000 |        0.00005825 |        0.00005825 
GRHydro         | Compute comoving magnetic field, pressur|          0.00008100 |       0.00008000 |   0.00008031 |        0.00008031 |        0.00000000 |        0.00008031 |        0.00008031 
GRHydro         | Select GRHydro boundary conditions      |          0.00021800 |       0.00021800 |   0.00021756 |        0.00021756 |        0.00000000 |        0.00021756 |        0.00021756 
GRHydro         | Calculate sdetg                         |          0.00006000 |       0.00006000 |   0.00005954 |        0.00005954 |        0.00000000 |        0.00005954 |        0.00005954 
GRHydro         | Convert back to primitive variables (gen|          0.00027200 |       0.00027200 |   0.00027180 |        0.00027180 |        0.00000000 |        0.00027180 |        0.00027180 
GRHydro         | Calculate divB                          |          0.00005500 |       0.00005400 |   0.00005393 |        0.00005393 |        0.00000000 |        0.00005393 |        0.00005393 
--------------------------------------------------------------------------------------------------------------------------------------------------------------------------------------------------
                | Total time for CCTK_POSTINITIAL         |          0.00334700 |       0.00201000 |   0.00333747 |        0.00182353 |        0.00011124 |        0.00177399 |        0.00191212 
==================================================================================================================================================================================================
GRHydro         | Set the value of the rest-mass density o|          0.00012900 |       0.00000000 |   0.00012882 |        0.00012882 |        0.00000000 |        0.00012882 |        0.00012882 
GRHydro         | Use mask to enforce atmosphere at initia|          0.00010600 |       0.00000000 |   0.00010648 |        0.00010648 |        0.00000000 |        0.00010648 |        0.00010648 
GRHydro         | Calculate sdetg                         |          0.00007000 |       0.00000000 |   0.00006984 |        0.00006984 |        0.00000000 |        0.00006984 |        0.00006984 
GRHydro         | Convert back to primitive variables (gen|          0.00027000 |       0.00005800 |   0.00026960 |        0.00026960 |        0.00000000 |        0.00026960 |        0.00026960 
--------------------------------------------------------------------------------------------------------------------------------------------------------------------------------------------------
                | Total time for CCTK_POSTPOSTINITIAL     |          0.00057500 |       0.00005800 |   0.00057474 |        0.00057474 |        0.00000000 |        0.00057474 |        0.00057474 
==================================================================================================================================================================================================
CarpetIOHDF5    | Initial data checkpoint routine         |          0.00005800 |       0.00000000 |   0.00005770 |        0.00005770 |        0.00000000 |        0.00005770 |        0.00005770 
--------------------------------------------------------------------------------------------------------------------------------------------------------------------------------------------------
                | Total time for CCTK_CPINITIAL           |          0.00005800 |       0.00000000 |   0.00005770 |        0.00005770 |        0.00000000 |        0.00005770 |        0.00005770 
==================================================================================================================================================================================================
ADMBase         | Copy the lapse to the current time level|          0.00035700 |       0.00031700 |   0.00035436 |        0.00003544 |        0.00001487 |        0.00003366 |        0.00004954 
ADMBase         | Copy the shift to the current time level|          0.00035900 |       0.00028700 |   0.00035658 |        0.00003566 |        0.00002009 |        0.00003256 |        0.00005403 
ADMBase         | Copy the metric and extrinsic curvature |          0.00039200 |       0.00031900 |   0.00039131 |        0.00003913 |        0.00003177 |        0.00003521 |        0.00006925 
CoordGauge      | Identify the slicing for the next iterat|          0.00032700 |       0.00026100 |   0.00032635 |        0.00003264 |        0.00000501 |        0.00003160 |        0.00003723 
GRHydro         | Reset the mask function that contains th|          0.00045100 |       0.00036100 |   0.00045209 |        0.00004521 |        0.00000481 |        0.00004436 |        0.00004968 
LoopControl     | Update LoopControl algorithm preferences|          0.00052100 |       0.00039800 |   0.00051995 |        0.00005199 |        0.00001343 |        0.00004857 |        0.00006190 
NaNChecker      | Reset the NaNChecker::NaNsFound counter |          0.00020700 |       0.00014700 |   0.00020677 |        0.00002068 |        0.00000470 |        0.00001999 |        0.00002512 
--------------------------------------------------------------------------------------------------------------------------------------------------------------------------------------------------
                | Total time for CCTK_PRESTEP             |          0.00261400 |       0.00209000 |   0.00260741 |        0.00026074 |        0.00009469 |        0.00024594 |        0.00034676 
==================================================================================================================================================================================================
MoL             | Initialise the step size control        |          0.00011500 |       0.00008300 |   0.00011161 |        0.00001116 |        0.00001473 |        0.00000949 |        0.00002514 
MoL             | Set the counter for the ODE method to lo|          0.00011700 |       0.00008000 |   0.00011320 |        0.00001132 |        0.00000567 |        0.00001032 |        0.00001517 
MoL             | Ensure the correct time and timestep are|          0.00010100 |       0.00006900 |   0.00009879 |        0.00000988 |        0.00000433 |        0.00000929 |        0.00001398 
MoL             | Allocate storage for scratch levels     |          0.00032100 |       0.00023700 |   0.00032148 |        0.00003215 |        0.00004359 |        0.00002677 |        0.00007348 
GRHydro         | Set up and check scalars for efficiency |          0.00048200 |       0.00031200 |   0.00047898 |        0.00004790 |        0.00001899 |        0.00004468 |        0.00006475 
MoL             | Allocate sufficient space for array scra|          0.00032400 |       0.00019500 |   0.00032353 |        0.00003235 |        0.00000613 |        0.00003116 |        0.00003789 
MoL             | Ensure the data is in the correct timele|          0.00070000 |       0.00048500 |   0.00069885 |        0.00006988 |        0.00002719 |        0.00006462 |        0.00008899 
MoL             | Initialise the RHS functions            |          0.00076200 |       0.00049400 |   0.00076091 |        0.00003805 |        0.00000663 |        0.00003665 |        0.00004272 
GRHydro         | Source term calculation                 |          0.00090000 |       0.00058600 |   0.00089845 |        0.00004492 |        0.00001307 |        0.00004324 |        0.00005732 
GRHydro         | Set the flux_direction variable         |          0.00044200 |       0.00029400 |   0.00044131 |        0.00002207 |        0.00002008 |        0.00002043 |        0.00004106 
GRHydro         | Calculate current refinement level      |          0.00272500 |       0.00159400 |   0.00273052 |        0.00004551 |        0.00002702 |        0.00004264 |        0.00006052 
GRHydro         | Reconstruct the functions at the cell bo|          0.00621400 |       0.00387000 |   0.00621820 |        0.00010364 |        0.00006634 |        0.00009566 |        0.00014370 
GRHydro         | Solve the local Riemann problems - MHD v|          0.00444100 |       0.00279900 |   0.00442363 |        0.00007373 |        0.00003944 |        0.00006929 |        0.00009557 
GRHydro         | Calculate the update term from the fluxe|          0.00291700 |       0.00182600 |   0.00290906 |        0.00004848 |        0.00000890 |        0.00004701 |        0.00005521 
GRHydro         | Decrement the flux_direction variable   |          0.00126400 |       0.00074300 |   0.00128242 |        0.00002137 |        0.00002895 |        0.00001998 |        0.00003794 
GRHydro         | Alter the update terms if inside the atm|          0.00095700 |       0.00061800 |   0.00095310 |        0.00004766 |        0.00002352 |        0.00004499 |        0.00006871 
MoL             | Updates calculated with the efficient Ru|          0.00081100 |       0.00047900 |   0.00080757 |        0.00004038 |        0.00001209 |        0.00003818 |        0.00005081 
MoL             | Alter the counter number                |          0.00020200 |       0.00012300 |   0.00020669 |        0.00001033 |        0.00000522 |        0.00000960 |        0.00001522 
MoL             | If necessary, change the time           |          0.00019300 |       0.00011800 |   0.00019695 |        0.00000985 |        0.00000487 |        0.00000941 |        0.00001457 
ADMBase         | Select ADMBase boundary conditions - may|          0.00295700 |       0.00177000 |   0.00295285 |        0.00014764 |        0.00014004 |        0.00013082 |        0.00027970 
Boundary        | Apply all requested local physical bound|          0.00342000 |       0.00203300 |   0.00341270 |        0.00004875 |        0.00016345 |        0.00003419 |        0.00008658 
CartGrid3D      | Apply symmetry boundary conditions      |          0.00243200 |       0.00142200 |   0.00243456 |        0.00003478 |        0.00004672 |        0.00003198 |        0.00006153 
Boundary        | Unselect all grid variables for boundary|          0.00068200 |       0.00042400 |   0.00068367 |        0.00000977 |        0.00000573 |        0.00000930 |        0.00001514 
GRHydro_InitData| 2-D Diagonal shock boundary conditions  |          0.02678200 |       0.01519900 |   0.02680116 |        0.00038287 |        0.00013708 |        0.00035928 |        0.00045433 
GRHydro         | Calculate current refinement level      |          0.00096900 |       0.00058000 |   0.00096661 |        0.00004833 |        0.00000603 |        0.00004706 |        0.00005279 
GRHydro         | Set grid scalar InLastMoLPostStep if thi|          0.00024600 |       0.00014800 |   0.00024345 |        0.00001217 |        0.00000756 |        0.00001135 |        0.00001950 
GRHydro         | Select atmosphere mask for boundary cond|          0.00134200 |       0.00075400 |   0.00134191 |        0.00006710 |        0.00003255 |        0.00006217 |        0.00008791 
GRHydro         | Set integer atmosphere mask from synchro|          0.00099100 |       0.00033400 |   0.00099288 |        0.00004964 |        0.00000763 |        0.00004860 |        0.00005665 
GRHydro         | Reset the atmosphere - MHD version      |          0.00049700 |       0.00019600 |   0.00049644 |        0.00004964 |        0.00001482 |        0.00004707 |        0.00006137 
GRHydro         | Compute comoving magnetic field, pressur|          0.00157300 |       0.00057500 |   0.00157285 |        0.00007864 |        0.00002980 |        0.00007484 |        0.00009893 
GRHydro         | Select GRHydro boundary conditions      |          0.00328700 |       0.00127900 |   0.00328495 |        0.00016425 |        0.00002351 |        0.00015914 |        0.00018095 
GRHydro         | Calculate sdetg                         |          0.00110400 |       0.00062000 |   0.00110238 |        0.00005512 |        0.00002207 |        0.00005296 |        0.00007518 
GRHydro         | Convert back to primitive variables (gen|          0.00611300 |       0.00418000 |   0.00611025 |        0.00030551 |        0.00005259 |        0.00028696 |        0.00032846 
GRHydro         | Reset InLastMoLPostStep to zero         |          0.00020000 |       0.00013900 |   0.00019934 |        0.00000997 |        0.00000538 |        0.00000952 |        0.00001519 
MoL             | If necessary, change the timestep       |          0.00019300 |       0.00013500 |   0.00019628 |        0.00000981 |        0.00000539 |        0.00000927 |        0.00001501 
MoL             | Control the step size                   |          0.00010500 |       0.00008400 |   0.00010386 |        0.00001039 |        0.00000818 |        0.00000941 |        0.00001815 
MoL             | Restoring the Save and Restore variables|          0.00048900 |       0.00039000 |   0.00048964 |        0.00004896 |        0.00001352 |        0.00004633 |        0.00006000 
MoL             | Free storage for scratch levels         |          0.00022800 |       0.00017800 |   0.00022737 |        0.00002274 |        0.00000424 |        0.00002204 |        0.00002674 
GRHydro         | Syncronise the mask function that contai|          0.00092100 |       0.00072700 |   0.00091970 |        0.00009197 |        0.00001297 |        0.00008818 |        0.00010325 
GRHydro         | Calculate divB                          |          0.00050600 |       0.00040100 |   0.00050468 |        0.00005047 |        0.00000563 |        0.00004920 |        0.00005573 
--------------------------------------------------------------------------------------------------------------------------------------------------------------------------------------------------
                | Total time for CCTK_EVOL                |          0.07902500 |       0.04657300 |   0.07901281 |        0.00241916 |        0.00112167 |        0.00226310 |        0.00315584 
==================================================================================================================================================================================================
GRHydro         | Calculate current refinement level (for |          0.00054800 |       0.00027800 |   0.00054676 |        0.00004971 |        0.00001801 |        0.00004681 |        0.00006519 
GRHydro         | Check the mask function that contains th|          0.00056400 |       0.00031000 |   0.00056440 |        0.00005131 |        0.00002175 |        0.00004768 |        0.00007085 
NaNChecker      | Prepare data structures to check for NaN|          0.00011700 |       0.00006000 |   0.00011739 |        0.00001067 |        0.00000590 |        0.00000965 |        0.00001481 
NaNChecker      | Check for NaNs                          |          0.00346800 |       0.00190900 |   0.00346593 |        0.00031508 |        0.00002904 |        0.00030732 |        0.00033649 
NaNChecker      | Count NaNs in NaNChecker::NaNsFound     |          0.00017800 |       0.00009100 |   0.00017837 |        0.00001622 |        0.00000649 |        0.00001496 |        0.00002098 
NaNChecker      | Output NaNChecker::NaNmask and take acti|          0.00036700 |       0.00019500 |   0.00036695 |        0.00003336 |        0.00000602 |        0.00003189 |        0.00003700 
SpaceMask       | Ensure that all mask values are legal   |          0.00037800 |       0.00020300 |   0.00037795 |        0.00003436 |        0.00000610 |        0.00003299 |        0.00003818 
--------------------------------------------------------------------------------------------------------------------------------------------------------------------------------------------------
                | Total time for CCTK_POSTSTEP            |          0.00562000 |       0.00304600 |   0.00561776 |        0.00051071 |        0.00009331 |        0.00049130 |        0.00058350 
==================================================================================================================================================================================================
CarpetIOHDF5    | Evolution checkpoint routine            |          0.00056200 |       0.00032800 |   0.00056254 |        0.00005625 |        0.00003508 |        0.00004993 |        0.00008475 
TimerReport     | Print the timer report                  |          0.00020600 |       0.00011900 |   0.00020624 |        0.00002062 |        0.00000573 |        0.00001981 |        0.00002602 
--------------------------------------------------------------------------------------------------------------------------------------------------------------------------------------------------
                | Total time for CCTK_CHECKPOINT          |          0.00076800 |       0.00044700 |   0.00076878 |        0.00007688 |        0.00004081 |        0.00006974 |        0.00011077 
==================================================================================================================================================================================================
CarpetLib       | Print timing statistics if desired      |          0.00025000 |       0.00012000 |   0.00024896 |        0.00002263 |        0.00001908 |        0.00001965 |        0.00003713 
CarpetLib       | Print memory statistics if desired      |          0.00057700 |       0.00034000 |   0.00057964 |        0.00005269 |        0.00034108 |        0.00001952 |        0.00037788 
LoopControl     | Output LoopControl statistics           |          0.00052300 |       0.00033400 |   0.00052405 |        0.00004764 |        0.00002785 |        0.00004388 |        0.00007368 
SystemStatistics| Collect system statistics               |          0.00150000 |       0.00115400 |   0.00150075 |        0.00013643 |        0.00003547 |        0.00012543 |        0.00015575 
TerminationTrigg| Check elapsed job walltime              |          0.00039200 |       0.00032900 |   0.00039240 |        0.00003567 |        0.00001044 |        0.00003325 |        0.00004353 
TerminationTrigg| Check if we received a termination signa|          0.00037500 |       0.00029000 |   0.00037571 |        0.00003416 |        0.00001526 |        0.00003142 |        0.00004665 
TerminationTrigg| Check termination file                  |          0.00048200 |       0.00036900 |   0.00048137 |        0.00004376 |        0.00001559 |        0.00004059 |        0.00005544 
TimerReport     | Print the timer report                  |          0.00023600 |       0.00016700 |   0.00023538 |        0.00002140 |        0.00000570 |        0.00002007 |        0.00002567 
--------------------------------------------------------------------------------------------------------------------------------------------------------------------------------------------------
                | Total time for CCTK_ANALYSIS            |          0.00433500 |       0.00310300 |   0.00433825 |        0.00039439 |        0.00047046 |        0.00033381 |        0.00081573 
==================================================================================================================================================================================================
CarpetIOHDF5    | Termination checkpoint routine          |          0.00006900 |       0.00006900 |   0.00006847 |        0.00006847 |        0.00000000 |        0.00006847 |        0.00006847 
LoopControl     | Output LoopControl statistics           |          0.00005100 |       0.00005100 |   0.00005089 |        0.00005089 |        0.00000000 |        0.00005089 |        0.00005089 
MoL             | Free the MoL bookkeeping index arrays   |          0.00006100 |       0.00006200 |   0.00006101 |        0.00006101 |        0.00000000 |        0.00006101 |        0.00006101 
TimerReport     | Print the timer report                  |          0.00000000 |       0.00000000 |   0.00000000 |        0.00000000 |        0.00000000 |        0.00000000 |        0.00000000 
--------------------------------------------------------------------------------------------------------------------------------------------------------------------------------------------------
                | Total time for CCTK_TERMINATE           |          0.00018100 |       0.00018200 |   0.00018038 |        0.00018038 |        0.00000000 |        0.00018038 |        0.00018038 
==================================================================================================================================================================================================
--------------------------------------------------------------------------------------------------------------------------------------------------------------------------------------------------
                | Total time for simulation               |          0.12954200 |       0.07546500 |   0.12954115 |        0.12954115 |        0.00000000 |        0.12954115 |        0.12954115 
==================================================================================================================================================================================================
INFO (TimerReport): Top timers at iteration 10 time 0.00353553
======================================================================
    %    Time/s   Min/s   Max/s   Timer (gettimeofday)
======================================================================
100.0   0.128920 0.128298 0.129542   CCTK total time
 92.4   0.119181 0.118879 0.119484   meta mode/meta mode/global mode
 88.0   0.113404 0.113167 0.113640   meta mode/meta mode/global mode/level(0)
 84.9   0.109493 0.109491 0.109496   main/Evolve
 77.6   0.100027 0.100021 0.100034   [0001] CycleClock: CycleClock_Setup in CCTK_STARTUP
 70.9   0.091384 0.091303 0.091464   main/Evolve/CallEvol
 65.0   0.083848 0.083811 0.083885   main/Evolve/CallEvol/CCTK_EVOL
 59.0   0.076110 0.076065 0.076156   main/Evolve/CallEvol/CCTK_EVOL/CallFunction
 56.1   0.072373 0.072366 0.072380   meta mode
 41.1   0.053009 0.053002 0.053015   main/CarpetStartup
 39.5   0.050983 0.050942 0.051024   main/CarpetStartup/CarpetLib::gh::regrid
 39.3   0.050681 0.050636 0.050725   main/CarpetStartup/CarpetLib::gh::regrid/CarpetLib::dh::regrid
 38.0   0.048957 0.048149 0.049764   main/Evolve/CallEvol/CCTK_EVOL/CallFunction/thorns
 20.7   0.026737 0.026692 0.026782   [0166] GRHydro_InitData: GRHydro_Diagshock2D_BoundaryM in CCTK_EVOL
 19.0   0.024462 0.024461 0.024462   main/Evolve/CallEvol/CCTK_EVOL/CallFunction/thorns/GRHydro_Diagshock2D_BoundaryM
 14.7   0.018914 0.018891 0.018937   meta mode/meta mode
 13.2   0.016994 0.016812 0.017175   main/Evolve/CallAnalysis
 12.9   0.016580 0.012563 0.020596   main/Evolve/CallEvol/CCTK_EVOL/CallFunction/thorns/GRHydro_Diagshock2D_BoundaryM/Sync
 12.5   0.016131 0.016095 0.016167   main/CarpetStartup/CarpetLib::gh::regrid/CarpetLib::dh::regrid/test
 12.1   0.015608 0.015570 0.015646   main/CarpetStartup/CarpetLib::gh::regrid/CarpetLib::dh::regrid/buffers
 11.9   0.015319 0.015316 0.015323   main/Initialise
  7.3   0.009402 0.009340 0.009463   meta mode/meta mode/global mode/level(0)/enter_local_mode
  6.1   0.007876 0.007871 0.007882   main/CarpetStartup/CarpetLib::gh::regrid/CarpetLib::dh::regrid/bcast_comm
  5.7   0.007365 0.006392 0.008339   main/Evolve/CallEvol/CCTK_EVOL/CallFunction/syncs
  5.6   0.007250 0.007246 0.007254   main/Initialise/CallInitial
  5.4   0.006929 0.005967 0.007891   main/Evolve/CallEvol/CCTK_EVOL/CallFunction/syncs/Sync
  4.6   0.005913 0.005612 0.006214   [0154] GRHydro: Reconstruct in CCTK_EVOL
  4.5   0.005828 0.005543 0.006113   [0174] GRHydro: Con2Prim in CCTK_EVOL
  4.5   0.005796 0.005748 0.005844   main/CarpetStartup/CarpetLib::gh::regrid/CarpetLib::dh::regrid/region
  4.4   0.005709 0.005538 0.005880   main/Evolve/CallAnalysis/OutputGH
  4.4   0.005665 0.005492 0.005837   main/Evolve/CallAnalysis/OutputGH/OutputGH
  4.1   0.005317 0.005244 0.005390   main/Evolve/CallAnalysis/CCTK_POSTSTEP
  4.0   0.005177 0.004908 0.005447   main/Evolve/CallEvol/CCTK_EVOL/CallFunction/thorns/Con2Prim
  3.9   0.004975 0.004901 0.005049   main/Evolve/CallAnalysis/CCTK_POSTSTEP/CallFunction
  3.8   0.004935 0.001402 0.008467   main/Evolve/CallEvol/CCTK_EVOL/CallFunction/thorns/GRHydro_Diagshock2D_BoundaryM/Sync/comm_state[6].state_do_some_work.step
  3.8   0.004838 0.004784 0.004892   meta mode/meta mode/global mode/level(0)/leave_local_mode
  3.3   0.004264 0.004087 0.004441   [0155] GRHydro: Riemann in CCTK_EVOL
  3.2   0.004065 0.004033 0.004097   main/Evolve/CallEvol/Poison
  3.1   0.003966 0.003688 0.004245   main/Evolve/CallEvol/CCTK_EVOL/CallFunction/thorns/Reconstruct
  2.8   0.003662 0.003661 0.003664   main/CarpetStartup/CarpetLib::gh::regrid/CarpetLib::dh::regrid/bcast_comm/ref_refl_prol
======================================================================
---------------------------------------------------------------------------------------------------------------------------------------------------------
Time      Time   Imblnc   Timer                                               gettimeof  getrusage      cycle  cycle[avg  cycle[sdv  cycle[min  cycle[max
percent   secs   percent                                                           secs       secs       secs       secs       secs       secs       secs
---------------------------------------------------------------------------------------------------------------------------------------------------------
 100.0%      0.1    0.0%  Evolve                                                 0.1095    0.06729  2.843e+08  2.843e+08          0  2.843e+08  2.843e+08
  15.5%      0.0    1.1%  |_CallAnalysis                                        0.01717    0.01142  4.459e+07  4.459e+06    1.2e+06  4.217e+06  5.352e+06
   3.3%      0.0    1.6%  | |_CCTK_ANALYSIS                                    0.003708   0.002641  9.631e+06  9.631e+05  1.941e+05   9.15e+05  1.132e+06
   3.0%      0.0    1.7%  | | |_CallFunction                                   0.003341    0.00239  8.683e+06  1.085e+05  8.366e+05  4.417e+04  3.976e+05
   1.4%      0.0    3.4%  | | | |_thorns                                        0.00164   0.001199  4.244e+06  5.305e+04  8.761e+05  1.037e+04  3.612e+05
   1.1%      0.0    0.2%  | | | | |_SystemStatistics_Collect                   0.001157   0.000886  3.014e+06  3.014e+05  8.035e+04   2.77e+05  3.493e+05
   1.6%      0.0          | | | |_untimed
   4.9%      0.0    1.4%  | |_CCTK_POSTSTEP                                    0.005244   0.003136  1.362e+07  1.362e+06  1.333e+05  1.319e+06  1.457e+06
   4.5%      0.0    1.5%  | | |_CallFunction                                   0.004901   0.002939  1.273e+07  1.818e+05  2.175e+06  1.856e+04  8.669e+05
   3.3%      0.0    1.8%  | | | |_thorns                                       0.003546   0.002131  9.217e+06  1.317e+05  2.108e+06  1.069e+04  8.019e+05
   2.5%      0.0    4.3%  | | | | |_NaNChecker_NaNCheck_Check                  0.002842   0.001723  7.382e+06  7.382e+05  7.675e+04  7.194e+05  7.945e+05
   1.2%      0.0          | | | |_untimed
   5.2%      0.0    2.9%  | |_OutputGH                                          0.00588   0.004165  1.524e+07  1.524e+06  1.019e+06  1.357e+06  2.445e+06
   5.2%      0.0    3.0%  | | |_OutputGH                                       0.005837   0.004143  1.515e+07  1.515e+06  1.017e+06  1.349e+06  2.437e+06
   2.1%      0.0    6.1%  | | | |_IOBasic::CarpetIOBasic [5]                   0.002427   0.001698    6.3e+06    6.3e+05  6.495e+04  6.113e+05  6.769e+05
   2.1%      0.0    6.0%  | | | | |_OutputGH                                   0.002389   0.001675  6.213e+06  6.213e+05  6.033e+04  6.038e+05  6.694e+05
   1.4%      0.0          | |_untimed
  83.5%      0.1    0.1%  |_CallEvol                                            0.09146    0.05529  2.375e+08  2.375e+07  4.177e+06   2.32e+07   2.77e+07
  76.6%      0.1    0.0%  | |_CCTK_EVOL                                         0.08389    0.04931  2.178e+08  2.178e+07  3.856e+06  2.124e+07  2.542e+07
  69.5%      0.1    0.1%  | | |_CallFunction                                    0.07616    0.04486  1.977e+08  1.848e+05  8.072e+06  1.763e+04  1.173e+06
   6.7%      0.0   11.7%  | | | |_syncs                                        0.006392   0.003394   1.66e+07  2.372e+05  9.896e+05  9.797e+04  6.531e+05
   6.3%      0.0   12.2%  | | | | |_Sync                                       0.005967   0.003156  1.549e+07  2.212e+05  9.703e+05  8.775e+04  6.284e+05
   1.4%      0.0    0.8%  | | | | | |_comm_state[3].state_fill_send_buffers.   0.001511   0.000793  3.968e+06  5.669e+04  3.223e+05  1.066e+04  1.475e+05
   1.4%      0.0   36.1%  | | | | | |_comm_state[6].state_do_some_work.step     0.00068    0.00034  1.799e+06   2.57e+04  2.187e+05       6552  2.088e+05
   1.2%      0.0    0.0%  | | | | | |_comm_state[7].state_empty_recv_buffers    0.00132   0.000709  3.458e+06  4.939e+04  2.984e+05       8476  1.174e+05
   1.0%      0.0          | | | | | |_untimed
  44.7%      0.0    1.6%  | | | |_thorns                                        0.04976    0.02956  1.292e+08  1.207e+05  7.639e+06  1.048e+04  1.099e+06
   1.0%      0.0    2.6%  | | | | |_Boundary_ApplyPhysicalBCs                  0.001157   0.000723  3.026e+06  4.323e+04  4.027e+05  1.136e+04   1.26e+05
   4.7%      0.0    4.9%  | | | | |_Con2Prim                                   0.005447   0.003749  1.417e+07  7.084e+05  1.306e+05   6.62e+05  7.723e+05
  22.3%      0.0    0.0%  | | | | |_GRHydro_Diagshock2D_BoundaryM               0.02446    0.01389  6.351e+07  9.073e+05  3.445e+05  8.498e+05   1.08e+06
  15.1%      0.0   19.5%  | | | | | |_Sync                                      0.01256   0.007148  3.242e+07  2.316e+05  2.116e+05  2.048e+05  3.436e+05
   3.3%      0.0    3.9%  | | | | | | |_comm_state[3].state_fill_send_buffer   0.003452   0.002004  9.069e+06  6.478e+04  1.154e+05  4.579e+04  1.159e+05
   4.5%      0.0   41.7%  | | | | | | |_comm_state[6].state_do_some_work.ste   0.001402   0.000773  3.691e+06  2.636e+04  7.744e+04  2.155e+04  7.847e+04
   2.0%      0.0    3.1%  | | | | | | |_comm_state[7].state_empty_recv_buffe   0.002107   0.001182  5.513e+06  3.938e+04  2.364e+04  3.702e+04  5.681e+04
   2.4%      0.0          | | | | | | |_untimed
   7.1%      0.0          | | | | | |_untimed
   3.6%      0.0    6.6%  | | | | |_Reconstruct                                0.004245   0.002672  1.106e+07  1.843e+05  1.363e+05  1.673e+05  2.524e+05
   2.0%      0.0    5.8%  | | | | |_Riemann                                    0.002343   0.001474  6.132e+06  1.022e+05  5.737e+04  9.493e+04  1.507e+05
   3.1%      0.0          | | | | |_untimed
  18.1%      0.0          | | | |_untimed
   6.8%      0.0          | | |_untimed
   2.5%      0.0    0.7%  | |_CCTK_PRESTEP                                     0.002785   0.002234  7.225e+06  7.225e+05  2.651e+05  6.812e+05  9.667e+05
   2.2%      0.0    1.1%  | | |_CallFunction                                   0.002423   0.001945   6.29e+06  8.986e+04  2.267e+05  4.527e+04  1.728e+05
   3.7%      0.0    0.8%  | |_Poison                                           0.004097   0.003284  1.064e+07  1.064e+06   7.57e+04  1.039e+06  1.102e+06
---------------------------------------------------------------------------------------------------------------------------------------------------------
---------------------------------------------------------------------------------------------------------------------------------------------------------
Time      Time   Imblnc   Timer                                               gettimeof  getrusage      cycle  cycle[avg  cycle[sdv  cycle[min  cycle[max
percent   secs   percent                                                           secs       secs       secs       secs       secs       secs       secs
---------------------------------------------------------------------------------------------------------------------------------------------------------
 100.0%      0.2    0.0%  meta mode                                               0.189     0.1218  4.906e+08  8.176e+07  2.946e+08  1.271e+04  3.026e+08
  71.7%      0.1    0.0%  |_meta mode                                            0.1355    0.07933  3.517e+08  5.862e+07  2.709e+08  1.446e+04  3.026e+08
  65.2%      0.1    1.3%  | |_global mode                                        0.1248    0.07436   3.24e+08   4.32e+06   6.35e+07   6.51e+04  2.558e+07
  60.0%      0.1    0.2%  | | |_level(0)                                         0.1136    0.06862   2.95e+08  1.054e+06  6.801e+07       5174  2.547e+07
   5.0%      0.0    0.6%  | | | |_enter_local_mode                             0.009463   0.005942  2.485e+07  2.099e+04  2.014e+05       3328  7.548e+04
   1.5%      0.0    0.9%  | | | |_enter_singlemap_mode                         0.002795    0.00172  7.389e+06       6235  1.055e+05       3328  5.122e+04
   2.6%      0.0    1.1%  | | | |_leave_local_mode                             0.004892   0.003056  1.275e+07  1.076e+04   1.11e+05       3302  5.996e+04
   1.4%      0.0    0.3%  | | | |_leave_singlemap_mode                         0.002674   0.001644  7.038e+06       5934  8.364e+04       3302    6.1e+04
  49.6%      0.1          | | | |_untimed
   4.5%      0.0          | | |_untimed
   5.6%      0.0          | |_untimed
  28.3%      0.1          | untimed
---------------------------------------------------------------------------------------------------------------------------------------------------------
--------------------------------------------------------------------------------
Done.
+ echo Stopping:
Stopping:
+ date
Tue Aug 11 06:59:45 UTC 2026
+ echo Done.
Done.
  Elapsed time: 1.1 s
