/home/runner/simulations/TestJob01_temp_1/output-0000/TEST/sim/Extract
Preparing:
+ set -e
+ cd output-0000-active
+ echo Checking:
Checking:
+ pwd
/home/runner/simulations/TestJob01_temp_1/output-0000/TEST/sim/Extract/output-0000-active
+ hostname
runnervm3jyl0
+ date
Thu Jun  4 16:55:01 UTC 2026
+ echo Environment:
Environment:
+ export CACTUS_NUM_PROCS=1
+ CACTUS_NUM_PROCS=1
+ export CACTUS_NUM_THREADS=2
+ CACTUS_NUM_THREADS=2
+ export GMON_OUT_PREFIX=gmon.out
+ GMON_OUT_PREFIX=gmon.out
+ export OMP_NUM_THREADS=2
+ OMP_NUM_THREADS=2
+ env
+ sort
+ echo Starting:
Starting:
++ date +%s
+ export CACTUS_STARTTIME=1780592101
+ CACTUS_STARTTIME=1780592101
+ '[' 1 = 1 ']'
+ '[' 0 -eq 0 ']'
+ /home/runner/simulations/TestJob01_temp_1/SIMFACTORY/exe/cactus_sim -L 3 /home/runner/simulations/TestJob01_temp_1/output-0000/arrangements/EinsteinAnalysis/Extract/test/qc0-mclachlan.par
INFO (Cactus): Increased logging level from 0 to 3
--------------------------------------------------------------------------------

       10                                  
  1   0101       ************************  
  01  1010 10      The Cactus Code V4.18.0    
 1010 1101 011      www.cactuscode.org     
  1001 100101    ************************  
    00010101                               
     100011     (c) Copyright The Authors  
      0100      GNU Licensed. No Warranty  
      0101                                 
--------------------------------------------------------------------------------

Cactus version:    4.18.0
Compile date:      Jun 04 2026 (16:46:18)
Run date:          Jun 04 2026 (16:55:02+0000)
Run host:          runnervm3jyl0.qpzkutmjvgyufgtdg0u1on0xvf.phxx.internal.cloudapp.net (pid=169910)
Working directory: /home/runner/simulations/TestJob01_temp_1/output-0000/TEST/sim/Extract
Executable:        /home/runner/simulations/TestJob01_temp_1/SIMFACTORY/exe/cactus_sim
Parameter file:    /home/runner/simulations/TestJob01_temp_1/output-0000/arrangements/EinsteinAnalysis/Extract/test/qc0-mclachlan.par
--------------------------------------------------------------------------------

Activating thorn Cactus...Success -> active implementation Cactus
Activation requested for 
--->IOUtil AEILocalInterp Fortran GSL GenericFD HDF5 LocalInterp LoopControl Slab TGRtensor SummationByParts InitBase Carpet CarpetLib CarpetInterp CarpetReduce CarpetSlab NaNChecker Boundary CartGrid3D CoordBase ReflectionSymmetry SymBase SphericalSurface CarpetMask CarpetRegrid2 CarpetTracker MoL Time ADMBase ADMMacros CoordGauge SpaceMask StaticConformal TmunuBase TwoPunctures ML_BSSN ML_BSSN_Helper NewRad Dissipation CarpetIOBasic CarpetIOScalar CarpetIOASCII Extract<---
Thorn Carpet requests automatic activation of MPI
Thorn Carpet requests automatic activation of Timers
Thorn CarpetLib requests automatic activation of Vectors
Thorn CarpetLib requests automatic activation of Boost
Thorn CarpetLib requests automatic activation of CycleClock
Thorn HDF5 requests automatic activation of zlib
Thorn LoopControl requests automatic activation of hwloc
Thorn TGRtensor requests automatic activation of LAPACK
Thorn LAPACK requests automatic activation of BLAS
Activating thorn ADMBase...Success -> active implementation ADMBase
Activating thorn ADMMacros...Success -> active implementation ADMMacros
Activating thorn AEILocalInterp...Success -> active implementation AEILocalInterp
Activating thorn BLAS...Success -> active implementation BLAS
Activating thorn Boost...Success -> active implementation Boost
Activating thorn Boundary...Success -> active implementation boundary
Activating thorn Carpet...Success -> active implementation Driver
Activating thorn CarpetInterp...Success -> active implementation interp
Activating thorn CarpetIOASCII...Success -> active implementation IOASCII
Activating thorn CarpetIOBasic...Success -> active implementation IOBasic
Activating thorn CarpetIOScalar...Success -> active implementation IOScalar
Activating thorn CarpetLib...Success -> active implementation CarpetLib
Activating thorn CarpetMask...Success -> active implementation CarpetMask
Activating thorn CarpetReduce...Success -> active implementation reduce
Activating thorn CarpetRegrid2...Success -> active implementation CarpetRegrid2
Activating thorn CarpetSlab...Success -> active implementation Hyperslab
Activating thorn CarpetTracker...Success -> active implementation CarpetTracker
Activating thorn CartGrid3D...Success -> active implementation grid
Activating thorn CoordBase...Success -> active implementation CoordBase
Activating thorn CoordGauge...Success -> active implementation CoordGauge
Activating thorn CycleClock...Success -> active implementation CycleClock
Activating thorn Dissipation...Success -> active implementation Dissipation
Activating thorn Extract...Success -> active implementation extract
Activating thorn Fortran...Success -> active implementation Fortran
Activating thorn GenericFD...Success -> active implementation GenericFD
Activating thorn GSL...Success -> active implementation GSL
Activating thorn HDF5...Success -> active implementation HDF5
Activating thorn hwloc...Success -> active implementation hwloc
Activating thorn InitBase...Success -> active implementation InitBase
Activating thorn IOUtil...Success -> active implementation IO
Activating thorn LAPACK...Success -> active implementation LAPACK
Activating thorn LocalInterp...Success -> active implementation LocalInterp
Activating thorn LoopControl...Success -> active implementation LoopControl
Activating thorn ML_BSSN...Success -> active implementation ML_BSSN
Activating thorn ML_BSSN_Helper...Success -> active implementation ML_BSSN_Helper
Activating thorn MoL...Success -> active implementation MethodOfLines
Activating thorn MPI...Success -> active implementation MPI
Activating thorn NaNChecker...Success -> active implementation NaNChecker
Activating thorn NewRad...Success -> active implementation NewRad
Activating thorn ReflectionSymmetry...Success -> active implementation ReflectionSymmetry
Activating thorn Slab...Success -> active implementation Slab
Activating thorn SpaceMask...Success -> active implementation SpaceMask
Activating thorn SphericalSurface...Success -> active implementation SphericalSurface
Activating thorn StaticConformal...Success -> active implementation StaticConformal
Activating thorn SummationByParts...Success -> active implementation SummationByParts
Activating thorn SymBase...Success -> active implementation SymBase
Activating thorn TGRtensor...Success -> active implementation TGRtensor
Activating thorn Time...Success -> active implementation time
Activating thorn Timers...Success -> active implementation Timers
Activating thorn TmunuBase...Success -> active implementation TmunuBase
Activating thorn TwoPunctures...Success -> active implementation TwoPunctures
Activating thorn Vectors...Success -> active implementation Vectors
Activating thorn zlib...Success -> active implementation zlib
--------------------------------------------------------------------------------
  if (recover initial data)
    Recover parameters
  endif

  Startup routines
    [CCTK_STARTUP]
      Carpet::MultiModel_Startup: Multi-model Startup routine
      CycleClock::CycleClock_Setup: Set up CycleClock
      LoopControl::LC_setup: Set up LoopControl
      ML_BSSN_Helper::ML_BSSN_SetGroupTags: [meta] Set checkpointing and prolongation group tags
      Timers::Timer_Startup: Prepare hierarchical timers
      Carpet::Driver_Startup: Startup routine
      CarpetInterp::CarpetInterpStartup: Startup routine
      CarpetReduce::CarpetReduceStartup: Startup routine
      CartGrid3D::SymmetryStartup: Register GH Extension for GridSymmetry
      CoordBase::CoordBase_Startup: Register a GH extension to store the coordinate system handles
      AEILocalInterp::AEILocalInterp_U_Startup: register CCTK_InterpLocalUniform() interpolation operators
      IOUtil::IOUtil_Startup: Startup routine
      LocalInterp::LocalInterp_Startup: register LocalInterp's interpolation operators
      CarpetIOBasic::CarpetIOBasicStartup: [global] Startup routine
      ML_BSSN::ML_BSSN_Startup: [meta] create banner
      ML_BSSN_Helper::ML_BSSN_RegisterSlicing: [meta] Register slicing
      CarpetIOScalar::CarpetIOScalarStartup: [global] Startup routine
      MoL::MoL_Startup: Startup banner
      Slab::Slab_InitMPIDatatypes: Create MPI datatypes for complex variables in C
      SymBase::SymBase_Startup: Register GH Extension for SymBase
      CarpetIOASCII::CarpetIOASCIIStartup: [global] Startup routine
      Vectors::Vectors_Startup: Print startup message
      GROUP hwloc_startup: hwloc startup group
        hwloc::hwloc_version: Output hwloc version

  Startup routines which need an existing grid hierarchy
    [CCTK_WRAGH]
      ADMBase::Einstein_InitSymBound: [global] Set up GF symmetries
      Boundary::Boundary_RegisterBCs: [global] Register boundary conditions that this thorn provides
      CarpetRegrid2::CarpetRegrid2_Initialise: [global] Initialise locations of refined regions
      CartGrid3D::RegisterCartGrid3DCoords: [meta] Register coordinates for the Cartesian grid
      CoordGauge::Einstein_ActivateSlicing: Initialize slicing, setup priorities for mixed slicings
      CoordGauge::Einstein_SetNextSlicing: Identify the slicing for the next iteration
      ML_BSSN_Helper::ML_BSSN_ParamCompat: [meta] Handle parameter backward compatibility
      MoL::MoL_SetupIndexArrays: Set up the MoL bookkeeping index arrays
      MoL::MoL_SetScheduleStatus: [global] Set the flag so it is ok to register with MoL
      TmunuBase::TmunuBase_SetStressEnergyState: [global] Set the stress_energy_state variable
      GROUP MoL_Register: The group where physics thorns register variables with MoL
        ML_BSSN::ML_BSSN_RegisterVars: [meta] Register Variables for MoL
        ML_BSSN_Helper::ML_BSSN_RegisterConstrained: [meta] Register ADMBase variables as constrained
      Slab::Slab_InitTimers: Initialise timers
      GROUP SymBase_Wrapper: Wrapper group for SymBase
        GROUP SymmetryRegister: Register your symmetries here
          CartGrid3D::CartGrid3D_RegisterSymmetryBoundaries: [meta] Register symmetry boundaries
          ML_BSSN::ML_BSSN_RegisterSymmetries: [meta] register symmetries
          ReflectionSymmetry::ReflectionSymmetry_Register: Register reflection symmetry boundaries
        SymBase::SymBase_Statistics: Print symmetry boundary face descriptions
      MoL::MoL_ReportNumberVariables: [meta] Report how many of each type of variable there are
  Parameter checking routines
    [CCTK_PARAMCHECK]
      ADMBase::ADMBase_ParamCheck: [global] Check consistency of parameters
      Boundary::Boundary_Check: Check dimension of grid variables
      Carpet::CarpetParamCheck: Parameter checking routine
      CarpetLib::CarpetLib_test_prolongate_3d_rf2: [global] Test prolongation operators
      CarpetMask::CarpetSurfaceParamCheck: [global] Check parameters
      CarpetRegrid2::CarpetRegrid2_ParamCheck: Check parameters
      CartGrid3D::ParamCheck_CartGrid3D: Check coordinates for CartGrid3D
      Dissipation::dissipation_paramcheck: Check dissipation parameters for consistency
      Extract::Extract_ParamCheck: [global] Check parameters
      Fortran::CheckFortranParameters: Test whether Fortran parameters work correctly
      ML_BSSN_Helper::ML_BSSN_ParamCheck: [meta] Check parameters
      MoL::MoL_ParamCheck: Basic parameter checking
      SphericalSurface::SphericalSurface_ParamCheck: [global] Check that all surface names are unique
      TmunuBase::TmunuBase_ParamCheck: [global] Check that no deprecated parameters are used.
      TwoPunctures::TwoPunctures_ParamCheck: Check parameters and thorn needs
      Vectors::Vectors_Test: Run correctness tests.

  Initialisation
    if (NOT (recover initial data AND recovery_mode is 'strict'))
      [CCTK_PREREGRIDINITIAL]
      Set up grid hierarchy
      [CCTK_POSTREGRIDINITIAL]
        CartGrid3D::SpatialCoordinates: Set Coordinates after regridding
        GROUP MaskBase_SetupMask: Set up the weight function
          GROUP MaskBase_SetupMaskAll: Set up the weight function
            CarpetReduce::MaskBase_AllocateMask: [global] Allocate the weight function
            CarpetReduce::MaskBase_InitMask: [global] [loop-local] Initialise the weight function
            GROUP SetupIMaskInternal: Set up the integer weight function (schedule other routines in here)
              CarpetReduce::CoordBase_SetupMask: [global] [loop-local] Set up the outer boundaries of the weight function
              CarpetReduce::CarpetMaskSetup: [global] [loop-singlemap] Set up the weight function for the restriction regions
            GROUP SetupIMask: Set up the integer weight function (schedule other routines in here)
              CarpetMask::CarpetExcludedSetup: [global] [loop-local] Set up the weight function for the excluded regions
              CarpetMask::CarpetSurfaceSetup: [global] [loop-local] Set up the weight function for the excluded spherical surfaces
            CarpetReduce::MaskBase_SetMask: [global] [loop-local] Set the weight function
            GROUP SetupMask: Set up the real weight function (schedule other routines in here)
            CarpetReduce::MaskBase_TestMask: [global] Test the weight function
        Dissipation::setup_epsdis: Setup spatially varying dissipation
        GROUP MoL_PseudoEvolutionBoundaries: Apply boundary conditions to pseudo-evolved quantities
          GROUP ML_BSSN_ConstraintsEverywhere_bc_group: ML_BSSN_ConstraintsEverywhere
            ML_BSSN::ML_BSSN_ConstraintsEverywhere_SelectBCs: [level] ML_BSSN_ConstraintsEverywhere_SelectBCs
            GROUP ML_BSSN_ConstraintsEverywhere_ApplyBCs: Apply BCs for groups set in ML_BSSN_ConstraintsEverywhere
              GROUP BoundaryConditions: Execute all boundary conditions
                Boundary::Boundary_ApplyPhysicalBCs: Apply all requested local physical boundary conditions
                CartGrid3D::CartGrid3D_ApplyBC: Apply symmetry boundary conditions
                ReflectionSymmetry::ReflectionSymmetry_Apply: Apply reflection symmetries
              Boundary::Boundary_ClearSelection: [level] Unselect all grid variables for boundary conditions
          GROUP ML_BSSN_ConstraintsInterior_bc_group: ML_BSSN_ConstraintsInterior
            ML_BSSN::ML_BSSN_ConstraintsInterior_SelectBCs: [level] ML_BSSN_ConstraintsInterior_SelectBCs
            GROUP ML_BSSN_ConstraintsInterior_ApplyBCs: Apply BCs for groups set in ML_BSSN_ConstraintsInterior
              GROUP BoundaryConditions: Execute all boundary conditions
                Boundary::Boundary_ApplyPhysicalBCs: Apply all requested local physical boundary conditions
                CartGrid3D::CartGrid3D_ApplyBC: Apply symmetry boundary conditions
                ReflectionSymmetry::ReflectionSymmetry_Apply: Apply reflection symmetries
              Boundary::Boundary_ClearSelection: [level] Unselect all grid variables for boundary conditions
      [CCTK_BASEGRID]
        ADMBase::ADMBase_SetShiftStateOn: Set the shift_state variable to 1
        ADMBase::ADMBase_SetDtLapseStateOn: Set the dtlapse_state variable to 1
        ADMBase::ADMBase_SetDtShiftStateOn: Set the dtshift_state variable to 1
        ADMMacros::ADMMacros_SetLocalSpatialOrder: Initialize the local_spatial_order
        CartGrid3D::SpatialSpacings: Set up ranges for spatial 3D Cartesian coordinates (on all grids)
        CartGrid3D::SpatialCoordinates: Set up spatial 3D Cartesian coordinates on the GH
        SphericalSurface::SphericalSurface_SetupRes: [global] [loop-local] Set surface resolution automatically
        Dissipation::dissipation_basegrid: Ensure that there are enough ghost zones
        ML_BSSN::ML_BSSN_CheckBoundaries: [meta] check boundaries treatment
        NaNChecker::NaNChecker_ResetCounter: [global] Reset the NaNChecker::NaNsFound counter
        SphericalSurface::SphericalSurface_Setup: [global] Calculate surface coordinate descriptors
        GROUP MaskBase_SetupMask: Set up the weight function
          GROUP MaskBase_SetupMaskAll: Set up the weight function
            CarpetReduce::MaskBase_AllocateMask: [global] Allocate the weight function
            CarpetReduce::MaskBase_InitMask: [global] [loop-local] Initialise the weight function
            GROUP SetupIMaskInternal: Set up the integer weight function (schedule other routines in here)
              CarpetReduce::CoordBase_SetupMask: [global] [loop-local] Set up the outer boundaries of the weight function
              CarpetReduce::CarpetMaskSetup: [global] [loop-singlemap] Set up the weight function for the restriction regions
            GROUP SetupIMask: Set up the integer weight function (schedule other routines in here)
              CarpetMask::CarpetExcludedSetup: [global] [loop-local] Set up the weight function for the excluded regions
              CarpetMask::CarpetSurfaceSetup: [global] [loop-local] Set up the weight function for the excluded spherical surfaces
            CarpetReduce::MaskBase_SetMask: [global] [loop-local] Set the weight function
            GROUP SetupMask: Set up the real weight function (schedule other routines in here)
            CarpetReduce::MaskBase_TestMask: [global] Test the weight function
        SphericalSurface::SphericalSurface_Set: [global] Set surface radii to be used for initial setup in other thorns
        GROUP SphericalSurface_HasBeenSet: Set the spherical surfaces before this group, and use it afterwards
          SphericalSurface::SphericalSurface_CheckState: [global] Test the state of the spherical surfaces
        SummationByParts::SBP_SetNormMask: Setup the mask for the calculation of the norm
        SymBase::SymBase_Check: Check whether the driver set up the grid consistently
        Time::Time_Initialise: [global] Initialise Time variables
        Time::TemporalSpacings: [singlemap] Set timestep based on Courant condition (courant_static)
      [CCTK_INITIAL]
        StaticConformal::StaticConformal_InitialiseState: Set the conformal_state variable to 0
        GROUP ADMBase_InitialData: Schedule group for calculating ADM initial data
          GROUP TwoPunctures_Group: TwoPunctures initial data group
            TwoPunctures::TwoPunctures: Create puncture black hole initial data
            TwoPunctures::TwoPunctures_Metadata: [global] Output TwoPunctures metadata
        GROUP ADMBase_InitialGauge: Schedule group for the ADM initial gauge condition
          ADMBase::ADMBase_ShiftZero: Set the shift to 0 at all points
          ADMBase::ADMBase_DtLapseZero: Set the dtlapse to 0 at all points
          ADMBase::ADMBase_DtShiftZero: Set the dtshift to 0 at all points
        CarpetIOASCII::CarpetIOASCIIInit: [global] Initialisation routine
        CarpetIOBasic::CarpetIOBasicInit: [global] Initialisation routine
        CarpetIOScalar::CarpetIOScalarInit: [global] Initialisation routine
        GROUP ADMBase_PostInitial: Schedule group for modifying the ADM initial data, such as e.g. adding noise
        ML_BSSN::ML_BSSN_InitialADMBase1Everywhere: ML_BSSN_InitialADMBase1Everywhere
        ML_BSSN::ML_BSSN_InitialADMBase2BoundaryScalar: ML_BSSN_InitialADMBase2BoundaryScalar
        ML_BSSN::ML_BSSN_InitialADMBase2Interior: ML_BSSN_InitialADMBase2Interior
        MoL::MoL_StartLoop: [level] Initialise the step size control
        ML_BSSN_Helper::ML_BSSN_ExtrapolateGammas: Extrapolate Gammas and time derivatives of lapse and shift
      [CCTK_POSTINITIAL]
        GROUP MoL_PostStepModify: The group for physics thorns to schedule enforcing constraints
          ML_BSSN::ML_BSSN_EnforceEverywhere: ML_BSSN_EnforceEverywhere
        GROUP MoL_PostStep: Ensure that everything is correct after the initial data have been set up
          ML_BSSN::ML_BSSN_SelectBoundConds: [level] select boundary conditions
          GROUP ML_BSSN_ApplyBCs: Apply boundary conditions controlled by thorn Boundary
            GROUP BoundaryConditions: Execute all boundary conditions
              Boundary::Boundary_ApplyPhysicalBCs: Apply all requested local physical boundary conditions
              CartGrid3D::CartGrid3D_ApplyBC: Apply symmetry boundary conditions
              ReflectionSymmetry::ReflectionSymmetry_Apply: Apply reflection symmetries
            Boundary::Boundary_ClearSelection: [level] Unselect all grid variables for boundary conditions
          ML_BSSN::ML_BSSN_ADMBaseInterior: ML_BSSN_ADMBaseInterior
          ML_BSSN::ML_BSSN_ADMBaseBoundaryScalar: ML_BSSN_ADMBaseBoundaryScalar
          ML_BSSN::ML_BSSN_ADMBaseEverywhere: ML_BSSN_ADMBaseEverywhere
          ML_BSSN_Helper::ML_BSSN_ADMBase_SelectBCs: [level] Select boundary conditions for ADMBase variables
          GROUP ML_BSSN_ADMBase_ApplyBCs: Apply boundary conditions to ADMBase variables
            GROUP BoundaryConditions: Execute all boundary conditions
              Boundary::Boundary_ApplyPhysicalBCs: Apply all requested local physical boundary conditions
              CartGrid3D::CartGrid3D_ApplyBC: Apply symmetry boundary conditions
              ReflectionSymmetry::ReflectionSymmetry_Apply: Apply reflection symmetries
            Boundary::Boundary_ClearSelection: [level] Unselect all grid variables for boundary conditions
          GROUP ADMBase_SetADMVars: Set the ADM variables before this group, and use them afterwards
        GROUP MoL_PseudoEvolution: Calculate pseudo-evolved quantities
          GROUP ADMBase_SetADMVars: Set the ADM variables before this group, and use them afterwards
          GROUP ML_BSSN_ConstraintsEverywhere_group: ML_BSSN_ConstraintsEverywhere
            ML_BSSN::ML_BSSN_ConstraintsEverywhere: ML_BSSN_ConstraintsEverywhere
            GROUP ML_BSSN_ConstraintsEverywhere_bc_group: ML_BSSN_ConstraintsEverywhere
              ML_BSSN::ML_BSSN_ConstraintsEverywhere_SelectBCs: [level] ML_BSSN_ConstraintsEverywhere_SelectBCs
              GROUP ML_BSSN_ConstraintsEverywhere_ApplyBCs: Apply BCs for groups set in ML_BSSN_ConstraintsEverywhere
                GROUP BoundaryConditions: Execute all boundary conditions
                  Boundary::Boundary_ApplyPhysicalBCs: Apply all requested local physical boundary conditions
                  CartGrid3D::CartGrid3D_ApplyBC: Apply symmetry boundary conditions
                  ReflectionSymmetry::ReflectionSymmetry_Apply: Apply reflection symmetries
                Boundary::Boundary_ClearSelection: [level] Unselect all grid variables for boundary conditions
          GROUP ML_BSSN_ConstraintsInterior_group: ML_BSSN_ConstraintsInterior
            ML_BSSN::ML_BSSN_ConstraintsInterior: ML_BSSN_ConstraintsInterior
            GROUP ML_BSSN_ConstraintsInterior_bc_group: ML_BSSN_ConstraintsInterior
              ML_BSSN::ML_BSSN_ConstraintsInterior_SelectBCs: [level] ML_BSSN_ConstraintsInterior_SelectBCs
              GROUP ML_BSSN_ConstraintsInterior_ApplyBCs: Apply BCs for groups set in ML_BSSN_ConstraintsInterior
                GROUP BoundaryConditions: Execute all boundary conditions
                  Boundary::Boundary_ApplyPhysicalBCs: Apply all requested local physical boundary conditions
                  CartGrid3D::CartGrid3D_ApplyBC: Apply symmetry boundary conditions
                  ReflectionSymmetry::ReflectionSymmetry_Apply: Apply reflection symmetries
                Boundary::Boundary_ClearSelection: [level] Unselect all grid variables for boundary conditions
        SummationByParts::SBP_CheckGridSizes: Check grid sizes and ghost zones
      Initialise finer grids recursively
      Restrict from finer grids
      [CCTK_POSTRESTRICTINITIAL]
        GROUP MoL_PostStep: Ensure that everything is correct after restriction
          ML_BSSN::ML_BSSN_SelectBoundConds: [level] select boundary conditions
          GROUP ML_BSSN_ApplyBCs: Apply boundary conditions controlled by thorn Boundary
            GROUP BoundaryConditions: Execute all boundary conditions
              Boundary::Boundary_ApplyPhysicalBCs: Apply all requested local physical boundary conditions
              CartGrid3D::CartGrid3D_ApplyBC: Apply symmetry boundary conditions
              ReflectionSymmetry::ReflectionSymmetry_Apply: Apply reflection symmetries
            Boundary::Boundary_ClearSelection: [level] Unselect all grid variables for boundary conditions
          ML_BSSN::ML_BSSN_ADMBaseInterior: ML_BSSN_ADMBaseInterior
          ML_BSSN::ML_BSSN_ADMBaseBoundaryScalar: ML_BSSN_ADMBaseBoundaryScalar
          ML_BSSN::ML_BSSN_ADMBaseEverywhere: ML_BSSN_ADMBaseEverywhere
          ML_BSSN_Helper::ML_BSSN_ADMBase_SelectBCs: [level] Select boundary conditions for ADMBase variables
          GROUP ML_BSSN_ADMBase_ApplyBCs: Apply boundary conditions to ADMBase variables
            GROUP BoundaryConditions: Execute all boundary conditions
              Boundary::Boundary_ApplyPhysicalBCs: Apply all requested local physical boundary conditions
              CartGrid3D::CartGrid3D_ApplyBC: Apply symmetry boundary conditions
              ReflectionSymmetry::ReflectionSymmetry_Apply: Apply reflection symmetries
            Boundary::Boundary_ClearSelection: [level] Unselect all grid variables for boundary conditions
          GROUP ADMBase_SetADMVars: Set the ADM variables before this group, and use them afterwards
        GROUP MoL_PseudoEvolutionBoundaries: Apply boundary conditions to pseudo-evolved quantities
          GROUP ML_BSSN_ConstraintsEverywhere_bc_group: ML_BSSN_ConstraintsEverywhere
            ML_BSSN::ML_BSSN_ConstraintsEverywhere_SelectBCs: [level] ML_BSSN_ConstraintsEverywhere_SelectBCs
            GROUP ML_BSSN_ConstraintsEverywhere_ApplyBCs: Apply BCs for groups set in ML_BSSN_ConstraintsEverywhere
              GROUP BoundaryConditions: Execute all boundary conditions
                Boundary::Boundary_ApplyPhysicalBCs: Apply all requested local physical boundary conditions
                CartGrid3D::CartGrid3D_ApplyBC: Apply symmetry boundary conditions
                ReflectionSymmetry::ReflectionSymmetry_Apply: Apply reflection symmetries
              Boundary::Boundary_ClearSelection: [level] Unselect all grid variables for boundary conditions
          GROUP ML_BSSN_ConstraintsInterior_bc_group: ML_BSSN_ConstraintsInterior
            ML_BSSN::ML_BSSN_ConstraintsInterior_SelectBCs: [level] ML_BSSN_ConstraintsInterior_SelectBCs
            GROUP ML_BSSN_ConstraintsInterior_ApplyBCs: Apply BCs for groups set in ML_BSSN_ConstraintsInterior
              GROUP BoundaryConditions: Execute all boundary conditions
                Boundary::Boundary_ApplyPhysicalBCs: Apply all requested local physical boundary conditions
                CartGrid3D::CartGrid3D_ApplyBC: Apply symmetry boundary conditions
                ReflectionSymmetry::ReflectionSymmetry_Apply: Apply reflection symmetries
              Boundary::Boundary_ClearSelection: [level] Unselect all grid variables for boundary conditions
      [CCTK_POSTPOSTINITIAL]
      [CCTK_POSTSTEP]
        SphericalSurface::SphericalSurface_Set: [global] Set surface radii
        GROUP SphericalSurface_HasBeenSet: Set the spherical surfaces before this group, and use it afterwards
          SphericalSurface::SphericalSurface_CheckState: [global] Test the state of the spherical surfaces
        Extract::Extract: Extract waveforms
        GROUP zzz_NaNChecker_NaNCheck: Check for NaNs and count them in NaNChecker::NaNsFound
          NaNChecker::NaNChecker_NaNCheck_Prepare: [level] Prepare data structures to check for NaNs
          NaNChecker::NaNChecker_NaNCheck_Check: [local] Check for NaNs
          NaNChecker::NaNChecker_NaNCheck_Finish: [level] Count NaNs in NaNChecker::NaNsFound
        NaNChecker::NaNChecker_TakeAction: [global] [loop-level] Output NaNChecker::NaNmask and take action according to NaNChecker::action_if_found
        Dissipation::setup_epsdis: Setup spatially varying dissipation
        GROUP MaskBase_SetupMask: Set up the weight function
          GROUP MaskBase_SetupMaskAll: Set up the weight function
            CarpetReduce::MaskBase_AllocateMask: [global] Allocate the weight function
            CarpetReduce::MaskBase_InitMask: [global] [loop-local] Initialise the weight function
            GROUP SetupIMaskInternal: Set up the integer weight function (schedule other routines in here)
              CarpetReduce::CoordBase_SetupMask: [global] [loop-local] Set up the outer boundaries of the weight function
              CarpetReduce::CarpetMaskSetup: [global] [loop-singlemap] Set up the weight function for the restriction regions
            GROUP SetupIMask: Set up the integer weight function (schedule other routines in here)
              CarpetMask::CarpetExcludedSetup: [global] [loop-local] Set up the weight function for the excluded regions
              CarpetMask::CarpetSurfaceSetup: [global] [loop-local] Set up the weight function for the excluded spherical surfaces
            CarpetReduce::MaskBase_SetMask: [global] [loop-local] Set the weight function
            GROUP SetupMask: Set up the real weight function (schedule other routines in here)
            CarpetReduce::MaskBase_TestMask: [global] Test the weight function
    endif
    if (recover initial data)
      [CCTK_BASEGRID]
        ADMBase::ADMBase_SetShiftStateOn: Set the shift_state variable to 1
        ADMBase::ADMBase_SetDtLapseStateOn: Set the dtlapse_state variable to 1
        ADMBase::ADMBase_SetDtShiftStateOn: Set the dtshift_state variable to 1
        ADMMacros::ADMMacros_SetLocalSpatialOrder: Initialize the local_spatial_order
        CartGrid3D::SpatialSpacings: Set up ranges for spatial 3D Cartesian coordinates (on all grids)
        CartGrid3D::SpatialCoordinates: Set up spatial 3D Cartesian coordinates on the GH
        SphericalSurface::SphericalSurface_SetupRes: [global] [loop-local] Set surface resolution automatically
        Dissipation::dissipation_basegrid: Ensure that there are enough ghost zones
        ML_BSSN::ML_BSSN_CheckBoundaries: [meta] check boundaries treatment
        NaNChecker::NaNChecker_ResetCounter: [global] Reset the NaNChecker::NaNsFound counter
        SphericalSurface::SphericalSurface_Setup: [global] Calculate surface coordinate descriptors
        GROUP MaskBase_SetupMask: Set up the weight function
          GROUP MaskBase_SetupMaskAll: Set up the weight function
            CarpetReduce::MaskBase_AllocateMask: [global] Allocate the weight function
            CarpetReduce::MaskBase_InitMask: [global] [loop-local] Initialise the weight function
            GROUP SetupIMaskInternal: Set up the integer weight function (schedule other routines in here)
              CarpetReduce::CoordBase_SetupMask: [global] [loop-local] Set up the outer boundaries of the weight function
              CarpetReduce::CarpetMaskSetup: [global] [loop-singlemap] Set up the weight function for the restriction regions
            GROUP SetupIMask: Set up the integer weight function (schedule other routines in here)
              CarpetMask::CarpetExcludedSetup: [global] [loop-local] Set up the weight function for the excluded regions
              CarpetMask::CarpetSurfaceSetup: [global] [loop-local] Set up the weight function for the excluded spherical surfaces
            CarpetReduce::MaskBase_SetMask: [global] [loop-local] Set the weight function
            GROUP SetupMask: Set up the real weight function (schedule other routines in here)
            CarpetReduce::MaskBase_TestMask: [global] Test the weight function
        SphericalSurface::SphericalSurface_Set: [global] Set surface radii to be used for initial setup in other thorns
        GROUP SphericalSurface_HasBeenSet: Set the spherical surfaces before this group, and use it afterwards
          SphericalSurface::SphericalSurface_CheckState: [global] Test the state of the spherical surfaces
        SummationByParts::SBP_SetNormMask: Setup the mask for the calculation of the norm
        SymBase::SymBase_Check: Check whether the driver set up the grid consistently
        Time::Time_Initialise: [global] Initialise Time variables
        Time::TemporalSpacings: [singlemap] Set timestep based on Courant condition (courant_static)
      [CCTK_RECOVER_VARIABLES]
      [CCTK_POST_RECOVER_VARIABLES]
        GROUP MaskBase_SetupMask: Set up the weight function
          GROUP MaskBase_SetupMaskAll: Set up the weight function
            CarpetReduce::MaskBase_AllocateMask: [global] Allocate the weight function
            CarpetReduce::MaskBase_InitMask: [global] [loop-local] Initialise the weight function
            GROUP SetupIMaskInternal: Set up the integer weight function (schedule other routines in here)
              CarpetReduce::CoordBase_SetupMask: [global] [loop-local] Set up the outer boundaries of the weight function
              CarpetReduce::CarpetMaskSetup: [global] [loop-singlemap] Set up the weight function for the restriction regions
            GROUP SetupIMask: Set up the integer weight function (schedule other routines in here)
              CarpetMask::CarpetExcludedSetup: [global] [loop-local] Set up the weight function for the excluded regions
              CarpetMask::CarpetSurfaceSetup: [global] [loop-local] Set up the weight function for the excluded spherical surfaces
            CarpetReduce::MaskBase_SetMask: [global] [loop-local] Set the weight function
            GROUP SetupMask: Set up the real weight function (schedule other routines in here)
            CarpetReduce::MaskBase_TestMask: [global] Test the weight function
        GROUP MoL_PostStep: Ensure that everything is correct after recovery
          ML_BSSN::ML_BSSN_SelectBoundConds: [level] select boundary conditions
          GROUP ML_BSSN_ApplyBCs: Apply boundary conditions controlled by thorn Boundary
            GROUP BoundaryConditions: Execute all boundary conditions
              Boundary::Boundary_ApplyPhysicalBCs: Apply all requested local physical boundary conditions
              CartGrid3D::CartGrid3D_ApplyBC: Apply symmetry boundary conditions
              ReflectionSymmetry::ReflectionSymmetry_Apply: Apply reflection symmetries
            Boundary::Boundary_ClearSelection: [level] Unselect all grid variables for boundary conditions
          ML_BSSN::ML_BSSN_ADMBaseInterior: ML_BSSN_ADMBaseInterior
          ML_BSSN::ML_BSSN_ADMBaseBoundaryScalar: ML_BSSN_ADMBaseBoundaryScalar
          ML_BSSN::ML_BSSN_ADMBaseEverywhere: ML_BSSN_ADMBaseEverywhere
          ML_BSSN_Helper::ML_BSSN_ADMBase_SelectBCs: [level] Select boundary conditions for ADMBase variables
          GROUP ML_BSSN_ADMBase_ApplyBCs: Apply boundary conditions to ADMBase variables
            GROUP BoundaryConditions: Execute all boundary conditions
              Boundary::Boundary_ApplyPhysicalBCs: Apply all requested local physical boundary conditions
              CartGrid3D::CartGrid3D_ApplyBC: Apply symmetry boundary conditions
              ReflectionSymmetry::ReflectionSymmetry_Apply: Apply reflection symmetries
            Boundary::Boundary_ClearSelection: [level] Unselect all grid variables for boundary conditions
          GROUP ADMBase_SetADMVars: Set the ADM variables before this group, and use them afterwards
        GROUP zzz_NaNChecker_NaNCheck: Check for NaNs and count them in NaNChecker::NaNsFound
          NaNChecker::NaNChecker_NaNCheck_Prepare: [level] Prepare data structures to check for NaNs
          NaNChecker::NaNChecker_NaNCheck_Check: [local] Check for NaNs
          NaNChecker::NaNChecker_NaNCheck_Finish: [level] Count NaNs in NaNChecker::NaNsFound
        NaNChecker::NaNChecker_TakeAction: [global] [loop-level] Output NaNChecker::NaNmask and take action according to NaNChecker::action_if_found
    endif
    if (checkpoint initial data)
      [CCTK_CPINITIAL]
    endif
    if (analysis)
      [CCTK_ANALYSIS]
        CarpetLib::CarpetLib_printtimestats: [global] Print timing statistics if desired
        CarpetLib::CarpetLib_printmemstats: [global] Print memory statistics if desired
        LoopControl::LC_statistics_analysis: [meta] Output LoopControl statistics
        GROUP ML_BSSN_EvolutionAnalysis: Calculate RHS at analysis
          ML_BSSN::ML_BSSN_EvolutionAnalysisInit: ML_BSSN_EvolutionAnalysisInit
          ML_BSSN::ML_BSSN_EvolutionAnalysisInterior: ML_BSSN_EvolutionAnalysisInterior
          ML_BSSN_Helper::ML_BSSN_NewRad: Apply NewRad boundary conditions to RHS
  endif
  Output grid variables

  do loop over timesteps
    [CCTK_PREREGRID]
      CarpetTracker::CarpetTracker_SetPositions: [global] Set positions of refined regions
    Change grid hierarchy
    [CCTK_POSTREGRID]
      CartGrid3D::SpatialCoordinates: Set Coordinates after regridding
      GROUP MaskBase_SetupMask: Set up the weight function
        GROUP MaskBase_SetupMaskAll: Set up the weight function
          CarpetReduce::MaskBase_AllocateMask: [global] Allocate the weight function
          CarpetReduce::MaskBase_InitMask: [global] [loop-local] Initialise the weight function
          GROUP SetupIMaskInternal: Set up the integer weight function (schedule other routines in here)
            CarpetReduce::CoordBase_SetupMask: [global] [loop-local] Set up the outer boundaries of the weight function
            CarpetReduce::CarpetMaskSetup: [global] [loop-singlemap] Set up the weight function for the restriction regions
          GROUP SetupIMask: Set up the integer weight function (schedule other routines in here)
            CarpetMask::CarpetExcludedSetup: [global] [loop-local] Set up the weight function for the excluded regions
            CarpetMask::CarpetSurfaceSetup: [global] [loop-local] Set up the weight function for the excluded spherical surfaces
          CarpetReduce::MaskBase_SetMask: [global] [loop-local] Set the weight function
          GROUP SetupMask: Set up the real weight function (schedule other routines in here)
          CarpetReduce::MaskBase_TestMask: [global] Test the weight function
      Dissipation::setup_epsdis: Setup spatially varying dissipation
      GROUP MoL_PostStep: Ensure that everything is correct after regridding
        ML_BSSN::ML_BSSN_SelectBoundConds: [level] select boundary conditions
        GROUP ML_BSSN_ApplyBCs: Apply boundary conditions controlled by thorn Boundary
          GROUP BoundaryConditions: Execute all boundary conditions
            Boundary::Boundary_ApplyPhysicalBCs: Apply all requested local physical boundary conditions
            CartGrid3D::CartGrid3D_ApplyBC: Apply symmetry boundary conditions
            ReflectionSymmetry::ReflectionSymmetry_Apply: Apply reflection symmetries
          Boundary::Boundary_ClearSelection: [level] Unselect all grid variables for boundary conditions
        ML_BSSN::ML_BSSN_ADMBaseInterior: ML_BSSN_ADMBaseInterior
        ML_BSSN::ML_BSSN_ADMBaseBoundaryScalar: ML_BSSN_ADMBaseBoundaryScalar
        ML_BSSN::ML_BSSN_ADMBaseEverywhere: ML_BSSN_ADMBaseEverywhere
        ML_BSSN_Helper::ML_BSSN_ADMBase_SelectBCs: [level] Select boundary conditions for ADMBase variables
        GROUP ML_BSSN_ADMBase_ApplyBCs: Apply boundary conditions to ADMBase variables
          GROUP BoundaryConditions: Execute all boundary conditions
            Boundary::Boundary_ApplyPhysicalBCs: Apply all requested local physical boundary conditions
            CartGrid3D::CartGrid3D_ApplyBC: Apply symmetry boundary conditions
            ReflectionSymmetry::ReflectionSymmetry_Apply: Apply reflection symmetries
          Boundary::Boundary_ClearSelection: [level] Unselect all grid variables for boundary conditions
        GROUP ADMBase_SetADMVars: Set the ADM variables before this group, and use them afterwards
      GROUP MoL_PseudoEvolutionBoundaries: Apply boundary conditions to pseudo-evolved quantities
        GROUP ML_BSSN_ConstraintsEverywhere_bc_group: ML_BSSN_ConstraintsEverywhere
          ML_BSSN::ML_BSSN_ConstraintsEverywhere_SelectBCs: [level] ML_BSSN_ConstraintsEverywhere_SelectBCs
          GROUP ML_BSSN_ConstraintsEverywhere_ApplyBCs: Apply BCs for groups set in ML_BSSN_ConstraintsEverywhere
            GROUP BoundaryConditions: Execute all boundary conditions
              Boundary::Boundary_ApplyPhysicalBCs: Apply all requested local physical boundary conditions
              CartGrid3D::CartGrid3D_ApplyBC: Apply symmetry boundary conditions
              ReflectionSymmetry::ReflectionSymmetry_Apply: Apply reflection symmetries
            Boundary::Boundary_ClearSelection: [level] Unselect all grid variables for boundary conditions
        GROUP ML_BSSN_ConstraintsInterior_bc_group: ML_BSSN_ConstraintsInterior
          ML_BSSN::ML_BSSN_ConstraintsInterior_SelectBCs: [level] ML_BSSN_ConstraintsInterior_SelectBCs
          GROUP ML_BSSN_ConstraintsInterior_ApplyBCs: Apply BCs for groups set in ML_BSSN_ConstraintsInterior
            GROUP BoundaryConditions: Execute all boundary conditions
              Boundary::Boundary_ApplyPhysicalBCs: Apply all requested local physical boundary conditions
              CartGrid3D::CartGrid3D_ApplyBC: Apply symmetry boundary conditions
              ReflectionSymmetry::ReflectionSymmetry_Apply: Apply reflection symmetries
            Boundary::Boundary_ClearSelection: [level] Unselect all grid variables for boundary conditions
    Rotate timelevels
    iteration = iteration+1
    t = t+dt
    [CCTK_PRESTEP]
      CoordGauge::Einstein_SetNextSlicing: Identify the slicing for the next iteration
      LoopControl::LC_steer: [meta] Update LoopControl algorithm preferences
      NaNChecker::NaNChecker_ResetCounter: [global] Reset the NaNChecker::NaNsFound counter
    [CCTK_EVOL]
      MoL::MoL_StartLoop: [level] Initialise the step size control
      while (MoL::MoL_Stepsize_Bad)
        GROUP MoL_Evolution: A single Cactus evolution step using MoL
          GROUP MoL_StartStep: MoL internal setup for the evolution step
            MoL::MoL_SetCounter: [level] Set the counter for the ODE method to loop over
            MoL::MoL_SetTime: [level] Ensure the correct time and timestep are used
            MoL::MoL_AllocateScratchSpace: [level] Allocate storage for scratch levels
          GROUP MoL_PreStep: Physics thorns can schedule preloop setup routines in here
          MoL::MoL_AllocateScratch: Allocate sufficient space for array scratch variables
          MoL::MoL_InitialCopy: Ensure the data is in the correct timelevel
          while (MoL::MoL_Intermediate_Step)
            GROUP MoL_Step: The loop over the intermediate steps for the ODE integrator
              MoL::MoL_InitRHS: Initialise the RHS functions
              GROUP MoL_CalcRHS: Physics thorns schedule the calculation of the discrete spatial operator in here
                ML_BSSN::ML_BSSN_EvolutionBoundaryScalar: ML_BSSN_EvolutionBoundaryScalar
                GROUP ML_BSSN_EvolutionInteriorSplitBy: 
                  ML_BSSN::ML_BSSN_EvolutionInteriorSplitBy1: ML_BSSN_EvolutionInteriorSplitBy1
                  ML_BSSN::ML_BSSN_EvolutionInteriorSplitBy2: ML_BSSN_EvolutionInteriorSplitBy2
                  ML_BSSN::ML_BSSN_EvolutionInteriorSplitBy3: ML_BSSN_EvolutionInteriorSplitBy3
                ML_BSSN_Helper::ML_BSSN_NewRad: Apply NewRad boundary conditions to RHS
              GROUP MoL_PostRHS: Modify RHS functions
                Dissipation::dissipation_add: Add Kreiss-Oliger dissipation to the right hand sides
              GROUP MoL_RHSBoundaries: Any 'final' modifications to the RHS functions (boundaries etc.)
              MoL::MoL_Add: Updates calculated with the efficient Runge-Kutta 4 method
              MoL::MoL_DecrementCounter: [level] Alter the counter number
              MoL::MoL_ResetTime: [level] If necessary, change the time
              GROUP MoL_PostStepModify: The group for physics thorns to schedule enforcing constraints
                ML_BSSN::ML_BSSN_EnforceEverywhere: ML_BSSN_EnforceEverywhere
              GROUP MoL_PostStep: The group for physics thorns to schedule boundary calls etc.
                ML_BSSN::ML_BSSN_SelectBoundConds: [level] select boundary conditions
                GROUP ML_BSSN_ApplyBCs: Apply boundary conditions controlled by thorn Boundary
                  GROUP BoundaryConditions: Execute all boundary conditions
                    Boundary::Boundary_ApplyPhysicalBCs: Apply all requested local physical boundary conditions
                    CartGrid3D::CartGrid3D_ApplyBC: Apply symmetry boundary conditions
                    ReflectionSymmetry::ReflectionSymmetry_Apply: Apply reflection symmetries
                  Boundary::Boundary_ClearSelection: [level] Unselect all grid variables for boundary conditions
                ML_BSSN::ML_BSSN_ADMBaseInterior: ML_BSSN_ADMBaseInterior
                ML_BSSN::ML_BSSN_ADMBaseBoundaryScalar: ML_BSSN_ADMBaseBoundaryScalar
                ML_BSSN::ML_BSSN_ADMBaseEverywhere: ML_BSSN_ADMBaseEverywhere
                ML_BSSN_Helper::ML_BSSN_ADMBase_SelectBCs: [level] Select boundary conditions for ADMBase variables
                GROUP ML_BSSN_ADMBase_ApplyBCs: Apply boundary conditions to ADMBase variables
                  GROUP BoundaryConditions: Execute all boundary conditions
                    Boundary::Boundary_ApplyPhysicalBCs: Apply all requested local physical boundary conditions
                    CartGrid3D::CartGrid3D_ApplyBC: Apply symmetry boundary conditions
                    ReflectionSymmetry::ReflectionSymmetry_Apply: Apply reflection symmetries
                  Boundary::Boundary_ClearSelection: [level] Unselect all grid variables for boundary conditions
                GROUP ADMBase_SetADMVars: Set the ADM variables before this group, and use them afterwards
              MoL::MoL_ResetDeltaTime: [level] If necessary, change the timestep
          end while
          MoL::MoL_FinishLoop: [level] Control the step size
          MoL::MoL_RestoreSandR: Restoring the Save and Restore variables to the original state
          MoL::MoL_FreeScratchSpace: [level] Free storage for scratch levels
      end while
      GROUP MoL_PseudoEvolution: Calculate pseudo-evolved quantities
        GROUP ADMBase_SetADMVars: Set the ADM variables before this group, and use them afterwards
        GROUP ML_BSSN_ConstraintsEverywhere_group: ML_BSSN_ConstraintsEverywhere
          ML_BSSN::ML_BSSN_ConstraintsEverywhere: ML_BSSN_ConstraintsEverywhere
          GROUP ML_BSSN_ConstraintsEverywhere_bc_group: ML_BSSN_ConstraintsEverywhere
            ML_BSSN::ML_BSSN_ConstraintsEverywhere_SelectBCs: [level] ML_BSSN_ConstraintsEverywhere_SelectBCs
            GROUP ML_BSSN_ConstraintsEverywhere_ApplyBCs: Apply BCs for groups set in ML_BSSN_ConstraintsEverywhere
              GROUP BoundaryConditions: Execute all boundary conditions
                Boundary::Boundary_ApplyPhysicalBCs: Apply all requested local physical boundary conditions
                CartGrid3D::CartGrid3D_ApplyBC: Apply symmetry boundary conditions
                ReflectionSymmetry::ReflectionSymmetry_Apply: Apply reflection symmetries
              Boundary::Boundary_ClearSelection: [level] Unselect all grid variables for boundary conditions
        GROUP ML_BSSN_ConstraintsInterior_group: ML_BSSN_ConstraintsInterior
          ML_BSSN::ML_BSSN_ConstraintsInterior: ML_BSSN_ConstraintsInterior
          GROUP ML_BSSN_ConstraintsInterior_bc_group: ML_BSSN_ConstraintsInterior
            ML_BSSN::ML_BSSN_ConstraintsInterior_SelectBCs: [level] ML_BSSN_ConstraintsInterior_SelectBCs
            GROUP ML_BSSN_ConstraintsInterior_ApplyBCs: Apply BCs for groups set in ML_BSSN_ConstraintsInterior
              GROUP BoundaryConditions: Execute all boundary conditions
                Boundary::Boundary_ApplyPhysicalBCs: Apply all requested local physical boundary conditions
                CartGrid3D::CartGrid3D_ApplyBC: Apply symmetry boundary conditions
                ReflectionSymmetry::ReflectionSymmetry_Apply: Apply reflection symmetries
              Boundary::Boundary_ClearSelection: [level] Unselect all grid variables for boundary conditions
    Evolve finer grids recursively
    Restrict from finer grids
    [CCTK_POSTRESTRICT]
      GROUP MoL_PostStep: Ensure that everything is correct after restriction
        ML_BSSN::ML_BSSN_SelectBoundConds: [level] select boundary conditions
        GROUP ML_BSSN_ApplyBCs: Apply boundary conditions controlled by thorn Boundary
          GROUP BoundaryConditions: Execute all boundary conditions
            Boundary::Boundary_ApplyPhysicalBCs: Apply all requested local physical boundary conditions
            CartGrid3D::CartGrid3D_ApplyBC: Apply symmetry boundary conditions
            ReflectionSymmetry::ReflectionSymmetry_Apply: Apply reflection symmetries
          Boundary::Boundary_ClearSelection: [level] Unselect all grid variables for boundary conditions
        ML_BSSN::ML_BSSN_ADMBaseInterior: ML_BSSN_ADMBaseInterior
        ML_BSSN::ML_BSSN_ADMBaseBoundaryScalar: ML_BSSN_ADMBaseBoundaryScalar
        ML_BSSN::ML_BSSN_ADMBaseEverywhere: ML_BSSN_ADMBaseEverywhere
        ML_BSSN_Helper::ML_BSSN_ADMBase_SelectBCs: [level] Select boundary conditions for ADMBase variables
        GROUP ML_BSSN_ADMBase_ApplyBCs: Apply boundary conditions to ADMBase variables
          GROUP BoundaryConditions: Execute all boundary conditions
            Boundary::Boundary_ApplyPhysicalBCs: Apply all requested local physical boundary conditions
            CartGrid3D::CartGrid3D_ApplyBC: Apply symmetry boundary conditions
            ReflectionSymmetry::ReflectionSymmetry_Apply: Apply reflection symmetries
          Boundary::Boundary_ClearSelection: [level] Unselect all grid variables for boundary conditions
        GROUP ADMBase_SetADMVars: Set the ADM variables before this group, and use them afterwards
      GROUP MoL_PseudoEvolutionBoundaries: Apply boundary conditions to pseudo-evolved quantities
        GROUP ML_BSSN_ConstraintsEverywhere_bc_group: ML_BSSN_ConstraintsEverywhere
          ML_BSSN::ML_BSSN_ConstraintsEverywhere_SelectBCs: [level] ML_BSSN_ConstraintsEverywhere_SelectBCs
          GROUP ML_BSSN_ConstraintsEverywhere_ApplyBCs: Apply BCs for groups set in ML_BSSN_ConstraintsEverywhere
            GROUP BoundaryConditions: Execute all boundary conditions
              Boundary::Boundary_ApplyPhysicalBCs: Apply all requested local physical boundary conditions
              CartGrid3D::CartGrid3D_ApplyBC: Apply symmetry boundary conditions
              ReflectionSymmetry::ReflectionSymmetry_Apply: Apply reflection symmetries
            Boundary::Boundary_ClearSelection: [level] Unselect all grid variables for boundary conditions
        GROUP ML_BSSN_ConstraintsInterior_bc_group: ML_BSSN_ConstraintsInterior
          ML_BSSN::ML_BSSN_ConstraintsInterior_SelectBCs: [level] ML_BSSN_ConstraintsInterior_SelectBCs
          GROUP ML_BSSN_ConstraintsInterior_ApplyBCs: Apply BCs for groups set in ML_BSSN_ConstraintsInterior
            GROUP BoundaryConditions: Execute all boundary conditions
              Boundary::Boundary_ApplyPhysicalBCs: Apply all requested local physical boundary conditions
              CartGrid3D::CartGrid3D_ApplyBC: Apply symmetry boundary conditions
              ReflectionSymmetry::ReflectionSymmetry_Apply: Apply reflection symmetries
            Boundary::Boundary_ClearSelection: [level] Unselect all grid variables for boundary conditions
    [CCTK_POSTSTEP]
      SphericalSurface::SphericalSurface_Set: [global] Set surface radii
      GROUP SphericalSurface_HasBeenSet: Set the spherical surfaces before this group, and use it afterwards
        SphericalSurface::SphericalSurface_CheckState: [global] Test the state of the spherical surfaces
      Extract::Extract: Extract waveforms
      GROUP zzz_NaNChecker_NaNCheck: Check for NaNs and count them in NaNChecker::NaNsFound
        NaNChecker::NaNChecker_NaNCheck_Prepare: [level] Prepare data structures to check for NaNs
        NaNChecker::NaNChecker_NaNCheck_Check: [local] Check for NaNs
        NaNChecker::NaNChecker_NaNCheck_Finish: [level] Count NaNs in NaNChecker::NaNsFound
      NaNChecker::NaNChecker_TakeAction: [global] [loop-level] Output NaNChecker::NaNmask and take action according to NaNChecker::action_if_found
      Dissipation::setup_epsdis: Setup spatially varying dissipation
      GROUP MaskBase_SetupMask: Set up the weight function
        GROUP MaskBase_SetupMaskAll: Set up the weight function
          CarpetReduce::MaskBase_AllocateMask: [global] Allocate the weight function
          CarpetReduce::MaskBase_InitMask: [global] [loop-local] Initialise the weight function
          GROUP SetupIMaskInternal: Set up the integer weight function (schedule other routines in here)
            CarpetReduce::CoordBase_SetupMask: [global] [loop-local] Set up the outer boundaries of the weight function
            CarpetReduce::CarpetMaskSetup: [global] [loop-singlemap] Set up the weight function for the restriction regions
          GROUP SetupIMask: Set up the integer weight function (schedule other routines in here)
            CarpetMask::CarpetExcludedSetup: [global] [loop-local] Set up the weight function for the excluded regions
            CarpetMask::CarpetSurfaceSetup: [global] [loop-local] Set up the weight function for the excluded spherical surfaces
          CarpetReduce::MaskBase_SetMask: [global] [loop-local] Set the weight function
          GROUP SetupMask: Set up the real weight function (schedule other routines in here)
          CarpetReduce::MaskBase_TestMask: [global] Test the weight function
    if (checkpoint)
      [CCTK_CHECKPOINT]
    endif
    if (analysis)
      [CCTK_ANALYSIS]
      CarpetLib::CarpetLib_printtimestats: [global] Print timing statistics if desired
      CarpetLib::CarpetLib_printmemstats: [global] Print memory statistics if desired
      LoopControl::LC_statistics_analysis: [meta] Output LoopControl statistics
      GROUP ML_BSSN_EvolutionAnalysis: Calculate RHS at analysis
        ML_BSSN::ML_BSSN_EvolutionAnalysisInit: ML_BSSN_EvolutionAnalysisInit
        ML_BSSN::ML_BSSN_EvolutionAnalysisInterior: ML_BSSN_EvolutionAnalysisInterior
        ML_BSSN_Helper::ML_BSSN_NewRad: Apply NewRad boundary conditions to RHS
    endif
    Output grid variables
    enddo

  Termination routines
    [CCTK_TERMINATE]
      LoopControl::LC_statistics_terminate: [meta] Output LoopControl statistics
      MoL::MoL_FreeIndexArrays: Free the MoL bookkeeping index arrays

  Shutdown routines
    [CCTK_SHUTDOWN]
      Timers::Timer_Shutdown: Prepare hierarchical timers

  Routines run after changing the grid hierarchy:
    [CCTK_POSTREGRID]
      CartGrid3D::SpatialCoordinates: Set Coordinates after regridding
      GROUP MaskBase_SetupMask: Set up the weight function
        GROUP MaskBase_SetupMaskAll: Set up the weight function
          CarpetReduce::MaskBase_AllocateMask: [global] Allocate the weight function
          CarpetReduce::MaskBase_InitMask: [global] [loop-local] Initialise the weight function
          GROUP SetupIMaskInternal: Set up the integer weight function (schedule other routines in here)
            CarpetReduce::CoordBase_SetupMask: [global] [loop-local] Set up the outer boundaries of the weight function
            CarpetReduce::CarpetMaskSetup: [global] [loop-singlemap] Set up the weight function for the restriction regions
          GROUP SetupIMask: Set up the integer weight function (schedule other routines in here)
            CarpetMask::CarpetExcludedSetup: [global] [loop-local] Set up the weight function for the excluded regions
            CarpetMask::CarpetSurfaceSetup: [global] [loop-local] Set up the weight function for the excluded spherical surfaces
          CarpetReduce::MaskBase_SetMask: [global] [loop-local] Set the weight function
          GROUP SetupMask: Set up the real weight function (schedule other routines in here)
          CarpetReduce::MaskBase_TestMask: [global] Test the weight function
      Dissipation::setup_epsdis: Setup spatially varying dissipation
      GROUP MoL_PostStep: Ensure that everything is correct after regridding
        ML_BSSN::ML_BSSN_SelectBoundConds: [level] select boundary conditions
        GROUP ML_BSSN_ApplyBCs: Apply boundary conditions controlled by thorn Boundary
          GROUP BoundaryConditions: Execute all boundary conditions
            Boundary::Boundary_ApplyPhysicalBCs: Apply all requested local physical boundary conditions
            CartGrid3D::CartGrid3D_ApplyBC: Apply symmetry boundary conditions
            ReflectionSymmetry::ReflectionSymmetry_Apply: Apply reflection symmetries
          Boundary::Boundary_ClearSelection: [level] Unselect all grid variables for boundary conditions
        ML_BSSN::ML_BSSN_ADMBaseInterior: ML_BSSN_ADMBaseInterior
        ML_BSSN::ML_BSSN_ADMBaseBoundaryScalar: ML_BSSN_ADMBaseBoundaryScalar
        ML_BSSN::ML_BSSN_ADMBaseEverywhere: ML_BSSN_ADMBaseEverywhere
        ML_BSSN_Helper::ML_BSSN_ADMBase_SelectBCs: [level] Select boundary conditions for ADMBase variables
        GROUP ML_BSSN_ADMBase_ApplyBCs: Apply boundary conditions to ADMBase variables
          GROUP BoundaryConditions: Execute all boundary conditions
            Boundary::Boundary_ApplyPhysicalBCs: Apply all requested local physical boundary conditions
            CartGrid3D::CartGrid3D_ApplyBC: Apply symmetry boundary conditions
            ReflectionSymmetry::ReflectionSymmetry_Apply: Apply reflection symmetries
          Boundary::Boundary_ClearSelection: [level] Unselect all grid variables for boundary conditions
        GROUP ADMBase_SetADMVars: Set the ADM variables before this group, and use them afterwards
      GROUP MoL_PseudoEvolutionBoundaries: Apply boundary conditions to pseudo-evolved quantities
        GROUP ML_BSSN_ConstraintsEverywhere_bc_group: ML_BSSN_ConstraintsEverywhere
          ML_BSSN::ML_BSSN_ConstraintsEverywhere_SelectBCs: [level] ML_BSSN_ConstraintsEverywhere_SelectBCs
          GROUP ML_BSSN_ConstraintsEverywhere_ApplyBCs: Apply BCs for groups set in ML_BSSN_ConstraintsEverywhere
            GROUP BoundaryConditions: Execute all boundary conditions
              Boundary::Boundary_ApplyPhysicalBCs: Apply all requested local physical boundary conditions
              CartGrid3D::CartGrid3D_ApplyBC: Apply symmetry boundary conditions
              ReflectionSymmetry::ReflectionSymmetry_Apply: Apply reflection symmetries
            Boundary::Boundary_ClearSelection: [level] Unselect all grid variables for boundary conditions
        GROUP ML_BSSN_ConstraintsInterior_bc_group: ML_BSSN_ConstraintsInterior
          ML_BSSN::ML_BSSN_ConstraintsInterior_SelectBCs: [level] ML_BSSN_ConstraintsInterior_SelectBCs
          GROUP ML_BSSN_ConstraintsInterior_ApplyBCs: Apply BCs for groups set in ML_BSSN_ConstraintsInterior
            GROUP BoundaryConditions: Execute all boundary conditions
              Boundary::Boundary_ApplyPhysicalBCs: Apply all requested local physical boundary conditions
              CartGrid3D::CartGrid3D_ApplyBC: Apply symmetry boundary conditions
              ReflectionSymmetry::ReflectionSymmetry_Apply: Apply reflection symmetries
            Boundary::Boundary_ClearSelection: [level] Unselect all grid variables for boundary conditions
--------------------------------------------------------------------------------
INFO (Carpet): Multi-Model listing:
   model 0: "world"
INFO (Carpet): Multi-Model process distribution:
   process 0: model 0 "world"
INFO (Carpet): Multi-Model: This is process 0, model 0 "world"
INFO (CarpetLib): Process startup time was 1.14 seconds
Current core file size limit: hard=[unlimited], soft=0 MB
Current addres space size limit: hard=[unlimited], soft=[unlimited]
Current data segment size limit: hard=[unlimited], soft=[unlimited]
Current resident set size limit: hard=[unlimited], soft=[unlimited]
INFO (CycleClock): Measuring CycleClock tick via OpenMP...
INFO (CycleClock): Calibrated CycleClock: 0.357976 ns per clock tick (2.79349 GHz)
INFO (Vectors): Using vector size 2 for architecture SSE2 (64-bit precision)
INFO (hwloc): library version 2.10.0, API version 0x20800
--------------------------------------------------------------------------------
AMR driver provided by Carpet
--------------------------------------------------------------------------------
AMR info I/O provided by CarpetIOBasic
--------------------------------------------------------------------------------
ML_BSSN
--------------------------------------------------------------------------------
AMR scalar I/O provided by CarpetIOScalar
--------------------------------------------------------------------------------
MoL: Generalized time integration.
--------------------------------------------------------------------------------
AMR 0D ASCII I/O provided by CarpetIOASCII
--------------------------------------------------------------------------------
AMR 1D ASCII I/O provided by CarpetIOASCII
--------------------------------------------------------------------------------
AMR 2D ASCII I/O provided by CarpetIOASCII
--------------------------------------------------------------------------------
AMR 3D ASCII I/O provided by CarpetIOASCII
--------------------------------------------------------------------------------

INFO (Carpet): MPI is enabled
INFO (Carpet): Carpet is running on 1 processes
INFO (Carpet): This is process 0
INFO (Carpet): OpenMP is enabled
INFO (Carpet): This process contains 2 threads, this is thread 0
INFO (Carpet): There are 2 threads in total
INFO (Carpet): There are 2 threads per process
INFO (Carpet): This process runs on host runnervm3jyl0, pid=169910
INFO (Carpet): This process runs on 4 cores: 0-3
INFO (Carpet): Thread 0 runs on 4 cores: 0-3
INFO (Carpet): Thread 1 runs on 4 cores: 0-3
INFO (Carpet): This simulation is running in 3 dimensions
INFO (Carpet): Boundary specification for map 0:
   nboundaryzones: [[3,3,3],[3,3,3]]
   is_internal   : [[0,0,0],[0,0,0]]
   is_staggered  : [[0,0,0],[0,0,0]]
   shiftout      : [[0,0,1],[0,0,0]]
INFO (Carpet): CoordBase domain specification for map 0:
   physical extent: [-120,-120,0] : [120,120,120]   ([240,240,120])
   interior extent: [-112,-112,0] : [112,112,112]   ([224,224,112])
   exterior extent: [-136,-136,-24] : [136,136,136]   ([272,272,160])
   base_spacing   : [8,8,8]
INFO (Carpet): Adapted domain specification for map 0:
   convergence factor: 2
   convergence level : 0
   physical extent   : [-120,-120,0] : [120,120,120]   ([240,240,120])
   interior extent   : [-112,-112,0] : [112,112,112]   ([224,224,112])
   exterior extent   : [-136,-136,-24] : [136,136,136]   ([272,272,160])
   spacing           : [8,8,8]
INFO (Carpet): Base grid specification for map 0:
   number of grid points             : [35,35,21]
   number of coarse grid ghost points: [[3,3,3],[3,3,3]]
INFO (Carpet): Buffer zone counts (excluding ghosts):
   [0]: [[0,0,0],[0,0,0]]
   [1]: [[9,9,9],[9,9,9]]
   [2]: [[9,9,9],[9,9,9]]
   [3]: [[9,9,9],[9,9,9]]
   [4]: [[9,9,9],[9,9,9]]
   [5]: [[9,9,9],[9,9,9]]
   [6]: [[9,9,9],[9,9,9]]
   [7]: [[9,9,9],[9,9,9]]
   [8]: [[9,9,9],[9,9,9]]
   [9]: [[9,9,9],[9,9,9]]
INFO (Carpet): Overlap zone counts:
   [0]: [[0,0,0],[0,0,0]]
   [1]: [[0,0,0],[0,0,0]]
   [2]: [[0,0,0],[0,0,0]]
   [3]: [[0,0,0],[0,0,0]]
   [4]: [[0,0,0],[0,0,0]]
   [5]: [[0,0,0],[0,0,0]]
   [6]: [[0,0,0],[0,0,0]]
   [7]: [[0,0,0],[0,0,0]]
   [8]: [[0,0,0],[0,0,0]]
   [9]: [[0,0,0],[0,0,0]]
INFO (Carpet): Group and variable statistics:
INFO (Carpet):    There are 781 grid functions in 57 groups
INFO (Carpet):    There are 400 grid scalars in 47 groups
INFO (Carpet):    There are 81 1-dimensional grid arrays in 7 groups
INFO (Carpet):    There are 7 2-dimensional grid arrays in 2 groups
INFO (Carpet):    There are 0 3-dimensional grid arrays in 0 groups
INFO (Carpet):    (The number of variables counts all time levels)
INFO (CarpetIOASCII): I/O Method 'IOASCII_0D' registered: 0D AMR output of grid variables to ASCII files
INFO (CarpetIOASCII): I/O Method 'IOASCII_1D' registered: 1D AMR output of grid variables to ASCII files
INFO (CarpetIOASCII): Periodic 1D AMR output requested for:
   ADMBASE::gxx
   ADMBASE::gxy
   ADMBASE::gxz
   ADMBASE::gyy
   ADMBASE::gyz
   ADMBASE::gzz
   ADMBASE::kxx
   ADMBASE::kxy
   ADMBASE::kxz
   ADMBASE::kyy
   ADMBASE::kyz
   ADMBASE::kzz
   ADMBASE::alp
   ADMBASE::betax
   ADMBASE::betay
   ADMBASE::betaz
   CARPETREDUCE::weight
INFO (CarpetIOASCII): I/O Method 'IOASCII_2D' registered: 2D AMR output of grid variables to ASCII files
INFO (CarpetIOASCII): I/O Method 'IOASCII_3D' registered: 3D AMR output of grid variables to ASCII files
INFO (CarpetRegrid2): Initialising position of centre 0 to [1.16864,0,0]
INFO (CarpetRegrid2): Initialising position of centre 1 to [-1.16864,0,0]
INFO (CarpetRegrid2): Initialising position of centre 2 to [0,0,0]
WARNING level 1 from host runnervm3jyl0.qpzkutmjvgyufgtdg0u1on0xvf.phxx.internal.cloudapp.net process 0
  in thorn ML_BSSN_Helper, file /home/runner/work/tests/tests/master/configs/sim/build/ML_BSSN_Helper/Parameters.c:10:
  -> Forcing ML_BSSN::initial_boundary_condition="extrapolate-gammas" because ML_BSSN::my_initial_boundary_condition="extrapolate-gammas"
WARNING level 1 from host runnervm3jyl0.qpzkutmjvgyufgtdg0u1on0xvf.phxx.internal.cloudapp.net process 0
  in thorn ML_BSSN_Helper, file /home/runner/work/tests/tests/master/configs/sim/build/ML_BSSN_Helper/Parameters.c:10:
  -> Forcing ML_BSSN::initial_boundary_condition="extrapolate-gammas" because ML_BSSN::my_initial_boundary_condition="extrapolate-gammas"
WARNING level 1 from host runnervm3jyl0.qpzkutmjvgyufgtdg0u1on0xvf.phxx.internal.cloudapp.net process 0
  in thorn ML_BSSN_Helper, file /home/runner/work/tests/tests/master/configs/sim/build/ML_BSSN_Helper/Parameters.c:25:
  -> Forcing ML_BSSN::rhs_boundary_condition="NewRad" because ML_BSSN::my_rhs_boundary_condition="NewRad"
WARNING level 1 from host runnervm3jyl0.qpzkutmjvgyufgtdg0u1on0xvf.phxx.internal.cloudapp.net process 0
  in thorn ML_BSSN_Helper, file /home/runner/work/tests/tests/master/configs/sim/build/ML_BSSN_Helper/Parameters.c:25:
  -> Forcing ML_BSSN::rhs_boundary_condition="NewRad" because ML_BSSN::my_rhs_boundary_condition="NewRad"
WARNING level 1 from host runnervm3jyl0.qpzkutmjvgyufgtdg0u1on0xvf.phxx.internal.cloudapp.net process 0
  in thorn ML_BSSN_Helper, file /home/runner/work/tests/tests/master/configs/sim/build/ML_BSSN_Helper/Parameters.c:114:
  -> Forcing ML_BSSN::advectLapse=1 because ML_BSSN::LapseAdvectionCoeff=1.0
WARNING level 1 from host runnervm3jyl0.qpzkutmjvgyufgtdg0u1on0xvf.phxx.internal.cloudapp.net process 0
  in thorn ML_BSSN_Helper, file /home/runner/work/tests/tests/master/configs/sim/build/ML_BSSN_Helper/Parameters.c:114:
  -> Forcing ML_BSSN::advectLapse=1 because ML_BSSN::LapseAdvectionCoeff=1.0
WARNING level 1 from host runnervm3jyl0.qpzkutmjvgyufgtdg0u1on0xvf.phxx.internal.cloudapp.net process 0
  in thorn ML_BSSN_Helper, file /home/runner/work/tests/tests/master/configs/sim/build/ML_BSSN_Helper/Parameters.c:132:
  -> Forcing ML_BSSN::advectShift=1 because ML_BSSN::ShiftAdvectionCoeff=1.0
WARNING level 1 from host runnervm3jyl0.qpzkutmjvgyufgtdg0u1on0xvf.phxx.internal.cloudapp.net process 0
  in thorn ML_BSSN_Helper, file /home/runner/work/tests/tests/master/configs/sim/build/ML_BSSN_Helper/Parameters.c:132:
  -> Forcing ML_BSSN::advectShift=1 because ML_BSSN::ShiftAdvectionCoeff=1.0
INFO (MoL): Using Runge-Kutta 4 as the time integrator.
INFO (SymBase): Symmetry on lower z-face: reflection_symmetry
INFO (MoL): The maximum number of evolved variables is 640. 25 are registered.
INFO (MoL): The maximum number of slow evolved variables is 640. 0 are registered.
INFO (MoL): The maximum number of constrained variables is 640. 20 are registered.
INFO (MoL): The maximum number of SandR variables is 640. 0 are registered.
INFO (MoL): The maximum number of evolved array variables is 640. 0 are registered.
INFO (MoL): The maximum number of constrained array variables is 640. 0 are registered.
INFO (MoL): The maximum number of SandR array variables is 640. 0 are registered.
INFO (MoL): The maximum size of any array variables is 0.
WARNING level 1 from host runnervm3jyl0.qpzkutmjvgyufgtdg0u1on0xvf.phxx.internal.cloudapp.net process 0
  in thorn ML_BSSN_Helper, file /home/runner/work/tests/tests/master/configs/sim/build/ML_BSSN_Helper/Parameters.c:152:
  -> Parameter ML_BSSN::my_initial_boundary_condition is outdated; please update the parameter file. Do not use this parameter, and set up initial boundary conditions as usual.
WARNING level 1 from host runnervm3jyl0.qpzkutmjvgyufgtdg0u1on0xvf.phxx.internal.cloudapp.net process 0
  in thorn ML_BSSN_Helper, file /home/runner/work/tests/tests/master/configs/sim/build/ML_BSSN_Helper/Parameters.c:152:
  -> Parameter ML_BSSN::my_initial_boundary_condition is outdated; please update the parameter file. Do not use this parameter, and set up initial boundary conditions as usual.
WARNING level 1 from host runnervm3jyl0.qpzkutmjvgyufgtdg0u1on0xvf.phxx.internal.cloudapp.net process 0
  in thorn ML_BSSN_Helper, file /home/runner/work/tests/tests/master/configs/sim/build/ML_BSSN_Helper/Parameters.c:159:
  -> Parameter ML_BSSN::my_rhs_boundary_condition is outdated; please update the parameter file. Do not use this parameter, and set up RHS boundary conditions as usual.
WARNING level 1 from host runnervm3jyl0.qpzkutmjvgyufgtdg0u1on0xvf.phxx.internal.cloudapp.net process 0
  in thorn ML_BSSN_Helper, file /home/runner/work/tests/tests/master/configs/sim/build/ML_BSSN_Helper/Parameters.c:159:
  -> Parameter ML_BSSN::my_rhs_boundary_condition is outdated; please update the parameter file. Do not use this parameter, and set up RHS boundary conditions as usual.
WARNING level 1 from host runnervm3jyl0.qpzkutmjvgyufgtdg0u1on0xvf.phxx.internal.cloudapp.net process 0
  in thorn ML_BSSN_Helper, file /home/runner/work/tests/tests/master/configs/sim/build/ML_BSSN_Helper/Parameters.c:193:
  -> Parameter ML_BSSN::LapseAdvectionCoeff is outdated; please update the parameter file. Instead of using this parameter, you should set ML_BSSN::advectLapse.
WARNING level 1 from host runnervm3jyl0.qpzkutmjvgyufgtdg0u1on0xvf.phxx.internal.cloudapp.net process 0
  in thorn ML_BSSN_Helper, file /home/runner/work/tests/tests/master/configs/sim/build/ML_BSSN_Helper/Parameters.c:193:
  -> Parameter ML_BSSN::LapseAdvectionCoeff is outdated; please update the parameter file. Instead of using this parameter, you should set ML_BSSN::advectLapse.
WARNING level 1 from host runnervm3jyl0.qpzkutmjvgyufgtdg0u1on0xvf.phxx.internal.cloudapp.net process 0
  in thorn ML_BSSN_Helper, file /home/runner/work/tests/tests/master/configs/sim/build/ML_BSSN_Helper/Parameters.c:199:
  -> Parameter ML_BSSN::ShiftAdvectionCoeff is outdated; please update the parameter file. Instead of using this parameter, you should set ML_BSSN::advectShift.
WARNING level 1 from host runnervm3jyl0.qpzkutmjvgyufgtdg0u1on0xvf.phxx.internal.cloudapp.net process 0
  in thorn ML_BSSN_Helper, file /home/runner/work/tests/tests/master/configs/sim/build/ML_BSSN_Helper/Parameters.c:199:
  -> Parameter ML_BSSN::ShiftAdvectionCoeff is outdated; please update the parameter file. Instead of using this parameter, you should set ML_BSSN::advectShift.
INFO (Vectors): Testing vectorisation... [errors may result in segfaults]
INFO (Vectors): 375/375 tests passed 
INFO (CarpetRegrid2): Centre 1 is at position [1.16864,0,0] with 1 levels
INFO (CarpetRegrid2): Centre 2 is at position [-1.16864,0,0] with 1 levels
INFO (CarpetRegrid2): Centre 3 is not active
INFO (CarpetRegrid2): Regridding level 0 map 0 at iteration 0 time 0
INFO (CarpetRegrid2): Regridding levels 1 and up
INFO (Carpet): Grid structure (superregions, grid points):
   [0][0][0]   exterior: [0,0,0] : [34,34,20]   ([35,35,21] + PADDING) 25725
INFO (Carpet): Grid structure (superregions, coordinates):
   [0][0][0]   exterior: [-136,-136,-24] : [136,136,136] : [8,8,8]
INFO (Carpet): Global grid structure statistics:
INFO (Carpet): GF: rhs: 13k active, 13k owned (+0%), 26k total (+104%), 1 steps/time
INFO (Carpet): GF: vars: 195, pts: 2M active, 2M owned (+0%), 5M total (+104%), 1.0 comp/proc
INFO (Carpet): GA: vars: 483, pts: 0M active, 0M total (+0%)
INFO (Carpet): Total required memory: 0.040 GByte (for GAs and currently active GFs)
INFO (Carpet): Load balance:  min     avg     max     sdv     max/avg-1
INFO (Carpet): Level  0:       2M      2M      2M      0M owned      0%
INFO (CartGrid3D): Grid Spacings:
INFO (CartGrid3D): dx=>8.0000000e+00  dy=>8.0000000e+00  dz=>8.0000000e+00
INFO (CartGrid3D): Computational Coordinates:
INFO (CartGrid3D): x=>[-136.000,136.000]  y=>[-136.000,136.000]  z=>[-24.000,136.000]
INFO (CartGrid3D): Indices of Physical Coordinates:
INFO (CartGrid3D): x=>[0,34]  y=>[0,34]  z=>[0,20]
INFO (Time): Timestep set to 2 (courant_static)
INFO (TwoPunctures): Solving puncture equation for BH-BH system
INFO (TwoPunctures): b = 1.16864
Newton: it=0 	 |F|=9.959141e-02
bare mass: mp=0.453 	 mm=0.453
bicgstab:  itmax 100, tol 9.959141e-05
bicgstab:     0   6.022e-01
bicgstab:     1   2.550e-01   9.887e-01   0.000e+00   4.456e-01
bicgstab:     2   1.822e-01  -6.113e-01   2.959e-04   5.557e-01
bicgstab:     3   4.441e-03  -8.371e-01  -3.643e+00   5.734e-01
bicgstab:     4   1.967e-04   5.457e-01   4.808e-02   4.592e-01
bicgstab:     5   5.067e-05   4.421e-01  -3.855e-02   4.592e-01
Newton: it=1 	 |F|=1.394720e-03
bare mass: mp=0.453 	 mm=0.453
bicgstab:  itmax 100, tol 1.394720e-06
bicgstab:     0   7.631e-03
bicgstab:     1   3.082e-03   9.902e-01   0.000e+00   4.475e-01
bicgstab:     2   1.331e-04   3.852e-01  -7.399e-03   8.710e-01
bicgstab:     3   2.474e-05   1.357e+00  -4.842e-02   4.612e-01
bicgstab:     4   6.630e-07   4.321e-01  -3.723e-01   7.104e-01
Newton: it=2 	 |F|=2.006073e-07
bare mass: mp=0.453 	 mm=0.453
bicgstab:  itmax 100, tol 2.006073e-10
bicgstab:     0   1.264e-06
bicgstab:     1   4.702e-07   5.534e-01   0.000e+00   6.308e-01
bicgstab:     2   2.489e-08   8.769e-01   2.145e-01   6.475e-01
bicgstab:     3   1.699e-09   6.248e-01  -9.421e-02   6.467e-01
bicgstab:     4   2.094e-10   6.121e-01   1.198e-02   5.528e-01
bicgstab:     5   4.166e-11   6.449e-01   5.107e-02   5.528e-01
Newton: it=3 	 |F|=7.247297e-12 
INFO (TwoPunctures): The two puncture masses are mp=0.45300000000000001 and mm=0.45300000000000001
INFO (TwoPunctures): Puncture 1 ADM mass is 0.516817
INFO (TwoPunctures): Puncture 2 ADM mass is 0.516817
INFO (TwoPunctures): The total ADM mass is 1.00788
INFO (TwoPunctures): Interpolating result
INFO (Carpet): There are not enough time levels for the desired temporal prolongation order in the grid function group "EXTRACT::TEMPS".  With Carpet::prolongation_order_time=2, you need at least 3 time levels.
WARNING level 2 from host runnervm3jyl0.qpzkutmjvgyufgtdg0u1on0xvf.phxx.internal.cloudapp.net process 0
  in thorn Carpet, file /home/runner/work/tests/tests/master/configs/sim/build/Carpet/Comm.cc:103:
  -> Synchronising group "EXTRACT::TEMPS" in local mode
WARNING level 2 from host runnervm3jyl0.qpzkutmjvgyufgtdg0u1on0xvf.phxx.internal.cloudapp.net process 0
  in thorn Carpet, file /home/runner/work/tests/tests/master/configs/sim/build/Carpet/Comm.cc:103:
  -> Synchronising group "EXTRACT::TEMPS" in local mode
WARNING level 2 from host runnervm3jyl0.qpzkutmjvgyufgtdg0u1on0xvf.phxx.internal.cloudapp.net process 0
  in thorn Carpet, file /home/runner/work/tests/tests/master/configs/sim/build/Carpet/Comm.cc:103:
  -> Synchronising group "EXTRACT::TEMPS" in local mode
WARNING level 2 from host runnervm3jyl0.qpzkutmjvgyufgtdg0u1on0xvf.phxx.internal.cloudapp.net process 0
  in thorn Carpet, file /home/runner/work/tests/tests/master/configs/sim/build/Carpet/Comm.cc:103:
  -> Synchronising group "EXTRACT::TEMPS" in local mode
WARNING level 2 from host runnervm3jyl0.qpzkutmjvgyufgtdg0u1on0xvf.phxx.internal.cloudapp.net process 0
  in thorn Carpet, file /home/runner/work/tests/tests/master/configs/sim/build/Carpet/Comm.cc:103:
  -> Synchronising group "EXTRACT::TEMPS" in local mode
WARNING level 2 from host runnervm3jyl0.qpzkutmjvgyufgtdg0u1on0xvf.phxx.internal.cloudapp.net process 0
  in thorn Carpet, file /home/runner/work/tests/tests/master/configs/sim/build/Carpet/Comm.cc:103:
  -> Synchronising group "EXTRACT::TEMPS" in local mode
WARNING level 2 from host runnervm3jyl0.qpzkutmjvgyufgtdg0u1on0xvf.phxx.internal.cloudapp.net process 0
  in thorn Carpet, file /home/runner/work/tests/tests/master/configs/sim/build/Carpet/Comm.cc:103:
  -> Synchronising group "EXTRACT::TEMPS" in local mode
WARNING level 2 from host runnervm3jyl0.qpzkutmjvgyufgtdg0u1on0xvf.phxx.internal.cloudapp.net process 0
  in thorn Carpet, file /home/runner/work/tests/tests/master/configs/sim/build/Carpet/Comm.cc:103:
  -> Synchronising group "EXTRACT::TEMPS" in local mode
WARNING level 2 from host runnervm3jyl0.qpzkutmjvgyufgtdg0u1on0xvf.phxx.internal.cloudapp.net process 0
  in thorn Carpet, file /home/runner/work/tests/tests/master/configs/sim/build/Carpet/Comm.cc:103:
  -> Synchronising group "EXTRACT::TEMPS" in local mode
WARNING level 2 from host runnervm3jyl0.qpzkutmjvgyufgtdg0u1on0xvf.phxx.internal.cloudapp.net process 0
  in thorn Carpet, file /home/runner/work/tests/tests/master/configs/sim/build/Carpet/Comm.cc:103:
  -> Synchronising group "EXTRACT::TEMPS" in local mode
WARNING level 2 from host runnervm3jyl0.qpzkutmjvgyufgtdg0u1on0xvf.phxx.internal.cloudapp.net process 0
  in thorn Carpet, file /home/runner/work/tests/tests/master/configs/sim/build/Carpet/Comm.cc:103:
  -> Synchronising group "EXTRACT::TEMPS" in local mode
WARNING level 2 from host runnervm3jyl0.qpzkutmjvgyufgtdg0u1on0xvf.phxx.internal.cloudapp.net process 0
  in thorn Carpet, file /home/runner/work/tests/tests/master/configs/sim/build/Carpet/Comm.cc:103:
  -> Synchronising group "EXTRACT::TEMPS" in local mode
WARNING level 2 from host runnervm3jyl0.qpzkutmjvgyufgtdg0u1on0xvf.phxx.internal.cloudapp.net process 0
  in thorn Carpet, file /home/runner/work/tests/tests/master/configs/sim/build/Carpet/Comm.cc:103:
  -> Synchronising group "EXTRACT::TEMPS" in local mode
WARNING level 2 from host runnervm3jyl0.qpzkutmjvgyufgtdg0u1on0xvf.phxx.internal.cloudapp.net process 0
  in thorn Carpet, file /home/runner/work/tests/tests/master/configs/sim/build/Carpet/Comm.cc:103:
  -> Synchronising group "EXTRACT::TEMPS" in local mode
WARNING level 2 from host runnervm3jyl0.qpzkutmjvgyufgtdg0u1on0xvf.phxx.internal.cloudapp.net process 0
  in thorn Carpet, file /home/runner/work/tests/tests/master/configs/sim/build/Carpet/Comm.cc:103:
  -> Synchronising group "EXTRACT::TEMPS" in local mode
WARNING level 2 from host runnervm3jyl0.qpzkutmjvgyufgtdg0u1on0xvf.phxx.internal.cloudapp.net process 0
  in thorn Carpet, file /home/runner/work/tests/tests/master/configs/sim/build/Carpet/Comm.cc:103:
  -> Synchronising group "EXTRACT::TEMPS" in local mode
WARNING level 2 from host runnervm3jyl0.qpzkutmjvgyufgtdg0u1on0xvf.phxx.internal.cloudapp.net process 0
  in thorn Carpet, file /home/runner/work/tests/tests/master/configs/sim/build/Carpet/Comm.cc:103:
  -> Synchronising group "EXTRACT::TEMPS" in local mode
WARNING level 2 from host runnervm3jyl0.qpzkutmjvgyufgtdg0u1on0xvf.phxx.internal.cloudapp.net process 0
  in thorn Carpet, file /home/runner/work/tests/tests/master/configs/sim/build/Carpet/Comm.cc:103:
  -> Synchronising group "EXTRACT::TEMPS" in local mode
WARNING level 2 from host runnervm3jyl0.qpzkutmjvgyufgtdg0u1on0xvf.phxx.internal.cloudapp.net process 0
  in thorn Carpet, file /home/runner/work/tests/tests/master/configs/sim/build/Carpet/Comm.cc:103:
  -> Synchronising group "EXTRACT::TEMPS" in local mode
WARNING level 2 from host runnervm3jyl0.qpzkutmjvgyufgtdg0u1on0xvf.phxx.internal.cloudapp.net process 0
  in thorn Carpet, file /home/runner/work/tests/tests/master/configs/sim/build/Carpet/Comm.cc:103:
  -> Synchronising group "EXTRACT::TEMPS" in local mode
WARNING level 2 from host runnervm3jyl0.qpzkutmjvgyufgtdg0u1on0xvf.phxx.internal.cloudapp.net process 0
  in thorn Carpet, file /home/runner/work/tests/tests/master/configs/sim/build/Carpet/Comm.cc:103:
  -> Synchronising group "EXTRACT::TEMPS" in local mode
WARNING level 2 from host runnervm3jyl0.qpzkutmjvgyufgtdg0u1on0xvf.phxx.internal.cloudapp.net process 0
  in thorn Carpet, file /home/runner/work/tests/tests/master/configs/sim/build/Carpet/Comm.cc:103:
  -> Synchronising group "EXTRACT::TEMPS" in local mode
WARNING level 2 from host runnervm3jyl0.qpzkutmjvgyufgtdg0u1on0xvf.phxx.internal.cloudapp.net process 0
  in thorn Carpet, file /home/runner/work/tests/tests/master/configs/sim/build/Carpet/Comm.cc:103:
  -> Synchronising group "EXTRACT::TEMPS" in local mode
WARNING level 2 from host runnervm3jyl0.qpzkutmjvgyufgtdg0u1on0xvf.phxx.internal.cloudapp.net process 0
  in thorn Carpet, file /home/runner/work/tests/tests/master/configs/sim/build/Carpet/Comm.cc:103:
  -> Synchronising group "EXTRACT::TEMPS" in local mode
WARNING level 2 from host runnervm3jyl0.qpzkutmjvgyufgtdg0u1on0xvf.phxx.internal.cloudapp.net process 0
  in thorn Carpet, file /home/runner/work/tests/tests/master/configs/sim/build/Carpet/Comm.cc:103:
  -> Synchronising group "EXTRACT::TEMPS" in local mode
WARNING level 2 from host runnervm3jyl0.qpzkutmjvgyufgtdg0u1on0xvf.phxx.internal.cloudapp.net process 0
  in thorn Carpet, file /home/runner/work/tests/tests/master/configs/sim/build/Carpet/Comm.cc:103:
  -> Synchronising group "EXTRACT::TEMPS" in local mode
Memory statistics from CarpetLib:
   Current number of objects: 331
   Current allocated memory:  40.2 MB
   Maximum number of objects: 333
   Maximum allocated memory:  40.6 MB
   Current administrative memory: 0.811 MB
   Total allocated used system memory: 13 MB
   Total allocated free system memory: 1.77 MB
   gh::allmemory:    38784
   dh::allmemory:    511840
   th::allmemory:    12168
   ggf::allmemory:   210584
   gdata::allmemory: 38016
----------------------------------
Iteration      Time | *me_per_hour
                    |             
----------------------------------
        0     0.000 |    0.0000000
# Carpet timing information at iteration 0 time 0:
# 1: timer name 2: gettimeofday [secs] 3: getrusage [secs] 4: cycle [secs] 5: cycle[avg] [secs] 6: cycle[sdv] [secs] 7: cycle[min] [secs] 8: cycle[max] [secs]
main: 1.62219 2.99028 4.53149e+09 4.53149e+09 0 4.53149e+09 4.53149e+09
meta mode: 1.62219 2.99029 4.53151e+09 4.53151e+09 0 4.53151e+09 4.53151e+09
main/CarpetStartup: 0.024822 0.027072 6.93374e+07 6.93374e+07 0 6.93374e+07 6.93374e+07
main/CarpetStartup/AllocateGridHierarchy: 4e-06 4e-06 11794 11794 0 11794 11794
main/CarpetStartup/CarpetLib::gh::regrid: 0.023658 0.025829 6.60848e+07 1.15938e+06 1.05322e+06 1.1135e+06 2.17387e+06
main/CarpetStartup/CarpetLib::dh::regrid: 3.5e-05 3.2e-05 96252 1688.63 3080.89 1472 4614
main/Initialise/CallInitial/Poison: 0.004004 0.003989 1.11868e+07 1.11868e+07 0 1.11868e+07 1.11868e+07
main/Initialise/CallInitial/CCTK_BASEGRID/CallFunction/thorns: 0.001171 0.001476 3.26698e+06 130679 963401 10796 678776
main/CarpetStartup/CarpetLib::gh::regrid/CarpetLib::dh::regrid/region: 0.002333 0.002103 6.53057e+06 114571 435557 104586 545396
main/Initialise/CallInitial/CallRegridInitialMeta/Regrid/RegridMap/CarpetLib::gh::regrid/CarpetLib::dh::regrid/region: 0.000206 8.5e-05 576950 576950 0 576950 576950
main/CarpetStartup/CarpetLib::gh::regrid/CarpetLib::dh::regrid/test: 0.006614 0.007142 1.8503e+07 324613 188625 311822 444524
main/CarpetStartup/CarpetLib::gh::regrid/CarpetLib::dh::regrid/domain: 0.000708 0.000635 1.98702e+06 34859.9 89673.2 31348 123018
main/Initialise/CallInitial/CallRegridInitialMeta/Regrid/RegridMap/CarpetLib::gh::regrid/CarpetLib::dh::regrid/domain: 4.4e-05 0 120414 120414 0 120414 120414
main/CarpetStartup/CarpetLib::gh::regrid/CarpetLib::dh::regrid/comm/refrest: 2.3e-05 1.6e-05 64002 1122.84 458.493 1078 1514
main/CarpetStartup/CarpetLib::gh::regrid/CarpetLib::dh::regrid/comm/mgprol: 2.8e-05 2e-05 63158 1108.04 137.04 1076 1158
main/CarpetStartup/CarpetLib::dh::recompose: 3.2e-05 1.9e-05 71906 1261.51 248.005 1202 1390
main/CarpetStartup/CarpetLib::gh::regrid/CarpetLib::dh::regrid/buffers: 0.010343 0.012633 2.89419e+07 507753 171376 491308 599330
main/CarpetStartup/CarpetLib::gh::regrid/CarpetLib::dh::regrid: 0.023548 0.025732 6.57831e+07 1.15409e+06 1.04263e+06 1.10829e+06 2.15789e+06
main/CarpetStartup/CarpetLib::gh::regrid/CarpetLib::dh::regrid/bcast_comm: 0.002145 0.001943 5.98586e+06 105015 129714 99184 220226
main/CarpetStartup/CarpetLib::gh::regrid/CarpetLib::dh::regrid/comm/sync: 2.2e-05 2.6e-05 66062 1158.98 482.967 1114 1558
main/CarpetStartup/CarpetLib::gh::regrid/CarpetLib::dh::regrid/mask: 0.000184 0.000167 523814 9189.72 17810.5 5792 17440
main/CarpetStartup/CarpetLib::gh::regrid/CarpetLib::dh::regrid/bcast_boxes: 7.8e-05 7e-05 209112 3668.63 40187.5 2460 43410
main/CarpetStartup/CarpetLib::gh::regrid/CarpetLib::dh::regrid/unusedpoints_mask: 3.1e-05 3e-05 82634 1449.72 822.277 1348 1800
main/CarpetStartup/CarpetLib::gh::regrid/CarpetLib::dh::regrid/bcast_comm/ref_bnd_prol: 0.000185 0.000177 528052 9264.07 12218.6 8752 20776
main/CarpetStartup/CarpetLib::gh::regrid/CarpetLib::dh::regrid/bcast_comm/ref_prol/CarpetLib::dh::bs3: 2.4e-05 2.9e-05 73438 1288.39 460.325 1242 1694
main/CarpetStartup/CarpetLib::gh::regrid/CarpetLib::dh::regrid/comm: 0.000373 0.000349 1.04894e+06 18402.5 30837.9 17528 48902
main/CarpetStartup/CarpetLib::gh::regrid/CarpetLib::dh::regrid/bcast_comm/ref_prol: 0.000215 0.000194 592072 10387.2 30937.5 9076 40564
main/CarpetStartup/CarpetLib::gh::regrid/CarpetLib::dh::regrid/bcast_comm/sync: 0.000189 0.000174 535362 9392.32 12931.4 8796 21694
main/CarpetStartup/CarpetLib::gh::regrid/CarpetLib::dh::regrid/bcast_comm/ref_prol/CarpetLib::dh::bs1: 2.7e-05 3.6e-05 85188 1494.53 2042.05 1282 3152
main/Initialise/CallInitial/CallRegridInitialMeta/Regrid/RegridMap/CarpetLib::gh::regrid/CarpetLib::dh::regrid/bcast_comm/ref_prol/CarpetLib::dh::bs1: 0 0 1664 1664 0 1664 1664
main/Initialise/CallInitial/CallRegridInitialMeta/Regrid/RegridMap/CarpetLib::gh::regrid/CarpetLib::dh::regrid/bcast_comm/sync: 1e-05 9e-06 27676 27676 0 27676 27676
main/Initialise/CallInitial/CallRegridInitialMeta/Regrid/RegridMap/CarpetLib::gh::regrid/CarpetLib::dh::regrid/comm/mgrest: 1e-06 0 1294 1294 0 1294 1294
main/Initialise/CallInitial/CallRegridInitialMeta/Regrid/RegridMap/CarpetLib::gh::regrid/CarpetLib::dh::regrid/comm/mgprol: 0 0 1116 1116 0 1116 1116
main/Initialise/CallInitial/CallRegridInitialMeta/Regrid/RegridMap/CarpetLib::gh::regrid/CarpetLib::dh::regrid/comm/refprol: 0 1e-06 1098 1098 0 1098 1098
main/Initialise/CallInitial/CallRegridInitialMeta/Regrid/RegridMap/CarpetLib::gh::regrid/CarpetLib::dh::regrid/comm/sync: 0 1e-06 1504 1504 0 1504 1504
main/Initialise/CallInitial/CallRegridInitialMeta/Regrid/RegridMap/CarpetLib::gh::regrid/CarpetLib::dh::regrid/comm/refbndprol: 0 0 1148 1148 0 1148 1148
main/CarpetStartup/CarpetLib::gh::regrid/CarpetLib::dh::regrid/bcast_comm/ref_prol/CarpetLib::dh::bs2: 4.8e-05 5e-05 137282 2408.46 14270.4 1684 16440
main/CarpetStartup/CarpetLib::gh::regrid/CarpetLib::dh::regrid/bcast_comm/sync/CarpetLib::dh::bs1: 2.6e-05 3e-05 75948 1332.42 720.271 1280 1984
main/CarpetStartup/CarpetLib::gh::regrid/CarpetLib::dh::regrid/bcast_comm/sync/CarpetLib::dh::bs2: 3.4e-05 3.8e-05 102720 1802.11 1063.6 1560 2212
main/CarpetStartup/CarpetLib::gh::regrid/CarpetLib::dh::regrid/bcast_comm/sync/CarpetLib::dh::bs3: 2.4e-05 2.3e-05 72288 1268.21 725.058 1210 1966
main/CarpetStartup/CarpetLib::gh::regrid/CarpetLib::dh::regrid/bcast_comm/ref_refl_prol: 0.000996 0.000896 2.79072e+06 48959.9 46716.8 46382 76936
main/CarpetStartup/CarpetLib::gh::regrid/CarpetLib::dh::regrid/bcast_comm/ref_bnd_prol/CarpetLib::dh::bs1: 3.1e-05 2.3e-05 74214 1302 394.604 1258 1638
main/CarpetStartup/CarpetLib::gh::regrid/CarpetLib::dh::regrid/bcast_comm/ref_bnd_prol/CarpetLib::dh::bs2: 3.9e-05 2.9e-05 97442 1709.51 1211.8 1526 2470
main/CarpetStartup/CarpetLib::gh::regrid/CarpetLib::dh::regrid/bcast_comm/old2new_sync: 0.000186 0.000164 517602 9080.74 12856 8672 21276
main/CarpetStartup/CarpetLib::gh::regrid/CarpetLib::dh::regrid/bcast_comm/ref_refl_prol/CarpetLib::dh::bs1: 0.000142 0.000139 457652 1338.16 21420.2 1218 22678
main/CarpetStartup/CarpetLib::gh::regrid/CarpetLib::dh::regrid/bcast_comm/ref_bnd_prol/CarpetLib::dh::bs3: 3e-05 2e-05 70690 1240.18 234.44 1212 1428
main/CarpetStartup/CarpetLib::gh::regrid/CarpetLib::dh::regrid/bcast_comm/ref_refl_prol/CarpetLib::dh::bs3: 0.000152 0.000137 473790 1385.35 36819.3 1192 30464
main/CarpetStartup/CarpetLib::gh::regrid/CarpetLib::dh::regrid/bcast_comm/ref_refl_prol/CarpetLib::dh::bs2: 0.000188 0.000181 546914 1599.16 3222.67 1494 3538
main/CarpetStartup/CarpetLib::gh::regrid/CarpetLib::dh::regrid/bcast_comm/old2new_sync/CarpetLib::dh::bs2: 3.2e-05 3e-05 89172 1564.42 793.638 1502 2184
main/CarpetStartup/CarpetLib::gh::regrid/CarpetLib::dh::regrid/bcast_comm/old2new_sync/CarpetLib::dh::bs3: 2.1e-05 2.2e-05 71122 1247.75 573.09 1204 1700
main/CarpetStartup/CarpetLib::gh::regrid/CarpetLib::dh::regrid/bcast_comm/old2new_sync/CarpetLib::dh::bs1: 2.6e-05 2.3e-05 72758 1276.46 383.041 1236 1596
main/CarpetStartup/CarpetLib::gh::regrid/CarpetLib::dh::regrid/bcast_comm/old2new_ref_prol/CarpetLib::dh::bs1: 2e-05 2.4e-05 72132 1265.47 385.098 1232 1634
main/CarpetStartup/CarpetLib::gh::regrid/CarpetLib::dh::regrid/bcast_comm/old2new_ref_prol/CarpetLib::dh::bs2: 3.1e-05 2.8e-05 89822 1575.82 1369.17 1490 2686
main/CarpetStartup/CarpetLib::gh::regrid/CarpetLib::dh::regrid/bcast_comm/old2new_ref_prol: 0.000189 0.000164 522890 9173.51 13200.9 8748 21524
main/CarpetStartup/CarpetLib::gh::regrid/CarpetLib::dh::regrid/bcast_comm/old2new_ref_prol/CarpetLib::dh::bs3: 2.6e-05 1.8e-05 70536 1237.47 508.114 1208 1728
main/CarpetStartup/CarpetLib::gh::regrid/CarpetLib::dh::regrid/comm/refprol: 2.2e-05 2.7e-05 64368 1129.26 152.148 1092 1184
main/CarpetStartup/CarpetLib::gh::regrid/CarpetLib::dh::regrid/comm/refbndprol: 2e-05 2e-05 63976 1122.39 179.498 1082 1178
main/CarpetStartup/CarpetLib::gh::regrid/CarpetLib::dh::regrid/comm/reflux: 3e-05 1.9e-05 63018 1105.58 140.192 1078 1166
main/CarpetStartup/CarpetLib::gh::regrid/CarpetLib::dh::regrid/comm/mgrest: 2.5e-05 1.6e-05 64428 1130.32 221.5 1088 1252
main/CarpetStartup/CheckRegions: 1e-06 1e-06 2024 2024 0 2024 2024
meta mode/meta mode/global mode/leave_level_mode: 6.1e-05 6e-05 171362 2904.44 16604.7 1996 18272
meta mode/meta mode/global mode/level(0)/leave_singlemap_mode: 0.000126 0.000126 321614 2173.07 11832.6 1200 6818
meta mode/meta mode/global mode/level(0)/leave_local_mode: 0.000258 0.000238 734304 5099.33 59879.8 1206 32420
meta mode/meta mode/global mode: 1.57782 2.95714 4.40757e+09 2.31977e+08 4.06271e+09 9308 4.18188e+09
meta mode/meta mode: 1.59712 2.96298 4.46146e+09 4.46146e+09 0 4.46146e+09 4.46146e+09
meta mode/meta mode/global mode/level(0): 1.5762 2.95596 4.40304e+09 7.46278e+07 4.10661e+09 11714 4.14156e+09
meta mode/meta mode/leave_global_mode: 0.000101 7.4e-05 282096 14847.2 45069.2 6150 34938
main/Initialise/CarpetLib::ggf::recompose_crop: 0.000327 5.8e-05 895030 1570.23 14755 1402 10562
main/Initialise/CarpetLib::ggf::recompose_allocate: 0.000363 6.6e-05 1.03531e+06 1816.33 16952.2 1592 10344
main/Initialise: 1.59665 2.96252 4.46016e+09 4.46016e+09 0 4.46016e+09 4.46016e+09
main/Initialise/dh::recompose_free_old: 0.000262 5.2e-05 804012 1410.55 43119.6 1264 43252
main/Initialise/CallSetup/Poison: 0.000259 0 722966 722966 0 722966 722966
meta mode/meta mode/enter_global_mode: 0.000569 0.001338 1.58799e+06 88221.7 266871 37770 251018
meta mode/meta mode/global mode/enter_level_mode: 6e-05 5.5e-05 168456 2904.41 9224.31 2128 8304
main/Initialise/CallSetup: 0.001198 0 3.34699e+06 3.34699e+06 0 3.34699e+06 3.34699e+06
meta mode/meta mode/global mode/level(0)/enter_local_mode: 0.000742 0.000716 2.09905e+06 14678.7 185472 1222 80908
main/Initialise/CallSetup/CCTK_WRAGH/CallFunction: 0.000517 0 1.44321e+06 80178.2 406733 12076 414266
main/Initialise/CallSetup/CCTK_WRAGH: 0.000582 0 1.62542e+06 1.62542e+06 0 1.62542e+06 1.62542e+06
meta mode/meta mode/global mode/level(0)/enter_singlemap_mode: 0.000118 9.4e-05 327054 2224.86 11732.7 1242 7412
main/Initialise/CallSetup/CCTK_WRAGH/CallFunction/thorns/Einstein_InitSymBound: 1.2e-05 0 33380 33380 0 33380 33380
main/Initialise/CallSetup/CCTK_WRAGH/CallFunction/thorns/Boundary_RegisterBCs: 6e-06 0 14978 14978 0 14978 14978
main/Initialise/CallSetup/CCTK_WRAGH/CallFunction/thorns: 0.000336 0 926992 51499.6 316618 9034 338100
main/Initialise/CallSetup/CCTK_WRAGH/CallFunction/thorns/CarpetRegrid2_Initialise: 1.4e-05 0 39506 39506 0 39506 39506
main/Initialise/CallSetup/CCTK_WRAGH/CallFunction/thorns/RegisterCartGrid3DCoords: 2.5e-05 0 70850 70850 0 70850 70850
main/Initialise/CallSetup/CCTK_WRAGH/CallFunction/thorns/Einstein_ActivateSlicing: 3e-06 0 8472 8472 0 8472 8472
main/Initialise/CallSetup/CCTK_WRAGH/CallFunction/thorns/Einstein_SetNextSlicing: 1e-06 0 2964 2964 0 2964 2964
main/Initialise/CallSetup/CCTK_WRAGH/CallFunction/thorns/ML_BSSN_RegisterConstrained: 4e-06 0 11298 11298 0 11298 11298
main/Initialise/CallSetup/CCTK_WRAGH/CallFunction/thorns/MoL_SetupIndexArrays: 1.4e-05 0 39472 39472 0 39472 39472
main/Initialise/CallSetup/CCTK_WRAGH/CallFunction/thorns/ML_BSSN_ParamCompat: 0.000117 0 327050 327050 0 327050 327050
main/Initialise/CallSetup/CCTK_WRAGH/CallFunction/thorns/ML_BSSN_RegisterVars: 3.7e-05 0 104992 104992 0 104992 104992
main/Initialise/CallInitial/CallRegridInitialMeta/Regrid/RegridMap/CarpetLib::gh::regrid: 0.000826 0.000599 2.30725e+06 2.30725e+06 0 2.30725e+06 2.30725e+06
main/Initialise/CallSetup/CCTK_WRAGH/CallFunction/thorns/TmunuBase_SetStressEnergyState: 3e-06 0 10940 10940 0 10940 10940
main/Initialise/CallSetup/CCTK_WRAGH/CallFunction/thorns/Slab_InitTimers: 1.5e-05 0 40756 40756 0 40756 40756
main/Initialise/CallSetup/CCTK_WRAGH/CallFunction/thorns/MoL_SetScheduleStatus: 1e-06 0 2248 2248 0 2248 2248
main/Initialise/CallSetup/CCTK_WRAGH/CallFunction/thorns/CartGrid3D_RegisterSymmetryBoundaries: 3e-06 0 9892 9892 0 9892 9892
main/Initialise/CallSetup/CCTK_WRAGH/CallFunction/thorns/ML_BSSN_RegisterSymmetries: 1.9e-05 0 52668 52668 0 52668 52668
main/Initialise/CallSetup/CCTK_WRAGH/CallFunction/thorns/ReflectionSymmetry_Register: 2e-06 0 8048 8048 0 8048 8048
main/Initialise/CallSetup/CCTK_WRAGH/CallFunction/thorns/SymBase_Statistics: 2e-06 0 6162 6162 0 6162 6162
main/Initialise/CallSetup/CCTK_WRAGH/CallFunction/thorns/MoL_ReportNumberVariables: 3e-06 0 7596 7596 0 7596 7596
main/Initialise/CallSetup/CCTK_PARAMCHECK/CallFunction: 0.000197 0 557332 34833.2 153501 11102 139708
main/Initialise/CallSetup/CCTK_PARAMCHECK/CallFunction/thorns: 0.000151 0 449276 28079.8 129673 8032 136684
main/Initialise/CallSetup/CCTK_PARAMCHECK/CallFunction/thorns/ADMBase_ParamCheck: 1e-06 0 2872 2872 0 2872 2872
main/Initialise/CallSetup/CCTK_PARAMCHECK/CallFunction/thorns/Boundary_Check: 0 0 1832 1832 0 1832 1832
main/Initialise/CallSetup/CCTK_PARAMCHECK: 0.000252 0 703430 703430 0 703430 703430
main/Initialise/CallSetup/CCTK_PARAMCHECK/CallFunction/thorns/CarpetLib_test_prolongate_3d_rf2: 1.1e-05 0 32722 32722 0 32722 32722
main/Initialise/CallSetup/CCTK_PARAMCHECK/CallFunction/thorns/CarpetSurfaceParamCheck: 1e-06 0 2850 2850 0 2850 2850
main/Initialise/CallSetup/CCTK_PARAMCHECK/CallFunction/thorns/CarpetRegrid2_ParamCheck: 7e-06 0 21426 21426 0 21426 21426
main/Initialise/CallSetup/CCTK_PARAMCHECK/CallFunction/thorns/CarpetParamCheck: 9e-06 0 25168 25168 0 25168 25168
main/Initialise/CallSetup/CCTK_PARAMCHECK/CallFunction/thorns/dissipation_paramcheck: 1e-06 0 2344 2344 0 2344 2344
main/Initialise/CallSetup/CCTK_PARAMCHECK/CallFunction/thorns/Extract_ParamCheck: 1e-06 0 3038 3038 0 3038 3038
main/Initialise/CallSetup/CCTK_PARAMCHECK/CallFunction/thorns/CheckFortranParameters: 1e-06 0 2978 2978 0 2978 2978
main/Initialise/CallSetup/CCTK_PARAMCHECK/CallFunction/thorns/ML_BSSN_ParamCheck: 1.9e-05 0 54250 54250 0 54250 54250
main/Initialise/CallSetup/CCTK_PARAMCHECK/CallFunction/thorns/ParamCheck_CartGrid3D: 3e-06 0 9600 9600 0 9600 9600
main/Initialise/CallSetup/CCTK_PARAMCHECK/CallFunction/thorns/MoL_ParamCheck: 1e-06 0 3408 3408 0 3408 3408
main/Initialise/CallSetup/CCTK_PARAMCHECK/CallFunction/thorns/SphericalSurface_ParamCheck: 2e-06 0 3670 3670 0 3670 3670
main/Initialise/CallSetup/CCTK_PARAMCHECK/CallFunction/thorns/TmunuBase_ParamCheck: 1e-06 0 1554 1554 0 1554 1554
main/Initialise/CallSetup/CCTK_PARAMCHECK/CallFunction/thorns/TwoPunctures_ParamCheck: 1e-06 0 2536 2536 0 2536 2536
main/Initialise/CallSetup/CCTK_PARAMCHECK/CallFunction/thorns/Vectors_Test: 4.6e-05 0 129770 129770 0 129770 129770
main/Initialise/CallInitial: 1.5034 2.82313 4.19967e+09 4.19967e+09 0 4.19967e+09 4.19967e+09
main/Initialise/CallInitial/CallRegridInitialMeta: 0.001659 0.000775 4.6333e+06 4.6333e+06 0 4.6333e+06 4.6333e+06
main/Initialise/CallInitial/CallRegridInitialMeta/Regrid: 0.001503 0.000659 4.19875e+06 4.19875e+06 0 4.19875e+06 4.19875e+06
main/Initialise/CallInitial/CallRegridInitialMeta/CCTK_PREREGRIDINITIAL: 3e-06 0 7504 7504 0 7504 7504
main/Initialise/CallInitial/CallRegridInitialMeta/Regrid/CarpetRegrid2::RegridMaps: 0.000582 0 1.62855e+06 1.62855e+06 0 1.62855e+06 1.62855e+06
main/Initialise/CallInitial/CallRegridInitialMeta/Regrid/RegridMap/CarpetLib::gh::regrid/CarpetLib::dh::regrid/comm/refrest: 1e-06 0 1498 1498 0 1498 1498
main/Initialise/CallInitial/CallRegridInitialMeta/Regrid/RegridMap/CarpetLib::gh::regrid/CarpetLib::dh::regrid/comm/reflux: 1e-06 0 1144 1144 0 1144 1144
main/Initialise/CallInitial/CallRegridInitialMeta/Regrid/RegridMap/CarpetLib::gh::regrid/CarpetLib::dh::regrid/mask: 3e-06 2e-06 7040 7040 0 7040 7040
main/Initialise/CallInitial/CallRegridInitialMeta/Regrid/RegridMap/CarpetLib::gh::regrid/CarpetLib::dh::regrid/bcast_boxes: 4e-06 4e-06 12608 12608 0 12608 12608
main/Initialise/CallInitial/CallRegridInitialMeta/Regrid/RegridMap/CarpetLib::gh::regrid/CarpetLib::dh::regrid/bcast_comm/sync/CarpetLib::dh::bs1: 1e-06 1e-06 1510 1510 0 1510 1510
main/Initialise/CallInitial/CallRegridInitialMeta/Regrid/PostRegrid: 3.6e-05 3.3e-05 99574 99574 0 99574 99574
main/Initialise/CallInitial/CallRegridInitialMeta/Regrid/RegridMap/CarpetLib::gh::regrid/CarpetLib::dh::regrid: 0.00082 0.000598 2.29135e+06 2.29135e+06 0 2.29135e+06 2.29135e+06
main/Initialise/CallInitial/CCTK_BASEGRID/CallFunction/thorns/dissipation_basegrid: 2.2e-05 2.2e-05 61472 61472 0 61472 61472
main/Initialise/CallInitial/CCTK_BASEGRID/CallFunction/thorns/NaNChecker_ResetCounter: 1e-06 1e-06 2884 2884 0 2884 2884
main/Initialise/CallInitial/CallRegridInitialMeta/Regrid/RegridMap/CarpetLib::gh::regrid/CarpetLib::dh::regrid/buffers: 0.000232 0.000215 649866 649866 0 649866 649866
main/Initialise/CallInitial/CallRegridInitialMeta/Regrid/RegridMap/CarpetLib::gh::regrid/CarpetLib::dh::regrid/test: 0.000162 0.00015 452834 452834 0 452834 452834
main/Initialise/CallInitial/CallRegridInitialMeta/Regrid/RegridMap: 0.000854 0.00062 2.38625e+06 2.38625e+06 0 2.38625e+06 2.38625e+06
main/Initialise/CallInitial/CallRegridInitialMeta/Recompose: 0.000111 0.000103 310434 310434 0 310434 310434
main/Initialise/CallInitial/CallRegridInitialMeta/RegridFree: 2e-06 1e-06 3232 3232 0 3232 3232
main/Initialise/CallInitial/CCTK_BASEGRID/CallFunction/thorns/SpatialCoordinates: 0.000239 0.000239 668380 668380 0 668380 668380
main/Initialise/CallInitial/CCTK_BASEGRID/CallFunction/thorns/MaskBase_AllocateMask: 0.000161 0.000162 451732 451732 0 451732 451732
main/Initialise/CallInitial/CallRegridInitialMeta/Regrid/RegridMap/CarpetLib::gh::regrid/CarpetLib::dh::regrid/comm: 2.1e-05 1.9e-05 57888 57888 0 57888 57888
main/Initialise/CallInitial/CallRegridInitialMeta/Regrid/RegridMap/CarpetLib::gh::regrid/CarpetLib::dh::regrid/unusedpoints_mask: 0 0 1952 1952 0 1952 1952
main/Initialise/CallInitial/CallRegridInitialMeta/Regrid/RegridMap/CarpetLib::gh::regrid/CarpetLib::dh::regrid/bcast_comm/ref_prol/CarpetLib::dh::bs2: 2e-06 1e-06 5292 5292 0 5292 5292
main/Initialise/CallInitial/CallRegridInitialMeta/Regrid/RegridMap/CarpetLib::gh::regrid/CarpetLib::dh::regrid/bcast_comm/ref_prol/CarpetLib::dh::bs3: 1e-06 0 1356 1356 0 1356 1356
main/Initialise/CallInitial/CallRegridInitialMeta/Regrid/RegridMap/CarpetLib::gh::regrid/CarpetLib::dh::regrid/bcast_comm/ref_bnd_prol: 8e-06 8e-06 24422 24422 0 24422 24422
main/Initialise/CallInitial/CallRegridInitialMeta/Regrid/RegridMap/CarpetLib::gh::regrid/CarpetLib::dh::regrid/bcast_comm: 9.6e-05 8.8e-05 266444 266444 0 266444 266444
main/Initialise/CallInitial/CCTK_BASEGRID: 0.001657 0.001962 4.62668e+06 4.62668e+06 0 4.62668e+06 4.62668e+06
main/Initialise/CallInitial/CCTK_BASEGRID/CallFunction/thorns/SphericalSurface_SetupRes: 2e-06 2e-06 6232 6232 0 6232 6232
main/Initialise/CallInitial/CCTK_BASEGRID/CallFunction/thorns/SphericalSurface_Setup: 4e-06 3e-06 10926 10926 0 10926 10926
main/Initialise/CallInitial/CallRegridInitialMeta/Regrid/RegridMap/CarpetLib::gh::regrid/CarpetLib::dh::regrid/bcast_comm/sync/CarpetLib::dh::bs2: 1e-06 1e-06 2026 2026 0 2026 2026
main/Initialise/CallInitial/CallRegridInitialMeta/Regrid/RegridMap/CarpetLib::gh::regrid/CarpetLib::dh::regrid/bcast_comm/sync/CarpetLib::dh::bs3: 1e-06 0 1404 1404 0 1404 1404
main/Initialise/CallInitial/CallRegridInitialMeta/Regrid/RegridMap/CarpetLib::gh::regrid/CarpetLib::dh::regrid/bcast_comm/ref_refl_prol: 2.5e-05 2.3e-05 70136 70136 0 70136 70136
main/Initialise/CallInitial/CallRegridInitialMeta/Regrid/RegridMap/CarpetLib::gh::regrid/CarpetLib::dh::regrid/bcast_comm/ref_bnd_prol/CarpetLib::dh::bs1: 0 0 1256 1256 0 1256 1256
main/Initialise/CallInitial/CallRegridInitialMeta/Regrid/RegridMap/CarpetLib::gh::regrid/CarpetLib::dh::regrid/bcast_comm/ref_bnd_prol/CarpetLib::dh::bs2: 0 0 1664 1664 0 1664 1664
main/Initialise/CallInitial/CallRegridInitialMeta/Regrid/RegridMap/CarpetLib::gh::regrid/CarpetLib::dh::regrid/bcast_comm/ref_bnd_prol/CarpetLib::dh::bs3: 1e-06 1e-06 1428 1428 0 1428 1428
main/Initialise/CallInitial/CallRegridInitialMeta/Regrid/RegridMap/CarpetLib::gh::regrid/CarpetLib::dh::regrid/bcast_comm/old2new_sync: 9e-06 8e-06 24252 24252 0 24252 24252
main/Initialise/CallInitial/CallRegridInitialMeta/Regrid/RegridMap/CarpetLib::gh::regrid/CarpetLib::dh::regrid/bcast_comm/ref_refl_prol/CarpetLib::dh::bs1: 1e-06 3e-06 7386 1231 26.3439 1220 1250
main/Initialise/CallInitial/CallRegridInitialMeta/Regrid/RegridMap/CarpetLib::gh::regrid/CarpetLib::dh::regrid/bcast_comm/ref_refl_prol/CarpetLib::dh::bs3: 2e-06 2e-06 7278 1213 31.3369 1196 1234
main/Initialise/CallInitial/CallRegridInitialMeta/Regrid/RegridMap/CarpetLib::gh::regrid/CarpetLib::dh::regrid/bcast_comm/old2new_sync/CarpetLib::dh::bs1: 1e-06 0 1236 1236 0 1236 1236
main/Initialise/CallInitial/CallRegridInitialMeta/Regrid/RegridMap/CarpetLib::gh::regrid/CarpetLib::dh::regrid/bcast_comm/old2new_sync/CarpetLib::dh::bs2: 1e-06 1e-06 1620 1620 0 1620 1620
main/Initialise/CallInitial/CallRegridInitialMeta/Regrid/RegridMap/CarpetLib::gh::regrid/CarpetLib::dh::regrid/bcast_comm/old2new_sync/CarpetLib::dh::bs3: 0 0 1244 1244 0 1244 1244
main/Initialise/CallInitial/CallRegridInitialMeta/Regrid/RegridMap/CarpetLib::gh::regrid/CarpetLib::dh::regrid/bcast_comm/old2new_ref_prol: 1.7e-05 1.6e-05 47236 47236 0 47236 47236
main/Initialise/CallInitial/CallRegridInitialMeta/Regrid/RegridMap/CarpetLib::gh::regrid/CarpetLib::dh::regrid/bcast_comm/old2new_ref_prol/CarpetLib::dh::bs1: 0 1e-06 1262 1262 0 1262 1262
main/Initialise/CallInitial/CallRegridInitialMeta/Regrid/RegridMap/CarpetLib::gh::regrid/CarpetLib::dh::regrid/bcast_comm/old2new_ref_prol/CarpetLib::dh::bs2: 0 0 1540 1540 0 1540 1540
main/Initialise/CallInitial/CallRegridInitialMeta/Regrid/RegridMap/CarpetLib::gh::regrid/CarpetLib::dh::regrid/bcast_comm/old2new_ref_prol/CarpetLib::dh::bs3: 1e-06 0 1284 1284 0 1284 1284
main/Initialise/CallInitial/CallRegridInitialMeta/Regrid/RegridMap/CarpetLib::gh::regrid/CarpetLib::dh::regrid/bcast_comm/ref_refl_prol/CarpetLib::dh::bs2: 4e-06 3e-06 9688 1614.67 205.05 1546 1792
main/Initialise/CallInitial/CCTK_BASEGRID/CallFunction/thorns/ADMBase_SetShiftStateOn: 2e-06 2e-06 5262 5262 0 5262 5262
main/Initialise/CallInitial/CCTK_BASEGRID/CallFunction/thorns/ADMBase_SetDtLapseStateOn: 1e-06 1e-06 2544 2544 0 2544 2544
main/Initialise/CallInitial/CCTK_BASEGRID/CallFunction/thorns/ADMBase_SetDtShiftStateOn: 0 1e-06 1866 1866 0 1866 1866
main/Initialise/CallInitial/CCTK_BASEGRID/CallFunction/thorns/ADMMacros_SetLocalSpatialOrder: 1e-06 1e-06 3258 3258 0 3258 3258
main/Initialise/CallInitial/CCTK_BASEGRID/CallFunction/thorns/SpatialSpacings: 4.9e-05 4.9e-05 136712 136712 0 136712 136712
main/Initialise/CallInitial/CCTK_BASEGRID/CallFunction: 0.001536 0.00184 4.29221e+06 171689 976942 25098 712792
main/Initialise/CallInitial/CCTK_BASEGRID/CallFunction/thorns/MaskBase_AllocateMask/CarpetLib::ggf::recompose_crop: 2e-06 1e-06 4864 2432 1176.63 1600 3264
main/Initialise/CallInitial/CCTK_BASEGRID/CallFunction/thorns/MaskBase_AllocateMask/CarpetLib::ggf::recompose_allocate: 1e-06 3e-06 4954 2477 912.168 1832 3122
main/Initialise/CallInitial/CCTK_BASEGRID/CallFunction/thorns/MaskBase_AllocateMask/dh::recompose_free_old: 1e-06 2e-06 2832 1416 101.823 1344 1488
main/Initialise/CallInitial/CCTK_BASEGRID/CallFunction/thorns/MaskBase_InitMask: 0.000111 0.000112 311498 311498 0 311498 311498
main/Initialise/CallInitial/CCTK_BASEGRID/CallFunction/thorns/CarpetMaskSetup: 1.3e-05 1.3e-05 37256 37256 0 37256 37256
main/Initialise/CallInitial/CCTK_BASEGRID/CallFunction/thorns/CarpetExcludedSetup: 3e-06 3e-06 8250 8250 0 8250 8250
main/Initialise/CallInitial/CCTK_BASEGRID/CallFunction/thorns/CarpetSurfaceSetup: 2e-06 2e-06 7352 7352 0 7352 7352
main/Initialise/CallInitial/CCTK_BASEGRID/CallFunction/thorns/CoordBase_SetupMask: 0.000199 0.000505 556464 556464 0 556464 556464
main/Initialise/CallInitial/CCTK_BASEGRID/CallFunction/thorns/SphericalSurface_Set: 2e-06 3e-06 5770 5770 0 5770 5770
main/Initialise/CallInitial/CCTK_BASEGRID/CallFunction/thorns/MaskBase_TestMask: 0.000117 0.000117 327834 327834 0 327834 327834
main/Initialise/CallInitial/CCTK_BASEGRID/CallFunction/thorns/SphericalSurface_CheckState: 1e-06 0 2256 2256 0 2256 2256
main/Initialise/CallInitial/CCTK_BASEGRID/CallFunction/thorns/SBP_SetNormMask: 3.4e-05 3.5e-05 96596 96596 0 96596 96596
main/Initialise/CallInitial/CCTK_BASEGRID/CallFunction/thorns/SymBase_Check: 1e-06 1e-06 2830 2830 0 2830 2830
main/Initialise/CallInitial/CCTK_BASEGRID/CallFunction/thorns/Time_Initialise: 1e-06 1e-06 2234 2234 0 2234 2234
main/Initialise/CallInitial/CCTK_BASEGRID/CallFunction/thorns/MaskBase_SetMask: 0.000103 0.000103 288038 288038 0 288038 288038
main/Initialise/CallInitial/CCTK_INITIAL/CallFunction/thorns/TwoPunctures: 1.48242 2.79076 4.14106e+09 4.14106e+09 0 4.14106e+09 4.14106e+09
main/Initialise/CallInitial/CCTK_INITIAL/CallFunction/thorns/TwoPunctures_Metadata: 0.000136 0.000133 381200 381200 0 381200 381200
main/Initialise/CallInitial/CCTK_INITIAL/CallFunction/thorns/ADMBase_ShiftZero: 0.000144 0.00014 404480 404480 0 404480 404480
main/Initialise/CallInitial/CCTK_INITIAL/CallFunction/thorns/ADMBase_DtLapseZero: 5.4e-05 5.2e-05 149310 149310 0 149310 149310
main/Initialise/CallInitial/CCTK_INITIAL/CallFunction/thorns/ADMBase_DtShiftZero: 0.000148 0.000144 414756 414756 0 414756 414756
main/Initialise/CallInitial/CCTK_INITIAL/CallFunction/thorns/CarpetIOASCIIInit: 1e-06 1e-06 3548 3548 0 3548 3548
main/Initialise/CallInitial/CCTK_INITIAL/CallFunction/thorns/CarpetIOBasicInit: 1e-06 1e-06 3220 3220 0 3220 3220
main/Initialise/CallInitial/CCTK_INITIAL: 1.48703 2.79934 4.15392e+09 4.15392e+09 0 4.15392e+09 4.15392e+09
main/Initialise/CallInitial/CCTK_BASEGRID/CallFunction/thorns/TemporalSpacings: 3e-06 3e-06 8004 8004 0 8004 8004
main/Initialise/CallInitial/CCTK_INITIAL/CallFunction/thorns/CarpetIOScalarInit: 1e-06 1e-06 3522 3522 0 3522 3522
main/Initialise/CallInitial/CCTK_INITIAL/CallFunction/thorns/ML_BSSN_InitialADMBase1Everywhere: 0.001695 0.003696 4.7352e+06 4.7352e+06 0 4.7352e+06 4.7352e+06
main/Initialise/CallInitial/CCTK_INITIAL/CallFunction/thorns/ML_BSSN_InitialADMBase2BoundaryScalar: 0.000292 0.000291 815152 815152 0 815152 815152
main/Initialise/CallInitial/CCTK_INITIAL/CallFunction: 1.48686 2.79918 4.15347e+09 2.96676e+08 3.98961e+09 24910 4.14116e+09
main/Initialise/CallInitial/CCTK_INITIAL/CallFunction/thorns: 1.48649 2.79881 4.15241e+09 2.96601e+08 3.9896e+09 11576 4.14108e+09
main/Initialise/CallInitial/CCTK_INITIAL/CallFunction/thorns/StaticConformal_InitialiseState: 1e-06 1e-06 3382 3382 0 3382 3382
main/Initialise/CallInitial/CCTK_INITIAL/CarpetLib::ggf::recompose_crop: 0 0 1822 1822 0 1822 1822
main/Initialise/CallInitial/CCTK_INITIAL/CarpetLib::ggf::recompose_allocate: 1e-06 1e-06 2732 2732 0 2732 2732
main/Initialise/CallInitial/CCTK_INITIAL/dh::recompose_free_old: 1e-06 0 1608 1608 0 1608 1608
main/Initialise/CallInitial/CallRegridInitialMeta/Regrid/RegridMap/CarpetLib::gh::regrid/CarpetLib::dh::regrid/bcast_comm/ref_prol: 1.1e-05 1.1e-05 32206 32206 0 32206 32206
main/Initialise/CallInitial/CCTK_BASEGRID/CallFunction/thorns/ML_BSSN_CheckBoundaries: 0 1e-06 2280 2280 0 2280 2280
main/Initialise/CallInitial/CallRegridInitialMeta/Regrid/RegridMap/CheckRegions: 1e-06 0 1868 1868 0 1868 1868
main/Initialise/CallInitial/CCTK_INITIAL/CallFunction/thorns/ML_BSSN_InitialADMBase2Interior: 0.001271 0.003272 3.55279e+06 3.55279e+06 0 3.55279e+06 3.55279e+06
main/Initialise/CallInitial/CCTK_INITIAL/CallFunction/syncs: 0.0001 0.000101 281646 281646 0 281646 281646
main/Initialise/CallInitial/CCTK_INITIAL/CallFunction/syncs/Prolongate: 0 1e-06 1626 1626 0 1626 1626
main/Initialise/CallInitial/CCTK_INITIAL/CallFunction/syncs/Sync: 8.5e-05 8.5e-05 237154 237154 0 237154 237154
main/Initialise/CallInitial/CCTK_INITIAL/CallFunction/syncs/Sync/comm_state[0].create: 7e-06 7e-06 20516 20516 0 20516 20516
main/Initialise/CallInitial/CCTK_INITIAL/CallFunction/syncs/Sync/comm_state[1].state_get_buffer_sizes.user: 3e-06 4e-06 9122 9122 0 9122 9122
main/Initialise/CallInitial/CCTK_INITIAL/CallFunction/syncs/Sync/comm_state[3].state_fill_send_buffers.user: 1e-06 1e-06 3134 3134 0 3134 3134
main/Initialise/CallInitial/CCTK_INITIAL/CallFunction/syncs/Sync/comm_state[4].state_fill_send_buffers.step: 0 1e-06 2028 2028 0 2028 2028
main/Initialise/CallInitial/CCTK_INITIAL/CallFunction/syncs/Sync/comm_state[5].state_do_some_work.user: 1e-06 1e-06 2762 2762 0 2762 2762
main/Initialise/CallInitial/CCTK_INITIAL/CallFunction/syncs/Sync/comm_state[6].state_do_some_work.step: 2e-06 2e-06 5826 5826 0 5826 5826
main/Initialise/CallInitial/CCTK_INITIAL/CallFunction/syncs/Sync/comm_state[7].state_empty_recv_buffers.user: 1e-06 1e-06 2822 2822 0 2822 2822
main/Initialise/CallInitial/CCTK_INITIAL/CallFunction/syncs/Sync/comm_state[8].state_empty_recv_buffers.step: 1e-06 1e-06 2992 2992 0 2992 2992
main/Initialise/CallInitial/CCTK_INITIAL/CallFunction/thorns/MoL_StartLoop: 1e-06 1e-06 3056 3056 0 3056 3056
main/Initialise/CallInitial/CCTK_INITIAL/CallFunction/thorns/ML_BSSN_ExtrapolateGammas: 0.000241 0.000242 675412 675412 0 675412 675412
main/Initialise/CallInitial/CCTK_POSTINITIAL: 0.006668 0.012672 1.86262e+07 1.86262e+07 0 1.86262e+07 1.86262e+07
main/Initialise/CallInitial/CCTK_INITIAL/CallFunction/syncs/Sync/comm_state[2].state_get_buffer_sizes.step: 1e-06 2e-06 4682 4682 0 4682 4682
main/Initialise/CallInitial/CCTK_POSTINITIAL/CallFunction/thorns: 0.006135 0.012111 1.71255e+07 634279 7.00144e+06 4482 6.04838e+06
main/Initialise/CallInitial/CCTK_POSTINITIAL/CallFunction/thorns/ML_BSSN_EnforceEverywhere: 0.000558 0.001559 1.5611e+06 1.5611e+06 0 1.5611e+06 1.5611e+06
main/Initialise/CallInitial/CCTK_POSTINITIAL/CallFunction/thorns/ML_BSSN_SelectBoundConds: 2.7e-05 2.7e-05 75022 75022 0 75022 75022
main/Initialise/CallInitial/CCTK_POSTINITIAL/CallFunction: 0.006546 0.012547 1.82765e+07 676908 7.01748e+06 7318 6.08894e+06
main/Initialise/CallInitial/CCTK_POSTINITIAL/CallFunction/syncs/Prolongate: 2e-06 2e-06 5008 1252 78.4347 1218 1316
main/Initialise/CallInitial/CCTK_POSTINITIAL/CallFunction/syncs/Sync: 7.8e-05 7.7e-05 218016 54504 65710.3 33592 111372
main/Initialise/CallInitial/CCTK_POSTINITIAL/CallFunction/syncs/Sync/comm_state[1].state_get_buffer_sizes.user: 7e-06 8e-06 19854 4963.5 4924.58 3018 9150
main/Initialise/CallInitial/CCTK_POSTINITIAL/CallFunction/syncs/Sync/comm_state[0].create: 2e-06 3e-06 8198 2049.5 499.891 1838 2470
main/Initialise/CallInitial/CCTK_POSTINITIAL/CallFunction/syncs/Sync/comm_state[2].state_get_buffer_sizes.step: 4e-06 4e-06 10318 2579.5 243.678 2376 2700
main/Initialise/CallInitial/CCTK_POSTINITIAL/CallFunction/syncs/Sync/comm_state[3].state_fill_send_buffers.user: 5e-06 5e-06 12404 3101 2893.76 1878 5538
main/Initialise/CallInitial/CCTK_POSTINITIAL/CallFunction/syncs/Sync/comm_state[4].state_fill_send_buffers.step: 3e-06 3e-06 6358 1589.5 121.569 1514 1664
main/Initialise/CallInitial/CCTK_POSTINITIAL/CallFunction/syncs/Sync/comm_state[5].state_do_some_work.user: 5e-06 4e-06 12050 3012.5 3085.19 1762 5634
main/Initialise/CallInitial/CCTK_POSTINITIAL/CallFunction/syncs/Sync/comm_state[6].state_do_some_work.step: 5e-06 2e-06 9500 2375 1658.7 1596 3738
main/Initialise/CallInitial/CCTK_POSTINITIAL/CallFunction/syncs/Sync/comm_state[7].state_empty_recv_buffers.user: 4e-06 4e-06 11940 2985 3111.34 1734 5634
main/Initialise/CallInitial/CCTK_POSTINITIAL/CallFunction/syncs/Sync/comm_state[8].state_empty_recv_buffers.step: 2e-06 4e-06 7612 1903 144.568 1792 1974
main/Initialise/CallInitial/CCTK_POSTINITIAL/CallFunction/syncs: 9.6e-05 9.6e-05 268340 67085 79269.4 41830 135686
main/Initialise/CallInitial/CCTK_POSTINITIAL/CallFunction/thorns/Boundary_ApplyPhysicalBCs: 0.000524 0.00152 1.46339e+06 365848 916124 9212 1.12935e+06
main/Initialise/CallInitial/CCTK_POSTINITIAL/CallFunction/thorns/CartGrid3D_ApplyBC: 1e-05 1.1e-05 32218 8054.5 5614.56 4950 11380
main/Initialise/CallInitial/CCTK_POSTINITIAL/CallFunction/thorns/ReflectionSymmetry_Apply: 0.000206 0.000204 581532 145383 212529 20892 286378
main/Initialise/CallInitial/CCTK_POSTINITIAL/CallFunction/thorns/ML_BSSN_ADMBaseInterior: 0.001135 0.002135 3.17327e+06 3.17327e+06 0 3.17327e+06 3.17327e+06
main/Initialise/CallInitial/CCTK_POSTINITIAL/CallFunction/thorns/Boundary_ClearSelection: 4e-06 4e-06 10190 2547.5 810.305 2064 3072
main/Initialise/CallInitial/CCTK_POSTINITIAL/CallFunction/thorns/ML_BSSN_ADMBaseBoundaryScalar: 0.000177 0.000177 494914 494914 0 494914 494914
main/Initialise/CallInitial/CCTK_POSTINITIAL/CallFunction/thorns/ML_BSSN_ADMBase_SelectBCs: 1.7e-05 1.6e-05 45954 45954 0 45954 45954
main/Initialise/CallInitial/CCTK_POSTINITIAL/CallFunction/thorns/ML_BSSN_ConstraintsEverywhere: 0.000133 0.000129 370250 370250 0 370250 370250
main/Initialise/CallInitial/CCTK_POSTINITIAL/CallFunction/thorns/ML_BSSN_ConstraintsEverywhere_SelectBCs: 1.1e-05 1.1e-05 31804 31804 0 31804 31804
main/Initialise/CallInitial/CCTK_POSTINITIAL/CallFunction/thorns/ML_BSSN_ADMBaseEverywhere: 0.001048 0.002047 2.92968e+06 2.92968e+06 0 2.92968e+06 2.92968e+06
main/Initialise/CallInitial/CCTK_POSTINITIAL/CallFunction/thorns/SBP_CheckGridSizes: 2e-06 2e-06 5122 5122 0 5122 5122
main/Initialise/CallInitial/CCTK_POSTINITIAL/CallFunction/thorns/ML_BSSN_ConstraintsInterior_SelectBCs: 1.5e-05 1.5e-05 42712 42712 0 42712 42712
main/Initialise/CallRestrict: 1e-06 1e-06 1646 1646 0 1646 1646
main/Initialise/CallPostInitial: 0.07145 0.129709 1.99591e+08 1.99591e+08 0 1.99591e+08 1.99591e+08
main/Initialise/CallPostInitial/CCTK_POSTSTEP: 0.071359 0.129617 1.99336e+08 1.99336e+08 0 1.99336e+08 1.99336e+08
main/Initialise/CallPostInitial/CCTK_POSTPOSTINITIAL: 4e-06 5e-06 12408 12408 0 12408 12408
main/Initialise/CallPostInitial/CCTK_POSTSTEP/CallFunction: 0.071185 0.129444 1.98847e+08 1.24279e+07 1.3956e+08 35918 1.34481e+08
main/Initialise/CallPostInitial/CCTK_POSTSTEP/CallFunction/thorns: 0.070852 0.129113 1.97914e+08 1.23696e+07 1.39494e+08 12728 1.34391e+08
main/Initialise/CallPostInitial/CCTK_POSTSTEP/CallFunction/thorns/SphericalSurface_Set: 2e-06 2e-06 6182 6182 0 6182 6182
main/Initialise/CallPostInitial/CCTK_POSTSTEP/CallFunction/thorns/SphericalSurface_CheckState: 1e-06 1e-06 2124 2124 0 2124 2124
main/Initialise/CallInitial/CCTK_POSTINITIAL/CallFunction/thorns/ML_BSSN_ConstraintsInterior: 0.00216 0.004157 6.03624e+06 6.03624e+06 0 6.03624e+06 6.03624e+06
main/Initialise/CallPostInitial/CCTK_POSTSTEP/CarpetLib::ggf::recompose_crop: 1e-06 1e-06 3766 1883 479.418 1544 2222
main/Initialise/CallPostInitial/CCTK_POSTSTEP/CarpetLib::ggf::recompose_allocate: 2e-06 2e-06 5286 2643 1285.52 1734 3552
main/Initialise/CallPostInitial/CCTK_POSTSTEP/dh::recompose_free_old: 1e-06 1e-06 2780 1390 67.8823 1342 1438
main/Initialise/CallPostInitial/CCTK_POSTSTEP/CallFunction/thorns/Extract: 0.048103 0.084317 1.34376e+08 1.34376e+08 0 1.34376e+08 1.34376e+08
main/Initialise/CallPostInitial/CCTK_POSTSTEP/CallFunction/thorns/Extract/Sync/comm_state[0].create: 1.4e-05 1.7e-05 43552 1675.08 1666.37 1370 2958
main/Initialise/CallPostInitial/CCTK_POSTSTEP/CallFunction/thorns/Extract/Sync/comm_state[1].state_get_buffer_sizes.user: 2.4e-05 2.3e-05 62252 2394.31 2362.99 1774 3640
main/Initialise/CallPostInitial/CCTK_POSTSTEP/CallFunction/thorns/NaNChecker_NaNCheck_Check: 0.022189 0.044239 6.19927e+07 6.19927e+07 0 6.19927e+07 6.19927e+07
main/Initialise/CallPostInitial/CCTK_POSTSTEP/CallFunction/thorns/Extract/Prolongate: 3e-05 2.2e-05 41426 1593.31 1622.94 1258 2890
main/Initialise/CallPostInitial/CCTK_POSTSTEP/CallFunction/thorns/Extract/Sync: 0.000306 0.000305 860596 33099.8 75440.2 27080 106148
main/Initialise/CallPostInitial/CCTK_POSTSTEP/CallFunction/thorns/NaNChecker_NaNCheck_Prepare: 6e-06 5e-06 15266 15266 0 15266 15266
main/Initialise/CallPostInitial/CCTK_POSTSTEP/CallFunction/thorns/NaNChecker_NaNCheck_Finish: 1e-05 1e-05 27096 27096 0 27096 27096
main/Initialise/CallPostInitial/CCTK_POSTSTEP/CallFunction/thorns/NaNChecker_TakeAction: 1e-06 0 1950 1950 0 1950 1950
main/Initialise/CallPostInitial/CCTK_POSTSTEP/CallFunction/thorns/setup_epsdis: 1.8e-05 1.8e-05 50602 50602 0 50602 50602
main/Initialise/CallPostInitial/CCTK_POSTSTEP/CallFunction/syncs: 4.4e-05 4.4e-05 123518 123518 0 123518 123518
main/Initialise/CallPostInitial/CCTK_POSTSTEP/CallFunction/syncs/Prolongate: 0 0 1506 1506 0 1506 1506
main/Initialise/CallPostInitial/CCTK_POSTSTEP/CallFunction/syncs/Sync: 3.6e-05 3.6e-05 101128 101128 0 101128 101128
main/Initialise/CallPostInitial/CCTK_POSTSTEP/CallFunction/syncs/Sync/comm_state[1].state_get_buffer_sizes.user: 1e-06 2e-06 3700 3700 0 3700 3700
main/Initialise/CallPostInitial/CCTK_POSTSTEP/CallFunction/syncs/Sync/comm_state[0].create: 2e-06 2e-06 5816 5816 0 5816 5816
main/Initialise/CallPostInitial/CCTK_POSTSTEP/CallFunction/syncs/Sync/comm_state[2].state_get_buffer_sizes.step: 2e-06 2e-06 3814 3814 0 3814 3814
main/Initialise/CallPostInitial/CCTK_POSTSTEP/CallFunction/syncs/Sync/comm_state[3].state_fill_send_buffers.user: 0 0 1802 1802 0 1802 1802
main/Initialise/CallPostInitial/CCTK_POSTSTEP/CallFunction/syncs/Sync/comm_state[4].state_fill_send_buffers.step: 0 1e-06 1838 1838 0 1838 1838
main/Initialise/CallPostInitial/CCTK_POSTSTEP/CallFunction/syncs/Sync/comm_state[5].state_do_some_work.user: 1e-06 0 1534 1534 0 1534 1534
main/Initialise/CallPostInitial/CCTK_POSTSTEP/CallFunction/syncs/Sync/comm_state[6].state_do_some_work.step: 1e-06 1e-06 2800 2800 0 2800 2800
main/Initialise/CallPostInitial/CCTK_POSTSTEP/CallFunction/syncs/Sync/comm_state[7].state_empty_recv_buffers.user: 1e-06 0 1644 1644 0 1644 1644
main/Initialise/CallPostInitial/CCTK_POSTSTEP/CallFunction/syncs/Sync/comm_state[8].state_empty_recv_buffers.step: 1e-06 1e-06 2584 2584 0 2584 2584
main/Initialise/CallAnalysis: 0.002719 0.005718 7.59566e+06 7.59566e+06 0 7.59566e+06 7.59566e+06
main/Initialise/CallPostInitial/CCTK_POSTSTEP/CallFunction/thorns/MaskBase_AllocateMask: 3.7e-05 3.7e-05 104922 104922 0 104922 104922
main/Initialise/CallPostInitial/CCTK_POSTSTEP/CallFunction/thorns/MaskBase_InitMask: 6.2e-05 6.2e-05 171784 171784 0 171784 171784
main/Initialise/CallPostInitial/CCTK_POSTSTEP/CallFunction/thorns/CoordBase_SetupMask: 0.000131 0.000131 365644 365644 0 365644 365644
main/Initialise/CallPostInitial/CCTK_POSTSTEP/CallFunction/thorns/CarpetMaskSetup: 1.3e-05 1.3e-05 37852 37852 0 37852 37852
main/Initialise/CallPostInitial/CCTK_POSTSTEP/CallFunction/thorns/CarpetExcludedSetup: 3e-06 2e-06 8196 8196 0 8196 8196
main/Initialise/CallPostInitial/CCTK_POSTSTEP/CallFunction/thorns/CarpetSurfaceSetup: 3e-06 3e-06 8458 8458 0 8458 8458
main/Initialise/CallPostInitial/CCTK_POSTSTEP/CallFunction/thorns/MaskBase_SetMask: 0.00011 0.00011 307294 307294 0 307294 307294
main/Initialise/CallPostInitial/CCTK_POSTSTEP/CallFunction/thorns/MaskBase_TestMask: 8.1e-05 8e-05 224088 224088 0 224088 224088
main/Initialise/CallAnalysis/CCTK_CPINITIAL: 4e-06 3e-06 9572 9572 0 9572 9572
main/Initialise/CallAnalysis/CCTK_ANALYSIS: 0.000536 0.000535 1.49599e+06 1.49599e+06 0 1.49599e+06 1.49599e+06
main/Initialise/CallAnalysis/CCTK_ANALYSIS/CallFunction: 0.000503 0.000502 1.40529e+06 468430 550468 111852 883672
main/Initialise/CallAnalysis/CCTK_ANALYSIS/CallFunction/thorns: 0.000452 0.000451 1.26153e+06 420509 599905 15422 861530
main/Initialise/CallAnalysis/CCTK_ANALYSIS/CallFunction/thorns/CarpetLib_printtimestats: 0.000134 0.000133 374144 374144 0 374144 374144
main/Initialise/CallAnalysis/CCTK_ANALYSIS/CallFunction/thorns/CarpetLib_printmemstats: 0.000304 0.000304 850564 850564 0 850564 850564
main/Initialise/CallAnalysis/OutputGH: 0.00198 0.003978 5.52994e+06 5.52994e+06 0 5.52994e+06 5.52994e+06
main/Initialise/CallAnalysis/CCTK_ANALYSIS/CallFunction/thorns/LC_statistics_analysis: 1e-06 1e-06 2650 2650 0 2650 2650
main/Initialise/CallAnalysis/OutputGH/OutputGH: 0.001975 0.003974 5.51703e+06 5.51703e+06 0 5.51703e+06 5.51703e+06
main/Initialise/CallAnalysis/OutputGH/OutputGH/IOBasic::CarpetIOBasic [0]: 3.5e-05 3.5e-05 97468 97468 0 97468 97468
main/Initialise/CallAnalysis/OutputGH/OutputGH/IOBasic::CarpetIOBasic [0]/OutputGH: 3.2e-05 3.1e-05 87194 87194 0 87194 87194
main/Initialise/CallAnalysis/OutputGH/OutputGH/IOScalar::CarpetIOScalar [1]: 5e-06 5e-06 13608 13608 0 13608 13608
main/Initialise/CallAnalysis/OutputGH/OutputGH/IOScalar::CarpetIOScalar [1]/OutputGH: 0 1e-06 2228 2228 0 2228 2228
main/Initialise/CallAnalysis/OutputGH/OutputGH/IOASCII::IOASCII_0D [2]/OutputGH<0>: 1e-06 1e-06 2302 2302 0 2302 2302
main/Initialise/CallAnalysis/OutputGH/OutputGH/IOASCII::IOASCII_0D [2]: 5e-06 5e-06 13468 13468 0 13468 13468
main/Initialise/CallAnalysis/OutputGH/OutputGH/IOASCII::IOASCII_1D [3]/OutputGH<1>: 0.001885 0.003884 5.26789e+06 5.26789e+06 0 5.26789e+06 5.26789e+06
main/Initialise/CallAnalysis/OutputGH/OutputGH/IOASCII::IOASCII_1D [3]: 0.00189 0.003889 5.27961e+06 5.27961e+06 0 5.27961e+06 5.27961e+06
main/Initialise/CallAnalysis/OutputGH/OutputGH/IOASCII::IOASCII_2D [4]/OutputGH<2>: 0 1e-06 2250 2250 0 2250 2250
main/Initialise/CallAnalysis/OutputGH/OutputGH/IOASCII::IOASCII_3D [5]/OutputGH<3>: 0 1e-06 1976 1976 0 1976 1976
main/Initialise/CallAnalysis/OutputGH/OutputGH/IOASCII::IOASCII_3D [5]: 5e-06 5e-06 13802 13802 0 13802 13802
main/Initialise/CallAnalysis/OutputGH/OutputGH/IOASCII::IOASCII_2D [4]: 6e-06 6e-06 16740 16740 0 16740 16740
main/Initialise/CallPostInitial/CCTK_POSTSTEP/CallFunction/thorns/Extract/Sync/comm_state[2].state_get_buffer_sizes.step: 2.5e-05 1.4e-05 51910 1996.54 1630.48 1556 2964
main/Initialise/CallPostInitial/CCTK_POSTSTEP/CallFunction/thorns/Extract/Sync/comm_state[3].state_fill_send_buffers.user: 1.9e-05 1.5e-05 44244 1701.69 309.77 1626 1848
main/Initialise/CallPostInitial/CCTK_POSTSTEP/CallFunction/thorns/Extract/Sync/comm_state[4].state_fill_send_buffers.step: 1.6e-05 1e-05 37854 1455.92 324.08 1328 1628
main/Initialise/CallPostInitial/CCTK_POSTSTEP/CallFunction/thorns/Extract/Sync/comm_state[5].state_do_some_work.user: 1.6e-05 1.3e-05 45934 1766.69 523.511 1582 2082
main/Initialise/CallPostInitial/CCTK_POSTSTEP/CallFunction/thorns/Extract/Sync/comm_state[6].state_do_some_work.step: 1.1e-05 1e-05 42704 1642.46 1200.02 1396 2392
main/Initialise/CallPostInitial/CCTK_POSTSTEP/CallFunction/thorns/Extract/Sync/comm_state[7].state_empty_recv_buffers.user: 1.3e-05 1.4e-05 42478 1633.77 308.575 1554 1830
main/Initialise/CallPostInitial/CCTK_POSTSTEP/CallFunction/thorns/Extract/Sync/comm_state[8].state_empty_recv_buffers.step: 1.4e-05 1.5e-05 44452 1709.69 841.597 1498 2200

INFO (CarpetRegrid2): Centre 1 is not active
INFO (CarpetRegrid2): Centre 2 is not active
INFO (CarpetRegrid2): Centre 3 is not active
INFO (CarpetRegrid2): Regridding level 0 map 0 at iteration 1 time 0
INFO (CarpetRegrid2): Regridding levels 1 and up
INFO (Carpet): Grid structure (superregions, grid points):
   [0][0][0]   exterior: [0,0,0] : [34,34,20]   ([35,35,21] + PADDING) 25725
INFO (Carpet): Grid structure (superregions, coordinates):
   [0][0][0]   exterior: [-136,-136,-24] : [136,136,136] : [8,8,8]
INFO (Carpet): Global grid structure statistics:
INFO (Carpet): GF: rhs: 6k active, 6k owned (+0%), 13k total (+104%), 0.5 steps/time
INFO (Carpet): GF: vars: 195, pts: 2M active, 2M owned (+0%), 5M total (+104%), 1.0 comp/proc
INFO (Carpet): GA: vars: 483, pts: 0M active, 0M total (+0%)
INFO (Carpet): Total required memory: 0.040 GByte (for GAs and currently active GFs)
INFO (Carpet): Load balance:  min     avg     max     sdv     max/avg-1
INFO (Carpet): Level  0:       2M      2M      2M      0M owned      0%
WARNING level 2 from host runnervm3jyl0.qpzkutmjvgyufgtdg0u1on0xvf.phxx.internal.cloudapp.net process 0
  in thorn Carpet, file /home/runner/work/tests/tests/master/configs/sim/build/Carpet/Comm.cc:103:
  -> Synchronising group "EXTRACT::TEMPS" in local mode
WARNING level 2 from host runnervm3jyl0.qpzkutmjvgyufgtdg0u1on0xvf.phxx.internal.cloudapp.net process 0
  in thorn Carpet, file /home/runner/work/tests/tests/master/configs/sim/build/Carpet/Comm.cc:103:
  -> Synchronising group "EXTRACT::TEMPS" in local mode
WARNING level 2 from host runnervm3jyl0.qpzkutmjvgyufgtdg0u1on0xvf.phxx.internal.cloudapp.net process 0
  in thorn Carpet, file /home/runner/work/tests/tests/master/configs/sim/build/Carpet/Comm.cc:103:
  -> Synchronising group "EXTRACT::TEMPS" in local mode
WARNING level 2 from host runnervm3jyl0.qpzkutmjvgyufgtdg0u1on0xvf.phxx.internal.cloudapp.net process 0
  in thorn Carpet, file /home/runner/work/tests/tests/master/configs/sim/build/Carpet/Comm.cc:103:
  -> Synchronising group "EXTRACT::TEMPS" in local mode
WARNING level 2 from host runnervm3jyl0.qpzkutmjvgyufgtdg0u1on0xvf.phxx.internal.cloudapp.net process 0
  in thorn Carpet, file /home/runner/work/tests/tests/master/configs/sim/build/Carpet/Comm.cc:103:
  -> Synchronising group "EXTRACT::TEMPS" in local mode
WARNING level 2 from host runnervm3jyl0.qpzkutmjvgyufgtdg0u1on0xvf.phxx.internal.cloudapp.net process 0
  in thorn Carpet, file /home/runner/work/tests/tests/master/configs/sim/build/Carpet/Comm.cc:103:
  -> Synchronising group "EXTRACT::TEMPS" in local mode
WARNING level 2 from host runnervm3jyl0.qpzkutmjvgyufgtdg0u1on0xvf.phxx.internal.cloudapp.net process 0
  in thorn Carpet, file /home/runner/work/tests/tests/master/configs/sim/build/Carpet/Comm.cc:103:
  -> Synchronising group "EXTRACT::TEMPS" in local mode
WARNING level 2 from host runnervm3jyl0.qpzkutmjvgyufgtdg0u1on0xvf.phxx.internal.cloudapp.net process 0
  in thorn Carpet, file /home/runner/work/tests/tests/master/configs/sim/build/Carpet/Comm.cc:103:
  -> Synchronising group "EXTRACT::TEMPS" in local mode
WARNING level 2 from host runnervm3jyl0.qpzkutmjvgyufgtdg0u1on0xvf.phxx.internal.cloudapp.net process 0
  in thorn Carpet, file /home/runner/work/tests/tests/master/configs/sim/build/Carpet/Comm.cc:103:
  -> Synchronising group "EXTRACT::TEMPS" in local mode
WARNING level 2 from host runnervm3jyl0.qpzkutmjvgyufgtdg0u1on0xvf.phxx.internal.cloudapp.net process 0
  in thorn Carpet, file /home/runner/work/tests/tests/master/configs/sim/build/Carpet/Comm.cc:103:
  -> Synchronising group "EXTRACT::TEMPS" in local mode
WARNING level 2 from host runnervm3jyl0.qpzkutmjvgyufgtdg0u1on0xvf.phxx.internal.cloudapp.net process 0
  in thorn Carpet, file /home/runner/work/tests/tests/master/configs/sim/build/Carpet/Comm.cc:103:
  -> Synchronising group "EXTRACT::TEMPS" in local mode
WARNING level 2 from host runnervm3jyl0.qpzkutmjvgyufgtdg0u1on0xvf.phxx.internal.cloudapp.net process 0
  in thorn Carpet, file /home/runner/work/tests/tests/master/configs/sim/build/Carpet/Comm.cc:103:
  -> Synchronising group "EXTRACT::TEMPS" in local mode
WARNING level 2 from host runnervm3jyl0.qpzkutmjvgyufgtdg0u1on0xvf.phxx.internal.cloudapp.net process 0
  in thorn Carpet, file /home/runner/work/tests/tests/master/configs/sim/build/Carpet/Comm.cc:103:
  -> Synchronising group "EXTRACT::TEMPS" in local mode
WARNING level 2 from host runnervm3jyl0.qpzkutmjvgyufgtdg0u1on0xvf.phxx.internal.cloudapp.net process 0
  in thorn Carpet, file /home/runner/work/tests/tests/master/configs/sim/build/Carpet/Comm.cc:103:
  -> Synchronising group "EXTRACT::TEMPS" in local mode
WARNING level 2 from host runnervm3jyl0.qpzkutmjvgyufgtdg0u1on0xvf.phxx.internal.cloudapp.net process 0
  in thorn Carpet, file /home/runner/work/tests/tests/master/configs/sim/build/Carpet/Comm.cc:103:
  -> Synchronising group "EXTRACT::TEMPS" in local mode
WARNING level 2 from host runnervm3jyl0.qpzkutmjvgyufgtdg0u1on0xvf.phxx.internal.cloudapp.net process 0
  in thorn Carpet, file /home/runner/work/tests/tests/master/configs/sim/build/Carpet/Comm.cc:103:
  -> Synchronising group "EXTRACT::TEMPS" in local mode
WARNING level 2 from host runnervm3jyl0.qpzkutmjvgyufgtdg0u1on0xvf.phxx.internal.cloudapp.net process 0
  in thorn Carpet, file /home/runner/work/tests/tests/master/configs/sim/build/Carpet/Comm.cc:103:
  -> Synchronising group "EXTRACT::TEMPS" in local mode
WARNING level 2 from host runnervm3jyl0.qpzkutmjvgyufgtdg0u1on0xvf.phxx.internal.cloudapp.net process 0
  in thorn Carpet, file /home/runner/work/tests/tests/master/configs/sim/build/Carpet/Comm.cc:103:
  -> Synchronising group "EXTRACT::TEMPS" in local mode
WARNING level 2 from host runnervm3jyl0.qpzkutmjvgyufgtdg0u1on0xvf.phxx.internal.cloudapp.net process 0
  in thorn Carpet, file /home/runner/work/tests/tests/master/configs/sim/build/Carpet/Comm.cc:103:
  -> Synchronising group "EXTRACT::TEMPS" in local mode
WARNING level 2 from host runnervm3jyl0.qpzkutmjvgyufgtdg0u1on0xvf.phxx.internal.cloudapp.net process 0
  in thorn Carpet, file /home/runner/work/tests/tests/master/configs/sim/build/Carpet/Comm.cc:103:
  -> Synchronising group "EXTRACT::TEMPS" in local mode
WARNING level 2 from host runnervm3jyl0.qpzkutmjvgyufgtdg0u1on0xvf.phxx.internal.cloudapp.net process 0
  in thorn Carpet, file /home/runner/work/tests/tests/master/configs/sim/build/Carpet/Comm.cc:103:
  -> Synchronising group "EXTRACT::TEMPS" in local mode
WARNING level 2 from host runnervm3jyl0.qpzkutmjvgyufgtdg0u1on0xvf.phxx.internal.cloudapp.net process 0
  in thorn Carpet, file /home/runner/work/tests/tests/master/configs/sim/build/Carpet/Comm.cc:103:
  -> Synchronising group "EXTRACT::TEMPS" in local mode
WARNING level 2 from host runnervm3jyl0.qpzkutmjvgyufgtdg0u1on0xvf.phxx.internal.cloudapp.net process 0
  in thorn Carpet, file /home/runner/work/tests/tests/master/configs/sim/build/Carpet/Comm.cc:103:
  -> Synchronising group "EXTRACT::TEMPS" in local mode
WARNING level 2 from host runnervm3jyl0.qpzkutmjvgyufgtdg0u1on0xvf.phxx.internal.cloudapp.net process 0
  in thorn Carpet, file /home/runner/work/tests/tests/master/configs/sim/build/Carpet/Comm.cc:103:
  -> Synchronising group "EXTRACT::TEMPS" in local mode
WARNING level 2 from host runnervm3jyl0.qpzkutmjvgyufgtdg0u1on0xvf.phxx.internal.cloudapp.net process 0
  in thorn Carpet, file /home/runner/work/tests/tests/master/configs/sim/build/Carpet/Comm.cc:103:
  -> Synchronising group "EXTRACT::TEMPS" in local mode
WARNING level 2 from host runnervm3jyl0.qpzkutmjvgyufgtdg0u1on0xvf.phxx.internal.cloudapp.net process 0
  in thorn Carpet, file /home/runner/work/tests/tests/master/configs/sim/build/Carpet/Comm.cc:103:
  -> Synchronising group "EXTRACT::TEMPS" in local mode
      256     2.000 | 4.006659e+04
WARNING level 2 from host runnervm3jyl0.qpzkutmjvgyufgtdg0u1on0xvf.phxx.internal.cloudapp.net process 0
  in thorn Carpet, file /home/runner/work/tests/tests/master/configs/sim/build/Carpet/Comm.cc:103:
  -> Synchronising group "EXTRACT::TEMPS" in local mode
WARNING level 2 from host runnervm3jyl0.qpzkutmjvgyufgtdg0u1on0xvf.phxx.internal.cloudapp.net process 0
  in thorn Carpet, file /home/runner/work/tests/tests/master/configs/sim/build/Carpet/Comm.cc:103:
  -> Synchronising group "EXTRACT::TEMPS" in local mode
WARNING level 2 from host runnervm3jyl0.qpzkutmjvgyufgtdg0u1on0xvf.phxx.internal.cloudapp.net process 0
  in thorn Carpet, file /home/runner/work/tests/tests/master/configs/sim/build/Carpet/Comm.cc:103:
  -> Synchronising group "EXTRACT::TEMPS" in local mode
WARNING level 2 from host runnervm3jyl0.qpzkutmjvgyufgtdg0u1on0xvf.phxx.internal.cloudapp.net process 0
  in thorn Carpet, file /home/runner/work/tests/tests/master/configs/sim/build/Carpet/Comm.cc:103:
  -> Synchronising group "EXTRACT::TEMPS" in local mode
WARNING level 2 from host runnervm3jyl0.qpzkutmjvgyufgtdg0u1on0xvf.phxx.internal.cloudapp.net process 0
  in thorn Carpet, file /home/runner/work/tests/tests/master/configs/sim/build/Carpet/Comm.cc:103:
  -> Synchronising group "EXTRACT::TEMPS" in local mode
WARNING level 2 from host runnervm3jyl0.qpzkutmjvgyufgtdg0u1on0xvf.phxx.internal.cloudapp.net process 0
  in thorn Carpet, file /home/runner/work/tests/tests/master/configs/sim/build/Carpet/Comm.cc:103:
  -> Synchronising group "EXTRACT::TEMPS" in local mode
WARNING level 2 from host runnervm3jyl0.qpzkutmjvgyufgtdg0u1on0xvf.phxx.internal.cloudapp.net process 0
  in thorn Carpet, file /home/runner/work/tests/tests/master/configs/sim/build/Carpet/Comm.cc:103:
  -> Synchronising group "EXTRACT::TEMPS" in local mode
WARNING level 2 from host runnervm3jyl0.qpzkutmjvgyufgtdg0u1on0xvf.phxx.internal.cloudapp.net process 0
  in thorn Carpet, file /home/runner/work/tests/tests/master/configs/sim/build/Carpet/Comm.cc:103:
  -> Synchronising group "EXTRACT::TEMPS" in local mode
WARNING level 2 from host runnervm3jyl0.qpzkutmjvgyufgtdg0u1on0xvf.phxx.internal.cloudapp.net process 0
  in thorn Carpet, file /home/runner/work/tests/tests/master/configs/sim/build/Carpet/Comm.cc:103:
  -> Synchronising group "EXTRACT::TEMPS" in local mode
WARNING level 2 from host runnervm3jyl0.qpzkutmjvgyufgtdg0u1on0xvf.phxx.internal.cloudapp.net process 0
  in thorn Carpet, file /home/runner/work/tests/tests/master/configs/sim/build/Carpet/Comm.cc:103:
  -> Synchronising group "EXTRACT::TEMPS" in local mode
WARNING level 2 from host runnervm3jyl0.qpzkutmjvgyufgtdg0u1on0xvf.phxx.internal.cloudapp.net process 0
  in thorn Carpet, file /home/runner/work/tests/tests/master/configs/sim/build/Carpet/Comm.cc:103:
  -> Synchronising group "EXTRACT::TEMPS" in local mode
WARNING level 2 from host runnervm3jyl0.qpzkutmjvgyufgtdg0u1on0xvf.phxx.internal.cloudapp.net process 0
  in thorn Carpet, file /home/runner/work/tests/tests/master/configs/sim/build/Carpet/Comm.cc:103:
  -> Synchronising group "EXTRACT::TEMPS" in local mode
WARNING level 2 from host runnervm3jyl0.qpzkutmjvgyufgtdg0u1on0xvf.phxx.internal.cloudapp.net process 0
  in thorn Carpet, file /home/runner/work/tests/tests/master/configs/sim/build/Carpet/Comm.cc:103:
  -> Synchronising group "EXTRACT::TEMPS" in local mode
WARNING level 2 from host runnervm3jyl0.qpzkutmjvgyufgtdg0u1on0xvf.phxx.internal.cloudapp.net process 0
  in thorn Carpet, file /home/runner/work/tests/tests/master/configs/sim/build/Carpet/Comm.cc:103:
  -> Synchronising group "EXTRACT::TEMPS" in local mode
WARNING level 2 from host runnervm3jyl0.qpzkutmjvgyufgtdg0u1on0xvf.phxx.internal.cloudapp.net process 0
  in thorn Carpet, file /home/runner/work/tests/tests/master/configs/sim/build/Carpet/Comm.cc:103:
  -> Synchronising group "EXTRACT::TEMPS" in local mode
WARNING level 2 from host runnervm3jyl0.qpzkutmjvgyufgtdg0u1on0xvf.phxx.internal.cloudapp.net process 0
  in thorn Carpet, file /home/runner/work/tests/tests/master/configs/sim/build/Carpet/Comm.cc:103:
  -> Synchronising group "EXTRACT::TEMPS" in local mode
WARNING level 2 from host runnervm3jyl0.qpzkutmjvgyufgtdg0u1on0xvf.phxx.internal.cloudapp.net process 0
  in thorn Carpet, file /home/runner/work/tests/tests/master/configs/sim/build/Carpet/Comm.cc:103:
  -> Synchronising group "EXTRACT::TEMPS" in local mode
WARNING level 2 from host runnervm3jyl0.qpzkutmjvgyufgtdg0u1on0xvf.phxx.internal.cloudapp.net process 0
  in thorn Carpet, file /home/runner/work/tests/tests/master/configs/sim/build/Carpet/Comm.cc:103:
  -> Synchronising group "EXTRACT::TEMPS" in local mode
WARNING level 2 from host runnervm3jyl0.qpzkutmjvgyufgtdg0u1on0xvf.phxx.internal.cloudapp.net process 0
  in thorn Carpet, file /home/runner/work/tests/tests/master/configs/sim/build/Carpet/Comm.cc:103:
  -> Synchronising group "EXTRACT::TEMPS" in local mode
WARNING level 2 from host runnervm3jyl0.qpzkutmjvgyufgtdg0u1on0xvf.phxx.internal.cloudapp.net process 0
  in thorn Carpet, file /home/runner/work/tests/tests/master/configs/sim/build/Carpet/Comm.cc:103:
  -> Synchronising group "EXTRACT::TEMPS" in local mode
WARNING level 2 from host runnervm3jyl0.qpzkutmjvgyufgtdg0u1on0xvf.phxx.internal.cloudapp.net process 0
  in thorn Carpet, file /home/runner/work/tests/tests/master/configs/sim/build/Carpet/Comm.cc:103:
  -> Synchronising group "EXTRACT::TEMPS" in local mode
WARNING level 2 from host runnervm3jyl0.qpzkutmjvgyufgtdg0u1on0xvf.phxx.internal.cloudapp.net process 0
  in thorn Carpet, file /home/runner/work/tests/tests/master/configs/sim/build/Carpet/Comm.cc:103:
  -> Synchronising group "EXTRACT::TEMPS" in local mode
WARNING level 2 from host runnervm3jyl0.qpzkutmjvgyufgtdg0u1on0xvf.phxx.internal.cloudapp.net process 0
  in thorn Carpet, file /home/runner/work/tests/tests/master/configs/sim/build/Carpet/Comm.cc:103:
  -> Synchronising group "EXTRACT::TEMPS" in local mode
WARNING level 2 from host runnervm3jyl0.qpzkutmjvgyufgtdg0u1on0xvf.phxx.internal.cloudapp.net process 0
  in thorn Carpet, file /home/runner/work/tests/tests/master/configs/sim/build/Carpet/Comm.cc:103:
  -> Synchronising group "EXTRACT::TEMPS" in local mode
WARNING level 2 from host runnervm3jyl0.qpzkutmjvgyufgtdg0u1on0xvf.phxx.internal.cloudapp.net process 0
  in thorn Carpet, file /home/runner/work/tests/tests/master/configs/sim/build/Carpet/Comm.cc:103:
  -> Synchronising group "EXTRACT::TEMPS" in local mode
WARNING level 2 from host runnervm3jyl0.qpzkutmjvgyufgtdg0u1on0xvf.phxx.internal.cloudapp.net process 0
  in thorn Carpet, file /home/runner/work/tests/tests/master/configs/sim/build/Carpet/Comm.cc:103:
  -> Synchronising group "EXTRACT::TEMPS" in local mode
      512     4.000 | 4.035615e+04
INFO (Carpet): Terminating due to cctk_final_time at t = 4.000000
# Carpet timing information at iteration 512 time 4:
main: 1.98181 3.62319 5.53608e+09 2.76804e+09 2.4939e+09 1.00459e+09 4.53149e+09
meta mode: 1.98182 3.6232 5.5361e+09 2.76805e+09 2.4939e+09 1.0046e+09 4.53151e+09
main/CarpetStartup: 0.024822 0.027072 6.93374e+07 6.93374e+07 0 6.93374e+07 6.93374e+07
main/CarpetStartup/AllocateGridHierarchy: 4e-06 4e-06 11794 11794 0 11794 11794
main/CarpetStartup/CarpetLib::gh::regrid: 0.023658 0.025829 6.60848e+07 1.15938e+06 1.05322e+06 1.1135e+06 2.17387e+06
main/CarpetStartup/CarpetLib::dh::regrid: 3.5e-05 3.2e-05 96252 1688.63 3080.89 1472 4614
main/Initialise/CallInitial/Poison: 0.004004 0.003989 1.11868e+07 1.11868e+07 0 1.11868e+07 1.11868e+07
main/Initialise/CallInitial/CCTK_BASEGRID/CallFunction/thorns: 0.001171 0.001476 3.26698e+06 130679 963401 10796 678776
main/CarpetStartup/CarpetLib::gh::regrid/CarpetLib::dh::regrid/region: 0.002333 0.002103 6.53057e+06 114571 435557 104586 545396
main/Initialise/CallInitial/CallRegridInitialMeta/Regrid/RegridMap/CarpetLib::gh::regrid/CarpetLib::dh::regrid/region: 0.000206 8.5e-05 576950 576950 0 576950 576950
main/CarpetStartup/CarpetLib::gh::regrid/CarpetLib::dh::regrid/test: 0.006614 0.007142 1.8503e+07 324613 188625 311822 444524
main/CarpetStartup/CarpetLib::gh::regrid/CarpetLib::dh::regrid/domain: 0.000708 0.000635 1.98702e+06 34859.9 89673.2 31348 123018
main/Initialise/CallInitial/CallRegridInitialMeta/Regrid/RegridMap/CarpetLib::gh::regrid/CarpetLib::dh::regrid/domain: 4.4e-05 0 120414 120414 0 120414 120414
main/CarpetStartup/CarpetLib::gh::regrid/CarpetLib::dh::regrid/comm/refrest: 2.3e-05 1.6e-05 64002 1122.84 458.493 1078 1514
main/CarpetStartup/CarpetLib::gh::regrid/CarpetLib::dh::regrid/comm/mgprol: 2.8e-05 2e-05 63158 1108.04 137.04 1076 1158
main/CarpetStartup/CarpetLib::dh::recompose: 3.2e-05 1.9e-05 71906 1261.51 248.005 1202 1390
main/CarpetStartup/CarpetLib::gh::regrid/CarpetLib::dh::regrid/buffers: 0.010343 0.012633 2.89419e+07 507753 171376 491308 599330
main/CarpetStartup/CarpetLib::gh::regrid/CarpetLib::dh::regrid: 0.023548 0.025732 6.57831e+07 1.15409e+06 1.04263e+06 1.10829e+06 2.15789e+06
main/CarpetStartup/CarpetLib::gh::regrid/CarpetLib::dh::regrid/bcast_comm: 0.002145 0.001943 5.98586e+06 105015 129714 99184 220226
main/CarpetStartup/CarpetLib::gh::regrid/CarpetLib::dh::regrid/comm/sync: 2.2e-05 2.6e-05 66062 1158.98 482.967 1114 1558
main/CarpetStartup/CarpetLib::gh::regrid/CarpetLib::dh::regrid/mask: 0.000184 0.000167 523814 9189.72 17810.5 5792 17440
main/CarpetStartup/CarpetLib::gh::regrid/CarpetLib::dh::regrid/bcast_boxes: 7.8e-05 7e-05 209112 3668.63 40187.5 2460 43410
main/CarpetStartup/CarpetLib::gh::regrid/CarpetLib::dh::regrid/unusedpoints_mask: 3.1e-05 3e-05 82634 1449.72 822.277 1348 1800
main/CarpetStartup/CarpetLib::gh::regrid/CarpetLib::dh::regrid/bcast_comm/ref_bnd_prol: 0.000185 0.000177 528052 9264.07 12218.6 8752 20776
main/CarpetStartup/CarpetLib::gh::regrid/CarpetLib::dh::regrid/bcast_comm/ref_prol/CarpetLib::dh::bs3: 2.4e-05 2.9e-05 73438 1288.39 460.325 1242 1694
main/CarpetStartup/CarpetLib::gh::regrid/CarpetLib::dh::regrid/comm: 0.000373 0.000349 1.04894e+06 18402.5 30837.9 17528 48902
main/CarpetStartup/CarpetLib::gh::regrid/CarpetLib::dh::regrid/bcast_comm/ref_prol: 0.000215 0.000194 592072 10387.2 30937.5 9076 40564
main/CarpetStartup/CarpetLib::gh::regrid/CarpetLib::dh::regrid/bcast_comm/sync: 0.000189 0.000174 535362 9392.32 12931.4 8796 21694
main/CarpetStartup/CarpetLib::gh::regrid/CarpetLib::dh::regrid/bcast_comm/ref_prol/CarpetLib::dh::bs1: 2.7e-05 3.6e-05 85188 1494.53 2042.05 1282 3152
main/Initialise/CallInitial/CallRegridInitialMeta/Regrid/RegridMap/CarpetLib::gh::regrid/CarpetLib::dh::regrid/bcast_comm/ref_prol/CarpetLib::dh::bs1: 0 0 1664 1664 0 1664 1664
main/Initialise/CallInitial/CallRegridInitialMeta/Regrid/RegridMap/CarpetLib::gh::regrid/CarpetLib::dh::regrid/bcast_comm/sync: 1e-05 9e-06 27676 27676 0 27676 27676
main/Initialise/CallInitial/CallRegridInitialMeta/Regrid/RegridMap/CarpetLib::gh::regrid/CarpetLib::dh::regrid/comm/mgrest: 1e-06 0 1294 1294 0 1294 1294
main/Initialise/CallInitial/CallRegridInitialMeta/Regrid/RegridMap/CarpetLib::gh::regrid/CarpetLib::dh::regrid/comm/mgprol: 0 0 1116 1116 0 1116 1116
main/Initialise/CallInitial/CallRegridInitialMeta/Regrid/RegridMap/CarpetLib::gh::regrid/CarpetLib::dh::regrid/comm/refprol: 0 1e-06 1098 1098 0 1098 1098
main/Initialise/CallInitial/CallRegridInitialMeta/Regrid/RegridMap/CarpetLib::gh::regrid/CarpetLib::dh::regrid/comm/sync: 0 1e-06 1504 1504 0 1504 1504
main/Initialise/CallInitial/CallRegridInitialMeta/Regrid/RegridMap/CarpetLib::gh::regrid/CarpetLib::dh::regrid/comm/refbndprol: 0 0 1148 1148 0 1148 1148
main/CarpetStartup/CarpetLib::gh::regrid/CarpetLib::dh::regrid/bcast_comm/ref_prol/CarpetLib::dh::bs2: 4.8e-05 5e-05 137282 2408.46 14270.4 1684 16440
main/CarpetStartup/CarpetLib::gh::regrid/CarpetLib::dh::regrid/bcast_comm/sync/CarpetLib::dh::bs1: 2.6e-05 3e-05 75948 1332.42 720.271 1280 1984
main/CarpetStartup/CarpetLib::gh::regrid/CarpetLib::dh::regrid/bcast_comm/sync/CarpetLib::dh::bs2: 3.4e-05 3.8e-05 102720 1802.11 1063.6 1560 2212
main/CarpetStartup/CarpetLib::gh::regrid/CarpetLib::dh::regrid/bcast_comm/sync/CarpetLib::dh::bs3: 2.4e-05 2.3e-05 72288 1268.21 725.058 1210 1966
main/CarpetStartup/CarpetLib::gh::regrid/CarpetLib::dh::regrid/bcast_comm/ref_refl_prol: 0.000996 0.000896 2.79072e+06 48959.9 46716.8 46382 76936
main/CarpetStartup/CarpetLib::gh::regrid/CarpetLib::dh::regrid/bcast_comm/ref_bnd_prol/CarpetLib::dh::bs1: 3.1e-05 2.3e-05 74214 1302 394.604 1258 1638
main/CarpetStartup/CarpetLib::gh::regrid/CarpetLib::dh::regrid/bcast_comm/ref_bnd_prol/CarpetLib::dh::bs2: 3.9e-05 2.9e-05 97442 1709.51 1211.8 1526 2470
main/CarpetStartup/CarpetLib::gh::regrid/CarpetLib::dh::regrid/bcast_comm/old2new_sync: 0.000186 0.000164 517602 9080.74 12856 8672 21276
main/CarpetStartup/CarpetLib::gh::regrid/CarpetLib::dh::regrid/bcast_comm/ref_refl_prol/CarpetLib::dh::bs1: 0.000142 0.000139 457652 1338.16 21420.2 1218 22678
main/CarpetStartup/CarpetLib::gh::regrid/CarpetLib::dh::regrid/bcast_comm/ref_bnd_prol/CarpetLib::dh::bs3: 3e-05 2e-05 70690 1240.18 234.44 1212 1428
main/CarpetStartup/CarpetLib::gh::regrid/CarpetLib::dh::regrid/bcast_comm/ref_refl_prol/CarpetLib::dh::bs3: 0.000152 0.000137 473790 1385.35 36819.3 1192 30464
main/CarpetStartup/CarpetLib::gh::regrid/CarpetLib::dh::regrid/bcast_comm/ref_refl_prol/CarpetLib::dh::bs2: 0.000188 0.000181 546914 1599.16 3222.67 1494 3538
main/CarpetStartup/CarpetLib::gh::regrid/CarpetLib::dh::regrid/bcast_comm/old2new_sync/CarpetLib::dh::bs2: 3.2e-05 3e-05 89172 1564.42 793.638 1502 2184
main/CarpetStartup/CarpetLib::gh::regrid/CarpetLib::dh::regrid/bcast_comm/old2new_sync/CarpetLib::dh::bs3: 2.1e-05 2.2e-05 71122 1247.75 573.09 1204 1700
main/CarpetStartup/CarpetLib::gh::regrid/CarpetLib::dh::regrid/bcast_comm/old2new_sync/CarpetLib::dh::bs1: 2.6e-05 2.3e-05 72758 1276.46 383.041 1236 1596
main/CarpetStartup/CarpetLib::gh::regrid/CarpetLib::dh::regrid/bcast_comm/old2new_ref_prol/CarpetLib::dh::bs1: 2e-05 2.4e-05 72132 1265.47 385.098 1232 1634
main/CarpetStartup/CarpetLib::gh::regrid/CarpetLib::dh::regrid/bcast_comm/old2new_ref_prol/CarpetLib::dh::bs2: 3.1e-05 2.8e-05 89822 1575.82 1369.17 1490 2686
main/CarpetStartup/CarpetLib::gh::regrid/CarpetLib::dh::regrid/bcast_comm/old2new_ref_prol: 0.000189 0.000164 522890 9173.51 13200.9 8748 21524
main/CarpetStartup/CarpetLib::gh::regrid/CarpetLib::dh::regrid/bcast_comm/old2new_ref_prol/CarpetLib::dh::bs3: 2.6e-05 1.8e-05 70536 1237.47 508.114 1208 1728
main/CarpetStartup/CarpetLib::gh::regrid/CarpetLib::dh::regrid/comm/refprol: 2.2e-05 2.7e-05 64368 1129.26 152.148 1092 1184
main/CarpetStartup/CarpetLib::gh::regrid/CarpetLib::dh::regrid/comm/refbndprol: 2e-05 2e-05 63976 1122.39 179.498 1082 1178
main/CarpetStartup/CarpetLib::gh::regrid/CarpetLib::dh::regrid/comm/reflux: 3e-05 1.9e-05 63018 1105.58 140.192 1078 1166
main/CarpetStartup/CarpetLib::gh::regrid/CarpetLib::dh::regrid/comm/mgrest: 2.5e-05 1.6e-05 64428 1130.32 221.5 1088 1252
main/CarpetStartup/CheckRegions: 1e-06 1e-06 2024 2024 0 2024 2024
meta mode/meta mode/global mode/leave_level_mode: 0.000117 0.000116 327060 2702.98 17520 1954 18272
meta mode/meta mode/global mode/level(0)/leave_singlemap_mode: 0.000364 0.000358 1.0002e+06 2500.49 16661.6 1200 7026
meta mode/meta mode/global mode/level(0)/leave_local_mode: 0.000939 0.000911 2.64663e+06 6751.62 92838.5 1206 32420
meta mode/meta mode/global mode: 1.93307 3.58266 5.39993e+09 1.63634e+08 4.10922e+09 9308 4.18188e+09
meta mode/meta mode: 1.95676 3.5959 5.46609e+09 2.73305e+09 2.44434e+09 1.00464e+09 4.46146e+09
meta mode/meta mode/global mode/level(0): 1.931 3.58104 5.39417e+09 4.45799e+07 4.14629e+09 7234 4.14156e+09
meta mode/meta mode/leave_global_mode: 0.000203 0.001179 575540 17440.6 75544.8 6150 63584
main/Initialise/CarpetLib::ggf::recompose_crop: 0.000327 5.8e-05 895030 1570.23 14755 1402 10562
main/Initialise/CarpetLib::ggf::recompose_allocate: 0.000363 6.6e-05 1.03531e+06 1816.33 16952.2 1592 10344
main/Initialise: 1.59665 2.96252 4.46016e+09 4.46016e+09 0 4.46016e+09 4.46016e+09
main/Initialise/dh::recompose_free_old: 0.000262 5.2e-05 804012 1410.55 43119.6 1264 43252
main/Initialise/CallSetup/Poison: 0.000259 0 722966 722966 0 722966 722966
meta mode/meta mode/enter_global_mode: 0.001183 0.001946 3.30364e+06 103239 353324 37770 251018
meta mode/meta mode/global mode/enter_level_mode: 0.000126 0.000119 347376 2894.8 11973.4 2128 8304
main/Initialise/CallSetup: 0.001198 0 3.34699e+06 3.34699e+06 0 3.34699e+06 3.34699e+06
meta mode/meta mode/global mode/level(0)/enter_local_mode: 0.0031 0.005036 8.69734e+06 22243.8 316350 1222 82194
main/Initialise/CallSetup/CCTK_WRAGH/CallFunction: 0.000517 0 1.44321e+06 80178.2 406733 12076 414266
main/Initialise/CallSetup/CCTK_WRAGH: 0.000582 0 1.62542e+06 1.62542e+06 0 1.62542e+06 1.62542e+06
meta mode/meta mode/global mode/level(0)/enter_singlemap_mode: 0.000355 0.000328 998952 2503.64 15561.6 1242 7412
main/Initialise/CallSetup/CCTK_WRAGH/CallFunction/thorns/Einstein_InitSymBound: 1.2e-05 0 33380 33380 0 33380 33380
main/Initialise/CallSetup/CCTK_WRAGH/CallFunction/thorns/Boundary_RegisterBCs: 6e-06 0 14978 14978 0 14978 14978
main/Initialise/CallSetup/CCTK_WRAGH/CallFunction/thorns: 0.000336 0 926992 51499.6 316618 9034 338100
main/Initialise/CallSetup/CCTK_WRAGH/CallFunction/thorns/CarpetRegrid2_Initialise: 1.4e-05 0 39506 39506 0 39506 39506
main/Initialise/CallSetup/CCTK_WRAGH/CallFunction/thorns/RegisterCartGrid3DCoords: 2.5e-05 0 70850 70850 0 70850 70850
main/Initialise/CallSetup/CCTK_WRAGH/CallFunction/thorns/Einstein_ActivateSlicing: 3e-06 0 8472 8472 0 8472 8472
main/Initialise/CallSetup/CCTK_WRAGH/CallFunction/thorns/Einstein_SetNextSlicing: 1e-06 0 2964 2964 0 2964 2964
main/Initialise/CallSetup/CCTK_WRAGH/CallFunction/thorns/ML_BSSN_RegisterConstrained: 4e-06 0 11298 11298 0 11298 11298
main/Initialise/CallSetup/CCTK_WRAGH/CallFunction/thorns/MoL_SetupIndexArrays: 1.4e-05 0 39472 39472 0 39472 39472
main/Initialise/CallSetup/CCTK_WRAGH/CallFunction/thorns/ML_BSSN_ParamCompat: 0.000117 0 327050 327050 0 327050 327050
main/Initialise/CallSetup/CCTK_WRAGH/CallFunction/thorns/ML_BSSN_RegisterVars: 3.7e-05 0 104992 104992 0 104992 104992
main/Initialise/CallInitial/CallRegridInitialMeta/Regrid/RegridMap/CarpetLib::gh::regrid: 0.000826 0.000599 2.30725e+06 2.30725e+06 0 2.30725e+06 2.30725e+06
main/Initialise/CallSetup/CCTK_WRAGH/CallFunction/thorns/TmunuBase_SetStressEnergyState: 3e-06 0 10940 10940 0 10940 10940
main/Initialise/CallSetup/CCTK_WRAGH/CallFunction/thorns/Slab_InitTimers: 1.5e-05 0 40756 40756 0 40756 40756
main/Initialise/CallSetup/CCTK_WRAGH/CallFunction/thorns/MoL_SetScheduleStatus: 1e-06 0 2248 2248 0 2248 2248
main/Initialise/CallSetup/CCTK_WRAGH/CallFunction/thorns/CartGrid3D_RegisterSymmetryBoundaries: 3e-06 0 9892 9892 0 9892 9892
main/Initialise/CallSetup/CCTK_WRAGH/CallFunction/thorns/ML_BSSN_RegisterSymmetries: 1.9e-05 0 52668 52668 0 52668 52668
main/Initialise/CallSetup/CCTK_WRAGH/CallFunction/thorns/ReflectionSymmetry_Register: 2e-06 0 8048 8048 0 8048 8048
main/Initialise/CallSetup/CCTK_WRAGH/CallFunction/thorns/SymBase_Statistics: 2e-06 0 6162 6162 0 6162 6162
main/Initialise/CallSetup/CCTK_WRAGH/CallFunction/thorns/MoL_ReportNumberVariables: 3e-06 0 7596 7596 0 7596 7596
main/Initialise/CallSetup/CCTK_PARAMCHECK/CallFunction: 0.000197 0 557332 34833.2 153501 11102 139708
main/Initialise/CallSetup/CCTK_PARAMCHECK/CallFunction/thorns: 0.000151 0 449276 28079.8 129673 8032 136684
main/Initialise/CallSetup/CCTK_PARAMCHECK/CallFunction/thorns/ADMBase_ParamCheck: 1e-06 0 2872 2872 0 2872 2872
main/Initialise/CallSetup/CCTK_PARAMCHECK/CallFunction/thorns/Boundary_Check: 0 0 1832 1832 0 1832 1832
main/Initialise/CallSetup/CCTK_PARAMCHECK: 0.000252 0 703430 703430 0 703430 703430
main/Initialise/CallSetup/CCTK_PARAMCHECK/CallFunction/thorns/CarpetLib_test_prolongate_3d_rf2: 1.1e-05 0 32722 32722 0 32722 32722
main/Initialise/CallSetup/CCTK_PARAMCHECK/CallFunction/thorns/CarpetSurfaceParamCheck: 1e-06 0 2850 2850 0 2850 2850
main/Initialise/CallSetup/CCTK_PARAMCHECK/CallFunction/thorns/CarpetRegrid2_ParamCheck: 7e-06 0 21426 21426 0 21426 21426
main/Initialise/CallSetup/CCTK_PARAMCHECK/CallFunction/thorns/CarpetParamCheck: 9e-06 0 25168 25168 0 25168 25168
main/Initialise/CallSetup/CCTK_PARAMCHECK/CallFunction/thorns/dissipation_paramcheck: 1e-06 0 2344 2344 0 2344 2344
main/Initialise/CallSetup/CCTK_PARAMCHECK/CallFunction/thorns/Extract_ParamCheck: 1e-06 0 3038 3038 0 3038 3038
main/Initialise/CallSetup/CCTK_PARAMCHECK/CallFunction/thorns/CheckFortranParameters: 1e-06 0 2978 2978 0 2978 2978
main/Initialise/CallSetup/CCTK_PARAMCHECK/CallFunction/thorns/ML_BSSN_ParamCheck: 1.9e-05 0 54250 54250 0 54250 54250
main/Initialise/CallSetup/CCTK_PARAMCHECK/CallFunction/thorns/ParamCheck_CartGrid3D: 3e-06 0 9600 9600 0 9600 9600
main/Initialise/CallSetup/CCTK_PARAMCHECK/CallFunction/thorns/MoL_ParamCheck: 1e-06 0 3408 3408 0 3408 3408
main/Initialise/CallSetup/CCTK_PARAMCHECK/CallFunction/thorns/SphericalSurface_ParamCheck: 2e-06 0 3670 3670 0 3670 3670
main/Initialise/CallSetup/CCTK_PARAMCHECK/CallFunction/thorns/TmunuBase_ParamCheck: 1e-06 0 1554 1554 0 1554 1554
main/Initialise/CallSetup/CCTK_PARAMCHECK/CallFunction/thorns/TwoPunctures_ParamCheck: 1e-06 0 2536 2536 0 2536 2536
main/Initialise/CallSetup/CCTK_PARAMCHECK/CallFunction/thorns/Vectors_Test: 4.6e-05 0 129770 129770 0 129770 129770
main/Initialise/CallInitial: 1.5034 2.82313 4.19967e+09 4.19967e+09 0 4.19967e+09 4.19967e+09
main/Initialise/CallInitial/CallRegridInitialMeta: 0.001659 0.000775 4.6333e+06 4.6333e+06 0 4.6333e+06 4.6333e+06
main/Initialise/CallInitial/CallRegridInitialMeta/Regrid: 0.001503 0.000659 4.19875e+06 4.19875e+06 0 4.19875e+06 4.19875e+06
main/Initialise/CallInitial/CallRegridInitialMeta/CCTK_PREREGRIDINITIAL: 3e-06 0 7504 7504 0 7504 7504
main/Initialise/CallInitial/CallRegridInitialMeta/Regrid/CarpetRegrid2::RegridMaps: 0.000582 0 1.62855e+06 1.62855e+06 0 1.62855e+06 1.62855e+06
main/Initialise/CallInitial/CallRegridInitialMeta/Regrid/RegridMap/CarpetLib::gh::regrid/CarpetLib::dh::regrid/comm/refrest: 1e-06 0 1498 1498 0 1498 1498
main/Initialise/CallInitial/CallRegridInitialMeta/Regrid/RegridMap/CarpetLib::gh::regrid/CarpetLib::dh::regrid/comm/reflux: 1e-06 0 1144 1144 0 1144 1144
main/Initialise/CallInitial/CallRegridInitialMeta/Regrid/RegridMap/CarpetLib::gh::regrid/CarpetLib::dh::regrid/mask: 3e-06 2e-06 7040 7040 0 7040 7040
main/Initialise/CallInitial/CallRegridInitialMeta/Regrid/RegridMap/CarpetLib::gh::regrid/CarpetLib::dh::regrid/bcast_boxes: 4e-06 4e-06 12608 12608 0 12608 12608
main/Initialise/CallInitial/CallRegridInitialMeta/Regrid/RegridMap/CarpetLib::gh::regrid/CarpetLib::dh::regrid/bcast_comm/sync/CarpetLib::dh::bs1: 1e-06 1e-06 1510 1510 0 1510 1510
main/Evolve/CallEvol: 0.208142 0.351437 5.81436e+08 1.13562e+06 4.09975e+08 1060 2.94264e+08
main/Initialise/CallInitial/CallRegridInitialMeta/Regrid/PostRegrid: 3.6e-05 3.3e-05 99574 99574 0 99574 99574
main/Initialise/CallInitial/CallRegridInitialMeta/Regrid/RegridMap/CarpetLib::gh::regrid/CarpetLib::dh::regrid: 0.00082 0.000598 2.29135e+06 2.29135e+06 0 2.29135e+06 2.29135e+06
main/Evolve/CallRegrid/Regrid/PostRegrid: 2.7e-05 2.8e-05 77332 77332 0 77332 77332
main/Initialise/CallInitial/CCTK_BASEGRID/CallFunction/thorns/dissipation_basegrid: 2.2e-05 2.2e-05 61472 61472 0 61472 61472
main/Initialise/CallInitial/CCTK_BASEGRID/CallFunction/thorns/NaNChecker_ResetCounter: 1e-06 1e-06 2884 2884 0 2884 2884
main/Initialise/CallInitial/CallRegridInitialMeta/Regrid/RegridMap/CarpetLib::gh::regrid/CarpetLib::dh::regrid/buffers: 0.000232 0.000215 649866 649866 0 649866 649866
main/Initialise/CallInitial/CallRegridInitialMeta/Regrid/RegridMap/CarpetLib::gh::regrid/CarpetLib::dh::regrid/test: 0.000162 0.00015 452834 452834 0 452834 452834
main/Initialise/CallInitial/CallRegridInitialMeta/Regrid/RegridMap: 0.000854 0.00062 2.38625e+06 2.38625e+06 0 2.38625e+06 2.38625e+06
main/Initialise/CallInitial/CallRegridInitialMeta/Recompose: 0.000111 0.000103 310434 310434 0 310434 310434
main/Initialise/CallInitial/CallRegridInitialMeta/RegridFree: 2e-06 1e-06 3232 3232 0 3232 3232
main/Initialise/CallInitial/CCTK_BASEGRID/CallFunction/thorns/SpatialCoordinates: 0.000239 0.000239 668380 668380 0 668380 668380
main/Initialise/CallInitial/CCTK_BASEGRID/CallFunction/thorns/MaskBase_AllocateMask: 0.000161 0.000162 451732 451732 0 451732 451732
main/Initialise/CallInitial/CallRegridInitialMeta/Regrid/RegridMap/CarpetLib::gh::regrid/CarpetLib::dh::regrid/comm: 2.1e-05 1.9e-05 57888 57888 0 57888 57888
main/Initialise/CallInitial/CallRegridInitialMeta/Regrid/RegridMap/CarpetLib::gh::regrid/CarpetLib::dh::regrid/unusedpoints_mask: 0 0 1952 1952 0 1952 1952
main/Initialise/CallInitial/CallRegridInitialMeta/Regrid/RegridMap/CarpetLib::gh::regrid/CarpetLib::dh::regrid/bcast_comm/ref_prol/CarpetLib::dh::bs2: 2e-06 1e-06 5292 5292 0 5292 5292
main/Initialise/CallInitial/CallRegridInitialMeta/Regrid/RegridMap/CarpetLib::gh::regrid/CarpetLib::dh::regrid/bcast_comm/ref_prol/CarpetLib::dh::bs3: 1e-06 0 1356 1356 0 1356 1356
main/Initialise/CallInitial/CallRegridInitialMeta/Regrid/RegridMap/CarpetLib::gh::regrid/CarpetLib::dh::regrid/bcast_comm/ref_bnd_prol: 8e-06 8e-06 24422 24422 0 24422 24422
main/Initialise/CallInitial/CallRegridInitialMeta/Regrid/RegridMap/CarpetLib::gh::regrid/CarpetLib::dh::regrid/bcast_comm: 9.6e-05 8.8e-05 266444 266444 0 266444 266444
main/Initialise/CallInitial/CCTK_BASEGRID: 0.001657 0.001962 4.62668e+06 4.62668e+06 0 4.62668e+06 4.62668e+06
main/Initialise/CallInitial/CCTK_BASEGRID/CallFunction/thorns/SphericalSurface_SetupRes: 2e-06 2e-06 6232 6232 0 6232 6232
main/Initialise/CallInitial/CCTK_BASEGRID/CallFunction/thorns/SphericalSurface_Setup: 4e-06 3e-06 10926 10926 0 10926 10926
main/Initialise/CallInitial/CallRegridInitialMeta/Regrid/RegridMap/CarpetLib::gh::regrid/CarpetLib::dh::regrid/bcast_comm/sync/CarpetLib::dh::bs2: 1e-06 1e-06 2026 2026 0 2026 2026
main/Initialise/CallInitial/CallRegridInitialMeta/Regrid/RegridMap/CarpetLib::gh::regrid/CarpetLib::dh::regrid/bcast_comm/sync/CarpetLib::dh::bs3: 1e-06 0 1404 1404 0 1404 1404
main/Initialise/CallInitial/CallRegridInitialMeta/Regrid/RegridMap/CarpetLib::gh::regrid/CarpetLib::dh::regrid/bcast_comm/ref_refl_prol: 2.5e-05 2.3e-05 70136 70136 0 70136 70136
main/Initialise/CallInitial/CallRegridInitialMeta/Regrid/RegridMap/CarpetLib::gh::regrid/CarpetLib::dh::regrid/bcast_comm/ref_bnd_prol/CarpetLib::dh::bs1: 0 0 1256 1256 0 1256 1256
main/Initialise/CallInitial/CallRegridInitialMeta/Regrid/RegridMap/CarpetLib::gh::regrid/CarpetLib::dh::regrid/bcast_comm/ref_bnd_prol/CarpetLib::dh::bs2: 0 0 1664 1664 0 1664 1664
main/Initialise/CallInitial/CallRegridInitialMeta/Regrid/RegridMap/CarpetLib::gh::regrid/CarpetLib::dh::regrid/bcast_comm/ref_bnd_prol/CarpetLib::dh::bs3: 1e-06 1e-06 1428 1428 0 1428 1428
main/Initialise/CallInitial/CallRegridInitialMeta/Regrid/RegridMap/CarpetLib::gh::regrid/CarpetLib::dh::regrid/bcast_comm/old2new_sync: 9e-06 8e-06 24252 24252 0 24252 24252
main/Initialise/CallInitial/CallRegridInitialMeta/Regrid/RegridMap/CarpetLib::gh::regrid/CarpetLib::dh::regrid/bcast_comm/ref_refl_prol/CarpetLib::dh::bs1: 1e-06 3e-06 7386 1231 26.3439 1220 1250
main/Evolve/CallRegrid/Regrid/RegridMap/CarpetLib::gh::regrid/CarpetLib::dh::regrid/comm: 2.5e-05 2.5e-05 69862 69862 0 69862 69862
main/Initialise/CallInitial/CallRegridInitialMeta/Regrid/RegridMap/CarpetLib::gh::regrid/CarpetLib::dh::regrid/bcast_comm/ref_refl_prol/CarpetLib::dh::bs3: 2e-06 2e-06 7278 1213 31.3369 1196 1234
main/Initialise/CallInitial/CallRegridInitialMeta/Regrid/RegridMap/CarpetLib::gh::regrid/CarpetLib::dh::regrid/bcast_comm/old2new_sync/CarpetLib::dh::bs1: 1e-06 0 1236 1236 0 1236 1236
main/Initialise/CallInitial/CallRegridInitialMeta/Regrid/RegridMap/CarpetLib::gh::regrid/CarpetLib::dh::regrid/bcast_comm/old2new_sync/CarpetLib::dh::bs2: 1e-06 1e-06 1620 1620 0 1620 1620
main/Initialise/CallInitial/CallRegridInitialMeta/Regrid/RegridMap/CarpetLib::gh::regrid/CarpetLib::dh::regrid/bcast_comm/old2new_sync/CarpetLib::dh::bs3: 0 0 1244 1244 0 1244 1244
main/Initialise/CallInitial/CallRegridInitialMeta/Regrid/RegridMap/CarpetLib::gh::regrid/CarpetLib::dh::regrid/bcast_comm/old2new_ref_prol: 1.7e-05 1.6e-05 47236 47236 0 47236 47236
main/Initialise/CallInitial/CallRegridInitialMeta/Regrid/RegridMap/CarpetLib::gh::regrid/CarpetLib::dh::regrid/bcast_comm/old2new_ref_prol/CarpetLib::dh::bs1: 0 1e-06 1262 1262 0 1262 1262
main/Initialise/CallInitial/CallRegridInitialMeta/Regrid/RegridMap/CarpetLib::gh::regrid/CarpetLib::dh::regrid/bcast_comm/old2new_ref_prol/CarpetLib::dh::bs2: 0 0 1540 1540 0 1540 1540
main/Initialise/CallInitial/CallRegridInitialMeta/Regrid/RegridMap/CarpetLib::gh::regrid/CarpetLib::dh::regrid/bcast_comm/old2new_ref_prol/CarpetLib::dh::bs3: 1e-06 0 1284 1284 0 1284 1284
main/Initialise/CallInitial/CallRegridInitialMeta/Regrid/RegridMap/CarpetLib::gh::regrid/CarpetLib::dh::regrid/bcast_comm/ref_refl_prol/CarpetLib::dh::bs2: 4e-06 3e-06 9688 1614.67 205.05 1546 1792
main/Initialise/CallInitial/CCTK_BASEGRID/CallFunction/thorns/ADMBase_SetShiftStateOn: 2e-06 2e-06 5262 5262 0 5262 5262
main/Initialise/CallInitial/CCTK_BASEGRID/CallFunction/thorns/ADMBase_SetDtLapseStateOn: 1e-06 1e-06 2544 2544 0 2544 2544
main/Initialise/CallInitial/CCTK_BASEGRID/CallFunction/thorns/ADMBase_SetDtShiftStateOn: 0 1e-06 1866 1866 0 1866 1866
main/Initialise/CallInitial/CCTK_BASEGRID/CallFunction/thorns/ADMMacros_SetLocalSpatialOrder: 1e-06 1e-06 3258 3258 0 3258 3258
main/Initialise/CallInitial/CCTK_BASEGRID/CallFunction/thorns/SpatialSpacings: 4.9e-05 4.9e-05 136712 136712 0 136712 136712
main/Initialise/CallInitial/CCTK_BASEGRID/CallFunction: 0.001536 0.00184 4.29221e+06 171689 976942 25098 712792
main/Initialise/CallInitial/CCTK_BASEGRID/CallFunction/thorns/MaskBase_AllocateMask/CarpetLib::ggf::recompose_crop: 2e-06 1e-06 4864 2432 1176.63 1600 3264
main/Initialise/CallInitial/CCTK_BASEGRID/CallFunction/thorns/MaskBase_AllocateMask/CarpetLib::ggf::recompose_allocate: 1e-06 3e-06 4954 2477 912.168 1832 3122
main/Initialise/CallInitial/CCTK_BASEGRID/CallFunction/thorns/MaskBase_AllocateMask/dh::recompose_free_old: 1e-06 2e-06 2832 1416 101.823 1344 1488
main/Initialise/CallInitial/CCTK_BASEGRID/CallFunction/thorns/MaskBase_InitMask: 0.000111 0.000112 311498 311498 0 311498 311498
main/Initialise/CallInitial/CCTK_BASEGRID/CallFunction/thorns/CarpetMaskSetup: 1.3e-05 1.3e-05 37256 37256 0 37256 37256
main/Initialise/CallInitial/CCTK_BASEGRID/CallFunction/thorns/CarpetExcludedSetup: 3e-06 3e-06 8250 8250 0 8250 8250
main/Initialise/CallInitial/CCTK_BASEGRID/CallFunction/thorns/CarpetSurfaceSetup: 2e-06 2e-06 7352 7352 0 7352 7352
main/Initialise/CallInitial/CCTK_BASEGRID/CallFunction/thorns/CoordBase_SetupMask: 0.000199 0.000505 556464 556464 0 556464 556464
main/Initialise/CallInitial/CCTK_BASEGRID/CallFunction/thorns/SphericalSurface_Set: 2e-06 3e-06 5770 5770 0 5770 5770
main/Initialise/CallInitial/CCTK_BASEGRID/CallFunction/thorns/MaskBase_TestMask: 0.000117 0.000117 327834 327834 0 327834 327834
main/Initialise/CallInitial/CCTK_BASEGRID/CallFunction/thorns/SphericalSurface_CheckState: 1e-06 0 2256 2256 0 2256 2256
main/Initialise/CallInitial/CCTK_BASEGRID/CallFunction/thorns/SBP_SetNormMask: 3.4e-05 3.5e-05 96596 96596 0 96596 96596
main/Initialise/CallInitial/CCTK_BASEGRID/CallFunction/thorns/SymBase_Check: 1e-06 1e-06 2830 2830 0 2830 2830
main/Initialise/CallInitial/CCTK_BASEGRID/CallFunction/thorns/Time_Initialise: 1e-06 1e-06 2234 2234 0 2234 2234
main/Initialise/CallInitial/CCTK_BASEGRID/CallFunction/thorns/MaskBase_SetMask: 0.000103 0.000103 288038 288038 0 288038 288038
main/Initialise/CallInitial/CCTK_INITIAL/CallFunction/thorns/TwoPunctures: 1.48242 2.79076 4.14106e+09 4.14106e+09 0 4.14106e+09 4.14106e+09
main/Initialise/CallInitial/CCTK_INITIAL/CallFunction/thorns/TwoPunctures_Metadata: 0.000136 0.000133 381200 381200 0 381200 381200
main/Initialise/CallInitial/CCTK_INITIAL/CallFunction/thorns/ADMBase_ShiftZero: 0.000144 0.00014 404480 404480 0 404480 404480
main/Initialise/CallInitial/CCTK_INITIAL/CallFunction/thorns/ADMBase_DtLapseZero: 5.4e-05 5.2e-05 149310 149310 0 149310 149310
main/Initialise/CallInitial/CCTK_INITIAL/CallFunction/thorns/ADMBase_DtShiftZero: 0.000148 0.000144 414756 414756 0 414756 414756
main/Initialise/CallInitial/CCTK_INITIAL/CallFunction/thorns/CarpetIOASCIIInit: 1e-06 1e-06 3548 3548 0 3548 3548
main/Initialise/CallInitial/CCTK_INITIAL/CallFunction/thorns/CarpetIOBasicInit: 1e-06 1e-06 3220 3220 0 3220 3220
main/Initialise/CallInitial/CCTK_INITIAL: 1.48703 2.79934 4.15392e+09 4.15392e+09 0 4.15392e+09 4.15392e+09
main/Initialise/CallInitial/CCTK_BASEGRID/CallFunction/thorns/TemporalSpacings: 3e-06 3e-06 8004 8004 0 8004 8004
main/Initialise/CallInitial/CCTK_INITIAL/CallFunction/thorns/CarpetIOScalarInit: 1e-06 1e-06 3522 3522 0 3522 3522
main/Initialise/CallInitial/CCTK_INITIAL/CallFunction/thorns/ML_BSSN_InitialADMBase1Everywhere: 0.001695 0.003696 4.7352e+06 4.7352e+06 0 4.7352e+06 4.7352e+06
main/Initialise/CallInitial/CCTK_INITIAL/CallFunction/thorns/ML_BSSN_InitialADMBase2BoundaryScalar: 0.000292 0.000291 815152 815152 0 815152 815152
main/Initialise/CallInitial/CCTK_INITIAL/CallFunction: 1.48686 2.79918 4.15347e+09 2.96676e+08 3.98961e+09 24910 4.14116e+09
main/Initialise/CallInitial/CCTK_INITIAL/CallFunction/thorns: 1.48649 2.79881 4.15241e+09 2.96601e+08 3.9896e+09 11576 4.14108e+09
main/Initialise/CallInitial/CCTK_INITIAL/CallFunction/thorns/StaticConformal_InitialiseState: 1e-06 1e-06 3382 3382 0 3382 3382
main/Initialise/CallInitial/CCTK_INITIAL/CarpetLib::ggf::recompose_crop: 0 0 1822 1822 0 1822 1822
main/Initialise/CallInitial/CCTK_INITIAL/CarpetLib::ggf::recompose_allocate: 1e-06 1e-06 2732 2732 0 2732 2732
main/Initialise/CallInitial/CCTK_INITIAL/dh::recompose_free_old: 1e-06 0 1608 1608 0 1608 1608
main/Initialise/CallInitial/CallRegridInitialMeta/Regrid/RegridMap/CarpetLib::gh::regrid/CarpetLib::dh::regrid/bcast_comm/ref_prol: 1.1e-05 1.1e-05 32206 32206 0 32206 32206
main/Evolve/CallEvol/CCTK_EVOL/CallFunction/thorns/MoL_InitialCopy: 0.002772 0.002493 7.75075e+06 3.87537e+06 63509.5 3.83047e+06 3.92028e+06
main/Initialise/CallInitial/CCTK_BASEGRID/CallFunction/thorns/ML_BSSN_CheckBoundaries: 0 1e-06 2280 2280 0 2280 2280
main/Initialise/CallInitial/CallRegridInitialMeta/Regrid/RegridMap/CheckRegions: 1e-06 0 1868 1868 0 1868 1868
main/Initialise/CallInitial/CCTK_INITIAL/CallFunction/thorns/ML_BSSN_InitialADMBase2Interior: 0.001271 0.003272 3.55279e+06 3.55279e+06 0 3.55279e+06 3.55279e+06
main/Initialise/CallInitial/CCTK_INITIAL/CallFunction/syncs: 0.0001 0.000101 281646 281646 0 281646 281646
main/Initialise/CallInitial/CCTK_INITIAL/CallFunction/syncs/Prolongate: 0 1e-06 1626 1626 0 1626 1626
main/Initialise/CallInitial/CCTK_INITIAL/CallFunction/syncs/Sync: 8.5e-05 8.5e-05 237154 237154 0 237154 237154
main/Initialise/CallInitial/CCTK_INITIAL/CallFunction/syncs/Sync/comm_state[0].create: 7e-06 7e-06 20516 20516 0 20516 20516
main/Initialise/CallInitial/CCTK_INITIAL/CallFunction/syncs/Sync/comm_state[1].state_get_buffer_sizes.user: 3e-06 4e-06 9122 9122 0 9122 9122
main/Initialise/CallInitial/CCTK_INITIAL/CallFunction/syncs/Sync/comm_state[3].state_fill_send_buffers.user: 1e-06 1e-06 3134 3134 0 3134 3134
main/Initialise/CallInitial/CCTK_INITIAL/CallFunction/syncs/Sync/comm_state[4].state_fill_send_buffers.step: 0 1e-06 2028 2028 0 2028 2028
main/Initialise/CallInitial/CCTK_INITIAL/CallFunction/syncs/Sync/comm_state[5].state_do_some_work.user: 1e-06 1e-06 2762 2762 0 2762 2762
main/Initialise/CallInitial/CCTK_INITIAL/CallFunction/syncs/Sync/comm_state[6].state_do_some_work.step: 2e-06 2e-06 5826 5826 0 5826 5826
main/Initialise/CallInitial/CCTK_INITIAL/CallFunction/syncs/Sync/comm_state[7].state_empty_recv_buffers.user: 1e-06 1e-06 2822 2822 0 2822 2822
main/Initialise/CallInitial/CCTK_INITIAL/CallFunction/syncs/Sync/comm_state[8].state_empty_recv_buffers.step: 1e-06 1e-06 2992 2992 0 2992 2992
main/Initialise/CallInitial/CCTK_INITIAL/CallFunction/thorns/MoL_StartLoop: 1e-06 1e-06 3056 3056 0 3056 3056
main/Initialise/CallInitial/CCTK_INITIAL/CallFunction/thorns/ML_BSSN_ExtrapolateGammas: 0.000241 0.000242 675412 675412 0 675412 675412
main/Initialise/CallInitial/CCTK_POSTINITIAL: 0.006668 0.012672 1.86262e+07 1.86262e+07 0 1.86262e+07 1.86262e+07
main/Initialise/CallInitial/CCTK_INITIAL/CallFunction/syncs/Sync/comm_state[2].state_get_buffer_sizes.step: 1e-06 2e-06 4682 4682 0 4682 4682
main/Initialise/CallInitial/CCTK_POSTINITIAL/CallFunction/thorns: 0.006135 0.012111 1.71255e+07 634279 7.00144e+06 4482 6.04838e+06
main/Initialise/CallInitial/CCTK_POSTINITIAL/CallFunction/thorns/ML_BSSN_EnforceEverywhere: 0.000558 0.001559 1.5611e+06 1.5611e+06 0 1.5611e+06 1.5611e+06
main/Initialise/CallInitial/CCTK_POSTINITIAL/CallFunction/thorns/ML_BSSN_SelectBoundConds: 2.7e-05 2.7e-05 75022 75022 0 75022 75022
main/Initialise/CallInitial/CCTK_POSTINITIAL/CallFunction: 0.006546 0.012547 1.82765e+07 676908 7.01748e+06 7318 6.08894e+06
main/Initialise/CallInitial/CCTK_POSTINITIAL/CallFunction/syncs/Prolongate: 2e-06 2e-06 5008 1252 78.4347 1218 1316
main/Initialise/CallInitial/CCTK_POSTINITIAL/CallFunction/syncs/Sync: 7.8e-05 7.7e-05 218016 54504 65710.3 33592 111372
main/Initialise/CallInitial/CCTK_POSTINITIAL/CallFunction/syncs/Sync/comm_state[1].state_get_buffer_sizes.user: 7e-06 8e-06 19854 4963.5 4924.58 3018 9150
main/Initialise/CallInitial/CCTK_POSTINITIAL/CallFunction/syncs/Sync/comm_state[0].create: 2e-06 3e-06 8198 2049.5 499.891 1838 2470
main/Initialise/CallInitial/CCTK_POSTINITIAL/CallFunction/syncs/Sync/comm_state[2].state_get_buffer_sizes.step: 4e-06 4e-06 10318 2579.5 243.678 2376 2700
main/Initialise/CallInitial/CCTK_POSTINITIAL/CallFunction/syncs/Sync/comm_state[3].state_fill_send_buffers.user: 5e-06 5e-06 12404 3101 2893.76 1878 5538
main/Initialise/CallInitial/CCTK_POSTINITIAL/CallFunction/syncs/Sync/comm_state[4].state_fill_send_buffers.step: 3e-06 3e-06 6358 1589.5 121.569 1514 1664
main/Initialise/CallInitial/CCTK_POSTINITIAL/CallFunction/syncs/Sync/comm_state[5].state_do_some_work.user: 5e-06 4e-06 12050 3012.5 3085.19 1762 5634
main/Initialise/CallInitial/CCTK_POSTINITIAL/CallFunction/syncs/Sync/comm_state[6].state_do_some_work.step: 5e-06 2e-06 9500 2375 1658.7 1596 3738
main/Initialise/CallInitial/CCTK_POSTINITIAL/CallFunction/syncs/Sync/comm_state[7].state_empty_recv_buffers.user: 4e-06 4e-06 11940 2985 3111.34 1734 5634
main/Initialise/CallInitial/CCTK_POSTINITIAL/CallFunction/syncs/Sync/comm_state[8].state_empty_recv_buffers.step: 2e-06 4e-06 7612 1903 144.568 1792 1974
main/Initialise/CallInitial/CCTK_POSTINITIAL/CallFunction/syncs: 9.6e-05 9.6e-05 268340 67085 79269.4 41830 135686
main/Initialise/CallInitial/CCTK_POSTINITIAL/CallFunction/thorns/Boundary_ApplyPhysicalBCs: 0.000524 0.00152 1.46339e+06 365848 916124 9212 1.12935e+06
main/Initialise/CallInitial/CCTK_POSTINITIAL/CallFunction/thorns/CartGrid3D_ApplyBC: 1e-05 1.1e-05 32218 8054.5 5614.56 4950 11380
main/Initialise/CallInitial/CCTK_POSTINITIAL/CallFunction/thorns/ReflectionSymmetry_Apply: 0.000206 0.000204 581532 145383 212529 20892 286378
main/Initialise/CallInitial/CCTK_POSTINITIAL/CallFunction/thorns/ML_BSSN_ADMBaseInterior: 0.001135 0.002135 3.17327e+06 3.17327e+06 0 3.17327e+06 3.17327e+06
main/Initialise/CallInitial/CCTK_POSTINITIAL/CallFunction/thorns/Boundary_ClearSelection: 4e-06 4e-06 10190 2547.5 810.305 2064 3072
main/Initialise/CallInitial/CCTK_POSTINITIAL/CallFunction/thorns/ML_BSSN_ADMBaseBoundaryScalar: 0.000177 0.000177 494914 494914 0 494914 494914
main/Initialise/CallInitial/CCTK_POSTINITIAL/CallFunction/thorns/ML_BSSN_ADMBase_SelectBCs: 1.7e-05 1.6e-05 45954 45954 0 45954 45954
main/Initialise/CallInitial/CCTK_POSTINITIAL/CallFunction/thorns/ML_BSSN_ConstraintsEverywhere: 0.000133 0.000129 370250 370250 0 370250 370250
main/Initialise/CallInitial/CCTK_POSTINITIAL/CallFunction/thorns/ML_BSSN_ConstraintsEverywhere_SelectBCs: 1.1e-05 1.1e-05 31804 31804 0 31804 31804
main/Initialise/CallInitial/CCTK_POSTINITIAL/CallFunction/thorns/ML_BSSN_ADMBaseEverywhere: 0.001048 0.002047 2.92968e+06 2.92968e+06 0 2.92968e+06 2.92968e+06
main/Initialise/CallInitial/CCTK_POSTINITIAL/CallFunction/thorns/SBP_CheckGridSizes: 2e-06 2e-06 5122 5122 0 5122 5122
main/Initialise/CallInitial/CCTK_POSTINITIAL/CallFunction/thorns/ML_BSSN_ConstraintsInterior_SelectBCs: 1.5e-05 1.5e-05 42712 42712 0 42712 42712
main/Initialise/CallRestrict: 1e-06 1e-06 1646 1646 0 1646 1646
main/Initialise/CallPostInitial: 0.07145 0.129709 1.99591e+08 1.99591e+08 0 1.99591e+08 1.99591e+08
main/Initialise/CallPostInitial/CCTK_POSTSTEP: 0.071359 0.129617 1.99336e+08 1.99336e+08 0 1.99336e+08 1.99336e+08
main/Initialise/CallPostInitial/CCTK_POSTPOSTINITIAL: 4e-06 5e-06 12408 12408 0 12408 12408
main/Initialise/CallPostInitial/CCTK_POSTSTEP/CallFunction: 0.071185 0.129444 1.98847e+08 1.24279e+07 1.3956e+08 35918 1.34481e+08
main/Initialise/CallPostInitial/CCTK_POSTSTEP/CallFunction/thorns: 0.070852 0.129113 1.97914e+08 1.23696e+07 1.39494e+08 12728 1.34391e+08
main/Initialise/CallPostInitial/CCTK_POSTSTEP/CallFunction/thorns/SphericalSurface_Set: 2e-06 2e-06 6182 6182 0 6182 6182
main/Initialise/CallPostInitial/CCTK_POSTSTEP/CallFunction/thorns/SphericalSurface_CheckState: 1e-06 1e-06 2124 2124 0 2124 2124
main/Initialise/CallInitial/CCTK_POSTINITIAL/CallFunction/thorns/ML_BSSN_ConstraintsInterior: 0.00216 0.004157 6.03624e+06 6.03624e+06 0 6.03624e+06 6.03624e+06
main/Initialise/CallPostInitial/CCTK_POSTSTEP/CarpetLib::ggf::recompose_crop: 1e-06 1e-06 3766 1883 479.418 1544 2222
main/Initialise/CallPostInitial/CCTK_POSTSTEP/CarpetLib::ggf::recompose_allocate: 2e-06 2e-06 5286 2643 1285.52 1734 3552
main/Initialise/CallPostInitial/CCTK_POSTSTEP/dh::recompose_free_old: 1e-06 1e-06 2780 1390 67.8823 1342 1438
main/Initialise/CallPostInitial/CCTK_POSTSTEP/CallFunction/thorns/Extract: 0.048103 0.084317 1.34376e+08 1.34376e+08 0 1.34376e+08 1.34376e+08
main/Initialise/CallPostInitial/CCTK_POSTSTEP/CallFunction/thorns/Extract/Sync/comm_state[0].create: 1.4e-05 1.7e-05 43552 1675.08 1666.37 1370 2958
main/Initialise/CallPostInitial/CCTK_POSTSTEP/CallFunction/thorns/Extract/Sync/comm_state[1].state_get_buffer_sizes.user: 2.4e-05 2.3e-05 62252 2394.31 2362.99 1774 3640
main/Initialise/CallPostInitial/CCTK_POSTSTEP/CallFunction/thorns/NaNChecker_NaNCheck_Check: 0.022189 0.044239 6.19927e+07 6.19927e+07 0 6.19927e+07 6.19927e+07
main/Initialise/CallPostInitial/CCTK_POSTSTEP/CallFunction/thorns/Extract/Prolongate: 3e-05 2.2e-05 41426 1593.31 1622.94 1258 2890
main/Initialise/CallPostInitial/CCTK_POSTSTEP/CallFunction/thorns/Extract/Sync: 0.000306 0.000305 860596 33099.8 75440.2 27080 106148
main/Initialise/CallPostInitial/CCTK_POSTSTEP/CallFunction/thorns/NaNChecker_NaNCheck_Prepare: 6e-06 5e-06 15266 15266 0 15266 15266
main/Initialise/CallPostInitial/CCTK_POSTSTEP/CallFunction/thorns/NaNChecker_NaNCheck_Finish: 1e-05 1e-05 27096 27096 0 27096 27096
main/Initialise/CallPostInitial/CCTK_POSTSTEP/CallFunction/thorns/NaNChecker_TakeAction: 1e-06 0 1950 1950 0 1950 1950
main/Initialise/CallPostInitial/CCTK_POSTSTEP/CallFunction/thorns/setup_epsdis: 1.8e-05 1.8e-05 50602 50602 0 50602 50602
main/Initialise/CallPostInitial/CCTK_POSTSTEP/CallFunction/syncs: 4.4e-05 4.4e-05 123518 123518 0 123518 123518
main/Initialise/CallPostInitial/CCTK_POSTSTEP/CallFunction/syncs/Prolongate: 0 0 1506 1506 0 1506 1506
main/Initialise/CallPostInitial/CCTK_POSTSTEP/CallFunction/syncs/Sync: 3.6e-05 3.6e-05 101128 101128 0 101128 101128
main/Initialise/CallPostInitial/CCTK_POSTSTEP/CallFunction/syncs/Sync/comm_state[1].state_get_buffer_sizes.user: 1e-06 2e-06 3700 3700 0 3700 3700
main/Initialise/CallPostInitial/CCTK_POSTSTEP/CallFunction/syncs/Sync/comm_state[0].create: 2e-06 2e-06 5816 5816 0 5816 5816
main/Initialise/CallPostInitial/CCTK_POSTSTEP/CallFunction/syncs/Sync/comm_state[2].state_get_buffer_sizes.step: 2e-06 2e-06 3814 3814 0 3814 3814
main/Initialise/CallPostInitial/CCTK_POSTSTEP/CallFunction/syncs/Sync/comm_state[3].state_fill_send_buffers.user: 0 0 1802 1802 0 1802 1802
main/Initialise/CallPostInitial/CCTK_POSTSTEP/CallFunction/syncs/Sync/comm_state[4].state_fill_send_buffers.step: 0 1e-06 1838 1838 0 1838 1838
main/Initialise/CallPostInitial/CCTK_POSTSTEP/CallFunction/syncs/Sync/comm_state[5].state_do_some_work.user: 1e-06 0 1534 1534 0 1534 1534
main/Initialise/CallPostInitial/CCTK_POSTSTEP/CallFunction/syncs/Sync/comm_state[6].state_do_some_work.step: 1e-06 1e-06 2800 2800 0 2800 2800
main/Initialise/CallPostInitial/CCTK_POSTSTEP/CallFunction/syncs/Sync/comm_state[7].state_empty_recv_buffers.user: 1e-06 0 1644 1644 0 1644 1644
main/Initialise/CallPostInitial/CCTK_POSTSTEP/CallFunction/syncs/Sync/comm_state[8].state_empty_recv_buffers.step: 1e-06 1e-06 2584 2584 0 2584 2584
main/Initialise/CallAnalysis: 0.002719 0.005718 7.59566e+06 7.59566e+06 0 7.59566e+06 7.59566e+06
main/Initialise/CallPostInitial/CCTK_POSTSTEP/CallFunction/thorns/MaskBase_AllocateMask: 3.7e-05 3.7e-05 104922 104922 0 104922 104922
main/Evolve: 0.358837 0.631122 1.00239e+09 1.00239e+09 0 1.00239e+09 1.00239e+09
main/Evolve/DoTerminate: 0.000207 0.000197 583318 1137.07 14397 1050 13078
main/Evolve/AdvanceTime: 0.000199 0.000204 565520 1104.53 1042.51 1070 1764
main/Evolve/CallRegrid: 0.001712 0.002813 4.78309e+06 2.39154e+06 3.26269e+06 84474 4.69861e+06
main/Evolve/CallRegrid/CCTK_PREREGRID: 4.5e-05 4.4e-05 124362 62181 25149 44398 79964
main/Evolve/CallRegrid/CCTK_PREREGRID/CallFunction: 2.9e-05 2.9e-05 78180 39090 13995.1 29194 48986
main/Evolve/CallRegrid/CCTK_PREREGRID/CallFunction/thorns: 1.2e-05 1.2e-05 32320 16160 6477.1 11580 20740
main/Evolve/CallRegrid/CCTK_PREREGRID/CallFunction/thorns/CarpetTracker_SetPositions: 6e-06 6e-06 17652 8826 223.446 8668 8984
main/Evolve/CallRegrid/Regrid: 0.001534 0.002633 4.28401e+06 2.142e+06 2.98905e+06 28428 4.25558e+06
main/Evolve/CallRegrid/Regrid/RegridMap/CarpetLib::gh::regrid/CarpetLib::dh::regrid: 0.000867 0.001967 2.42257e+06 2.42257e+06 0 2.42257e+06 2.42257e+06
main/Evolve/CallRegrid/Regrid/RegridMap/CarpetLib::gh::regrid: 0.000874 0.001973 2.44139e+06 2.44139e+06 0 2.44139e+06 2.44139e+06
main/Evolve/CallRegrid/Regrid/CarpetRegrid2::RegridMaps: 0.000571 0.000571 1.59441e+06 797205 1.12451e+06 2056 1.59235e+06
main/Evolve/CallEvol/Poison: 0.003409 0.00527 9.52295e+06 4.76148e+06 66151.3 4.7147e+06 4.80825e+06
main/Evolve/CallRegrid/Regrid/RegridMap/CarpetLib::gh::regrid/CarpetLib::dh::regrid/domain: 4.5e-05 4.5e-05 124972 124972 0 124972 124972
main/Evolve/CallEvol/CCTK_EVOL/CallFunction/thorns/ML_BSSN_ConstraintsEverywhere_SelectBCs: 1.7e-05 1.6e-05 45872 22936 1445.33 21914 23958
main/Evolve/CallEvol/CCTK_EVOL/CallFunction/thorns/ML_BSSN_EvolutionBoundaryScalar: 0.004081 0.00631 1.14191e+07 1.42739e+06 278406 1.32487e+06 1.66483e+06
main/Evolve/CallRegrid/Regrid/RegridMap/CarpetLib::gh::regrid/CarpetLib::dh::regrid/regrid: 5e-05 5.1e-05 140610 140610 0 140610 140610
main/Evolve/CallEvol/CCTK_EVOL/CallFunction/thorns/MoL_InitRHS: 0.002653 0.003644 7.43141e+06 928926 346493 746860 1.09008e+06
main/Evolve/CallEvol/CCTK_EVOL/CallFunction/thorns/ML_BSSN_ConstraintsEverywhere: 0.000279 0.000277 782254 391127 21588 375862 406392
main/Evolve/CallRegrid/Regrid/RegridMap/CarpetLib::gh::regrid/CarpetLib::dh::regrid/unusedpoints_mask: 1e-06 0 1828 1828 0 1828 1828
main/Evolve/CallRegrid/Regrid/RegridMap: 0.0009 0.002 2.51441e+06 2.51441e+06 0 2.51441e+06 2.51441e+06
main/Evolve/CallEvol/CycleTimeLevels: 2.4e-05 2.5e-05 68820 34410 2797.31 32432 36388
main/Evolve/CallRegrid/Recompose: 5.9e-05 5.9e-05 163904 163904 0 163904 163904
main/Evolve/CallEvol/CCTK_EVOL/CallFunction/thorns/MoL_AllocateScratch: 2e-06 1e-06 6042 3021 306.884 2804 3238
main/Evolve/CallRegrid/Regrid/RegridMap/CarpetLib::gh::regrid/CarpetLib::dh::regrid/regrid/sync: 3.1e-05 3e-05 86216 86216 0 86216 86216
main/Evolve/CallRegrid/Regrid/RegridMap/CarpetLib::gh::regrid/CarpetLib::dh::regrid/regrid/prolongate: 1e-06 0 1356 1356 0 1356 1356
main/Evolve/CallRegrid/Regrid/RegridMap/CarpetLib::gh::regrid/CarpetLib::dh::regrid/comm/mgrest: 1e-06 0 1144 1144 0 1144 1144
main/Evolve/CallRegrid/Regrid/RegridMap/CarpetLib::gh::regrid/CarpetLib::dh::regrid/comm/mgprol: 0 1e-06 1100 1100 0 1100 1100
main/Evolve/CallRegrid/Regrid/RegridMap/CarpetLib::gh::regrid/CarpetLib::dh::regrid/comm/refprol: 0 1e-06 1088 1088 0 1088 1088
main/Evolve/CallRegrid/Regrid/RegridMap/CarpetLib::gh::regrid/CarpetLib::dh::regrid/comm/sync: 0 1e-06 1546 1546 0 1546 1546
main/Evolve/CallRegrid/Regrid/RegridMap/CarpetLib::gh::regrid/CarpetLib::dh::regrid/comm/refbndprol: 0 1e-06 1216 1216 0 1216 1216
main/Evolve/CallRegrid/Regrid/RegridMap/CarpetLib::gh::regrid/CarpetLib::dh::regrid/comm/refrest: 1e-06 0 1532 1532 0 1532 1532
main/Evolve/CallRegrid/Regrid/RegridMap/CarpetLib::gh::regrid/CarpetLib::dh::regrid/comm/reflux: 1e-06 0 1150 1150 0 1150 1150
main/Evolve/CallRegrid/Regrid/RegridMap/CarpetLib::gh::regrid/CarpetLib::dh::regrid/mask: 3e-06 3e-06 7456 7456 0 7456 7456
main/Evolve/CallRegrid/Regrid/RegridMap/CarpetLib::gh::regrid/CarpetLib::dh::regrid/test: 0.000158 0.000159 442742 442742 0 442742 442742
main/Evolve/CallRegrid/Regrid/RegridMap/CarpetLib::gh::regrid/CarpetLib::dh::regrid/buffers: 0.000205 0.000206 573972 573972 0 573972 573972
main/Evolve/CallRegrid/Regrid/RegridMap/CarpetLib::gh::regrid/CarpetLib::dh::regrid/region: 0.000193 0.000293 539822 539822 0 539822 539822
main/Evolve/CallRegrid/Regrid/RegridMap/CheckRegions: 1e-06 1e-06 1720 1720 0 1720 1720
main/Evolve/CallRegrid/RegridFree: 2e-06 3e-06 7932 3966 820.244 3386 4546
main/Evolve/CallEvol/CCTK_EVOL/CallFunction/thorns/ML_BSSN_EvolutionInteriorSplitBy1: 0.01128 0.023778 3.1531e+07 3.94138e+06 638043 3.73459e+06 4.36384e+06
main/Evolve/CallRegrid/Regrid/RegridMap/CarpetLib::gh::regrid/CarpetLib::dh::regrid/bcast_boxes: 4e-06 3e-06 9768 9768 0 9768 9768
main/Evolve/CallRegrid/Regrid/RegridMap/CarpetLib::gh::regrid/CarpetLib::dh::regrid/bcast_comm: 0.00011 0.00011 306968 306968 0 306968 306968
main/Evolve/CallRegrid/Regrid/RegridMap/CarpetLib::gh::regrid/CarpetLib::dh::regrid/bcast_comm/ref_prol: 1.3e-05 1.4e-05 37542 37542 0 37542 37542
main/Evolve/CallRegrid/Regrid/RegridMap/CarpetLib::gh::regrid/CarpetLib::dh::regrid/bcast_comm/sync: 1.2e-05 1.1e-05 32874 32874 0 32874 32874
main/Evolve/CallRegrid/Regrid/RegridMap/CarpetLib::gh::regrid/CarpetLib::dh::regrid/bcast_comm/ref_prol/CarpetLib::dh::bs1: 0 1e-06 1848 1848 0 1848 1848
main/Evolve/CallRegrid/Regrid/RegridMap/CarpetLib::gh::regrid/CarpetLib::dh::regrid/bcast_comm/ref_prol/CarpetLib::dh::bs2: 1e-06 2e-06 4548 4548 0 4548 4548
main/Evolve/CallRegrid/Regrid/RegridMap/CarpetLib::gh::regrid/CarpetLib::dh::regrid/bcast_comm/ref_prol/CarpetLib::dh::bs3: 1e-06 0 1300 1300 0 1300 1300
main/Evolve/CallRegrid/Regrid/RegridMap/CarpetLib::gh::regrid/CarpetLib::dh::regrid/bcast_comm/ref_bnd_prol: 1.1e-05 1.1e-05 30444 30444 0 30444 30444
main/Evolve/CallRegrid/Regrid/RegridMap/CarpetLib::gh::regrid/CarpetLib::dh::regrid/bcast_comm/sync/CarpetLib::dh::bs1: 1e-06 0 1314 1314 0 1314 1314
main/Evolve/CallRegrid/Regrid/RegridMap/CarpetLib::gh::regrid/CarpetLib::dh::regrid/bcast_comm/sync/CarpetLib::dh::bs2: 0 1e-06 1634 1634 0 1634 1634
main/Evolve/CallRegrid/Regrid/RegridMap/CarpetLib::gh::regrid/CarpetLib::dh::regrid/bcast_comm/sync/CarpetLib::dh::bs3: 1e-06 0 1232 1232 0 1232 1232
main/Evolve/CallRegrid/Regrid/RegridMap/CarpetLib::gh::regrid/CarpetLib::dh::regrid/bcast_comm/ref_refl_prol: 2.5e-05 2.5e-05 69552 69552 0 69552 69552
main/Evolve/CallRegrid/Regrid/RegridMap/CarpetLib::gh::regrid/CarpetLib::dh::regrid/bcast_comm/ref_bnd_prol/CarpetLib::dh::bs1: 1e-06 0 1318 1318 0 1318 1318
main/Evolve/CallRegrid/Regrid/RegridMap/CarpetLib::gh::regrid/CarpetLib::dh::regrid/bcast_comm/ref_bnd_prol/CarpetLib::dh::bs2: 0 1e-06 1650 1650 0 1650 1650
main/Evolve/CallRegrid/Regrid/RegridMap/CarpetLib::gh::regrid/CarpetLib::dh::regrid/bcast_comm/ref_bnd_prol/CarpetLib::dh::bs3: 1e-06 0 1226 1226 0 1226 1226
main/Evolve/CallRegrid/Regrid/RegridMap/CarpetLib::gh::regrid/CarpetLib::dh::regrid/bcast_comm/old2new_sync: 1.1e-05 1e-05 29558 29558 0 29558 29558
main/Evolve/CallRegrid/Regrid/RegridMap/CarpetLib::gh::regrid/CarpetLib::dh::regrid/bcast_comm/ref_refl_prol/CarpetLib::dh::bs1: 2e-06 3e-06 7632 1272 81.8291 1234 1318
main/Evolve/CallRegrid/Regrid/RegridMap/CarpetLib::gh::regrid/CarpetLib::dh::regrid/bcast_comm/ref_refl_prol/CarpetLib::dh::bs2: 3e-06 4e-06 9736 1622.67 94.474 1560 1676
main/Evolve/CallRegrid/Regrid/RegridMap/CarpetLib::gh::regrid/CarpetLib::dh::regrid/bcast_comm/ref_refl_prol/CarpetLib::dh::bs3: 1e-06 4e-06 7314 1219 37.2827 1204 1250
main/Evolve/CallRegrid/Regrid/RegridMap/CarpetLib::gh::regrid/CarpetLib::dh::regrid/bcast_comm/old2new_sync/CarpetLib::dh::bs1: 1e-06 0 1352 1352 0 1352 1352
main/Evolve/CallRegrid/Regrid/RegridMap/CarpetLib::gh::regrid/CarpetLib::dh::regrid/bcast_comm/old2new_sync/CarpetLib::dh::bs2: 0 1e-06 1692 1692 0 1692 1692
main/Evolve/CallRegrid/Regrid/RegridMap/CarpetLib::gh::regrid/CarpetLib::dh::regrid/bcast_comm/old2new_sync/CarpetLib::dh::bs3: 0 1e-06 1234 1234 0 1234 1234
main/Evolve/CallRegrid/Regrid/RegridMap/CarpetLib::gh::regrid/CarpetLib::dh::regrid/bcast_comm/old2new_ref_prol: 1.1e-05 1.2e-05 31894 31894 0 31894 31894
main/Evolve/CallRegrid/Regrid/RegridMap/CarpetLib::gh::regrid/CarpetLib::dh::regrid/bcast_comm/old2new_ref_prol/CarpetLib::dh::bs1: 1e-06 0 1308 1308 0 1308 1308
main/Evolve/CallEvol/CCTK_PRESTEP: 0.000212 0.000209 593170 296585 30845.4 274774 318396
main/Evolve/CallRegrid/Regrid/RegridMap/CarpetLib::gh::regrid/CarpetLib::dh::regrid/bcast_comm/old2new_ref_prol/CarpetLib::dh::bs2: 1e-06 1e-06 1674 1674 0 1674 1674
main/Evolve/CallRegrid/Regrid/RegridMap/CarpetLib::gh::regrid/CarpetLib::dh::regrid/bcast_comm/old2new_ref_prol/CarpetLib::dh::bs3: 1e-06 0 1232 1232 0 1232 1232
main/Evolve/CallEvol/CCTK_PRESTEP/CallFunction: 0.000177 0.000175 491668 81944.7 145671 19456 177412
main/Evolve/CallEvol/CCTK_PRESTEP/CallFunction/thorns: 2.5e-05 2.6e-05 71298 11883 13876.3 4784 21426
main/Evolve/CallEvol/CCTK_PRESTEP/CallFunction/thorns/Einstein_SetNextSlicing: 7e-06 6e-06 19594 9797 145.664 9694 9900
main/Evolve/CallEvol/CCTK_PRESTEP/CallFunction/thorns/LC_steer: 2e-06 2e-06 5114 2557 377.595 2290 2824
main/Evolve/CallEvol/CCTK_EVOL: 0.204175 0.345617 5.70354e+08 2.85177e+08 5.40509e+06 2.81355e+08 2.88999e+08
main/Evolve/CallEvol/CCTK_PRESTEP/CallFunction/thorns/NaNChecker_ResetCounter: 2e-06 2e-06 5484 2742 11.3137 2734 2750
main/Evolve/CallEvol/CCTK_EVOL/CallFunction: 0.203403 0.343886 5.68189e+08 2.34789e+06 8.15201e+07 7568 2.87657e+07
main/Evolve/CallEvol/CCTK_EVOL/CallFunction/thorns: 0.199476 0.336998 5.57226e+08 2.30259e+06 8.1357e+07 4662 2.86744e+07
main/Evolve/CallEvol/CCTK_EVOL/CallFunction/thorns/MoL_StartLoop: 2e-06 1e-06 5292 2646 237.588 2478 2814
main/Evolve/CallEvol/CCTK_EVOL/CallFunction/thorns/MoL_SetCounter: 5e-06 3e-06 34754 17377 14689.4 6990 27764
main/Evolve/CallEvol/CCTK_EVOL/CallFunction/thorns/MoL_SetTime: 2e-06 1e-06 5782 2891 26.8701 2872 2910
main/Evolve/CallEvol/CCTK_EVOL/CallFunction/thorns/MoL_AllocateScratchSpace: 0.003453 0.000867 9.65105e+06 4.82553e+06 452308 4.5057e+06 5.14536e+06
main/Evolve/CallEvol/CCTK_EVOL/CallFunction/thorns/MoL_AllocateScratchSpace/CarpetLib::ggf::recompose_crop: 1e-06 1e-06 2172 2172 0 2172 2172
main/Evolve/CallEvol/CCTK_EVOL/CallFunction/thorns/MoL_AllocateScratchSpace/CarpetLib::ggf::recompose_allocate: 1e-06 1e-06 3528 3528 0 3528 3528
main/Evolve/CallEvol/CCTK_EVOL/CallFunction/thorns/MoL_AllocateScratchSpace/dh::recompose_free_old: 0 1e-06 1480 1480 0 1480 1480
main/Evolve/CallEvol/CCTK_EVOL/CallFunction/thorns/ML_BSSN_ConstraintsInterior: 0.004322 0.008318 1.20764e+07 6.03818e+06 38205 6.01116e+06 6.06519e+06
main/Evolve/CallEvol/CCTK_EVOL/CallFunction/thorns/ML_BSSN_ConstraintsInterior_SelectBCs: 2.8e-05 2.8e-05 78712 39356 1040.86 38620 40092
main/Evolve/CheckLevelTimes: 0.000211 0.000261 562318 1098.28 2333.5 1056 2958
main/Evolve/CallAnalysis: 0.146295 0.273168 4.08713e+08 798267 2.88024e+08 1058 2.04437e+08
main/Evolve/CallRestrict: 0.000198 0.0002 548130 1070.57 679.659 1040 1554
main/Evolve/PrintTimers: 0.000212 0.000195 556928 1087.75 806.861 1048 1632
main/Evolve/CallAnalysis/CCTK_POSTSTEP: 0.141586 0.263437 3.95511e+08 1.97756e+08 424995 1.97455e+08 1.98056e+08
main/Evolve/CallAnalysis/CCTK_POSTSTEP/CallFunction: 0.141395 0.262251 3.94985e+08 1.23433e+07 1.95652e+08 16476 1.33253e+08
main/Evolve/CallAnalysis/CCTK_POSTSTEP/CallFunction/thorns: 0.140767 0.261625 3.93222e+08 1.22882e+07 1.95561e+08 4888 1.33168e+08
main/Evolve/CallAnalysis/CCTK_POSTSTEP/CallFunction/thorns/SphericalSurface_CheckState: 2e-06 2e-06 3880 1940 5.65685 1936 1944
main/Evolve/CallEvol/CCTK_EVOL/CallFunction/thorns/ML_BSSN_EvolutionInteriorSplitBy2: 0.018266 0.034303 5.10421e+07 6.38026e+06 377816 6.24976e+06 6.67782e+06
main/Evolve/CallEvol/CCTK_EVOL/CallFunction/thorns/ML_BSSN_EvolutionInteriorSplitBy3: 0.021903 0.044907 6.12059e+07 7.65074e+06 230675 7.53164e+06 7.77538e+06
main/Evolve/CallEvol/CCTK_EVOL/CallFunction/thorns/ML_BSSN_NewRad: 0.080783 0.117276 2.25712e+08 2.8214e+07 1.05544e+06 2.76137e+07 2.8668e+07
main/Initialise/CallPostInitial/CCTK_POSTSTEP/CallFunction/thorns/MaskBase_InitMask: 6.2e-05 6.2e-05 171784 171784 0 171784 171784
main/Initialise/CallPostInitial/CCTK_POSTSTEP/CallFunction/thorns/CoordBase_SetupMask: 0.000131 0.000131 365644 365644 0 365644 365644
main/Initialise/CallPostInitial/CCTK_POSTSTEP/CallFunction/thorns/CarpetMaskSetup: 1.3e-05 1.3e-05 37852 37852 0 37852 37852
main/Initialise/CallPostInitial/CCTK_POSTSTEP/CallFunction/thorns/CarpetExcludedSetup: 3e-06 2e-06 8196 8196 0 8196 8196
main/Initialise/CallPostInitial/CCTK_POSTSTEP/CallFunction/thorns/CarpetSurfaceSetup: 3e-06 3e-06 8458 8458 0 8458 8458
main/Initialise/CallPostInitial/CCTK_POSTSTEP/CallFunction/thorns/MaskBase_SetMask: 0.00011 0.00011 307294 307294 0 307294 307294
main/Initialise/CallPostInitial/CCTK_POSTSTEP/CallFunction/thorns/MaskBase_TestMask: 8.1e-05 8e-05 224088 224088 0 224088 224088
main/Initialise/CallAnalysis/CCTK_CPINITIAL: 4e-06 3e-06 9572 9572 0 9572 9572
main/Initialise/CallAnalysis/CCTK_ANALYSIS: 0.000536 0.000535 1.49599e+06 1.49599e+06 0 1.49599e+06 1.49599e+06
main/Initialise/CallAnalysis/CCTK_ANALYSIS/CallFunction: 0.000503 0.000502 1.40529e+06 468430 550468 111852 883672
main/Initialise/CallAnalysis/CCTK_ANALYSIS/CallFunction/thorns: 0.000452 0.000451 1.26153e+06 420509 599905 15422 861530
main/Initialise/CallAnalysis/CCTK_ANALYSIS/CallFunction/thorns/CarpetLib_printtimestats: 0.000134 0.000133 374144 374144 0 374144 374144
main/Initialise/CallAnalysis/CCTK_ANALYSIS/CallFunction/thorns/CarpetLib_printmemstats: 0.000304 0.000304 850564 850564 0 850564 850564
main/Initialise/CallAnalysis/OutputGH: 0.00198 0.003978 5.52994e+06 5.52994e+06 0 5.52994e+06 5.52994e+06
main/Initialise/CallAnalysis/CCTK_ANALYSIS/CallFunction/thorns/LC_statistics_analysis: 1e-06 1e-06 2650 2650 0 2650 2650
main/Initialise/CallAnalysis/OutputGH/OutputGH: 0.001975 0.003974 5.51703e+06 5.51703e+06 0 5.51703e+06 5.51703e+06
main/Initialise/CallAnalysis/OutputGH/OutputGH/IOBasic::CarpetIOBasic [0]: 3.5e-05 3.5e-05 97468 97468 0 97468 97468
main/Initialise/CallAnalysis/OutputGH/OutputGH/IOBasic::CarpetIOBasic [0]/OutputGH: 3.2e-05 3.1e-05 87194 87194 0 87194 87194
main/Initialise/CallAnalysis/OutputGH/OutputGH/IOScalar::CarpetIOScalar [1]: 5e-06 5e-06 13608 13608 0 13608 13608
main/Initialise/CallAnalysis/OutputGH/OutputGH/IOScalar::CarpetIOScalar [1]/OutputGH: 0 1e-06 2228 2228 0 2228 2228
main/Initialise/CallAnalysis/OutputGH/OutputGH/IOASCII::IOASCII_0D [2]/OutputGH<0>: 1e-06 1e-06 2302 2302 0 2302 2302
main/Initialise/CallAnalysis/OutputGH/OutputGH/IOASCII::IOASCII_0D [2]: 5e-06 5e-06 13468 13468 0 13468 13468
main/Initialise/CallAnalysis/OutputGH/OutputGH/IOASCII::IOASCII_1D [3]/OutputGH<1>: 0.001885 0.003884 5.26789e+06 5.26789e+06 0 5.26789e+06 5.26789e+06
main/Initialise/CallAnalysis/OutputGH/OutputGH/IOASCII::IOASCII_1D [3]: 0.00189 0.003889 5.27961e+06 5.27961e+06 0 5.27961e+06 5.27961e+06
main/Initialise/CallAnalysis/OutputGH/OutputGH/IOASCII::IOASCII_2D [4]/OutputGH<2>: 0 1e-06 2250 2250 0 2250 2250
main/Initialise/CallAnalysis/OutputGH/OutputGH/IOASCII::IOASCII_3D [5]/OutputGH<3>: 0 1e-06 1976 1976 0 1976 1976
main/Initialise/CallAnalysis/OutputGH/OutputGH/IOASCII::IOASCII_3D [5]: 5e-06 5e-06 13802 13802 0 13802 13802
main/Initialise/CallAnalysis/OutputGH/OutputGH/IOASCII::IOASCII_2D [4]: 6e-06 6e-06 16740 16740 0 16740 16740
main/Initialise/CallPostInitial/CCTK_POSTSTEP/CallFunction/thorns/Extract/Sync/comm_state[2].state_get_buffer_sizes.step: 2.5e-05 1.4e-05 51910 1996.54 1630.48 1556 2964
main/Initialise/CallPostInitial/CCTK_POSTSTEP/CallFunction/thorns/Extract/Sync/comm_state[3].state_fill_send_buffers.user: 1.9e-05 1.5e-05 44244 1701.69 309.77 1626 1848
main/Initialise/CallPostInitial/CCTK_POSTSTEP/CallFunction/thorns/Extract/Sync/comm_state[4].state_fill_send_buffers.step: 1.6e-05 1e-05 37854 1455.92 324.08 1328 1628
main/Initialise/CallPostInitial/CCTK_POSTSTEP/CallFunction/thorns/Extract/Sync/comm_state[5].state_do_some_work.user: 1.6e-05 1.3e-05 45934 1766.69 523.511 1582 2082
main/Initialise/CallPostInitial/CCTK_POSTSTEP/CallFunction/thorns/Extract/Sync/comm_state[6].state_do_some_work.step: 1.1e-05 1e-05 42704 1642.46 1200.02 1396 2392
main/Initialise/CallPostInitial/CCTK_POSTSTEP/CallFunction/thorns/Extract/Sync/comm_state[7].state_empty_recv_buffers.user: 1.3e-05 1.4e-05 42478 1633.77 308.575 1554 1830
main/Initialise/CallPostInitial/CCTK_POSTSTEP/CallFunction/thorns/Extract/Sync/comm_state[8].state_empty_recv_buffers.step: 1.4e-05 1.5e-05 44452 1709.69 841.597 1498 2200
main/Evolve/CallAnalysis/CCTK_POSTSTEP/CallFunction/thorns/Extract/Sync/comm_state[1].state_get_buffer_sizes.user: 4.8e-05 4.7e-05 120424 2315.85 3103.54 1810 3902
main/Evolve/CallAnalysis/CCTK_POSTSTEP/CallFunction/thorns/Extract/Sync/comm_state[0].create: 2.9e-05 3.1e-05 90042 1731.58 2177.44 1384 3066
main/Evolve/CallAnalysis/CCTK_POSTSTEP/CallFunction/thorns/Extract/Sync/comm_state[2].state_get_buffer_sizes.step: 3.5e-05 3.9e-05 104504 2009.69 1878.02 1708 2924
main/Evolve/CallAnalysis/CCTK_POSTSTEP/CallFunction/thorns/Extract/Sync/comm_state[3].state_fill_send_buffers.user: 3e-05 3.1e-05 87720 1686.92 486.057 1570 2036
main/Evolve/CallAnalysis/CCTK_POSTSTEP/CallFunction/thorns/Extract/Sync/comm_state[4].state_fill_send_buffers.step: 2.7e-05 2.7e-05 75372 1449.46 440.337 1348 1722
main/Evolve/CallAnalysis/CCTK_POSTSTEP/CallFunction/thorns/Extract/Sync/comm_state[5].state_do_some_work.user: 3e-05 2.9e-05 89102 1713.5 839.442 1600 2358
main/Evolve/CallAnalysis/CCTK_POSTSTEP/CallFunction/thorns/Extract/Sync/comm_state[6].state_do_some_work.step: 2.7e-05 2.8e-05 84034 1616.04 1151.05 1390 2244
main/Evolve/CallAnalysis/CCTK_POSTSTEP/CallFunction/thorns/Extract/Sync/comm_state[7].state_empty_recv_buffers.user: 2.8e-05 2.8e-05 84236 1619.92 301.051 1570 1748
main/Evolve/CallAnalysis/CCTK_POSTSTEP/CallFunction/thorns/Extract/Sync/comm_state[8].state_empty_recv_buffers.step: 3.1e-05 3e-05 93746 1802.81 6150.62 1528 7834
main/Evolve/CallAnalysis/CCTK_POSTSTEP/CallFunction/syncs: 7.2e-05 7e-05 196844 98422 66683 51270 145574
main/Evolve/CallAnalysis/CCTK_POSTSTEP/CallFunction/thorns/CarpetMaskSetup: 2.6e-05 2.7e-05 75054 37527 4334.56 34462 40592
main/Evolve/CallAnalysis/CCTK_POSTSTEP/CallFunction/syncs/Prolongate: 1e-06 2e-06 4012 2006 777.817 1456 2556
main/Evolve/CallAnalysis/CCTK_POSTSTEP/CallFunction/syncs/Sync: 5.7e-05 5.7e-05 158760 79380 53915.5 41256 117504
main/Evolve/CallAnalysis/CCTK_POSTSTEP/CallFunction/syncs/Sync/comm_state[1].state_get_buffer_sizes.user: 3e-06 2e-06 6862 3431 168.291 3312 3550
main/Evolve/CallAnalysis/CCTK_POSTSTEP/CallFunction/syncs/Sync/comm_state[0].create: 3e-06 3e-06 8314 4157 1757.87 2914 5400
main/Evolve/CallAnalysis/CCTK_POSTSTEP/CallFunction/thorns/setup_epsdis: 3.9e-05 3.8e-05 107482 53741 968.736 53056 54426
main/Evolve/CallAnalysis/CCTK_POSTSTEP/CallFunction/thorns/NaNChecker_TakeAction: 1e-06 2e-06 3644 1822 161.22 1708 1936
main/Evolve/CallAnalysis/CCTK_POSTSTEP/CallFunction/thorns/Extract/Prolongate: 5.7e-05 4.5e-05 81996 1576.85 1398.65 1248 2194
main/Evolve/CallAnalysis/CCTK_POSTSTEP/CallFunction/thorns/Extract/Sync: 0.000595 0.000588 1.65332e+06 31794.6 79548.3 27384 108836
main/Evolve/CallEvol/CCTK_EVOL/CallFunction/thorns/dissipation_add: 0.009152 0.01331 2.5617e+07 3.20212e+06 67450.6 3.16214e+06 3.23181e+06
main/Evolve/CallEvol/CCTK_EVOL/CallFunction/thorns/MoL_Add: 0.012619 0.025606 3.529e+07 4.41125e+06 475114 4.1883e+06 4.70581e+06
main/Evolve/CallEvol/CCTK_EVOL/CallFunction/thorns/MoL_DecrementCounter: 1.3e-05 1.5e-05 34336 4292 3043.61 3444 6170
main/Evolve/CallEvol/CCTK_EVOL/CallFunction/thorns/MoL_ResetTime: 1.1e-05 1.2e-05 30266 3783.25 1937.82 2620 4672
main/Evolve/CallEvol/CCTK_EVOL/CallFunction/thorns/ML_BSSN_EnforceEverywhere: 0.003442 0.007441 9.61911e+06 1.20239e+06 94180.3 1.1587e+06 1.24047e+06
main/Evolve/CallEvol/CCTK_EVOL/CallFunction/thorns/ML_BSSN_SelectBoundConds: 0.0002 0.0002 562674 70334.2 9111.52 65746 75722
main/Evolve/CallEvol/CCTK_EVOL/CallFunction/syncs: 0.000497 0.001491 1.38665e+06 69332.4 180939 40918 212346
main/Evolve/CallEvol/CCTK_EVOL/CallFunction/syncs/Sync: 0.000388 0.001385 1.07602e+06 53800.9 145077 33422 184566
main/Evolve/CallEvol/CCTK_EVOL/CallFunction/syncs/Sync/comm_state[1].state_get_buffer_sizes.user: 4.5e-05 4.3e-05 121572 6078.6 12330 2646 10278
main/Evolve/CallEvol/CCTK_EVOL/CallFunction/syncs/Sync/comm_state[0].create: 2.3e-05 2.3e-05 57460 2873 5029.09 1432 6234
main/Evolve/CallEvol/CCTK_EVOL/CallFunction/syncs/Sync/comm_state[2].state_get_buffer_sizes.step: 2.7e-05 2.4e-05 65154 3257.7 3653.13 2130 4574
main/Evolve/CallEvol/CCTK_EVOL/CallFunction/syncs/Sync/comm_state[3].state_fill_send_buffers.user: 2.6e-05 2.8e-05 71168 3558.4 7690.97 1782 5740
main/Evolve/CallEvol/CCTK_EVOL/CallFunction/syncs/Sync/comm_state[4].state_fill_send_buffers.step: 1.3e-05 1.4e-05 32242 1612.1 794.433 1352 1900
main/Evolve/CallEvol/CCTK_EVOL/CallFunction/syncs/Sync/comm_state[5].state_do_some_work.user: 2.6e-05 2.6e-05 68798 3439.9 7754.54 1608 5750
main/Evolve/CallEvol/CCTK_EVOL/CallFunction/syncs/Sync/comm_state[6].state_do_some_work.step: 2.3e-05 2e-05 57800 2890 3709.76 1632 5106
main/Evolve/CallEvol/CCTK_EVOL/CallFunction/syncs/Sync/comm_state[7].state_empty_recv_buffers.user: 2.4e-05 2.1e-05 69108 3455.4 7929.3 1638 6026
main/Evolve/CallEvol/CCTK_EVOL/CallFunction/syncs/Sync/comm_state[8].state_empty_recv_buffers.step: 2.4e-05 0.001021 64254 3212.7 22433.2 1704 25010
main/Evolve/CallEvol/CCTK_EVOL/CallFunction/thorns/Boundary_ApplyPhysicalBCs: 0.001077 0.002073 3.01093e+06 150547 1.4135e+06 13544 1.09578e+06
main/Evolve/CallEvol/CCTK_EVOL/CallFunction/thorns/CartGrid3D_ApplyBC: 7.1e-05 7.1e-05 194680 9734 10731.3 4778 12404
main/Evolve/CallEvol/CCTK_EVOL/CallFunction/thorns/ReflectionSymmetry_Apply: 0.001431 0.005482 4.00986e+06 200493 355159 24632 274664
main/Evolve/CallEvol/CCTK_EVOL/CallFunction/thorns/ML_BSSN_ADMBaseInterior: 0.009237 0.017245 2.58176e+07 3.22721e+06 161804 3.19061e+06 3.37611e+06
main/Evolve/CallEvol/CCTK_EVOL/CallFunction/thorns/Boundary_ClearSelection: 2.5e-05 2.4e-05 71018 3550.9 3427.31 2168 5014
main/Evolve/CallEvol/CCTK_EVOL/CallFunction/thorns/ML_BSSN_ADMBaseBoundaryScalar: 0.001319 0.002316 3.69259e+06 461574 35441.9 451074 493768
main/Evolve/CallEvol/CCTK_EVOL/CallFunction/thorns/ML_BSSN_ADMBaseEverywhere: 0.009701 0.017706 2.71204e+07 3.39006e+06 231498 3.30586e+06 3.57745e+06
main/Evolve/CallEvol/CCTK_EVOL/CallFunction/thorns/ML_BSSN_ADMBase_SelectBCs: 0.000129 0.001129 360380 45047.5 32824.7 38170 75162
main/Evolve/CallEvol/CCTK_EVOL/CallFunction/thorns/MoL_ResetDeltaTime: 1.2e-05 1.3e-05 32580 4072.5 2624.38 2602 5370
main/Evolve/CallEvol/CCTK_EVOL/CallFunction/syncs/Prolongate: 7e-06 4e-06 11170 1396.25 408.151 1240 1676
main/Evolve/CallEvol/CCTK_EVOL/CallFunction/thorns/MoL_FinishLoop: 1e-06 3e-06 5084 2542 791.96 1982 3102
main/Evolve/CallEvol/CCTK_EVOL/CallFunction/thorns/MoL_RestoreSandR: 5e-06 6e-06 15618 7809 1039.45 7074 8544
main/Evolve/CallEvol/CCTK_EVOL/CallFunction/thorns/MoL_FreeScratchSpace: 0.000547 0.000565 1.52677e+06 763385 42563.6 733288 793482
main/Evolve/CallAnalysis/CCTK_POSTSTEP/CallFunction/thorns/SphericalSurface_Set: 4e-06 5e-06 13378 6689 318.198 6464 6914
main/Evolve/CallAnalysis/CCTK_POSTSTEP/CallFunction/thorns/Extract: 0.095221 0.171952 2.66002e+08 1.33001e+08 225386 1.32842e+08 1.3316e+08
main/Evolve/CallAnalysis/CCTK_POSTSTEP/CallFunction/thorns/NaNChecker_NaNCheck_Prepare: 5e-06 5e-06 12490 6245 1070.56 5488 7002
main/Evolve/CallAnalysis/CCTK_POSTSTEP/CallFunction/syncs/Sync/comm_state[2].state_get_buffer_sizes.step: 2e-06 2e-06 6898 3449 9.89949 3442 3456
main/Evolve/CallAnalysis/CCTK_POSTSTEP/CallFunction/syncs/Sync/comm_state[3].state_fill_send_buffers.user: 1e-06 2e-06 3158 1579 18.3848 1566 1592
main/Evolve/CallAnalysis/CCTK_POSTSTEP/CallFunction/syncs/Sync/comm_state[4].state_fill_send_buffers.step: 0 2e-06 3480 1740 76.3675 1686 1794
main/Evolve/CallAnalysis/CCTK_POSTSTEP/CallFunction/syncs/Sync/comm_state[5].state_do_some_work.user: 1e-06 2e-06 3134 1567 29.6985 1546 1588
main/Evolve/CallAnalysis/CCTK_POSTSTEP/CallFunction/syncs/Sync/comm_state[6].state_do_some_work.step: 2e-06 3e-06 6564 3282 127.279 3192 3372
main/Evolve/CallAnalysis/CCTK_POSTSTEP/CallFunction/syncs/Sync/comm_state[7].state_empty_recv_buffers.user: 1e-06 0 3106 1553 69.2965 1504 1602
main/Evolve/CallAnalysis/CCTK_POSTSTEP/CallFunction/syncs/Sync/comm_state[8].state_empty_recv_buffers.step: 2e-06 2e-06 4972 2486 313.955 2264 2708
main/Evolve/CallAnalysis/CCTK_POSTSTEP/CallFunction/thorns/MaskBase_AllocateMask: 7.3e-05 7.2e-05 204644 102322 1516.04 101250 103394
main/Evolve/CallAnalysis/CCTK_CHECKPOINT: 6e-06 6e-06 17322 8661 428.507 8358 8964
main/Evolve/CallAnalysis/CCTK_POSTSTEP/CallFunction/thorns/MaskBase_InitMask: 0.000194 0.000192 542152 271076 74905.2 218110 324042
main/Evolve/CallAnalysis/CCTK_POSTSTEP/CallFunction/thorns/CoordBase_SetupMask: 0.000265 0.000262 742676 371338 11718.2 363052 379624
main/Evolve/CallAnalysis/CCTK_POSTSTEP/CallFunction/thorns/CarpetExcludedSetup: 4e-06 6e-06 14550 7275 705.693 6776 7774
main/Evolve/CallAnalysis/CCTK_POSTSTEP/CallFunction/thorns/CarpetSurfaceSetup: 6e-06 7e-06 16390 8195 1706.96 6988 9402
main/Evolve/CallAnalysis/CCTK_POSTSTEP/CallFunction/thorns/MaskBase_SetMask: 0.000221 0.000218 618542 309271 5655.44 305272 313270
main/Evolve/CallAnalysis/CCTK_POSTSTEP/CallFunction/thorns/NaNChecker_NaNCheck_Check: 0.044382 0.087531 1.23991e+08 6.19953e+07 288989 6.1791e+07 6.21997e+07
main/Evolve/CallAnalysis/CCTK_POSTSTEP/CallFunction/thorns/NaNChecker_NaNCheck_Finish: 2e-05 2e-05 55098 27549 343.654 27306 27792
main/Evolve/CallAnalysis/OutputGH/OutputGH/IOScalar::CarpetIOScalar [1]: 8e-06 8e-06 21052 10526 5509.78 6630 14422
main/Evolve/CallAnalysis/OutputGH/OutputGH/IOScalar::CarpetIOScalar [1]/OutputGH: 2e-06 1e-06 4568 2284 172.534 2162 2406
main/Evolve/CallAnalysis/OutputGH/OutputGH/IOASCII::IOASCII_0D [2]/OutputGH<0>: 2e-06 2e-06 5190 2595 312.541 2374 2816
main/Evolve/CallAnalysis/OutputGH/OutputGH/IOASCII::IOASCII_0D [2]: 8e-06 7e-06 23664 11832 5161.88 8182 15482
main/Evolve/CallAnalysis/OutputGH/OutputGH/IOASCII::IOASCII_1D [3]/OutputGH<1>: 0.003537 0.005559 9.88581e+06 4.9429e+06 70815.3 4.89283e+06 4.99298e+06
main/Evolve/CallAnalysis/OutputGH/OutputGH/IOASCII::IOASCII_1D [3]: 0.003547 0.005567 9.9051e+06 4.95255e+06 65739.7 4.90607e+06 4.99904e+06
main/Evolve/CallAnalysis/OutputGH/OutputGH/IOASCII::IOASCII_2D [4]/OutputGH<2>: 2e-06 3e-06 5724 2862 121.622 2776 2948
main/Evolve/CallAnalysis/OutputGH/OutputGH/IOASCII::IOASCII_2D [4]: 9e-06 9e-06 24986 12493 6687.82 7764 17222
main/Evolve/CallAnalysis/OutputGH/OutputGH/IOASCII::IOASCII_3D [5]/OutputGH<3>: 7e-06 7e-06 16960 8480 9144.3 2014 14946
main/Evolve/CallAnalysis/OutputGH/OutputGH/IOASCII::IOASCII_3D [5]: 1.4e-05 1.4e-05 38722 19361 18657.7 6168 32554
main/Shutdown: 0.000164 0.00016 457956 457956 0 457956 457956
main/Shutdown/CallFunction/thorns/LC_statistics_terminate: 1e-06 1e-06 2836 2836 0 2836 2836
main/Shutdown/CallFunction/thorns/MoL_FreeIndexArrays: 3e-06 2e-06 7074 7074 0 7074 7074
main/Shutdown/CallFunction/thorns: 1.4e-05 1.4e-05 41974 20987 3084.4 18806 23168
main/Shutdown/CallFunction: 7.5e-05 7.4e-05 210664 105332 14922.8 94780 115884
main/Evolve/CallAnalysis/CCTK_POSTSTEP/CallFunction/thorns/MaskBase_TestMask: 0.000162 0.00016 452694 226347 7714.53 220892 231802
main/Evolve/CallAnalysis/CCTK_ANALYSIS/CallFunction/thorns: 2.1e-05 2.1e-05 55400 9233.33 11137.6 4638 15648
main/Evolve/CallAnalysis/CCTK_ANALYSIS: 0.000276 0.001275 770878 385439 1197.84 384592 386286
main/Evolve/CallAnalysis/CCTK_ANALYSIS/CallFunction: 0.000235 0.001234 657674 109612 292633 17884 297518
main/Evolve/CallAnalysis/CCTK_ANALYSIS/CallFunction/thorns/CarpetLib_printtimestats: 2e-06 2e-06 5318 2659 654.781 2196 3122
main/Evolve/CallAnalysis/OutputGH: 0.00371 0.00673 1.0362e+07 5.18102e+06 50938.6 5.145e+06 5.21704e+06
main/Evolve/CallAnalysis/CCTK_ANALYSIS/CallFunction/thorns/CarpetLib_printmemstats: 1e-06 0 3414 1707 18.3848 1694 1720
main/Evolve/CallAnalysis/CCTK_ANALYSIS/CallFunction/thorns/LC_statistics_analysis: 1e-06 1e-06 4012 2006 14.1421 1996 2016
main/Evolve/CallAnalysis/OutputGH/OutputGH: 0.003702 0.006721 1.03423e+07 5.17114e+06 45669.2 5.13884e+06 5.20343e+06
main/Evolve/CallAnalysis/OutputGH/OutputGH/IOBasic::CarpetIOBasic [0]: 7.2e-05 7.2e-05 200314 100157 11360.4 92124 108190
main/Evolve/CallAnalysis/OutputGH/OutputGH/IOBasic::CarpetIOBasic [0]/OutputGH: 6.5e-05 6.5e-05 183758 91879 5562.1 87946 95812

--------------------------------------------------------------------------------
Done.
+ echo Stopping:
Stopping:
+ date
Thu Jun  4 16:55:04 UTC 2026
+ echo Done.
Done.
  Elapsed time: 2.8 s
