/home/runner/simulations/TestJob01_temp_2/output-0000/TEST/sim/Carpet
Preparing:
+ set -e
+ cd output-0000-active
+ echo Checking:
Checking:
+ pwd
/home/runner/simulations/TestJob01_temp_2/output-0000/TEST/sim/Carpet/output-0000-active
+ hostname
runnervm3jyl0
+ date
Mon Jun  8 21:11:03 UTC 2026
+ echo Environment:
Environment:
+ export CACTUS_NUM_PROCS=2
+ CACTUS_NUM_PROCS=2
+ export CACTUS_NUM_THREADS=1
+ CACTUS_NUM_THREADS=1
+ export GMON_OUT_PREFIX=gmon.out
+ GMON_OUT_PREFIX=gmon.out
+ export OMP_NUM_THREADS=1
+ OMP_NUM_THREADS=1
+ env
+ sort
+ echo Starting:
Starting:
++ date +%s
+ export CACTUS_STARTTIME=1780953063
+ CACTUS_STARTTIME=1780953063
+ '[' 2 = 1 ']'
+ mpirun -np 2 /home/runner/simulations/TestJob01_temp_2/SIMFACTORY/exe/cactus_sim -L 3 /home/runner/simulations/TestJob01_temp_2/output-0000/arrangements/Carpet/Carpet/test/kasner.par
INFO (Cactus): Increased logging level from 0 to 3
--------------------------------------------------------------------------------

       10                                  
  1   0101       ************************  
  01  1010 10      The Cactus Code V4.20.0    
 1010 1101 011      www.cactuscode.org     
  1001 100101    ************************  
    00010101                               
     100011     (c) Copyright The Authors  
      0100      GNU Licensed. No Warranty  
      0101                                 
--------------------------------------------------------------------------------

Cactus version:    4.20.0
Compile date:      Jun 08 2026 (20:46:47)
Run date:          Jun 08 2026 (21:11:04+0000)
Run host:          runnervm3jyl0.n2dx4ogtjqduzjbfskz3cy5awf.phxx.internal.cloudapp.net (pid=180586)
Working directory: /home/runner/simulations/TestJob01_temp_2/output-0000/TEST/sim/Carpet
Executable:        /home/runner/simulations/TestJob01_temp_2/SIMFACTORY/exe/cactus_sim
Parameter file:    /home/runner/simulations/TestJob01_temp_2/output-0000/arrangements/Carpet/Carpet/test/kasner.par
--------------------------------------------------------------------------------

Activating thorn Cactus...Success -> active implementation Cactus
Activation requested for 
--->Boundary CartGrid3D CoordBase Slab SymBase Periodic IOUtil Carpet CarpetLib CarpetInterp LoopControl CarpetReduce CarpetSlab SphericalSurface ADMBase AEILocalInterp Fortran GenericFD HDF5 InitBase LocalInterp TGRtensor MoL Time ADMMacros CoordGauge SpaceMask StaticConformal TmunuBase Exact ML_BSSN ML_BSSN_Helper ML_ADMConstraints NaNChecker CarpetIOBasic CarpetIOScalar CarpetIOASCII CarpetIOHDF5<---
Thorn Carpet requests automatic activation of MPI
Thorn Carpet requests automatic activation of Timers
Thorn CarpetLib requests automatic activation of Vectors
Thorn CarpetLib requests automatic activation of Boost
Thorn CarpetLib requests automatic activation of CycleClock
Thorn HDF5 requests automatic activation of zlib
Thorn LoopControl requests automatic activation of hwloc
Thorn TGRtensor requests automatic activation of LAPACK
Thorn LAPACK requests automatic activation of BLAS
Activating thorn ADMBase...Success -> active implementation ADMBase
Activating thorn ADMMacros...Success -> active implementation ADMMacros
Activating thorn AEILocalInterp...Success -> active implementation AEILocalInterp
Activating thorn BLAS...Success -> active implementation BLAS
Activating thorn Boost...Success -> active implementation Boost
Activating thorn Boundary...Success -> active implementation boundary
Activating thorn Carpet...Success -> active implementation Driver
Activating thorn CarpetInterp...Success -> active implementation interp
Activating thorn CarpetIOASCII...Success -> active implementation IOASCII
Activating thorn CarpetIOBasic...Success -> active implementation IOBasic
Activating thorn CarpetIOHDF5...Success -> active implementation IOHDF5
Activating thorn CarpetIOScalar...Success -> active implementation IOScalar
Activating thorn CarpetLib...Success -> active implementation CarpetLib
Activating thorn CarpetReduce...Success -> active implementation reduce
Activating thorn CarpetSlab...Success -> active implementation Hyperslab
Activating thorn CartGrid3D...Success -> active implementation grid
Activating thorn CoordBase...Success -> active implementation CoordBase
Activating thorn CoordGauge...Success -> active implementation CoordGauge
Activating thorn CycleClock...Success -> active implementation CycleClock
Activating thorn Exact...Success -> active implementation exact
Activating thorn Fortran...Success -> active implementation Fortran
Activating thorn GenericFD...Success -> active implementation GenericFD
Activating thorn HDF5...Success -> active implementation HDF5
Activating thorn hwloc...Success -> active implementation hwloc
Activating thorn InitBase...Success -> active implementation InitBase
Activating thorn IOUtil...Success -> active implementation IO
Activating thorn LAPACK...Success -> active implementation LAPACK
Activating thorn LocalInterp...Success -> active implementation LocalInterp
Activating thorn LoopControl...Success -> active implementation LoopControl
Activating thorn ML_ADMConstraints...Success -> active implementation ML_ADMConstraints
Activating thorn ML_BSSN...Success -> active implementation ML_BSSN
Activating thorn ML_BSSN_Helper...Success -> active implementation ML_BSSN_Helper
Activating thorn MoL...Success -> active implementation MethodOfLines
Activating thorn MPI...Success -> active implementation MPI
Activating thorn NaNChecker...Success -> active implementation NaNChecker
Activating thorn Periodic...Success -> active implementation Periodic
Activating thorn Slab...Success -> active implementation Slab
Activating thorn SpaceMask...Success -> active implementation SpaceMask
Activating thorn SphericalSurface...Success -> active implementation SphericalSurface
Activating thorn StaticConformal...Success -> active implementation StaticConformal
Activating thorn SymBase...Success -> active implementation SymBase
Activating thorn TGRtensor...Success -> active implementation TGRtensor
Activating thorn Time...Success -> active implementation time
Activating thorn Timers...Success -> active implementation Timers
Activating thorn TmunuBase...Success -> active implementation TmunuBase
Activating thorn Vectors...Success -> active implementation Vectors
Activating thorn zlib...Success -> active implementation zlib
--------------------------------------------------------------------------------
  if (recover initial data)
    Recover parameters
  endif

  Startup routines
    [CCTK_STARTUP]
      Carpet::MultiModel_Startup: Multi-model Startup routine
      CycleClock::CycleClock_Setup: Set up CycleClock
      LoopControl::LC_setup: Set up LoopControl
      ML_BSSN_Helper::ML_BSSN_SetGroupTags: [meta] Set checkpointing and prolongation group tags
      Timers::Timer_Startup: Prepare hierarchical timers
      Carpet::Driver_Startup: Startup routine
      IOUtil::IOUtil_Startup: Startup routine
      CarpetInterp::CarpetInterpStartup: Startup routine
      CarpetReduce::CarpetReduceStartup: Startup routine
      CartGrid3D::SymmetryStartup: Register GH Extension for GridSymmetry
      CoordBase::CoordBase_Startup: Register a GH extension to store the coordinate system handles
      AEILocalInterp::AEILocalInterp_U_Startup: register CCTK_InterpLocalUniform() interpolation operators
      CarpetIOASCII::CarpetIOASCIIStartup: [global] Startup routine
      LocalInterp::LocalInterp_Startup: register LocalInterp's interpolation operators
      CarpetIOBasic::CarpetIOBasicStartup: [global] Startup routine
      ML_ADMConstraints::ML_ADMConstraints_Startup: [meta] create banner
      ML_BSSN::ML_BSSN_Startup: [meta] create banner
      ML_BSSN_Helper::ML_BSSN_RegisterSlicing: [meta] Register slicing
      CarpetIOHDF5::CarpetIOHDF5_Startup: Startup routine
      MoL::MoL_Startup: Startup banner
      Slab::Slab_InitMPIDatatypes: Create MPI datatypes for complex variables in C
      SymBase::SymBase_Startup: Register GH Extension for SymBase
      CarpetIOScalar::CarpetIOScalarStartup: [global] Startup routine
      Vectors::Vectors_Startup: Print startup message
      GROUP hwloc_startup: hwloc startup group
        hwloc::hwloc_version: Output hwloc version

  Startup routines which need an existing grid hierarchy
    [CCTK_WRAGH]
      ADMBase::Einstein_InitSymBound: [global] Set up GF symmetries
      Boundary::Boundary_RegisterBCs: [global] Register boundary conditions that this thorn provides
      CartGrid3D::RegisterCartGrid3DCoords: [meta] Register coordinates for the Cartesian grid
      CoordGauge::Einstein_ActivateSlicing: Initialize slicing, setup priorities for mixed slicings
      CoordGauge::Einstein_SetNextSlicing: Identify the slicing for the next iteration
      ML_BSSN_Helper::ML_BSSN_ParamCompat: [meta] Handle parameter backward compatibility
      MoL::MoL_SetupIndexArrays: Set up the MoL bookkeeping index arrays
      MoL::MoL_SetScheduleStatus: [global] Set the flag so it is ok to register with MoL
      TmunuBase::TmunuBase_SetStressEnergyState: [global] Set the stress_energy_state variable
      GROUP MoL_Register: The group where physics thorns register variables with MoL
        ML_ADMConstraints::ML_ADMConstraints_RegisterVars: [meta] Register Variables for MoL
        ML_BSSN::ML_BSSN_RegisterVars: [meta] Register Variables for MoL
        ML_BSSN_Helper::ML_BSSN_RegisterConstrained: [meta] Register ADMBase variables as constrained
      Slab::Slab_InitTimers: Initialise timers
      GROUP SymBase_Wrapper: Wrapper group for SymBase
        GROUP SymmetryRegister: Register your symmetries here
          CartGrid3D::CartGrid3D_RegisterSymmetryBoundaries: [meta] Register symmetry boundaries
          ML_ADMConstraints::ML_ADMConstraints_RegisterSymmetries: [meta] register symmetries
          ML_BSSN::ML_BSSN_RegisterSymmetries: [meta] register symmetries
          Periodic::Periodic_RegisterBC: Register periodic boundary conditions
        SymBase::SymBase_Statistics: Print symmetry boundary face descriptions
      MoL::MoL_ReportNumberVariables: [meta] Report how many of each type of variable there are
  Parameter checking routines
    [CCTK_PARAMCHECK]
      ADMBase::ADMBase_ParamCheck: [global] Check consistency of parameters
      Boundary::Boundary_Check: Check dimension of grid variables
      Carpet::CarpetParamCheck: Parameter checking routine
      CarpetLib::CarpetLib_test_prolongate_3d_rf2: [global] Test prolongation operators
      CartGrid3D::ParamCheck_CartGrid3D: Check coordinates for CartGrid3D
      Exact::Exact_ParamCheck: [global] do consistency checks on our parameters
      Fortran::CheckFortranParameters: Test whether Fortran parameters work correctly
      ML_BSSN_Helper::ML_BSSN_ParamCheck: [meta] Check parameters
      MoL::MoL_ParamCheck: Basic parameter checking
      SphericalSurface::SphericalSurface_ParamCheck: [global] Check that all surface names are unique
      TmunuBase::TmunuBase_ParamCheck: [global] Check that no deprecated parameters are used.
      Vectors::Vectors_Test: Run correctness tests.

  Initialisation
    if (NOT (recover initial data AND recovery_mode is 'strict'))
      [CCTK_PREREGRIDINITIAL]
      Set up grid hierarchy
      [CCTK_POSTREGRIDINITIAL]
        CartGrid3D::SpatialCoordinates: Set Coordinates after regridding
        GROUP MaskBase_SetupMask: Set up the weight function
          GROUP MaskBase_SetupMaskAll: Set up the weight function
            CarpetReduce::MaskBase_AllocateMask: [global] Allocate the weight function
            CarpetReduce::MaskBase_InitMask: [global] [loop-local] Initialise the weight function
            GROUP SetupIMaskInternal: Set up the integer weight function (schedule other routines in here)
              CarpetReduce::CoordBase_SetupMask: [global] [loop-local] Set up the outer boundaries of the weight function
              CarpetReduce::CarpetMaskSetup: [global] [loop-singlemap] Set up the weight function for the restriction regions
            GROUP SetupIMask: Set up the integer weight function (schedule other routines in here)
            CarpetReduce::MaskBase_SetMask: [global] [loop-local] Set the weight function
            GROUP SetupMask: Set up the real weight function (schedule other routines in here)
            CarpetReduce::MaskBase_TestMask: [global] Test the weight function
        GROUP MoL_PseudoEvolutionBoundaries: Apply boundary conditions to pseudo-evolved quantities
          GROUP ML_ADMConstraints_evaluate_bc_group: ML_ADMConstraints_evaluate
            ML_ADMConstraints::ML_ADMConstraints_evaluate_SelectBCs: [level] ML_ADMConstraints_evaluate_SelectBCs
            GROUP ML_ADMConstraints_evaluate_ApplyBCs: Apply BCs for groups set in ML_ADMConstraints_evaluate
              GROUP BoundaryConditions: Execute all boundary conditions
                Boundary::Boundary_ApplyPhysicalBCs: Apply all requested local physical boundary conditions
                CartGrid3D::CartGrid3D_ApplyBC: Apply symmetry boundary conditions
                Periodic::Periodic_ApplyBC: Apply periodic boundary conditions
              Boundary::Boundary_ClearSelection: [level] Unselect all grid variables for boundary conditions
          GROUP ML_BSSN_ConstraintsEverywhere_bc_group: ML_BSSN_ConstraintsEverywhere
            ML_BSSN::ML_BSSN_ConstraintsEverywhere_SelectBCs: [level] ML_BSSN_ConstraintsEverywhere_SelectBCs
            GROUP ML_BSSN_ConstraintsEverywhere_ApplyBCs: Apply BCs for groups set in ML_BSSN_ConstraintsEverywhere
              GROUP BoundaryConditions: Execute all boundary conditions
                Boundary::Boundary_ApplyPhysicalBCs: Apply all requested local physical boundary conditions
                CartGrid3D::CartGrid3D_ApplyBC: Apply symmetry boundary conditions
                Periodic::Periodic_ApplyBC: Apply periodic boundary conditions
              Boundary::Boundary_ClearSelection: [level] Unselect all grid variables for boundary conditions
          GROUP ML_BSSN_ConstraintsInterior_bc_group: ML_BSSN_ConstraintsInterior
            ML_BSSN::ML_BSSN_ConstraintsInterior_SelectBCs: [level] ML_BSSN_ConstraintsInterior_SelectBCs
            GROUP ML_BSSN_ConstraintsInterior_ApplyBCs: Apply BCs for groups set in ML_BSSN_ConstraintsInterior
              GROUP BoundaryConditions: Execute all boundary conditions
                Boundary::Boundary_ApplyPhysicalBCs: Apply all requested local physical boundary conditions
                CartGrid3D::CartGrid3D_ApplyBC: Apply symmetry boundary conditions
                Periodic::Periodic_ApplyBC: Apply periodic boundary conditions
              Boundary::Boundary_ClearSelection: [level] Unselect all grid variables for boundary conditions
      [CCTK_BASEGRID]
        ADMBase::ADMBase_SetShiftStateOn: Set the shift_state variable to 1
        ADMBase::ADMBase_SetDtLapseStateOn: Set the dtlapse_state variable to 1
        ADMBase::ADMBase_SetDtShiftStateOn: Set the dtshift_state variable to 1
        ADMMacros::ADMMacros_SetLocalSpatialOrder: Initialize the local_spatial_order
        CartGrid3D::SpatialSpacings: Set up ranges for spatial 3D Cartesian coordinates (on all grids)
        CartGrid3D::SpatialCoordinates: Set up spatial 3D Cartesian coordinates on the GH
        SphericalSurface::SphericalSurface_SetupRes: [global] [loop-local] Set surface resolution automatically
        ML_ADMConstraints::ML_ADMConstraints_CheckBoundaries: [meta] check boundaries treatment
        ML_BSSN::ML_BSSN_CheckBoundaries: [meta] check boundaries treatment
        NaNChecker::NaNChecker_ResetCounter: [global] Reset the NaNChecker::NaNsFound counter
        SphericalSurface::SphericalSurface_Setup: [global] Calculate surface coordinate descriptors
        GROUP MaskBase_SetupMask: Set up the weight function
          GROUP MaskBase_SetupMaskAll: Set up the weight function
            CarpetReduce::MaskBase_AllocateMask: [global] Allocate the weight function
            CarpetReduce::MaskBase_InitMask: [global] [loop-local] Initialise the weight function
            GROUP SetupIMaskInternal: Set up the integer weight function (schedule other routines in here)
              CarpetReduce::CoordBase_SetupMask: [global] [loop-local] Set up the outer boundaries of the weight function
              CarpetReduce::CarpetMaskSetup: [global] [loop-singlemap] Set up the weight function for the restriction regions
            GROUP SetupIMask: Set up the integer weight function (schedule other routines in here)
            CarpetReduce::MaskBase_SetMask: [global] [loop-local] Set the weight function
            GROUP SetupMask: Set up the real weight function (schedule other routines in here)
            CarpetReduce::MaskBase_TestMask: [global] Test the weight function
        SphericalSurface::SphericalSurface_Set: [global] Set surface radii to be used for initial setup in other thorns
        GROUP SphericalSurface_HasBeenSet: Set the spherical surfaces before this group, and use it afterwards
          SphericalSurface::SphericalSurface_CheckState: [global] Test the state of the spherical surfaces
        SymBase::SymBase_Check: Check whether the driver set up the grid consistently
        Time::Time_Initialise: [global] Initialise Time variables
        Time::TemporalSpacings: [singlemap] Set timestep based on Courant condition (courant_static)
      [CCTK_INITIAL]
        StaticConformal::StaticConformal_InitialiseState: Set the conformal_state variable to 0
        GROUP ADMBase_InitialData: Schedule group for calculating ADM initial data
          Exact::Exact__decode_pars: decode/copy thorn Exact parameters into grid scalars
          Exact::Exact__initialize: Set initial data from exact solution on a trivial slice
        GROUP ADMBase_InitialGauge: Schedule group for the ADM initial gauge condition
          ADMBase::ADMBase_LapseOne: Set the lapse to 1 at all points
          ADMBase::ADMBase_ShiftZero: Set the shift to 0 at all points
          ADMBase::ADMBase_DtLapseZero: Set the dtlapse to 0 at all points
          ADMBase::ADMBase_DtShiftZero: Set the dtshift to 0 at all points
        CarpetIOASCII::CarpetIOASCIIInit: [global] Initialisation routine
        CarpetIOBasic::CarpetIOBasicInit: [global] Initialisation routine
        CarpetIOHDF5::CarpetIOHDF5_Init: [global] Initialisation routine
        CarpetIOScalar::CarpetIOScalarInit: [global] Initialisation routine
        GROUP ADMBase_PostInitial: Schedule group for modifying the ADM initial data, such as e.g. adding noise
        ML_BSSN::ML_BSSN_InitialADMBase1Everywhere: ML_BSSN_InitialADMBase1Everywhere
        ML_BSSN::ML_BSSN_InitialADMBase2BoundaryScalar: ML_BSSN_InitialADMBase2BoundaryScalar
        MoL::MoL_StartLoop: [level] Initialise the step size control
        ML_BSSN::ML_BSSN_InitialADMBase2Interior: ML_BSSN_InitialADMBase2Interior
      [CCTK_POSTINITIAL]
        CarpetIOHDF5::CarpetIOHDF5_CloseFiles: [global] Close all filereader input files
        GROUP MoL_PostStepModify: The group for physics thorns to schedule enforcing constraints
          ML_BSSN::ML_BSSN_EnforceEverywhere: ML_BSSN_EnforceEverywhere
        GROUP MoL_PostStep: Ensure that everything is correct after the initial data have been set up
          ADMBase::ADMBase_Boundaries: [level] Select ADMBase boundary conditions - may be required for mesh refinement
          GROUP ADMBase_ApplyBCs: Apply the boundary conditions of ADMBase
            GROUP BoundaryConditions: Execute all boundary conditions
              Boundary::Boundary_ApplyPhysicalBCs: Apply all requested local physical boundary conditions
              CartGrid3D::CartGrid3D_ApplyBC: Apply symmetry boundary conditions
              Periodic::Periodic_ApplyBC: Apply periodic boundary conditions
            Boundary::Boundary_ClearSelection: [level] Unselect all grid variables for boundary conditions
          ML_BSSN::ML_BSSN_SelectBoundConds: [level] select boundary conditions
          ML_ADMConstraints::ML_ADMConstraints_SelectBoundConds: [level] select boundary conditions
          GROUP ML_ADMConstraints_ApplyBCs: Apply boundary conditions controlled by thorn Boundary
            GROUP BoundaryConditions: Execute all boundary conditions
              Boundary::Boundary_ApplyPhysicalBCs: Apply all requested local physical boundary conditions
              CartGrid3D::CartGrid3D_ApplyBC: Apply symmetry boundary conditions
              Periodic::Periodic_ApplyBC: Apply periodic boundary conditions
            Boundary::Boundary_ClearSelection: [level] Unselect all grid variables for boundary conditions
          GROUP ML_BSSN_ApplyBCs: Apply boundary conditions controlled by thorn Boundary
            GROUP BoundaryConditions: Execute all boundary conditions
              Boundary::Boundary_ApplyPhysicalBCs: Apply all requested local physical boundary conditions
              CartGrid3D::CartGrid3D_ApplyBC: Apply symmetry boundary conditions
              Periodic::Periodic_ApplyBC: Apply periodic boundary conditions
            Boundary::Boundary_ClearSelection: [level] Unselect all grid variables for boundary conditions
          ML_BSSN::ML_BSSN_ADMBaseInterior: ML_BSSN_ADMBaseInterior
          ML_BSSN::ML_BSSN_ADMBaseBoundaryScalar: ML_BSSN_ADMBaseBoundaryScalar
          ML_BSSN::ML_BSSN_ADMBaseEverywhere: ML_BSSN_ADMBaseEverywhere
          ML_BSSN_Helper::ML_BSSN_ADMBase_SelectBCs: [level] Select boundary conditions for ADMBase variables
          GROUP ML_BSSN_ADMBase_ApplyBCs: Apply boundary conditions to ADMBase variables
            GROUP BoundaryConditions: Execute all boundary conditions
              Boundary::Boundary_ApplyPhysicalBCs: Apply all requested local physical boundary conditions
              CartGrid3D::CartGrid3D_ApplyBC: Apply symmetry boundary conditions
              Periodic::Periodic_ApplyBC: Apply periodic boundary conditions
            Boundary::Boundary_ClearSelection: [level] Unselect all grid variables for boundary conditions
          GROUP ADMBase_SetADMVars: Set the ADM variables before this group, and use them afterwards
        GROUP MoL_PseudoEvolution: Calculate pseudo-evolved quantities
          GROUP ADMBase_SetADMVars: Set the ADM variables before this group, and use them afterwards
          GROUP ML_ADMConstraints_evaluate_group: ML_ADMConstraints_evaluate
            ML_ADMConstraints::ML_ADMConstraints_evaluate: ML_ADMConstraints_evaluate
            GROUP ML_ADMConstraints_evaluate_bc_group: ML_ADMConstraints_evaluate
              ML_ADMConstraints::ML_ADMConstraints_evaluate_SelectBCs: [level] ML_ADMConstraints_evaluate_SelectBCs
              GROUP ML_ADMConstraints_evaluate_ApplyBCs: Apply BCs for groups set in ML_ADMConstraints_evaluate
                GROUP BoundaryConditions: Execute all boundary conditions
                  Boundary::Boundary_ApplyPhysicalBCs: Apply all requested local physical boundary conditions
                  CartGrid3D::CartGrid3D_ApplyBC: Apply symmetry boundary conditions
                  Periodic::Periodic_ApplyBC: Apply periodic boundary conditions
                Boundary::Boundary_ClearSelection: [level] Unselect all grid variables for boundary conditions
          GROUP ML_BSSN_ConstraintsEverywhere_group: ML_BSSN_ConstraintsEverywhere
            ML_BSSN::ML_BSSN_ConstraintsEverywhere: ML_BSSN_ConstraintsEverywhere
            GROUP ML_BSSN_ConstraintsEverywhere_bc_group: ML_BSSN_ConstraintsEverywhere
              ML_BSSN::ML_BSSN_ConstraintsEverywhere_SelectBCs: [level] ML_BSSN_ConstraintsEverywhere_SelectBCs
              GROUP ML_BSSN_ConstraintsEverywhere_ApplyBCs: Apply BCs for groups set in ML_BSSN_ConstraintsEverywhere
                GROUP BoundaryConditions: Execute all boundary conditions
                  Boundary::Boundary_ApplyPhysicalBCs: Apply all requested local physical boundary conditions
                  CartGrid3D::CartGrid3D_ApplyBC: Apply symmetry boundary conditions
                  Periodic::Periodic_ApplyBC: Apply periodic boundary conditions
                Boundary::Boundary_ClearSelection: [level] Unselect all grid variables for boundary conditions
          GROUP ML_BSSN_ConstraintsInterior_group: ML_BSSN_ConstraintsInterior
            ML_BSSN::ML_BSSN_ConstraintsInterior: ML_BSSN_ConstraintsInterior
            GROUP ML_BSSN_ConstraintsInterior_bc_group: ML_BSSN_ConstraintsInterior
              ML_BSSN::ML_BSSN_ConstraintsInterior_SelectBCs: [level] ML_BSSN_ConstraintsInterior_SelectBCs
              GROUP ML_BSSN_ConstraintsInterior_ApplyBCs: Apply BCs for groups set in ML_BSSN_ConstraintsInterior
                GROUP BoundaryConditions: Execute all boundary conditions
                  Boundary::Boundary_ApplyPhysicalBCs: Apply all requested local physical boundary conditions
                  CartGrid3D::CartGrid3D_ApplyBC: Apply symmetry boundary conditions
                  Periodic::Periodic_ApplyBC: Apply periodic boundary conditions
                Boundary::Boundary_ClearSelection: [level] Unselect all grid variables for boundary conditions
      Initialise finer grids recursively
      Restrict from finer grids
      [CCTK_POSTRESTRICTINITIAL]
        GROUP MoL_PostStep: Ensure that everything is correct after restriction
          ADMBase::ADMBase_Boundaries: [level] Select ADMBase boundary conditions - may be required for mesh refinement
          GROUP ADMBase_ApplyBCs: Apply the boundary conditions of ADMBase
            GROUP BoundaryConditions: Execute all boundary conditions
              Boundary::Boundary_ApplyPhysicalBCs: Apply all requested local physical boundary conditions
              CartGrid3D::CartGrid3D_ApplyBC: Apply symmetry boundary conditions
              Periodic::Periodic_ApplyBC: Apply periodic boundary conditions
            Boundary::Boundary_ClearSelection: [level] Unselect all grid variables for boundary conditions
          ML_BSSN::ML_BSSN_SelectBoundConds: [level] select boundary conditions
          ML_ADMConstraints::ML_ADMConstraints_SelectBoundConds: [level] select boundary conditions
          GROUP ML_ADMConstraints_ApplyBCs: Apply boundary conditions controlled by thorn Boundary
            GROUP BoundaryConditions: Execute all boundary conditions
              Boundary::Boundary_ApplyPhysicalBCs: Apply all requested local physical boundary conditions
              CartGrid3D::CartGrid3D_ApplyBC: Apply symmetry boundary conditions
              Periodic::Periodic_ApplyBC: Apply periodic boundary conditions
            Boundary::Boundary_ClearSelection: [level] Unselect all grid variables for boundary conditions
          GROUP ML_BSSN_ApplyBCs: Apply boundary conditions controlled by thorn Boundary
            GROUP BoundaryConditions: Execute all boundary conditions
              Boundary::Boundary_ApplyPhysicalBCs: Apply all requested local physical boundary conditions
              CartGrid3D::CartGrid3D_ApplyBC: Apply symmetry boundary conditions
              Periodic::Periodic_ApplyBC: Apply periodic boundary conditions
            Boundary::Boundary_ClearSelection: [level] Unselect all grid variables for boundary conditions
          ML_BSSN::ML_BSSN_ADMBaseInterior: ML_BSSN_ADMBaseInterior
          ML_BSSN::ML_BSSN_ADMBaseBoundaryScalar: ML_BSSN_ADMBaseBoundaryScalar
          ML_BSSN::ML_BSSN_ADMBaseEverywhere: ML_BSSN_ADMBaseEverywhere
          ML_BSSN_Helper::ML_BSSN_ADMBase_SelectBCs: [level] Select boundary conditions for ADMBase variables
          GROUP ML_BSSN_ADMBase_ApplyBCs: Apply boundary conditions to ADMBase variables
            GROUP BoundaryConditions: Execute all boundary conditions
              Boundary::Boundary_ApplyPhysicalBCs: Apply all requested local physical boundary conditions
              CartGrid3D::CartGrid3D_ApplyBC: Apply symmetry boundary conditions
              Periodic::Periodic_ApplyBC: Apply periodic boundary conditions
            Boundary::Boundary_ClearSelection: [level] Unselect all grid variables for boundary conditions
          GROUP ADMBase_SetADMVars: Set the ADM variables before this group, and use them afterwards
        GROUP MoL_PseudoEvolutionBoundaries: Apply boundary conditions to pseudo-evolved quantities
          GROUP ML_ADMConstraints_evaluate_bc_group: ML_ADMConstraints_evaluate
            ML_ADMConstraints::ML_ADMConstraints_evaluate_SelectBCs: [level] ML_ADMConstraints_evaluate_SelectBCs
            GROUP ML_ADMConstraints_evaluate_ApplyBCs: Apply BCs for groups set in ML_ADMConstraints_evaluate
              GROUP BoundaryConditions: Execute all boundary conditions
                Boundary::Boundary_ApplyPhysicalBCs: Apply all requested local physical boundary conditions
                CartGrid3D::CartGrid3D_ApplyBC: Apply symmetry boundary conditions
                Periodic::Periodic_ApplyBC: Apply periodic boundary conditions
              Boundary::Boundary_ClearSelection: [level] Unselect all grid variables for boundary conditions
          GROUP ML_BSSN_ConstraintsEverywhere_bc_group: ML_BSSN_ConstraintsEverywhere
            ML_BSSN::ML_BSSN_ConstraintsEverywhere_SelectBCs: [level] ML_BSSN_ConstraintsEverywhere_SelectBCs
            GROUP ML_BSSN_ConstraintsEverywhere_ApplyBCs: Apply BCs for groups set in ML_BSSN_ConstraintsEverywhere
              GROUP BoundaryConditions: Execute all boundary conditions
                Boundary::Boundary_ApplyPhysicalBCs: Apply all requested local physical boundary conditions
                CartGrid3D::CartGrid3D_ApplyBC: Apply symmetry boundary conditions
                Periodic::Periodic_ApplyBC: Apply periodic boundary conditions
              Boundary::Boundary_ClearSelection: [level] Unselect all grid variables for boundary conditions
          GROUP ML_BSSN_ConstraintsInterior_bc_group: ML_BSSN_ConstraintsInterior
            ML_BSSN::ML_BSSN_ConstraintsInterior_SelectBCs: [level] ML_BSSN_ConstraintsInterior_SelectBCs
            GROUP ML_BSSN_ConstraintsInterior_ApplyBCs: Apply BCs for groups set in ML_BSSN_ConstraintsInterior
              GROUP BoundaryConditions: Execute all boundary conditions
                Boundary::Boundary_ApplyPhysicalBCs: Apply all requested local physical boundary conditions
                CartGrid3D::CartGrid3D_ApplyBC: Apply symmetry boundary conditions
                Periodic::Periodic_ApplyBC: Apply periodic boundary conditions
              Boundary::Boundary_ClearSelection: [level] Unselect all grid variables for boundary conditions
      [CCTK_POSTPOSTINITIAL]
      [CCTK_POSTSTEP]
        GROUP zzz_NaNChecker_NaNCheck: Check for NaNs and count them in NaNChecker::NaNsFound
          NaNChecker::NaNChecker_NaNCheck_Prepare: [level] Prepare data structures to check for NaNs
          NaNChecker::NaNChecker_NaNCheck_Check: [local] Check for NaNs
          NaNChecker::NaNChecker_NaNCheck_Finish: [level] Count NaNs in NaNChecker::NaNsFound
        NaNChecker::NaNChecker_TakeAction: [global] [loop-level] Output NaNChecker::NaNmask and take action according to NaNChecker::action_if_found
        SphericalSurface::SphericalSurface_Set: [global] Set surface radii
        GROUP SphericalSurface_HasBeenSet: Set the spherical surfaces before this group, and use it afterwards
          SphericalSurface::SphericalSurface_CheckState: [global] Test the state of the spherical surfaces
    endif
    if (recover initial data)
      [CCTK_BASEGRID]
        ADMBase::ADMBase_SetShiftStateOn: Set the shift_state variable to 1
        ADMBase::ADMBase_SetDtLapseStateOn: Set the dtlapse_state variable to 1
        ADMBase::ADMBase_SetDtShiftStateOn: Set the dtshift_state variable to 1
        ADMMacros::ADMMacros_SetLocalSpatialOrder: Initialize the local_spatial_order
        CartGrid3D::SpatialSpacings: Set up ranges for spatial 3D Cartesian coordinates (on all grids)
        CartGrid3D::SpatialCoordinates: Set up spatial 3D Cartesian coordinates on the GH
        SphericalSurface::SphericalSurface_SetupRes: [global] [loop-local] Set surface resolution automatically
        ML_ADMConstraints::ML_ADMConstraints_CheckBoundaries: [meta] check boundaries treatment
        ML_BSSN::ML_BSSN_CheckBoundaries: [meta] check boundaries treatment
        NaNChecker::NaNChecker_ResetCounter: [global] Reset the NaNChecker::NaNsFound counter
        SphericalSurface::SphericalSurface_Setup: [global] Calculate surface coordinate descriptors
        GROUP MaskBase_SetupMask: Set up the weight function
          GROUP MaskBase_SetupMaskAll: Set up the weight function
            CarpetReduce::MaskBase_AllocateMask: [global] Allocate the weight function
            CarpetReduce::MaskBase_InitMask: [global] [loop-local] Initialise the weight function
            GROUP SetupIMaskInternal: Set up the integer weight function (schedule other routines in here)
              CarpetReduce::CoordBase_SetupMask: [global] [loop-local] Set up the outer boundaries of the weight function
              CarpetReduce::CarpetMaskSetup: [global] [loop-singlemap] Set up the weight function for the restriction regions
            GROUP SetupIMask: Set up the integer weight function (schedule other routines in here)
            CarpetReduce::MaskBase_SetMask: [global] [loop-local] Set the weight function
            GROUP SetupMask: Set up the real weight function (schedule other routines in here)
            CarpetReduce::MaskBase_TestMask: [global] Test the weight function
        SphericalSurface::SphericalSurface_Set: [global] Set surface radii to be used for initial setup in other thorns
        GROUP SphericalSurface_HasBeenSet: Set the spherical surfaces before this group, and use it afterwards
          SphericalSurface::SphericalSurface_CheckState: [global] Test the state of the spherical surfaces
        SymBase::SymBase_Check: Check whether the driver set up the grid consistently
        Time::Time_Initialise: [global] Initialise Time variables
        Time::TemporalSpacings: [singlemap] Set timestep based on Courant condition (courant_static)
      [CCTK_RECOVER_VARIABLES]
      [CCTK_POST_RECOVER_VARIABLES]
        CarpetIOHDF5::CarpetIOHDF5_InitCheckpointingIntervals: [global] Initialisation of checkpointing intervals after recovery
        GROUP MaskBase_SetupMask: Set up the weight function
          GROUP MaskBase_SetupMaskAll: Set up the weight function
            CarpetReduce::MaskBase_AllocateMask: [global] Allocate the weight function
            CarpetReduce::MaskBase_InitMask: [global] [loop-local] Initialise the weight function
            GROUP SetupIMaskInternal: Set up the integer weight function (schedule other routines in here)
              CarpetReduce::CoordBase_SetupMask: [global] [loop-local] Set up the outer boundaries of the weight function
              CarpetReduce::CarpetMaskSetup: [global] [loop-singlemap] Set up the weight function for the restriction regions
            GROUP SetupIMask: Set up the integer weight function (schedule other routines in here)
            CarpetReduce::MaskBase_SetMask: [global] [loop-local] Set the weight function
            GROUP SetupMask: Set up the real weight function (schedule other routines in here)
            CarpetReduce::MaskBase_TestMask: [global] Test the weight function
        GROUP MoL_PostStep: Ensure that everything is correct after recovery
          ADMBase::ADMBase_Boundaries: [level] Select ADMBase boundary conditions - may be required for mesh refinement
          GROUP ADMBase_ApplyBCs: Apply the boundary conditions of ADMBase
            GROUP BoundaryConditions: Execute all boundary conditions
              Boundary::Boundary_ApplyPhysicalBCs: Apply all requested local physical boundary conditions
              CartGrid3D::CartGrid3D_ApplyBC: Apply symmetry boundary conditions
              Periodic::Periodic_ApplyBC: Apply periodic boundary conditions
            Boundary::Boundary_ClearSelection: [level] Unselect all grid variables for boundary conditions
          ML_BSSN::ML_BSSN_SelectBoundConds: [level] select boundary conditions
          ML_ADMConstraints::ML_ADMConstraints_SelectBoundConds: [level] select boundary conditions
          GROUP ML_ADMConstraints_ApplyBCs: Apply boundary conditions controlled by thorn Boundary
            GROUP BoundaryConditions: Execute all boundary conditions
              Boundary::Boundary_ApplyPhysicalBCs: Apply all requested local physical boundary conditions
              CartGrid3D::CartGrid3D_ApplyBC: Apply symmetry boundary conditions
              Periodic::Periodic_ApplyBC: Apply periodic boundary conditions
            Boundary::Boundary_ClearSelection: [level] Unselect all grid variables for boundary conditions
          GROUP ML_BSSN_ApplyBCs: Apply boundary conditions controlled by thorn Boundary
            GROUP BoundaryConditions: Execute all boundary conditions
              Boundary::Boundary_ApplyPhysicalBCs: Apply all requested local physical boundary conditions
              CartGrid3D::CartGrid3D_ApplyBC: Apply symmetry boundary conditions
              Periodic::Periodic_ApplyBC: Apply periodic boundary conditions
            Boundary::Boundary_ClearSelection: [level] Unselect all grid variables for boundary conditions
          ML_BSSN::ML_BSSN_ADMBaseInterior: ML_BSSN_ADMBaseInterior
          ML_BSSN::ML_BSSN_ADMBaseBoundaryScalar: ML_BSSN_ADMBaseBoundaryScalar
          ML_BSSN::ML_BSSN_ADMBaseEverywhere: ML_BSSN_ADMBaseEverywhere
          ML_BSSN_Helper::ML_BSSN_ADMBase_SelectBCs: [level] Select boundary conditions for ADMBase variables
          GROUP ML_BSSN_ADMBase_ApplyBCs: Apply boundary conditions to ADMBase variables
            GROUP BoundaryConditions: Execute all boundary conditions
              Boundary::Boundary_ApplyPhysicalBCs: Apply all requested local physical boundary conditions
              CartGrid3D::CartGrid3D_ApplyBC: Apply symmetry boundary conditions
              Periodic::Periodic_ApplyBC: Apply periodic boundary conditions
            Boundary::Boundary_ClearSelection: [level] Unselect all grid variables for boundary conditions
          GROUP ADMBase_SetADMVars: Set the ADM variables before this group, and use them afterwards
        GROUP zzz_NaNChecker_NaNCheck: Check for NaNs and count them in NaNChecker::NaNsFound
          NaNChecker::NaNChecker_NaNCheck_Prepare: [level] Prepare data structures to check for NaNs
          NaNChecker::NaNChecker_NaNCheck_Check: [local] Check for NaNs
          NaNChecker::NaNChecker_NaNCheck_Finish: [level] Count NaNs in NaNChecker::NaNsFound
        NaNChecker::NaNChecker_TakeAction: [global] [loop-level] Output NaNChecker::NaNmask and take action according to NaNChecker::action_if_found
    endif
    if (checkpoint initial data)
      [CCTK_CPINITIAL]
        CarpetIOHDF5::CarpetIOHDF5_InitialDataCheckpoint: [meta] Initial data checkpoint routine
    endif
    if (analysis)
      [CCTK_ANALYSIS]
        CarpetLib::CarpetLib_printtimestats: [global] Print timing statistics if desired
        CarpetLib::CarpetLib_printmemstats: [global] Print memory statistics if desired
        LoopControl::LC_statistics_analysis: [meta] Output LoopControl statistics
        GROUP ML_BSSN_EvolutionAnalysis: Calculate RHS at analysis
          ML_BSSN::ML_BSSN_EvolutionAnalysisInit: ML_BSSN_EvolutionAnalysisInit
          ML_BSSN::ML_BSSN_EvolutionAnalysisInterior: ML_BSSN_EvolutionAnalysisInterior
  endif
  Output grid variables

  do loop over timesteps
    [CCTK_PREREGRID]
    Change grid hierarchy
    [CCTK_POSTREGRID]
      CartGrid3D::SpatialCoordinates: Set Coordinates after regridding
      GROUP MaskBase_SetupMask: Set up the weight function
        GROUP MaskBase_SetupMaskAll: Set up the weight function
          CarpetReduce::MaskBase_AllocateMask: [global] Allocate the weight function
          CarpetReduce::MaskBase_InitMask: [global] [loop-local] Initialise the weight function
          GROUP SetupIMaskInternal: Set up the integer weight function (schedule other routines in here)
            CarpetReduce::CoordBase_SetupMask: [global] [loop-local] Set up the outer boundaries of the weight function
            CarpetReduce::CarpetMaskSetup: [global] [loop-singlemap] Set up the weight function for the restriction regions
          GROUP SetupIMask: Set up the integer weight function (schedule other routines in here)
          CarpetReduce::MaskBase_SetMask: [global] [loop-local] Set the weight function
          GROUP SetupMask: Set up the real weight function (schedule other routines in here)
          CarpetReduce::MaskBase_TestMask: [global] Test the weight function
      GROUP MoL_PostStep: Ensure that everything is correct after regridding
        ADMBase::ADMBase_Boundaries: [level] Select ADMBase boundary conditions - may be required for mesh refinement
        GROUP ADMBase_ApplyBCs: Apply the boundary conditions of ADMBase
          GROUP BoundaryConditions: Execute all boundary conditions
            Boundary::Boundary_ApplyPhysicalBCs: Apply all requested local physical boundary conditions
            CartGrid3D::CartGrid3D_ApplyBC: Apply symmetry boundary conditions
            Periodic::Periodic_ApplyBC: Apply periodic boundary conditions
          Boundary::Boundary_ClearSelection: [level] Unselect all grid variables for boundary conditions
        ML_BSSN::ML_BSSN_SelectBoundConds: [level] select boundary conditions
        ML_ADMConstraints::ML_ADMConstraints_SelectBoundConds: [level] select boundary conditions
        GROUP ML_ADMConstraints_ApplyBCs: Apply boundary conditions controlled by thorn Boundary
          GROUP BoundaryConditions: Execute all boundary conditions
            Boundary::Boundary_ApplyPhysicalBCs: Apply all requested local physical boundary conditions
            CartGrid3D::CartGrid3D_ApplyBC: Apply symmetry boundary conditions
            Periodic::Periodic_ApplyBC: Apply periodic boundary conditions
          Boundary::Boundary_ClearSelection: [level] Unselect all grid variables for boundary conditions
        GROUP ML_BSSN_ApplyBCs: Apply boundary conditions controlled by thorn Boundary
          GROUP BoundaryConditions: Execute all boundary conditions
            Boundary::Boundary_ApplyPhysicalBCs: Apply all requested local physical boundary conditions
            CartGrid3D::CartGrid3D_ApplyBC: Apply symmetry boundary conditions
            Periodic::Periodic_ApplyBC: Apply periodic boundary conditions
          Boundary::Boundary_ClearSelection: [level] Unselect all grid variables for boundary conditions
        ML_BSSN::ML_BSSN_ADMBaseInterior: ML_BSSN_ADMBaseInterior
        ML_BSSN::ML_BSSN_ADMBaseBoundaryScalar: ML_BSSN_ADMBaseBoundaryScalar
        ML_BSSN::ML_BSSN_ADMBaseEverywhere: ML_BSSN_ADMBaseEverywhere
        ML_BSSN_Helper::ML_BSSN_ADMBase_SelectBCs: [level] Select boundary conditions for ADMBase variables
        GROUP ML_BSSN_ADMBase_ApplyBCs: Apply boundary conditions to ADMBase variables
          GROUP BoundaryConditions: Execute all boundary conditions
            Boundary::Boundary_ApplyPhysicalBCs: Apply all requested local physical boundary conditions
            CartGrid3D::CartGrid3D_ApplyBC: Apply symmetry boundary conditions
            Periodic::Periodic_ApplyBC: Apply periodic boundary conditions
          Boundary::Boundary_ClearSelection: [level] Unselect all grid variables for boundary conditions
        GROUP ADMBase_SetADMVars: Set the ADM variables before this group, and use them afterwards
      GROUP MoL_PseudoEvolutionBoundaries: Apply boundary conditions to pseudo-evolved quantities
        GROUP ML_ADMConstraints_evaluate_bc_group: ML_ADMConstraints_evaluate
          ML_ADMConstraints::ML_ADMConstraints_evaluate_SelectBCs: [level] ML_ADMConstraints_evaluate_SelectBCs
          GROUP ML_ADMConstraints_evaluate_ApplyBCs: Apply BCs for groups set in ML_ADMConstraints_evaluate
            GROUP BoundaryConditions: Execute all boundary conditions
              Boundary::Boundary_ApplyPhysicalBCs: Apply all requested local physical boundary conditions
              CartGrid3D::CartGrid3D_ApplyBC: Apply symmetry boundary conditions
              Periodic::Periodic_ApplyBC: Apply periodic boundary conditions
            Boundary::Boundary_ClearSelection: [level] Unselect all grid variables for boundary conditions
        GROUP ML_BSSN_ConstraintsEverywhere_bc_group: ML_BSSN_ConstraintsEverywhere
          ML_BSSN::ML_BSSN_ConstraintsEverywhere_SelectBCs: [level] ML_BSSN_ConstraintsEverywhere_SelectBCs
          GROUP ML_BSSN_ConstraintsEverywhere_ApplyBCs: Apply BCs for groups set in ML_BSSN_ConstraintsEverywhere
            GROUP BoundaryConditions: Execute all boundary conditions
              Boundary::Boundary_ApplyPhysicalBCs: Apply all requested local physical boundary conditions
              CartGrid3D::CartGrid3D_ApplyBC: Apply symmetry boundary conditions
              Periodic::Periodic_ApplyBC: Apply periodic boundary conditions
            Boundary::Boundary_ClearSelection: [level] Unselect all grid variables for boundary conditions
        GROUP ML_BSSN_ConstraintsInterior_bc_group: ML_BSSN_ConstraintsInterior
          ML_BSSN::ML_BSSN_ConstraintsInterior_SelectBCs: [level] ML_BSSN_ConstraintsInterior_SelectBCs
          GROUP ML_BSSN_ConstraintsInterior_ApplyBCs: Apply BCs for groups set in ML_BSSN_ConstraintsInterior
            GROUP BoundaryConditions: Execute all boundary conditions
              Boundary::Boundary_ApplyPhysicalBCs: Apply all requested local physical boundary conditions
              CartGrid3D::CartGrid3D_ApplyBC: Apply symmetry boundary conditions
              Periodic::Periodic_ApplyBC: Apply periodic boundary conditions
            Boundary::Boundary_ClearSelection: [level] Unselect all grid variables for boundary conditions
    Rotate timelevels
    iteration = iteration+1
    t = t+dt
    [CCTK_PRESTEP]
      ADMBase::ADMBase_LapseStatic: Copy the lapse to the current time level
      ADMBase::ADMBase_ShiftStatic: Copy the shift to the current time level
      CoordGauge::Einstein_SetNextSlicing: Identify the slicing for the next iteration
      LoopControl::LC_steer: [meta] Update LoopControl algorithm preferences
      NaNChecker::NaNChecker_ResetCounter: [global] Reset the NaNChecker::NaNsFound counter
    [CCTK_EVOL]
      MoL::MoL_StartLoop: [level] Initialise the step size control
      while (MoL::MoL_Stepsize_Bad)
        GROUP MoL_Evolution: A single Cactus evolution step using MoL
          GROUP MoL_StartStep: MoL internal setup for the evolution step
            MoL::MoL_SetCounter: [level] Set the counter for the ODE method to loop over
            MoL::MoL_SetTime: [level] Ensure the correct time and timestep are used
            MoL::MoL_AllocateScratchSpace: [level] Allocate storage for scratch levels
          GROUP MoL_PreStep: Physics thorns can schedule preloop setup routines in here
          MoL::MoL_AllocateScratch: Allocate sufficient space for array scratch variables
          MoL::MoL_InitialCopy: Ensure the data is in the correct timelevel
          while (MoL::MoL_Intermediate_Step)
            GROUP MoL_Step: The loop over the intermediate steps for the ODE integrator
              MoL::MoL_InitRHS: Initialise the RHS functions
              GROUP MoL_CalcRHS: Physics thorns schedule the calculation of the discrete spatial operator in here
                ML_BSSN::ML_BSSN_EvolutionBoundaryScalar: ML_BSSN_EvolutionBoundaryScalar
                GROUP ML_BSSN_EvolutionInteriorSplitBy: 
                  ML_BSSN::ML_BSSN_EvolutionInteriorSplitBy1: ML_BSSN_EvolutionInteriorSplitBy1
                  ML_BSSN::ML_BSSN_EvolutionInteriorSplitBy2: ML_BSSN_EvolutionInteriorSplitBy2
                  ML_BSSN::ML_BSSN_EvolutionInteriorSplitBy3: ML_BSSN_EvolutionInteriorSplitBy3
              GROUP MoL_PostRHS: Modify RHS functions
              GROUP MoL_RHSBoundaries: Any 'final' modifications to the RHS functions (boundaries etc.)
              MoL::MoL_Add: Updates calculated with the efficient Runge-Kutta 4 method
              MoL::MoL_DecrementCounter: [level] Alter the counter number
              MoL::MoL_ResetTime: [level] If necessary, change the time
              GROUP MoL_PostStepModify: The group for physics thorns to schedule enforcing constraints
                ML_BSSN::ML_BSSN_EnforceEverywhere: ML_BSSN_EnforceEverywhere
              GROUP MoL_PostStep: The group for physics thorns to schedule boundary calls etc.
                ADMBase::ADMBase_Boundaries: [level] Select ADMBase boundary conditions - may be required for mesh refinement
                GROUP ADMBase_ApplyBCs: Apply the boundary conditions of ADMBase
                  GROUP BoundaryConditions: Execute all boundary conditions
                    Boundary::Boundary_ApplyPhysicalBCs: Apply all requested local physical boundary conditions
                    CartGrid3D::CartGrid3D_ApplyBC: Apply symmetry boundary conditions
                    Periodic::Periodic_ApplyBC: Apply periodic boundary conditions
                  Boundary::Boundary_ClearSelection: [level] Unselect all grid variables for boundary conditions
                ML_BSSN::ML_BSSN_SelectBoundConds: [level] select boundary conditions
                ML_ADMConstraints::ML_ADMConstraints_SelectBoundConds: [level] select boundary conditions
                GROUP ML_ADMConstraints_ApplyBCs: Apply boundary conditions controlled by thorn Boundary
                  GROUP BoundaryConditions: Execute all boundary conditions
                    Boundary::Boundary_ApplyPhysicalBCs: Apply all requested local physical boundary conditions
                    CartGrid3D::CartGrid3D_ApplyBC: Apply symmetry boundary conditions
                    Periodic::Periodic_ApplyBC: Apply periodic boundary conditions
                  Boundary::Boundary_ClearSelection: [level] Unselect all grid variables for boundary conditions
                GROUP ML_BSSN_ApplyBCs: Apply boundary conditions controlled by thorn Boundary
                  GROUP BoundaryConditions: Execute all boundary conditions
                    Boundary::Boundary_ApplyPhysicalBCs: Apply all requested local physical boundary conditions
                    CartGrid3D::CartGrid3D_ApplyBC: Apply symmetry boundary conditions
                    Periodic::Periodic_ApplyBC: Apply periodic boundary conditions
                  Boundary::Boundary_ClearSelection: [level] Unselect all grid variables for boundary conditions
                ML_BSSN::ML_BSSN_ADMBaseInterior: ML_BSSN_ADMBaseInterior
                ML_BSSN::ML_BSSN_ADMBaseBoundaryScalar: ML_BSSN_ADMBaseBoundaryScalar
                ML_BSSN::ML_BSSN_ADMBaseEverywhere: ML_BSSN_ADMBaseEverywhere
                ML_BSSN_Helper::ML_BSSN_ADMBase_SelectBCs: [level] Select boundary conditions for ADMBase variables
                GROUP ML_BSSN_ADMBase_ApplyBCs: Apply boundary conditions to ADMBase variables
                  GROUP BoundaryConditions: Execute all boundary conditions
                    Boundary::Boundary_ApplyPhysicalBCs: Apply all requested local physical boundary conditions
                    CartGrid3D::CartGrid3D_ApplyBC: Apply symmetry boundary conditions
                    Periodic::Periodic_ApplyBC: Apply periodic boundary conditions
                  Boundary::Boundary_ClearSelection: [level] Unselect all grid variables for boundary conditions
                GROUP ADMBase_SetADMVars: Set the ADM variables before this group, and use them afterwards
              MoL::MoL_ResetDeltaTime: [level] If necessary, change the timestep
          end while
          MoL::MoL_FinishLoop: [level] Control the step size
          MoL::MoL_RestoreSandR: Restoring the Save and Restore variables to the original state
          MoL::MoL_FreeScratchSpace: [level] Free storage for scratch levels
      end while
      GROUP MoL_PseudoEvolution: Calculate pseudo-evolved quantities
        GROUP ADMBase_SetADMVars: Set the ADM variables before this group, and use them afterwards
        GROUP ML_ADMConstraints_evaluate_group: ML_ADMConstraints_evaluate
          ML_ADMConstraints::ML_ADMConstraints_evaluate: ML_ADMConstraints_evaluate
          GROUP ML_ADMConstraints_evaluate_bc_group: ML_ADMConstraints_evaluate
            ML_ADMConstraints::ML_ADMConstraints_evaluate_SelectBCs: [level] ML_ADMConstraints_evaluate_SelectBCs
            GROUP ML_ADMConstraints_evaluate_ApplyBCs: Apply BCs for groups set in ML_ADMConstraints_evaluate
              GROUP BoundaryConditions: Execute all boundary conditions
                Boundary::Boundary_ApplyPhysicalBCs: Apply all requested local physical boundary conditions
                CartGrid3D::CartGrid3D_ApplyBC: Apply symmetry boundary conditions
                Periodic::Periodic_ApplyBC: Apply periodic boundary conditions
              Boundary::Boundary_ClearSelection: [level] Unselect all grid variables for boundary conditions
        GROUP ML_BSSN_ConstraintsEverywhere_group: ML_BSSN_ConstraintsEverywhere
          ML_BSSN::ML_BSSN_ConstraintsEverywhere: ML_BSSN_ConstraintsEverywhere
          GROUP ML_BSSN_ConstraintsEverywhere_bc_group: ML_BSSN_ConstraintsEverywhere
            ML_BSSN::ML_BSSN_ConstraintsEverywhere_SelectBCs: [level] ML_BSSN_ConstraintsEverywhere_SelectBCs
            GROUP ML_BSSN_ConstraintsEverywhere_ApplyBCs: Apply BCs for groups set in ML_BSSN_ConstraintsEverywhere
              GROUP BoundaryConditions: Execute all boundary conditions
                Boundary::Boundary_ApplyPhysicalBCs: Apply all requested local physical boundary conditions
                CartGrid3D::CartGrid3D_ApplyBC: Apply symmetry boundary conditions
                Periodic::Periodic_ApplyBC: Apply periodic boundary conditions
              Boundary::Boundary_ClearSelection: [level] Unselect all grid variables for boundary conditions
        GROUP ML_BSSN_ConstraintsInterior_group: ML_BSSN_ConstraintsInterior
          ML_BSSN::ML_BSSN_ConstraintsInterior: ML_BSSN_ConstraintsInterior
          GROUP ML_BSSN_ConstraintsInterior_bc_group: ML_BSSN_ConstraintsInterior
            ML_BSSN::ML_BSSN_ConstraintsInterior_SelectBCs: [level] ML_BSSN_ConstraintsInterior_SelectBCs
            GROUP ML_BSSN_ConstraintsInterior_ApplyBCs: Apply BCs for groups set in ML_BSSN_ConstraintsInterior
              GROUP BoundaryConditions: Execute all boundary conditions
                Boundary::Boundary_ApplyPhysicalBCs: Apply all requested local physical boundary conditions
                CartGrid3D::CartGrid3D_ApplyBC: Apply symmetry boundary conditions
                Periodic::Periodic_ApplyBC: Apply periodic boundary conditions
              Boundary::Boundary_ClearSelection: [level] Unselect all grid variables for boundary conditions
    Evolve finer grids recursively
    Restrict from finer grids
    [CCTK_POSTRESTRICT]
      GROUP MoL_PostStep: Ensure that everything is correct after restriction
        ADMBase::ADMBase_Boundaries: [level] Select ADMBase boundary conditions - may be required for mesh refinement
        GROUP ADMBase_ApplyBCs: Apply the boundary conditions of ADMBase
          GROUP BoundaryConditions: Execute all boundary conditions
            Boundary::Boundary_ApplyPhysicalBCs: Apply all requested local physical boundary conditions
            CartGrid3D::CartGrid3D_ApplyBC: Apply symmetry boundary conditions
            Periodic::Periodic_ApplyBC: Apply periodic boundary conditions
          Boundary::Boundary_ClearSelection: [level] Unselect all grid variables for boundary conditions
        ML_BSSN::ML_BSSN_SelectBoundConds: [level] select boundary conditions
        ML_ADMConstraints::ML_ADMConstraints_SelectBoundConds: [level] select boundary conditions
        GROUP ML_ADMConstraints_ApplyBCs: Apply boundary conditions controlled by thorn Boundary
          GROUP BoundaryConditions: Execute all boundary conditions
            Boundary::Boundary_ApplyPhysicalBCs: Apply all requested local physical boundary conditions
            CartGrid3D::CartGrid3D_ApplyBC: Apply symmetry boundary conditions
            Periodic::Periodic_ApplyBC: Apply periodic boundary conditions
          Boundary::Boundary_ClearSelection: [level] Unselect all grid variables for boundary conditions
        GROUP ML_BSSN_ApplyBCs: Apply boundary conditions controlled by thorn Boundary
          GROUP BoundaryConditions: Execute all boundary conditions
            Boundary::Boundary_ApplyPhysicalBCs: Apply all requested local physical boundary conditions
            CartGrid3D::CartGrid3D_ApplyBC: Apply symmetry boundary conditions
            Periodic::Periodic_ApplyBC: Apply periodic boundary conditions
          Boundary::Boundary_ClearSelection: [level] Unselect all grid variables for boundary conditions
        ML_BSSN::ML_BSSN_ADMBaseInterior: ML_BSSN_ADMBaseInterior
        ML_BSSN::ML_BSSN_ADMBaseBoundaryScalar: ML_BSSN_ADMBaseBoundaryScalar
        ML_BSSN::ML_BSSN_ADMBaseEverywhere: ML_BSSN_ADMBaseEverywhere
        ML_BSSN_Helper::ML_BSSN_ADMBase_SelectBCs: [level] Select boundary conditions for ADMBase variables
        GROUP ML_BSSN_ADMBase_ApplyBCs: Apply boundary conditions to ADMBase variables
          GROUP BoundaryConditions: Execute all boundary conditions
            Boundary::Boundary_ApplyPhysicalBCs: Apply all requested local physical boundary conditions
            CartGrid3D::CartGrid3D_ApplyBC: Apply symmetry boundary conditions
            Periodic::Periodic_ApplyBC: Apply periodic boundary conditions
          Boundary::Boundary_ClearSelection: [level] Unselect all grid variables for boundary conditions
        GROUP ADMBase_SetADMVars: Set the ADM variables before this group, and use them afterwards
      GROUP MoL_PseudoEvolutionBoundaries: Apply boundary conditions to pseudo-evolved quantities
        GROUP ML_ADMConstraints_evaluate_bc_group: ML_ADMConstraints_evaluate
          ML_ADMConstraints::ML_ADMConstraints_evaluate_SelectBCs: [level] ML_ADMConstraints_evaluate_SelectBCs
          GROUP ML_ADMConstraints_evaluate_ApplyBCs: Apply BCs for groups set in ML_ADMConstraints_evaluate
            GROUP BoundaryConditions: Execute all boundary conditions
              Boundary::Boundary_ApplyPhysicalBCs: Apply all requested local physical boundary conditions
              CartGrid3D::CartGrid3D_ApplyBC: Apply symmetry boundary conditions
              Periodic::Periodic_ApplyBC: Apply periodic boundary conditions
            Boundary::Boundary_ClearSelection: [level] Unselect all grid variables for boundary conditions
        GROUP ML_BSSN_ConstraintsEverywhere_bc_group: ML_BSSN_ConstraintsEverywhere
          ML_BSSN::ML_BSSN_ConstraintsEverywhere_SelectBCs: [level] ML_BSSN_ConstraintsEverywhere_SelectBCs
          GROUP ML_BSSN_ConstraintsEverywhere_ApplyBCs: Apply BCs for groups set in ML_BSSN_ConstraintsEverywhere
            GROUP BoundaryConditions: Execute all boundary conditions
              Boundary::Boundary_ApplyPhysicalBCs: Apply all requested local physical boundary conditions
              CartGrid3D::CartGrid3D_ApplyBC: Apply symmetry boundary conditions
              Periodic::Periodic_ApplyBC: Apply periodic boundary conditions
            Boundary::Boundary_ClearSelection: [level] Unselect all grid variables for boundary conditions
        GROUP ML_BSSN_ConstraintsInterior_bc_group: ML_BSSN_ConstraintsInterior
          ML_BSSN::ML_BSSN_ConstraintsInterior_SelectBCs: [level] ML_BSSN_ConstraintsInterior_SelectBCs
          GROUP ML_BSSN_ConstraintsInterior_ApplyBCs: Apply BCs for groups set in ML_BSSN_ConstraintsInterior
            GROUP BoundaryConditions: Execute all boundary conditions
              Boundary::Boundary_ApplyPhysicalBCs: Apply all requested local physical boundary conditions
              CartGrid3D::CartGrid3D_ApplyBC: Apply symmetry boundary conditions
              Periodic::Periodic_ApplyBC: Apply periodic boundary conditions
            Boundary::Boundary_ClearSelection: [level] Unselect all grid variables for boundary conditions
    [CCTK_POSTSTEP]
      GROUP zzz_NaNChecker_NaNCheck: Check for NaNs and count them in NaNChecker::NaNsFound
        NaNChecker::NaNChecker_NaNCheck_Prepare: [level] Prepare data structures to check for NaNs
        NaNChecker::NaNChecker_NaNCheck_Check: [local] Check for NaNs
        NaNChecker::NaNChecker_NaNCheck_Finish: [level] Count NaNs in NaNChecker::NaNsFound
      NaNChecker::NaNChecker_TakeAction: [global] [loop-level] Output NaNChecker::NaNmask and take action according to NaNChecker::action_if_found
      SphericalSurface::SphericalSurface_Set: [global] Set surface radii
      GROUP SphericalSurface_HasBeenSet: Set the spherical surfaces before this group, and use it afterwards
        SphericalSurface::SphericalSurface_CheckState: [global] Test the state of the spherical surfaces
    if (checkpoint)
      [CCTK_CHECKPOINT]
      CarpetIOHDF5::CarpetIOHDF5_EvolutionCheckpoint: [meta] Evolution checkpoint routine
    endif
    if (analysis)
      [CCTK_ANALYSIS]
      CarpetLib::CarpetLib_printtimestats: [global] Print timing statistics if desired
      CarpetLib::CarpetLib_printmemstats: [global] Print memory statistics if desired
      LoopControl::LC_statistics_analysis: [meta] Output LoopControl statistics
      GROUP ML_BSSN_EvolutionAnalysis: Calculate RHS at analysis
        ML_BSSN::ML_BSSN_EvolutionAnalysisInit: ML_BSSN_EvolutionAnalysisInit
        ML_BSSN::ML_BSSN_EvolutionAnalysisInterior: ML_BSSN_EvolutionAnalysisInterior
    endif
    Output grid variables
    enddo

  Termination routines
    [CCTK_TERMINATE]
      CarpetIOHDF5::CarpetIOHDF5_TerminationCheckpoint: [meta] Termination checkpoint routine
      LoopControl::LC_statistics_terminate: [meta] Output LoopControl statistics
      MoL::MoL_FreeIndexArrays: Free the MoL bookkeeping index arrays

  Shutdown routines
    [CCTK_SHUTDOWN]
      Timers::Timer_Shutdown: Prepare hierarchical timers

  Routines run after changing the grid hierarchy:
    [CCTK_POSTREGRID]
      CartGrid3D::SpatialCoordinates: Set Coordinates after regridding
      GROUP MaskBase_SetupMask: Set up the weight function
        GROUP MaskBase_SetupMaskAll: Set up the weight function
          CarpetReduce::MaskBase_AllocateMask: [global] Allocate the weight function
          CarpetReduce::MaskBase_InitMask: [global] [loop-local] Initialise the weight function
          GROUP SetupIMaskInternal: Set up the integer weight function (schedule other routines in here)
            CarpetReduce::CoordBase_SetupMask: [global] [loop-local] Set up the outer boundaries of the weight function
            CarpetReduce::CarpetMaskSetup: [global] [loop-singlemap] Set up the weight function for the restriction regions
          GROUP SetupIMask: Set up the integer weight function (schedule other routines in here)
          CarpetReduce::MaskBase_SetMask: [global] [loop-local] Set the weight function
          GROUP SetupMask: Set up the real weight function (schedule other routines in here)
          CarpetReduce::MaskBase_TestMask: [global] Test the weight function
      GROUP MoL_PostStep: Ensure that everything is correct after regridding
        ADMBase::ADMBase_Boundaries: [level] Select ADMBase boundary conditions - may be required for mesh refinement
        GROUP ADMBase_ApplyBCs: Apply the boundary conditions of ADMBase
          GROUP BoundaryConditions: Execute all boundary conditions
            Boundary::Boundary_ApplyPhysicalBCs: Apply all requested local physical boundary conditions
            CartGrid3D::CartGrid3D_ApplyBC: Apply symmetry boundary conditions
            Periodic::Periodic_ApplyBC: Apply periodic boundary conditions
          Boundary::Boundary_ClearSelection: [level] Unselect all grid variables for boundary conditions
        ML_BSSN::ML_BSSN_SelectBoundConds: [level] select boundary conditions
        ML_ADMConstraints::ML_ADMConstraints_SelectBoundConds: [level] select boundary conditions
        GROUP ML_ADMConstraints_ApplyBCs: Apply boundary conditions controlled by thorn Boundary
          GROUP BoundaryConditions: Execute all boundary conditions
            Boundary::Boundary_ApplyPhysicalBCs: Apply all requested local physical boundary conditions
            CartGrid3D::CartGrid3D_ApplyBC: Apply symmetry boundary conditions
            Periodic::Periodic_ApplyBC: Apply periodic boundary conditions
          Boundary::Boundary_ClearSelection: [level] Unselect all grid variables for boundary conditions
        GROUP ML_BSSN_ApplyBCs: Apply boundary conditions controlled by thorn Boundary
          GROUP BoundaryConditions: Execute all boundary conditions
            Boundary::Boundary_ApplyPhysicalBCs: Apply all requested local physical boundary conditions
            CartGrid3D::CartGrid3D_ApplyBC: Apply symmetry boundary conditions
            Periodic::Periodic_ApplyBC: Apply periodic boundary conditions
          Boundary::Boundary_ClearSelection: [level] Unselect all grid variables for boundary conditions
        ML_BSSN::ML_BSSN_ADMBaseInterior: ML_BSSN_ADMBaseInterior
        ML_BSSN::ML_BSSN_ADMBaseBoundaryScalar: ML_BSSN_ADMBaseBoundaryScalar
        ML_BSSN::ML_BSSN_ADMBaseEverywhere: ML_BSSN_ADMBaseEverywhere
        ML_BSSN_Helper::ML_BSSN_ADMBase_SelectBCs: [level] Select boundary conditions for ADMBase variables
        GROUP ML_BSSN_ADMBase_ApplyBCs: Apply boundary conditions to ADMBase variables
          GROUP BoundaryConditions: Execute all boundary conditions
            Boundary::Boundary_ApplyPhysicalBCs: Apply all requested local physical boundary conditions
            CartGrid3D::CartGrid3D_ApplyBC: Apply symmetry boundary conditions
            Periodic::Periodic_ApplyBC: Apply periodic boundary conditions
          Boundary::Boundary_ClearSelection: [level] Unselect all grid variables for boundary conditions
        GROUP ADMBase_SetADMVars: Set the ADM variables before this group, and use them afterwards
      GROUP MoL_PseudoEvolutionBoundaries: Apply boundary conditions to pseudo-evolved quantities
        GROUP ML_ADMConstraints_evaluate_bc_group: ML_ADMConstraints_evaluate
          ML_ADMConstraints::ML_ADMConstraints_evaluate_SelectBCs: [level] ML_ADMConstraints_evaluate_SelectBCs
          GROUP ML_ADMConstraints_evaluate_ApplyBCs: Apply BCs for groups set in ML_ADMConstraints_evaluate
            GROUP BoundaryConditions: Execute all boundary conditions
              Boundary::Boundary_ApplyPhysicalBCs: Apply all requested local physical boundary conditions
              CartGrid3D::CartGrid3D_ApplyBC: Apply symmetry boundary conditions
              Periodic::Periodic_ApplyBC: Apply periodic boundary conditions
            Boundary::Boundary_ClearSelection: [level] Unselect all grid variables for boundary conditions
        GROUP ML_BSSN_ConstraintsEverywhere_bc_group: ML_BSSN_ConstraintsEverywhere
          ML_BSSN::ML_BSSN_ConstraintsEverywhere_SelectBCs: [level] ML_BSSN_ConstraintsEverywhere_SelectBCs
          GROUP ML_BSSN_ConstraintsEverywhere_ApplyBCs: Apply BCs for groups set in ML_BSSN_ConstraintsEverywhere
            GROUP BoundaryConditions: Execute all boundary conditions
              Boundary::Boundary_ApplyPhysicalBCs: Apply all requested local physical boundary conditions
              CartGrid3D::CartGrid3D_ApplyBC: Apply symmetry boundary conditions
              Periodic::Periodic_ApplyBC: Apply periodic boundary conditions
            Boundary::Boundary_ClearSelection: [level] Unselect all grid variables for boundary conditions
        GROUP ML_BSSN_ConstraintsInterior_bc_group: ML_BSSN_ConstraintsInterior
          ML_BSSN::ML_BSSN_ConstraintsInterior_SelectBCs: [level] ML_BSSN_ConstraintsInterior_SelectBCs
          GROUP ML_BSSN_ConstraintsInterior_ApplyBCs: Apply BCs for groups set in ML_BSSN_ConstraintsInterior
            GROUP BoundaryConditions: Execute all boundary conditions
              Boundary::Boundary_ApplyPhysicalBCs: Apply all requested local physical boundary conditions
              CartGrid3D::CartGrid3D_ApplyBC: Apply symmetry boundary conditions
              Periodic::Periodic_ApplyBC: Apply periodic boundary conditions
            Boundary::Boundary_ClearSelection: [level] Unselect all grid variables for boundary conditions
--------------------------------------------------------------------------------
INFO (Carpet): Multi-Model listing:
   model 0: "world"
INFO (Carpet): Multi-Model process distribution:
   processes 0-1: model 0 "world"
INFO (Carpet): Multi-Model: This is process 0, model 0 "world"
INFO (CarpetLib): Process startup time was 1.57 seconds
Current core file size limit: hard=[unlimited], soft=0 MB
Current addres space size limit: hard=[unlimited], soft=[unlimited]
Current data segment size limit: hard=[unlimited], soft=[unlimited]
Current resident set size limit: hard=[unlimited], soft=[unlimited]
INFO (CycleClock): Measuring CycleClock tick via OpenMP...
INFO (CycleClock): Calibrated CycleClock: 0.408923 ns per clock tick (2.44545 GHz)
INFO (Vectors): Using vector size 2 for architecture SSE2 (64-bit precision)
INFO (hwloc): library version 2.10.0, API version 0x20800
--------------------------------------------------------------------------------
AMR driver provided by Carpet
--------------------------------------------------------------------------------
AMR 0D ASCII I/O provided by CarpetIOASCII
--------------------------------------------------------------------------------
AMR 1D ASCII I/O provided by CarpetIOASCII
--------------------------------------------------------------------------------
AMR 2D ASCII I/O provided by CarpetIOASCII
--------------------------------------------------------------------------------
AMR 3D ASCII I/O provided by CarpetIOASCII
--------------------------------------------------------------------------------
AMR info I/O provided by CarpetIOBasic
--------------------------------------------------------------------------------
ML_ADMConstraints
--------------------------------------------------------------------------------
ML_BSSN
--------------------------------------------------------------------------------
AMR HDF5 I/O provided by CarpetIOHDF5
--------------------------------------------------------------------------------
AMR 0D HDF5 I/O provided by CarpetIOHDF5
--------------------------------------------------------------------------------
AMR 1D HDF5 I/O provided by CarpetIOHDF5
--------------------------------------------------------------------------------
AMR 2D HDF5 I/O provided by CarpetIOHDF5
--------------------------------------------------------------------------------
AMR 3D HDF5 I/O provided by CarpetIOHDF5
--------------------------------------------------------------------------------
MoL: Generalized time integration.
--------------------------------------------------------------------------------
AMR scalar I/O provided by CarpetIOScalar
--------------------------------------------------------------------------------

INFO (Carpet): MPI is enabled
INFO (Carpet): Carpet is running on 2 processes
INFO (Carpet): This is process 0
INFO (Carpet): OpenMP is enabled
INFO (Carpet): This process contains 1 threads, this is thread 0
INFO (Carpet): There are 2 threads in total
INFO (Carpet): There are 1 threads per process
INFO (Carpet): This process runs on host runnervm3jyl0, pid=180586
INFO (Carpet): This process runs on 2 cores: 0-1
INFO (Carpet): Thread 0 runs on 2 cores: 0-1
INFO (Carpet): This simulation is running in 3 dimensions
INFO (Carpet): Boundary specification for map 0:
   nboundaryzones: [[3,3,3],[3,3,3]]
   is_internal   : [[0,0,0],[0,0,0]]
   is_staggered  : [[0,0,0],[0,0,0]]
   shiftout      : [[1,1,1],[1,1,1]]
INFO (Carpet): CoordBase domain specification for map 0:
   physical extent: [-5,-5,-5] : [5,5,5]   ([10,10,10])
   interior extent: [-5,-5,-5] : [5,5,5]   ([10,10,10])
   exterior extent: [-8,-8,-8] : [8,8,8]   ([16,16,16])
   base_spacing   : [1,1,1]
INFO (Carpet): Adapted domain specification for map 0:
   convergence factor: 2
   convergence level : 0
   physical extent   : [-5,-5,-5] : [5,5,5]   ([10,10,10])
   interior extent   : [-5,-5,-5] : [5,5,5]   ([10,10,10])
   exterior extent   : [-8,-8,-8] : [8,8,8]   ([16,16,16])
   spacing           : [1,1,1]
INFO (Carpet): Base grid specification for map 0:
   number of grid points             : [17,17,17]
   number of coarse grid ghost points: [[3,3,3],[3,3,3]]
INFO (Carpet): Buffer zone counts (excluding ghosts):
   [0]: [[0,0,0],[0,0,0]]
INFO (Carpet): Overlap zone counts:
   [0]: [[0,0,0],[0,0,0]]
INFO (Carpet): Group and variable statistics:
INFO (Carpet):    There are 796 grid functions in 56 groups
INFO (Carpet):    There are 105 grid scalars in 43 groups
INFO (Carpet):    There are 11 1-dimensional grid arrays in 4 groups
INFO (Carpet):    There are 1 2-dimensional grid arrays in 2 groups
INFO (Carpet):    There are 0 3-dimensional grid arrays in 0 groups
INFO (Carpet):    (The number of variables counts all time levels)
INFO (CarpetIOASCII): I/O Method 'IOASCII_0D' registered: 0D AMR output of grid variables to ASCII files
INFO (CarpetIOASCII): Periodic 0D AMR output requested for:
   CARPET::physical_time_per_hour
   CARPET::current_physical_time_per_hour
   CARPET::time_total
   CARPET::time_evolution
   CARPET::time_computing
   CARPET::time_communicating
   CARPET::time_io
   CARPET::evolution_steps_count
   CARPET::local_grid_points_per_second
   CARPET::total_grid_points_per_second
   CARPET::local_grid_point_updates_count
   CARPET::total_grid_point_updates_count
   CARPET::local_interior_points_per_second
   CARPET::total_interior_points_per_second
   CARPET::local_interior_point_updates_count
   CARPET::total_interior_point_updates_count
   CARPET::io_per_second
   CARPET::io_bytes_per_second
   CARPET::io_bytes_ascii_per_second
   CARPET::io_bytes_binary_per_second
   CARPET::io_count
   CARPET::io_bytes_count
   CARPET::io_bytes_ascii_count
   CARPET::io_bytes_binary_count
   CARPET::comm_per_second
   CARPET::comm_bytes_per_second
   CARPET::comm_count
   CARPET::comm_bytes_count
   CARPET::time_levels
   CARPET::current_walltime
   CARPET::syncs_count
INFO (CarpetIOASCII): I/O Method 'IOASCII_1D' registered: 1D AMR output of grid variables to ASCII files
INFO (CarpetIOASCII): Periodic 1D AMR output requested for:
   ADMBASE::gxx
   ADMBASE::gxy
   ADMBASE::gxz
   ADMBASE::gyy
   ADMBASE::gyz
   ADMBASE::gzz
INFO (CarpetIOASCII): I/O Method 'IOASCII_2D' registered: 2D AMR output of grid variables to ASCII files
INFO (CarpetIOASCII): I/O Method 'IOASCII_3D' registered: 3D AMR output of grid variables to ASCII files
INFO (CarpetIOHDF5): I/O Method 'IOHDF5' registered: AMR output of grid variables to HDF5 files
INFO (CarpetIOHDF5): I/O Method 'IOHDF5_0D' registered: 0D AMR output of grid variables to HDF5 files
INFO (CarpetIOHDF5): I/O Method 'IOHDF5_1D' registered: 1D AMR output of grid variables to HDF5 files
INFO (CarpetIOHDF5): I/O Method 'IOHDF5_2D' registered: 2D AMR output of grid variables to HDF5 files
INFO (CarpetIOHDF5): I/O Method 'IOHDF5_3D' registered: 3D AMR output of grid variables to HDF5 files
WARNING level 1 from host runnervm3jyl0.n2dx4ogtjqduzjbfskz3cy5awf.phxx.internal.cloudapp.net process 1
  in thorn ML_BSSN_Helper, file /home/runner/work/tests/tests/master/configs/sim/build/ML_BSSN_Helper/Parameters.c:95:
  -> Forcing ML_BSSN::evolveB=0 because ML_BSSN::shiftGammaCoeff=0.0
WARNING level 1 from host runnervm3jyl0.n2dx4ogtjqduzjbfskz3cy5awf.phxx.internal.cloudapp.net process 0
  in thorn ML_BSSN_Helper, file /home/runner/work/tests/tests/master/configs/sim/build/ML_BSSN_Helper/Parameters.c:95:
  -> Forcing ML_BSSN::evolveB=0 because ML_BSSN::shiftGammaCoeff=0.0
WARNING level 1 from host runnervm3jyl0.n2dx4ogtjqduzjbfskz3cy5awf.phxx.internal.cloudapp.net process 0
  in thorn ML_BSSN_Helper, file /home/runner/work/tests/tests/master/configs/sim/build/ML_BSSN_Helper/Parameters.c:95:
  -> Forcing ML_BSSN::evolveB=0 because ML_BSSN::shiftGammaCoeff=0.0
INFO (MoL): Using Runge-Kutta 4 as the time integrator.
INFO (SymBase): Symmetry on lower x-face: periodic
INFO (SymBase): Symmetry on upper x-face: periodic
INFO (SymBase): Symmetry on lower y-face: periodic
INFO (SymBase): Symmetry on upper y-face: periodic
INFO (SymBase): Symmetry on lower z-face: periodic
INFO (SymBase): Symmetry on upper z-face: periodic
WARNING level 2 from host runnervm3jyl0.n2dx4ogtjqduzjbfskz3cy5awf.phxx.internal.cloudapp.net process 0
  in thorn SymBase, file /home/runner/work/tests/tests/master/configs/sim/build/SymBase/Statistics.c:102:
  -> The symmetry "periodic" on the lower x-face has not registered a symmetry interpolator
WARNING level 2 from host runnervm3jyl0.n2dx4ogtjqduzjbfskz3cy5awf.phxx.internal.cloudapp.net process 0
  in thorn SymBase, file /home/runner/work/tests/tests/master/configs/sim/build/SymBase/Statistics.c:102:
  -> The symmetry "periodic" on the upper x-face has not registered a symmetry interpolator
WARNING level 2 from host runnervm3jyl0.n2dx4ogtjqduzjbfskz3cy5awf.phxx.internal.cloudapp.net process 0
  in thorn SymBase, file /home/runner/work/tests/tests/master/configs/sim/build/SymBase/Statistics.c:102:
  -> The symmetry "periodic" on the lower y-face has not registered a symmetry interpolator
WARNING level 2 from host runnervm3jyl0.n2dx4ogtjqduzjbfskz3cy5awf.phxx.internal.cloudapp.net process 0
  in thorn SymBase, file /home/runner/work/tests/tests/master/configs/sim/build/SymBase/Statistics.c:102:
  -> The symmetry "periodic" on the upper y-face has not registered a symmetry interpolator
WARNING level 2 from host runnervm3jyl0.n2dx4ogtjqduzjbfskz3cy5awf.phxx.internal.cloudapp.net process 0
  in thorn SymBase, file /home/runner/work/tests/tests/master/configs/sim/build/SymBase/Statistics.c:102:
  -> The symmetry "periodic" on the lower z-face has not registered a symmetry interpolator
WARNING level 2 from host runnervm3jyl0.n2dx4ogtjqduzjbfskz3cy5awf.phxx.internal.cloudapp.net process 0
  in thorn SymBase, file /home/runner/work/tests/tests/master/configs/sim/build/SymBase/Statistics.c:102:
  -> The symmetry "periodic" on the upper z-face has not registered a symmetry interpolator
INFO (MoL): The maximum number of evolved variables is 276. 25 are registered.
INFO (MoL): The maximum number of slow evolved variables is 276. 0 are registered.
INFO (MoL): The maximum number of constrained variables is 276. 20 are registered.
INFO (MoL): The maximum number of SandR variables is 276. 0 are registered.
INFO (MoL): The maximum number of evolved array variables is 276. 0 are registered.
INFO (MoL): The maximum number of constrained array variables is 276. 0 are registered.
INFO (MoL): The maximum number of SandR array variables is 276. 0 are registered.
INFO (MoL): The maximum size of any array variables is 0.
INFO (Vectors): Testing vectorisation... [errors may result in segfaults]
INFO (Vectors): 375/375 tests passed 
INFO (CartGrid3D): Grid Spacings:
INFO (CartGrid3D): dx=>1.0000000e+00  dy=>1.0000000e+00  dz=>1.0000000e+00
INFO (CartGrid3D): Computational Coordinates:
INFO (CartGrid3D): x=>[-8.000, 8.000]  y=>[-8.000, 8.000]  z=>[-8.000, 8.000]
INFO (CartGrid3D): Indices of Physical Coordinates:
INFO (CartGrid3D): x=>[0,16]  y=>[0,16]  z=>[0,16]
INFO (Time): Timestep set to 0.1 (courant_static)
INFO (Exact): setting exact data on slice
INFO (Exact): setting exact data on slice
INFO (Exact): setting exact data on slice
----------------------------------------------------------------------------------------------
Iteration      Time | ADMBASE::gxx | ADMBASE::kxx | ADMBASE::alp | *me_per_hour | *STRAINTS::H
                    |        norm2 |        norm2 |        norm2 |              |        norm2
----------------------------------------------------------------------------------------------
        0     1.000 |    1.0000000 |    0.6666667 |    1.0000000 |    0.0000000 | 1.110223e-10
INFO (Carpet): Terminating due to cctk_final_time at t = 1.000000
==================================================================================================================================================================================================
Thorn           | Scheduled routine in time bin           | gettimeofday [secs] | getrusage [secs] | cycle [secs] | cycle[avg] [secs] | cycle[sdv] [secs] | cycle[min] [secs] | cycle[max] [secs] 
==================================================================================================================================================================================================
Carpet          | Multi-model Startup routine             |          0.00019500 |       0.00018400 |   0.00000000 |        0.00000000 |        0.00000000 |        0.00000000 |        0.00000000 
CycleClock      | Set up CycleClock                       |          0.10002000 |       0.10002000 |   0.00000225 |        0.00000225 |        0.00000000 |        0.00000225 |        0.00000225 
LoopControl     | Set up LoopControl                      |          0.00000100 |       0.00000100 |   0.00000116 |        0.00000116 |        0.00000000 |        0.00000116 |        0.00000116 
ML_BSSN_Helper  | Set checkpointing and prolongation group|          0.00004600 |       0.00004700 |   0.00004715 |        0.00004715 |        0.00000000 |        0.00004715 |        0.00004715 
Timers          | Prepare hierarchical timers             |          0.00000600 |       0.00000600 |   0.00000617 |        0.00000617 |        0.00000000 |        0.00000617 |        0.00000617 
Carpet          | Startup routine                         |          0.00000200 |       0.00000300 |   0.00000234 |        0.00000234 |        0.00000000 |        0.00000234 |        0.00000234 
IOUtil          | Startup routine                         |          0.00000200 |       0.00000200 |   0.00000176 |        0.00000176 |        0.00000000 |        0.00000176 |        0.00000176 
CarpetInterp    | Startup routine                         |          0.00000100 |       0.00000100 |   0.00000095 |        0.00000095 |        0.00000000 |        0.00000095 |        0.00000095 
CarpetReduce    | Startup routine                         |          0.00001900 |       0.00001900 |   0.00001918 |        0.00001918 |        0.00000000 |        0.00001918 |        0.00001918 
CartGrid3D      | Register GH Extension for GridSymmetry  |          0.00000200 |       0.00000100 |   0.00000135 |        0.00000135 |        0.00000000 |        0.00000135 |        0.00000135 
CoordBase       | Register a GH extension to store the coo|          0.00000100 |       0.00000100 |   0.00000113 |        0.00000113 |        0.00000000 |        0.00000113 |        0.00000113 
AEILocalInterp  | register CCTK_InterpLocalUniform() inter|          0.00000200 |       0.00000300 |   0.00000246 |        0.00000246 |        0.00000000 |        0.00000246 |        0.00000246 
CarpetIOASCII   | Startup routine                         |          0.00002100 |       0.00002100 |   0.00002096 |        0.00002096 |        0.00000000 |        0.00002096 |        0.00002096 
LocalInterp     | register LocalInterp's interpolation ope|          0.00000200 |       0.00000200 |   0.00000163 |        0.00000163 |        0.00000000 |        0.00000163 |        0.00000163 
CarpetIOBasic   | Startup routine                         |          0.00000200 |       0.00000300 |   0.00000271 |        0.00000271 |        0.00000000 |        0.00000271 |        0.00000271 
ML_ADMConstraint| create banner                           |          0.00000200 |       0.00000200 |   0.00000154 |        0.00000154 |        0.00000000 |        0.00000154 |        0.00000154 
ML_BSSN         | create banner                           |          0.00000100 |       0.00000100 |   0.00000115 |        0.00000115 |        0.00000000 |        0.00000115 |        0.00000115 
ML_BSSN_Helper  | Register slicing                        |          0.00000200 |       0.00000200 |   0.00000146 |        0.00000146 |        0.00000000 |        0.00000146 |        0.00000146 
CarpetIOHDF5    | Startup routine                         |          0.00001500 |       0.00001500 |   0.00001549 |        0.00001549 |        0.00000000 |        0.00001549 |        0.00001549 
MoL             | Startup banner                          |          0.00000200 |       0.00000100 |   0.00000123 |        0.00000123 |        0.00000000 |        0.00000123 |        0.00000123 
Slab            | Create MPI datatypes for complex variabl|          0.00000400 |       0.00000400 |   0.00000402 |        0.00000402 |        0.00000000 |        0.00000402 |        0.00000402 
SymBase         | Register GH Extension for SymBase       |          0.00000300 |       0.00000400 |   0.00000351 |        0.00000351 |        0.00000000 |        0.00000351 |        0.00000351 
CarpetIOScalar  | Startup routine                         |          0.00000500 |       0.00000400 |   0.00000477 |        0.00000477 |        0.00000000 |        0.00000477 |        0.00000477 
Vectors         | Print startup message                   |          0.00000800 |       0.00000900 |   0.00000894 |        0.00000894 |        0.00000000 |        0.00000894 |        0.00000894 
hwloc           | Output hwloc version                    |          0.00000300 |       0.00000400 |   0.00000365 |        0.00000365 |        0.00000000 |        0.00000365 |        0.00000365 
--------------------------------------------------------------------------------------------------------------------------------------------------------------------------------------------------
                | Total time for CCTK_STARTUP             |          0.10036700 |       0.10036000 |   0.00015697 |        0.00015697 |        0.00000000 |        0.00015697 |        0.00015697 
==================================================================================================================================================================================================
ADMBase         | Set up GF symmetries                    |          0.00002600 |       0.00000000 |   0.00002560 |        0.00002560 |        0.00000000 |        0.00002560 |        0.00002560 
Boundary        | Register boundary conditions that this t|          0.00001100 |       0.00000000 |   0.00001112 |        0.00001112 |        0.00000000 |        0.00001112 |        0.00001112 
CartGrid3D      | Register coordinates for the Cartesian g|          0.00004700 |       0.00000000 |   0.00004608 |        0.00004608 |        0.00000000 |        0.00004608 |        0.00004608 
CoordGauge      | Initialize slicing, setup priorities for|          0.00001000 |       0.00000000 |   0.00000991 |        0.00000991 |        0.00000000 |        0.00000991 |        0.00000991 
CoordGauge      | Identify the slicing for the next iterat|          0.00000900 |       0.00000000 |   0.00000886 |        0.00000886 |        0.00000000 |        0.00000886 |        0.00000886 
ML_BSSN_Helper  | Handle parameter backward compatibility |          0.00015300 |       0.00000000 |   0.00015222 |        0.00015222 |        0.00000000 |        0.00015222 |        0.00015222 
MoL             | Set up the MoL bookkeeping index arrays |          0.00002100 |       0.00000000 |   0.00002062 |        0.00002062 |        0.00000000 |        0.00002062 |        0.00002062 
MoL             | Set the flag so it is ok to register wit|          0.00000900 |       0.00000000 |   0.00000851 |        0.00000851 |        0.00000000 |        0.00000851 |        0.00000851 
TmunuBase       | Set the stress_energy_state variable    |          0.00001900 |       0.00000000 |   0.00001814 |        0.00001814 |        0.00000000 |        0.00001814 |        0.00001814 
ML_ADMConstraint| Register Variables for MoL              |          0.00004100 |       0.00000000 |   0.00004111 |        0.00004111 |        0.00000000 |        0.00004111 |        0.00004111 
ML_BSSN         | Register Variables for MoL              |          0.00007200 |       0.00000000 |   0.00007155 |        0.00007155 |        0.00000000 |        0.00007155 |        0.00007155 
ML_BSSN_Helper  | Register ADMBase variables as constraine|          0.00003300 |       0.00000000 |   0.00003240 |        0.00003240 |        0.00000000 |        0.00003240 |        0.00003240 
Slab            | Initialise timers                       |          0.00002500 |       0.00000000 |   0.00002466 |        0.00002466 |        0.00000000 |        0.00002466 |        0.00002466 
CartGrid3D      | Register symmetry boundaries            |          0.00003500 |       0.00000000 |   0.00003499 |        0.00003499 |        0.00000000 |        0.00003499 |        0.00003499 
ML_ADMConstraint| register symmetries                     |          0.00002800 |       0.00000000 |   0.00002712 |        0.00002712 |        0.00000000 |        0.00002712 |        0.00002712 
ML_BSSN         | register symmetries                     |          0.00004900 |       0.00000000 |   0.00004846 |        0.00004846 |        0.00000000 |        0.00004846 |        0.00004846 
Periodic        | Register periodic boundary conditions   |          0.00001000 |       0.00000000 |   0.00000951 |        0.00000951 |        0.00000000 |        0.00000951 |        0.00000951 
SymBase         | Print symmetry boundary face description|          0.00014400 |       0.00013300 |   0.00014441 |        0.00014441 |        0.00000000 |        0.00014441 |        0.00014441 
MoL             | Report how many of each type of variable|          0.00007900 |       0.00007800 |   0.00007858 |        0.00007858 |        0.00000000 |        0.00007858 |        0.00007858 
--------------------------------------------------------------------------------------------------------------------------------------------------------------------------------------------------
                | Total time for CCTK_WRAGH               |          0.00082100 |       0.00021100 |   0.00081383 |        0.00081383 |        0.00000000 |        0.00081383 |        0.00081383 
==================================================================================================================================================================================================
ADMBase         | Check consistency of parameters         |          0.00001800 |       0.00001800 |   0.00001781 |        0.00001781 |        0.00000000 |        0.00001781 |        0.00001781 
Boundary        | Check dimension of grid variables       |          0.00000900 |       0.00000900 |   0.00000835 |        0.00000835 |        0.00000000 |        0.00000835 |        0.00000835 
Carpet          | Parameter checking routine              |          0.00001700 |       0.00001700 |   0.00001738 |        0.00001738 |        0.00000000 |        0.00001738 |        0.00001738 
CarpetLib       | Test prolongation operators             |          0.00001700 |       0.00001700 |   0.00001725 |        0.00001725 |        0.00000000 |        0.00001725 |        0.00001725 
CartGrid3D      | Check coordinates for CartGrid3D        |          0.00001400 |       0.00001400 |   0.00001342 |        0.00001342 |        0.00000000 |        0.00001342 |        0.00001342 
Exact           | do consistency checks on our parameters |          0.00000900 |       0.00000900 |   0.00000846 |        0.00000846 |        0.00000000 |        0.00000846 |        0.00000846 
Fortran         | Test whether Fortran parameters work cor|          0.00000800 |       0.00000800 |   0.00000822 |        0.00000822 |        0.00000000 |        0.00000822 |        0.00000822 
ML_BSSN_Helper  | Check parameters                        |          0.00002800 |       0.00002800 |   0.00002804 |        0.00002804 |        0.00000000 |        0.00002804 |        0.00002804 
MoL             | Basic parameter checking                |          0.00000900 |       0.00000900 |   0.00000909 |        0.00000909 |        0.00000000 |        0.00000909 |        0.00000909 
SphericalSurface| Check that all surface names are unique |          0.00000800 |       0.00000800 |   0.00000859 |        0.00000859 |        0.00000000 |        0.00000859 |        0.00000859 
TmunuBase       | Check that no deprecated parameters are |          0.00000800 |       0.00000800 |   0.00000788 |        0.00000788 |        0.00000000 |        0.00000788 |        0.00000788 
Vectors         | Run correctness tests.                  |          0.00008400 |       0.00008400 |   0.00008445 |        0.00008445 |        0.00000000 |        0.00008445 |        0.00008445 
--------------------------------------------------------------------------------------------------------------------------------------------------------------------------------------------------
                | Total time for CCTK_PARAMCHECK          |          0.00022900 |       0.00022900 |   0.00022893 |        0.00022893 |        0.00000000 |        0.00022893 |        0.00022893 
==================================================================================================================================================================================================
ADMBase         | Set the shift_state variable to 1       |          0.00003500 |       0.00003400 |   0.00003455 |        0.00003455 |        0.00000000 |        0.00003455 |        0.00003455 
ADMBase         | Set the dtlapse_state variable to 1     |          0.00002500 |       0.00002500 |   0.00002475 |        0.00002475 |        0.00000000 |        0.00002475 |        0.00002475 
ADMBase         | Set the dtshift_state variable to 1     |          0.00002300 |       0.00002300 |   0.00002350 |        0.00002350 |        0.00000000 |        0.00002350 |        0.00002350 
ADMMacros       | Initialize the local_spatial_order      |          0.00002400 |       0.00002400 |   0.00002369 |        0.00002369 |        0.00000000 |        0.00002369 |        0.00002369 
CartGrid3D      | Set up ranges for spatial 3D Cartesian c|          0.00007800 |       0.00007800 |   0.00007746 |        0.00007746 |        0.00000000 |        0.00007746 |        0.00007746 
CartGrid3D      | Set up spatial 3D Cartesian coordinates |          0.00007600 |       0.00007600 |   0.00007518 |        0.00007518 |        0.00000000 |        0.00007518 |        0.00007518 
SphericalSurface| Set surface resolution automatically    |          0.00004300 |       0.00004200 |   0.00004221 |        0.00004221 |        0.00000000 |        0.00004221 |        0.00004221 
ML_ADMConstraint| check boundaries treatment              |          0.00003500 |       0.00003500 |   0.00003465 |        0.00003465 |        0.00000000 |        0.00003465 |        0.00003465 
ML_BSSN         | check boundaries treatment              |          0.00003100 |       0.00003200 |   0.00003174 |        0.00003174 |        0.00000000 |        0.00003174 |        0.00003174 
NaNChecker      | Reset the NaNChecker::NaNsFound counter |          0.00001900 |       0.00001900 |   0.00001859 |        0.00001859 |        0.00000000 |        0.00001859 |        0.00001859 
SphericalSurface| Calculate surface coordinate descriptors|          0.00001600 |       0.00001500 |   0.00001514 |        0.00001514 |        0.00000000 |        0.00001514 |        0.00001514 
CarpetReduce    | Allocate the weight function            |          0.00006100 |       0.00006100 |   0.00006069 |        0.00006069 |        0.00000000 |        0.00006069 |        0.00006069 
CarpetReduce    | Initialise the weight function          |          0.00010100 |       0.00001100 |   0.00010036 |        0.00010036 |        0.00000000 |        0.00010036 |        0.00010036 
CarpetReduce    | Set up the outer boundaries of the weigh|          0.00010100 |       0.00000000 |   0.00010018 |        0.00010018 |        0.00000000 |        0.00010018 |        0.00010018 
CarpetReduce    | Set up the weight function for the restr|          0.00004400 |       0.00000000 |   0.00004399 |        0.00004399 |        0.00000000 |        0.00004399 |        0.00004399 
CarpetReduce    | Set the weight function                 |          0.00005900 |       0.00000000 |   0.00005837 |        0.00005837 |        0.00000000 |        0.00005837 |        0.00005837 
CarpetReduce    | Test the weight function                |          0.00007500 |       0.00000000 |   0.00007485 |        0.00007485 |        0.00000000 |        0.00007485 |        0.00007485 
SphericalSurface| Set surface radii to be used for initial|          0.00001700 |       0.00000000 |   0.00001644 |        0.00001644 |        0.00000000 |        0.00001644 |        0.00001644 
SphericalSurface| Test the state of the spherical surfaces|          0.00001500 |       0.00000000 |   0.00001538 |        0.00001538 |        0.00000000 |        0.00001538 |        0.00001538 
SymBase         | Check whether the driver set up the grid|          0.00002900 |       0.00000000 |   0.00002927 |        0.00002927 |        0.00000000 |        0.00002927 |        0.00002927 
Time            | Initialise Time variables               |          0.00001600 |       0.00000000 |   0.00001580 |        0.00001580 |        0.00000000 |        0.00001580 |        0.00001580 
Time            | Set timestep based on Courant condition |          0.00002500 |       0.00000000 |   0.00002474 |        0.00002474 |        0.00000000 |        0.00002474 |        0.00002474 
--------------------------------------------------------------------------------------------------------------------------------------------------------------------------------------------------
                | Total time for CCTK_BASEGRID            |          0.00094800 |       0.00047500 |   0.00094154 |        0.00094154 |        0.00000000 |        0.00094154 |        0.00094154 
==================================================================================================================================================================================================
StaticConformal | Set the conformal_state variable to 0   |          0.00009300 |       0.00000000 |   0.00009327 |        0.00003109 |        0.00001897 |        0.00002311 |        0.00004658 
Exact           | decode/copy thorn Exact parameters into |          0.00008400 |       0.00000000 |   0.00008478 |        0.00002826 |        0.00000981 |        0.00002422 |        0.00003627 
Exact           | Set initial data from exact solution on |          0.00823900 |       0.00782400 |   0.00823914 |        0.00274638 |        0.00043620 |        0.00245315 |        0.00306806 
ADMBase         | Set the lapse to 1 at all points        |          0.00008400 |       0.00008100 |   0.00008385 |        0.00002795 |        0.00000295 |        0.00002627 |        0.00003029 
ADMBase         | Set the shift to 0 at all points        |          0.00007800 |       0.00007300 |   0.00007624 |        0.00002541 |        0.00000143 |        0.00002447 |        0.00002648 
ADMBase         | Set the dtlapse to 0 at all points      |          0.00007000 |       0.00006600 |   0.00006942 |        0.00002314 |        0.00000196 |        0.00002224 |        0.00002474 
ADMBase         | Set the dtshift to 0 at all points      |          0.00007500 |       0.00007200 |   0.00007525 |        0.00002508 |        0.00000165 |        0.00002401 |        0.00002633 
CarpetIOASCII   | Initialisation routine                  |          0.00005000 |       0.00004600 |   0.00004940 |        0.00001647 |        0.00000161 |        0.00001548 |        0.00001771 
CarpetIOBasic   | Initialisation routine                  |          0.00004300 |       0.00004200 |   0.00004341 |        0.00001447 |        0.00000145 |        0.00001347 |        0.00001552 
CarpetIOHDF5    | Initialisation routine                  |          0.00004200 |       0.00003900 |   0.00004200 |        0.00001400 |        0.00000184 |        0.00001324 |        0.00001550 
CarpetIOScalar  | Initialisation routine                  |          0.00004200 |       0.00003900 |   0.00004161 |        0.00001387 |        0.00000214 |        0.00001294 |        0.00001562 
ML_BSSN         | ML_BSSN_InitialADMBase1Everywhere       |          0.00055300 |       0.00053900 |   0.00055365 |        0.00018455 |        0.00003436 |        0.00015991 |        0.00020849 
ML_BSSN         | ML_BSSN_InitialADMBase2BoundaryScalar   |          0.00008700 |       0.00008500 |   0.00008674 |        0.00002891 |        0.00000309 |        0.00002737 |        0.00003142 
MoL             | Initialise the step size control        |          0.00002300 |       0.00002200 |   0.00002199 |        0.00000733 |        0.00000189 |        0.00000652 |        0.00000888 
ML_BSSN         | ML_BSSN_InitialADMBase2Interior         |          0.00066300 |       0.00064800 |   0.00066238 |        0.00022079 |        0.00010035 |        0.00017724 |        0.00030267 
--------------------------------------------------------------------------------------------------------------------------------------------------------------------------------------------------
                | Total time for CCTK_INITIAL             |          0.01022600 |       0.00957600 |   0.01022313 |        0.00340771 |        0.00061972 |        0.00302364 |        0.00387454 
==================================================================================================================================================================================================
CarpetIOHDF5    | Close all filereader input files        |          0.00006200 |       0.00005900 |   0.00006024 |        0.00002008 |        0.00001123 |        0.00001533 |        0.00002924 
ML_BSSN         | ML_BSSN_EnforceEverywhere               |          0.00020700 |       0.00020600 |   0.00020731 |        0.00006910 |        0.00002000 |        0.00005735 |        0.00008480 
ADMBase         | Select ADMBase boundary conditions - may|          0.00078100 |       0.00074400 |   0.00078014 |        0.00026005 |        0.00030218 |        0.00013559 |        0.00050677 
Boundary        | Apply all requested local physical bound|          0.00057900 |       0.00024500 |   0.00057714 |        0.00002748 |        0.00001311 |        0.00002539 |        0.00003922 
CartGrid3D      | Apply symmetry boundary conditions      |          0.00048700 |       0.00019600 |   0.00048396 |        0.00002305 |        0.00001845 |        0.00002108 |        0.00004016 
Periodic        | Apply periodic boundary conditions      |          0.02853300 |       0.01545000 |   0.02853389 |        0.00135876 |        0.00567237 |        0.00002049 |        0.00358948 
Boundary        | Unselect all grid variables for boundary|          0.00014600 |       0.00006700 |   0.00014540 |        0.00000692 |        0.00000507 |        0.00000618 |        0.00001173 
ML_BSSN         | select boundary conditions              |          0.00077000 |       0.00036400 |   0.00076940 |        0.00025647 |        0.00018238 |        0.00017907 |        0.00040534 
ML_ADMConstraint| select boundary conditions              |          0.00002400 |       0.00001300 |   0.00002363 |        0.00000788 |        0.00000349 |        0.00000641 |        0.00001073 
ML_BSSN         | ML_BSSN_ADMBaseInterior                 |          0.00037500 |       0.00000000 |   0.00037458 |        0.00012486 |        0.00000772 |        0.00012122 |        0.00013113 
ML_BSSN         | ML_BSSN_ADMBaseBoundaryScalar           |          0.00024400 |       0.00000000 |   0.00024399 |        0.00008133 |        0.00000733 |        0.00007601 |        0.00008636 
ML_BSSN         | ML_BSSN_ADMBaseEverywhere               |          0.00033500 |       0.00000000 |   0.00033457 |        0.00011152 |        0.00001374 |        0.00010073 |        0.00011957 
ML_BSSN_Helper  | Select boundary conditions for ADMBase v|          0.00005300 |       0.00000000 |   0.00005184 |        0.00001728 |        0.00000447 |        0.00001523 |        0.00002092 
ML_ADMConstraint| ML_ADMConstraints_evaluate              |          0.00121900 |       0.00120700 |   0.00121804 |        0.00040601 |        0.00003684 |        0.00038370 |        0.00043464 
ML_ADMConstraint| ML_ADMConstraints_evaluate_SelectBCs    |          0.00022000 |       0.00017900 |   0.00022069 |        0.00007356 |        0.00001075 |        0.00006609 |        0.00008129 
ML_BSSN         | ML_BSSN_ConstraintsEverywhere           |          0.00012500 |       0.00008000 |   0.00012560 |        0.00004187 |        0.00000734 |        0.00003871 |        0.00004786 
ML_BSSN         | ML_BSSN_ConstraintsEverywhere_SelectBCs |          0.00021200 |       0.00008300 |   0.00021130 |        0.00007043 |        0.00002412 |        0.00005341 |        0.00008752 
ML_BSSN         | ML_BSSN_ConstraintsInterior             |          0.00100900 |       0.00066800 |   0.00100879 |        0.00033626 |        0.00000677 |        0.00033110 |        0.00034055 
ML_BSSN         | ML_BSSN_ConstraintsInterior_SelectBCs   |          0.00024500 |       0.00016200 |   0.00024413 |        0.00008138 |        0.00000200 |        0.00007985 |        0.00008263 
--------------------------------------------------------------------------------------------------------------------------------------------------------------------------------------------------
                | Total time for CCTK_POSTINITIAL         |          0.03562600 |       0.01972300 |   0.03561466 |        0.00337430 |        0.00634936 |        0.00173294 |        0.00614997 
==================================================================================================================================================================================================
CarpetIOHDF5    | Initial data checkpoint routine         |          0.00003900 |       0.00003900 |   0.00003919 |        0.00003919 |        0.00000000 |        0.00003919 |        0.00003919 
--------------------------------------------------------------------------------------------------------------------------------------------------------------------------------------------------
                | Total time for CCTK_CPINITIAL           |          0.00003900 |       0.00003900 |   0.00003919 |        0.00003919 |        0.00000000 |        0.00003919 |        0.00003919 
==================================================================================================================================================================================================
NaNChecker      | Prepare data structures to check for NaN|          0.00001700 |       0.00001700 |   0.00001675 |        0.00001675 |        0.00000000 |        0.00001675 |        0.00001675 
NaNChecker      | Check for NaNs                          |          0.00066900 |       0.00066900 |   0.00066895 |        0.00066895 |        0.00000000 |        0.00066895 |        0.00066895 
NaNChecker      | Count NaNs in NaNChecker::NaNsFound     |          0.00001400 |       0.00001400 |   0.00001388 |        0.00001388 |        0.00000000 |        0.00001388 |        0.00001388 
NaNChecker      | Output NaNChecker::NaNmask and take acti|          0.00002500 |       0.00002400 |   0.00002484 |        0.00002484 |        0.00000000 |        0.00002484 |        0.00002484 
SphericalSurface| Set surface radii                       |          0.00001600 |       0.00001600 |   0.00001646 |        0.00001646 |        0.00000000 |        0.00001646 |        0.00001646 
SphericalSurface| Test the state of the spherical surfaces|          0.00001600 |       0.00001700 |   0.00001643 |        0.00001643 |        0.00000000 |        0.00001643 |        0.00001643 
--------------------------------------------------------------------------------------------------------------------------------------------------------------------------------------------------
                | Total time for CCTK_POSTSTEP            |          0.00075700 |       0.00075700 |   0.00075731 |        0.00075731 |        0.00000000 |        0.00075731 |        0.00075731 
==================================================================================================================================================================================================
CarpetLib       | Print timing statistics if desired      |          0.00002200 |       0.00002200 |   0.00002165 |        0.00002165 |        0.00000000 |        0.00002165 |        0.00002165 
CarpetLib       | Print memory statistics if desired      |          0.00001600 |       0.00001600 |   0.00001581 |        0.00001581 |        0.00000000 |        0.00001581 |        0.00001581 
LoopControl     | Output LoopControl statistics           |          0.00003300 |       0.00003300 |   0.00003265 |        0.00003265 |        0.00000000 |        0.00003265 |        0.00003265 
--------------------------------------------------------------------------------------------------------------------------------------------------------------------------------------------------
                | Total time for CCTK_ANALYSIS            |          0.00007100 |       0.00007100 |   0.00007011 |        0.00007011 |        0.00000000 |        0.00007011 |        0.00007011 
==================================================================================================================================================================================================
CarpetIOHDF5    | Termination checkpoint routine          |          0.00005300 |       0.00005300 |   0.00005197 |        0.00005197 |        0.00000000 |        0.00005197 |        0.00005197 
LoopControl     | Output LoopControl statistics           |          0.00003500 |       0.00003500 |   0.00003464 |        0.00003464 |        0.00000000 |        0.00003464 |        0.00003464 
MoL             | Free the MoL bookkeeping index arrays   |          0.00003100 |       0.00003100 |   0.00003100 |        0.00003100 |        0.00000000 |        0.00003100 |        0.00003100 
--------------------------------------------------------------------------------------------------------------------------------------------------------------------------------------------------
                | Total time for CCTK_TERMINATE           |          0.00011900 |       0.00011900 |   0.00011761 |        0.00011761 |        0.00000000 |        0.00011761 |        0.00011761 
==================================================================================================================================================================================================
Timers          | Prepare hierarchical timers             |          0.00010800 |       0.00010800 |   0.00010860 |        0.00010860 |        0.00000000 |        0.00010860 |        0.00010860 
--------------------------------------------------------------------------------------------------------------------------------------------------------------------------------------------------
                | Total time for CCTK_SHUTDOWN            |          0.00010800 |       0.00010800 |   0.00010860 |        0.00010860 |        0.00000000 |        0.00010860 |        0.00010860 
==================================================================================================================================================================================================
--------------------------------------------------------------------------------------------------------------------------------------------------------------------------------------------------
                | Total time for simulation               |          0.05724800 |       0.03569100 |   0.05724693 |        0.05724693 |        0.00000000 |        0.05724693 |        0.05724693 
==================================================================================================================================================================================================
--------------------------------------------------------------------------------
Done.
+ echo Stopping:
Stopping:
+ date
Mon Jun  8 21:11:04 UTC 2026
+ echo Done.
Done.
  Elapsed time: 0.9 s
