/home/runner/simulations/TestJob01_temp_1/output-0000/TEST/sim/Extract
Preparing:
+ set -e
+ cd output-0000-active
+ echo Checking:
Checking:
+ pwd
/home/runner/simulations/TestJob01_temp_1/output-0000/TEST/sim/Extract/output-0000-active
+ hostname
runnervmlun5p
+ date
Sat Sep 19 15:52:12 UTC 2026
+ echo Environment:
Environment:
+ export CACTUS_NUM_PROCS=1
+ CACTUS_NUM_PROCS=1
+ export CACTUS_NUM_THREADS=2
+ CACTUS_NUM_THREADS=2
+ export GMON_OUT_PREFIX=gmon.out
+ GMON_OUT_PREFIX=gmon.out
+ export OMP_NUM_THREADS=2
+ OMP_NUM_THREADS=2
+ env
+ sort
+ echo Starting:
Starting:
++ date +%s
+ export CACTUS_STARTTIME=1789833132
+ CACTUS_STARTTIME=1789833132
+ '[' 1 = 1 ']'
+ '[' 0 -eq 0 ']'
+ /home/runner/simulations/TestJob01_temp_1/SIMFACTORY/exe/cactus_sim -L 3 /home/runner/simulations/TestJob01_temp_1/output-0000/arrangements/EinsteinAnalysis/Extract/test/qc0-mclachlan.par
INFO (Cactus): Increased logging level from 0 to 3
--------------------------------------------------------------------------------

       10                                  
  1   0101       ************************  
  01  1010 10      The Cactus Code V4.20.0    
 1010 1101 011      www.cactuscode.org     
  1001 100101    ************************  
    00010101                               
     100011     (c) Copyright The Authors  
      0100      GNU Licensed. No Warranty  
      0101                                 
--------------------------------------------------------------------------------

Cactus version:    4.20.0
Compile date:      Sep 19 2026 (15:42:57)
Run date:          Sep 19 2026 (15:52:13+0000)
Run host:          runnervmlun5p.yo2jsnv3aaiufmiidgoerdg2xa.bx.internal.cloudapp.net (pid=170301)
Working directory: /home/runner/simulations/TestJob01_temp_1/output-0000/TEST/sim/Extract
Executable:        /home/runner/simulations/TestJob01_temp_1/SIMFACTORY/exe/cactus_sim
Parameter file:    /home/runner/simulations/TestJob01_temp_1/output-0000/arrangements/EinsteinAnalysis/Extract/test/qc0-mclachlan.par
--------------------------------------------------------------------------------

Activating thorn Cactus...Success -> active implementation Cactus
Activation requested for 
--->IOUtil AEILocalInterp Fortran GSL GenericFD HDF5 LocalInterp LoopControl Slab TGRtensor SummationByParts InitBase Carpet CarpetLib CarpetInterp CarpetReduce CarpetSlab NaNChecker Boundary CartGrid3D CoordBase ReflectionSymmetry SymBase SphericalSurface CarpetMask CarpetRegrid2 CarpetTracker MoL Time ADMBase ADMMacros CoordGauge SpaceMask StaticConformal TmunuBase TwoPunctures ML_BSSN ML_BSSN_Helper NewRad Dissipation CarpetIOBasic CarpetIOScalar CarpetIOASCII Extract<---
Thorn Carpet requests automatic activation of MPI
Thorn Carpet requests automatic activation of Timers
Thorn CarpetLib requests automatic activation of Vectors
Thorn CarpetLib requests automatic activation of Boost
Thorn CarpetLib requests automatic activation of CycleClock
Thorn HDF5 requests automatic activation of zlib
Thorn LoopControl requests automatic activation of hwloc
Thorn TGRtensor requests automatic activation of LAPACK
Thorn LAPACK requests automatic activation of BLAS
Activating thorn ADMBase...Success -> active implementation ADMBase
Activating thorn ADMMacros...Success -> active implementation ADMMacros
Activating thorn AEILocalInterp...Success -> active implementation AEILocalInterp
Activating thorn BLAS...Success -> active implementation BLAS
Activating thorn Boost...Success -> active implementation Boost
Activating thorn Boundary...Success -> active implementation boundary
Activating thorn Carpet...Success -> active implementation Driver
Activating thorn CarpetInterp...Success -> active implementation interp
Activating thorn CarpetIOASCII...Success -> active implementation IOASCII
Activating thorn CarpetIOBasic...Success -> active implementation IOBasic
Activating thorn CarpetIOScalar...Success -> active implementation IOScalar
Activating thorn CarpetLib...Success -> active implementation CarpetLib
Activating thorn CarpetMask...Success -> active implementation CarpetMask
Activating thorn CarpetReduce...Success -> active implementation reduce
Activating thorn CarpetRegrid2...Success -> active implementation CarpetRegrid2
Activating thorn CarpetSlab...Success -> active implementation Hyperslab
Activating thorn CarpetTracker...Success -> active implementation CarpetTracker
Activating thorn CartGrid3D...Success -> active implementation grid
Activating thorn CoordBase...Success -> active implementation CoordBase
Activating thorn CoordGauge...Success -> active implementation CoordGauge
Activating thorn CycleClock...Success -> active implementation CycleClock
Activating thorn Dissipation...Success -> active implementation Dissipation
Activating thorn Extract...Success -> active implementation extract
Activating thorn Fortran...Success -> active implementation Fortran
Activating thorn GenericFD...Success -> active implementation GenericFD
Activating thorn GSL...Success -> active implementation GSL
Activating thorn HDF5...Success -> active implementation HDF5
Activating thorn hwloc...Success -> active implementation hwloc
Activating thorn InitBase...Success -> active implementation InitBase
Activating thorn IOUtil...Success -> active implementation IO
Activating thorn LAPACK...Success -> active implementation LAPACK
Activating thorn LocalInterp...Success -> active implementation LocalInterp
Activating thorn LoopControl...Success -> active implementation LoopControl
Activating thorn ML_BSSN...Success -> active implementation ML_BSSN
Activating thorn ML_BSSN_Helper...Success -> active implementation ML_BSSN_Helper
Activating thorn MoL...Success -> active implementation MethodOfLines
Activating thorn MPI...Success -> active implementation MPI
Activating thorn NaNChecker...Success -> active implementation NaNChecker
Activating thorn NewRad...Success -> active implementation NewRad
Activating thorn ReflectionSymmetry...Success -> active implementation ReflectionSymmetry
Activating thorn Slab...Success -> active implementation Slab
Activating thorn SpaceMask...Success -> active implementation SpaceMask
Activating thorn SphericalSurface...Success -> active implementation SphericalSurface
Activating thorn StaticConformal...Success -> active implementation StaticConformal
Activating thorn SummationByParts...Success -> active implementation SummationByParts
Activating thorn SymBase...Success -> active implementation SymBase
Activating thorn TGRtensor...Success -> active implementation TGRtensor
Activating thorn Time...Success -> active implementation time
Activating thorn Timers...Success -> active implementation Timers
Activating thorn TmunuBase...Success -> active implementation TmunuBase
Activating thorn TwoPunctures...Success -> active implementation TwoPunctures
Activating thorn Vectors...Success -> active implementation Vectors
Activating thorn zlib...Success -> active implementation zlib
--------------------------------------------------------------------------------
  if (recover initial data)
    Recover parameters
  endif

  Startup routines
    [CCTK_STARTUP]
      Carpet::MultiModel_Startup: Multi-model Startup routine
      CycleClock::CycleClock_Setup: Set up CycleClock
      LoopControl::LC_setup: Set up LoopControl
      ML_BSSN_Helper::ML_BSSN_SetGroupTags: [meta] Set checkpointing and prolongation group tags
      Timers::Timer_Startup: Prepare hierarchical timers
      Carpet::Driver_Startup: Startup routine
      CarpetInterp::CarpetInterpStartup: Startup routine
      CarpetReduce::CarpetReduceStartup: Startup routine
      CartGrid3D::SymmetryStartup: Register GH Extension for GridSymmetry
      CoordBase::CoordBase_Startup: Register a GH extension to store the coordinate system handles
      AEILocalInterp::AEILocalInterp_U_Startup: register CCTK_InterpLocalUniform() interpolation operators
      IOUtil::IOUtil_Startup: Startup routine
      LocalInterp::LocalInterp_Startup: register LocalInterp's interpolation operators
      CarpetIOBasic::CarpetIOBasicStartup: [global] Startup routine
      ML_BSSN::ML_BSSN_Startup: [meta] create banner
      ML_BSSN_Helper::ML_BSSN_RegisterSlicing: [meta] Register slicing
      CarpetIOScalar::CarpetIOScalarStartup: [global] Startup routine
      MoL::MoL_Startup: Startup banner
      Slab::Slab_InitMPIDatatypes: Create MPI datatypes for complex variables in C
      SymBase::SymBase_Startup: Register GH Extension for SymBase
      CarpetIOASCII::CarpetIOASCIIStartup: [global] Startup routine
      Vectors::Vectors_Startup: Print startup message
      GROUP hwloc_startup: hwloc startup group
        hwloc::hwloc_version: Output hwloc version

  Startup routines which need an existing grid hierarchy
    [CCTK_WRAGH]
      ADMBase::Einstein_InitSymBound: [global] Set up GF symmetries
      Boundary::Boundary_RegisterBCs: [global] Register boundary conditions that this thorn provides
      CarpetRegrid2::CarpetRegrid2_Initialise: [global] Initialise locations of refined regions
      CartGrid3D::RegisterCartGrid3DCoords: [meta] Register coordinates for the Cartesian grid
      CoordGauge::Einstein_ActivateSlicing: Initialize slicing, setup priorities for mixed slicings
      CoordGauge::Einstein_SetNextSlicing: Identify the slicing for the next iteration
      ML_BSSN_Helper::ML_BSSN_ParamCompat: [meta] Handle parameter backward compatibility
      MoL::MoL_SetupIndexArrays: Set up the MoL bookkeeping index arrays
      MoL::MoL_SetScheduleStatus: [global] Set the flag so it is ok to register with MoL
      TmunuBase::TmunuBase_SetStressEnergyState: [global] Set the stress_energy_state variable
      GROUP MoL_Register: The group where physics thorns register variables with MoL
        ML_BSSN::ML_BSSN_RegisterVars: [meta] Register Variables for MoL
        ML_BSSN_Helper::ML_BSSN_RegisterConstrained: [meta] Register ADMBase variables as constrained
      Slab::Slab_InitTimers: Initialise timers
      GROUP SymBase_Wrapper: Wrapper group for SymBase
        GROUP SymmetryRegister: Register your symmetries here
          CartGrid3D::CartGrid3D_RegisterSymmetryBoundaries: [meta] Register symmetry boundaries
          ML_BSSN::ML_BSSN_RegisterSymmetries: [meta] register symmetries
          ReflectionSymmetry::ReflectionSymmetry_Register: Register reflection symmetry boundaries
        SymBase::SymBase_Statistics: Print symmetry boundary face descriptions
      MoL::MoL_ReportNumberVariables: [meta] Report how many of each type of variable there are
  Parameter checking routines
    [CCTK_PARAMCHECK]
      ADMBase::ADMBase_ParamCheck: [global] Check consistency of parameters
      Boundary::Boundary_Check: Check dimension of grid variables
      Carpet::CarpetParamCheck: Parameter checking routine
      CarpetLib::CarpetLib_test_prolongate_3d_rf2: [global] Test prolongation operators
      CarpetMask::CarpetSurfaceParamCheck: [global] Check parameters
      CarpetRegrid2::CarpetRegrid2_ParamCheck: Check parameters
      CartGrid3D::ParamCheck_CartGrid3D: Check coordinates for CartGrid3D
      Dissipation::dissipation_paramcheck: Check dissipation parameters for consistency
      Extract::Extract_ParamCheck: [global] Check parameters
      Fortran::CheckFortranParameters: Test whether Fortran parameters work correctly
      ML_BSSN_Helper::ML_BSSN_ParamCheck: [meta] Check parameters
      MoL::MoL_ParamCheck: Basic parameter checking
      SphericalSurface::SphericalSurface_ParamCheck: [global] Check that all surface names are unique
      TmunuBase::TmunuBase_ParamCheck: [global] Check that no deprecated parameters are used.
      TwoPunctures::TwoPunctures_ParamCheck: Check parameters and thorn needs
      Vectors::Vectors_Test: Run correctness tests.

  Initialisation
    if (NOT (recover initial data AND recovery_mode is 'strict'))
      [CCTK_PREREGRIDINITIAL]
      Set up grid hierarchy
      [CCTK_POSTREGRIDINITIAL]
        CartGrid3D::SpatialCoordinates: Set Coordinates after regridding
        GROUP MaskBase_SetupMask: Set up the weight function
          GROUP MaskBase_SetupMaskAll: Set up the weight function
            CarpetReduce::MaskBase_AllocateMask: [global] Allocate the weight function
            CarpetReduce::MaskBase_InitMask: [global] [loop-local] Initialise the weight function
            GROUP SetupIMaskInternal: Set up the integer weight function (schedule other routines in here)
              CarpetReduce::CoordBase_SetupMask: [global] [loop-local] Set up the outer boundaries of the weight function
              CarpetReduce::CarpetMaskSetup: [global] [loop-singlemap] Set up the weight function for the restriction regions
            GROUP SetupIMask: Set up the integer weight function (schedule other routines in here)
              CarpetMask::CarpetExcludedSetup: [global] [loop-local] Set up the weight function for the excluded regions
              CarpetMask::CarpetSurfaceSetup: [global] [loop-local] Set up the weight function for the excluded spherical surfaces
            CarpetReduce::MaskBase_SetMask: [global] [loop-local] Set the weight function
            GROUP SetupMask: Set up the real weight function (schedule other routines in here)
            CarpetReduce::MaskBase_TestMask: [global] Test the weight function
        Dissipation::setup_epsdis: Setup spatially varying dissipation
        GROUP MoL_PseudoEvolutionBoundaries: Apply boundary conditions to pseudo-evolved quantities
          GROUP ML_BSSN_ConstraintsEverywhere_bc_group: ML_BSSN_ConstraintsEverywhere
            ML_BSSN::ML_BSSN_ConstraintsEverywhere_SelectBCs: [level] ML_BSSN_ConstraintsEverywhere_SelectBCs
            GROUP ML_BSSN_ConstraintsEverywhere_ApplyBCs: Apply BCs for groups set in ML_BSSN_ConstraintsEverywhere
              GROUP BoundaryConditions: Execute all boundary conditions
                Boundary::Boundary_ApplyPhysicalBCs: Apply all requested local physical boundary conditions
                CartGrid3D::CartGrid3D_ApplyBC: Apply symmetry boundary conditions
                ReflectionSymmetry::ReflectionSymmetry_Apply: Apply reflection symmetries
              Boundary::Boundary_ClearSelection: [level] Unselect all grid variables for boundary conditions
          GROUP ML_BSSN_ConstraintsInterior_bc_group: ML_BSSN_ConstraintsInterior
            ML_BSSN::ML_BSSN_ConstraintsInterior_SelectBCs: [level] ML_BSSN_ConstraintsInterior_SelectBCs
            GROUP ML_BSSN_ConstraintsInterior_ApplyBCs: Apply BCs for groups set in ML_BSSN_ConstraintsInterior
              GROUP BoundaryConditions: Execute all boundary conditions
                Boundary::Boundary_ApplyPhysicalBCs: Apply all requested local physical boundary conditions
                CartGrid3D::CartGrid3D_ApplyBC: Apply symmetry boundary conditions
                ReflectionSymmetry::ReflectionSymmetry_Apply: Apply reflection symmetries
              Boundary::Boundary_ClearSelection: [level] Unselect all grid variables for boundary conditions
      [CCTK_BASEGRID]
        ADMBase::ADMBase_SetShiftStateOn: Set the shift_state variable to 1
        ADMBase::ADMBase_SetDtLapseStateOn: Set the dtlapse_state variable to 1
        ADMBase::ADMBase_SetDtShiftStateOn: Set the dtshift_state variable to 1
        ADMMacros::ADMMacros_SetLocalSpatialOrder: Initialize the local_spatial_order
        CartGrid3D::SpatialSpacings: Set up ranges for spatial 3D Cartesian coordinates (on all grids)
        CartGrid3D::SpatialCoordinates: Set up spatial 3D Cartesian coordinates on the GH
        SphericalSurface::SphericalSurface_SetupRes: [global] [loop-local] Set surface resolution automatically
        Dissipation::dissipation_basegrid: Ensure that there are enough ghost zones
        ML_BSSN::ML_BSSN_CheckBoundaries: [meta] check boundaries treatment
        NaNChecker::NaNChecker_ResetCounter: [global] Reset the NaNChecker::NaNsFound counter
        SphericalSurface::SphericalSurface_Setup: [global] Calculate surface coordinate descriptors
        GROUP MaskBase_SetupMask: Set up the weight function
          GROUP MaskBase_SetupMaskAll: Set up the weight function
            CarpetReduce::MaskBase_AllocateMask: [global] Allocate the weight function
            CarpetReduce::MaskBase_InitMask: [global] [loop-local] Initialise the weight function
            GROUP SetupIMaskInternal: Set up the integer weight function (schedule other routines in here)
              CarpetReduce::CoordBase_SetupMask: [global] [loop-local] Set up the outer boundaries of the weight function
              CarpetReduce::CarpetMaskSetup: [global] [loop-singlemap] Set up the weight function for the restriction regions
            GROUP SetupIMask: Set up the integer weight function (schedule other routines in here)
              CarpetMask::CarpetExcludedSetup: [global] [loop-local] Set up the weight function for the excluded regions
              CarpetMask::CarpetSurfaceSetup: [global] [loop-local] Set up the weight function for the excluded spherical surfaces
            CarpetReduce::MaskBase_SetMask: [global] [loop-local] Set the weight function
            GROUP SetupMask: Set up the real weight function (schedule other routines in here)
            CarpetReduce::MaskBase_TestMask: [global] Test the weight function
        SphericalSurface::SphericalSurface_Set: [global] Set surface radii to be used for initial setup in other thorns
        GROUP SphericalSurface_HasBeenSet: Set the spherical surfaces before this group, and use it afterwards
          SphericalSurface::SphericalSurface_CheckState: [global] Test the state of the spherical surfaces
        SummationByParts::SBP_SetNormMask: Setup the mask for the calculation of the norm
        SymBase::SymBase_Check: Check whether the driver set up the grid consistently
        Time::Time_Initialise: [global] Initialise Time variables
        Time::TemporalSpacings: [singlemap] Set timestep based on Courant condition (courant_static)
      [CCTK_INITIAL]
        StaticConformal::StaticConformal_InitialiseState: Set the conformal_state variable to 0
        GROUP ADMBase_InitialData: Schedule group for calculating ADM initial data
          GROUP TwoPunctures_Group: TwoPunctures initial data group
            TwoPunctures::TwoPunctures: Create puncture black hole initial data
            TwoPunctures::TwoPunctures_Metadata: [global] Output TwoPunctures metadata
        GROUP ADMBase_InitialGauge: Schedule group for the ADM initial gauge condition
          ADMBase::ADMBase_ShiftZero: Set the shift to 0 at all points
          ADMBase::ADMBase_DtLapseZero: Set the dtlapse to 0 at all points
          ADMBase::ADMBase_DtShiftZero: Set the dtshift to 0 at all points
        CarpetIOASCII::CarpetIOASCIIInit: [global] Initialisation routine
        CarpetIOBasic::CarpetIOBasicInit: [global] Initialisation routine
        CarpetIOScalar::CarpetIOScalarInit: [global] Initialisation routine
        GROUP ADMBase_PostInitial: Schedule group for modifying the ADM initial data, such as e.g. adding noise
        ML_BSSN::ML_BSSN_InitialADMBase1Everywhere: ML_BSSN_InitialADMBase1Everywhere
        ML_BSSN::ML_BSSN_InitialADMBase2BoundaryScalar: ML_BSSN_InitialADMBase2BoundaryScalar
        ML_BSSN::ML_BSSN_InitialADMBase2Interior: ML_BSSN_InitialADMBase2Interior
        MoL::MoL_StartLoop: [level] Initialise the step size control
        ML_BSSN_Helper::ML_BSSN_ExtrapolateGammas: Extrapolate Gammas and time derivatives of lapse and shift
      [CCTK_POSTINITIAL]
        GROUP MoL_PostStepModify: The group for physics thorns to schedule enforcing constraints
          ML_BSSN::ML_BSSN_EnforceEverywhere: ML_BSSN_EnforceEverywhere
        GROUP MoL_PostStep: Ensure that everything is correct after the initial data have been set up
          ML_BSSN::ML_BSSN_SelectBoundConds: [level] select boundary conditions
          GROUP ML_BSSN_ApplyBCs: Apply boundary conditions controlled by thorn Boundary
            GROUP BoundaryConditions: Execute all boundary conditions
              Boundary::Boundary_ApplyPhysicalBCs: Apply all requested local physical boundary conditions
              CartGrid3D::CartGrid3D_ApplyBC: Apply symmetry boundary conditions
              ReflectionSymmetry::ReflectionSymmetry_Apply: Apply reflection symmetries
            Boundary::Boundary_ClearSelection: [level] Unselect all grid variables for boundary conditions
          ML_BSSN::ML_BSSN_ADMBaseInterior: ML_BSSN_ADMBaseInterior
          ML_BSSN::ML_BSSN_ADMBaseBoundaryScalar: ML_BSSN_ADMBaseBoundaryScalar
          ML_BSSN::ML_BSSN_ADMBaseEverywhere: ML_BSSN_ADMBaseEverywhere
          ML_BSSN_Helper::ML_BSSN_ADMBase_SelectBCs: [level] Select boundary conditions for ADMBase variables
          GROUP ML_BSSN_ADMBase_ApplyBCs: Apply boundary conditions to ADMBase variables
            GROUP BoundaryConditions: Execute all boundary conditions
              Boundary::Boundary_ApplyPhysicalBCs: Apply all requested local physical boundary conditions
              CartGrid3D::CartGrid3D_ApplyBC: Apply symmetry boundary conditions
              ReflectionSymmetry::ReflectionSymmetry_Apply: Apply reflection symmetries
            Boundary::Boundary_ClearSelection: [level] Unselect all grid variables for boundary conditions
          GROUP ADMBase_SetADMVars: Set the ADM variables before this group, and use them afterwards
        GROUP MoL_PseudoEvolution: Calculate pseudo-evolved quantities
          GROUP ADMBase_SetADMVars: Set the ADM variables before this group, and use them afterwards
          GROUP ML_BSSN_ConstraintsEverywhere_group: ML_BSSN_ConstraintsEverywhere
            ML_BSSN::ML_BSSN_ConstraintsEverywhere: ML_BSSN_ConstraintsEverywhere
            GROUP ML_BSSN_ConstraintsEverywhere_bc_group: ML_BSSN_ConstraintsEverywhere
              ML_BSSN::ML_BSSN_ConstraintsEverywhere_SelectBCs: [level] ML_BSSN_ConstraintsEverywhere_SelectBCs
              GROUP ML_BSSN_ConstraintsEverywhere_ApplyBCs: Apply BCs for groups set in ML_BSSN_ConstraintsEverywhere
                GROUP BoundaryConditions: Execute all boundary conditions
                  Boundary::Boundary_ApplyPhysicalBCs: Apply all requested local physical boundary conditions
                  CartGrid3D::CartGrid3D_ApplyBC: Apply symmetry boundary conditions
                  ReflectionSymmetry::ReflectionSymmetry_Apply: Apply reflection symmetries
                Boundary::Boundary_ClearSelection: [level] Unselect all grid variables for boundary conditions
          GROUP ML_BSSN_ConstraintsInterior_group: ML_BSSN_ConstraintsInterior
            ML_BSSN::ML_BSSN_ConstraintsInterior: ML_BSSN_ConstraintsInterior
            GROUP ML_BSSN_ConstraintsInterior_bc_group: ML_BSSN_ConstraintsInterior
              ML_BSSN::ML_BSSN_ConstraintsInterior_SelectBCs: [level] ML_BSSN_ConstraintsInterior_SelectBCs
              GROUP ML_BSSN_ConstraintsInterior_ApplyBCs: Apply BCs for groups set in ML_BSSN_ConstraintsInterior
                GROUP BoundaryConditions: Execute all boundary conditions
                  Boundary::Boundary_ApplyPhysicalBCs: Apply all requested local physical boundary conditions
                  CartGrid3D::CartGrid3D_ApplyBC: Apply symmetry boundary conditions
                  ReflectionSymmetry::ReflectionSymmetry_Apply: Apply reflection symmetries
                Boundary::Boundary_ClearSelection: [level] Unselect all grid variables for boundary conditions
        SummationByParts::SBP_CheckGridSizes: Check grid sizes and ghost zones
      Initialise finer grids recursively
      Restrict from finer grids
      [CCTK_POSTRESTRICTINITIAL]
        GROUP MoL_PostStep: Ensure that everything is correct after restriction
          ML_BSSN::ML_BSSN_SelectBoundConds: [level] select boundary conditions
          GROUP ML_BSSN_ApplyBCs: Apply boundary conditions controlled by thorn Boundary
            GROUP BoundaryConditions: Execute all boundary conditions
              Boundary::Boundary_ApplyPhysicalBCs: Apply all requested local physical boundary conditions
              CartGrid3D::CartGrid3D_ApplyBC: Apply symmetry boundary conditions
              ReflectionSymmetry::ReflectionSymmetry_Apply: Apply reflection symmetries
            Boundary::Boundary_ClearSelection: [level] Unselect all grid variables for boundary conditions
          ML_BSSN::ML_BSSN_ADMBaseInterior: ML_BSSN_ADMBaseInterior
          ML_BSSN::ML_BSSN_ADMBaseBoundaryScalar: ML_BSSN_ADMBaseBoundaryScalar
          ML_BSSN::ML_BSSN_ADMBaseEverywhere: ML_BSSN_ADMBaseEverywhere
          ML_BSSN_Helper::ML_BSSN_ADMBase_SelectBCs: [level] Select boundary conditions for ADMBase variables
          GROUP ML_BSSN_ADMBase_ApplyBCs: Apply boundary conditions to ADMBase variables
            GROUP BoundaryConditions: Execute all boundary conditions
              Boundary::Boundary_ApplyPhysicalBCs: Apply all requested local physical boundary conditions
              CartGrid3D::CartGrid3D_ApplyBC: Apply symmetry boundary conditions
              ReflectionSymmetry::ReflectionSymmetry_Apply: Apply reflection symmetries
            Boundary::Boundary_ClearSelection: [level] Unselect all grid variables for boundary conditions
          GROUP ADMBase_SetADMVars: Set the ADM variables before this group, and use them afterwards
        GROUP MoL_PseudoEvolutionBoundaries: Apply boundary conditions to pseudo-evolved quantities
          GROUP ML_BSSN_ConstraintsEverywhere_bc_group: ML_BSSN_ConstraintsEverywhere
            ML_BSSN::ML_BSSN_ConstraintsEverywhere_SelectBCs: [level] ML_BSSN_ConstraintsEverywhere_SelectBCs
            GROUP ML_BSSN_ConstraintsEverywhere_ApplyBCs: Apply BCs for groups set in ML_BSSN_ConstraintsEverywhere
              GROUP BoundaryConditions: Execute all boundary conditions
                Boundary::Boundary_ApplyPhysicalBCs: Apply all requested local physical boundary conditions
                CartGrid3D::CartGrid3D_ApplyBC: Apply symmetry boundary conditions
                ReflectionSymmetry::ReflectionSymmetry_Apply: Apply reflection symmetries
              Boundary::Boundary_ClearSelection: [level] Unselect all grid variables for boundary conditions
          GROUP ML_BSSN_ConstraintsInterior_bc_group: ML_BSSN_ConstraintsInterior
            ML_BSSN::ML_BSSN_ConstraintsInterior_SelectBCs: [level] ML_BSSN_ConstraintsInterior_SelectBCs
            GROUP ML_BSSN_ConstraintsInterior_ApplyBCs: Apply BCs for groups set in ML_BSSN_ConstraintsInterior
              GROUP BoundaryConditions: Execute all boundary conditions
                Boundary::Boundary_ApplyPhysicalBCs: Apply all requested local physical boundary conditions
                CartGrid3D::CartGrid3D_ApplyBC: Apply symmetry boundary conditions
                ReflectionSymmetry::ReflectionSymmetry_Apply: Apply reflection symmetries
              Boundary::Boundary_ClearSelection: [level] Unselect all grid variables for boundary conditions
      [CCTK_POSTPOSTINITIAL]
      [CCTK_POSTSTEP]
        SphericalSurface::SphericalSurface_Set: [global] Set surface radii
        GROUP SphericalSurface_HasBeenSet: Set the spherical surfaces before this group, and use it afterwards
          SphericalSurface::SphericalSurface_CheckState: [global] Test the state of the spherical surfaces
        Extract::Extract: Extract waveforms
        GROUP zzz_NaNChecker_NaNCheck: Check for NaNs and count them in NaNChecker::NaNsFound
          NaNChecker::NaNChecker_NaNCheck_Prepare: [level] Prepare data structures to check for NaNs
          NaNChecker::NaNChecker_NaNCheck_Check: [local] Check for NaNs
          NaNChecker::NaNChecker_NaNCheck_Finish: [level] Count NaNs in NaNChecker::NaNsFound
        NaNChecker::NaNChecker_TakeAction: [global] [loop-level] Output NaNChecker::NaNmask and take action according to NaNChecker::action_if_found
        Dissipation::setup_epsdis: Setup spatially varying dissipation
        GROUP MaskBase_SetupMask: Set up the weight function
          GROUP MaskBase_SetupMaskAll: Set up the weight function
            CarpetReduce::MaskBase_AllocateMask: [global] Allocate the weight function
            CarpetReduce::MaskBase_InitMask: [global] [loop-local] Initialise the weight function
            GROUP SetupIMaskInternal: Set up the integer weight function (schedule other routines in here)
              CarpetReduce::CoordBase_SetupMask: [global] [loop-local] Set up the outer boundaries of the weight function
              CarpetReduce::CarpetMaskSetup: [global] [loop-singlemap] Set up the weight function for the restriction regions
            GROUP SetupIMask: Set up the integer weight function (schedule other routines in here)
              CarpetMask::CarpetExcludedSetup: [global] [loop-local] Set up the weight function for the excluded regions
              CarpetMask::CarpetSurfaceSetup: [global] [loop-local] Set up the weight function for the excluded spherical surfaces
            CarpetReduce::MaskBase_SetMask: [global] [loop-local] Set the weight function
            GROUP SetupMask: Set up the real weight function (schedule other routines in here)
            CarpetReduce::MaskBase_TestMask: [global] Test the weight function
    endif
    if (recover initial data)
      [CCTK_BASEGRID]
        ADMBase::ADMBase_SetShiftStateOn: Set the shift_state variable to 1
        ADMBase::ADMBase_SetDtLapseStateOn: Set the dtlapse_state variable to 1
        ADMBase::ADMBase_SetDtShiftStateOn: Set the dtshift_state variable to 1
        ADMMacros::ADMMacros_SetLocalSpatialOrder: Initialize the local_spatial_order
        CartGrid3D::SpatialSpacings: Set up ranges for spatial 3D Cartesian coordinates (on all grids)
        CartGrid3D::SpatialCoordinates: Set up spatial 3D Cartesian coordinates on the GH
        SphericalSurface::SphericalSurface_SetupRes: [global] [loop-local] Set surface resolution automatically
        Dissipation::dissipation_basegrid: Ensure that there are enough ghost zones
        ML_BSSN::ML_BSSN_CheckBoundaries: [meta] check boundaries treatment
        NaNChecker::NaNChecker_ResetCounter: [global] Reset the NaNChecker::NaNsFound counter
        SphericalSurface::SphericalSurface_Setup: [global] Calculate surface coordinate descriptors
        GROUP MaskBase_SetupMask: Set up the weight function
          GROUP MaskBase_SetupMaskAll: Set up the weight function
            CarpetReduce::MaskBase_AllocateMask: [global] Allocate the weight function
            CarpetReduce::MaskBase_InitMask: [global] [loop-local] Initialise the weight function
            GROUP SetupIMaskInternal: Set up the integer weight function (schedule other routines in here)
              CarpetReduce::CoordBase_SetupMask: [global] [loop-local] Set up the outer boundaries of the weight function
              CarpetReduce::CarpetMaskSetup: [global] [loop-singlemap] Set up the weight function for the restriction regions
            GROUP SetupIMask: Set up the integer weight function (schedule other routines in here)
              CarpetMask::CarpetExcludedSetup: [global] [loop-local] Set up the weight function for the excluded regions
              CarpetMask::CarpetSurfaceSetup: [global] [loop-local] Set up the weight function for the excluded spherical surfaces
            CarpetReduce::MaskBase_SetMask: [global] [loop-local] Set the weight function
            GROUP SetupMask: Set up the real weight function (schedule other routines in here)
            CarpetReduce::MaskBase_TestMask: [global] Test the weight function
        SphericalSurface::SphericalSurface_Set: [global] Set surface radii to be used for initial setup in other thorns
        GROUP SphericalSurface_HasBeenSet: Set the spherical surfaces before this group, and use it afterwards
          SphericalSurface::SphericalSurface_CheckState: [global] Test the state of the spherical surfaces
        SummationByParts::SBP_SetNormMask: Setup the mask for the calculation of the norm
        SymBase::SymBase_Check: Check whether the driver set up the grid consistently
        Time::Time_Initialise: [global] Initialise Time variables
        Time::TemporalSpacings: [singlemap] Set timestep based on Courant condition (courant_static)
      [CCTK_RECOVER_VARIABLES]
      [CCTK_POST_RECOVER_VARIABLES]
        GROUP MaskBase_SetupMask: Set up the weight function
          GROUP MaskBase_SetupMaskAll: Set up the weight function
            CarpetReduce::MaskBase_AllocateMask: [global] Allocate the weight function
            CarpetReduce::MaskBase_InitMask: [global] [loop-local] Initialise the weight function
            GROUP SetupIMaskInternal: Set up the integer weight function (schedule other routines in here)
              CarpetReduce::CoordBase_SetupMask: [global] [loop-local] Set up the outer boundaries of the weight function
              CarpetReduce::CarpetMaskSetup: [global] [loop-singlemap] Set up the weight function for the restriction regions
            GROUP SetupIMask: Set up the integer weight function (schedule other routines in here)
              CarpetMask::CarpetExcludedSetup: [global] [loop-local] Set up the weight function for the excluded regions
              CarpetMask::CarpetSurfaceSetup: [global] [loop-local] Set up the weight function for the excluded spherical surfaces
            CarpetReduce::MaskBase_SetMask: [global] [loop-local] Set the weight function
            GROUP SetupMask: Set up the real weight function (schedule other routines in here)
            CarpetReduce::MaskBase_TestMask: [global] Test the weight function
        GROUP MoL_PostStep: Ensure that everything is correct after recovery
          ML_BSSN::ML_BSSN_SelectBoundConds: [level] select boundary conditions
          GROUP ML_BSSN_ApplyBCs: Apply boundary conditions controlled by thorn Boundary
            GROUP BoundaryConditions: Execute all boundary conditions
              Boundary::Boundary_ApplyPhysicalBCs: Apply all requested local physical boundary conditions
              CartGrid3D::CartGrid3D_ApplyBC: Apply symmetry boundary conditions
              ReflectionSymmetry::ReflectionSymmetry_Apply: Apply reflection symmetries
            Boundary::Boundary_ClearSelection: [level] Unselect all grid variables for boundary conditions
          ML_BSSN::ML_BSSN_ADMBaseInterior: ML_BSSN_ADMBaseInterior
          ML_BSSN::ML_BSSN_ADMBaseBoundaryScalar: ML_BSSN_ADMBaseBoundaryScalar
          ML_BSSN::ML_BSSN_ADMBaseEverywhere: ML_BSSN_ADMBaseEverywhere
          ML_BSSN_Helper::ML_BSSN_ADMBase_SelectBCs: [level] Select boundary conditions for ADMBase variables
          GROUP ML_BSSN_ADMBase_ApplyBCs: Apply boundary conditions to ADMBase variables
            GROUP BoundaryConditions: Execute all boundary conditions
              Boundary::Boundary_ApplyPhysicalBCs: Apply all requested local physical boundary conditions
              CartGrid3D::CartGrid3D_ApplyBC: Apply symmetry boundary conditions
              ReflectionSymmetry::ReflectionSymmetry_Apply: Apply reflection symmetries
            Boundary::Boundary_ClearSelection: [level] Unselect all grid variables for boundary conditions
          GROUP ADMBase_SetADMVars: Set the ADM variables before this group, and use them afterwards
        GROUP zzz_NaNChecker_NaNCheck: Check for NaNs and count them in NaNChecker::NaNsFound
          NaNChecker::NaNChecker_NaNCheck_Prepare: [level] Prepare data structures to check for NaNs
          NaNChecker::NaNChecker_NaNCheck_Check: [local] Check for NaNs
          NaNChecker::NaNChecker_NaNCheck_Finish: [level] Count NaNs in NaNChecker::NaNsFound
        NaNChecker::NaNChecker_TakeAction: [global] [loop-level] Output NaNChecker::NaNmask and take action according to NaNChecker::action_if_found
    endif
    if (checkpoint initial data)
      [CCTK_CPINITIAL]
    endif
    if (analysis)
      [CCTK_ANALYSIS]
        CarpetLib::CarpetLib_printtimestats: [global] Print timing statistics if desired
        CarpetLib::CarpetLib_printmemstats: [global] Print memory statistics if desired
        LoopControl::LC_statistics_analysis: [meta] Output LoopControl statistics
        GROUP ML_BSSN_EvolutionAnalysis: Calculate RHS at analysis
          ML_BSSN::ML_BSSN_EvolutionAnalysisInit: ML_BSSN_EvolutionAnalysisInit
          ML_BSSN::ML_BSSN_EvolutionAnalysisInterior: ML_BSSN_EvolutionAnalysisInterior
          ML_BSSN_Helper::ML_BSSN_NewRad: Apply NewRad boundary conditions to RHS
  endif
  Output grid variables

  do loop over timesteps
    [CCTK_PREREGRID]
      CarpetTracker::CarpetTracker_SetPositions: [global] Set positions of refined regions
    Change grid hierarchy
    [CCTK_POSTREGRID]
      CartGrid3D::SpatialCoordinates: Set Coordinates after regridding
      GROUP MaskBase_SetupMask: Set up the weight function
        GROUP MaskBase_SetupMaskAll: Set up the weight function
          CarpetReduce::MaskBase_AllocateMask: [global] Allocate the weight function
          CarpetReduce::MaskBase_InitMask: [global] [loop-local] Initialise the weight function
          GROUP SetupIMaskInternal: Set up the integer weight function (schedule other routines in here)
            CarpetReduce::CoordBase_SetupMask: [global] [loop-local] Set up the outer boundaries of the weight function
            CarpetReduce::CarpetMaskSetup: [global] [loop-singlemap] Set up the weight function for the restriction regions
          GROUP SetupIMask: Set up the integer weight function (schedule other routines in here)
            CarpetMask::CarpetExcludedSetup: [global] [loop-local] Set up the weight function for the excluded regions
            CarpetMask::CarpetSurfaceSetup: [global] [loop-local] Set up the weight function for the excluded spherical surfaces
          CarpetReduce::MaskBase_SetMask: [global] [loop-local] Set the weight function
          GROUP SetupMask: Set up the real weight function (schedule other routines in here)
          CarpetReduce::MaskBase_TestMask: [global] Test the weight function
      Dissipation::setup_epsdis: Setup spatially varying dissipation
      GROUP MoL_PostStep: Ensure that everything is correct after regridding
        ML_BSSN::ML_BSSN_SelectBoundConds: [level] select boundary conditions
        GROUP ML_BSSN_ApplyBCs: Apply boundary conditions controlled by thorn Boundary
          GROUP BoundaryConditions: Execute all boundary conditions
            Boundary::Boundary_ApplyPhysicalBCs: Apply all requested local physical boundary conditions
            CartGrid3D::CartGrid3D_ApplyBC: Apply symmetry boundary conditions
            ReflectionSymmetry::ReflectionSymmetry_Apply: Apply reflection symmetries
          Boundary::Boundary_ClearSelection: [level] Unselect all grid variables for boundary conditions
        ML_BSSN::ML_BSSN_ADMBaseInterior: ML_BSSN_ADMBaseInterior
        ML_BSSN::ML_BSSN_ADMBaseBoundaryScalar: ML_BSSN_ADMBaseBoundaryScalar
        ML_BSSN::ML_BSSN_ADMBaseEverywhere: ML_BSSN_ADMBaseEverywhere
        ML_BSSN_Helper::ML_BSSN_ADMBase_SelectBCs: [level] Select boundary conditions for ADMBase variables
        GROUP ML_BSSN_ADMBase_ApplyBCs: Apply boundary conditions to ADMBase variables
          GROUP BoundaryConditions: Execute all boundary conditions
            Boundary::Boundary_ApplyPhysicalBCs: Apply all requested local physical boundary conditions
            CartGrid3D::CartGrid3D_ApplyBC: Apply symmetry boundary conditions
            ReflectionSymmetry::ReflectionSymmetry_Apply: Apply reflection symmetries
          Boundary::Boundary_ClearSelection: [level] Unselect all grid variables for boundary conditions
        GROUP ADMBase_SetADMVars: Set the ADM variables before this group, and use them afterwards
      GROUP MoL_PseudoEvolutionBoundaries: Apply boundary conditions to pseudo-evolved quantities
        GROUP ML_BSSN_ConstraintsEverywhere_bc_group: ML_BSSN_ConstraintsEverywhere
          ML_BSSN::ML_BSSN_ConstraintsEverywhere_SelectBCs: [level] ML_BSSN_ConstraintsEverywhere_SelectBCs
          GROUP ML_BSSN_ConstraintsEverywhere_ApplyBCs: Apply BCs for groups set in ML_BSSN_ConstraintsEverywhere
            GROUP BoundaryConditions: Execute all boundary conditions
              Boundary::Boundary_ApplyPhysicalBCs: Apply all requested local physical boundary conditions
              CartGrid3D::CartGrid3D_ApplyBC: Apply symmetry boundary conditions
              ReflectionSymmetry::ReflectionSymmetry_Apply: Apply reflection symmetries
            Boundary::Boundary_ClearSelection: [level] Unselect all grid variables for boundary conditions
        GROUP ML_BSSN_ConstraintsInterior_bc_group: ML_BSSN_ConstraintsInterior
          ML_BSSN::ML_BSSN_ConstraintsInterior_SelectBCs: [level] ML_BSSN_ConstraintsInterior_SelectBCs
          GROUP ML_BSSN_ConstraintsInterior_ApplyBCs: Apply BCs for groups set in ML_BSSN_ConstraintsInterior
            GROUP BoundaryConditions: Execute all boundary conditions
              Boundary::Boundary_ApplyPhysicalBCs: Apply all requested local physical boundary conditions
              CartGrid3D::CartGrid3D_ApplyBC: Apply symmetry boundary conditions
              ReflectionSymmetry::ReflectionSymmetry_Apply: Apply reflection symmetries
            Boundary::Boundary_ClearSelection: [level] Unselect all grid variables for boundary conditions
    Rotate timelevels
    iteration = iteration+1
    t = t+dt
    [CCTK_PRESTEP]
      CoordGauge::Einstein_SetNextSlicing: Identify the slicing for the next iteration
      LoopControl::LC_steer: [meta] Update LoopControl algorithm preferences
      NaNChecker::NaNChecker_ResetCounter: [global] Reset the NaNChecker::NaNsFound counter
    [CCTK_EVOL]
      MoL::MoL_StartLoop: [level] Initialise the step size control
      while (MoL::MoL_Stepsize_Bad)
        GROUP MoL_Evolution: A single Cactus evolution step using MoL
          GROUP MoL_StartStep: MoL internal setup for the evolution step
            MoL::MoL_SetCounter: [level] Set the counter for the ODE method to loop over
            MoL::MoL_SetTime: [level] Ensure the correct time and timestep are used
            MoL::MoL_AllocateScratchSpace: [level] Allocate storage for scratch levels
          GROUP MoL_PreStep: Physics thorns can schedule preloop setup routines in here
          MoL::MoL_AllocateScratch: Allocate sufficient space for array scratch variables
          MoL::MoL_InitialCopy: Ensure the data is in the correct timelevel
          while (MoL::MoL_Intermediate_Step)
            GROUP MoL_Step: The loop over the intermediate steps for the ODE integrator
              MoL::MoL_InitRHS: Initialise the RHS functions
              GROUP MoL_CalcRHS: Physics thorns schedule the calculation of the discrete spatial operator in here
                ML_BSSN::ML_BSSN_EvolutionBoundaryScalar: ML_BSSN_EvolutionBoundaryScalar
                GROUP ML_BSSN_EvolutionInteriorSplitBy: 
                  ML_BSSN::ML_BSSN_EvolutionInteriorSplitBy1: ML_BSSN_EvolutionInteriorSplitBy1
                  ML_BSSN::ML_BSSN_EvolutionInteriorSplitBy2: ML_BSSN_EvolutionInteriorSplitBy2
                  ML_BSSN::ML_BSSN_EvolutionInteriorSplitBy3: ML_BSSN_EvolutionInteriorSplitBy3
                ML_BSSN_Helper::ML_BSSN_NewRad: Apply NewRad boundary conditions to RHS
              GROUP MoL_PostRHS: Modify RHS functions
                Dissipation::dissipation_add: Add Kreiss-Oliger dissipation to the right hand sides
              GROUP MoL_RHSBoundaries: Any 'final' modifications to the RHS functions (boundaries etc.)
              MoL::MoL_Add: Updates calculated with the efficient Runge-Kutta 4 method
              MoL::MoL_DecrementCounter: [level] Alter the counter number
              MoL::MoL_ResetTime: [level] If necessary, change the time
              GROUP MoL_PostStepModify: The group for physics thorns to schedule enforcing constraints
                ML_BSSN::ML_BSSN_EnforceEverywhere: ML_BSSN_EnforceEverywhere
              GROUP MoL_PostStep: The group for physics thorns to schedule boundary calls etc.
                ML_BSSN::ML_BSSN_SelectBoundConds: [level] select boundary conditions
                GROUP ML_BSSN_ApplyBCs: Apply boundary conditions controlled by thorn Boundary
                  GROUP BoundaryConditions: Execute all boundary conditions
                    Boundary::Boundary_ApplyPhysicalBCs: Apply all requested local physical boundary conditions
                    CartGrid3D::CartGrid3D_ApplyBC: Apply symmetry boundary conditions
                    ReflectionSymmetry::ReflectionSymmetry_Apply: Apply reflection symmetries
                  Boundary::Boundary_ClearSelection: [level] Unselect all grid variables for boundary conditions
                ML_BSSN::ML_BSSN_ADMBaseInterior: ML_BSSN_ADMBaseInterior
                ML_BSSN::ML_BSSN_ADMBaseBoundaryScalar: ML_BSSN_ADMBaseBoundaryScalar
                ML_BSSN::ML_BSSN_ADMBaseEverywhere: ML_BSSN_ADMBaseEverywhere
                ML_BSSN_Helper::ML_BSSN_ADMBase_SelectBCs: [level] Select boundary conditions for ADMBase variables
                GROUP ML_BSSN_ADMBase_ApplyBCs: Apply boundary conditions to ADMBase variables
                  GROUP BoundaryConditions: Execute all boundary conditions
                    Boundary::Boundary_ApplyPhysicalBCs: Apply all requested local physical boundary conditions
                    CartGrid3D::CartGrid3D_ApplyBC: Apply symmetry boundary conditions
                    ReflectionSymmetry::ReflectionSymmetry_Apply: Apply reflection symmetries
                  Boundary::Boundary_ClearSelection: [level] Unselect all grid variables for boundary conditions
                GROUP ADMBase_SetADMVars: Set the ADM variables before this group, and use them afterwards
              MoL::MoL_ResetDeltaTime: [level] If necessary, change the timestep
          end while
          MoL::MoL_FinishLoop: [level] Control the step size
          MoL::MoL_RestoreSandR: Restoring the Save and Restore variables to the original state
          MoL::MoL_FreeScratchSpace: [level] Free storage for scratch levels
      end while
      GROUP MoL_PseudoEvolution: Calculate pseudo-evolved quantities
        GROUP ADMBase_SetADMVars: Set the ADM variables before this group, and use them afterwards
        GROUP ML_BSSN_ConstraintsEverywhere_group: ML_BSSN_ConstraintsEverywhere
          ML_BSSN::ML_BSSN_ConstraintsEverywhere: ML_BSSN_ConstraintsEverywhere
          GROUP ML_BSSN_ConstraintsEverywhere_bc_group: ML_BSSN_ConstraintsEverywhere
            ML_BSSN::ML_BSSN_ConstraintsEverywhere_SelectBCs: [level] ML_BSSN_ConstraintsEverywhere_SelectBCs
            GROUP ML_BSSN_ConstraintsEverywhere_ApplyBCs: Apply BCs for groups set in ML_BSSN_ConstraintsEverywhere
              GROUP BoundaryConditions: Execute all boundary conditions
                Boundary::Boundary_ApplyPhysicalBCs: Apply all requested local physical boundary conditions
                CartGrid3D::CartGrid3D_ApplyBC: Apply symmetry boundary conditions
                ReflectionSymmetry::ReflectionSymmetry_Apply: Apply reflection symmetries
              Boundary::Boundary_ClearSelection: [level] Unselect all grid variables for boundary conditions
        GROUP ML_BSSN_ConstraintsInterior_group: ML_BSSN_ConstraintsInterior
          ML_BSSN::ML_BSSN_ConstraintsInterior: ML_BSSN_ConstraintsInterior
          GROUP ML_BSSN_ConstraintsInterior_bc_group: ML_BSSN_ConstraintsInterior
            ML_BSSN::ML_BSSN_ConstraintsInterior_SelectBCs: [level] ML_BSSN_ConstraintsInterior_SelectBCs
            GROUP ML_BSSN_ConstraintsInterior_ApplyBCs: Apply BCs for groups set in ML_BSSN_ConstraintsInterior
              GROUP BoundaryConditions: Execute all boundary conditions
                Boundary::Boundary_ApplyPhysicalBCs: Apply all requested local physical boundary conditions
                CartGrid3D::CartGrid3D_ApplyBC: Apply symmetry boundary conditions
                ReflectionSymmetry::ReflectionSymmetry_Apply: Apply reflection symmetries
              Boundary::Boundary_ClearSelection: [level] Unselect all grid variables for boundary conditions
    Evolve finer grids recursively
    Restrict from finer grids
    [CCTK_POSTRESTRICT]
      GROUP MoL_PostStep: Ensure that everything is correct after restriction
        ML_BSSN::ML_BSSN_SelectBoundConds: [level] select boundary conditions
        GROUP ML_BSSN_ApplyBCs: Apply boundary conditions controlled by thorn Boundary
          GROUP BoundaryConditions: Execute all boundary conditions
            Boundary::Boundary_ApplyPhysicalBCs: Apply all requested local physical boundary conditions
            CartGrid3D::CartGrid3D_ApplyBC: Apply symmetry boundary conditions
            ReflectionSymmetry::ReflectionSymmetry_Apply: Apply reflection symmetries
          Boundary::Boundary_ClearSelection: [level] Unselect all grid variables for boundary conditions
        ML_BSSN::ML_BSSN_ADMBaseInterior: ML_BSSN_ADMBaseInterior
        ML_BSSN::ML_BSSN_ADMBaseBoundaryScalar: ML_BSSN_ADMBaseBoundaryScalar
        ML_BSSN::ML_BSSN_ADMBaseEverywhere: ML_BSSN_ADMBaseEverywhere
        ML_BSSN_Helper::ML_BSSN_ADMBase_SelectBCs: [level] Select boundary conditions for ADMBase variables
        GROUP ML_BSSN_ADMBase_ApplyBCs: Apply boundary conditions to ADMBase variables
          GROUP BoundaryConditions: Execute all boundary conditions
            Boundary::Boundary_ApplyPhysicalBCs: Apply all requested local physical boundary conditions
            CartGrid3D::CartGrid3D_ApplyBC: Apply symmetry boundary conditions
            ReflectionSymmetry::ReflectionSymmetry_Apply: Apply reflection symmetries
          Boundary::Boundary_ClearSelection: [level] Unselect all grid variables for boundary conditions
        GROUP ADMBase_SetADMVars: Set the ADM variables before this group, and use them afterwards
      GROUP MoL_PseudoEvolutionBoundaries: Apply boundary conditions to pseudo-evolved quantities
        GROUP ML_BSSN_ConstraintsEverywhere_bc_group: ML_BSSN_ConstraintsEverywhere
          ML_BSSN::ML_BSSN_ConstraintsEverywhere_SelectBCs: [level] ML_BSSN_ConstraintsEverywhere_SelectBCs
          GROUP ML_BSSN_ConstraintsEverywhere_ApplyBCs: Apply BCs for groups set in ML_BSSN_ConstraintsEverywhere
            GROUP BoundaryConditions: Execute all boundary conditions
              Boundary::Boundary_ApplyPhysicalBCs: Apply all requested local physical boundary conditions
              CartGrid3D::CartGrid3D_ApplyBC: Apply symmetry boundary conditions
              ReflectionSymmetry::ReflectionSymmetry_Apply: Apply reflection symmetries
            Boundary::Boundary_ClearSelection: [level] Unselect all grid variables for boundary conditions
        GROUP ML_BSSN_ConstraintsInterior_bc_group: ML_BSSN_ConstraintsInterior
          ML_BSSN::ML_BSSN_ConstraintsInterior_SelectBCs: [level] ML_BSSN_ConstraintsInterior_SelectBCs
          GROUP ML_BSSN_ConstraintsInterior_ApplyBCs: Apply BCs for groups set in ML_BSSN_ConstraintsInterior
            GROUP BoundaryConditions: Execute all boundary conditions
              Boundary::Boundary_ApplyPhysicalBCs: Apply all requested local physical boundary conditions
              CartGrid3D::CartGrid3D_ApplyBC: Apply symmetry boundary conditions
              ReflectionSymmetry::ReflectionSymmetry_Apply: Apply reflection symmetries
            Boundary::Boundary_ClearSelection: [level] Unselect all grid variables for boundary conditions
    [CCTK_POSTSTEP]
      SphericalSurface::SphericalSurface_Set: [global] Set surface radii
      GROUP SphericalSurface_HasBeenSet: Set the spherical surfaces before this group, and use it afterwards
        SphericalSurface::SphericalSurface_CheckState: [global] Test the state of the spherical surfaces
      Extract::Extract: Extract waveforms
      GROUP zzz_NaNChecker_NaNCheck: Check for NaNs and count them in NaNChecker::NaNsFound
        NaNChecker::NaNChecker_NaNCheck_Prepare: [level] Prepare data structures to check for NaNs
        NaNChecker::NaNChecker_NaNCheck_Check: [local] Check for NaNs
        NaNChecker::NaNChecker_NaNCheck_Finish: [level] Count NaNs in NaNChecker::NaNsFound
      NaNChecker::NaNChecker_TakeAction: [global] [loop-level] Output NaNChecker::NaNmask and take action according to NaNChecker::action_if_found
      Dissipation::setup_epsdis: Setup spatially varying dissipation
      GROUP MaskBase_SetupMask: Set up the weight function
        GROUP MaskBase_SetupMaskAll: Set up the weight function
          CarpetReduce::MaskBase_AllocateMask: [global] Allocate the weight function
          CarpetReduce::MaskBase_InitMask: [global] [loop-local] Initialise the weight function
          GROUP SetupIMaskInternal: Set up the integer weight function (schedule other routines in here)
            CarpetReduce::CoordBase_SetupMask: [global] [loop-local] Set up the outer boundaries of the weight function
            CarpetReduce::CarpetMaskSetup: [global] [loop-singlemap] Set up the weight function for the restriction regions
          GROUP SetupIMask: Set up the integer weight function (schedule other routines in here)
            CarpetMask::CarpetExcludedSetup: [global] [loop-local] Set up the weight function for the excluded regions
            CarpetMask::CarpetSurfaceSetup: [global] [loop-local] Set up the weight function for the excluded spherical surfaces
          CarpetReduce::MaskBase_SetMask: [global] [loop-local] Set the weight function
          GROUP SetupMask: Set up the real weight function (schedule other routines in here)
          CarpetReduce::MaskBase_TestMask: [global] Test the weight function
    if (checkpoint)
      [CCTK_CHECKPOINT]
    endif
    if (analysis)
      [CCTK_ANALYSIS]
      CarpetLib::CarpetLib_printtimestats: [global] Print timing statistics if desired
      CarpetLib::CarpetLib_printmemstats: [global] Print memory statistics if desired
      LoopControl::LC_statistics_analysis: [meta] Output LoopControl statistics
      GROUP ML_BSSN_EvolutionAnalysis: Calculate RHS at analysis
        ML_BSSN::ML_BSSN_EvolutionAnalysisInit: ML_BSSN_EvolutionAnalysisInit
        ML_BSSN::ML_BSSN_EvolutionAnalysisInterior: ML_BSSN_EvolutionAnalysisInterior
        ML_BSSN_Helper::ML_BSSN_NewRad: Apply NewRad boundary conditions to RHS
    endif
    Output grid variables
    enddo

  Termination routines
    [CCTK_TERMINATE]
      LoopControl::LC_statistics_terminate: [meta] Output LoopControl statistics
      MoL::MoL_FreeIndexArrays: Free the MoL bookkeeping index arrays

  Shutdown routines
    [CCTK_SHUTDOWN]
      Timers::Timer_Shutdown: Prepare hierarchical timers

  Routines run after changing the grid hierarchy:
    [CCTK_POSTREGRID]
      CartGrid3D::SpatialCoordinates: Set Coordinates after regridding
      GROUP MaskBase_SetupMask: Set up the weight function
        GROUP MaskBase_SetupMaskAll: Set up the weight function
          CarpetReduce::MaskBase_AllocateMask: [global] Allocate the weight function
          CarpetReduce::MaskBase_InitMask: [global] [loop-local] Initialise the weight function
          GROUP SetupIMaskInternal: Set up the integer weight function (schedule other routines in here)
            CarpetReduce::CoordBase_SetupMask: [global] [loop-local] Set up the outer boundaries of the weight function
            CarpetReduce::CarpetMaskSetup: [global] [loop-singlemap] Set up the weight function for the restriction regions
          GROUP SetupIMask: Set up the integer weight function (schedule other routines in here)
            CarpetMask::CarpetExcludedSetup: [global] [loop-local] Set up the weight function for the excluded regions
            CarpetMask::CarpetSurfaceSetup: [global] [loop-local] Set up the weight function for the excluded spherical surfaces
          CarpetReduce::MaskBase_SetMask: [global] [loop-local] Set the weight function
          GROUP SetupMask: Set up the real weight function (schedule other routines in here)
          CarpetReduce::MaskBase_TestMask: [global] Test the weight function
      Dissipation::setup_epsdis: Setup spatially varying dissipation
      GROUP MoL_PostStep: Ensure that everything is correct after regridding
        ML_BSSN::ML_BSSN_SelectBoundConds: [level] select boundary conditions
        GROUP ML_BSSN_ApplyBCs: Apply boundary conditions controlled by thorn Boundary
          GROUP BoundaryConditions: Execute all boundary conditions
            Boundary::Boundary_ApplyPhysicalBCs: Apply all requested local physical boundary conditions
            CartGrid3D::CartGrid3D_ApplyBC: Apply symmetry boundary conditions
            ReflectionSymmetry::ReflectionSymmetry_Apply: Apply reflection symmetries
          Boundary::Boundary_ClearSelection: [level] Unselect all grid variables for boundary conditions
        ML_BSSN::ML_BSSN_ADMBaseInterior: ML_BSSN_ADMBaseInterior
        ML_BSSN::ML_BSSN_ADMBaseBoundaryScalar: ML_BSSN_ADMBaseBoundaryScalar
        ML_BSSN::ML_BSSN_ADMBaseEverywhere: ML_BSSN_ADMBaseEverywhere
        ML_BSSN_Helper::ML_BSSN_ADMBase_SelectBCs: [level] Select boundary conditions for ADMBase variables
        GROUP ML_BSSN_ADMBase_ApplyBCs: Apply boundary conditions to ADMBase variables
          GROUP BoundaryConditions: Execute all boundary conditions
            Boundary::Boundary_ApplyPhysicalBCs: Apply all requested local physical boundary conditions
            CartGrid3D::CartGrid3D_ApplyBC: Apply symmetry boundary conditions
            ReflectionSymmetry::ReflectionSymmetry_Apply: Apply reflection symmetries
          Boundary::Boundary_ClearSelection: [level] Unselect all grid variables for boundary conditions
        GROUP ADMBase_SetADMVars: Set the ADM variables before this group, and use them afterwards
      GROUP MoL_PseudoEvolutionBoundaries: Apply boundary conditions to pseudo-evolved quantities
        GROUP ML_BSSN_ConstraintsEverywhere_bc_group: ML_BSSN_ConstraintsEverywhere
          ML_BSSN::ML_BSSN_ConstraintsEverywhere_SelectBCs: [level] ML_BSSN_ConstraintsEverywhere_SelectBCs
          GROUP ML_BSSN_ConstraintsEverywhere_ApplyBCs: Apply BCs for groups set in ML_BSSN_ConstraintsEverywhere
            GROUP BoundaryConditions: Execute all boundary conditions
              Boundary::Boundary_ApplyPhysicalBCs: Apply all requested local physical boundary conditions
              CartGrid3D::CartGrid3D_ApplyBC: Apply symmetry boundary conditions
              ReflectionSymmetry::ReflectionSymmetry_Apply: Apply reflection symmetries
            Boundary::Boundary_ClearSelection: [level] Unselect all grid variables for boundary conditions
        GROUP ML_BSSN_ConstraintsInterior_bc_group: ML_BSSN_ConstraintsInterior
          ML_BSSN::ML_BSSN_ConstraintsInterior_SelectBCs: [level] ML_BSSN_ConstraintsInterior_SelectBCs
          GROUP ML_BSSN_ConstraintsInterior_ApplyBCs: Apply BCs for groups set in ML_BSSN_ConstraintsInterior
            GROUP BoundaryConditions: Execute all boundary conditions
              Boundary::Boundary_ApplyPhysicalBCs: Apply all requested local physical boundary conditions
              CartGrid3D::CartGrid3D_ApplyBC: Apply symmetry boundary conditions
              ReflectionSymmetry::ReflectionSymmetry_Apply: Apply reflection symmetries
            Boundary::Boundary_ClearSelection: [level] Unselect all grid variables for boundary conditions
--------------------------------------------------------------------------------
INFO (Carpet): Multi-Model listing:
   model 0: "world"
INFO (Carpet): Multi-Model process distribution:
   process 0: model 0 "world"
INFO (Carpet): Multi-Model: This is process 0, model 0 "world"
INFO (CarpetLib): Process startup time was 1.55 seconds
Current core file size limit: hard=[unlimited], soft=0 MB
Current addres space size limit: hard=[unlimited], soft=[unlimited]
Current data segment size limit: hard=[unlimited], soft=[unlimited]
Current resident set size limit: hard=[unlimited], soft=[unlimited]
INFO (CycleClock): Measuring CycleClock tick via OpenMP...
INFO (CycleClock): Calibrated CycleClock: 0.408927 ns per clock tick (2.44543 GHz)
INFO (Vectors): Using vector size 2 for architecture SSE2 (64-bit precision)
INFO (hwloc): library version 2.10.0, API version 0x20800
--------------------------------------------------------------------------------
AMR driver provided by Carpet
--------------------------------------------------------------------------------
AMR info I/O provided by CarpetIOBasic
--------------------------------------------------------------------------------
ML_BSSN
--------------------------------------------------------------------------------
AMR scalar I/O provided by CarpetIOScalar
--------------------------------------------------------------------------------
MoL: Generalized time integration.
--------------------------------------------------------------------------------
AMR 0D ASCII I/O provided by CarpetIOASCII
--------------------------------------------------------------------------------
AMR 1D ASCII I/O provided by CarpetIOASCII
--------------------------------------------------------------------------------
AMR 2D ASCII I/O provided by CarpetIOASCII
--------------------------------------------------------------------------------
AMR 3D ASCII I/O provided by CarpetIOASCII
--------------------------------------------------------------------------------

INFO (Carpet): MPI is enabled
INFO (Carpet): Carpet is running on 1 processes
INFO (Carpet): This is process 0
INFO (Carpet): OpenMP is enabled
INFO (Carpet): This process contains 2 threads, this is thread 0
INFO (Carpet): There are 2 threads in total
INFO (Carpet): There are 2 threads per process
INFO (Carpet): This process runs on host runnervmlun5p, pid=170301
INFO (Carpet): This process runs on 4 cores: 0-3
INFO (Carpet): Thread 0 runs on 4 cores: 0-3
INFO (Carpet): Thread 1 runs on 4 cores: 0-3
INFO (Carpet): This simulation is running in 3 dimensions
INFO (Carpet): Boundary specification for map 0:
   nboundaryzones: [[3,3,3],[3,3,3]]
   is_internal   : [[0,0,0],[0,0,0]]
   is_staggered  : [[0,0,0],[0,0,0]]
   shiftout      : [[0,0,1],[0,0,0]]
INFO (Carpet): CoordBase domain specification for map 0:
   physical extent: [-120,-120,0] : [120,120,120]   ([240,240,120])
   interior extent: [-112,-112,0] : [112,112,112]   ([224,224,112])
   exterior extent: [-136,-136,-24] : [136,136,136]   ([272,272,160])
   base_spacing   : [8,8,8]
INFO (Carpet): Adapted domain specification for map 0:
   convergence factor: 2
   convergence level : 0
   physical extent   : [-120,-120,0] : [120,120,120]   ([240,240,120])
   interior extent   : [-112,-112,0] : [112,112,112]   ([224,224,112])
   exterior extent   : [-136,-136,-24] : [136,136,136]   ([272,272,160])
   spacing           : [8,8,8]
INFO (Carpet): Base grid specification for map 0:
   number of grid points             : [35,35,21]
   number of coarse grid ghost points: [[3,3,3],[3,3,3]]
INFO (Carpet): Buffer zone counts (excluding ghosts):
   [0]: [[0,0,0],[0,0,0]]
   [1]: [[9,9,9],[9,9,9]]
   [2]: [[9,9,9],[9,9,9]]
   [3]: [[9,9,9],[9,9,9]]
   [4]: [[9,9,9],[9,9,9]]
   [5]: [[9,9,9],[9,9,9]]
   [6]: [[9,9,9],[9,9,9]]
   [7]: [[9,9,9],[9,9,9]]
   [8]: [[9,9,9],[9,9,9]]
   [9]: [[9,9,9],[9,9,9]]
INFO (Carpet): Overlap zone counts:
   [0]: [[0,0,0],[0,0,0]]
   [1]: [[0,0,0],[0,0,0]]
   [2]: [[0,0,0],[0,0,0]]
   [3]: [[0,0,0],[0,0,0]]
   [4]: [[0,0,0],[0,0,0]]
   [5]: [[0,0,0],[0,0,0]]
   [6]: [[0,0,0],[0,0,0]]
   [7]: [[0,0,0],[0,0,0]]
   [8]: [[0,0,0],[0,0,0]]
   [9]: [[0,0,0],[0,0,0]]
INFO (Carpet): Group and variable statistics:
INFO (Carpet):    There are 781 grid functions in 57 groups
INFO (Carpet):    There are 400 grid scalars in 47 groups
INFO (Carpet):    There are 81 1-dimensional grid arrays in 7 groups
INFO (Carpet):    There are 7 2-dimensional grid arrays in 2 groups
INFO (Carpet):    There are 0 3-dimensional grid arrays in 0 groups
INFO (Carpet):    (The number of variables counts all time levels)
INFO (CarpetIOASCII): I/O Method 'IOASCII_0D' registered: 0D AMR output of grid variables to ASCII files
INFO (CarpetIOASCII): I/O Method 'IOASCII_1D' registered: 1D AMR output of grid variables to ASCII files
INFO (CarpetIOASCII): Periodic 1D AMR output requested for:
   ADMBASE::gxx
   ADMBASE::gxy
   ADMBASE::gxz
   ADMBASE::gyy
   ADMBASE::gyz
   ADMBASE::gzz
   ADMBASE::kxx
   ADMBASE::kxy
   ADMBASE::kxz
   ADMBASE::kyy
   ADMBASE::kyz
   ADMBASE::kzz
   ADMBASE::alp
   ADMBASE::betax
   ADMBASE::betay
   ADMBASE::betaz
   CARPETREDUCE::weight
INFO (CarpetIOASCII): I/O Method 'IOASCII_2D' registered: 2D AMR output of grid variables to ASCII files
INFO (CarpetIOASCII): I/O Method 'IOASCII_3D' registered: 3D AMR output of grid variables to ASCII files
INFO (CarpetRegrid2): Initialising position of centre 0 to [1.16864,0,0]
INFO (CarpetRegrid2): Initialising position of centre 1 to [-1.16864,0,0]
INFO (CarpetRegrid2): Initialising position of centre 2 to [0,0,0]
WARNING level 1 from host runnervmlun5p.yo2jsnv3aaiufmiidgoerdg2xa.bx.internal.cloudapp.net process 0
  in thorn ML_BSSN_Helper, file /home/runner/work/tests/tests/master/configs/sim/build/ML_BSSN_Helper/Parameters.c:10:
  -> Forcing ML_BSSN::initial_boundary_condition="extrapolate-gammas" because ML_BSSN::my_initial_boundary_condition="extrapolate-gammas"
WARNING level 1 from host runnervmlun5p.yo2jsnv3aaiufmiidgoerdg2xa.bx.internal.cloudapp.net process 0
  in thorn ML_BSSN_Helper, file /home/runner/work/tests/tests/master/configs/sim/build/ML_BSSN_Helper/Parameters.c:10:
  -> Forcing ML_BSSN::initial_boundary_condition="extrapolate-gammas" because ML_BSSN::my_initial_boundary_condition="extrapolate-gammas"
WARNING level 1 from host runnervmlun5p.yo2jsnv3aaiufmiidgoerdg2xa.bx.internal.cloudapp.net process 0
  in thorn ML_BSSN_Helper, file /home/runner/work/tests/tests/master/configs/sim/build/ML_BSSN_Helper/Parameters.c:25:
  -> Forcing ML_BSSN::rhs_boundary_condition="NewRad" because ML_BSSN::my_rhs_boundary_condition="NewRad"
WARNING level 1 from host runnervmlun5p.yo2jsnv3aaiufmiidgoerdg2xa.bx.internal.cloudapp.net process 0
  in thorn ML_BSSN_Helper, file /home/runner/work/tests/tests/master/configs/sim/build/ML_BSSN_Helper/Parameters.c:25:
  -> Forcing ML_BSSN::rhs_boundary_condition="NewRad" because ML_BSSN::my_rhs_boundary_condition="NewRad"
WARNING level 1 from host runnervmlun5p.yo2jsnv3aaiufmiidgoerdg2xa.bx.internal.cloudapp.net process 0
  in thorn ML_BSSN_Helper, file /home/runner/work/tests/tests/master/configs/sim/build/ML_BSSN_Helper/Parameters.c:114:
  -> Forcing ML_BSSN::advectLapse=1 because ML_BSSN::LapseAdvectionCoeff=1.0
WARNING level 1 from host runnervmlun5p.yo2jsnv3aaiufmiidgoerdg2xa.bx.internal.cloudapp.net process 0
  in thorn ML_BSSN_Helper, file /home/runner/work/tests/tests/master/configs/sim/build/ML_BSSN_Helper/Parameters.c:114:
  -> Forcing ML_BSSN::advectLapse=1 because ML_BSSN::LapseAdvectionCoeff=1.0
WARNING level 1 from host runnervmlun5p.yo2jsnv3aaiufmiidgoerdg2xa.bx.internal.cloudapp.net process 0
  in thorn ML_BSSN_Helper, file /home/runner/work/tests/tests/master/configs/sim/build/ML_BSSN_Helper/Parameters.c:132:
  -> Forcing ML_BSSN::advectShift=1 because ML_BSSN::ShiftAdvectionCoeff=1.0
WARNING level 1 from host runnervmlun5p.yo2jsnv3aaiufmiidgoerdg2xa.bx.internal.cloudapp.net process 0
  in thorn ML_BSSN_Helper, file /home/runner/work/tests/tests/master/configs/sim/build/ML_BSSN_Helper/Parameters.c:132:
  -> Forcing ML_BSSN::advectShift=1 because ML_BSSN::ShiftAdvectionCoeff=1.0
INFO (MoL): Using Runge-Kutta 4 as the time integrator.
INFO (SymBase): Symmetry on lower z-face: reflection_symmetry
INFO (MoL): The maximum number of evolved variables is 640. 25 are registered.
INFO (MoL): The maximum number of slow evolved variables is 640. 0 are registered.
INFO (MoL): The maximum number of constrained variables is 640. 20 are registered.
INFO (MoL): The maximum number of SandR variables is 640. 0 are registered.
INFO (MoL): The maximum number of evolved array variables is 640. 0 are registered.
INFO (MoL): The maximum number of constrained array variables is 640. 0 are registered.
INFO (MoL): The maximum number of SandR array variables is 640. 0 are registered.
INFO (MoL): The maximum size of any array variables is 0.
WARNING level 1 from host runnervmlun5p.yo2jsnv3aaiufmiidgoerdg2xa.bx.internal.cloudapp.net process 0
  in thorn ML_BSSN_Helper, file /home/runner/work/tests/tests/master/configs/sim/build/ML_BSSN_Helper/Parameters.c:152:
  -> Parameter ML_BSSN::my_initial_boundary_condition is outdated; please update the parameter file. Do not use this parameter, and set up initial boundary conditions as usual.
WARNING level 1 from host runnervmlun5p.yo2jsnv3aaiufmiidgoerdg2xa.bx.internal.cloudapp.net process 0
  in thorn ML_BSSN_Helper, file /home/runner/work/tests/tests/master/configs/sim/build/ML_BSSN_Helper/Parameters.c:152:
  -> Parameter ML_BSSN::my_initial_boundary_condition is outdated; please update the parameter file. Do not use this parameter, and set up initial boundary conditions as usual.
WARNING level 1 from host runnervmlun5p.yo2jsnv3aaiufmiidgoerdg2xa.bx.internal.cloudapp.net process 0
  in thorn ML_BSSN_Helper, file /home/runner/work/tests/tests/master/configs/sim/build/ML_BSSN_Helper/Parameters.c:159:
  -> Parameter ML_BSSN::my_rhs_boundary_condition is outdated; please update the parameter file. Do not use this parameter, and set up RHS boundary conditions as usual.
WARNING level 1 from host runnervmlun5p.yo2jsnv3aaiufmiidgoerdg2xa.bx.internal.cloudapp.net process 0
  in thorn ML_BSSN_Helper, file /home/runner/work/tests/tests/master/configs/sim/build/ML_BSSN_Helper/Parameters.c:159:
  -> Parameter ML_BSSN::my_rhs_boundary_condition is outdated; please update the parameter file. Do not use this parameter, and set up RHS boundary conditions as usual.
WARNING level 1 from host runnervmlun5p.yo2jsnv3aaiufmiidgoerdg2xa.bx.internal.cloudapp.net process 0
  in thorn ML_BSSN_Helper, file /home/runner/work/tests/tests/master/configs/sim/build/ML_BSSN_Helper/Parameters.c:193:
  -> Parameter ML_BSSN::LapseAdvectionCoeff is outdated; please update the parameter file. Instead of using this parameter, you should set ML_BSSN::advectLapse.
WARNING level 1 from host runnervmlun5p.yo2jsnv3aaiufmiidgoerdg2xa.bx.internal.cloudapp.net process 0
  in thorn ML_BSSN_Helper, file /home/runner/work/tests/tests/master/configs/sim/build/ML_BSSN_Helper/Parameters.c:193:
  -> Parameter ML_BSSN::LapseAdvectionCoeff is outdated; please update the parameter file. Instead of using this parameter, you should set ML_BSSN::advectLapse.
WARNING level 1 from host runnervmlun5p.yo2jsnv3aaiufmiidgoerdg2xa.bx.internal.cloudapp.net process 0
  in thorn ML_BSSN_Helper, file /home/runner/work/tests/tests/master/configs/sim/build/ML_BSSN_Helper/Parameters.c:199:
  -> Parameter ML_BSSN::ShiftAdvectionCoeff is outdated; please update the parameter file. Instead of using this parameter, you should set ML_BSSN::advectShift.
WARNING level 1 from host runnervmlun5p.yo2jsnv3aaiufmiidgoerdg2xa.bx.internal.cloudapp.net process 0
  in thorn ML_BSSN_Helper, file /home/runner/work/tests/tests/master/configs/sim/build/ML_BSSN_Helper/Parameters.c:199:
  -> Parameter ML_BSSN::ShiftAdvectionCoeff is outdated; please update the parameter file. Instead of using this parameter, you should set ML_BSSN::advectShift.
INFO (Vectors): Testing vectorisation... [errors may result in segfaults]
INFO (Vectors): 375/375 tests passed 
INFO (CarpetRegrid2): Centre 1 is at position [1.16864,0,0] with 1 levels
INFO (CarpetRegrid2): Centre 2 is at position [-1.16864,0,0] with 1 levels
INFO (CarpetRegrid2): Centre 3 is not active
INFO (CarpetRegrid2): Regridding level 0 map 0 at iteration 0 time 0
INFO (CarpetRegrid2): Regridding levels 1 and up
INFO (Carpet): Grid structure (superregions, grid points):
   [0][0][0]   exterior: [0,0,0] : [34,34,20]   ([35,35,21] + PADDING) 25725
INFO (Carpet): Grid structure (superregions, coordinates):
   [0][0][0]   exterior: [-136,-136,-24] : [136,136,136] : [8,8,8]
INFO (Carpet): Global grid structure statistics:
INFO (Carpet): GF: rhs: 13k active, 13k owned (+0%), 26k total (+104%), 1 steps/time
INFO (Carpet): GF: vars: 195, pts: 2M active, 2M owned (+0%), 5M total (+104%), 1.0 comp/proc
INFO (Carpet): GA: vars: 483, pts: 0M active, 0M total (+0%)
INFO (Carpet): Total required memory: 0.040 GByte (for GAs and currently active GFs)
INFO (Carpet): Load balance:  min     avg     max     sdv     max/avg-1
INFO (Carpet): Level  0:       2M      2M      2M      0M owned      0%
INFO (CartGrid3D): Grid Spacings:
INFO (CartGrid3D): dx=>8.0000000e+00  dy=>8.0000000e+00  dz=>8.0000000e+00
INFO (CartGrid3D): Computational Coordinates:
INFO (CartGrid3D): x=>[-136.000,136.000]  y=>[-136.000,136.000]  z=>[-24.000,136.000]
INFO (CartGrid3D): Indices of Physical Coordinates:
INFO (CartGrid3D): x=>[0,34]  y=>[0,34]  z=>[0,20]
INFO (Time): Timestep set to 2 (courant_static)
INFO (TwoPunctures): Solving puncture equation for BH-BH system
INFO (TwoPunctures): b = 1.16864
Newton: it=0 	 |F|=9.959141e-02
bare mass: mp=0.453 	 mm=0.453
bicgstab:  itmax 100, tol 9.959141e-05
bicgstab:     0   6.022e-01
bicgstab:     1   2.550e-01   9.887e-01   0.000e+00   4.456e-01
bicgstab:     2   1.822e-01  -6.113e-01   2.959e-04   5.557e-01
bicgstab:     3   4.441e-03  -8.371e-01  -3.643e+00   5.734e-01
bicgstab:     4   1.967e-04   5.457e-01   4.808e-02   4.592e-01
bicgstab:     5   5.067e-05   4.421e-01  -3.855e-02   4.592e-01
Newton: it=1 	 |F|=1.394720e-03
bare mass: mp=0.453 	 mm=0.453
bicgstab:  itmax 100, tol 1.394720e-06
bicgstab:     0   7.631e-03
bicgstab:     1   3.082e-03   9.902e-01   0.000e+00   4.475e-01
bicgstab:     2   1.331e-04   3.852e-01  -7.399e-03   8.710e-01
bicgstab:     3   2.474e-05   1.357e+00  -4.842e-02   4.612e-01
bicgstab:     4   6.630e-07   4.321e-01  -3.723e-01   7.104e-01
Newton: it=2 	 |F|=2.006073e-07
bare mass: mp=0.453 	 mm=0.453
bicgstab:  itmax 100, tol 2.006073e-10
bicgstab:     0   1.264e-06
bicgstab:     1   4.702e-07   5.534e-01   0.000e+00   6.308e-01
bicgstab:     2   2.489e-08   8.769e-01   2.145e-01   6.475e-01
bicgstab:     3   1.699e-09   6.248e-01  -9.421e-02   6.467e-01
bicgstab:     4   2.094e-10   6.121e-01   1.198e-02   5.528e-01
bicgstab:     5   4.166e-11   6.449e-01   5.107e-02   5.528e-01
Newton: it=3 	 |F|=7.247297e-12 
INFO (TwoPunctures): The two puncture masses are mp=0.45300000000000001 and mm=0.45300000000000001
INFO (TwoPunctures): Puncture 1 ADM mass is 0.516817
INFO (TwoPunctures): Puncture 2 ADM mass is 0.516817
INFO (TwoPunctures): The total ADM mass is 1.00788
INFO (TwoPunctures): Interpolating result
INFO (Carpet): There are not enough time levels for the desired temporal prolongation order in the grid function group "EXTRACT::TEMPS".  With Carpet::prolongation_order_time=2, you need at least 3 time levels.
WARNING level 2 from host runnervmlun5p.yo2jsnv3aaiufmiidgoerdg2xa.bx.internal.cloudapp.net process 0
  in thorn Carpet, file /home/runner/work/tests/tests/master/configs/sim/build/Carpet/Comm.cc:103:
  -> Synchronising group "EXTRACT::TEMPS" in local mode
WARNING level 2 from host runnervmlun5p.yo2jsnv3aaiufmiidgoerdg2xa.bx.internal.cloudapp.net process 0
  in thorn Carpet, file /home/runner/work/tests/tests/master/configs/sim/build/Carpet/Comm.cc:103:
  -> Synchronising group "EXTRACT::TEMPS" in local mode
WARNING level 2 from host runnervmlun5p.yo2jsnv3aaiufmiidgoerdg2xa.bx.internal.cloudapp.net process 0
  in thorn Carpet, file /home/runner/work/tests/tests/master/configs/sim/build/Carpet/Comm.cc:103:
  -> Synchronising group "EXTRACT::TEMPS" in local mode
WARNING level 2 from host runnervmlun5p.yo2jsnv3aaiufmiidgoerdg2xa.bx.internal.cloudapp.net process 0
  in thorn Carpet, file /home/runner/work/tests/tests/master/configs/sim/build/Carpet/Comm.cc:103:
  -> Synchronising group "EXTRACT::TEMPS" in local mode
WARNING level 2 from host runnervmlun5p.yo2jsnv3aaiufmiidgoerdg2xa.bx.internal.cloudapp.net process 0
  in thorn Carpet, file /home/runner/work/tests/tests/master/configs/sim/build/Carpet/Comm.cc:103:
  -> Synchronising group "EXTRACT::TEMPS" in local mode
WARNING level 2 from host runnervmlun5p.yo2jsnv3aaiufmiidgoerdg2xa.bx.internal.cloudapp.net process 0
  in thorn Carpet, file /home/runner/work/tests/tests/master/configs/sim/build/Carpet/Comm.cc:103:
  -> Synchronising group "EXTRACT::TEMPS" in local mode
WARNING level 2 from host runnervmlun5p.yo2jsnv3aaiufmiidgoerdg2xa.bx.internal.cloudapp.net process 0
  in thorn Carpet, file /home/runner/work/tests/tests/master/configs/sim/build/Carpet/Comm.cc:103:
  -> Synchronising group "EXTRACT::TEMPS" in local mode
WARNING level 2 from host runnervmlun5p.yo2jsnv3aaiufmiidgoerdg2xa.bx.internal.cloudapp.net process 0
  in thorn Carpet, file /home/runner/work/tests/tests/master/configs/sim/build/Carpet/Comm.cc:103:
  -> Synchronising group "EXTRACT::TEMPS" in local mode
WARNING level 2 from host runnervmlun5p.yo2jsnv3aaiufmiidgoerdg2xa.bx.internal.cloudapp.net process 0
  in thorn Carpet, file /home/runner/work/tests/tests/master/configs/sim/build/Carpet/Comm.cc:103:
  -> Synchronising group "EXTRACT::TEMPS" in local mode
WARNING level 2 from host runnervmlun5p.yo2jsnv3aaiufmiidgoerdg2xa.bx.internal.cloudapp.net process 0
  in thorn Carpet, file /home/runner/work/tests/tests/master/configs/sim/build/Carpet/Comm.cc:103:
  -> Synchronising group "EXTRACT::TEMPS" in local mode
WARNING level 2 from host runnervmlun5p.yo2jsnv3aaiufmiidgoerdg2xa.bx.internal.cloudapp.net process 0
  in thorn Carpet, file /home/runner/work/tests/tests/master/configs/sim/build/Carpet/Comm.cc:103:
  -> Synchronising group "EXTRACT::TEMPS" in local mode
WARNING level 2 from host runnervmlun5p.yo2jsnv3aaiufmiidgoerdg2xa.bx.internal.cloudapp.net process 0
  in thorn Carpet, file /home/runner/work/tests/tests/master/configs/sim/build/Carpet/Comm.cc:103:
  -> Synchronising group "EXTRACT::TEMPS" in local mode
WARNING level 2 from host runnervmlun5p.yo2jsnv3aaiufmiidgoerdg2xa.bx.internal.cloudapp.net process 0
  in thorn Carpet, file /home/runner/work/tests/tests/master/configs/sim/build/Carpet/Comm.cc:103:
  -> Synchronising group "EXTRACT::TEMPS" in local mode
WARNING level 2 from host runnervmlun5p.yo2jsnv3aaiufmiidgoerdg2xa.bx.internal.cloudapp.net process 0
  in thorn Carpet, file /home/runner/work/tests/tests/master/configs/sim/build/Carpet/Comm.cc:103:
  -> Synchronising group "EXTRACT::TEMPS" in local mode
WARNING level 2 from host runnervmlun5p.yo2jsnv3aaiufmiidgoerdg2xa.bx.internal.cloudapp.net process 0
  in thorn Carpet, file /home/runner/work/tests/tests/master/configs/sim/build/Carpet/Comm.cc:103:
  -> Synchronising group "EXTRACT::TEMPS" in local mode
WARNING level 2 from host runnervmlun5p.yo2jsnv3aaiufmiidgoerdg2xa.bx.internal.cloudapp.net process 0
  in thorn Carpet, file /home/runner/work/tests/tests/master/configs/sim/build/Carpet/Comm.cc:103:
  -> Synchronising group "EXTRACT::TEMPS" in local mode
WARNING level 2 from host runnervmlun5p.yo2jsnv3aaiufmiidgoerdg2xa.bx.internal.cloudapp.net process 0
  in thorn Carpet, file /home/runner/work/tests/tests/master/configs/sim/build/Carpet/Comm.cc:103:
  -> Synchronising group "EXTRACT::TEMPS" in local mode
WARNING level 2 from host runnervmlun5p.yo2jsnv3aaiufmiidgoerdg2xa.bx.internal.cloudapp.net process 0
  in thorn Carpet, file /home/runner/work/tests/tests/master/configs/sim/build/Carpet/Comm.cc:103:
  -> Synchronising group "EXTRACT::TEMPS" in local mode
WARNING level 2 from host runnervmlun5p.yo2jsnv3aaiufmiidgoerdg2xa.bx.internal.cloudapp.net process 0
  in thorn Carpet, file /home/runner/work/tests/tests/master/configs/sim/build/Carpet/Comm.cc:103:
  -> Synchronising group "EXTRACT::TEMPS" in local mode
WARNING level 2 from host runnervmlun5p.yo2jsnv3aaiufmiidgoerdg2xa.bx.internal.cloudapp.net process 0
  in thorn Carpet, file /home/runner/work/tests/tests/master/configs/sim/build/Carpet/Comm.cc:103:
  -> Synchronising group "EXTRACT::TEMPS" in local mode
WARNING level 2 from host runnervmlun5p.yo2jsnv3aaiufmiidgoerdg2xa.bx.internal.cloudapp.net process 0
  in thorn Carpet, file /home/runner/work/tests/tests/master/configs/sim/build/Carpet/Comm.cc:103:
  -> Synchronising group "EXTRACT::TEMPS" in local mode
WARNING level 2 from host runnervmlun5p.yo2jsnv3aaiufmiidgoerdg2xa.bx.internal.cloudapp.net process 0
  in thorn Carpet, file /home/runner/work/tests/tests/master/configs/sim/build/Carpet/Comm.cc:103:
  -> Synchronising group "EXTRACT::TEMPS" in local mode
WARNING level 2 from host runnervmlun5p.yo2jsnv3aaiufmiidgoerdg2xa.bx.internal.cloudapp.net process 0
  in thorn Carpet, file /home/runner/work/tests/tests/master/configs/sim/build/Carpet/Comm.cc:103:
  -> Synchronising group "EXTRACT::TEMPS" in local mode
WARNING level 2 from host runnervmlun5p.yo2jsnv3aaiufmiidgoerdg2xa.bx.internal.cloudapp.net process 0
  in thorn Carpet, file /home/runner/work/tests/tests/master/configs/sim/build/Carpet/Comm.cc:103:
  -> Synchronising group "EXTRACT::TEMPS" in local mode
WARNING level 2 from host runnervmlun5p.yo2jsnv3aaiufmiidgoerdg2xa.bx.internal.cloudapp.net process 0
  in thorn Carpet, file /home/runner/work/tests/tests/master/configs/sim/build/Carpet/Comm.cc:103:
  -> Synchronising group "EXTRACT::TEMPS" in local mode
WARNING level 2 from host runnervmlun5p.yo2jsnv3aaiufmiidgoerdg2xa.bx.internal.cloudapp.net process 0
  in thorn Carpet, file /home/runner/work/tests/tests/master/configs/sim/build/Carpet/Comm.cc:103:
  -> Synchronising group "EXTRACT::TEMPS" in local mode
Memory statistics from CarpetLib:
   Current number of objects: 331
   Current allocated memory:  40.2 MB
   Maximum number of objects: 333
   Maximum allocated memory:  40.6 MB
   Current administrative memory: 0.811 MB
   Total allocated used system memory: 13 MB
   Total allocated free system memory: 1.77 MB
   gh::allmemory:    38784
   dh::allmemory:    511840
   th::allmemory:    12168
   ggf::allmemory:   210584
   gdata::allmemory: 38016
----------------------------------
Iteration      Time | *me_per_hour
                    |             
----------------------------------
        0     0.000 |    0.0000000
# Carpet timing information at iteration 0 time 0:
# 1: timer name 2: gettimeofday [secs] 3: getrusage [secs] 4: cycle [secs] 5: cycle[avg] [secs] 6: cycle[sdv] [secs] 7: cycle[min] [secs] 8: cycle[max] [secs]
main: 1.43629 2.61424 3.51229e+09 3.51229e+09 0 3.51229e+09 3.51229e+09
meta mode: 1.43629 2.61425 3.51231e+09 3.51231e+09 0 3.51231e+09 3.51231e+09
main/CarpetStartup: 0.02633 0.031863 6.43864e+07 6.43864e+07 0 6.43864e+07 6.43864e+07
main/CarpetStartup/AllocateGridHierarchy: 5e-06 5e-06 11515 11515 0 11515 11515
main/CarpetStartup/CarpetLib::gh::regrid: 0.025011 0.029908 6.11519e+07 1.07284e+06 1.03697e+06 1.01511e+06 2.07576e+06
main/CarpetStartup/CarpetLib::dh::regrid: 7.1e-05 6.1e-05 159302 2794.77 7723.65 2499 10413
main/Initialise/CallInitial/Poison: 0.002922 0.002922 7.14393e+06 7.14393e+06 0 7.14393e+06 7.14393e+06
main/Initialise/CallInitial/CCTK_BASEGRID/CallFunction/thorns: 0.001259 0.000606 3.07232e+06 122893 930361 13793 738822
main/CarpetStartup/CarpetLib::gh::regrid/CarpetLib::dh::regrid/region: 0.002144 0.001972 5.27061e+06 92466.8 411421 83275 499016
main/Initialise/CallInitial/CallRegridInitialMeta/Regrid/RegridMap/CarpetLib::gh::regrid/CarpetLib::dh::regrid/region: 0.000175 0.000176 428750 428750 0 428750 428750
main/CarpetStartup/CarpetLib::gh::regrid/CarpetLib::dh::regrid/test: 0.006011 0.007505 1.47237e+07 258310 228842 241496 410301
main/CarpetStartup/CarpetLib::gh::regrid/CarpetLib::dh::regrid/domain: 0.000752 0.001683 1.84054e+06 32290.1 94574 28004 108535
main/Initialise/CallInitial/CallRegridInitialMeta/Regrid/RegridMap/CarpetLib::gh::regrid/CarpetLib::dh::regrid/domain: 4.1e-05 4.1e-05 99152 99152 0 99152 99152
main/CarpetStartup/CarpetLib::gh::regrid/CarpetLib::dh::regrid/comm/refrest: 5.3e-05 4.2e-05 123483 2166.37 844.555 2083 2842
main/CarpetStartup/CarpetLib::gh::regrid/CarpetLib::dh::regrid/comm/mgprol: 5.2e-05 4.7e-05 121421 2130.19 592.004 2058 2670
main/CarpetStartup/CarpetLib::dh::recompose: 5.5e-05 5e-05 130805 2294.82 239.145 2229 2377
main/CarpetStartup/CarpetLib::gh::regrid/CarpetLib::dh::regrid/buffers: 0.009278 0.011608 2.27176e+07 398554 167980 384037 533292
main/CarpetStartup/CarpetLib::gh::regrid/CarpetLib::dh::regrid: 0.02484 0.029751 6.07397e+07 1.06561e+06 1.02295e+06 1.00808e+06 2.05432e+06
main/CarpetStartup/CarpetLib::gh::regrid/CarpetLib::dh::regrid/bcast_comm: 0.004389 0.004949 1.07064e+07 187831 121460 181716 286503
main/CarpetStartup/CarpetLib::gh::regrid/CarpetLib::dh::regrid/comm/sync: 4.9e-05 5e-05 124704 2187.79 922.423 2107 3014
main/CarpetStartup/CarpetLib::gh::regrid/CarpetLib::dh::regrid/mask: 0.000229 0.00021 582534 10219.9 22659.1 5121 21315
main/CarpetStartup/CarpetLib::gh::regrid/CarpetLib::dh::regrid/bcast_boxes: 0.000112 9.5e-05 257446 4516.6 26591.7 3503 30674
main/CarpetStartup/CarpetLib::gh::regrid/CarpetLib::dh::regrid/unusedpoints_mask: 5.9e-05 5.4e-05 141856 2488.7 3689.81 2303 6051
main/CarpetStartup/CarpetLib::gh::regrid/CarpetLib::dh::regrid/bcast_comm/ref_bnd_prol: 0.000378 0.000345 934652 16397.4 9941.31 15900 26166
main/CarpetStartup/CarpetLib::gh::regrid/CarpetLib::dh::regrid/bcast_comm/ref_prol/CarpetLib::dh::bs3: 5.5e-05 5.1e-05 131933 2314.61 443.077 2229 2573
main/CarpetStartup/CarpetLib::gh::regrid/CarpetLib::dh::regrid/comm: 0.000811 0.000735 1.97573e+06 34661.9 41002.7 32683 63308
main/CarpetStartup/CarpetLib::gh::regrid/CarpetLib::dh::regrid/bcast_comm/ref_prol: 0.000409 0.000374 1.00602e+06 17649.5 25667.9 16538 42948
main/CarpetStartup/CarpetLib::gh::regrid/CarpetLib::dh::regrid/bcast_comm/sync: 0.00039 0.000345 945676 16590.8 10936.6 15974 27367
main/CarpetStartup/CarpetLib::gh::regrid/CarpetLib::dh::regrid/bcast_comm/ref_prol/CarpetLib::dh::bs1: 5.6e-05 5.1e-05 138396 2428 1058.43 2254 2842
main/Initialise/CallInitial/CallRegridInitialMeta/Regrid/RegridMap/CarpetLib::gh::regrid/CarpetLib::dh::regrid/bcast_comm/ref_prol/CarpetLib::dh::bs1: 1e-06 2e-06 4508 4508 0 4508 4508
main/Initialise/CallInitial/CallRegridInitialMeta/Regrid/RegridMap/CarpetLib::gh::regrid/CarpetLib::dh::regrid/bcast_comm/sync: 1.4e-05 1.4e-05 33565 33565 0 33565 33565
main/Initialise/CallInitial/CallRegridInitialMeta/Regrid/RegridMap/CarpetLib::gh::regrid/CarpetLib::dh::regrid/comm/mgrest: 1e-06 1e-06 2254 2254 0 2254 2254
main/Initialise/CallInitial/CallRegridInitialMeta/Regrid/RegridMap/CarpetLib::gh::regrid/CarpetLib::dh::regrid/comm/mgprol: 1e-06 0 2107 2107 0 2107 2107
main/Initialise/CallInitial/CallRegridInitialMeta/Regrid/RegridMap/CarpetLib::gh::regrid/CarpetLib::dh::regrid/comm/refprol: 1e-06 1e-06 2058 2058 0 2058 2058
main/Initialise/CallInitial/CallRegridInitialMeta/Regrid/RegridMap/CarpetLib::gh::regrid/CarpetLib::dh::regrid/comm/sync: 2e-06 1e-06 2524 2524 0 2524 2524
main/Initialise/CallInitial/CallRegridInitialMeta/Regrid/RegridMap/CarpetLib::gh::regrid/CarpetLib::dh::regrid/comm/refbndprol: 1e-06 1e-06 2156 2156 0 2156 2156
main/CarpetStartup/CarpetLib::gh::regrid/CarpetLib::dh::regrid/bcast_comm/ref_prol/CarpetLib::dh::bs2: 7.9e-05 6.9e-05 199135 3493.6 11425.6 2842 14724
main/CarpetStartup/CarpetLib::gh::regrid/CarpetLib::dh::regrid/bcast_comm/sync/CarpetLib::dh::bs1: 5.5e-05 4.8e-05 130463 2288.82 414.133 2205 2548
main/CarpetStartup/CarpetLib::gh::regrid/CarpetLib::dh::regrid/bcast_comm/sync/CarpetLib::dh::bs2: 6e-05 6.6e-05 161654 2836.04 949.676 2573 3234
main/CarpetStartup/CarpetLib::gh::regrid/CarpetLib::dh::regrid/bcast_comm/sync/CarpetLib::dh::bs3: 5.6e-05 4.6e-05 128041 2246.33 257.745 2180 2352
main/CarpetStartup/CarpetLib::gh::regrid/CarpetLib::dh::regrid/bcast_comm/ref_refl_prol: 0.00205 0.002832 5.01275e+06 87943 62609.9 85162 139577
main/CarpetStartup/CarpetLib::gh::regrid/CarpetLib::dh::regrid/bcast_comm/ref_bnd_prol/CarpetLib::dh::bs1: 4.8e-05 4.3e-05 128895 2261.32 274.89 2205 2450
main/CarpetStartup/CarpetLib::gh::regrid/CarpetLib::dh::regrid/bcast_comm/ref_bnd_prol/CarpetLib::dh::bs2: 6e-05 5.4e-05 156285 2741.84 815.04 2597 2989
main/CarpetStartup/CarpetLib::gh::regrid/CarpetLib::dh::regrid/bcast_comm/old2new_sync: 0.00038 0.00034 926613 16256.4 10857.6 15900 26999
main/CarpetStartup/CarpetLib::gh::regrid/CarpetLib::dh::regrid/bcast_comm/ref_refl_prol/CarpetLib::dh::bs1: 0.000323 0.000292 804583 2352.58 30459.5 2205 32683
main/CarpetStartup/CarpetLib::gh::regrid/CarpetLib::dh::regrid/bcast_comm/ref_bnd_prol/CarpetLib::dh::bs3: 5.2e-05 5e-05 127572 2238.11 178.464 2205 2303
main/CarpetStartup/CarpetLib::gh::regrid/CarpetLib::dh::regrid/bcast_comm/ref_refl_prol/CarpetLib::dh::bs3: 0.000311 0.000285 808487 2364 44354.3 2180 46648
main/CarpetStartup/CarpetLib::gh::regrid/CarpetLib::dh::regrid/bcast_comm/ref_refl_prol/CarpetLib::dh::bs2: 0.000369 0.000326 918026 2684.29 8528.55 2548 10780
main/CarpetStartup/CarpetLib::gh::regrid/CarpetLib::dh::regrid/bcast_comm/old2new_sync/CarpetLib::dh::bs2: 5.9e-05 5.2e-05 150332 2637.4 395.929 2572 2891
main/CarpetStartup/CarpetLib::gh::regrid/CarpetLib::dh::regrid/bcast_comm/old2new_sync/CarpetLib::dh::bs3: 5.1e-05 4.5e-05 127011 2228.26 190.628 2156 2327
main/CarpetStartup/CarpetLib::gh::regrid/CarpetLib::dh::regrid/bcast_comm/old2new_sync/CarpetLib::dh::bs1: 5.3e-05 4.8e-05 128677 2257.49 194.608 2205 2377
main/CarpetStartup/CarpetLib::gh::regrid/CarpetLib::dh::regrid/bcast_comm/old2new_ref_prol/CarpetLib::dh::bs1: 5.3e-05 4.7e-05 127693 2240.23 205.349 2205 2401
main/CarpetStartup/CarpetLib::gh::regrid/CarpetLib::dh::regrid/bcast_comm/old2new_ref_prol/CarpetLib::dh::bs2: 7.5e-05 6.7e-05 151117 2651.18 1194.16 2572 3724
main/CarpetStartup/CarpetLib::gh::regrid/CarpetLib::dh::regrid/bcast_comm/old2new_ref_prol: 0.000392 0.000357 965767 16943.3 34039.6 16047 48975
main/CarpetStartup/CarpetLib::gh::regrid/CarpetLib::dh::regrid/bcast_comm/old2new_ref_prol/CarpetLib::dh::bs3: 5.2e-05 4.8e-05 127326 2233.79 173.134 2181 2327
main/CarpetStartup/CarpetLib::gh::regrid/CarpetLib::dh::regrid/comm/refprol: 4.7e-05 4.2e-05 120732 2118.11 583.722 2058 2670
main/CarpetStartup/CarpetLib::gh::regrid/CarpetLib::dh::regrid/comm/refbndprol: 4.9e-05 4.6e-05 151116 2651.16 28925.4 2058 31311
main/CarpetStartup/CarpetLib::gh::regrid/CarpetLib::dh::regrid/comm/reflux: 5.3e-05 4.9e-05 122354 2146.56 1455.27 2034 3479
main/CarpetStartup/CarpetLib::gh::regrid/CarpetLib::dh::regrid/comm/mgrest: 5e-05 4.1e-05 121519 2131.91 620.861 2082 2719
main/CarpetStartup/CheckRegions: 2e-06 1e-06 2891 2891 0 2891 2891
meta mode/meta mode/global mode/level(0)/leave_singlemap_mode: 0.000191 0.000188 478166 3230.85 9874.14 2205 6272
meta mode/meta mode/global mode/level(0): 1.38432 2.57444 3.38526e+09 5.73773e+07 3.14279e+09 15215 3.16926e+09
meta mode/meta mode/global mode/level(0)/leave_local_mode: 0.000421 0.00038 956190 6640.21 73593 2205 63553
meta mode/meta mode/global mode: 1.38634 2.57613 3.39016e+09 1.78429e+08 3.11174e+09 15949 3.20324e+09
meta mode/meta mode/global mode/leave_level_mode: 0.0001 7.3e-05 234416 3973.15 4820.65 3430 6272
meta mode/meta mode/leave_global_mode: 9.8e-05 9.4e-05 242994 12789.2 24382 8526 33345
meta mode/meta mode: 1.40999 2.58242 3.44798e+09 3.44798e+09 0 3.44798e+09 3.44798e+09
main/Initialise/CarpetLib::ggf::recompose_crop: 0.000685 0.000163 1.47601e+06 2589.49 13523.2 2401 7301
main/Initialise/CarpetLib::ggf::recompose_allocate: 0.000646 0.000161 1.59606e+06 2800.1 13151.1 2597 7399
main/Initialise: 1.40947 2.5819 3.44671e+09 3.44671e+09 0 3.44671e+09 3.44671e+09
main/Initialise/dh::recompose_free_old: 0.000569 0.000149 1.36808e+06 2400.14 11263 2278 6737
main/Initialise/CallSetup/Poison: 0.000462 0.000462 1.12879e+06 1.12879e+06 0 1.12879e+06 1.12879e+06
meta mode/meta mode/enter_global_mode: 0.000508 0.000486 1.26628e+06 70349.1 130376 52601 157927
meta mode/meta mode/global mode/enter_level_mode: 9.4e-05 7.2e-05 238899 4118.95 6034.79 3577 7080
main/Initialise/CallSetup: 0.001778 0.001744 4.34632e+06 4.34632e+06 0 4.34632e+06 4.34632e+06
meta mode/meta mode/global mode/level(0)/enter_local_mode: 0.000745 0.000707 1.85048e+06 12940.4 108543 2181 61911
main/Initialise/CallSetup/CCTK_WRAGH/CallFunction: 0.000712 0.000686 1.74063e+06 96701.5 504166 17346 522414
main/Initialise/CallSetup/CCTK_WRAGH: 0.000808 0.000778 1.97507e+06 1.97507e+06 0 1.97507e+06 1.97507e+06
meta mode/meta mode/global mode/level(0)/enter_singlemap_mode: 0.000206 0.000192 492922 3353.21 10552.1 2229 6027
main/Initialise/CallSetup/CCTK_WRAGH/CallFunction/thorns/Einstein_InitSymBound: 1.3e-05 1.3e-05 30772 30772 0 30772 30772
main/Initialise/CallSetup/CCTK_WRAGH/CallFunction/thorns/Boundary_RegisterBCs: 5e-06 5e-06 13524 13524 0 13524 13524
main/Initialise/CallSetup/CCTK_WRAGH/CallFunction/thorns: 0.000451 0.000433 1.10051e+06 61139.7 412220 12372 435634
main/Initialise/CallSetup/CCTK_WRAGH/CallFunction/thorns/CarpetRegrid2_Initialise: 1.5e-05 1.6e-05 37142 37142 0 37142 37142
main/Initialise/CallSetup/CCTK_WRAGH/CallFunction/thorns/RegisterCartGrid3DCoords: 2.2e-05 2e-05 53435 53435 0 53435 53435
main/Initialise/CallSetup/CCTK_WRAGH/CallFunction/thorns/Einstein_ActivateSlicing: 3e-06 4e-06 9334 9334 0 9334 9334
main/Initialise/CallSetup/CCTK_WRAGH/CallFunction/thorns/Einstein_SetNextSlicing: 2e-06 2e-06 3969 3969 0 3969 3969
main/Initialise/CallSetup/CCTK_WRAGH/CallFunction/thorns/MoL_SetupIndexArrays: 2e-05 1.8e-05 47628 47628 0 47628 47628
main/Initialise/CallSetup/CCTK_WRAGH/CallFunction/thorns/ML_BSSN_ParamCompat: 0.000171 0.000158 420322 420322 0 420322 420322
main/Initialise/CallSetup/CCTK_WRAGH/CallFunction/thorns/ML_BSSN_RegisterVars: 6.1e-05 6.1e-05 149401 149401 0 149401 149401
main/Initialise/CallInitial/CallRegridInitialMeta/Regrid/RegridMap/CarpetLib::gh::regrid: 0.000792 0.000793 1.93832e+06 1.93832e+06 0 1.93832e+06 1.93832e+06
main/Initialise/CallSetup/CCTK_WRAGH/CallFunction/thorns/TmunuBase_SetStressEnergyState: 4e-06 5e-06 11245 11245 0 11245 11245
main/Initialise/CallSetup/CCTK_WRAGH/CallFunction/thorns/ML_BSSN_RegisterConstrained: 5e-06 5e-06 12691 12691 0 12691 12691
main/Initialise/CallSetup/CCTK_WRAGH/CallFunction/thorns/Slab_InitTimers: 1.3e-05 1.3e-05 32511 32511 0 32511 32511
main/Initialise/CallSetup/CCTK_WRAGH/CallFunction/thorns/MoL_SetScheduleStatus: 1e-06 1e-06 3062 3062 0 3062 3062
main/Initialise/CallSetup/CCTK_WRAGH/CallFunction/thorns/CartGrid3D_RegisterSymmetryBoundaries: 4e-06 4e-06 9996 9996 0 9996 9996
main/Initialise/CallSetup/CCTK_WRAGH/CallFunction/thorns/ML_BSSN_RegisterSymmetries: 2.5e-05 2.5e-05 60074 60074 0 60074 60074
main/Initialise/CallSetup/CCTK_WRAGH/CallFunction/thorns/ReflectionSymmetry_Register: 4e-06 4e-06 8698 8698 0 8698 8698
main/Initialise/CallSetup/CCTK_WRAGH/CallFunction/thorns/SymBase_Statistics: 2e-06 3e-06 6052 6052 0 6052 6052
main/Initialise/CallSetup/CCTK_WRAGH/CallFunction/thorns/MoL_ReportNumberVariables: 3e-06 3e-06 8159 8159 0 8159 8159
main/Initialise/CallSetup/CCTK_PARAMCHECK: 0.000394 0.000394 962924 962924 0 962924 962924
main/Initialise/CallSetup/CCTK_PARAMCHECK/CallFunction: 0.000315 0.000313 762735 47670.9 250915 15876 211680
main/Initialise/CallSetup/CCTK_PARAMCHECK/CallFunction/thorns: 0.00024 0.000239 583075 36442.2 200946 10829 205114
main/Initialise/CallSetup/CCTK_PARAMCHECK/CallFunction/thorns/ADMBase_ParamCheck: 1e-06 1e-06 3283 3283 0 3283 3283
main/Initialise/CallSetup/CCTK_PARAMCHECK/CallFunction/thorns/Boundary_Check: 1e-06 1e-06 2572 2572 0 2572 2572
main/Initialise/CallSetup/CCTK_PARAMCHECK/CallFunction/thorns/CarpetLib_test_prolongate_3d_rf2: 1.3e-05 1.4e-05 32340 32340 0 32340 32340
main/Initialise/CallSetup/CCTK_PARAMCHECK/CallFunction/thorns/CarpetSurfaceParamCheck: 2e-06 2e-06 3503 3503 0 3503 3503
main/Initialise/CallSetup/CCTK_PARAMCHECK/CallFunction/thorns/CarpetRegrid2_ParamCheck: 1.1e-05 1.2e-05 27807 27807 0 27807 27807
main/Initialise/CallSetup/CCTK_PARAMCHECK/CallFunction/thorns/CarpetParamCheck: 1e-05 1e-05 23985 23985 0 23985 23985
main/Initialise/CallSetup/CCTK_PARAMCHECK/CallFunction/thorns/dissipation_paramcheck: 2e-06 1e-06 3577 3577 0 3577 3577
main/Initialise/CallSetup/CCTK_PARAMCHECK/CallFunction/thorns/Extract_ParamCheck: 2e-06 1e-06 3577 3577 0 3577 3577
main/Initialise/CallSetup/CCTK_PARAMCHECK/CallFunction/thorns/CheckFortranParameters: 1e-06 1e-06 3479 3479 0 3479 3479
main/Initialise/CallSetup/CCTK_PARAMCHECK/CallFunction/thorns/ML_BSSN_ParamCheck: 4e-05 4e-05 98711 98711 0 98711 98711
main/Initialise/CallSetup/CCTK_PARAMCHECK/CallFunction/thorns/ParamCheck_CartGrid3D: 4e-06 4e-06 8771 8771 0 8771 8771
main/Initialise/CallSetup/CCTK_PARAMCHECK/CallFunction/thorns/MoL_ParamCheck: 3e-06 2e-06 4851 4851 0 4851 4851
main/Initialise/CallSetup/CCTK_PARAMCHECK/CallFunction/thorns/SphericalSurface_ParamCheck: 2e-06 2e-06 4875 4875 0 4875 4875
main/Initialise/CallSetup/CCTK_PARAMCHECK/CallFunction/thorns/TmunuBase_ParamCheck: 1e-06 1e-06 2769 2769 0 2769 2769
main/Initialise/CallSetup/CCTK_PARAMCHECK/CallFunction/thorns/TwoPunctures_ParamCheck: 2e-06 2e-06 3455 3455 0 3455 3455
main/Initialise/CallSetup/CCTK_PARAMCHECK/CallFunction/thorns/Vectors_Test: 7.9e-05 8e-05 194873 194873 0 194873 194873
main/Initialise/CallInitial: 1.31524 2.44619 3.21629e+09 3.21629e+09 0 3.21629e+09 3.21629e+09
main/Initialise/CallInitial/CallRegridInitialMeta: 0.001621 0.00162 3.96268e+06 3.96268e+06 0 3.96268e+06 3.96268e+06
main/Initialise/CallInitial/CallRegridInitialMeta/Regrid: 0.001441 0.001441 3.52362e+06 3.52362e+06 0 3.52362e+06 3.52362e+06
main/Initialise/CallInitial/CallRegridInitialMeta/CCTK_PREREGRIDINITIAL: 3e-06 3e-06 8061 8061 0 8061 8061
main/Initialise/CallInitial/CallRegridInitialMeta/Regrid/CarpetRegrid2::RegridMaps: 0.00053 0.000531 1.29848e+06 1.29848e+06 0 1.29848e+06 1.29848e+06
main/Initialise/CallInitial/CallRegridInitialMeta/Regrid/RegridMap/CarpetLib::gh::regrid/CarpetLib::dh::regrid/comm/refrest: 1e-06 1e-06 2573 2573 0 2573 2573
main/Initialise/CallInitial/CallRegridInitialMeta/Regrid/RegridMap/CarpetLib::gh::regrid/CarpetLib::dh::regrid/comm/reflux: 1e-06 1e-06 2230 2230 0 2230 2230
main/Initialise/CallInitial/CallRegridInitialMeta/Regrid/RegridMap/CarpetLib::gh::regrid/CarpetLib::dh::regrid/mask: 3e-06 3e-06 7154 7154 0 7154 7154
main/Initialise/CallInitial/CallRegridInitialMeta/Regrid/RegridMap/CarpetLib::gh::regrid/CarpetLib::dh::regrid/bcast_boxes: 5e-06 4e-06 9702 9702 0 9702 9702
main/Initialise/CallInitial/CallRegridInitialMeta/Regrid/RegridMap/CarpetLib::gh::regrid/CarpetLib::dh::regrid/bcast_comm/sync/CarpetLib::dh::bs1: 1e-06 1e-06 2450 2450 0 2450 2450
main/Initialise/CallInitial/CallRegridInitialMeta/Regrid/PostRegrid: 4.2e-05 4.2e-05 103709 103709 0 103709 103709
main/Initialise/CallInitial/CallRegridInitialMeta/Regrid/RegridMap/CarpetLib::gh::regrid/CarpetLib::dh::regrid: 0.000786 0.000786 1.92173e+06 1.92173e+06 0 1.92173e+06 1.92173e+06
main/Initialise/CallInitial/CCTK_BASEGRID/CallFunction/thorns/dissipation_basegrid: 1.2e-05 1.2e-05 30037 30037 0 30037 30037
main/Initialise/CallInitial/CCTK_BASEGRID/CallFunction/thorns/NaNChecker_ResetCounter: 1e-06 0 4067 4067 0 4067 4067
main/Initialise/CallInitial/CallRegridInitialMeta/Regrid/RegridMap/CarpetLib::gh::regrid/CarpetLib::dh::regrid/buffers: 0.000184 0.000184 451118 451118 0 451118 451118
main/Initialise/CallInitial/CallRegridInitialMeta/Regrid/RegridMap/CarpetLib::gh::regrid/CarpetLib::dh::regrid/test: 0.000143 0.000144 350791 350791 0 350791 350791
main/Initialise/CallInitial/CallRegridInitialMeta/Regrid/RegridMap: 0.000821 0.000823 2.01512e+06 2.01512e+06 0 2.01512e+06 2.01512e+06
main/Initialise/CallInitial/CallRegridInitialMeta/Recompose: 0.000114 0.000114 276973 276973 0 276973 276973
main/Initialise/CallInitial/CallRegridInitialMeta/RegridFree: 2e-06 2e-06 4655 4655 0 4655 4655
main/Initialise/CallInitial/CCTK_BASEGRID/CallFunction/thorns/SpatialCoordinates: 0.000296 0.000297 726376 726376 0 726376 726376
main/Initialise/CallInitial/CCTK_BASEGRID/CallFunction/thorns/MaskBase_AllocateMask: 0.000181 0 443230 443230 0 443230 443230
main/Initialise/CallInitial/CallRegridInitialMeta/Regrid/RegridMap/CarpetLib::gh::regrid/CarpetLib::dh::regrid/comm: 2.9e-05 2.9e-05 70193 70193 0 70193 70193
main/Initialise/CallInitial/CallRegridInitialMeta/Regrid/RegridMap/CarpetLib::gh::regrid/CarpetLib::dh::regrid/unusedpoints_mask: 1e-06 1e-06 2842 2842 0 2842 2842
main/Initialise/CallInitial/CallRegridInitialMeta/Regrid/RegridMap/CarpetLib::gh::regrid/CarpetLib::dh::regrid/bcast_comm/ref_prol/CarpetLib::dh::bs2: 2e-06 3e-06 6149 6149 0 6149 6149
main/Initialise/CallInitial/CallRegridInitialMeta/Regrid/RegridMap/CarpetLib::gh::regrid/CarpetLib::dh::regrid/bcast_comm/ref_prol/CarpetLib::dh::bs3: 1e-06 1e-06 2475 2475 0 2475 2475
main/Initialise/CallInitial/CallRegridInitialMeta/Regrid/RegridMap/CarpetLib::gh::regrid/CarpetLib::dh::regrid/bcast_comm/ref_bnd_prol: 1.3e-05 1.3e-05 31703 31703 0 31703 31703
main/Initialise/CallInitial/CallRegridInitialMeta/Regrid/RegridMap/CarpetLib::gh::regrid/CarpetLib::dh::regrid/bcast_comm: 0.000154 0.000155 377447 377447 0 377447 377447
main/Initialise/CallInitial/CCTK_BASEGRID: 0.001984 0.001602 4.85139e+06 4.85139e+06 0 4.85139e+06 4.85139e+06
main/Initialise/CallInitial/CCTK_BASEGRID/CallFunction/thorns/SphericalSurface_SetupRes: 3e-06 2e-06 5488 5488 0 5488 5488
main/Initialise/CallInitial/CCTK_BASEGRID/CallFunction/thorns/SphericalSurface_Setup: 5e-06 0 10363 10363 0 10363 10363
main/Initialise/CallInitial/CallRegridInitialMeta/Regrid/RegridMap/CarpetLib::gh::regrid/CarpetLib::dh::regrid/bcast_comm/sync/CarpetLib::dh::bs2: 1e-06 1e-06 3136 3136 0 3136 3136
main/Initialise/CallInitial/CallRegridInitialMeta/Regrid/RegridMap/CarpetLib::gh::regrid/CarpetLib::dh::regrid/bcast_comm/sync/CarpetLib::dh::bs3: 1e-06 1e-06 2327 2327 0 2327 2327
main/Initialise/CallInitial/CallRegridInitialMeta/Regrid/RegridMap/CarpetLib::gh::regrid/CarpetLib::dh::regrid/bcast_comm/ref_refl_prol: 4.5e-05 4.5e-05 110054 110054 0 110054 110054
main/Initialise/CallInitial/CallRegridInitialMeta/Regrid/RegridMap/CarpetLib::gh::regrid/CarpetLib::dh::regrid/bcast_comm/ref_bnd_prol/CarpetLib::dh::bs1: 1e-06 1e-06 2474 2474 0 2474 2474
main/Initialise/CallInitial/CallRegridInitialMeta/Regrid/RegridMap/CarpetLib::gh::regrid/CarpetLib::dh::regrid/bcast_comm/ref_bnd_prol/CarpetLib::dh::bs2: 1e-06 1e-06 2842 2842 0 2842 2842
main/Initialise/CallInitial/CallRegridInitialMeta/Regrid/RegridMap/CarpetLib::gh::regrid/CarpetLib::dh::regrid/bcast_comm/ref_bnd_prol/CarpetLib::dh::bs3: 1e-06 1e-06 2376 2376 0 2376 2376
main/Initialise/CallInitial/CallRegridInitialMeta/Regrid/RegridMap/CarpetLib::gh::regrid/CarpetLib::dh::regrid/bcast_comm/old2new_sync: 1.3e-05 1.3e-05 32169 32169 0 32169 32169
main/Initialise/CallInitial/CallRegridInitialMeta/Regrid/RegridMap/CarpetLib::gh::regrid/CarpetLib::dh::regrid/bcast_comm/ref_refl_prol/CarpetLib::dh::bs1: 6e-06 6e-06 13818 2303 124.732 2254 2401
main/Initialise/CallInitial/CallRegridInitialMeta/Regrid/RegridMap/CarpetLib::gh::regrid/CarpetLib::dh::regrid/bcast_comm/ref_refl_prol/CarpetLib::dh::bs3: 5e-06 5e-06 13573 2262.17 102.004 2229 2352
main/Initialise/CallInitial/CallRegridInitialMeta/Regrid/RegridMap/CarpetLib::gh::regrid/CarpetLib::dh::regrid/bcast_comm/old2new_sync/CarpetLib::dh::bs1: 1e-06 1e-06 2352 2352 0 2352 2352
main/Initialise/CallInitial/CallRegridInitialMeta/Regrid/RegridMap/CarpetLib::gh::regrid/CarpetLib::dh::regrid/bcast_comm/old2new_sync/CarpetLib::dh::bs2: 1e-06 1e-06 2744 2744 0 2744 2744
main/Initialise/CallInitial/CallRegridInitialMeta/Regrid/RegridMap/CarpetLib::gh::regrid/CarpetLib::dh::regrid/bcast_comm/old2new_sync/CarpetLib::dh::bs3: 1e-06 1e-06 2303 2303 0 2303 2303
main/Initialise/CallInitial/CallRegridInitialMeta/Regrid/RegridMap/CarpetLib::gh::regrid/CarpetLib::dh::regrid/bcast_comm/old2new_ref_prol: 1.8e-05 1.8e-05 43120 43120 0 43120 43120
main/Initialise/CallInitial/CallRegridInitialMeta/Regrid/RegridMap/CarpetLib::gh::regrid/CarpetLib::dh::regrid/bcast_comm/old2new_ref_prol/CarpetLib::dh::bs1: 1e-06 2e-06 2328 2328 0 2328 2328
main/Initialise/CallInitial/CallRegridInitialMeta/Regrid/RegridMap/CarpetLib::gh::regrid/CarpetLib::dh::regrid/bcast_comm/old2new_ref_prol/CarpetLib::dh::bs2: 1e-06 1e-06 2768 2768 0 2768 2768
main/Initialise/CallInitial/CallRegridInitialMeta/Regrid/RegridMap/CarpetLib::gh::regrid/CarpetLib::dh::regrid/bcast_comm/old2new_ref_prol/CarpetLib::dh::bs3: 1e-06 1e-06 2450 2450 0 2450 2450
main/Initialise/CallInitial/CallRegridInitialMeta/Regrid/RegridMap/CarpetLib::gh::regrid/CarpetLib::dh::regrid/bcast_comm/ref_refl_prol/CarpetLib::dh::bs2: 6e-06 6e-06 16537 2756.17 285.256 2597 2940
main/Initialise/CallInitial/CCTK_BASEGRID/CallFunction/thorns/ADMBase_SetShiftStateOn: 2e-06 2e-06 4802 4802 0 4802 4802
main/Initialise/CallInitial/CCTK_BASEGRID/CallFunction/thorns/ADMBase_SetDtLapseStateOn: 2e-06 1e-06 3112 3112 0 3112 3112
main/Initialise/CallInitial/CCTK_BASEGRID/CallFunction/thorns/ADMBase_SetDtShiftStateOn: 1e-06 1e-06 2793 2793 0 2793 2793
main/Initialise/CallInitial/CCTK_BASEGRID/CallFunction/thorns/ADMMacros_SetLocalSpatialOrder: 2e-06 2e-06 4459 4459 0 4459 4459
main/Initialise/CallInitial/CCTK_BASEGRID/CallFunction/thorns/SpatialSpacings: 3.4e-05 3.4e-05 84745 84745 0 84745 84745
main/Initialise/CallInitial/CCTK_BASEGRID/CallFunction: 0.001808 0.000866 4.43129e+06 177252 951686 38539 789782
main/Initialise/CallInitial/CCTK_BASEGRID/CallFunction/thorns/MaskBase_AllocateMask/CarpetLib::ggf::recompose_crop: 2e-06 0 5536 2768 69.2965 2719 2817
main/Initialise/CallInitial/CCTK_BASEGRID/CallFunction/thorns/MaskBase_AllocateMask/CarpetLib::ggf::recompose_allocate: 2e-06 0 6786 3393 640.639 2940 3846
main/Initialise/CallInitial/CCTK_BASEGRID/CallFunction/thorns/MaskBase_AllocateMask/dh::recompose_free_old: 2e-06 0 4998 2499 103.238 2426 2572
main/Initialise/CallInitial/CCTK_BASEGRID/CallFunction/thorns/MaskBase_InitMask: 0.000136 0 333249 333249 0 333249 333249
main/Initialise/CallInitial/CCTK_BASEGRID/CallFunction/thorns/CarpetMaskSetup: 1.8e-05 0 42752 42752 0 42752 42752
main/Initialise/CallInitial/CCTK_BASEGRID/CallFunction/thorns/CarpetExcludedSetup: 3e-06 0 8085 8085 0 8085 8085
main/Initialise/CallInitial/CCTK_BASEGRID/CallFunction/thorns/CarpetSurfaceSetup: 4e-06 0 8477 8477 0 8477 8477
main/Initialise/CallInitial/CCTK_BASEGRID/CallFunction/thorns/CoordBase_SetupMask: 0.000155 0 379578 379578 0 379578 379578
main/Initialise/CallInitial/CCTK_BASEGRID/CallFunction/thorns/SphericalSurface_Set: 3e-06 3e-06 6542 6542 0 6542 6542
main/Initialise/CallInitial/CCTK_BASEGRID/CallFunction/thorns/MaskBase_TestMask: 0.000135 0.000134 330236 330236 0 330236 330236
main/Initialise/CallInitial/CCTK_BASEGRID/CallFunction/thorns/SphericalSurface_CheckState: 2e-06 2e-06 3283 3283 0 3283 3283
main/Initialise/CallInitial/CCTK_BASEGRID/CallFunction/thorns/SBP_SetNormMask: 3e-05 3e-05 74382 74382 0 74382 74382
main/Initialise/CallInitial/CCTK_BASEGRID/CallFunction/thorns/SymBase_Check: 2e-06 2e-06 4091 4091 0 4091 4091
main/Initialise/CallInitial/CCTK_BASEGRID/CallFunction/thorns/Time_Initialise: 1e-06 1e-06 3479 3479 0 3479 3479
main/Initialise/CallInitial/CCTK_BASEGRID/CallFunction/thorns/MaskBase_SetMask: 8.7e-05 0 213861 213861 0 213861 213861
main/Initialise/CallInitial/CCTK_INITIAL/CallFunction/thorns/TwoPunctures: 1.29578 2.41514 3.16871e+09 3.16871e+09 0 3.16871e+09 3.16871e+09
main/Initialise/CallInitial/CCTK_INITIAL/CallFunction/thorns/TwoPunctures_Metadata: 0.000155 0.00015 380167 380167 0 380167 380167
main/Initialise/CallInitial/CCTK_INITIAL/CallFunction/thorns/ADMBase_ShiftZero: 0.000123 0.000119 300688 300688 0 300688 300688
main/Initialise/CallInitial/CCTK_INITIAL/CallFunction/thorns/ADMBase_DtLapseZero: 4.3e-05 4.1e-05 104615 104615 0 104615 104615
main/Initialise/CallInitial/CCTK_INITIAL/CallFunction/thorns/ADMBase_DtShiftZero: 0.000123 0.000119 301742 301742 0 301742 301742
main/Initialise/CallInitial/CCTK_INITIAL/CallFunction/thorns/CarpetIOASCIIInit: 1e-06 2e-06 4312 4312 0 4312 4312
main/Initialise/CallInitial/CCTK_INITIAL/CallFunction/thorns/CarpetIOBasicInit: 1e-06 2e-06 3822 3822 0 3822 3822
main/Initialise/CallInitial/CCTK_INITIAL: 1.29973 2.42306 3.17836e+09 3.17836e+09 0 3.17836e+09 3.17836e+09
main/Initialise/CallInitial/CCTK_BASEGRID/CallFunction/thorns/TemporalSpacings: 4e-06 4e-06 7717 7717 0 7717 7717
main/Initialise/CallInitial/CCTK_INITIAL/CallFunction/thorns/CarpetIOScalarInit: 2e-06 1e-06 4239 4239 0 4239 4239
main/Initialise/CallInitial/CCTK_INITIAL/CallFunction/thorns/ML_BSSN_InitialADMBase1Everywhere: 0.001252 0.002253 3.06277e+06 3.06277e+06 0 3.06277e+06 3.06277e+06
main/Initialise/CallInitial/CCTK_INITIAL/CallFunction/thorns/ML_BSSN_InitialADMBase2BoundaryScalar: 0.000185 0.000185 453985 453985 0 453985 453985
main/Initialise/CallInitial/CCTK_INITIAL/CallFunction: 1.29955 2.42288 3.17791e+09 2.26994e+08 3.05288e+09 21339 3.16882e+09
main/Initialise/CallInitial/CCTK_INITIAL/CallFunction/thorns: 1.29915 2.42148 3.17692e+09 2.26923e+08 3.05286e+09 13990 3.16873e+09
main/Initialise/CallInitial/CCTK_INITIAL/CallFunction/thorns/StaticConformal_InitialiseState: 2e-06 2e-06 3577 3577 0 3577 3577
main/Initialise/CallInitial/CCTK_INITIAL/CarpetLib::ggf::recompose_crop: 1e-06 1e-06 2818 2818 0 2818 2818
main/Initialise/CallInitial/CCTK_INITIAL/CarpetLib::ggf::recompose_allocate: 1e-06 1e-06 3626 3626 0 3626 3626
main/Initialise/CallInitial/CCTK_INITIAL/dh::recompose_free_old: 1e-06 1e-06 2744 2744 0 2744 2744
main/Initialise/CallInitial/CallRegridInitialMeta/Regrid/RegridMap/CarpetLib::gh::regrid/CarpetLib::dh::regrid/bcast_comm/ref_prol: 3.3e-05 3.2e-05 80213 80213 0 80213 80213
main/Initialise/CallInitial/CCTK_BASEGRID/CallFunction/thorns/ML_BSSN_CheckBoundaries: 2e-06 0 3528 3528 0 3528 3528
main/Initialise/CallInitial/CallRegridInitialMeta/Regrid/RegridMap/CheckRegions: 2e-06 1e-06 2744 2744 0 2744 2744
main/Initialise/CallInitial/CCTK_INITIAL/CallFunction/thorns/ML_BSSN_InitialADMBase2Interior: 0.001131 0.002133 2.76669e+06 2.76669e+06 0 2.76669e+06 2.76669e+06
main/Initialise/CallInitial/CCTK_INITIAL/CallFunction/syncs: 7.8e-05 7.8e-05 189899 189899 0 189899 189899
main/Initialise/CallInitial/CCTK_INITIAL/CallFunction/syncs/Prolongate: 1e-06 1e-06 2499 2499 0 2499 2499
main/Initialise/CallInitial/CCTK_INITIAL/CallFunction/syncs/Sync: 6.5e-05 6.6e-05 160010 160010 0 160010 160010
main/Initialise/CallInitial/CCTK_INITIAL/CallFunction/syncs/Sync/comm_state[0].create: 7e-06 7e-06 17150 17150 0 17150 17150
main/Initialise/CallInitial/CCTK_INITIAL/CallFunction/syncs/Sync/comm_state[1].state_get_buffer_sizes.user: 4e-06 4e-06 8893 8893 0 8893 8893
main/Initialise/CallInitial/CCTK_INITIAL/CallFunction/syncs/Sync/comm_state[3].state_fill_send_buffers.user: 1e-06 1e-06 3773 3773 0 3773 3773
main/Initialise/CallInitial/CCTK_INITIAL/CallFunction/syncs/Sync/comm_state[4].state_fill_send_buffers.step: 1e-06 2e-06 2695 2695 0 2695 2695
main/Initialise/CallInitial/CCTK_INITIAL/CallFunction/syncs/Sync/comm_state[5].state_do_some_work.user: 2e-06 2e-06 3503 3503 0 3503 3503
main/Initialise/CallInitial/CCTK_INITIAL/CallFunction/syncs/Sync/comm_state[6].state_do_some_work.step: 2e-06 2e-06 4116 4116 0 4116 4116
main/Initialise/CallInitial/CCTK_INITIAL/CallFunction/syncs/Sync/comm_state[7].state_empty_recv_buffers.user: 1e-06 1e-06 3479 3479 0 3479 3479
main/Initialise/CallInitial/CCTK_INITIAL/CallFunction/syncs/Sync/comm_state[8].state_empty_recv_buffers.step: 1e-06 2e-06 3479 3479 0 3479 3479
main/Initialise/CallInitial/CCTK_INITIAL/CallFunction/thorns/MoL_StartLoop: 2e-06 2e-06 4434 4434 0 4434 4434
main/Initialise/CallInitial/CCTK_INITIAL/CallFunction/thorns/ML_BSSN_ExtrapolateGammas: 0.00025 0.00125 613553 613553 0 613553 613553
main/Initialise/CallInitial/CCTK_POSTINITIAL: 0.007056 0.014053 1.72529e+07 1.72529e+07 0 1.72529e+07 1.72529e+07
main/Initialise/CallInitial/CCTK_INITIAL/CallFunction/syncs/Sync/comm_state[2].state_get_buffer_sizes.step: 2e-06 2e-06 4949 4949 0 4949 4949
main/Initialise/CallInitial/CCTK_POSTINITIAL/CallFunction/thorns: 0.006362 0.013364 1.5562e+07 576371 7.21763e+06 7399 6.8769e+06
main/Initialise/CallInitial/CCTK_POSTINITIAL/CallFunction/thorns/ML_BSSN_EnforceEverywhere: 0.000591 0.000591 1.44665e+06 1.44665e+06 0 1.44665e+06 1.44665e+06
main/Initialise/CallInitial/CCTK_POSTINITIAL/CallFunction/thorns/ML_BSSN_SelectBoundConds: 2.9e-05 2.9e-05 70854 70854 0 70854 70854
main/Initialise/CallInitial/CCTK_POSTINITIAL/CallFunction: 0.006908 0.013908 1.68991e+07 625892 7.23044e+06 12225 6.92872e+06
main/Initialise/CallInitial/CCTK_POSTINITIAL/CallFunction/syncs/Prolongate: 4e-06 4e-06 8943 2235.75 93.8017 2181 2303
main/Initialise/CallInitial/CCTK_POSTINITIAL/CallFunction/syncs/Sync: 0.000111 0.000111 274939 68734.8 65105.7 48535 125097
main/Initialise/CallInitial/CCTK_POSTINITIAL/CallFunction/syncs/Sync/comm_state[1].state_get_buffer_sizes.user: 6e-06 6e-06 20262 5065.5 3821.81 3479 8330
main/Initialise/CallInitial/CCTK_POSTINITIAL/CallFunction/syncs/Sync/comm_state[0].create: 4e-06 5e-06 10779 2694.75 104.416 2621 2744
main/Initialise/CallInitial/CCTK_POSTINITIAL/CallFunction/syncs/Sync/comm_state[2].state_get_buffer_sizes.step: 7e-06 5e-06 11588 2897 170.722 2793 3013
main/Initialise/CallInitial/CCTK_POSTINITIAL/CallFunction/syncs/Sync/comm_state[3].state_fill_send_buffers.user: 7e-06 5e-06 14945 3736.25 2538.54 2719 5905
main/Initialise/CallInitial/CCTK_POSTINITIAL/CallFunction/syncs/Sync/comm_state[4].state_fill_send_buffers.step: 4e-06 4e-06 9800 2450 120.025 2401 2548
main/Initialise/CallInitial/CCTK_POSTINITIAL/CallFunction/syncs/Sync/comm_state[5].state_do_some_work.user: 6e-06 6e-06 14430 3607.5 2467 2597 5708
main/Initialise/CallInitial/CCTK_POSTINITIAL/CallFunction/syncs/Sync/comm_state[6].state_do_some_work.step: 5e-06 5e-06 10805 2701.25 94.714 2646 2769
main/Initialise/CallInitial/CCTK_POSTINITIAL/CallFunction/syncs/Sync/comm_state[7].state_empty_recv_buffers.user: 5e-06 6e-06 14430 3607.5 2570.6 2622 5806
main/Initialise/CallInitial/CCTK_POSTINITIAL/CallFunction/syncs/Sync/comm_state[8].state_empty_recv_buffers.step: 4e-06 4e-06 11196 2799 171.295 2719 2940
main/Initialise/CallInitial/CCTK_POSTINITIAL/CallFunction/syncs: 0.000137 0.000136 334744 83686 78540.8 59363 151680
main/Initialise/CallInitial/CCTK_POSTINITIAL/CallFunction/thorns/Boundary_ApplyPhysicalBCs: 0.000523 0.001523 1.2814e+06 320350 795536 7668 981348
main/Initialise/CallInitial/CCTK_POSTINITIAL/CallFunction/thorns/CartGrid3D_ApplyBC: 1.2e-05 1.3e-05 31973 7993.25 6650.01 4753 13402
main/Initialise/CallInitial/CCTK_POSTINITIAL/CallFunction/thorns/ReflectionSymmetry_Apply: 0.000195 0.001198 484218 121054 197418 20335 276384
main/Initialise/CallInitial/CCTK_POSTINITIAL/CallFunction/thorns/ML_BSSN_ADMBaseInterior: 0.001008 0.002008 2.46693e+06 2.46693e+06 0 2.46693e+06 2.46693e+06
main/Initialise/CallInitial/CCTK_POSTINITIAL/CallFunction/thorns/Boundary_ClearSelection: 5e-06 6e-06 13744 3436 794.517 3038 4091
main/Initialise/CallInitial/CCTK_POSTINITIAL/CallFunction/thorns/ML_BSSN_ADMBaseBoundaryScalar: 0.000114 0.000115 280231 280231 0 280231 280231
main/Initialise/CallInitial/CCTK_POSTINITIAL/CallFunction/thorns/ML_BSSN_ADMBase_SelectBCs: 1.1e-05 1.1e-05 27195 27195 0 27195 27195
main/Initialise/CallInitial/CCTK_POSTINITIAL/CallFunction/thorns/ML_BSSN_ConstraintsEverywhere: 0.000105 0.000104 256000 256000 0 256000 256000
main/Initialise/CallInitial/CCTK_POSTINITIAL/CallFunction/thorns/ML_BSSN_ConstraintsEverywhere_SelectBCs: 9e-06 9e-06 21437 21437 0 21437 21437
main/Initialise/CallInitial/CCTK_POSTINITIAL/CallFunction/thorns/ML_BSSN_ADMBaseEverywhere: 0.000827 0.001828 2.02257e+06 2.02257e+06 0 2.02257e+06 2.02257e+06
main/Initialise/CallInitial/CCTK_POSTINITIAL/CallFunction/thorns/SBP_CheckGridSizes: 3e-06 2e-06 5782 5782 0 5782 5782
main/Initialise/CallInitial/CCTK_POSTINITIAL/CallFunction/thorns/ML_BSSN_ConstraintsInterior_SelectBCs: 1.2e-05 1.2e-05 29449 29449 0 29449 29449
main/Initialise/CallRestrict: 2e-06 2e-06 107653 107653 0 107653 107653
main/Initialise/CallPostInitial: 0.067218 0.124018 1.64375e+08 1.64375e+08 0 1.64375e+08 1.64375e+08
main/Initialise/CallPostInitial/CCTK_POSTSTEP: 0.067121 0.123924 1.64137e+08 1.64137e+08 0 1.64137e+08 1.64137e+08
main/Initialise/CallPostInitial/CCTK_POSTPOSTINITIAL: 4e-06 4e-06 9996 9996 0 9996 9996
main/Initialise/CallPostInitial/CCTK_POSTSTEP/CallFunction: 0.066939 0.122746 1.63692e+08 1.02307e+07 1.14515e+08 33957 1.10144e+08
main/Initialise/CallPostInitial/CCTK_POSTSTEP/CallFunction/thorns: 0.066535 0.122346 1.62698e+08 1.01686e+07 1.14513e+08 16440 1.10079e+08
main/Initialise/CallPostInitial/CCTK_POSTSTEP/CallFunction/thorns/SphericalSurface_Set: 3e-06 3e-06 7889 7889 0 7889 7889
main/Initialise/CallPostInitial/CCTK_POSTSTEP/CallFunction/thorns/SphericalSurface_CheckState: 2e-06 1e-06 3430 3430 0 3430 3430
main/Initialise/CallInitial/CCTK_POSTINITIAL/CallFunction/thorns/ML_BSSN_ConstraintsInterior: 0.002806 0.005806 6.86343e+06 6.86343e+06 0 6.86343e+06 6.86343e+06
main/Initialise/CallPostInitial/CCTK_POSTSTEP/CarpetLib::ggf::recompose_crop: 2e-06 2e-06 5488 2744 277.186 2548 2940
main/Initialise/CallPostInitial/CCTK_POSTSTEP/CarpetLib::ggf::recompose_allocate: 3e-06 3e-06 7374 3687 1125.71 2891 4483
main/Initialise/CallPostInitial/CCTK_POSTSTEP/dh::recompose_free_old: 2e-06 3e-06 4753 2376.5 103.945 2303 2450
main/Initialise/CallPostInitial/CCTK_POSTSTEP/CallFunction/thorns/Extract: 0.045008 0.080184 1.10066e+08 1.10066e+08 0 1.10066e+08 1.10066e+08
main/Initialise/CallPostInitial/CCTK_POSTSTEP/CallFunction/thorns/Extract/Sync/comm_state[1].state_get_buffer_sizes.user: 5.2e-05 5.4e-05 141561 5444.65 12933.9 4385 18008
main/Initialise/CallPostInitial/CCTK_POSTSTEP/CallFunction/thorns/NaNChecker_NaNCheck_Check: 0.021045 0.041686 5.14648e+07 5.14648e+07 0 5.14648e+07 5.14648e+07
main/Initialise/CallPostInitial/CCTK_POSTSTEP/CallFunction/thorns/Extract/Prolongate: 6.3e-05 4.1e-05 85016 3269.85 698.292 3111 3773
main/Initialise/CallPostInitial/CCTK_POSTSTEP/CallFunction/thorns/Extract/Sync: 0.000781 0.000773 1.90429e+06 73241.9 83149 66297 153248
main/Initialise/CallPostInitial/CCTK_POSTSTEP/CallFunction/thorns/Extract/Sync/comm_state[0].create: 4.6e-05 4e-05 97388 3745.69 793.987 3528 4214
main/Initialise/CallPostInitial/CCTK_POSTSTEP/CallFunction/thorns/NaNChecker_NaNCheck_Prepare: 5e-06 4e-06 10609 10609 0 10609 10609
main/Initialise/CallPostInitial/CCTK_POSTSTEP/CallFunction/thorns/NaNChecker_TakeAction: 2e-06 2e-06 3062 3062 0 3062 3062
main/Initialise/CallPostInitial/CCTK_POSTSTEP/CallFunction/thorns/setup_epsdis: 1.5e-05 1.5e-05 38024 38024 0 38024 38024
main/Initialise/CallPostInitial/CCTK_POSTSTEP/CallFunction/syncs: 5.5e-05 5.5e-05 135166 135166 0 135166 135166
main/Initialise/CallPostInitial/CCTK_POSTSTEP/CallFunction/syncs/Prolongate: 1e-06 2e-06 2426 2426 0 2426 2426
main/Initialise/CallPostInitial/CCTK_POSTSTEP/CallFunction/syncs/Sync: 4.5e-05 4.5e-05 110470 110470 0 110470 110470
main/Initialise/CallPostInitial/CCTK_POSTSTEP/CallFunction/syncs/Sync/comm_state[1].state_get_buffer_sizes.user: 2e-06 2e-06 3405 3405 0 3405 3405
main/Initialise/CallPostInitial/CCTK_POSTSTEP/CallFunction/syncs/Sync/comm_state[0].create: 1e-06 1e-06 3013 3013 0 3013 3013
main/Initialise/CallPostInitial/CCTK_POSTSTEP/CallFunction/syncs/Sync/comm_state[2].state_get_buffer_sizes.step: 2e-06 2e-06 3160 3160 0 3160 3160
main/Initialise/CallPostInitial/CCTK_POSTSTEP/CallFunction/syncs/Sync/comm_state[3].state_fill_send_buffers.user: 1e-06 2e-06 2793 2793 0 2793 2793
main/Initialise/CallPostInitial/CCTK_POSTSTEP/CallFunction/syncs/Sync/comm_state[4].state_fill_send_buffers.step: 1e-06 1e-06 2524 2524 0 2524 2524
main/Initialise/CallPostInitial/CCTK_POSTSTEP/CallFunction/syncs/Sync/comm_state[5].state_do_some_work.user: 1e-06 1e-06 2720 2720 0 2720 2720
main/Initialise/CallPostInitial/CCTK_POSTSTEP/CallFunction/syncs/Sync/comm_state[6].state_do_some_work.step: 2e-06 2e-06 2793 2793 0 2793 2793
main/Initialise/CallPostInitial/CCTK_POSTSTEP/CallFunction/syncs/Sync/comm_state[7].state_empty_recv_buffers.user: 1e-06 1e-06 2671 2671 0 2671 2671
main/Initialise/CallPostInitial/CCTK_POSTSTEP/CallFunction/syncs/Sync/comm_state[8].state_empty_recv_buffers.step: 1e-06 1e-06 3038 3038 0 3038 3038
main/Initialise/CallAnalysis: 0.003167 0.005182 7.74325e+06 7.74325e+06 0 7.74325e+06 7.74325e+06
main/Initialise/CallPostInitial/CCTK_POSTSTEP/CallFunction/thorns/MaskBase_AllocateMask: 1.7e-05 1.7e-05 40768 40768 0 40768 40768
main/Initialise/CallAnalysis/OutputGH/OutputGH/IOASCII::IOASCII_2D [4]: 8e-06 8e-06 19526 19526 0 19526 19526
main/Initialise/CallPostInitial/CCTK_POSTSTEP/CallFunction/thorns/MaskBase_InitMask: 5.2e-05 5.2e-05 128012 128012 0 128012 128012
main/Initialise/CallPostInitial/CCTK_POSTSTEP/CallFunction/thorns/CoordBase_SetupMask: 9.4e-05 9.4e-05 228707 228707 0 228707 228707
main/Initialise/CallPostInitial/CCTK_POSTSTEP/CallFunction/thorns/CarpetMaskSetup: 1.8e-05 1.8e-05 44076 44076 0 44076 44076
main/Initialise/CallPostInitial/CCTK_POSTSTEP/CallFunction/thorns/CarpetExcludedSetup: 3e-06 3e-06 7620 7620 0 7620 7620
main/Initialise/CallPostInitial/CCTK_POSTSTEP/CallFunction/thorns/CarpetSurfaceSetup: 3e-06 3e-06 7179 7179 0 7179 7179
main/Initialise/CallPostInitial/CCTK_POSTSTEP/CallFunction/thorns/MaskBase_SetMask: 8.1e-05 8.1e-05 198548 198548 0 198548 198548
main/Initialise/CallPostInitial/CCTK_POSTSTEP/CallFunction/thorns/MaskBase_TestMask: 9e-05 9e-05 220328 220328 0 220328 220328
main/Initialise/CallAnalysis/CCTK_CPINITIAL: 3e-06 4e-06 8012 8012 0 8012 8012
main/Initialise/CallAnalysis/CCTK_ANALYSIS: 0.000545 0.000545 1.33238e+06 1.33238e+06 0 1.33238e+06 1.33238e+06
main/Initialise/CallAnalysis/CCTK_ANALYSIS/CallFunction: 0.0005 0.0005 1.22353e+06 407843 483522 127841 788875
main/Initialise/CallAnalysis/CCTK_ANALYSIS/CallFunction/thorns: 0.000427 0.000427 1.04292e+06 347639 528368 17297 753106
main/Initialise/CallAnalysis/CCTK_ANALYSIS/CallFunction/thorns/CarpetLib_printtimestats: 0.000106 0.000106 260827 260827 0 260827 260827
main/Initialise/CallAnalysis/CCTK_ANALYSIS/CallFunction/thorns/CarpetLib_printmemstats: 0.000301 0.000302 738920 738920 0 738920 738920
main/Initialise/CallAnalysis/OutputGH: 0.002479 0.004495 6.06081e+06 6.06081e+06 0 6.06081e+06 6.06081e+06
main/Initialise/CallAnalysis/CCTK_ANALYSIS/CallFunction/thorns/LC_statistics_analysis: 2e-06 2e-06 3209 3209 0 3209 3209
main/Initialise/CallAnalysis/OutputGH/OutputGH: 0.002473 0.004489 6.04751e+06 6.04751e+06 0 6.04751e+06 6.04751e+06
main/Initialise/CallAnalysis/OutputGH/OutputGH/IOBasic::CarpetIOBasic [0]: 8.6e-05 0.000115 208471 208471 0 208471 208471
main/Initialise/CallAnalysis/OutputGH/OutputGH/IOBasic::CarpetIOBasic [0]/OutputGH: 7.9e-05 0.000109 194628 194628 0 194628 194628
main/Initialise/CallAnalysis/OutputGH/OutputGH/IOScalar::CarpetIOScalar [1]: 1e-05 9e-06 24328 24328 0 24328 24328
main/Initialise/CallAnalysis/OutputGH/OutputGH/IOScalar::CarpetIOScalar [1]/OutputGH: 2e-06 2e-06 4459 4459 0 4459 4459
main/Initialise/CallAnalysis/OutputGH/OutputGH/IOASCII::IOASCII_0D [2]/OutputGH<0>: 1e-06 1e-06 3479 3479 0 3479 3479
main/Initialise/CallAnalysis/OutputGH/OutputGH/IOASCII::IOASCII_0D [2]: 8e-06 6e-06 16905 16905 0 16905 16905
main/Initialise/CallAnalysis/OutputGH/OutputGH/IOASCII::IOASCII_1D [3]/OutputGH<1>: 0.002307 0.004296 5.64362e+06 5.64362e+06 0 5.64362e+06 5.64362e+06
main/Initialise/CallAnalysis/OutputGH/OutputGH/IOASCII::IOASCII_1D [3]: 0.002313 0.004302 5.65712e+06 5.65712e+06 0 5.65712e+06 5.65712e+06
main/Initialise/CallAnalysis/OutputGH/OutputGH/IOASCII::IOASCII_2D [4]/OutputGH<2>: 1e-06 1e-06 3136 3136 0 3136 3136
main/Initialise/CallAnalysis/OutputGH/OutputGH/IOASCII::IOASCII_3D [5]/OutputGH<3>: 1e-06 2e-06 3503 3503 0 3503 3503
main/Initialise/CallAnalysis/OutputGH/OutputGH/IOASCII::IOASCII_3D [5]: 7e-06 7e-06 17370 17370 0 17370 17370
main/Initialise/CallPostInitial/CCTK_POSTSTEP/CallFunction/thorns/Extract/Sync/comm_state[2].state_get_buffer_sizes.step: 3.7e-05 4e-05 98391 3784.27 1352.78 3479 4802
main/Initialise/CallPostInitial/CCTK_POSTSTEP/CallFunction/thorns/Extract/Sync/comm_state[3].state_fill_send_buffers.user: 3.9e-05 4e-05 104392 4015.08 755.75 3773 4263
main/Initialise/CallPostInitial/CCTK_POSTSTEP/CallFunction/thorns/Extract/Sync/comm_state[4].state_fill_send_buffers.step: 3.5e-05 3.8e-05 88006 3384.85 816.024 3185 3871
main/Initialise/CallPostInitial/CCTK_POSTSTEP/CallFunction/thorns/Extract/Sync/comm_state[5].state_do_some_work.user: 4e-05 4.2e-05 101114 3889 1799.75 2866 4777
main/Initialise/CallPostInitial/CCTK_POSTSTEP/CallFunction/thorns/Extract/Sync/comm_state[6].state_do_some_work.step: 4.3e-05 4.1e-05 104710 4027.31 2403.73 2842 5341
main/Initialise/CallPostInitial/CCTK_POSTSTEP/CallFunction/thorns/Extract/Sync/comm_state[7].state_empty_recv_buffers.user: 4.9e-05 5.2e-05 111378 4283.77 2383.1 2695 5145
main/Initialise/CallPostInitial/CCTK_POSTSTEP/CallFunction/thorns/Extract/Sync/comm_state[8].state_empty_recv_buffers.step: 4.3e-05 4e-05 94277 3626.04 2008.29 2817 4875
main/Initialise/CallPostInitial/CCTK_POSTSTEP/CallFunction/thorns/NaNChecker_NaNCheck_Finish: 7e-06 6e-06 15312 15312 0 15312 15312

INFO (CarpetRegrid2): Centre 1 is not active
INFO (CarpetRegrid2): Centre 2 is not active
INFO (CarpetRegrid2): Centre 3 is not active
INFO (CarpetRegrid2): Regridding level 0 map 0 at iteration 1 time 0
INFO (CarpetRegrid2): Regridding levels 1 and up
INFO (Carpet): Grid structure (superregions, grid points):
   [0][0][0]   exterior: [0,0,0] : [34,34,20]   ([35,35,21] + PADDING) 25725
INFO (Carpet): Grid structure (superregions, coordinates):
   [0][0][0]   exterior: [-136,-136,-24] : [136,136,136] : [8,8,8]
INFO (Carpet): Global grid structure statistics:
INFO (Carpet): GF: rhs: 6k active, 6k owned (+0%), 13k total (+104%), 0.5 steps/time
INFO (Carpet): GF: vars: 195, pts: 2M active, 2M owned (+0%), 5M total (+104%), 1.0 comp/proc
INFO (Carpet): GA: vars: 483, pts: 0M active, 0M total (+0%)
INFO (Carpet): Total required memory: 0.040 GByte (for GAs and currently active GFs)
INFO (Carpet): Load balance:  min     avg     max     sdv     max/avg-1
INFO (Carpet): Level  0:       2M      2M      2M      0M owned      0%
WARNING level 2 from host runnervmlun5p.yo2jsnv3aaiufmiidgoerdg2xa.bx.internal.cloudapp.net process 0
  in thorn Carpet, file /home/runner/work/tests/tests/master/configs/sim/build/Carpet/Comm.cc:103:
  -> Synchronising group "EXTRACT::TEMPS" in local mode
WARNING level 2 from host runnervmlun5p.yo2jsnv3aaiufmiidgoerdg2xa.bx.internal.cloudapp.net process 0
  in thorn Carpet, file /home/runner/work/tests/tests/master/configs/sim/build/Carpet/Comm.cc:103:
  -> Synchronising group "EXTRACT::TEMPS" in local mode
WARNING level 2 from host runnervmlun5p.yo2jsnv3aaiufmiidgoerdg2xa.bx.internal.cloudapp.net process 0
  in thorn Carpet, file /home/runner/work/tests/tests/master/configs/sim/build/Carpet/Comm.cc:103:
  -> Synchronising group "EXTRACT::TEMPS" in local mode
WARNING level 2 from host runnervmlun5p.yo2jsnv3aaiufmiidgoerdg2xa.bx.internal.cloudapp.net process 0
  in thorn Carpet, file /home/runner/work/tests/tests/master/configs/sim/build/Carpet/Comm.cc:103:
  -> Synchronising group "EXTRACT::TEMPS" in local mode
WARNING level 2 from host runnervmlun5p.yo2jsnv3aaiufmiidgoerdg2xa.bx.internal.cloudapp.net process 0
  in thorn Carpet, file /home/runner/work/tests/tests/master/configs/sim/build/Carpet/Comm.cc:103:
  -> Synchronising group "EXTRACT::TEMPS" in local mode
WARNING level 2 from host runnervmlun5p.yo2jsnv3aaiufmiidgoerdg2xa.bx.internal.cloudapp.net process 0
  in thorn Carpet, file /home/runner/work/tests/tests/master/configs/sim/build/Carpet/Comm.cc:103:
  -> Synchronising group "EXTRACT::TEMPS" in local mode
WARNING level 2 from host runnervmlun5p.yo2jsnv3aaiufmiidgoerdg2xa.bx.internal.cloudapp.net process 0
  in thorn Carpet, file /home/runner/work/tests/tests/master/configs/sim/build/Carpet/Comm.cc:103:
  -> Synchronising group "EXTRACT::TEMPS" in local mode
WARNING level 2 from host runnervmlun5p.yo2jsnv3aaiufmiidgoerdg2xa.bx.internal.cloudapp.net process 0
  in thorn Carpet, file /home/runner/work/tests/tests/master/configs/sim/build/Carpet/Comm.cc:103:
  -> Synchronising group "EXTRACT::TEMPS" in local mode
WARNING level 2 from host runnervmlun5p.yo2jsnv3aaiufmiidgoerdg2xa.bx.internal.cloudapp.net process 0
  in thorn Carpet, file /home/runner/work/tests/tests/master/configs/sim/build/Carpet/Comm.cc:103:
  -> Synchronising group "EXTRACT::TEMPS" in local mode
WARNING level 2 from host runnervmlun5p.yo2jsnv3aaiufmiidgoerdg2xa.bx.internal.cloudapp.net process 0
  in thorn Carpet, file /home/runner/work/tests/tests/master/configs/sim/build/Carpet/Comm.cc:103:
  -> Synchronising group "EXTRACT::TEMPS" in local mode
WARNING level 2 from host runnervmlun5p.yo2jsnv3aaiufmiidgoerdg2xa.bx.internal.cloudapp.net process 0
  in thorn Carpet, file /home/runner/work/tests/tests/master/configs/sim/build/Carpet/Comm.cc:103:
  -> Synchronising group "EXTRACT::TEMPS" in local mode
WARNING level 2 from host runnervmlun5p.yo2jsnv3aaiufmiidgoerdg2xa.bx.internal.cloudapp.net process 0
  in thorn Carpet, file /home/runner/work/tests/tests/master/configs/sim/build/Carpet/Comm.cc:103:
  -> Synchronising group "EXTRACT::TEMPS" in local mode
WARNING level 2 from host runnervmlun5p.yo2jsnv3aaiufmiidgoerdg2xa.bx.internal.cloudapp.net process 0
  in thorn Carpet, file /home/runner/work/tests/tests/master/configs/sim/build/Carpet/Comm.cc:103:
  -> Synchronising group "EXTRACT::TEMPS" in local mode
WARNING level 2 from host runnervmlun5p.yo2jsnv3aaiufmiidgoerdg2xa.bx.internal.cloudapp.net process 0
  in thorn Carpet, file /home/runner/work/tests/tests/master/configs/sim/build/Carpet/Comm.cc:103:
  -> Synchronising group "EXTRACT::TEMPS" in local mode
WARNING level 2 from host runnervmlun5p.yo2jsnv3aaiufmiidgoerdg2xa.bx.internal.cloudapp.net process 0
  in thorn Carpet, file /home/runner/work/tests/tests/master/configs/sim/build/Carpet/Comm.cc:103:
  -> Synchronising group "EXTRACT::TEMPS" in local mode
WARNING level 2 from host runnervmlun5p.yo2jsnv3aaiufmiidgoerdg2xa.bx.internal.cloudapp.net process 0
  in thorn Carpet, file /home/runner/work/tests/tests/master/configs/sim/build/Carpet/Comm.cc:103:
  -> Synchronising group "EXTRACT::TEMPS" in local mode
WARNING level 2 from host runnervmlun5p.yo2jsnv3aaiufmiidgoerdg2xa.bx.internal.cloudapp.net process 0
  in thorn Carpet, file /home/runner/work/tests/tests/master/configs/sim/build/Carpet/Comm.cc:103:
  -> Synchronising group "EXTRACT::TEMPS" in local mode
WARNING level 2 from host runnervmlun5p.yo2jsnv3aaiufmiidgoerdg2xa.bx.internal.cloudapp.net process 0
  in thorn Carpet, file /home/runner/work/tests/tests/master/configs/sim/build/Carpet/Comm.cc:103:
  -> Synchronising group "EXTRACT::TEMPS" in local mode
WARNING level 2 from host runnervmlun5p.yo2jsnv3aaiufmiidgoerdg2xa.bx.internal.cloudapp.net process 0
  in thorn Carpet, file /home/runner/work/tests/tests/master/configs/sim/build/Carpet/Comm.cc:103:
  -> Synchronising group "EXTRACT::TEMPS" in local mode
WARNING level 2 from host runnervmlun5p.yo2jsnv3aaiufmiidgoerdg2xa.bx.internal.cloudapp.net process 0
  in thorn Carpet, file /home/runner/work/tests/tests/master/configs/sim/build/Carpet/Comm.cc:103:
  -> Synchronising group "EXTRACT::TEMPS" in local mode
WARNING level 2 from host runnervmlun5p.yo2jsnv3aaiufmiidgoerdg2xa.bx.internal.cloudapp.net process 0
  in thorn Carpet, file /home/runner/work/tests/tests/master/configs/sim/build/Carpet/Comm.cc:103:
  -> Synchronising group "EXTRACT::TEMPS" in local mode
WARNING level 2 from host runnervmlun5p.yo2jsnv3aaiufmiidgoerdg2xa.bx.internal.cloudapp.net process 0
  in thorn Carpet, file /home/runner/work/tests/tests/master/configs/sim/build/Carpet/Comm.cc:103:
  -> Synchronising group "EXTRACT::TEMPS" in local mode
WARNING level 2 from host runnervmlun5p.yo2jsnv3aaiufmiidgoerdg2xa.bx.internal.cloudapp.net process 0
  in thorn Carpet, file /home/runner/work/tests/tests/master/configs/sim/build/Carpet/Comm.cc:103:
  -> Synchronising group "EXTRACT::TEMPS" in local mode
WARNING level 2 from host runnervmlun5p.yo2jsnv3aaiufmiidgoerdg2xa.bx.internal.cloudapp.net process 0
  in thorn Carpet, file /home/runner/work/tests/tests/master/configs/sim/build/Carpet/Comm.cc:103:
  -> Synchronising group "EXTRACT::TEMPS" in local mode
WARNING level 2 from host runnervmlun5p.yo2jsnv3aaiufmiidgoerdg2xa.bx.internal.cloudapp.net process 0
  in thorn Carpet, file /home/runner/work/tests/tests/master/configs/sim/build/Carpet/Comm.cc:103:
  -> Synchronising group "EXTRACT::TEMPS" in local mode
WARNING level 2 from host runnervmlun5p.yo2jsnv3aaiufmiidgoerdg2xa.bx.internal.cloudapp.net process 0
  in thorn Carpet, file /home/runner/work/tests/tests/master/configs/sim/build/Carpet/Comm.cc:103:
  -> Synchronising group "EXTRACT::TEMPS" in local mode
      256     2.000 | 4.177865e+04
WARNING level 2 from host runnervmlun5p.yo2jsnv3aaiufmiidgoerdg2xa.bx.internal.cloudapp.net process 0
  in thorn Carpet, file /home/runner/work/tests/tests/master/configs/sim/build/Carpet/Comm.cc:103:
  -> Synchronising group "EXTRACT::TEMPS" in local mode
WARNING level 2 from host runnervmlun5p.yo2jsnv3aaiufmiidgoerdg2xa.bx.internal.cloudapp.net process 0
  in thorn Carpet, file /home/runner/work/tests/tests/master/configs/sim/build/Carpet/Comm.cc:103:
  -> Synchronising group "EXTRACT::TEMPS" in local mode
WARNING level 2 from host runnervmlun5p.yo2jsnv3aaiufmiidgoerdg2xa.bx.internal.cloudapp.net process 0
  in thorn Carpet, file /home/runner/work/tests/tests/master/configs/sim/build/Carpet/Comm.cc:103:
  -> Synchronising group "EXTRACT::TEMPS" in local mode
WARNING level 2 from host runnervmlun5p.yo2jsnv3aaiufmiidgoerdg2xa.bx.internal.cloudapp.net process 0
  in thorn Carpet, file /home/runner/work/tests/tests/master/configs/sim/build/Carpet/Comm.cc:103:
  -> Synchronising group "EXTRACT::TEMPS" in local mode
WARNING level 2 from host runnervmlun5p.yo2jsnv3aaiufmiidgoerdg2xa.bx.internal.cloudapp.net process 0
  in thorn Carpet, file /home/runner/work/tests/tests/master/configs/sim/build/Carpet/Comm.cc:103:
  -> Synchronising group "EXTRACT::TEMPS" in local mode
WARNING level 2 from host runnervmlun5p.yo2jsnv3aaiufmiidgoerdg2xa.bx.internal.cloudapp.net process 0
  in thorn Carpet, file /home/runner/work/tests/tests/master/configs/sim/build/Carpet/Comm.cc:103:
  -> Synchronising group "EXTRACT::TEMPS" in local mode
WARNING level 2 from host runnervmlun5p.yo2jsnv3aaiufmiidgoerdg2xa.bx.internal.cloudapp.net process 0
  in thorn Carpet, file /home/runner/work/tests/tests/master/configs/sim/build/Carpet/Comm.cc:103:
  -> Synchronising group "EXTRACT::TEMPS" in local mode
WARNING level 2 from host runnervmlun5p.yo2jsnv3aaiufmiidgoerdg2xa.bx.internal.cloudapp.net process 0
  in thorn Carpet, file /home/runner/work/tests/tests/master/configs/sim/build/Carpet/Comm.cc:103:
  -> Synchronising group "EXTRACT::TEMPS" in local mode
WARNING level 2 from host runnervmlun5p.yo2jsnv3aaiufmiidgoerdg2xa.bx.internal.cloudapp.net process 0
  in thorn Carpet, file /home/runner/work/tests/tests/master/configs/sim/build/Carpet/Comm.cc:103:
  -> Synchronising group "EXTRACT::TEMPS" in local mode
WARNING level 2 from host runnervmlun5p.yo2jsnv3aaiufmiidgoerdg2xa.bx.internal.cloudapp.net process 0
  in thorn Carpet, file /home/runner/work/tests/tests/master/configs/sim/build/Carpet/Comm.cc:103:
  -> Synchronising group "EXTRACT::TEMPS" in local mode
WARNING level 2 from host runnervmlun5p.yo2jsnv3aaiufmiidgoerdg2xa.bx.internal.cloudapp.net process 0
  in thorn Carpet, file /home/runner/work/tests/tests/master/configs/sim/build/Carpet/Comm.cc:103:
  -> Synchronising group "EXTRACT::TEMPS" in local mode
WARNING level 2 from host runnervmlun5p.yo2jsnv3aaiufmiidgoerdg2xa.bx.internal.cloudapp.net process 0
  in thorn Carpet, file /home/runner/work/tests/tests/master/configs/sim/build/Carpet/Comm.cc:103:
  -> Synchronising group "EXTRACT::TEMPS" in local mode
WARNING level 2 from host runnervmlun5p.yo2jsnv3aaiufmiidgoerdg2xa.bx.internal.cloudapp.net process 0
  in thorn Carpet, file /home/runner/work/tests/tests/master/configs/sim/build/Carpet/Comm.cc:103:
  -> Synchronising group "EXTRACT::TEMPS" in local mode
WARNING level 2 from host runnervmlun5p.yo2jsnv3aaiufmiidgoerdg2xa.bx.internal.cloudapp.net process 0
  in thorn Carpet, file /home/runner/work/tests/tests/master/configs/sim/build/Carpet/Comm.cc:103:
  -> Synchronising group "EXTRACT::TEMPS" in local mode
WARNING level 2 from host runnervmlun5p.yo2jsnv3aaiufmiidgoerdg2xa.bx.internal.cloudapp.net process 0
  in thorn Carpet, file /home/runner/work/tests/tests/master/configs/sim/build/Carpet/Comm.cc:103:
  -> Synchronising group "EXTRACT::TEMPS" in local mode
WARNING level 2 from host runnervmlun5p.yo2jsnv3aaiufmiidgoerdg2xa.bx.internal.cloudapp.net process 0
  in thorn Carpet, file /home/runner/work/tests/tests/master/configs/sim/build/Carpet/Comm.cc:103:
  -> Synchronising group "EXTRACT::TEMPS" in local mode
WARNING level 2 from host runnervmlun5p.yo2jsnv3aaiufmiidgoerdg2xa.bx.internal.cloudapp.net process 0
  in thorn Carpet, file /home/runner/work/tests/tests/master/configs/sim/build/Carpet/Comm.cc:103:
  -> Synchronising group "EXTRACT::TEMPS" in local mode
WARNING level 2 from host runnervmlun5p.yo2jsnv3aaiufmiidgoerdg2xa.bx.internal.cloudapp.net process 0
  in thorn Carpet, file /home/runner/work/tests/tests/master/configs/sim/build/Carpet/Comm.cc:103:
  -> Synchronising group "EXTRACT::TEMPS" in local mode
WARNING level 2 from host runnervmlun5p.yo2jsnv3aaiufmiidgoerdg2xa.bx.internal.cloudapp.net process 0
  in thorn Carpet, file /home/runner/work/tests/tests/master/configs/sim/build/Carpet/Comm.cc:103:
  -> Synchronising group "EXTRACT::TEMPS" in local mode
WARNING level 2 from host runnervmlun5p.yo2jsnv3aaiufmiidgoerdg2xa.bx.internal.cloudapp.net process 0
  in thorn Carpet, file /home/runner/work/tests/tests/master/configs/sim/build/Carpet/Comm.cc:103:
  -> Synchronising group "EXTRACT::TEMPS" in local mode
WARNING level 2 from host runnervmlun5p.yo2jsnv3aaiufmiidgoerdg2xa.bx.internal.cloudapp.net process 0
  in thorn Carpet, file /home/runner/work/tests/tests/master/configs/sim/build/Carpet/Comm.cc:103:
  -> Synchronising group "EXTRACT::TEMPS" in local mode
WARNING level 2 from host runnervmlun5p.yo2jsnv3aaiufmiidgoerdg2xa.bx.internal.cloudapp.net process 0
  in thorn Carpet, file /home/runner/work/tests/tests/master/configs/sim/build/Carpet/Comm.cc:103:
  -> Synchronising group "EXTRACT::TEMPS" in local mode
WARNING level 2 from host runnervmlun5p.yo2jsnv3aaiufmiidgoerdg2xa.bx.internal.cloudapp.net process 0
  in thorn Carpet, file /home/runner/work/tests/tests/master/configs/sim/build/Carpet/Comm.cc:103:
  -> Synchronising group "EXTRACT::TEMPS" in local mode
WARNING level 2 from host runnervmlun5p.yo2jsnv3aaiufmiidgoerdg2xa.bx.internal.cloudapp.net process 0
  in thorn Carpet, file /home/runner/work/tests/tests/master/configs/sim/build/Carpet/Comm.cc:103:
  -> Synchronising group "EXTRACT::TEMPS" in local mode
WARNING level 2 from host runnervmlun5p.yo2jsnv3aaiufmiidgoerdg2xa.bx.internal.cloudapp.net process 0
  in thorn Carpet, file /home/runner/work/tests/tests/master/configs/sim/build/Carpet/Comm.cc:103:
  -> Synchronising group "EXTRACT::TEMPS" in local mode
WARNING level 2 from host runnervmlun5p.yo2jsnv3aaiufmiidgoerdg2xa.bx.internal.cloudapp.net process 0
  in thorn Carpet, file /home/runner/work/tests/tests/master/configs/sim/build/Carpet/Comm.cc:103:
  -> Synchronising group "EXTRACT::TEMPS" in local mode
      512     4.000 | 4.179305e+04
INFO (Carpet): Terminating due to cctk_final_time at t = 4.000000
# Carpet timing information at iteration 512 time 4:
main: 1.78413 3.24414 4.3629e+09 2.18145e+09 1.88209e+09 8.50609e+08 3.51229e+09
meta mode: 1.78414 3.24414 4.36292e+09 2.18146e+09 1.8821e+09 8.50612e+08 3.51231e+09
main/CarpetStartup: 0.02633 0.031863 6.43864e+07 6.43864e+07 0 6.43864e+07 6.43864e+07
main/CarpetStartup/AllocateGridHierarchy: 5e-06 5e-06 11515 11515 0 11515 11515
main/CarpetStartup/CarpetLib::gh::regrid: 0.025011 0.029908 6.11519e+07 1.07284e+06 1.03697e+06 1.01511e+06 2.07576e+06
main/CarpetStartup/CarpetLib::dh::regrid: 7.1e-05 6.1e-05 159302 2794.77 7723.65 2499 10413
main/Initialise/CallInitial/Poison: 0.002922 0.002922 7.14393e+06 7.14393e+06 0 7.14393e+06 7.14393e+06
main/Initialise/CallInitial/CCTK_BASEGRID/CallFunction/thorns: 0.001259 0.000606 3.07232e+06 122893 930361 13793 738822
main/CarpetStartup/CarpetLib::gh::regrid/CarpetLib::dh::regrid/region: 0.002144 0.001972 5.27061e+06 92466.8 411421 83275 499016
main/Initialise/CallInitial/CallRegridInitialMeta/Regrid/RegridMap/CarpetLib::gh::regrid/CarpetLib::dh::regrid/region: 0.000175 0.000176 428750 428750 0 428750 428750
main/CarpetStartup/CarpetLib::gh::regrid/CarpetLib::dh::regrid/test: 0.006011 0.007505 1.47237e+07 258310 228842 241496 410301
main/CarpetStartup/CarpetLib::gh::regrid/CarpetLib::dh::regrid/domain: 0.000752 0.001683 1.84054e+06 32290.1 94574 28004 108535
main/Initialise/CallInitial/CallRegridInitialMeta/Regrid/RegridMap/CarpetLib::gh::regrid/CarpetLib::dh::regrid/domain: 4.1e-05 4.1e-05 99152 99152 0 99152 99152
main/CarpetStartup/CarpetLib::gh::regrid/CarpetLib::dh::regrid/comm/refrest: 5.3e-05 4.2e-05 123483 2166.37 844.555 2083 2842
main/CarpetStartup/CarpetLib::gh::regrid/CarpetLib::dh::regrid/comm/mgprol: 5.2e-05 4.7e-05 121421 2130.19 592.004 2058 2670
main/CarpetStartup/CarpetLib::dh::recompose: 5.5e-05 5e-05 130805 2294.82 239.145 2229 2377
main/CarpetStartup/CarpetLib::gh::regrid/CarpetLib::dh::regrid/buffers: 0.009278 0.011608 2.27176e+07 398554 167980 384037 533292
main/CarpetStartup/CarpetLib::gh::regrid/CarpetLib::dh::regrid: 0.02484 0.029751 6.07397e+07 1.06561e+06 1.02295e+06 1.00808e+06 2.05432e+06
main/CarpetStartup/CarpetLib::gh::regrid/CarpetLib::dh::regrid/bcast_comm: 0.004389 0.004949 1.07064e+07 187831 121460 181716 286503
main/CarpetStartup/CarpetLib::gh::regrid/CarpetLib::dh::regrid/comm/sync: 4.9e-05 5e-05 124704 2187.79 922.423 2107 3014
main/CarpetStartup/CarpetLib::gh::regrid/CarpetLib::dh::regrid/mask: 0.000229 0.00021 582534 10219.9 22659.1 5121 21315
main/CarpetStartup/CarpetLib::gh::regrid/CarpetLib::dh::regrid/bcast_boxes: 0.000112 9.5e-05 257446 4516.6 26591.7 3503 30674
main/CarpetStartup/CarpetLib::gh::regrid/CarpetLib::dh::regrid/unusedpoints_mask: 5.9e-05 5.4e-05 141856 2488.7 3689.81 2303 6051
main/CarpetStartup/CarpetLib::gh::regrid/CarpetLib::dh::regrid/bcast_comm/ref_bnd_prol: 0.000378 0.000345 934652 16397.4 9941.31 15900 26166
main/CarpetStartup/CarpetLib::gh::regrid/CarpetLib::dh::regrid/bcast_comm/ref_prol/CarpetLib::dh::bs3: 5.5e-05 5.1e-05 131933 2314.61 443.077 2229 2573
main/CarpetStartup/CarpetLib::gh::regrid/CarpetLib::dh::regrid/comm: 0.000811 0.000735 1.97573e+06 34661.9 41002.7 32683 63308
main/CarpetStartup/CarpetLib::gh::regrid/CarpetLib::dh::regrid/bcast_comm/ref_prol: 0.000409 0.000374 1.00602e+06 17649.5 25667.9 16538 42948
main/CarpetStartup/CarpetLib::gh::regrid/CarpetLib::dh::regrid/bcast_comm/sync: 0.00039 0.000345 945676 16590.8 10936.6 15974 27367
main/CarpetStartup/CarpetLib::gh::regrid/CarpetLib::dh::regrid/bcast_comm/ref_prol/CarpetLib::dh::bs1: 5.6e-05 5.1e-05 138396 2428 1058.43 2254 2842
main/Initialise/CallInitial/CallRegridInitialMeta/Regrid/RegridMap/CarpetLib::gh::regrid/CarpetLib::dh::regrid/bcast_comm/ref_prol/CarpetLib::dh::bs1: 1e-06 2e-06 4508 4508 0 4508 4508
main/Initialise/CallInitial/CallRegridInitialMeta/Regrid/RegridMap/CarpetLib::gh::regrid/CarpetLib::dh::regrid/bcast_comm/sync: 1.4e-05 1.4e-05 33565 33565 0 33565 33565
main/Initialise/CallInitial/CallRegridInitialMeta/Regrid/RegridMap/CarpetLib::gh::regrid/CarpetLib::dh::regrid/comm/mgrest: 1e-06 1e-06 2254 2254 0 2254 2254
main/Initialise/CallInitial/CallRegridInitialMeta/Regrid/RegridMap/CarpetLib::gh::regrid/CarpetLib::dh::regrid/comm/mgprol: 1e-06 0 2107 2107 0 2107 2107
main/Initialise/CallInitial/CallRegridInitialMeta/Regrid/RegridMap/CarpetLib::gh::regrid/CarpetLib::dh::regrid/comm/refprol: 1e-06 1e-06 2058 2058 0 2058 2058
main/Initialise/CallInitial/CallRegridInitialMeta/Regrid/RegridMap/CarpetLib::gh::regrid/CarpetLib::dh::regrid/comm/sync: 2e-06 1e-06 2524 2524 0 2524 2524
main/Initialise/CallInitial/CallRegridInitialMeta/Regrid/RegridMap/CarpetLib::gh::regrid/CarpetLib::dh::regrid/comm/refbndprol: 1e-06 1e-06 2156 2156 0 2156 2156
main/CarpetStartup/CarpetLib::gh::regrid/CarpetLib::dh::regrid/bcast_comm/ref_prol/CarpetLib::dh::bs2: 7.9e-05 6.9e-05 199135 3493.6 11425.6 2842 14724
main/CarpetStartup/CarpetLib::gh::regrid/CarpetLib::dh::regrid/bcast_comm/sync/CarpetLib::dh::bs1: 5.5e-05 4.8e-05 130463 2288.82 414.133 2205 2548
main/CarpetStartup/CarpetLib::gh::regrid/CarpetLib::dh::regrid/bcast_comm/sync/CarpetLib::dh::bs2: 6e-05 6.6e-05 161654 2836.04 949.676 2573 3234
main/CarpetStartup/CarpetLib::gh::regrid/CarpetLib::dh::regrid/bcast_comm/sync/CarpetLib::dh::bs3: 5.6e-05 4.6e-05 128041 2246.33 257.745 2180 2352
main/CarpetStartup/CarpetLib::gh::regrid/CarpetLib::dh::regrid/bcast_comm/ref_refl_prol: 0.00205 0.002832 5.01275e+06 87943 62609.9 85162 139577
main/CarpetStartup/CarpetLib::gh::regrid/CarpetLib::dh::regrid/bcast_comm/ref_bnd_prol/CarpetLib::dh::bs1: 4.8e-05 4.3e-05 128895 2261.32 274.89 2205 2450
main/CarpetStartup/CarpetLib::gh::regrid/CarpetLib::dh::regrid/bcast_comm/ref_bnd_prol/CarpetLib::dh::bs2: 6e-05 5.4e-05 156285 2741.84 815.04 2597 2989
main/CarpetStartup/CarpetLib::gh::regrid/CarpetLib::dh::regrid/bcast_comm/old2new_sync: 0.00038 0.00034 926613 16256.4 10857.6 15900 26999
main/CarpetStartup/CarpetLib::gh::regrid/CarpetLib::dh::regrid/bcast_comm/ref_refl_prol/CarpetLib::dh::bs1: 0.000323 0.000292 804583 2352.58 30459.5 2205 32683
main/CarpetStartup/CarpetLib::gh::regrid/CarpetLib::dh::regrid/bcast_comm/ref_bnd_prol/CarpetLib::dh::bs3: 5.2e-05 5e-05 127572 2238.11 178.464 2205 2303
main/CarpetStartup/CarpetLib::gh::regrid/CarpetLib::dh::regrid/bcast_comm/ref_refl_prol/CarpetLib::dh::bs3: 0.000311 0.000285 808487 2364 44354.3 2180 46648
main/CarpetStartup/CarpetLib::gh::regrid/CarpetLib::dh::regrid/bcast_comm/ref_refl_prol/CarpetLib::dh::bs2: 0.000369 0.000326 918026 2684.29 8528.55 2548 10780
main/CarpetStartup/CarpetLib::gh::regrid/CarpetLib::dh::regrid/bcast_comm/old2new_sync/CarpetLib::dh::bs2: 5.9e-05 5.2e-05 150332 2637.4 395.929 2572 2891
main/CarpetStartup/CarpetLib::gh::regrid/CarpetLib::dh::regrid/bcast_comm/old2new_sync/CarpetLib::dh::bs3: 5.1e-05 4.5e-05 127011 2228.26 190.628 2156 2327
main/CarpetStartup/CarpetLib::gh::regrid/CarpetLib::dh::regrid/bcast_comm/old2new_sync/CarpetLib::dh::bs1: 5.3e-05 4.8e-05 128677 2257.49 194.608 2205 2377
main/CarpetStartup/CarpetLib::gh::regrid/CarpetLib::dh::regrid/bcast_comm/old2new_ref_prol/CarpetLib::dh::bs1: 5.3e-05 4.7e-05 127693 2240.23 205.349 2205 2401
main/CarpetStartup/CarpetLib::gh::regrid/CarpetLib::dh::regrid/bcast_comm/old2new_ref_prol/CarpetLib::dh::bs2: 7.5e-05 6.7e-05 151117 2651.18 1194.16 2572 3724
main/CarpetStartup/CarpetLib::gh::regrid/CarpetLib::dh::regrid/bcast_comm/old2new_ref_prol: 0.000392 0.000357 965767 16943.3 34039.6 16047 48975
main/CarpetStartup/CarpetLib::gh::regrid/CarpetLib::dh::regrid/bcast_comm/old2new_ref_prol/CarpetLib::dh::bs3: 5.2e-05 4.8e-05 127326 2233.79 173.134 2181 2327
main/CarpetStartup/CarpetLib::gh::regrid/CarpetLib::dh::regrid/comm/refprol: 4.7e-05 4.2e-05 120732 2118.11 583.722 2058 2670
main/CarpetStartup/CarpetLib::gh::regrid/CarpetLib::dh::regrid/comm/refbndprol: 4.9e-05 4.6e-05 151116 2651.16 28925.4 2058 31311
main/CarpetStartup/CarpetLib::gh::regrid/CarpetLib::dh::regrid/comm/reflux: 5.3e-05 4.9e-05 122354 2146.56 1455.27 2034 3479
main/Evolve/CallEvol/CCTK_EVOL/CallFunction/thorns/MoL_InitRHS: 0.001361 0.002354 3.34508e+06 418135 427357 294074 679434
main/CarpetStartup/CarpetLib::gh::regrid/CarpetLib::dh::regrid/comm/mgrest: 5e-05 4.1e-05 121519 2131.91 620.861 2082 2719
main/CarpetStartup/CheckRegions: 2e-06 1e-06 2891 2891 0 2891 2891
meta mode/meta mode/global mode/level(0)/leave_singlemap_mode: 0.000601 0.000561 1.41914e+06 3547.86 12263.4 2205 6787
meta mode/meta mode/global mode/level(0): 1.72327 3.1945 4.21416e+09 3.48278e+07 3.1772e+09 12471 3.16926e+09
meta mode/meta mode/global mode/level(0)/leave_local_mode: 0.001283 0.001256 3.0682e+06 7827.03 80301.8 2205 63553
meta mode/meta mode/global mode: 1.72596 3.19682 4.22065e+09 1.27898e+08 3.14952e+09 15949 3.20324e+09
meta mode/meta mode/global mode/leave_level_mode: 0.000195 0.000172 471547 3897.08 6385 3381 6713
meta mode/meta mode/leave_global_mode: 0.000195 0.000189 490322 14858.2 45926.2 8526 35427
meta mode/meta mode: 1.75783 3.21231 4.2986e+09 2.1493e+09 1.83661e+09 8.50618e+08 3.44798e+09
main/Initialise/CarpetLib::ggf::recompose_crop: 0.000685 0.000163 1.47601e+06 2589.49 13523.2 2401 7301
main/Initialise/CarpetLib::ggf::recompose_allocate: 0.000646 0.000161 1.59606e+06 2800.1 13151.1 2597 7399
main/Initialise: 1.40947 2.5819 3.44671e+09 3.44671e+09 0 3.44671e+09 3.44671e+09
main/Initialise/dh::recompose_free_old: 0.000569 0.000149 1.36808e+06 2400.14 11263 2278 6737
main/Initialise/CallSetup/Poison: 0.000462 0.000462 1.12879e+06 1.12879e+06 0 1.12879e+06 1.12879e+06
meta mode/meta mode/enter_global_mode: 0.001089 0.001037 2.70424e+06 84507.4 304525 51891 231746
meta mode/meta mode/global mode/enter_level_mode: 0.000194 0.000164 486397 4053.31 6743.7 3577 7080
main/Initialise/CallSetup: 0.001778 0.001744 4.34632e+06 4.34632e+06 0 4.34632e+06 4.34632e+06
meta mode/meta mode/global mode/level(0)/enter_local_mode: 0.002792 0.003295 6.94062e+06 17751 144896 2181 61911
main/Initialise/CallSetup/CCTK_WRAGH/CallFunction: 0.000712 0.000686 1.74063e+06 96701.5 504166 17346 522414
main/Initialise/CallSetup/CCTK_WRAGH: 0.000808 0.000778 1.97507e+06 1.97507e+06 0 1.97507e+06 1.97507e+06
meta mode/meta mode/global mode/level(0)/enter_singlemap_mode: 0.000614 0.001655 1.56548e+06 3923.51 74553.3 2229 70021
main/Initialise/CallSetup/CCTK_WRAGH/CallFunction/thorns/Einstein_InitSymBound: 1.3e-05 1.3e-05 30772 30772 0 30772 30772
main/Initialise/CallSetup/CCTK_WRAGH/CallFunction/thorns/Boundary_RegisterBCs: 5e-06 5e-06 13524 13524 0 13524 13524
main/Initialise/CallSetup/CCTK_WRAGH/CallFunction/thorns: 0.000451 0.000433 1.10051e+06 61139.7 412220 12372 435634
main/Initialise/CallSetup/CCTK_WRAGH/CallFunction/thorns/CarpetRegrid2_Initialise: 1.5e-05 1.6e-05 37142 37142 0 37142 37142
main/Initialise/CallSetup/CCTK_WRAGH/CallFunction/thorns/RegisterCartGrid3DCoords: 2.2e-05 2e-05 53435 53435 0 53435 53435
main/Initialise/CallSetup/CCTK_WRAGH/CallFunction/thorns/Einstein_ActivateSlicing: 3e-06 4e-06 9334 9334 0 9334 9334
main/Initialise/CallSetup/CCTK_WRAGH/CallFunction/thorns/Einstein_SetNextSlicing: 2e-06 2e-06 3969 3969 0 3969 3969
main/Initialise/CallSetup/CCTK_WRAGH/CallFunction/thorns/MoL_SetupIndexArrays: 2e-05 1.8e-05 47628 47628 0 47628 47628
main/Initialise/CallSetup/CCTK_WRAGH/CallFunction/thorns/ML_BSSN_ParamCompat: 0.000171 0.000158 420322 420322 0 420322 420322
main/Initialise/CallSetup/CCTK_WRAGH/CallFunction/thorns/ML_BSSN_RegisterVars: 6.1e-05 6.1e-05 149401 149401 0 149401 149401
main/Initialise/CallInitial/CallRegridInitialMeta/Regrid/RegridMap/CarpetLib::gh::regrid: 0.000792 0.000793 1.93832e+06 1.93832e+06 0 1.93832e+06 1.93832e+06
main/Initialise/CallSetup/CCTK_WRAGH/CallFunction/thorns/TmunuBase_SetStressEnergyState: 4e-06 5e-06 11245 11245 0 11245 11245
main/Initialise/CallSetup/CCTK_WRAGH/CallFunction/thorns/ML_BSSN_RegisterConstrained: 5e-06 5e-06 12691 12691 0 12691 12691
main/Initialise/CallSetup/CCTK_WRAGH/CallFunction/thorns/Slab_InitTimers: 1.3e-05 1.3e-05 32511 32511 0 32511 32511
main/Initialise/CallSetup/CCTK_WRAGH/CallFunction/thorns/MoL_SetScheduleStatus: 1e-06 1e-06 3062 3062 0 3062 3062
main/Initialise/CallSetup/CCTK_WRAGH/CallFunction/thorns/CartGrid3D_RegisterSymmetryBoundaries: 4e-06 4e-06 9996 9996 0 9996 9996
main/Initialise/CallSetup/CCTK_WRAGH/CallFunction/thorns/ML_BSSN_RegisterSymmetries: 2.5e-05 2.5e-05 60074 60074 0 60074 60074
main/Initialise/CallSetup/CCTK_WRAGH/CallFunction/thorns/ReflectionSymmetry_Register: 4e-06 4e-06 8698 8698 0 8698 8698
main/Initialise/CallSetup/CCTK_WRAGH/CallFunction/thorns/SymBase_Statistics: 2e-06 3e-06 6052 6052 0 6052 6052
main/Initialise/CallSetup/CCTK_WRAGH/CallFunction/thorns/MoL_ReportNumberVariables: 3e-06 3e-06 8159 8159 0 8159 8159
main/Initialise/CallSetup/CCTK_PARAMCHECK: 0.000394 0.000394 962924 962924 0 962924 962924
main/Initialise/CallSetup/CCTK_PARAMCHECK/CallFunction: 0.000315 0.000313 762735 47670.9 250915 15876 211680
main/Initialise/CallSetup/CCTK_PARAMCHECK/CallFunction/thorns: 0.00024 0.000239 583075 36442.2 200946 10829 205114
main/Initialise/CallSetup/CCTK_PARAMCHECK/CallFunction/thorns/ADMBase_ParamCheck: 1e-06 1e-06 3283 3283 0 3283 3283
main/Initialise/CallSetup/CCTK_PARAMCHECK/CallFunction/thorns/Boundary_Check: 1e-06 1e-06 2572 2572 0 2572 2572
main/Initialise/CallSetup/CCTK_PARAMCHECK/CallFunction/thorns/CarpetLib_test_prolongate_3d_rf2: 1.3e-05 1.4e-05 32340 32340 0 32340 32340
main/Initialise/CallSetup/CCTK_PARAMCHECK/CallFunction/thorns/CarpetSurfaceParamCheck: 2e-06 2e-06 3503 3503 0 3503 3503
main/Initialise/CallSetup/CCTK_PARAMCHECK/CallFunction/thorns/CarpetRegrid2_ParamCheck: 1.1e-05 1.2e-05 27807 27807 0 27807 27807
main/Initialise/CallSetup/CCTK_PARAMCHECK/CallFunction/thorns/CarpetParamCheck: 1e-05 1e-05 23985 23985 0 23985 23985
main/Initialise/CallSetup/CCTK_PARAMCHECK/CallFunction/thorns/dissipation_paramcheck: 2e-06 1e-06 3577 3577 0 3577 3577
main/Initialise/CallSetup/CCTK_PARAMCHECK/CallFunction/thorns/Extract_ParamCheck: 2e-06 1e-06 3577 3577 0 3577 3577
main/Initialise/CallSetup/CCTK_PARAMCHECK/CallFunction/thorns/CheckFortranParameters: 1e-06 1e-06 3479 3479 0 3479 3479
main/Initialise/CallSetup/CCTK_PARAMCHECK/CallFunction/thorns/ML_BSSN_ParamCheck: 4e-05 4e-05 98711 98711 0 98711 98711
main/Initialise/CallSetup/CCTK_PARAMCHECK/CallFunction/thorns/ParamCheck_CartGrid3D: 4e-06 4e-06 8771 8771 0 8771 8771
main/Initialise/CallSetup/CCTK_PARAMCHECK/CallFunction/thorns/MoL_ParamCheck: 3e-06 2e-06 4851 4851 0 4851 4851
main/Initialise/CallSetup/CCTK_PARAMCHECK/CallFunction/thorns/SphericalSurface_ParamCheck: 2e-06 2e-06 4875 4875 0 4875 4875
main/Initialise/CallSetup/CCTK_PARAMCHECK/CallFunction/thorns/TmunuBase_ParamCheck: 1e-06 1e-06 2769 2769 0 2769 2769
main/Initialise/CallSetup/CCTK_PARAMCHECK/CallFunction/thorns/TwoPunctures_ParamCheck: 2e-06 2e-06 3455 3455 0 3455 3455
main/Initialise/CallSetup/CCTK_PARAMCHECK/CallFunction/thorns/Vectors_Test: 7.9e-05 8e-05 194873 194873 0 194873 194873
main/Initialise/CallInitial: 1.31524 2.44619 3.21629e+09 3.21629e+09 0 3.21629e+09 3.21629e+09
main/Initialise/CallInitial/CallRegridInitialMeta: 0.001621 0.00162 3.96268e+06 3.96268e+06 0 3.96268e+06 3.96268e+06
main/Initialise/CallInitial/CallRegridInitialMeta/Regrid: 0.001441 0.001441 3.52362e+06 3.52362e+06 0 3.52362e+06 3.52362e+06
main/Initialise/CallInitial/CallRegridInitialMeta/CCTK_PREREGRIDINITIAL: 3e-06 3e-06 8061 8061 0 8061 8061
main/Initialise/CallInitial/CallRegridInitialMeta/Regrid/CarpetRegrid2::RegridMaps: 0.00053 0.000531 1.29848e+06 1.29848e+06 0 1.29848e+06 1.29848e+06
main/Initialise/CallInitial/CallRegridInitialMeta/Regrid/RegridMap/CarpetLib::gh::regrid/CarpetLib::dh::regrid/comm/refrest: 1e-06 1e-06 2573 2573 0 2573 2573
main/Initialise/CallInitial/CallRegridInitialMeta/Regrid/RegridMap/CarpetLib::gh::regrid/CarpetLib::dh::regrid/comm/reflux: 1e-06 1e-06 2230 2230 0 2230 2230
main/Initialise/CallInitial/CallRegridInitialMeta/Regrid/RegridMap/CarpetLib::gh::regrid/CarpetLib::dh::regrid/mask: 3e-06 3e-06 7154 7154 0 7154 7154
main/Initialise/CallInitial/CallRegridInitialMeta/Regrid/RegridMap/CarpetLib::gh::regrid/CarpetLib::dh::regrid/bcast_boxes: 5e-06 4e-06 9702 9702 0 9702 9702
main/Evolve/CallEvol/CCTK_EVOL/CallFunction/thorns/MoL_AllocateScratch: 4e-06 1e-06 7350 3675 241.831 3504 3846
main/Initialise/CallInitial/CallRegridInitialMeta/Regrid/RegridMap/CarpetLib::gh::regrid/CarpetLib::dh::regrid/bcast_comm/sync/CarpetLib::dh::bs1: 1e-06 1e-06 2450 2450 0 2450 2450
main/Evolve/CallEvol: 0.207015 0.372948 5.06222e+08 988714 3.56494e+08 2058 2.53524e+08
main/Initialise/CallInitial/CallRegridInitialMeta/Regrid/PostRegrid: 4.2e-05 4.2e-05 103709 103709 0 103709 103709
main/Initialise/CallInitial/CallRegridInitialMeta/Regrid/RegridMap/CarpetLib::gh::regrid/CarpetLib::dh::regrid: 0.000786 0.000786 1.92173e+06 1.92173e+06 0 1.92173e+06 1.92173e+06
main/Evolve/CallRegrid/Regrid/PostRegrid: 4.3e-05 4.1e-05 105767 105767 0 105767 105767
main/Initialise/CallInitial/CCTK_BASEGRID/CallFunction/thorns/dissipation_basegrid: 1.2e-05 1.2e-05 30037 30037 0 30037 30037
main/Initialise/CallInitial/CCTK_BASEGRID/CallFunction/thorns/NaNChecker_ResetCounter: 1e-06 0 4067 4067 0 4067 4067
main/Initialise/CallInitial/CallRegridInitialMeta/Regrid/RegridMap/CarpetLib::gh::regrid/CarpetLib::dh::regrid/buffers: 0.000184 0.000184 451118 451118 0 451118 451118
main/Initialise/CallInitial/CallRegridInitialMeta/Regrid/RegridMap/CarpetLib::gh::regrid/CarpetLib::dh::regrid/test: 0.000143 0.000144 350791 350791 0 350791 350791
main/Initialise/CallInitial/CallRegridInitialMeta/Regrid/RegridMap: 0.000821 0.000823 2.01512e+06 2.01512e+06 0 2.01512e+06 2.01512e+06
main/Initialise/CallInitial/CallRegridInitialMeta/Recompose: 0.000114 0.000114 276973 276973 0 276973 276973
main/Initialise/CallInitial/CallRegridInitialMeta/RegridFree: 2e-06 2e-06 4655 4655 0 4655 4655
main/Initialise/CallInitial/CCTK_BASEGRID/CallFunction/thorns/SpatialCoordinates: 0.000296 0.000297 726376 726376 0 726376 726376
main/Initialise/CallInitial/CCTK_BASEGRID/CallFunction/thorns/MaskBase_AllocateMask: 0.000181 0 443230 443230 0 443230 443230
main/Initialise/CallInitial/CallRegridInitialMeta/Regrid/RegridMap/CarpetLib::gh::regrid/CarpetLib::dh::regrid/comm: 2.9e-05 2.9e-05 70193 70193 0 70193 70193
main/Initialise/CallInitial/CallRegridInitialMeta/Regrid/RegridMap/CarpetLib::gh::regrid/CarpetLib::dh::regrid/unusedpoints_mask: 1e-06 1e-06 2842 2842 0 2842 2842
main/Initialise/CallInitial/CallRegridInitialMeta/Regrid/RegridMap/CarpetLib::gh::regrid/CarpetLib::dh::regrid/bcast_comm/ref_prol/CarpetLib::dh::bs2: 2e-06 3e-06 6149 6149 0 6149 6149
main/Initialise/CallInitial/CallRegridInitialMeta/Regrid/RegridMap/CarpetLib::gh::regrid/CarpetLib::dh::regrid/bcast_comm/ref_prol/CarpetLib::dh::bs3: 1e-06 1e-06 2475 2475 0 2475 2475
main/Initialise/CallInitial/CallRegridInitialMeta/Regrid/RegridMap/CarpetLib::gh::regrid/CarpetLib::dh::regrid/bcast_comm/ref_bnd_prol: 1.3e-05 1.3e-05 31703 31703 0 31703 31703
main/Initialise/CallInitial/CallRegridInitialMeta/Regrid/RegridMap/CarpetLib::gh::regrid/CarpetLib::dh::regrid/bcast_comm: 0.000154 0.000155 377447 377447 0 377447 377447
main/Initialise/CallInitial/CCTK_BASEGRID: 0.001984 0.001602 4.85139e+06 4.85139e+06 0 4.85139e+06 4.85139e+06
main/Initialise/CallInitial/CCTK_BASEGRID/CallFunction/thorns/SphericalSurface_SetupRes: 3e-06 2e-06 5488 5488 0 5488 5488
main/Evolve/CallRegrid/Regrid/RegridMap/CarpetLib::gh::regrid/CarpetLib::dh::regrid/test: 0.000144 0.00014 353658 353658 0 353658 353658
main/Initialise/CallInitial/CCTK_BASEGRID/CallFunction/thorns/SphericalSurface_Setup: 5e-06 0 10363 10363 0 10363 10363
main/Initialise/CallInitial/CallRegridInitialMeta/Regrid/RegridMap/CarpetLib::gh::regrid/CarpetLib::dh::regrid/bcast_comm/sync/CarpetLib::dh::bs2: 1e-06 1e-06 3136 3136 0 3136 3136
main/Initialise/CallInitial/CallRegridInitialMeta/Regrid/RegridMap/CarpetLib::gh::regrid/CarpetLib::dh::regrid/bcast_comm/sync/CarpetLib::dh::bs3: 1e-06 1e-06 2327 2327 0 2327 2327
main/Initialise/CallInitial/CallRegridInitialMeta/Regrid/RegridMap/CarpetLib::gh::regrid/CarpetLib::dh::regrid/bcast_comm/ref_refl_prol: 4.5e-05 4.5e-05 110054 110054 0 110054 110054
main/Initialise/CallInitial/CallRegridInitialMeta/Regrid/RegridMap/CarpetLib::gh::regrid/CarpetLib::dh::regrid/bcast_comm/ref_bnd_prol/CarpetLib::dh::bs1: 1e-06 1e-06 2474 2474 0 2474 2474
main/Initialise/CallInitial/CallRegridInitialMeta/Regrid/RegridMap/CarpetLib::gh::regrid/CarpetLib::dh::regrid/bcast_comm/ref_bnd_prol/CarpetLib::dh::bs2: 1e-06 1e-06 2842 2842 0 2842 2842
main/Initialise/CallInitial/CallRegridInitialMeta/Regrid/RegridMap/CarpetLib::gh::regrid/CarpetLib::dh::regrid/bcast_comm/ref_bnd_prol/CarpetLib::dh::bs3: 1e-06 1e-06 2376 2376 0 2376 2376
main/Initialise/CallInitial/CallRegridInitialMeta/Regrid/RegridMap/CarpetLib::gh::regrid/CarpetLib::dh::regrid/bcast_comm/old2new_sync: 1.3e-05 1.3e-05 32169 32169 0 32169 32169
main/Initialise/CallInitial/CallRegridInitialMeta/Regrid/RegridMap/CarpetLib::gh::regrid/CarpetLib::dh::regrid/bcast_comm/ref_refl_prol/CarpetLib::dh::bs1: 6e-06 6e-06 13818 2303 124.732 2254 2401
main/Initialise/CallInitial/CallRegridInitialMeta/Regrid/RegridMap/CarpetLib::gh::regrid/CarpetLib::dh::regrid/bcast_comm/ref_refl_prol/CarpetLib::dh::bs3: 5e-06 5e-06 13573 2262.17 102.004 2229 2352
main/Initialise/CallInitial/CallRegridInitialMeta/Regrid/RegridMap/CarpetLib::gh::regrid/CarpetLib::dh::regrid/bcast_comm/old2new_sync/CarpetLib::dh::bs1: 1e-06 1e-06 2352 2352 0 2352 2352
main/Initialise/CallInitial/CallRegridInitialMeta/Regrid/RegridMap/CarpetLib::gh::regrid/CarpetLib::dh::regrid/bcast_comm/old2new_sync/CarpetLib::dh::bs2: 1e-06 1e-06 2744 2744 0 2744 2744
main/Initialise/CallInitial/CallRegridInitialMeta/Regrid/RegridMap/CarpetLib::gh::regrid/CarpetLib::dh::regrid/bcast_comm/old2new_sync/CarpetLib::dh::bs3: 1e-06 1e-06 2303 2303 0 2303 2303
main/Initialise/CallInitial/CallRegridInitialMeta/Regrid/RegridMap/CarpetLib::gh::regrid/CarpetLib::dh::regrid/bcast_comm/old2new_ref_prol: 1.8e-05 1.8e-05 43120 43120 0 43120 43120
main/Initialise/CallInitial/CallRegridInitialMeta/Regrid/RegridMap/CarpetLib::gh::regrid/CarpetLib::dh::regrid/bcast_comm/old2new_ref_prol/CarpetLib::dh::bs1: 1e-06 2e-06 2328 2328 0 2328 2328
main/Initialise/CallInitial/CallRegridInitialMeta/Regrid/RegridMap/CarpetLib::gh::regrid/CarpetLib::dh::regrid/bcast_comm/old2new_ref_prol/CarpetLib::dh::bs2: 1e-06 1e-06 2768 2768 0 2768 2768
main/Initialise/CallInitial/CallRegridInitialMeta/Regrid/RegridMap/CarpetLib::gh::regrid/CarpetLib::dh::regrid/bcast_comm/old2new_ref_prol/CarpetLib::dh::bs3: 1e-06 1e-06 2450 2450 0 2450 2450
main/Initialise/CallInitial/CallRegridInitialMeta/Regrid/RegridMap/CarpetLib::gh::regrid/CarpetLib::dh::regrid/bcast_comm/ref_refl_prol/CarpetLib::dh::bs2: 6e-06 6e-06 16537 2756.17 285.256 2597 2940
main/Initialise/CallInitial/CCTK_BASEGRID/CallFunction/thorns/ADMBase_SetShiftStateOn: 2e-06 2e-06 4802 4802 0 4802 4802
main/Initialise/CallInitial/CCTK_BASEGRID/CallFunction/thorns/ADMBase_SetDtLapseStateOn: 2e-06 1e-06 3112 3112 0 3112 3112
main/Initialise/CallInitial/CCTK_BASEGRID/CallFunction/thorns/ADMBase_SetDtShiftStateOn: 1e-06 1e-06 2793 2793 0 2793 2793
main/Initialise/CallInitial/CCTK_BASEGRID/CallFunction/thorns/ADMMacros_SetLocalSpatialOrder: 2e-06 2e-06 4459 4459 0 4459 4459
main/Initialise/CallInitial/CCTK_BASEGRID/CallFunction/thorns/SpatialSpacings: 3.4e-05 3.4e-05 84745 84745 0 84745 84745
main/Initialise/CallInitial/CCTK_BASEGRID/CallFunction: 0.001808 0.000866 4.43129e+06 177252 951686 38539 789782
main/Initialise/CallInitial/CCTK_BASEGRID/CallFunction/thorns/MaskBase_AllocateMask/CarpetLib::ggf::recompose_crop: 2e-06 0 5536 2768 69.2965 2719 2817
main/Initialise/CallInitial/CCTK_BASEGRID/CallFunction/thorns/MaskBase_AllocateMask/CarpetLib::ggf::recompose_allocate: 2e-06 0 6786 3393 640.639 2940 3846
main/Initialise/CallInitial/CCTK_BASEGRID/CallFunction/thorns/MaskBase_AllocateMask/dh::recompose_free_old: 2e-06 0 4998 2499 103.238 2426 2572
main/Initialise/CallInitial/CCTK_BASEGRID/CallFunction/thorns/MaskBase_InitMask: 0.000136 0 333249 333249 0 333249 333249
main/Initialise/CallInitial/CCTK_BASEGRID/CallFunction/thorns/CarpetMaskSetup: 1.8e-05 0 42752 42752 0 42752 42752
main/Initialise/CallInitial/CCTK_BASEGRID/CallFunction/thorns/CarpetExcludedSetup: 3e-06 0 8085 8085 0 8085 8085
main/Initialise/CallInitial/CCTK_BASEGRID/CallFunction/thorns/CarpetSurfaceSetup: 4e-06 0 8477 8477 0 8477 8477
main/Initialise/CallInitial/CCTK_BASEGRID/CallFunction/thorns/CoordBase_SetupMask: 0.000155 0 379578 379578 0 379578 379578
main/Initialise/CallInitial/CCTK_BASEGRID/CallFunction/thorns/SphericalSurface_Set: 3e-06 3e-06 6542 6542 0 6542 6542
main/Initialise/CallInitial/CCTK_BASEGRID/CallFunction/thorns/MaskBase_TestMask: 0.000135 0.000134 330236 330236 0 330236 330236
main/Initialise/CallInitial/CCTK_BASEGRID/CallFunction/thorns/SphericalSurface_CheckState: 2e-06 2e-06 3283 3283 0 3283 3283
main/Initialise/CallInitial/CCTK_BASEGRID/CallFunction/thorns/SBP_SetNormMask: 3e-05 3e-05 74382 74382 0 74382 74382
main/Initialise/CallInitial/CCTK_BASEGRID/CallFunction/thorns/SymBase_Check: 2e-06 2e-06 4091 4091 0 4091 4091
main/Initialise/CallInitial/CCTK_BASEGRID/CallFunction/thorns/Time_Initialise: 1e-06 1e-06 3479 3479 0 3479 3479
main/Initialise/CallInitial/CCTK_BASEGRID/CallFunction/thorns/MaskBase_SetMask: 8.7e-05 0 213861 213861 0 213861 213861
main/Initialise/CallInitial/CCTK_INITIAL/CallFunction/thorns/TwoPunctures: 1.29578 2.41514 3.16871e+09 3.16871e+09 0 3.16871e+09 3.16871e+09
main/Initialise/CallInitial/CCTK_INITIAL/CallFunction/thorns/TwoPunctures_Metadata: 0.000155 0.00015 380167 380167 0 380167 380167
main/Initialise/CallInitial/CCTK_INITIAL/CallFunction/thorns/ADMBase_ShiftZero: 0.000123 0.000119 300688 300688 0 300688 300688
main/Initialise/CallInitial/CCTK_INITIAL/CallFunction/thorns/ADMBase_DtLapseZero: 4.3e-05 4.1e-05 104615 104615 0 104615 104615
main/Initialise/CallInitial/CCTK_INITIAL/CallFunction/thorns/ADMBase_DtShiftZero: 0.000123 0.000119 301742 301742 0 301742 301742
main/Initialise/CallInitial/CCTK_INITIAL/CallFunction/thorns/CarpetIOASCIIInit: 1e-06 2e-06 4312 4312 0 4312 4312
main/Initialise/CallInitial/CCTK_INITIAL/CallFunction/thorns/CarpetIOBasicInit: 1e-06 2e-06 3822 3822 0 3822 3822
main/Initialise/CallInitial/CCTK_INITIAL: 1.29973 2.42306 3.17836e+09 3.17836e+09 0 3.17836e+09 3.17836e+09
main/Initialise/CallInitial/CCTK_BASEGRID/CallFunction/thorns/TemporalSpacings: 4e-06 4e-06 7717 7717 0 7717 7717
main/Initialise/CallInitial/CCTK_INITIAL/CallFunction/thorns/CarpetIOScalarInit: 2e-06 1e-06 4239 4239 0 4239 4239
main/Initialise/CallInitial/CCTK_INITIAL/CallFunction/thorns/ML_BSSN_InitialADMBase1Everywhere: 0.001252 0.002253 3.06277e+06 3.06277e+06 0 3.06277e+06 3.06277e+06
main/Initialise/CallInitial/CCTK_INITIAL/CallFunction/thorns/ML_BSSN_InitialADMBase2BoundaryScalar: 0.000185 0.000185 453985 453985 0 453985 453985
main/Initialise/CallInitial/CCTK_INITIAL/CallFunction: 1.29955 2.42288 3.17791e+09 2.26994e+08 3.05288e+09 21339 3.16882e+09
main/Initialise/CallInitial/CCTK_INITIAL/CallFunction/thorns: 1.29915 2.42148 3.17692e+09 2.26923e+08 3.05286e+09 13990 3.16873e+09
main/Initialise/CallInitial/CCTK_INITIAL/CallFunction/thorns/StaticConformal_InitialiseState: 2e-06 2e-06 3577 3577 0 3577 3577
main/Initialise/CallInitial/CCTK_INITIAL/CarpetLib::ggf::recompose_crop: 1e-06 1e-06 2818 2818 0 2818 2818
main/Initialise/CallInitial/CCTK_INITIAL/CarpetLib::ggf::recompose_allocate: 1e-06 1e-06 3626 3626 0 3626 3626
main/Initialise/CallInitial/CCTK_INITIAL/dh::recompose_free_old: 1e-06 1e-06 2744 2744 0 2744 2744
main/Initialise/CallInitial/CallRegridInitialMeta/Regrid/RegridMap/CarpetLib::gh::regrid/CarpetLib::dh::regrid/bcast_comm/ref_prol: 3.3e-05 3.2e-05 80213 80213 0 80213 80213
main/Initialise/CallInitial/CCTK_BASEGRID/CallFunction/thorns/ML_BSSN_CheckBoundaries: 2e-06 0 3528 3528 0 3528 3528
main/Initialise/CallInitial/CallRegridInitialMeta/Regrid/RegridMap/CheckRegions: 2e-06 1e-06 2744 2744 0 2744 2744
main/Initialise/CallInitial/CCTK_INITIAL/CallFunction/thorns/ML_BSSN_InitialADMBase2Interior: 0.001131 0.002133 2.76669e+06 2.76669e+06 0 2.76669e+06 2.76669e+06
main/Initialise/CallInitial/CCTK_INITIAL/CallFunction/syncs: 7.8e-05 7.8e-05 189899 189899 0 189899 189899
main/Initialise/CallInitial/CCTK_INITIAL/CallFunction/syncs/Prolongate: 1e-06 1e-06 2499 2499 0 2499 2499
main/Initialise/CallInitial/CCTK_INITIAL/CallFunction/syncs/Sync: 6.5e-05 6.6e-05 160010 160010 0 160010 160010
main/Initialise/CallInitial/CCTK_INITIAL/CallFunction/syncs/Sync/comm_state[0].create: 7e-06 7e-06 17150 17150 0 17150 17150
main/Initialise/CallInitial/CCTK_INITIAL/CallFunction/syncs/Sync/comm_state[1].state_get_buffer_sizes.user: 4e-06 4e-06 8893 8893 0 8893 8893
main/Initialise/CallInitial/CCTK_INITIAL/CallFunction/syncs/Sync/comm_state[3].state_fill_send_buffers.user: 1e-06 1e-06 3773 3773 0 3773 3773
main/Initialise/CallInitial/CCTK_INITIAL/CallFunction/syncs/Sync/comm_state[4].state_fill_send_buffers.step: 1e-06 2e-06 2695 2695 0 2695 2695
main/Initialise/CallInitial/CCTK_INITIAL/CallFunction/syncs/Sync/comm_state[5].state_do_some_work.user: 2e-06 2e-06 3503 3503 0 3503 3503
main/Initialise/CallInitial/CCTK_INITIAL/CallFunction/syncs/Sync/comm_state[6].state_do_some_work.step: 2e-06 2e-06 4116 4116 0 4116 4116
main/Initialise/CallInitial/CCTK_INITIAL/CallFunction/syncs/Sync/comm_state[7].state_empty_recv_buffers.user: 1e-06 1e-06 3479 3479 0 3479 3479
main/Initialise/CallInitial/CCTK_INITIAL/CallFunction/syncs/Sync/comm_state[8].state_empty_recv_buffers.step: 1e-06 2e-06 3479 3479 0 3479 3479
main/Initialise/CallInitial/CCTK_INITIAL/CallFunction/thorns/MoL_StartLoop: 2e-06 2e-06 4434 4434 0 4434 4434
main/Initialise/CallInitial/CCTK_INITIAL/CallFunction/thorns/ML_BSSN_ExtrapolateGammas: 0.00025 0.00125 613553 613553 0 613553 613553
main/Initialise/CallInitial/CCTK_POSTINITIAL: 0.007056 0.014053 1.72529e+07 1.72529e+07 0 1.72529e+07 1.72529e+07
main/Initialise/CallInitial/CCTK_INITIAL/CallFunction/syncs/Sync/comm_state[2].state_get_buffer_sizes.step: 2e-06 2e-06 4949 4949 0 4949 4949
main/Initialise/CallInitial/CCTK_POSTINITIAL/CallFunction/thorns: 0.006362 0.013364 1.5562e+07 576371 7.21763e+06 7399 6.8769e+06
main/Initialise/CallInitial/CCTK_POSTINITIAL/CallFunction/thorns/ML_BSSN_EnforceEverywhere: 0.000591 0.000591 1.44665e+06 1.44665e+06 0 1.44665e+06 1.44665e+06
main/Initialise/CallInitial/CCTK_POSTINITIAL/CallFunction/thorns/ML_BSSN_SelectBoundConds: 2.9e-05 2.9e-05 70854 70854 0 70854 70854
main/Initialise/CallInitial/CCTK_POSTINITIAL/CallFunction: 0.006908 0.013908 1.68991e+07 625892 7.23044e+06 12225 6.92872e+06
main/Initialise/CallInitial/CCTK_POSTINITIAL/CallFunction/syncs/Prolongate: 4e-06 4e-06 8943 2235.75 93.8017 2181 2303
main/Initialise/CallInitial/CCTK_POSTINITIAL/CallFunction/syncs/Sync: 0.000111 0.000111 274939 68734.8 65105.7 48535 125097
main/Initialise/CallInitial/CCTK_POSTINITIAL/CallFunction/syncs/Sync/comm_state[1].state_get_buffer_sizes.user: 6e-06 6e-06 20262 5065.5 3821.81 3479 8330
main/Initialise/CallInitial/CCTK_POSTINITIAL/CallFunction/syncs/Sync/comm_state[0].create: 4e-06 5e-06 10779 2694.75 104.416 2621 2744
main/Initialise/CallInitial/CCTK_POSTINITIAL/CallFunction/syncs/Sync/comm_state[2].state_get_buffer_sizes.step: 7e-06 5e-06 11588 2897 170.722 2793 3013
main/Initialise/CallInitial/CCTK_POSTINITIAL/CallFunction/syncs/Sync/comm_state[3].state_fill_send_buffers.user: 7e-06 5e-06 14945 3736.25 2538.54 2719 5905
main/Initialise/CallInitial/CCTK_POSTINITIAL/CallFunction/syncs/Sync/comm_state[4].state_fill_send_buffers.step: 4e-06 4e-06 9800 2450 120.025 2401 2548
main/Initialise/CallInitial/CCTK_POSTINITIAL/CallFunction/syncs/Sync/comm_state[5].state_do_some_work.user: 6e-06 6e-06 14430 3607.5 2467 2597 5708
main/Initialise/CallInitial/CCTK_POSTINITIAL/CallFunction/syncs/Sync/comm_state[6].state_do_some_work.step: 5e-06 5e-06 10805 2701.25 94.714 2646 2769
main/Initialise/CallInitial/CCTK_POSTINITIAL/CallFunction/syncs/Sync/comm_state[7].state_empty_recv_buffers.user: 5e-06 6e-06 14430 3607.5 2570.6 2622 5806
main/Initialise/CallInitial/CCTK_POSTINITIAL/CallFunction/syncs/Sync/comm_state[8].state_empty_recv_buffers.step: 4e-06 4e-06 11196 2799 171.295 2719 2940
main/Initialise/CallInitial/CCTK_POSTINITIAL/CallFunction/syncs: 0.000137 0.000136 334744 83686 78540.8 59363 151680
main/Initialise/CallInitial/CCTK_POSTINITIAL/CallFunction/thorns/Boundary_ApplyPhysicalBCs: 0.000523 0.001523 1.2814e+06 320350 795536 7668 981348
main/Initialise/CallInitial/CCTK_POSTINITIAL/CallFunction/thorns/CartGrid3D_ApplyBC: 1.2e-05 1.3e-05 31973 7993.25 6650.01 4753 13402
main/Initialise/CallInitial/CCTK_POSTINITIAL/CallFunction/thorns/ReflectionSymmetry_Apply: 0.000195 0.001198 484218 121054 197418 20335 276384
main/Initialise/CallInitial/CCTK_POSTINITIAL/CallFunction/thorns/ML_BSSN_ADMBaseInterior: 0.001008 0.002008 2.46693e+06 2.46693e+06 0 2.46693e+06 2.46693e+06
main/Initialise/CallInitial/CCTK_POSTINITIAL/CallFunction/thorns/Boundary_ClearSelection: 5e-06 6e-06 13744 3436 794.517 3038 4091
main/Initialise/CallInitial/CCTK_POSTINITIAL/CallFunction/thorns/ML_BSSN_ADMBaseBoundaryScalar: 0.000114 0.000115 280231 280231 0 280231 280231
main/Initialise/CallInitial/CCTK_POSTINITIAL/CallFunction/thorns/ML_BSSN_ADMBase_SelectBCs: 1.1e-05 1.1e-05 27195 27195 0 27195 27195
main/Initialise/CallInitial/CCTK_POSTINITIAL/CallFunction/thorns/ML_BSSN_ConstraintsEverywhere: 0.000105 0.000104 256000 256000 0 256000 256000
main/Initialise/CallInitial/CCTK_POSTINITIAL/CallFunction/thorns/ML_BSSN_ConstraintsEverywhere_SelectBCs: 9e-06 9e-06 21437 21437 0 21437 21437
main/Initialise/CallInitial/CCTK_POSTINITIAL/CallFunction/thorns/ML_BSSN_ADMBaseEverywhere: 0.000827 0.001828 2.02257e+06 2.02257e+06 0 2.02257e+06 2.02257e+06
main/Initialise/CallInitial/CCTK_POSTINITIAL/CallFunction/thorns/SBP_CheckGridSizes: 3e-06 2e-06 5782 5782 0 5782 5782
main/Initialise/CallInitial/CCTK_POSTINITIAL/CallFunction/thorns/ML_BSSN_ConstraintsInterior_SelectBCs: 1.2e-05 1.2e-05 29449 29449 0 29449 29449
main/Initialise/CallRestrict: 2e-06 2e-06 107653 107653 0 107653 107653
main/Initialise/CallPostInitial: 0.067218 0.124018 1.64375e+08 1.64375e+08 0 1.64375e+08 1.64375e+08
main/Initialise/CallPostInitial/CCTK_POSTSTEP: 0.067121 0.123924 1.64137e+08 1.64137e+08 0 1.64137e+08 1.64137e+08
main/Initialise/CallPostInitial/CCTK_POSTPOSTINITIAL: 4e-06 4e-06 9996 9996 0 9996 9996
main/Initialise/CallPostInitial/CCTK_POSTSTEP/CallFunction: 0.066939 0.122746 1.63692e+08 1.02307e+07 1.14515e+08 33957 1.10144e+08
main/Initialise/CallPostInitial/CCTK_POSTSTEP/CallFunction/thorns: 0.066535 0.122346 1.62698e+08 1.01686e+07 1.14513e+08 16440 1.10079e+08
main/Initialise/CallPostInitial/CCTK_POSTSTEP/CallFunction/thorns/SphericalSurface_Set: 3e-06 3e-06 7889 7889 0 7889 7889
main/Initialise/CallPostInitial/CCTK_POSTSTEP/CallFunction/thorns/SphericalSurface_CheckState: 2e-06 1e-06 3430 3430 0 3430 3430
main/Initialise/CallInitial/CCTK_POSTINITIAL/CallFunction/thorns/ML_BSSN_ConstraintsInterior: 0.002806 0.005806 6.86343e+06 6.86343e+06 0 6.86343e+06 6.86343e+06
main/Initialise/CallPostInitial/CCTK_POSTSTEP/CarpetLib::ggf::recompose_crop: 2e-06 2e-06 5488 2744 277.186 2548 2940
main/Initialise/CallPostInitial/CCTK_POSTSTEP/CarpetLib::ggf::recompose_allocate: 3e-06 3e-06 7374 3687 1125.71 2891 4483
main/Initialise/CallPostInitial/CCTK_POSTSTEP/dh::recompose_free_old: 2e-06 3e-06 4753 2376.5 103.945 2303 2450
main/Initialise/CallPostInitial/CCTK_POSTSTEP/CallFunction/thorns/Extract: 0.045008 0.080184 1.10066e+08 1.10066e+08 0 1.10066e+08 1.10066e+08
main/Initialise/CallPostInitial/CCTK_POSTSTEP/CallFunction/thorns/Extract/Sync/comm_state[1].state_get_buffer_sizes.user: 5.2e-05 5.4e-05 141561 5444.65 12933.9 4385 18008
main/Initialise/CallPostInitial/CCTK_POSTSTEP/CallFunction/thorns/NaNChecker_NaNCheck_Check: 0.021045 0.041686 5.14648e+07 5.14648e+07 0 5.14648e+07 5.14648e+07
main/Initialise/CallPostInitial/CCTK_POSTSTEP/CallFunction/thorns/Extract/Prolongate: 6.3e-05 4.1e-05 85016 3269.85 698.292 3111 3773
main/Initialise/CallPostInitial/CCTK_POSTSTEP/CallFunction/thorns/Extract/Sync: 0.000781 0.000773 1.90429e+06 73241.9 83149 66297 153248
main/Initialise/CallPostInitial/CCTK_POSTSTEP/CallFunction/thorns/Extract/Sync/comm_state[0].create: 4.6e-05 4e-05 97388 3745.69 793.987 3528 4214
main/Initialise/CallPostInitial/CCTK_POSTSTEP/CallFunction/thorns/NaNChecker_NaNCheck_Prepare: 5e-06 4e-06 10609 10609 0 10609 10609
main/Initialise/CallPostInitial/CCTK_POSTSTEP/CallFunction/thorns/NaNChecker_TakeAction: 2e-06 2e-06 3062 3062 0 3062 3062
main/Initialise/CallPostInitial/CCTK_POSTSTEP/CallFunction/thorns/setup_epsdis: 1.5e-05 1.5e-05 38024 38024 0 38024 38024
main/Initialise/CallPostInitial/CCTK_POSTSTEP/CallFunction/syncs: 5.5e-05 5.5e-05 135166 135166 0 135166 135166
main/Initialise/CallPostInitial/CCTK_POSTSTEP/CallFunction/syncs/Prolongate: 1e-06 2e-06 2426 2426 0 2426 2426
main/Initialise/CallPostInitial/CCTK_POSTSTEP/CallFunction/syncs/Sync: 4.5e-05 4.5e-05 110470 110470 0 110470 110470
main/Initialise/CallPostInitial/CCTK_POSTSTEP/CallFunction/syncs/Sync/comm_state[1].state_get_buffer_sizes.user: 2e-06 2e-06 3405 3405 0 3405 3405
main/Initialise/CallPostInitial/CCTK_POSTSTEP/CallFunction/syncs/Sync/comm_state[0].create: 1e-06 1e-06 3013 3013 0 3013 3013
main/Initialise/CallPostInitial/CCTK_POSTSTEP/CallFunction/syncs/Sync/comm_state[2].state_get_buffer_sizes.step: 2e-06 2e-06 3160 3160 0 3160 3160
main/Initialise/CallPostInitial/CCTK_POSTSTEP/CallFunction/syncs/Sync/comm_state[3].state_fill_send_buffers.user: 1e-06 2e-06 2793 2793 0 2793 2793
main/Initialise/CallPostInitial/CCTK_POSTSTEP/CallFunction/syncs/Sync/comm_state[4].state_fill_send_buffers.step: 1e-06 1e-06 2524 2524 0 2524 2524
main/Initialise/CallPostInitial/CCTK_POSTSTEP/CallFunction/syncs/Sync/comm_state[5].state_do_some_work.user: 1e-06 1e-06 2720 2720 0 2720 2720
main/Initialise/CallPostInitial/CCTK_POSTSTEP/CallFunction/syncs/Sync/comm_state[6].state_do_some_work.step: 2e-06 2e-06 2793 2793 0 2793 2793
main/Initialise/CallPostInitial/CCTK_POSTSTEP/CallFunction/syncs/Sync/comm_state[7].state_empty_recv_buffers.user: 1e-06 1e-06 2671 2671 0 2671 2671
main/Initialise/CallPostInitial/CCTK_POSTSTEP/CallFunction/syncs/Sync/comm_state[8].state_empty_recv_buffers.step: 1e-06 1e-06 3038 3038 0 3038 3038
main/Initialise/CallAnalysis: 0.003167 0.005182 7.74325e+06 7.74325e+06 0 7.74325e+06 7.74325e+06
main/Initialise/CallPostInitial/CCTK_POSTSTEP/CallFunction/thorns/MaskBase_AllocateMask: 1.7e-05 1.7e-05 40768 40768 0 40768 40768
main/Initialise/CallAnalysis/OutputGH/OutputGH/IOASCII::IOASCII_2D [4]: 8e-06 8e-06 19526 19526 0 19526 19526
main/Evolve: 0.346734 0.627801 8.479e+08 8.479e+08 0 8.479e+08 8.479e+08
main/Evolve/DoTerminate: 0.00049 0.000455 1.09067e+06 2126.06 10934.3 2033 11564
main/Evolve/AdvanceTime: 0.000443 0.000424 1.0849e+06 2118.95 2054.17 2082 3038
main/Evolve/CallRegrid: 0.001793 0.002735 4.38295e+06 2.19148e+06 2.85034e+06 175984 4.20697e+06
main/Evolve/CallRegrid/CCTK_PREREGRID: 6.2e-05 6.1e-05 153247 76623.5 24998.3 58947 94300
main/Evolve/CallRegrid/CCTK_PREREGRID/CallFunction: 4.2e-05 4.1e-05 101626 50813 13271 41429 60197
main/Evolve/CallRegrid/CCTK_PREREGRID/CallFunction/thorns: 1.7e-05 1.7e-05 41674 20837 6322.95 16366 25308
main/Evolve/CallRegrid/CCTK_PREREGRID/CallFunction/thorns/CarpetTracker_SetPositions: 1e-05 8e-06 23667 11833.5 450.427 11515 12152
main/Evolve/CallRegrid/Regrid: 0.001573 0.001521 3.84606e+06 1.92303e+06 2.58098e+06 98000 3.74806e+06
main/Evolve/CallRegrid/Regrid/RegridMap/CarpetLib::gh::regrid/CarpetLib::dh::regrid: 0.000865 0.000834 2.11418e+06 2.11418e+06 0 2.11418e+06 2.11418e+06
main/Evolve/CallRegrid/Regrid/RegridMap/CarpetLib::gh::regrid: 0.000872 0.000842 2.13324e+06 2.13324e+06 0 2.13324e+06 2.13324e+06
main/Evolve/CallRegrid/Regrid/CarpetRegrid2::RegridMaps: 0.000516 0.000502 1.26209e+06 631046 885782 4704 1.25739e+06
main/Evolve/CallEvol/Poison: 0.003267 0.005785 7.98864e+06 3.99432e+06 45199 3.96236e+06 4.02628e+06
main/Evolve/CallRegrid/Regrid/RegridMap/CarpetLib::gh::regrid/CarpetLib::dh::regrid/domain: 4.1e-05 4e-05 101602 101602 0 101602 101602
main/Evolve/CallEvol/CCTK_EVOL/CallFunction/thorns/ML_BSSN_ConstraintsEverywhere_SelectBCs: 1.6e-05 1.7e-05 40817 20408.5 658.316 19943 20874
main/Evolve/CallEvol/CCTK_EVOL/CallFunction/thorns/ML_BSSN_ConstraintsEverywhere: 0.000224 0.001221 549927 274964 40988.9 245980 303947
main/Evolve/CallRegrid/Regrid/RegridMap/CarpetLib::gh::regrid/CarpetLib::dh::regrid/regrid: 5.1e-05 4.9e-05 124729 124729 0 124729 124729
main/Evolve/CallRegrid/Regrid/RegridMap/CarpetLib::gh::regrid/CarpetLib::dh::regrid/unusedpoints_mask: 1e-06 1e-06 2769 2769 0 2769 2769
main/Evolve/CallRegrid/Regrid/RegridMap: 0.000905 0.000874 2.216e+06 2.216e+06 0 2.216e+06 2.216e+06
main/Evolve/CallEvol/CycleTimeLevels: 2.7e-05 1.4e-05 68110 34055 138.593 33957 34153
main/Evolve/CallRegrid/Recompose: 6.4e-05 6.3e-05 154154 154154 0 154154 154154
main/Evolve/CallRegrid/Regrid/RegridMap/CarpetLib::gh::regrid/CarpetLib::dh::regrid/regrid/sync: 3e-05 2.8e-05 72642 72642 0 72642 72642
main/Evolve/CallRegrid/Regrid/RegridMap/CarpetLib::gh::regrid/CarpetLib::dh::regrid/comm: 3.5e-05 3.3e-05 84598 84598 0 84598 84598
main/Evolve/CallRegrid/Regrid/RegridMap/CarpetLib::gh::regrid/CarpetLib::dh::regrid/comm/mgrest: 1e-06 1e-06 2254 2254 0 2254 2254
main/Evolve/CallRegrid/Regrid/RegridMap/CarpetLib::gh::regrid/CarpetLib::dh::regrid/comm/mgprol: 1e-06 1e-06 2083 2083 0 2083 2083
main/Evolve/CallRegrid/Regrid/RegridMap/CarpetLib::gh::regrid/CarpetLib::dh::regrid/comm/refprol: 1e-06 1e-06 2083 2083 0 2083 2083
main/Evolve/CallRegrid/Regrid/RegridMap/CarpetLib::gh::regrid/CarpetLib::dh::regrid/comm/sync: 1e-06 1e-06 2744 2744 0 2744 2744
main/Evolve/CallRegrid/Regrid/RegridMap/CarpetLib::gh::regrid/CarpetLib::dh::regrid/comm/refbndprol: 1e-06 1e-06 2131 2131 0 2131 2131
main/Evolve/CallRegrid/Regrid/RegridMap/CarpetLib::gh::regrid/CarpetLib::dh::regrid/comm/refrest: 2e-06 2e-06 2548 2548 0 2548 2548
main/Evolve/CallRegrid/Regrid/RegridMap/CarpetLib::gh::regrid/CarpetLib::dh::regrid/comm/reflux: 1e-06 0 2230 2230 0 2230 2230
main/Evolve/CallEvol/CCTK_EVOL/CallFunction/thorns/MoL_InitialCopy: 0.001319 0.00232 3.22984e+06 1.61492e+06 67979.1 1.56685e+06 1.66299e+06
main/Evolve/CallRegrid/Regrid/RegridMap/CarpetLib::gh::regrid/CarpetLib::dh::regrid/buffers: 0.000185 0.000179 453054 453054 0 453054 453054
main/Evolve/CallRegrid/Regrid/RegridMap/CarpetLib::gh::regrid/CarpetLib::dh::regrid/region: 0.000176 0.00017 430906 430906 0 430906 430906
main/Evolve/CallRegrid/Regrid/RegridMap/CheckRegions: 1e-06 1e-06 2719 2719 0 2719 2719
main/Evolve/CallRegrid/RegridFree: 5e-06 2e-06 10020 5010 502.046 4655 5365
main/Evolve/CallRegrid/Regrid/RegridMap/CarpetLib::gh::regrid/CarpetLib::dh::regrid/mask: 3e-06 3e-06 7595 7595 0 7595 7595
main/Evolve/CallEvol/CCTK_EVOL/CallFunction/thorns/ML_BSSN_EvolutionBoundaryScalar: 0.002903 0.005928 7.10951e+06 888689 208581 833784 1.07033e+06
main/Evolve/CallEvol/CCTK_EVOL/CallFunction/thorns/ML_BSSN_EvolutionInteriorSplitBy1: 0.011439 0.0224 2.79814e+07 3.49768e+06 499992 3.35523e+06 3.8416e+06
main/Evolve/CallRegrid/Regrid/RegridMap/CarpetLib::gh::regrid/CarpetLib::dh::regrid/regrid/prolongate: 1e-06 1e-06 2401 2401 0 2401 2401
main/Evolve/CallRegrid/Regrid/RegridMap/CarpetLib::gh::regrid/CarpetLib::dh::regrid/bcast_boxes: 3e-06 3e-06 8109 8109 0 8109 8109
main/Evolve/CallRegrid/Regrid/RegridMap/CarpetLib::gh::regrid/CarpetLib::dh::regrid/bcast_comm: 0.000163 0.000157 397071 397071 0 397071 397071
main/Evolve/CallRegrid/Regrid/RegridMap/CarpetLib::gh::regrid/CarpetLib::dh::regrid/bcast_comm/ref_prol: 2e-05 1.9e-05 48216 48216 0 48216 48216
main/Evolve/CallRegrid/Regrid/RegridMap/CarpetLib::gh::regrid/CarpetLib::dh::regrid/bcast_comm/sync: 1.8e-05 1.7e-05 41454 41454 0 41454 41454
main/Evolve/CallRegrid/Regrid/RegridMap/CarpetLib::gh::regrid/CarpetLib::dh::regrid/bcast_comm/ref_prol/CarpetLib::dh::bs1: 1e-06 1e-06 2597 2597 0 2597 2597
main/Evolve/CallRegrid/Regrid/RegridMap/CarpetLib::gh::regrid/CarpetLib::dh::regrid/bcast_comm/ref_prol/CarpetLib::dh::bs2: 3e-06 2e-06 5733 5733 0 5733 5733
main/Evolve/CallRegrid/Regrid/RegridMap/CarpetLib::gh::regrid/CarpetLib::dh::regrid/bcast_comm/ref_prol/CarpetLib::dh::bs3: 1e-06 1e-06 2352 2352 0 2352 2352
main/Evolve/CallRegrid/Regrid/RegridMap/CarpetLib::gh::regrid/CarpetLib::dh::regrid/bcast_comm/ref_bnd_prol: 1.6e-05 1.6e-05 40645 40645 0 40645 40645
main/Evolve/CallRegrid/Regrid/RegridMap/CarpetLib::gh::regrid/CarpetLib::dh::regrid/bcast_comm/sync/CarpetLib::dh::bs1: 1e-06 1e-06 2475 2475 0 2475 2475
main/Evolve/CallRegrid/Regrid/RegridMap/CarpetLib::gh::regrid/CarpetLib::dh::regrid/bcast_comm/sync/CarpetLib::dh::bs2: 2e-06 1e-06 3038 3038 0 3038 3038
main/Evolve/CallRegrid/Regrid/RegridMap/CarpetLib::gh::regrid/CarpetLib::dh::regrid/bcast_comm/sync/CarpetLib::dh::bs3: 1e-06 1e-06 2376 2376 0 2376 2376
main/Evolve/CallRegrid/Regrid/RegridMap/CarpetLib::gh::regrid/CarpetLib::dh::regrid/bcast_comm/ref_refl_prol: 4.5e-05 4.4e-05 111549 111549 0 111549 111549
main/Evolve/CallRegrid/Regrid/RegridMap/CarpetLib::gh::regrid/CarpetLib::dh::regrid/bcast_comm/ref_bnd_prol/CarpetLib::dh::bs1: 1e-06 1e-06 2450 2450 0 2450 2450
main/Evolve/CallRegrid/Regrid/RegridMap/CarpetLib::gh::regrid/CarpetLib::dh::regrid/bcast_comm/ref_bnd_prol/CarpetLib::dh::bs2: 1e-06 1e-06 2793 2793 0 2793 2793
main/Evolve/CallRegrid/Regrid/RegridMap/CarpetLib::gh::regrid/CarpetLib::dh::regrid/bcast_comm/ref_bnd_prol/CarpetLib::dh::bs3: 2e-06 1e-06 2303 2303 0 2303 2303
main/Evolve/CallRegrid/Regrid/RegridMap/CarpetLib::gh::regrid/CarpetLib::dh::regrid/bcast_comm/old2new_sync: 1.6e-05 1.6e-05 40768 40768 0 40768 40768
main/Evolve/CallRegrid/Regrid/RegridMap/CarpetLib::gh::regrid/CarpetLib::dh::regrid/bcast_comm/ref_refl_prol/CarpetLib::dh::bs1: 6e-06 5e-06 13768 2294.67 123.448 2229 2352
main/Evolve/CallRegrid/Regrid/RegridMap/CarpetLib::gh::regrid/CarpetLib::dh::regrid/bcast_comm/ref_refl_prol/CarpetLib::dh::bs2: 7e-06 6e-06 16145 2690.83 188.369 2597 2818
main/Evolve/CallRegrid/Regrid/RegridMap/CarpetLib::gh::regrid/CarpetLib::dh::regrid/bcast_comm/ref_refl_prol/CarpetLib::dh::bs3: 5e-06 6e-06 13305 2217.5 75.7595 2181 2279
main/Evolve/CallRegrid/Regrid/RegridMap/CarpetLib::gh::regrid/CarpetLib::dh::regrid/bcast_comm/old2new_sync/CarpetLib::dh::bs1: 1e-06 1e-06 2401 2401 0 2401 2401
main/Evolve/CallRegrid/Regrid/RegridMap/CarpetLib::gh::regrid/CarpetLib::dh::regrid/bcast_comm/old2new_sync/CarpetLib::dh::bs2: 1e-06 1e-06 2720 2720 0 2720 2720
main/Evolve/CallRegrid/Regrid/RegridMap/CarpetLib::gh::regrid/CarpetLib::dh::regrid/bcast_comm/old2new_sync/CarpetLib::dh::bs3: 1e-06 1e-06 2254 2254 0 2254 2254
main/Evolve/CallRegrid/Regrid/RegridMap/CarpetLib::gh::regrid/CarpetLib::dh::regrid/bcast_comm/old2new_ref_prol: 1.7e-05 1.7e-05 42679 42679 0 42679 42679
main/Evolve/CallRegrid/Regrid/RegridMap/CarpetLib::gh::regrid/CarpetLib::dh::regrid/bcast_comm/old2new_ref_prol/CarpetLib::dh::bs1: 1e-06 1e-06 2352 2352 0 2352 2352
main/Evolve/CallEvol/CCTK_PRESTEP: 0.000238 0.000233 581802 290901 69521.3 241742 340060
main/Evolve/CallRegrid/Regrid/RegridMap/CarpetLib::gh::regrid/CarpetLib::dh::regrid/bcast_comm/old2new_ref_prol/CarpetLib::dh::bs2: 2e-06 1e-06 2866 2866 0 2866 2866
main/Evolve/CallRegrid/Regrid/RegridMap/CarpetLib::gh::regrid/CarpetLib::dh::regrid/bcast_comm/old2new_ref_prol/CarpetLib::dh::bs3: 1e-06 1e-06 2303 2303 0 2303 2303
main/Evolve/CallEvol/CCTK_PRESTEP/CallFunction: 0.000191 0.000185 468098 78016.3 89116.7 32046 131296
main/Evolve/CallEvol/CCTK_PRESTEP/CallFunction/thorns: 3.6e-05 3.4e-05 84426 14071 12851.8 7325 22368
main/Evolve/CallEvol/CCTK_PRESTEP/CallFunction/thorns/Einstein_SetNextSlicing: 6e-06 6e-06 16538 8269 709.935 7767 8771
main/Evolve/CallEvol/CCTK_PRESTEP/CallFunction/thorns/LC_steer: 2e-06 3e-06 5709 2854.5 51.6188 2818 2891
main/Evolve/CallEvol/CCTK_EVOL: 0.202883 0.366373 4.96127e+08 2.48064e+08 1.28755e+06 2.47153e+08 2.48974e+08
main/Evolve/CallEvol/CCTK_PRESTEP/CallFunction/thorns/NaNChecker_ResetCounter: 4e-06 3e-06 7448 3724 728.32 3209 4239
main/Evolve/CallEvol/CCTK_EVOL/CallFunction: 0.201917 0.364444 4.93771e+08 2.04037e+06 7.63892e+07 12519 2.68498e+07
main/Evolve/CallEvol/CCTK_EVOL/CallFunction/thorns: 0.197469 0.359957 4.82849e+08 1.99524e+06 7.63178e+07 7546 2.67896e+07
main/Evolve/CallEvol/CCTK_EVOL/CallFunction/thorns/MoL_StartLoop: 2.9e-05 1e-06 9850 4925 1940.3 3553 6297
main/Evolve/CallEvol/CCTK_EVOL/CallFunction/thorns/MoL_SetCounter: 4e-06 2e-06 10902 5451 329.512 5218 5684
main/Evolve/CallEvol/CCTK_EVOL/CallFunction/thorns/MoL_SetTime: 4e-06 2e-06 9040 4520 52.3259 4483 4557
main/Evolve/CallEvol/CCTK_EVOL/CallFunction/thorns/MoL_AllocateScratchSpace: 0.003708 0.001858 9.0697e+06 4.53485e+06 3014.4 4.53272e+06 4.53698e+06
main/Evolve/CallEvol/CCTK_EVOL/CallFunction/thorns/MoL_AllocateScratchSpace/CarpetLib::ggf::recompose_crop: 1e-06 0 2866 2866 0 2866 2866
main/Evolve/CallEvol/CCTK_EVOL/CallFunction/thorns/MoL_AllocateScratchSpace/CarpetLib::ggf::recompose_allocate: 1e-06 0 3749 3749 0 3749 3749
main/Evolve/CallEvol/CCTK_EVOL/CallFunction/thorns/MoL_AllocateScratchSpace/dh::recompose_free_old: 1e-06 0 2548 2548 0 2548 2548
main/Evolve/CallEvol/CCTK_EVOL/CallFunction/thorns/ML_BSSN_ConstraintsInterior: 0.005632 0.011635 1.37772e+07 6.88862e+06 52318.8 6.85162e+06 6.92561e+06
main/Evolve/CallEvol/CCTK_EVOL/CallFunction/thorns/ML_BSSN_ConstraintsInterior_SelectBCs: 2.3e-05 2.3e-05 58506 29253 1073.39 28494 30012
main/Evolve/CheckLevelTimes: 0.000461 0.000472 1.14572e+06 2237.73 57948.8 2082 60098
main/Evolve/CallAnalysis: 0.132245 0.246413 3.23354e+08 631551 2.27437e+08 2058 1.61207e+08
main/Evolve/CallRestrict: 0.000464 0.000447 1.07835e+06 2106.15 2130.15 2058 3602
main/Evolve/PrintTimers: 0.000447 0.000424 1.09616e+06 2140.94 21424.6 2058 23422
main/Evolve/CallAnalysis/CCTK_POSTSTEP: 0.126804 0.237836 3.10086e+08 1.55043e+08 242485 1.54871e+08 1.55214e+08
main/Evolve/CallAnalysis/CCTK_POSTSTEP/CallFunction: 0.126605 0.237635 3.09597e+08 9.6749e+06 1.51232e+08 18694 1.02161e+08
main/Evolve/CallAnalysis/CCTK_POSTSTEP/CallFunction/thorns: 0.125769 0.236815 3.07552e+08 9.61099e+06 1.51226e+08 7473 1.02098e+08
main/Evolve/CallAnalysis/CCTK_POSTSTEP/CallFunction/thorns/SphericalSurface_CheckState: 2e-06 4e-06 6517 3258.5 34.6482 3234 3283
main/Evolve/CallEvol/CCTK_EVOL/CallFunction/thorns/ML_BSSN_EvolutionInteriorSplitBy2: 0.018107 0.036082 4.42935e+07 5.53668e+06 331063 5.41198e+06 5.71984e+06
main/Evolve/CallEvol/CCTK_EVOL/CallFunction/thorns/ML_BSSN_EvolutionInteriorSplitBy3: 0.02552 0.051505 6.24216e+07 7.8027e+06 269140 7.69939e+06 7.98406e+06
main/Evolve/CallEvol/CCTK_EVOL/CallFunction/thorns/ML_BSSN_NewRad: 0.086484 0.149776 2.11508e+08 2.64385e+07 462243 2.62715e+07 2.67837e+07
main/Initialise/CallPostInitial/CCTK_POSTSTEP/CallFunction/thorns/MaskBase_InitMask: 5.2e-05 5.2e-05 128012 128012 0 128012 128012
main/Initialise/CallPostInitial/CCTK_POSTSTEP/CallFunction/thorns/CoordBase_SetupMask: 9.4e-05 9.4e-05 228707 228707 0 228707 228707
main/Initialise/CallPostInitial/CCTK_POSTSTEP/CallFunction/thorns/CarpetMaskSetup: 1.8e-05 1.8e-05 44076 44076 0 44076 44076
main/Initialise/CallPostInitial/CCTK_POSTSTEP/CallFunction/thorns/CarpetExcludedSetup: 3e-06 3e-06 7620 7620 0 7620 7620
main/Initialise/CallPostInitial/CCTK_POSTSTEP/CallFunction/thorns/CarpetSurfaceSetup: 3e-06 3e-06 7179 7179 0 7179 7179
main/Initialise/CallPostInitial/CCTK_POSTSTEP/CallFunction/thorns/MaskBase_SetMask: 8.1e-05 8.1e-05 198548 198548 0 198548 198548
main/Initialise/CallPostInitial/CCTK_POSTSTEP/CallFunction/thorns/MaskBase_TestMask: 9e-05 9e-05 220328 220328 0 220328 220328
main/Initialise/CallAnalysis/CCTK_CPINITIAL: 3e-06 4e-06 8012 8012 0 8012 8012
main/Initialise/CallAnalysis/CCTK_ANALYSIS: 0.000545 0.000545 1.33238e+06 1.33238e+06 0 1.33238e+06 1.33238e+06
main/Initialise/CallAnalysis/CCTK_ANALYSIS/CallFunction: 0.0005 0.0005 1.22353e+06 407843 483522 127841 788875
main/Initialise/CallAnalysis/CCTK_ANALYSIS/CallFunction/thorns: 0.000427 0.000427 1.04292e+06 347639 528368 17297 753106
main/Initialise/CallAnalysis/CCTK_ANALYSIS/CallFunction/thorns/CarpetLib_printtimestats: 0.000106 0.000106 260827 260827 0 260827 260827
main/Initialise/CallAnalysis/CCTK_ANALYSIS/CallFunction/thorns/CarpetLib_printmemstats: 0.000301 0.000302 738920 738920 0 738920 738920
main/Initialise/CallAnalysis/OutputGH: 0.002479 0.004495 6.06081e+06 6.06081e+06 0 6.06081e+06 6.06081e+06
main/Initialise/CallAnalysis/CCTK_ANALYSIS/CallFunction/thorns/LC_statistics_analysis: 2e-06 2e-06 3209 3209 0 3209 3209
main/Initialise/CallAnalysis/OutputGH/OutputGH: 0.002473 0.004489 6.04751e+06 6.04751e+06 0 6.04751e+06 6.04751e+06
main/Initialise/CallAnalysis/OutputGH/OutputGH/IOBasic::CarpetIOBasic [0]: 8.6e-05 0.000115 208471 208471 0 208471 208471
main/Initialise/CallAnalysis/OutputGH/OutputGH/IOBasic::CarpetIOBasic [0]/OutputGH: 7.9e-05 0.000109 194628 194628 0 194628 194628
main/Initialise/CallAnalysis/OutputGH/OutputGH/IOScalar::CarpetIOScalar [1]: 1e-05 9e-06 24328 24328 0 24328 24328
main/Initialise/CallAnalysis/OutputGH/OutputGH/IOScalar::CarpetIOScalar [1]/OutputGH: 2e-06 2e-06 4459 4459 0 4459 4459
main/Initialise/CallAnalysis/OutputGH/OutputGH/IOASCII::IOASCII_0D [2]/OutputGH<0>: 1e-06 1e-06 3479 3479 0 3479 3479
main/Initialise/CallAnalysis/OutputGH/OutputGH/IOASCII::IOASCII_0D [2]: 8e-06 6e-06 16905 16905 0 16905 16905
main/Initialise/CallAnalysis/OutputGH/OutputGH/IOASCII::IOASCII_1D [3]/OutputGH<1>: 0.002307 0.004296 5.64362e+06 5.64362e+06 0 5.64362e+06 5.64362e+06
main/Initialise/CallAnalysis/OutputGH/OutputGH/IOASCII::IOASCII_1D [3]: 0.002313 0.004302 5.65712e+06 5.65712e+06 0 5.65712e+06 5.65712e+06
main/Initialise/CallAnalysis/OutputGH/OutputGH/IOASCII::IOASCII_2D [4]/OutputGH<2>: 1e-06 1e-06 3136 3136 0 3136 3136
main/Initialise/CallAnalysis/OutputGH/OutputGH/IOASCII::IOASCII_3D [5]/OutputGH<3>: 1e-06 2e-06 3503 3503 0 3503 3503
main/Initialise/CallAnalysis/OutputGH/OutputGH/IOASCII::IOASCII_3D [5]: 7e-06 7e-06 17370 17370 0 17370 17370
main/Initialise/CallPostInitial/CCTK_POSTSTEP/CallFunction/thorns/Extract/Sync/comm_state[2].state_get_buffer_sizes.step: 3.7e-05 4e-05 98391 3784.27 1352.78 3479 4802
main/Initialise/CallPostInitial/CCTK_POSTSTEP/CallFunction/thorns/Extract/Sync/comm_state[3].state_fill_send_buffers.user: 3.9e-05 4e-05 104392 4015.08 755.75 3773 4263
main/Initialise/CallPostInitial/CCTK_POSTSTEP/CallFunction/thorns/Extract/Sync/comm_state[4].state_fill_send_buffers.step: 3.5e-05 3.8e-05 88006 3384.85 816.024 3185 3871
main/Initialise/CallPostInitial/CCTK_POSTSTEP/CallFunction/thorns/Extract/Sync/comm_state[5].state_do_some_work.user: 4e-05 4.2e-05 101114 3889 1799.75 2866 4777
main/Initialise/CallPostInitial/CCTK_POSTSTEP/CallFunction/thorns/Extract/Sync/comm_state[6].state_do_some_work.step: 4.3e-05 4.1e-05 104710 4027.31 2403.73 2842 5341
main/Initialise/CallPostInitial/CCTK_POSTSTEP/CallFunction/thorns/Extract/Sync/comm_state[7].state_empty_recv_buffers.user: 4.9e-05 5.2e-05 111378 4283.77 2383.1 2695 5145
main/Initialise/CallPostInitial/CCTK_POSTSTEP/CallFunction/thorns/Extract/Sync/comm_state[8].state_empty_recv_buffers.step: 4.3e-05 4e-05 94277 3626.04 2008.29 2817 4875
main/Initialise/CallPostInitial/CCTK_POSTSTEP/CallFunction/thorns/NaNChecker_NaNCheck_Finish: 7e-06 6e-06 15312 15312 0 15312 15312
main/Evolve/CallAnalysis/CCTK_POSTSTEP/CallFunction/thorns/Extract/Sync/comm_state[1].state_get_buffer_sizes.user: 0.000102 0.000104 255630 4915.96 2564.38 4140 5806
main/Evolve/CallAnalysis/CCTK_POSTSTEP/CallFunction/thorns/Extract/Sync/comm_state[0].create: 8.3e-05 8.3e-05 193158 3714.58 1591.53 3454 4728
main/Evolve/CallAnalysis/CCTK_POSTSTEP/CallFunction/thorns/Extract/Sync/comm_state[2].state_get_buffer_sizes.step: 8.3e-05 7.9e-05 196142 3771.96 2026.32 3430 5366
main/Evolve/CallAnalysis/CCTK_POSTSTEP/CallFunction/thorns/Extract/Sync/comm_state[3].state_fill_send_buffers.user: 9.8e-05 0.000134 212832 4092.92 2117.63 3553 5635
main/Evolve/CallAnalysis/CCTK_POSTSTEP/CallFunction/thorns/Extract/Sync/comm_state[4].state_fill_send_buffers.step: 7e-05 7.3e-05 173977 3345.71 1072.76 2965 3700
main/Evolve/CallAnalysis/CCTK_POSTSTEP/CallFunction/thorns/Extract/Sync/comm_state[5].state_do_some_work.user: 7.8e-05 8e-05 203246 3908.58 2394.97 2891 5243
main/Evolve/CallAnalysis/CCTK_POSTSTEP/CallFunction/thorns/Extract/Sync/comm_state[6].state_do_some_work.step: 8.7e-05 8.3e-05 207758 3995.35 3165.71 2768 5047
main/Evolve/CallAnalysis/CCTK_POSTSTEP/CallFunction/thorns/Extract/Sync/comm_state[7].state_empty_recv_buffers.user: 9.6e-05 9.5e-05 224200 4311.54 4643.37 2622 5439
main/Evolve/CallAnalysis/CCTK_POSTSTEP/CallFunction/thorns/Extract/Sync/comm_state[8].state_empty_recv_buffers.step: 8e-05 7.1e-05 186050 3577.88 2706.46 2646 5194
main/Evolve/CallAnalysis/CCTK_POSTSTEP/CallFunction/syncs: 9.6e-05 9.6e-05 234122 117061 65762.3 70560 163562
main/Evolve/CallAnalysis/CCTK_POSTSTEP/CallFunction/thorns/CarpetMaskSetup: 3.7e-05 3.7e-05 90209 45104.5 1281.98 44198 46011
main/Evolve/CallAnalysis/CCTK_POSTSTEP/CallFunction/syncs/Prolongate: 2e-06 2e-06 4900 2450 69.2965 2401 2499
main/Evolve/CallAnalysis/CCTK_POSTSTEP/CallFunction/syncs/Sync: 7.8e-05 7.8e-05 190242 95121 53860.3 57036 133206
main/Evolve/CallAnalysis/CCTK_POSTSTEP/CallFunction/syncs/Sync/comm_state[1].state_get_buffer_sizes.user: 2e-06 4e-06 7890 3945 831.558 3357 4533
main/Evolve/CallAnalysis/CCTK_POSTSTEP/CallFunction/syncs/Sync/comm_state[0].create: 2e-06 2e-06 6567 3283.5 658.316 2818 3749
main/Evolve/CallAnalysis/CCTK_POSTSTEP/CallFunction/thorns/Extract/Prolongate: 0.000128 9.2e-05 168559 3241.52 1143.34 3014 3724
main/Evolve/CallAnalysis/CCTK_POSTSTEP/CallFunction/thorns/Extract/Sync: 0.001535 0.001538 3.7201e+06 71540.5 99591.4 64484 165448
main/Evolve/CallEvol/CCTK_EVOL/CallFunction/thorns/dissipation_add: 0.009236 0.014461 2.26009e+07 2.82511e+06 140576 2.7452e+06 2.89877e+06
main/Evolve/CallEvol/CCTK_EVOL/CallFunction/thorns/MoL_Add: 0.006891 0.012887 1.68731e+07 2.10913e+06 540388 1.80433e+06 2.43817e+06
main/Evolve/CallEvol/CCTK_EVOL/CallFunction/thorns/MoL_DecrementCounter: 1.6e-05 1.8e-05 39077 4884.62 2780.63 3601 6517
main/Evolve/CallEvol/CCTK_EVOL/CallFunction/thorns/MoL_ResetTime: 1.5e-05 1.3e-05 34078 4259.75 2407.26 3234 6027
main/Evolve/CallEvol/CCTK_EVOL/CallFunction/thorns/ML_BSSN_EnforceEverywhere: 0.003935 0.009919 9.63546e+06 1.20443e+06 133144 1.14172e+06 1.27554e+06
main/Evolve/CallEvol/CCTK_EVOL/CallFunction/thorns/ML_BSSN_SelectBoundConds: 0.000196 0.000198 484830 60603.8 14316 54904 67963
main/Evolve/CallEvol/CCTK_EVOL/CallFunction/syncs: 0.000647 0.000724 1.57954e+06 78976.9 177749 54243 216409
main/Evolve/CallEvol/CCTK_EVOL/CallFunction/syncs/Sync: 0.00054 0.000616 1.31193e+06 65596.3 146300 47873 196147
main/Evolve/CallEvol/CCTK_EVOL/CallFunction/syncs/Sync/comm_state[1].state_get_buffer_sizes.user: 4.4e-05 4.5e-05 111552 5577.6 10081.7 3308 9188
main/Evolve/CallEvol/CCTK_EVOL/CallFunction/syncs/Sync/comm_state[0].create: 2.7e-05 2.5e-05 62034 3101.7 3422.13 2425 5390
main/Evolve/CallEvol/CCTK_EVOL/CallFunction/syncs/Sync/comm_state[2].state_get_buffer_sizes.step: 3e-05 2.9e-05 68452 3422.6 3628.88 2646 5635
main/Evolve/CallEvol/CCTK_EVOL/CallFunction/syncs/Sync/comm_state[3].state_fill_send_buffers.user: 3.1e-05 3.3e-05 81118 4055.9 6224.39 2695 6002
main/Evolve/CallEvol/CCTK_EVOL/CallFunction/syncs/Sync/comm_state[4].state_fill_send_buffers.step: 2.1e-05 2e-05 57380 2869 8730.7 2327 11368
main/Evolve/CallEvol/CCTK_EVOL/CallFunction/syncs/Sync/comm_state[5].state_do_some_work.user: 3e-05 3.3e-05 111746 5587.3 34121.1 2573 38367
main/Evolve/CallEvol/CCTK_EVOL/CallFunction/syncs/Sync/comm_state[6].state_do_some_work.step: 2.7e-05 2.5e-05 61470 3073.5 3104.79 2401 4802
main/Evolve/CallEvol/CCTK_EVOL/CallFunction/syncs/Sync/comm_state[7].state_empty_recv_buffers.user: 3.2e-05 3.2e-05 79970 3998.5 6248.18 2597 6027
main/Evolve/CallEvol/CCTK_EVOL/CallFunction/syncs/Sync/comm_state[8].state_empty_recv_buffers.step: 2.1e-05 2.3e-05 56008 2800.4 1475.48 2499 3896
main/Evolve/CallEvol/CCTK_EVOL/CallFunction/thorns/Boundary_ApplyPhysicalBCs: 0.001085 0.001069 2.65886e+06 132943 1.28329e+06 9334 958636
main/Evolve/CallEvol/CCTK_EVOL/CallFunction/thorns/CartGrid3D_ApplyBC: 6.9e-05 6.8e-05 169174 8458.7 8912.66 5684 12936
main/Evolve/CallEvol/CCTK_EVOL/CallFunction/thorns/ReflectionSymmetry_Apply: 0.001041 0.002035 2.56025e+06 128013 214948 20727 180296
main/Evolve/CallEvol/CCTK_EVOL/CallFunction/thorns/ML_BSSN_ADMBaseInterior: 0.008362 0.016363 2.04581e+07 2.55726e+06 129643 2.49621e+06 2.64899e+06
main/Evolve/CallEvol/CCTK_EVOL/CallFunction/thorns/Boundary_ClearSelection: 3e-05 2.6e-05 74188 3709.4 1543.39 3038 4410
main/Evolve/CallEvol/CCTK_EVOL/CallFunction/thorns/ML_BSSN_ADMBaseBoundaryScalar: 0.00087 0.000861 2.13571e+06 266964 17654.6 259136 280060
main/Evolve/CallEvol/CCTK_EVOL/CallFunction/thorns/ML_BSSN_ADMBaseEverywhere: 0.007314 0.015323 1.79035e+07 2.23794e+06 303611 2.10676e+06 2.37086e+06
main/Evolve/CallEvol/CCTK_EVOL/CallFunction/thorns/ML_BSSN_ADMBase_SelectBCs: 8.2e-05 8.5e-05 203620 25452.5 3301.81 24010 27734
main/Evolve/CallEvol/CCTK_EVOL/CallFunction/thorns/MoL_ResetDeltaTime: 1.1e-05 1.1e-05 31139 3892.38 1306.97 3013 4435
main/Evolve/CallEvol/CCTK_EVOL/CallFunction/syncs/Prolongate: 8e-06 9e-06 18325 2290.62 389.399 2180 2597
main/Evolve/CallEvol/CCTK_EVOL/CallFunction/thorns/MoL_FinishLoop: 2e-06 2e-06 6320 3160 69.2965 3111 3209
main/Evolve/CallEvol/CCTK_EVOL/CallFunction/thorns/MoL_RestoreSandR: 7e-06 6e-06 15607 7803.5 328.805 7571 8036
main/Evolve/CallEvol/CCTK_EVOL/CallFunction/thorns/MoL_FreeScratchSpace: 0.000768 0.000807 1.88172e+06 940861 30889.3 919019 962703
main/Evolve/CallAnalysis/CCTK_POSTSTEP/CallFunction/thorns/SphericalSurface_Set: 8e-06 8e-06 20236 10118 3256.93 7815 12421
main/Evolve/CallAnalysis/CCTK_POSTSTEP/CallFunction/thorns/Extract: 0.083015 0.151879 2.03012e+08 1.01506e+08 827088 1.00921e+08 1.02091e+08
main/Evolve/CallAnalysis/CCTK_POSTSTEP/CallFunction/thorns/NaNChecker_NaNCheck_Prepare: 4e-06 4e-06 11147 5573.5 294.864 5365 5782
main/Evolve/CallAnalysis/CCTK_POSTSTEP/CallFunction/syncs/Sync/comm_state[2].state_get_buffer_sizes.step: 4e-06 3e-06 7619 3809.5 502.753 3454 4165
main/Evolve/CallAnalysis/CCTK_POSTSTEP/CallFunction/syncs/Sync/comm_state[3].state_fill_send_buffers.user: 2e-06 2e-06 5268 2634 16.9706 2622 2646
main/Evolve/CallAnalysis/CCTK_POSTSTEP/CallFunction/syncs/Sync/comm_state[4].state_fill_send_buffers.step: 2e-06 3e-06 5047 2523.5 0.707107 2523 2524
main/Evolve/CallAnalysis/CCTK_POSTSTEP/CallFunction/syncs/Sync/comm_state[5].state_do_some_work.user: 2e-06 2e-06 5292 2646 69.2965 2597 2695
main/Evolve/CallAnalysis/CCTK_POSTSTEP/CallFunction/syncs/Sync/comm_state[6].state_do_some_work.step: 3e-06 2e-06 5832 2916 277.186 2720 3112
main/Evolve/CallAnalysis/CCTK_POSTSTEP/CallFunction/syncs/Sync/comm_state[7].state_empty_recv_buffers.user: 2e-06 2e-06 5121 2560.5 156.271 2450 2671
main/Evolve/CallAnalysis/CCTK_POSTSTEP/CallFunction/syncs/Sync/comm_state[8].state_empty_recv_buffers.step: 2e-06 2e-06 5953 2976.5 17.6777 2964 2989
main/Evolve/CallAnalysis/CCTK_POSTSTEP/CallFunction/thorns/MaskBase_AllocateMask: 5e-05 5.1e-05 124068 62034 26020.1 43635 80433
main/Evolve/CallAnalysis/CCTK_CHECKPOINT: 7e-06 7e-06 17714 8857 1715.44 7644 10070
main/Evolve/CallAnalysis/CCTK_POSTSTEP/CallFunction/thorns/MaskBase_InitMask: 0.00011 0.00011 269107 134554 9251.08 128012 141095
main/Evolve/CallAnalysis/CCTK_POSTSTEP/CallFunction/thorns/CoordBase_SetupMask: 0.000201 0.001201 496003 248002 18692.4 234784 261219
main/Evolve/CallAnalysis/CCTK_POSTSTEP/CallFunction/thorns/CarpetExcludedSetup: 7e-06 6e-06 15655 7827.5 225.567 7668 7987
main/Evolve/CallAnalysis/CCTK_POSTSTEP/CallFunction/thorns/CarpetSurfaceSetup: 6e-06 7e-06 16880 8440 537.401 8060 8820
main/Evolve/CallAnalysis/CCTK_POSTSTEP/CallFunction/thorns/MaskBase_SetMask: 0.000163 0.000162 398811 199406 3707.36 196784 202027
main/Evolve/CallAnalysis/CCTK_POSTSTEP/CallFunction/thorns/setup_epsdis: 5.7e-05 0.001054 139797 69898.5 44073.3 38734 101063
main/Evolve/CallAnalysis/CCTK_POSTSTEP/CallFunction/thorns/NaNChecker_NaNCheck_Check: 0.041736 0.081928 1.02069e+08 5.10346e+07 451120 5.07156e+07 5.13536e+07
main/Evolve/CallAnalysis/CCTK_POSTSTEP/CallFunction/thorns/NaNChecker_NaNCheck_Finish: 1.6e-05 1.6e-05 38538 19269 3620.39 16709 21829
main/Evolve/CallAnalysis/CCTK_POSTSTEP/CallFunction/thorns/NaNChecker_TakeAction: 2e-06 3e-06 6051 3025.5 120.915 2940 3111
main/Evolve/CallAnalysis/OutputGH/OutputGH/IOScalar::CarpetIOScalar [1]: 1.6e-05 1.7e-05 38318 19159 11607.9 10951 27367
main/Evolve/CallAnalysis/OutputGH/OutputGH/IOScalar::CarpetIOScalar [1]/OutputGH: 4e-06 3e-06 7694 3847 138.593 3749 3945
main/Evolve/CallAnalysis/OutputGH/OutputGH/IOASCII::IOASCII_0D [2]/OutputGH<0>: 5e-06 5e-06 10412 5206 398.808 4924 5488
main/Evolve/CallAnalysis/OutputGH/OutputGH/IOASCII::IOASCII_0D [2]: 2e-05 1.9e-05 47064 23532 12975.4 14357 32707
main/Evolve/CallAnalysis/OutputGH/OutputGH/IOASCII::IOASCII_1D [3]/OutputGH<1>: 0.003802 0.005937 9.30275e+06 4.65137e+06 21274 4.63633e+06 4.66642e+06
main/Evolve/CallAnalysis/OutputGH/OutputGH/IOASCII::IOASCII_1D [3]: 0.003815 0.005948 9.32862e+06 4.66431e+06 15799.6 4.65314e+06 4.67548e+06
main/Evolve/CallAnalysis/OutputGH/OutputGH/IOASCII::IOASCII_2D [4]/OutputGH<2>: 2e-06 3e-06 5978 2989 69.2965 2940 3038
main/Evolve/CallAnalysis/OutputGH/OutputGH/IOASCII::IOASCII_2D [4]: 1.2e-05 1.2e-05 29964 14982 7085.21 9972 19992
main/Evolve/CallAnalysis/OutputGH/OutputGH/IOASCII::IOASCII_3D [5]/OutputGH<3>: 2e-06 2e-06 6665 3332.5 103.945 3259 3406
main/Evolve/CallAnalysis/OutputGH/OutputGH/IOASCII::IOASCII_3D [5]: 1.1e-05 1.1e-05 27685 13842.5 6582.46 9188 18497
main/Shutdown: 0.000167 0.000162 408538 408538 0 408538 408538
main/Shutdown/CallFunction/thorns/LC_statistics_terminate: 2e-06 1e-06 3406 3406 0 3406 3406
main/Shutdown/CallFunction/thorns/MoL_FreeIndexArrays: 3e-06 3e-06 7571 7571 0 7571 7571
main/Shutdown/CallFunction/thorns: 1.8e-05 1.8e-05 44321 22160.5 2684.88 20262 24059
main/Shutdown/CallFunction: 9e-05 8.7e-05 220206 110103 42548 80017 140189
main/Evolve/CallAnalysis/CCTK_POSTSTEP/CallFunction/thorns/MaskBase_TestMask: 0.000191 0.00019 466211 233106 16267 221603 244608
main/Evolve/CallAnalysis/CCTK_ANALYSIS/CallFunction/thorns: 3.3e-05 3e-05 74823 12470.5 11684.8 7007 17542
main/Evolve/CallAnalysis/CCTK_ANALYSIS: 0.000353 0.000353 864825 432412 19385.3 418705 446120
main/Evolve/CallAnalysis/CCTK_ANALYSIS/CallFunction: 0.000293 0.000293 716135 119356 279780 29669 286576
main/Evolve/CallAnalysis/CCTK_ANALYSIS/CallFunction/thorns/CarpetLib_printtimestats: 3e-06 3e-06 6272 3136 69.2965 3087 3185
main/Evolve/CallAnalysis/OutputGH: 0.00401 0.006142 9.80292e+06 4.90146e+06 86534.3 4.84027e+06 4.96265e+06
main/Evolve/CallAnalysis/CCTK_ANALYSIS/CallFunction/thorns/CarpetLib_printmemstats: 2e-06 2e-06 5292 2646 138.593 2548 2744
main/Evolve/CallAnalysis/CCTK_ANALYSIS/CallFunction/thorns/LC_statistics_analysis: 3e-06 3e-06 5807 2903.5 156.271 2793 3014
main/Evolve/CallAnalysis/OutputGH/OutputGH: 0.004001 0.006133 9.78243e+06 4.89122e+06 79777.2 4.83481e+06 4.94763e+06
main/Evolve/CallAnalysis/OutputGH/OutputGH/IOBasic::CarpetIOBasic [0]: 7.4e-05 7.4e-05 181398 90699 3326.23 88347 93051
main/Evolve/CallAnalysis/OutputGH/OutputGH/IOBasic::CarpetIOBasic [0]/OutputGH: 6.1e-05 6.4e-05 158124 79062 3811.31 76367 81757

--------------------------------------------------------------------------------
Done.
+ echo Stopping:
Stopping:
+ date
Sat Sep 19 15:52:15 UTC 2026
+ echo Done.
Done.
  Elapsed time: 2.6 s
