/home/runner/simulations/TestJob01_temp_2/output-0000/TEST/sim/Extract
Preparing:
+ set -e
+ cd output-0000-active
+ echo Checking:
Checking:
+ pwd
/home/runner/simulations/TestJob01_temp_2/output-0000/TEST/sim/Extract/output-0000-active
+ hostname
runnervmtr4k5
+ date
Tue Sep 29 20:08:35 UTC 2026
+ echo Environment:
Environment:
+ export CACTUS_NUM_PROCS=1
+ CACTUS_NUM_PROCS=1
+ export CACTUS_NUM_THREADS=1
+ CACTUS_NUM_THREADS=1
+ export GMON_OUT_PREFIX=gmon.out
+ GMON_OUT_PREFIX=gmon.out
+ export OMP_NUM_THREADS=1
+ OMP_NUM_THREADS=1
+ env
+ sort
+ echo Starting:
Starting:
++ date +%s
+ export CACTUS_STARTTIME=1790712515
+ CACTUS_STARTTIME=1790712515
+ '[' 1 = 1 ']'
+ '[' 0 -eq 0 ']'
+ /home/runner/simulations/TestJob01_temp_2/SIMFACTORY/exe/cactus_sim -L 3 /home/runner/simulations/TestJob01_temp_2/output-0000/arrangements/EinsteinAnalysis/Extract/test/qc0-mclachlan.par
INFO (Cactus): Increased logging level from 0 to 3
--------------------------------------------------------------------------------

       10                                  
  1   0101       ************************  
  01  1010 10      The Cactus Code V4.20.0    
 1010 1101 011      www.cactuscode.org     
  1001 100101    ************************  
    00010101                               
     100011     (c) Copyright The Authors  
      0100      GNU Licensed. No Warranty  
      0101                                 
--------------------------------------------------------------------------------

Cactus version:    4.20.0
Compile date:      Sep 29 2026 (19:36:21)
Run date:          Sep 29 2026 (20:08:35+0000)
Run host:          runnervmtr4k5.zs0lwgd0ffeubbsnnt10iv11ka.cx.internal.cloudapp.net (pid=178432)
Working directory: /home/runner/simulations/TestJob01_temp_2/output-0000/TEST/sim/Extract
Executable:        /home/runner/simulations/TestJob01_temp_2/SIMFACTORY/exe/cactus_sim
Parameter file:    /home/runner/simulations/TestJob01_temp_2/output-0000/arrangements/EinsteinAnalysis/Extract/test/qc0-mclachlan.par
--------------------------------------------------------------------------------

Activating thorn Cactus...Success -> active implementation Cactus
Activation requested for 
--->IOUtil AEILocalInterp Fortran GSL GenericFD HDF5 LocalInterp LoopControl Slab TGRtensor SummationByParts InitBase Carpet CarpetLib CarpetInterp CarpetReduce CarpetSlab NaNChecker Boundary CartGrid3D CoordBase ReflectionSymmetry SymBase SphericalSurface CarpetMask CarpetRegrid2 CarpetTracker MoL Time ADMBase ADMMacros CoordGauge SpaceMask StaticConformal TmunuBase TwoPunctures ML_BSSN ML_BSSN_Helper NewRad Dissipation CarpetIOBasic CarpetIOScalar CarpetIOASCII Extract<---
Thorn Carpet requests automatic activation of MPI
Thorn Carpet requests automatic activation of Timers
Thorn CarpetLib requests automatic activation of Vectors
Thorn CarpetLib requests automatic activation of Boost
Thorn CarpetLib requests automatic activation of CycleClock
Thorn HDF5 requests automatic activation of zlib
Thorn LoopControl requests automatic activation of hwloc
Thorn TGRtensor requests automatic activation of LAPACK
Thorn LAPACK requests automatic activation of BLAS
Activating thorn ADMBase...Success -> active implementation ADMBase
Activating thorn ADMMacros...Success -> active implementation ADMMacros
Activating thorn AEILocalInterp...Success -> active implementation AEILocalInterp
Activating thorn BLAS...Success -> active implementation BLAS
Activating thorn Boost...Success -> active implementation Boost
Activating thorn Boundary...Success -> active implementation boundary
Activating thorn Carpet...Success -> active implementation Driver
Activating thorn CarpetInterp...Success -> active implementation interp
Activating thorn CarpetIOASCII...Success -> active implementation IOASCII
Activating thorn CarpetIOBasic...Success -> active implementation IOBasic
Activating thorn CarpetIOScalar...Success -> active implementation IOScalar
Activating thorn CarpetLib...Success -> active implementation CarpetLib
Activating thorn CarpetMask...Success -> active implementation CarpetMask
Activating thorn CarpetReduce...Success -> active implementation reduce
Activating thorn CarpetRegrid2...Success -> active implementation CarpetRegrid2
Activating thorn CarpetSlab...Success -> active implementation Hyperslab
Activating thorn CarpetTracker...Success -> active implementation CarpetTracker
Activating thorn CartGrid3D...Success -> active implementation grid
Activating thorn CoordBase...Success -> active implementation CoordBase
Activating thorn CoordGauge...Success -> active implementation CoordGauge
Activating thorn CycleClock...Success -> active implementation CycleClock
Activating thorn Dissipation...Success -> active implementation Dissipation
Activating thorn Extract...Success -> active implementation extract
Activating thorn Fortran...Success -> active implementation Fortran
Activating thorn GenericFD...Success -> active implementation GenericFD
Activating thorn GSL...Success -> active implementation GSL
Activating thorn HDF5...Success -> active implementation HDF5
Activating thorn hwloc...Success -> active implementation hwloc
Activating thorn InitBase...Success -> active implementation InitBase
Activating thorn IOUtil...Success -> active implementation IO
Activating thorn LAPACK...Success -> active implementation LAPACK
Activating thorn LocalInterp...Success -> active implementation LocalInterp
Activating thorn LoopControl...Success -> active implementation LoopControl
Activating thorn ML_BSSN...Success -> active implementation ML_BSSN
Activating thorn ML_BSSN_Helper...Success -> active implementation ML_BSSN_Helper
Activating thorn MoL...Success -> active implementation MethodOfLines
Activating thorn MPI...Success -> active implementation MPI
Activating thorn NaNChecker...Success -> active implementation NaNChecker
Activating thorn NewRad...Success -> active implementation NewRad
Activating thorn ReflectionSymmetry...Success -> active implementation ReflectionSymmetry
Activating thorn Slab...Success -> active implementation Slab
Activating thorn SpaceMask...Success -> active implementation SpaceMask
Activating thorn SphericalSurface...Success -> active implementation SphericalSurface
Activating thorn StaticConformal...Success -> active implementation StaticConformal
Activating thorn SummationByParts...Success -> active implementation SummationByParts
Activating thorn SymBase...Success -> active implementation SymBase
Activating thorn TGRtensor...Success -> active implementation TGRtensor
Activating thorn Time...Success -> active implementation time
Activating thorn Timers...Success -> active implementation Timers
Activating thorn TmunuBase...Success -> active implementation TmunuBase
Activating thorn TwoPunctures...Success -> active implementation TwoPunctures
Activating thorn Vectors...Success -> active implementation Vectors
Activating thorn zlib...Success -> active implementation zlib
--------------------------------------------------------------------------------
  if (recover initial data)
    Recover parameters
  endif

  Startup routines
    [CCTK_STARTUP]
      Carpet::MultiModel_Startup: Multi-model Startup routine
      CycleClock::CycleClock_Setup: Set up CycleClock
      LoopControl::LC_setup: Set up LoopControl
      ML_BSSN_Helper::ML_BSSN_SetGroupTags: [meta] Set checkpointing and prolongation group tags
      Timers::Timer_Startup: Prepare hierarchical timers
      Carpet::Driver_Startup: Startup routine
      CarpetInterp::CarpetInterpStartup: Startup routine
      CarpetReduce::CarpetReduceStartup: Startup routine
      CartGrid3D::SymmetryStartup: Register GH Extension for GridSymmetry
      CoordBase::CoordBase_Startup: Register a GH extension to store the coordinate system handles
      AEILocalInterp::AEILocalInterp_U_Startup: register CCTK_InterpLocalUniform() interpolation operators
      IOUtil::IOUtil_Startup: Startup routine
      LocalInterp::LocalInterp_Startup: register LocalInterp's interpolation operators
      CarpetIOBasic::CarpetIOBasicStartup: [global] Startup routine
      ML_BSSN::ML_BSSN_Startup: [meta] create banner
      ML_BSSN_Helper::ML_BSSN_RegisterSlicing: [meta] Register slicing
      CarpetIOScalar::CarpetIOScalarStartup: [global] Startup routine
      MoL::MoL_Startup: Startup banner
      Slab::Slab_InitMPIDatatypes: Create MPI datatypes for complex variables in C
      SymBase::SymBase_Startup: Register GH Extension for SymBase
      CarpetIOASCII::CarpetIOASCIIStartup: [global] Startup routine
      Vectors::Vectors_Startup: Print startup message
      GROUP hwloc_startup: hwloc startup group
        hwloc::hwloc_version: Output hwloc version

  Startup routines which need an existing grid hierarchy
    [CCTK_WRAGH]
      ADMBase::Einstein_InitSymBound: [global] Set up GF symmetries
      Boundary::Boundary_RegisterBCs: [global] Register boundary conditions that this thorn provides
      CarpetRegrid2::CarpetRegrid2_Initialise: [global] Initialise locations of refined regions
      CartGrid3D::RegisterCartGrid3DCoords: [meta] Register coordinates for the Cartesian grid
      CoordGauge::Einstein_ActivateSlicing: Initialize slicing, setup priorities for mixed slicings
      CoordGauge::Einstein_SetNextSlicing: Identify the slicing for the next iteration
      ML_BSSN_Helper::ML_BSSN_ParamCompat: [meta] Handle parameter backward compatibility
      MoL::MoL_SetupIndexArrays: Set up the MoL bookkeeping index arrays
      MoL::MoL_SetScheduleStatus: [global] Set the flag so it is ok to register with MoL
      TmunuBase::TmunuBase_SetStressEnergyState: [global] Set the stress_energy_state variable
      GROUP MoL_Register: The group where physics thorns register variables with MoL
        ML_BSSN::ML_BSSN_RegisterVars: [meta] Register Variables for MoL
        ML_BSSN_Helper::ML_BSSN_RegisterConstrained: [meta] Register ADMBase variables as constrained
      Slab::Slab_InitTimers: Initialise timers
      GROUP SymBase_Wrapper: Wrapper group for SymBase
        GROUP SymmetryRegister: Register your symmetries here
          CartGrid3D::CartGrid3D_RegisterSymmetryBoundaries: [meta] Register symmetry boundaries
          ML_BSSN::ML_BSSN_RegisterSymmetries: [meta] register symmetries
          ReflectionSymmetry::ReflectionSymmetry_Register: Register reflection symmetry boundaries
        SymBase::SymBase_Statistics: Print symmetry boundary face descriptions
      MoL::MoL_ReportNumberVariables: [meta] Report how many of each type of variable there are
  Parameter checking routines
    [CCTK_PARAMCHECK]
      ADMBase::ADMBase_ParamCheck: [global] Check consistency of parameters
      Boundary::Boundary_Check: Check dimension of grid variables
      Carpet::CarpetParamCheck: Parameter checking routine
      CarpetLib::CarpetLib_test_prolongate_3d_rf2: [global] Test prolongation operators
      CarpetMask::CarpetSurfaceParamCheck: [global] Check parameters
      CarpetRegrid2::CarpetRegrid2_ParamCheck: Check parameters
      CartGrid3D::ParamCheck_CartGrid3D: Check coordinates for CartGrid3D
      Dissipation::dissipation_paramcheck: Check dissipation parameters for consistency
      Extract::Extract_ParamCheck: [global] Check parameters
      Fortran::CheckFortranParameters: Test whether Fortran parameters work correctly
      ML_BSSN_Helper::ML_BSSN_ParamCheck: [meta] Check parameters
      MoL::MoL_ParamCheck: Basic parameter checking
      SphericalSurface::SphericalSurface_ParamCheck: [global] Check that all surface names are unique
      TmunuBase::TmunuBase_ParamCheck: [global] Check that no deprecated parameters are used.
      TwoPunctures::TwoPunctures_ParamCheck: Check parameters and thorn needs
      Vectors::Vectors_Test: Run correctness tests.

  Initialisation
    if (NOT (recover initial data AND recovery_mode is 'strict'))
      [CCTK_PREREGRIDINITIAL]
      Set up grid hierarchy
      [CCTK_POSTREGRIDINITIAL]
        CartGrid3D::SpatialCoordinates: Set Coordinates after regridding
        GROUP MaskBase_SetupMask: Set up the weight function
          GROUP MaskBase_SetupMaskAll: Set up the weight function
            CarpetReduce::MaskBase_AllocateMask: [global] Allocate the weight function
            CarpetReduce::MaskBase_InitMask: [global] [loop-local] Initialise the weight function
            GROUP SetupIMaskInternal: Set up the integer weight function (schedule other routines in here)
              CarpetReduce::CoordBase_SetupMask: [global] [loop-local] Set up the outer boundaries of the weight function
              CarpetReduce::CarpetMaskSetup: [global] [loop-singlemap] Set up the weight function for the restriction regions
            GROUP SetupIMask: Set up the integer weight function (schedule other routines in here)
              CarpetMask::CarpetExcludedSetup: [global] [loop-local] Set up the weight function for the excluded regions
              CarpetMask::CarpetSurfaceSetup: [global] [loop-local] Set up the weight function for the excluded spherical surfaces
            CarpetReduce::MaskBase_SetMask: [global] [loop-local] Set the weight function
            GROUP SetupMask: Set up the real weight function (schedule other routines in here)
            CarpetReduce::MaskBase_TestMask: [global] Test the weight function
        Dissipation::setup_epsdis: Setup spatially varying dissipation
        GROUP MoL_PseudoEvolutionBoundaries: Apply boundary conditions to pseudo-evolved quantities
          GROUP ML_BSSN_ConstraintsEverywhere_bc_group: ML_BSSN_ConstraintsEverywhere
            ML_BSSN::ML_BSSN_ConstraintsEverywhere_SelectBCs: [level] ML_BSSN_ConstraintsEverywhere_SelectBCs
            GROUP ML_BSSN_ConstraintsEverywhere_ApplyBCs: Apply BCs for groups set in ML_BSSN_ConstraintsEverywhere
              GROUP BoundaryConditions: Execute all boundary conditions
                Boundary::Boundary_ApplyPhysicalBCs: Apply all requested local physical boundary conditions
                CartGrid3D::CartGrid3D_ApplyBC: Apply symmetry boundary conditions
                ReflectionSymmetry::ReflectionSymmetry_Apply: Apply reflection symmetries
              Boundary::Boundary_ClearSelection: [level] Unselect all grid variables for boundary conditions
          GROUP ML_BSSN_ConstraintsInterior_bc_group: ML_BSSN_ConstraintsInterior
            ML_BSSN::ML_BSSN_ConstraintsInterior_SelectBCs: [level] ML_BSSN_ConstraintsInterior_SelectBCs
            GROUP ML_BSSN_ConstraintsInterior_ApplyBCs: Apply BCs for groups set in ML_BSSN_ConstraintsInterior
              GROUP BoundaryConditions: Execute all boundary conditions
                Boundary::Boundary_ApplyPhysicalBCs: Apply all requested local physical boundary conditions
                CartGrid3D::CartGrid3D_ApplyBC: Apply symmetry boundary conditions
                ReflectionSymmetry::ReflectionSymmetry_Apply: Apply reflection symmetries
              Boundary::Boundary_ClearSelection: [level] Unselect all grid variables for boundary conditions
      [CCTK_BASEGRID]
        ADMBase::ADMBase_SetShiftStateOn: Set the shift_state variable to 1
        ADMBase::ADMBase_SetDtLapseStateOn: Set the dtlapse_state variable to 1
        ADMBase::ADMBase_SetDtShiftStateOn: Set the dtshift_state variable to 1
        ADMMacros::ADMMacros_SetLocalSpatialOrder: Initialize the local_spatial_order
        CartGrid3D::SpatialSpacings: Set up ranges for spatial 3D Cartesian coordinates (on all grids)
        CartGrid3D::SpatialCoordinates: Set up spatial 3D Cartesian coordinates on the GH
        SphericalSurface::SphericalSurface_SetupRes: [global] [loop-local] Set surface resolution automatically
        Dissipation::dissipation_basegrid: Ensure that there are enough ghost zones
        ML_BSSN::ML_BSSN_CheckBoundaries: [meta] check boundaries treatment
        NaNChecker::NaNChecker_ResetCounter: [global] Reset the NaNChecker::NaNsFound counter
        SphericalSurface::SphericalSurface_Setup: [global] Calculate surface coordinate descriptors
        GROUP MaskBase_SetupMask: Set up the weight function
          GROUP MaskBase_SetupMaskAll: Set up the weight function
            CarpetReduce::MaskBase_AllocateMask: [global] Allocate the weight function
            CarpetReduce::MaskBase_InitMask: [global] [loop-local] Initialise the weight function
            GROUP SetupIMaskInternal: Set up the integer weight function (schedule other routines in here)
              CarpetReduce::CoordBase_SetupMask: [global] [loop-local] Set up the outer boundaries of the weight function
              CarpetReduce::CarpetMaskSetup: [global] [loop-singlemap] Set up the weight function for the restriction regions
            GROUP SetupIMask: Set up the integer weight function (schedule other routines in here)
              CarpetMask::CarpetExcludedSetup: [global] [loop-local] Set up the weight function for the excluded regions
              CarpetMask::CarpetSurfaceSetup: [global] [loop-local] Set up the weight function for the excluded spherical surfaces
            CarpetReduce::MaskBase_SetMask: [global] [loop-local] Set the weight function
            GROUP SetupMask: Set up the real weight function (schedule other routines in here)
            CarpetReduce::MaskBase_TestMask: [global] Test the weight function
        SphericalSurface::SphericalSurface_Set: [global] Set surface radii to be used for initial setup in other thorns
        GROUP SphericalSurface_HasBeenSet: Set the spherical surfaces before this group, and use it afterwards
          SphericalSurface::SphericalSurface_CheckState: [global] Test the state of the spherical surfaces
        SummationByParts::SBP_SetNormMask: Setup the mask for the calculation of the norm
        SymBase::SymBase_Check: Check whether the driver set up the grid consistently
        Time::Time_Initialise: [global] Initialise Time variables
        Time::TemporalSpacings: [singlemap] Set timestep based on Courant condition (courant_static)
      [CCTK_INITIAL]
        StaticConformal::StaticConformal_InitialiseState: Set the conformal_state variable to 0
        GROUP ADMBase_InitialData: Schedule group for calculating ADM initial data
          GROUP TwoPunctures_Group: TwoPunctures initial data group
            TwoPunctures::TwoPunctures: Create puncture black hole initial data
            TwoPunctures::TwoPunctures_Metadata: [global] Output TwoPunctures metadata
        GROUP ADMBase_InitialGauge: Schedule group for the ADM initial gauge condition
          ADMBase::ADMBase_ShiftZero: Set the shift to 0 at all points
          ADMBase::ADMBase_DtLapseZero: Set the dtlapse to 0 at all points
          ADMBase::ADMBase_DtShiftZero: Set the dtshift to 0 at all points
        CarpetIOASCII::CarpetIOASCIIInit: [global] Initialisation routine
        CarpetIOBasic::CarpetIOBasicInit: [global] Initialisation routine
        CarpetIOScalar::CarpetIOScalarInit: [global] Initialisation routine
        GROUP ADMBase_PostInitial: Schedule group for modifying the ADM initial data, such as e.g. adding noise
        ML_BSSN::ML_BSSN_InitialADMBase1Everywhere: ML_BSSN_InitialADMBase1Everywhere
        ML_BSSN::ML_BSSN_InitialADMBase2BoundaryScalar: ML_BSSN_InitialADMBase2BoundaryScalar
        ML_BSSN::ML_BSSN_InitialADMBase2Interior: ML_BSSN_InitialADMBase2Interior
        MoL::MoL_StartLoop: [level] Initialise the step size control
        ML_BSSN_Helper::ML_BSSN_ExtrapolateGammas: Extrapolate Gammas and time derivatives of lapse and shift
      [CCTK_POSTINITIAL]
        GROUP MoL_PostStepModify: The group for physics thorns to schedule enforcing constraints
          ML_BSSN::ML_BSSN_EnforceEverywhere: ML_BSSN_EnforceEverywhere
        GROUP MoL_PostStep: Ensure that everything is correct after the initial data have been set up
          ML_BSSN::ML_BSSN_SelectBoundConds: [level] select boundary conditions
          GROUP ML_BSSN_ApplyBCs: Apply boundary conditions controlled by thorn Boundary
            GROUP BoundaryConditions: Execute all boundary conditions
              Boundary::Boundary_ApplyPhysicalBCs: Apply all requested local physical boundary conditions
              CartGrid3D::CartGrid3D_ApplyBC: Apply symmetry boundary conditions
              ReflectionSymmetry::ReflectionSymmetry_Apply: Apply reflection symmetries
            Boundary::Boundary_ClearSelection: [level] Unselect all grid variables for boundary conditions
          ML_BSSN::ML_BSSN_ADMBaseInterior: ML_BSSN_ADMBaseInterior
          ML_BSSN::ML_BSSN_ADMBaseBoundaryScalar: ML_BSSN_ADMBaseBoundaryScalar
          ML_BSSN::ML_BSSN_ADMBaseEverywhere: ML_BSSN_ADMBaseEverywhere
          ML_BSSN_Helper::ML_BSSN_ADMBase_SelectBCs: [level] Select boundary conditions for ADMBase variables
          GROUP ML_BSSN_ADMBase_ApplyBCs: Apply boundary conditions to ADMBase variables
            GROUP BoundaryConditions: Execute all boundary conditions
              Boundary::Boundary_ApplyPhysicalBCs: Apply all requested local physical boundary conditions
              CartGrid3D::CartGrid3D_ApplyBC: Apply symmetry boundary conditions
              ReflectionSymmetry::ReflectionSymmetry_Apply: Apply reflection symmetries
            Boundary::Boundary_ClearSelection: [level] Unselect all grid variables for boundary conditions
          GROUP ADMBase_SetADMVars: Set the ADM variables before this group, and use them afterwards
        GROUP MoL_PseudoEvolution: Calculate pseudo-evolved quantities
          GROUP ADMBase_SetADMVars: Set the ADM variables before this group, and use them afterwards
          GROUP ML_BSSN_ConstraintsEverywhere_group: ML_BSSN_ConstraintsEverywhere
            ML_BSSN::ML_BSSN_ConstraintsEverywhere: ML_BSSN_ConstraintsEverywhere
            GROUP ML_BSSN_ConstraintsEverywhere_bc_group: ML_BSSN_ConstraintsEverywhere
              ML_BSSN::ML_BSSN_ConstraintsEverywhere_SelectBCs: [level] ML_BSSN_ConstraintsEverywhere_SelectBCs
              GROUP ML_BSSN_ConstraintsEverywhere_ApplyBCs: Apply BCs for groups set in ML_BSSN_ConstraintsEverywhere
                GROUP BoundaryConditions: Execute all boundary conditions
                  Boundary::Boundary_ApplyPhysicalBCs: Apply all requested local physical boundary conditions
                  CartGrid3D::CartGrid3D_ApplyBC: Apply symmetry boundary conditions
                  ReflectionSymmetry::ReflectionSymmetry_Apply: Apply reflection symmetries
                Boundary::Boundary_ClearSelection: [level] Unselect all grid variables for boundary conditions
          GROUP ML_BSSN_ConstraintsInterior_group: ML_BSSN_ConstraintsInterior
            ML_BSSN::ML_BSSN_ConstraintsInterior: ML_BSSN_ConstraintsInterior
            GROUP ML_BSSN_ConstraintsInterior_bc_group: ML_BSSN_ConstraintsInterior
              ML_BSSN::ML_BSSN_ConstraintsInterior_SelectBCs: [level] ML_BSSN_ConstraintsInterior_SelectBCs
              GROUP ML_BSSN_ConstraintsInterior_ApplyBCs: Apply BCs for groups set in ML_BSSN_ConstraintsInterior
                GROUP BoundaryConditions: Execute all boundary conditions
                  Boundary::Boundary_ApplyPhysicalBCs: Apply all requested local physical boundary conditions
                  CartGrid3D::CartGrid3D_ApplyBC: Apply symmetry boundary conditions
                  ReflectionSymmetry::ReflectionSymmetry_Apply: Apply reflection symmetries
                Boundary::Boundary_ClearSelection: [level] Unselect all grid variables for boundary conditions
        SummationByParts::SBP_CheckGridSizes: Check grid sizes and ghost zones
      Initialise finer grids recursively
      Restrict from finer grids
      [CCTK_POSTRESTRICTINITIAL]
        GROUP MoL_PostStep: Ensure that everything is correct after restriction
          ML_BSSN::ML_BSSN_SelectBoundConds: [level] select boundary conditions
          GROUP ML_BSSN_ApplyBCs: Apply boundary conditions controlled by thorn Boundary
            GROUP BoundaryConditions: Execute all boundary conditions
              Boundary::Boundary_ApplyPhysicalBCs: Apply all requested local physical boundary conditions
              CartGrid3D::CartGrid3D_ApplyBC: Apply symmetry boundary conditions
              ReflectionSymmetry::ReflectionSymmetry_Apply: Apply reflection symmetries
            Boundary::Boundary_ClearSelection: [level] Unselect all grid variables for boundary conditions
          ML_BSSN::ML_BSSN_ADMBaseInterior: ML_BSSN_ADMBaseInterior
          ML_BSSN::ML_BSSN_ADMBaseBoundaryScalar: ML_BSSN_ADMBaseBoundaryScalar
          ML_BSSN::ML_BSSN_ADMBaseEverywhere: ML_BSSN_ADMBaseEverywhere
          ML_BSSN_Helper::ML_BSSN_ADMBase_SelectBCs: [level] Select boundary conditions for ADMBase variables
          GROUP ML_BSSN_ADMBase_ApplyBCs: Apply boundary conditions to ADMBase variables
            GROUP BoundaryConditions: Execute all boundary conditions
              Boundary::Boundary_ApplyPhysicalBCs: Apply all requested local physical boundary conditions
              CartGrid3D::CartGrid3D_ApplyBC: Apply symmetry boundary conditions
              ReflectionSymmetry::ReflectionSymmetry_Apply: Apply reflection symmetries
            Boundary::Boundary_ClearSelection: [level] Unselect all grid variables for boundary conditions
          GROUP ADMBase_SetADMVars: Set the ADM variables before this group, and use them afterwards
        GROUP MoL_PseudoEvolutionBoundaries: Apply boundary conditions to pseudo-evolved quantities
          GROUP ML_BSSN_ConstraintsEverywhere_bc_group: ML_BSSN_ConstraintsEverywhere
            ML_BSSN::ML_BSSN_ConstraintsEverywhere_SelectBCs: [level] ML_BSSN_ConstraintsEverywhere_SelectBCs
            GROUP ML_BSSN_ConstraintsEverywhere_ApplyBCs: Apply BCs for groups set in ML_BSSN_ConstraintsEverywhere
              GROUP BoundaryConditions: Execute all boundary conditions
                Boundary::Boundary_ApplyPhysicalBCs: Apply all requested local physical boundary conditions
                CartGrid3D::CartGrid3D_ApplyBC: Apply symmetry boundary conditions
                ReflectionSymmetry::ReflectionSymmetry_Apply: Apply reflection symmetries
              Boundary::Boundary_ClearSelection: [level] Unselect all grid variables for boundary conditions
          GROUP ML_BSSN_ConstraintsInterior_bc_group: ML_BSSN_ConstraintsInterior
            ML_BSSN::ML_BSSN_ConstraintsInterior_SelectBCs: [level] ML_BSSN_ConstraintsInterior_SelectBCs
            GROUP ML_BSSN_ConstraintsInterior_ApplyBCs: Apply BCs for groups set in ML_BSSN_ConstraintsInterior
              GROUP BoundaryConditions: Execute all boundary conditions
                Boundary::Boundary_ApplyPhysicalBCs: Apply all requested local physical boundary conditions
                CartGrid3D::CartGrid3D_ApplyBC: Apply symmetry boundary conditions
                ReflectionSymmetry::ReflectionSymmetry_Apply: Apply reflection symmetries
              Boundary::Boundary_ClearSelection: [level] Unselect all grid variables for boundary conditions
      [CCTK_POSTPOSTINITIAL]
      [CCTK_POSTSTEP]
        SphericalSurface::SphericalSurface_Set: [global] Set surface radii
        GROUP SphericalSurface_HasBeenSet: Set the spherical surfaces before this group, and use it afterwards
          SphericalSurface::SphericalSurface_CheckState: [global] Test the state of the spherical surfaces
        Extract::Extract: Extract waveforms
        GROUP zzz_NaNChecker_NaNCheck: Check for NaNs and count them in NaNChecker::NaNsFound
          NaNChecker::NaNChecker_NaNCheck_Prepare: [level] Prepare data structures to check for NaNs
          NaNChecker::NaNChecker_NaNCheck_Check: [local] Check for NaNs
          NaNChecker::NaNChecker_NaNCheck_Finish: [level] Count NaNs in NaNChecker::NaNsFound
        NaNChecker::NaNChecker_TakeAction: [global] [loop-level] Output NaNChecker::NaNmask and take action according to NaNChecker::action_if_found
        Dissipation::setup_epsdis: Setup spatially varying dissipation
        GROUP MaskBase_SetupMask: Set up the weight function
          GROUP MaskBase_SetupMaskAll: Set up the weight function
            CarpetReduce::MaskBase_AllocateMask: [global] Allocate the weight function
            CarpetReduce::MaskBase_InitMask: [global] [loop-local] Initialise the weight function
            GROUP SetupIMaskInternal: Set up the integer weight function (schedule other routines in here)
              CarpetReduce::CoordBase_SetupMask: [global] [loop-local] Set up the outer boundaries of the weight function
              CarpetReduce::CarpetMaskSetup: [global] [loop-singlemap] Set up the weight function for the restriction regions
            GROUP SetupIMask: Set up the integer weight function (schedule other routines in here)
              CarpetMask::CarpetExcludedSetup: [global] [loop-local] Set up the weight function for the excluded regions
              CarpetMask::CarpetSurfaceSetup: [global] [loop-local] Set up the weight function for the excluded spherical surfaces
            CarpetReduce::MaskBase_SetMask: [global] [loop-local] Set the weight function
            GROUP SetupMask: Set up the real weight function (schedule other routines in here)
            CarpetReduce::MaskBase_TestMask: [global] Test the weight function
    endif
    if (recover initial data)
      [CCTK_BASEGRID]
        ADMBase::ADMBase_SetShiftStateOn: Set the shift_state variable to 1
        ADMBase::ADMBase_SetDtLapseStateOn: Set the dtlapse_state variable to 1
        ADMBase::ADMBase_SetDtShiftStateOn: Set the dtshift_state variable to 1
        ADMMacros::ADMMacros_SetLocalSpatialOrder: Initialize the local_spatial_order
        CartGrid3D::SpatialSpacings: Set up ranges for spatial 3D Cartesian coordinates (on all grids)
        CartGrid3D::SpatialCoordinates: Set up spatial 3D Cartesian coordinates on the GH
        SphericalSurface::SphericalSurface_SetupRes: [global] [loop-local] Set surface resolution automatically
        Dissipation::dissipation_basegrid: Ensure that there are enough ghost zones
        ML_BSSN::ML_BSSN_CheckBoundaries: [meta] check boundaries treatment
        NaNChecker::NaNChecker_ResetCounter: [global] Reset the NaNChecker::NaNsFound counter
        SphericalSurface::SphericalSurface_Setup: [global] Calculate surface coordinate descriptors
        GROUP MaskBase_SetupMask: Set up the weight function
          GROUP MaskBase_SetupMaskAll: Set up the weight function
            CarpetReduce::MaskBase_AllocateMask: [global] Allocate the weight function
            CarpetReduce::MaskBase_InitMask: [global] [loop-local] Initialise the weight function
            GROUP SetupIMaskInternal: Set up the integer weight function (schedule other routines in here)
              CarpetReduce::CoordBase_SetupMask: [global] [loop-local] Set up the outer boundaries of the weight function
              CarpetReduce::CarpetMaskSetup: [global] [loop-singlemap] Set up the weight function for the restriction regions
            GROUP SetupIMask: Set up the integer weight function (schedule other routines in here)
              CarpetMask::CarpetExcludedSetup: [global] [loop-local] Set up the weight function for the excluded regions
              CarpetMask::CarpetSurfaceSetup: [global] [loop-local] Set up the weight function for the excluded spherical surfaces
            CarpetReduce::MaskBase_SetMask: [global] [loop-local] Set the weight function
            GROUP SetupMask: Set up the real weight function (schedule other routines in here)
            CarpetReduce::MaskBase_TestMask: [global] Test the weight function
        SphericalSurface::SphericalSurface_Set: [global] Set surface radii to be used for initial setup in other thorns
        GROUP SphericalSurface_HasBeenSet: Set the spherical surfaces before this group, and use it afterwards
          SphericalSurface::SphericalSurface_CheckState: [global] Test the state of the spherical surfaces
        SummationByParts::SBP_SetNormMask: Setup the mask for the calculation of the norm
        SymBase::SymBase_Check: Check whether the driver set up the grid consistently
        Time::Time_Initialise: [global] Initialise Time variables
        Time::TemporalSpacings: [singlemap] Set timestep based on Courant condition (courant_static)
      [CCTK_RECOVER_VARIABLES]
      [CCTK_POST_RECOVER_VARIABLES]
        GROUP MaskBase_SetupMask: Set up the weight function
          GROUP MaskBase_SetupMaskAll: Set up the weight function
            CarpetReduce::MaskBase_AllocateMask: [global] Allocate the weight function
            CarpetReduce::MaskBase_InitMask: [global] [loop-local] Initialise the weight function
            GROUP SetupIMaskInternal: Set up the integer weight function (schedule other routines in here)
              CarpetReduce::CoordBase_SetupMask: [global] [loop-local] Set up the outer boundaries of the weight function
              CarpetReduce::CarpetMaskSetup: [global] [loop-singlemap] Set up the weight function for the restriction regions
            GROUP SetupIMask: Set up the integer weight function (schedule other routines in here)
              CarpetMask::CarpetExcludedSetup: [global] [loop-local] Set up the weight function for the excluded regions
              CarpetMask::CarpetSurfaceSetup: [global] [loop-local] Set up the weight function for the excluded spherical surfaces
            CarpetReduce::MaskBase_SetMask: [global] [loop-local] Set the weight function
            GROUP SetupMask: Set up the real weight function (schedule other routines in here)
            CarpetReduce::MaskBase_TestMask: [global] Test the weight function
        GROUP MoL_PostStep: Ensure that everything is correct after recovery
          ML_BSSN::ML_BSSN_SelectBoundConds: [level] select boundary conditions
          GROUP ML_BSSN_ApplyBCs: Apply boundary conditions controlled by thorn Boundary
            GROUP BoundaryConditions: Execute all boundary conditions
              Boundary::Boundary_ApplyPhysicalBCs: Apply all requested local physical boundary conditions
              CartGrid3D::CartGrid3D_ApplyBC: Apply symmetry boundary conditions
              ReflectionSymmetry::ReflectionSymmetry_Apply: Apply reflection symmetries
            Boundary::Boundary_ClearSelection: [level] Unselect all grid variables for boundary conditions
          ML_BSSN::ML_BSSN_ADMBaseInterior: ML_BSSN_ADMBaseInterior
          ML_BSSN::ML_BSSN_ADMBaseBoundaryScalar: ML_BSSN_ADMBaseBoundaryScalar
          ML_BSSN::ML_BSSN_ADMBaseEverywhere: ML_BSSN_ADMBaseEverywhere
          ML_BSSN_Helper::ML_BSSN_ADMBase_SelectBCs: [level] Select boundary conditions for ADMBase variables
          GROUP ML_BSSN_ADMBase_ApplyBCs: Apply boundary conditions to ADMBase variables
            GROUP BoundaryConditions: Execute all boundary conditions
              Boundary::Boundary_ApplyPhysicalBCs: Apply all requested local physical boundary conditions
              CartGrid3D::CartGrid3D_ApplyBC: Apply symmetry boundary conditions
              ReflectionSymmetry::ReflectionSymmetry_Apply: Apply reflection symmetries
            Boundary::Boundary_ClearSelection: [level] Unselect all grid variables for boundary conditions
          GROUP ADMBase_SetADMVars: Set the ADM variables before this group, and use them afterwards
        GROUP zzz_NaNChecker_NaNCheck: Check for NaNs and count them in NaNChecker::NaNsFound
          NaNChecker::NaNChecker_NaNCheck_Prepare: [level] Prepare data structures to check for NaNs
          NaNChecker::NaNChecker_NaNCheck_Check: [local] Check for NaNs
          NaNChecker::NaNChecker_NaNCheck_Finish: [level] Count NaNs in NaNChecker::NaNsFound
        NaNChecker::NaNChecker_TakeAction: [global] [loop-level] Output NaNChecker::NaNmask and take action according to NaNChecker::action_if_found
    endif
    if (checkpoint initial data)
      [CCTK_CPINITIAL]
    endif
    if (analysis)
      [CCTK_ANALYSIS]
        CarpetLib::CarpetLib_printtimestats: [global] Print timing statistics if desired
        CarpetLib::CarpetLib_printmemstats: [global] Print memory statistics if desired
        LoopControl::LC_statistics_analysis: [meta] Output LoopControl statistics
        GROUP ML_BSSN_EvolutionAnalysis: Calculate RHS at analysis
          ML_BSSN::ML_BSSN_EvolutionAnalysisInit: ML_BSSN_EvolutionAnalysisInit
          ML_BSSN::ML_BSSN_EvolutionAnalysisInterior: ML_BSSN_EvolutionAnalysisInterior
          ML_BSSN_Helper::ML_BSSN_NewRad: Apply NewRad boundary conditions to RHS
  endif
  Output grid variables

  do loop over timesteps
    [CCTK_PREREGRID]
      CarpetTracker::CarpetTracker_SetPositions: [global] Set positions of refined regions
    Change grid hierarchy
    [CCTK_POSTREGRID]
      CartGrid3D::SpatialCoordinates: Set Coordinates after regridding
      GROUP MaskBase_SetupMask: Set up the weight function
        GROUP MaskBase_SetupMaskAll: Set up the weight function
          CarpetReduce::MaskBase_AllocateMask: [global] Allocate the weight function
          CarpetReduce::MaskBase_InitMask: [global] [loop-local] Initialise the weight function
          GROUP SetupIMaskInternal: Set up the integer weight function (schedule other routines in here)
            CarpetReduce::CoordBase_SetupMask: [global] [loop-local] Set up the outer boundaries of the weight function
            CarpetReduce::CarpetMaskSetup: [global] [loop-singlemap] Set up the weight function for the restriction regions
          GROUP SetupIMask: Set up the integer weight function (schedule other routines in here)
            CarpetMask::CarpetExcludedSetup: [global] [loop-local] Set up the weight function for the excluded regions
            CarpetMask::CarpetSurfaceSetup: [global] [loop-local] Set up the weight function for the excluded spherical surfaces
          CarpetReduce::MaskBase_SetMask: [global] [loop-local] Set the weight function
          GROUP SetupMask: Set up the real weight function (schedule other routines in here)
          CarpetReduce::MaskBase_TestMask: [global] Test the weight function
      Dissipation::setup_epsdis: Setup spatially varying dissipation
      GROUP MoL_PostStep: Ensure that everything is correct after regridding
        ML_BSSN::ML_BSSN_SelectBoundConds: [level] select boundary conditions
        GROUP ML_BSSN_ApplyBCs: Apply boundary conditions controlled by thorn Boundary
          GROUP BoundaryConditions: Execute all boundary conditions
            Boundary::Boundary_ApplyPhysicalBCs: Apply all requested local physical boundary conditions
            CartGrid3D::CartGrid3D_ApplyBC: Apply symmetry boundary conditions
            ReflectionSymmetry::ReflectionSymmetry_Apply: Apply reflection symmetries
          Boundary::Boundary_ClearSelection: [level] Unselect all grid variables for boundary conditions
        ML_BSSN::ML_BSSN_ADMBaseInterior: ML_BSSN_ADMBaseInterior
        ML_BSSN::ML_BSSN_ADMBaseBoundaryScalar: ML_BSSN_ADMBaseBoundaryScalar
        ML_BSSN::ML_BSSN_ADMBaseEverywhere: ML_BSSN_ADMBaseEverywhere
        ML_BSSN_Helper::ML_BSSN_ADMBase_SelectBCs: [level] Select boundary conditions for ADMBase variables
        GROUP ML_BSSN_ADMBase_ApplyBCs: Apply boundary conditions to ADMBase variables
          GROUP BoundaryConditions: Execute all boundary conditions
            Boundary::Boundary_ApplyPhysicalBCs: Apply all requested local physical boundary conditions
            CartGrid3D::CartGrid3D_ApplyBC: Apply symmetry boundary conditions
            ReflectionSymmetry::ReflectionSymmetry_Apply: Apply reflection symmetries
          Boundary::Boundary_ClearSelection: [level] Unselect all grid variables for boundary conditions
        GROUP ADMBase_SetADMVars: Set the ADM variables before this group, and use them afterwards
      GROUP MoL_PseudoEvolutionBoundaries: Apply boundary conditions to pseudo-evolved quantities
        GROUP ML_BSSN_ConstraintsEverywhere_bc_group: ML_BSSN_ConstraintsEverywhere
          ML_BSSN::ML_BSSN_ConstraintsEverywhere_SelectBCs: [level] ML_BSSN_ConstraintsEverywhere_SelectBCs
          GROUP ML_BSSN_ConstraintsEverywhere_ApplyBCs: Apply BCs for groups set in ML_BSSN_ConstraintsEverywhere
            GROUP BoundaryConditions: Execute all boundary conditions
              Boundary::Boundary_ApplyPhysicalBCs: Apply all requested local physical boundary conditions
              CartGrid3D::CartGrid3D_ApplyBC: Apply symmetry boundary conditions
              ReflectionSymmetry::ReflectionSymmetry_Apply: Apply reflection symmetries
            Boundary::Boundary_ClearSelection: [level] Unselect all grid variables for boundary conditions
        GROUP ML_BSSN_ConstraintsInterior_bc_group: ML_BSSN_ConstraintsInterior
          ML_BSSN::ML_BSSN_ConstraintsInterior_SelectBCs: [level] ML_BSSN_ConstraintsInterior_SelectBCs
          GROUP ML_BSSN_ConstraintsInterior_ApplyBCs: Apply BCs for groups set in ML_BSSN_ConstraintsInterior
            GROUP BoundaryConditions: Execute all boundary conditions
              Boundary::Boundary_ApplyPhysicalBCs: Apply all requested local physical boundary conditions
              CartGrid3D::CartGrid3D_ApplyBC: Apply symmetry boundary conditions
              ReflectionSymmetry::ReflectionSymmetry_Apply: Apply reflection symmetries
            Boundary::Boundary_ClearSelection: [level] Unselect all grid variables for boundary conditions
    Rotate timelevels
    iteration = iteration+1
    t = t+dt
    [CCTK_PRESTEP]
      CoordGauge::Einstein_SetNextSlicing: Identify the slicing for the next iteration
      LoopControl::LC_steer: [meta] Update LoopControl algorithm preferences
      NaNChecker::NaNChecker_ResetCounter: [global] Reset the NaNChecker::NaNsFound counter
    [CCTK_EVOL]
      MoL::MoL_StartLoop: [level] Initialise the step size control
      while (MoL::MoL_Stepsize_Bad)
        GROUP MoL_Evolution: A single Cactus evolution step using MoL
          GROUP MoL_StartStep: MoL internal setup for the evolution step
            MoL::MoL_SetCounter: [level] Set the counter for the ODE method to loop over
            MoL::MoL_SetTime: [level] Ensure the correct time and timestep are used
            MoL::MoL_AllocateScratchSpace: [level] Allocate storage for scratch levels
          GROUP MoL_PreStep: Physics thorns can schedule preloop setup routines in here
          MoL::MoL_AllocateScratch: Allocate sufficient space for array scratch variables
          MoL::MoL_InitialCopy: Ensure the data is in the correct timelevel
          while (MoL::MoL_Intermediate_Step)
            GROUP MoL_Step: The loop over the intermediate steps for the ODE integrator
              MoL::MoL_InitRHS: Initialise the RHS functions
              GROUP MoL_CalcRHS: Physics thorns schedule the calculation of the discrete spatial operator in here
                ML_BSSN::ML_BSSN_EvolutionBoundaryScalar: ML_BSSN_EvolutionBoundaryScalar
                GROUP ML_BSSN_EvolutionInteriorSplitBy: 
                  ML_BSSN::ML_BSSN_EvolutionInteriorSplitBy1: ML_BSSN_EvolutionInteriorSplitBy1
                  ML_BSSN::ML_BSSN_EvolutionInteriorSplitBy2: ML_BSSN_EvolutionInteriorSplitBy2
                  ML_BSSN::ML_BSSN_EvolutionInteriorSplitBy3: ML_BSSN_EvolutionInteriorSplitBy3
                ML_BSSN_Helper::ML_BSSN_NewRad: Apply NewRad boundary conditions to RHS
              GROUP MoL_PostRHS: Modify RHS functions
                Dissipation::dissipation_add: Add Kreiss-Oliger dissipation to the right hand sides
              GROUP MoL_RHSBoundaries: Any 'final' modifications to the RHS functions (boundaries etc.)
              MoL::MoL_Add: Updates calculated with the efficient Runge-Kutta 4 method
              MoL::MoL_DecrementCounter: [level] Alter the counter number
              MoL::MoL_ResetTime: [level] If necessary, change the time
              GROUP MoL_PostStepModify: The group for physics thorns to schedule enforcing constraints
                ML_BSSN::ML_BSSN_EnforceEverywhere: ML_BSSN_EnforceEverywhere
              GROUP MoL_PostStep: The group for physics thorns to schedule boundary calls etc.
                ML_BSSN::ML_BSSN_SelectBoundConds: [level] select boundary conditions
                GROUP ML_BSSN_ApplyBCs: Apply boundary conditions controlled by thorn Boundary
                  GROUP BoundaryConditions: Execute all boundary conditions
                    Boundary::Boundary_ApplyPhysicalBCs: Apply all requested local physical boundary conditions
                    CartGrid3D::CartGrid3D_ApplyBC: Apply symmetry boundary conditions
                    ReflectionSymmetry::ReflectionSymmetry_Apply: Apply reflection symmetries
                  Boundary::Boundary_ClearSelection: [level] Unselect all grid variables for boundary conditions
                ML_BSSN::ML_BSSN_ADMBaseInterior: ML_BSSN_ADMBaseInterior
                ML_BSSN::ML_BSSN_ADMBaseBoundaryScalar: ML_BSSN_ADMBaseBoundaryScalar
                ML_BSSN::ML_BSSN_ADMBaseEverywhere: ML_BSSN_ADMBaseEverywhere
                ML_BSSN_Helper::ML_BSSN_ADMBase_SelectBCs: [level] Select boundary conditions for ADMBase variables
                GROUP ML_BSSN_ADMBase_ApplyBCs: Apply boundary conditions to ADMBase variables
                  GROUP BoundaryConditions: Execute all boundary conditions
                    Boundary::Boundary_ApplyPhysicalBCs: Apply all requested local physical boundary conditions
                    CartGrid3D::CartGrid3D_ApplyBC: Apply symmetry boundary conditions
                    ReflectionSymmetry::ReflectionSymmetry_Apply: Apply reflection symmetries
                  Boundary::Boundary_ClearSelection: [level] Unselect all grid variables for boundary conditions
                GROUP ADMBase_SetADMVars: Set the ADM variables before this group, and use them afterwards
              MoL::MoL_ResetDeltaTime: [level] If necessary, change the timestep
          end while
          MoL::MoL_FinishLoop: [level] Control the step size
          MoL::MoL_RestoreSandR: Restoring the Save and Restore variables to the original state
          MoL::MoL_FreeScratchSpace: [level] Free storage for scratch levels
      end while
      GROUP MoL_PseudoEvolution: Calculate pseudo-evolved quantities
        GROUP ADMBase_SetADMVars: Set the ADM variables before this group, and use them afterwards
        GROUP ML_BSSN_ConstraintsEverywhere_group: ML_BSSN_ConstraintsEverywhere
          ML_BSSN::ML_BSSN_ConstraintsEverywhere: ML_BSSN_ConstraintsEverywhere
          GROUP ML_BSSN_ConstraintsEverywhere_bc_group: ML_BSSN_ConstraintsEverywhere
            ML_BSSN::ML_BSSN_ConstraintsEverywhere_SelectBCs: [level] ML_BSSN_ConstraintsEverywhere_SelectBCs
            GROUP ML_BSSN_ConstraintsEverywhere_ApplyBCs: Apply BCs for groups set in ML_BSSN_ConstraintsEverywhere
              GROUP BoundaryConditions: Execute all boundary conditions
                Boundary::Boundary_ApplyPhysicalBCs: Apply all requested local physical boundary conditions
                CartGrid3D::CartGrid3D_ApplyBC: Apply symmetry boundary conditions
                ReflectionSymmetry::ReflectionSymmetry_Apply: Apply reflection symmetries
              Boundary::Boundary_ClearSelection: [level] Unselect all grid variables for boundary conditions
        GROUP ML_BSSN_ConstraintsInterior_group: ML_BSSN_ConstraintsInterior
          ML_BSSN::ML_BSSN_ConstraintsInterior: ML_BSSN_ConstraintsInterior
          GROUP ML_BSSN_ConstraintsInterior_bc_group: ML_BSSN_ConstraintsInterior
            ML_BSSN::ML_BSSN_ConstraintsInterior_SelectBCs: [level] ML_BSSN_ConstraintsInterior_SelectBCs
            GROUP ML_BSSN_ConstraintsInterior_ApplyBCs: Apply BCs for groups set in ML_BSSN_ConstraintsInterior
              GROUP BoundaryConditions: Execute all boundary conditions
                Boundary::Boundary_ApplyPhysicalBCs: Apply all requested local physical boundary conditions
                CartGrid3D::CartGrid3D_ApplyBC: Apply symmetry boundary conditions
                ReflectionSymmetry::ReflectionSymmetry_Apply: Apply reflection symmetries
              Boundary::Boundary_ClearSelection: [level] Unselect all grid variables for boundary conditions
    Evolve finer grids recursively
    Restrict from finer grids
    [CCTK_POSTRESTRICT]
      GROUP MoL_PostStep: Ensure that everything is correct after restriction
        ML_BSSN::ML_BSSN_SelectBoundConds: [level] select boundary conditions
        GROUP ML_BSSN_ApplyBCs: Apply boundary conditions controlled by thorn Boundary
          GROUP BoundaryConditions: Execute all boundary conditions
            Boundary::Boundary_ApplyPhysicalBCs: Apply all requested local physical boundary conditions
            CartGrid3D::CartGrid3D_ApplyBC: Apply symmetry boundary conditions
            ReflectionSymmetry::ReflectionSymmetry_Apply: Apply reflection symmetries
          Boundary::Boundary_ClearSelection: [level] Unselect all grid variables for boundary conditions
        ML_BSSN::ML_BSSN_ADMBaseInterior: ML_BSSN_ADMBaseInterior
        ML_BSSN::ML_BSSN_ADMBaseBoundaryScalar: ML_BSSN_ADMBaseBoundaryScalar
        ML_BSSN::ML_BSSN_ADMBaseEverywhere: ML_BSSN_ADMBaseEverywhere
        ML_BSSN_Helper::ML_BSSN_ADMBase_SelectBCs: [level] Select boundary conditions for ADMBase variables
        GROUP ML_BSSN_ADMBase_ApplyBCs: Apply boundary conditions to ADMBase variables
          GROUP BoundaryConditions: Execute all boundary conditions
            Boundary::Boundary_ApplyPhysicalBCs: Apply all requested local physical boundary conditions
            CartGrid3D::CartGrid3D_ApplyBC: Apply symmetry boundary conditions
            ReflectionSymmetry::ReflectionSymmetry_Apply: Apply reflection symmetries
          Boundary::Boundary_ClearSelection: [level] Unselect all grid variables for boundary conditions
        GROUP ADMBase_SetADMVars: Set the ADM variables before this group, and use them afterwards
      GROUP MoL_PseudoEvolutionBoundaries: Apply boundary conditions to pseudo-evolved quantities
        GROUP ML_BSSN_ConstraintsEverywhere_bc_group: ML_BSSN_ConstraintsEverywhere
          ML_BSSN::ML_BSSN_ConstraintsEverywhere_SelectBCs: [level] ML_BSSN_ConstraintsEverywhere_SelectBCs
          GROUP ML_BSSN_ConstraintsEverywhere_ApplyBCs: Apply BCs for groups set in ML_BSSN_ConstraintsEverywhere
            GROUP BoundaryConditions: Execute all boundary conditions
              Boundary::Boundary_ApplyPhysicalBCs: Apply all requested local physical boundary conditions
              CartGrid3D::CartGrid3D_ApplyBC: Apply symmetry boundary conditions
              ReflectionSymmetry::ReflectionSymmetry_Apply: Apply reflection symmetries
            Boundary::Boundary_ClearSelection: [level] Unselect all grid variables for boundary conditions
        GROUP ML_BSSN_ConstraintsInterior_bc_group: ML_BSSN_ConstraintsInterior
          ML_BSSN::ML_BSSN_ConstraintsInterior_SelectBCs: [level] ML_BSSN_ConstraintsInterior_SelectBCs
          GROUP ML_BSSN_ConstraintsInterior_ApplyBCs: Apply BCs for groups set in ML_BSSN_ConstraintsInterior
            GROUP BoundaryConditions: Execute all boundary conditions
              Boundary::Boundary_ApplyPhysicalBCs: Apply all requested local physical boundary conditions
              CartGrid3D::CartGrid3D_ApplyBC: Apply symmetry boundary conditions
              ReflectionSymmetry::ReflectionSymmetry_Apply: Apply reflection symmetries
            Boundary::Boundary_ClearSelection: [level] Unselect all grid variables for boundary conditions
    [CCTK_POSTSTEP]
      SphericalSurface::SphericalSurface_Set: [global] Set surface radii
      GROUP SphericalSurface_HasBeenSet: Set the spherical surfaces before this group, and use it afterwards
        SphericalSurface::SphericalSurface_CheckState: [global] Test the state of the spherical surfaces
      Extract::Extract: Extract waveforms
      GROUP zzz_NaNChecker_NaNCheck: Check for NaNs and count them in NaNChecker::NaNsFound
        NaNChecker::NaNChecker_NaNCheck_Prepare: [level] Prepare data structures to check for NaNs
        NaNChecker::NaNChecker_NaNCheck_Check: [local] Check for NaNs
        NaNChecker::NaNChecker_NaNCheck_Finish: [level] Count NaNs in NaNChecker::NaNsFound
      NaNChecker::NaNChecker_TakeAction: [global] [loop-level] Output NaNChecker::NaNmask and take action according to NaNChecker::action_if_found
      Dissipation::setup_epsdis: Setup spatially varying dissipation
      GROUP MaskBase_SetupMask: Set up the weight function
        GROUP MaskBase_SetupMaskAll: Set up the weight function
          CarpetReduce::MaskBase_AllocateMask: [global] Allocate the weight function
          CarpetReduce::MaskBase_InitMask: [global] [loop-local] Initialise the weight function
          GROUP SetupIMaskInternal: Set up the integer weight function (schedule other routines in here)
            CarpetReduce::CoordBase_SetupMask: [global] [loop-local] Set up the outer boundaries of the weight function
            CarpetReduce::CarpetMaskSetup: [global] [loop-singlemap] Set up the weight function for the restriction regions
          GROUP SetupIMask: Set up the integer weight function (schedule other routines in here)
            CarpetMask::CarpetExcludedSetup: [global] [loop-local] Set up the weight function for the excluded regions
            CarpetMask::CarpetSurfaceSetup: [global] [loop-local] Set up the weight function for the excluded spherical surfaces
          CarpetReduce::MaskBase_SetMask: [global] [loop-local] Set the weight function
          GROUP SetupMask: Set up the real weight function (schedule other routines in here)
          CarpetReduce::MaskBase_TestMask: [global] Test the weight function
    if (checkpoint)
      [CCTK_CHECKPOINT]
    endif
    if (analysis)
      [CCTK_ANALYSIS]
      CarpetLib::CarpetLib_printtimestats: [global] Print timing statistics if desired
      CarpetLib::CarpetLib_printmemstats: [global] Print memory statistics if desired
      LoopControl::LC_statistics_analysis: [meta] Output LoopControl statistics
      GROUP ML_BSSN_EvolutionAnalysis: Calculate RHS at analysis
        ML_BSSN::ML_BSSN_EvolutionAnalysisInit: ML_BSSN_EvolutionAnalysisInit
        ML_BSSN::ML_BSSN_EvolutionAnalysisInterior: ML_BSSN_EvolutionAnalysisInterior
        ML_BSSN_Helper::ML_BSSN_NewRad: Apply NewRad boundary conditions to RHS
    endif
    Output grid variables
    enddo

  Termination routines
    [CCTK_TERMINATE]
      LoopControl::LC_statistics_terminate: [meta] Output LoopControl statistics
      MoL::MoL_FreeIndexArrays: Free the MoL bookkeeping index arrays

  Shutdown routines
    [CCTK_SHUTDOWN]
      Timers::Timer_Shutdown: Prepare hierarchical timers

  Routines run after changing the grid hierarchy:
    [CCTK_POSTREGRID]
      CartGrid3D::SpatialCoordinates: Set Coordinates after regridding
      GROUP MaskBase_SetupMask: Set up the weight function
        GROUP MaskBase_SetupMaskAll: Set up the weight function
          CarpetReduce::MaskBase_AllocateMask: [global] Allocate the weight function
          CarpetReduce::MaskBase_InitMask: [global] [loop-local] Initialise the weight function
          GROUP SetupIMaskInternal: Set up the integer weight function (schedule other routines in here)
            CarpetReduce::CoordBase_SetupMask: [global] [loop-local] Set up the outer boundaries of the weight function
            CarpetReduce::CarpetMaskSetup: [global] [loop-singlemap] Set up the weight function for the restriction regions
          GROUP SetupIMask: Set up the integer weight function (schedule other routines in here)
            CarpetMask::CarpetExcludedSetup: [global] [loop-local] Set up the weight function for the excluded regions
            CarpetMask::CarpetSurfaceSetup: [global] [loop-local] Set up the weight function for the excluded spherical surfaces
          CarpetReduce::MaskBase_SetMask: [global] [loop-local] Set the weight function
          GROUP SetupMask: Set up the real weight function (schedule other routines in here)
          CarpetReduce::MaskBase_TestMask: [global] Test the weight function
      Dissipation::setup_epsdis: Setup spatially varying dissipation
      GROUP MoL_PostStep: Ensure that everything is correct after regridding
        ML_BSSN::ML_BSSN_SelectBoundConds: [level] select boundary conditions
        GROUP ML_BSSN_ApplyBCs: Apply boundary conditions controlled by thorn Boundary
          GROUP BoundaryConditions: Execute all boundary conditions
            Boundary::Boundary_ApplyPhysicalBCs: Apply all requested local physical boundary conditions
            CartGrid3D::CartGrid3D_ApplyBC: Apply symmetry boundary conditions
            ReflectionSymmetry::ReflectionSymmetry_Apply: Apply reflection symmetries
          Boundary::Boundary_ClearSelection: [level] Unselect all grid variables for boundary conditions
        ML_BSSN::ML_BSSN_ADMBaseInterior: ML_BSSN_ADMBaseInterior
        ML_BSSN::ML_BSSN_ADMBaseBoundaryScalar: ML_BSSN_ADMBaseBoundaryScalar
        ML_BSSN::ML_BSSN_ADMBaseEverywhere: ML_BSSN_ADMBaseEverywhere
        ML_BSSN_Helper::ML_BSSN_ADMBase_SelectBCs: [level] Select boundary conditions for ADMBase variables
        GROUP ML_BSSN_ADMBase_ApplyBCs: Apply boundary conditions to ADMBase variables
          GROUP BoundaryConditions: Execute all boundary conditions
            Boundary::Boundary_ApplyPhysicalBCs: Apply all requested local physical boundary conditions
            CartGrid3D::CartGrid3D_ApplyBC: Apply symmetry boundary conditions
            ReflectionSymmetry::ReflectionSymmetry_Apply: Apply reflection symmetries
          Boundary::Boundary_ClearSelection: [level] Unselect all grid variables for boundary conditions
        GROUP ADMBase_SetADMVars: Set the ADM variables before this group, and use them afterwards
      GROUP MoL_PseudoEvolutionBoundaries: Apply boundary conditions to pseudo-evolved quantities
        GROUP ML_BSSN_ConstraintsEverywhere_bc_group: ML_BSSN_ConstraintsEverywhere
          ML_BSSN::ML_BSSN_ConstraintsEverywhere_SelectBCs: [level] ML_BSSN_ConstraintsEverywhere_SelectBCs
          GROUP ML_BSSN_ConstraintsEverywhere_ApplyBCs: Apply BCs for groups set in ML_BSSN_ConstraintsEverywhere
            GROUP BoundaryConditions: Execute all boundary conditions
              Boundary::Boundary_ApplyPhysicalBCs: Apply all requested local physical boundary conditions
              CartGrid3D::CartGrid3D_ApplyBC: Apply symmetry boundary conditions
              ReflectionSymmetry::ReflectionSymmetry_Apply: Apply reflection symmetries
            Boundary::Boundary_ClearSelection: [level] Unselect all grid variables for boundary conditions
        GROUP ML_BSSN_ConstraintsInterior_bc_group: ML_BSSN_ConstraintsInterior
          ML_BSSN::ML_BSSN_ConstraintsInterior_SelectBCs: [level] ML_BSSN_ConstraintsInterior_SelectBCs
          GROUP ML_BSSN_ConstraintsInterior_ApplyBCs: Apply BCs for groups set in ML_BSSN_ConstraintsInterior
            GROUP BoundaryConditions: Execute all boundary conditions
              Boundary::Boundary_ApplyPhysicalBCs: Apply all requested local physical boundary conditions
              CartGrid3D::CartGrid3D_ApplyBC: Apply symmetry boundary conditions
              ReflectionSymmetry::ReflectionSymmetry_Apply: Apply reflection symmetries
            Boundary::Boundary_ClearSelection: [level] Unselect all grid variables for boundary conditions
--------------------------------------------------------------------------------
INFO (Carpet): Multi-Model listing:
   model 0: "world"
INFO (Carpet): Multi-Model process distribution:
   process 0: model 0 "world"
INFO (Carpet): Multi-Model: This is process 0, model 0 "world"
INFO (CarpetLib): Process startup time was 0.698 seconds
Current core file size limit: hard=[unlimited], soft=0 MB
Current addres space size limit: hard=[unlimited], soft=[unlimited]
Current data segment size limit: hard=[unlimited], soft=[unlimited]
Current resident set size limit: hard=[unlimited], soft=[unlimited]
INFO (CycleClock): Measuring CycleClock tick via OpenMP...
INFO (CycleClock): Calibrated CycleClock: 0.385177 ns per clock tick (2.59621 GHz)
INFO (Vectors): Using vector size 2 for architecture SSE2 (64-bit precision)
INFO (hwloc): library version 2.10.0, API version 0x20800
--------------------------------------------------------------------------------
AMR driver provided by Carpet
--------------------------------------------------------------------------------
AMR info I/O provided by CarpetIOBasic
--------------------------------------------------------------------------------
ML_BSSN
--------------------------------------------------------------------------------
AMR scalar I/O provided by CarpetIOScalar
--------------------------------------------------------------------------------
MoL: Generalized time integration.
--------------------------------------------------------------------------------
AMR 0D ASCII I/O provided by CarpetIOASCII
--------------------------------------------------------------------------------
AMR 1D ASCII I/O provided by CarpetIOASCII
--------------------------------------------------------------------------------
AMR 2D ASCII I/O provided by CarpetIOASCII
--------------------------------------------------------------------------------
AMR 3D ASCII I/O provided by CarpetIOASCII
--------------------------------------------------------------------------------

INFO (Carpet): MPI is enabled
INFO (Carpet): Carpet is running on 1 processes
INFO (Carpet): This is process 0
INFO (Carpet): OpenMP is enabled
INFO (Carpet): This process contains 1 threads, this is thread 0
INFO (Carpet): There are 1 threads in total
INFO (Carpet): There are 1 threads per process
INFO (Carpet): This process runs on host runnervmtr4k5, pid=178432
INFO (Carpet): This process runs on 4 cores: 0-3
INFO (Carpet): Thread 0 runs on 4 cores: 0-3
INFO (Carpet): This simulation is running in 3 dimensions
INFO (Carpet): Boundary specification for map 0:
   nboundaryzones: [[3,3,3],[3,3,3]]
   is_internal   : [[0,0,0],[0,0,0]]
   is_staggered  : [[0,0,0],[0,0,0]]
   shiftout      : [[0,0,1],[0,0,0]]
INFO (Carpet): CoordBase domain specification for map 0:
   physical extent: [-120,-120,0] : [120,120,120]   ([240,240,120])
   interior extent: [-112,-112,0] : [112,112,112]   ([224,224,112])
   exterior extent: [-136,-136,-24] : [136,136,136]   ([272,272,160])
   base_spacing   : [8,8,8]
INFO (Carpet): Adapted domain specification for map 0:
   convergence factor: 2
   convergence level : 0
   physical extent   : [-120,-120,0] : [120,120,120]   ([240,240,120])
   interior extent   : [-112,-112,0] : [112,112,112]   ([224,224,112])
   exterior extent   : [-136,-136,-24] : [136,136,136]   ([272,272,160])
   spacing           : [8,8,8]
INFO (Carpet): Base grid specification for map 0:
   number of grid points             : [35,35,21]
   number of coarse grid ghost points: [[3,3,3],[3,3,3]]
INFO (Carpet): Buffer zone counts (excluding ghosts):
   [0]: [[0,0,0],[0,0,0]]
   [1]: [[9,9,9],[9,9,9]]
   [2]: [[9,9,9],[9,9,9]]
   [3]: [[9,9,9],[9,9,9]]
   [4]: [[9,9,9],[9,9,9]]
   [5]: [[9,9,9],[9,9,9]]
   [6]: [[9,9,9],[9,9,9]]
   [7]: [[9,9,9],[9,9,9]]
   [8]: [[9,9,9],[9,9,9]]
   [9]: [[9,9,9],[9,9,9]]
INFO (Carpet): Overlap zone counts:
   [0]: [[0,0,0],[0,0,0]]
   [1]: [[0,0,0],[0,0,0]]
   [2]: [[0,0,0],[0,0,0]]
   [3]: [[0,0,0],[0,0,0]]
   [4]: [[0,0,0],[0,0,0]]
   [5]: [[0,0,0],[0,0,0]]
   [6]: [[0,0,0],[0,0,0]]
   [7]: [[0,0,0],[0,0,0]]
   [8]: [[0,0,0],[0,0,0]]
   [9]: [[0,0,0],[0,0,0]]
INFO (Carpet): Group and variable statistics:
INFO (Carpet):    There are 781 grid functions in 57 groups
INFO (Carpet):    There are 400 grid scalars in 47 groups
INFO (Carpet):    There are 81 1-dimensional grid arrays in 7 groups
INFO (Carpet):    There are 7 2-dimensional grid arrays in 2 groups
INFO (Carpet):    There are 0 3-dimensional grid arrays in 0 groups
INFO (Carpet):    (The number of variables counts all time levels)
INFO (CarpetIOASCII): I/O Method 'IOASCII_0D' registered: 0D AMR output of grid variables to ASCII files
INFO (CarpetIOASCII): I/O Method 'IOASCII_1D' registered: 1D AMR output of grid variables to ASCII files
INFO (CarpetIOASCII): Periodic 1D AMR output requested for:
   ADMBASE::gxx
   ADMBASE::gxy
   ADMBASE::gxz
   ADMBASE::gyy
   ADMBASE::gyz
   ADMBASE::gzz
   ADMBASE::kxx
   ADMBASE::kxy
   ADMBASE::kxz
   ADMBASE::kyy
   ADMBASE::kyz
   ADMBASE::kzz
   ADMBASE::alp
   ADMBASE::betax
   ADMBASE::betay
   ADMBASE::betaz
   CARPETREDUCE::weight
INFO (CarpetIOASCII): I/O Method 'IOASCII_2D' registered: 2D AMR output of grid variables to ASCII files
INFO (CarpetIOASCII): I/O Method 'IOASCII_3D' registered: 3D AMR output of grid variables to ASCII files
INFO (CarpetRegrid2): Initialising position of centre 0 to [1.16864,0,0]
INFO (CarpetRegrid2): Initialising position of centre 1 to [-1.16864,0,0]
INFO (CarpetRegrid2): Initialising position of centre 2 to [0,0,0]
WARNING level 1 from host runnervmtr4k5.zs0lwgd0ffeubbsnnt10iv11ka.cx.internal.cloudapp.net process 0
  in thorn ML_BSSN_Helper, file /home/runner/work/tests/tests/master/configs/sim/build/ML_BSSN_Helper/Parameters.c:10:
  -> Forcing ML_BSSN::initial_boundary_condition="extrapolate-gammas" because ML_BSSN::my_initial_boundary_condition="extrapolate-gammas"
WARNING level 1 from host runnervmtr4k5.zs0lwgd0ffeubbsnnt10iv11ka.cx.internal.cloudapp.net process 0
  in thorn ML_BSSN_Helper, file /home/runner/work/tests/tests/master/configs/sim/build/ML_BSSN_Helper/Parameters.c:10:
  -> Forcing ML_BSSN::initial_boundary_condition="extrapolate-gammas" because ML_BSSN::my_initial_boundary_condition="extrapolate-gammas"
WARNING level 1 from host runnervmtr4k5.zs0lwgd0ffeubbsnnt10iv11ka.cx.internal.cloudapp.net process 0
  in thorn ML_BSSN_Helper, file /home/runner/work/tests/tests/master/configs/sim/build/ML_BSSN_Helper/Parameters.c:25:
  -> Forcing ML_BSSN::rhs_boundary_condition="NewRad" because ML_BSSN::my_rhs_boundary_condition="NewRad"
WARNING level 1 from host runnervmtr4k5.zs0lwgd0ffeubbsnnt10iv11ka.cx.internal.cloudapp.net process 0
  in thorn ML_BSSN_Helper, file /home/runner/work/tests/tests/master/configs/sim/build/ML_BSSN_Helper/Parameters.c:25:
  -> Forcing ML_BSSN::rhs_boundary_condition="NewRad" because ML_BSSN::my_rhs_boundary_condition="NewRad"
WARNING level 1 from host runnervmtr4k5.zs0lwgd0ffeubbsnnt10iv11ka.cx.internal.cloudapp.net process 0
  in thorn ML_BSSN_Helper, file /home/runner/work/tests/tests/master/configs/sim/build/ML_BSSN_Helper/Parameters.c:114:
  -> Forcing ML_BSSN::advectLapse=1 because ML_BSSN::LapseAdvectionCoeff=1.0
WARNING level 1 from host runnervmtr4k5.zs0lwgd0ffeubbsnnt10iv11ka.cx.internal.cloudapp.net process 0
  in thorn ML_BSSN_Helper, file /home/runner/work/tests/tests/master/configs/sim/build/ML_BSSN_Helper/Parameters.c:114:
  -> Forcing ML_BSSN::advectLapse=1 because ML_BSSN::LapseAdvectionCoeff=1.0
WARNING level 1 from host runnervmtr4k5.zs0lwgd0ffeubbsnnt10iv11ka.cx.internal.cloudapp.net process 0
  in thorn ML_BSSN_Helper, file /home/runner/work/tests/tests/master/configs/sim/build/ML_BSSN_Helper/Parameters.c:132:
  -> Forcing ML_BSSN::advectShift=1 because ML_BSSN::ShiftAdvectionCoeff=1.0
WARNING level 1 from host runnervmtr4k5.zs0lwgd0ffeubbsnnt10iv11ka.cx.internal.cloudapp.net process 0
  in thorn ML_BSSN_Helper, file /home/runner/work/tests/tests/master/configs/sim/build/ML_BSSN_Helper/Parameters.c:132:
  -> Forcing ML_BSSN::advectShift=1 because ML_BSSN::ShiftAdvectionCoeff=1.0
INFO (MoL): Using Runge-Kutta 4 as the time integrator.
INFO (SymBase): Symmetry on lower z-face: reflection_symmetry
INFO (MoL): The maximum number of evolved variables is 640. 25 are registered.
INFO (MoL): The maximum number of slow evolved variables is 640. 0 are registered.
INFO (MoL): The maximum number of constrained variables is 640. 20 are registered.
INFO (MoL): The maximum number of SandR variables is 640. 0 are registered.
INFO (MoL): The maximum number of evolved array variables is 640. 0 are registered.
INFO (MoL): The maximum number of constrained array variables is 640. 0 are registered.
INFO (MoL): The maximum number of SandR array variables is 640. 0 are registered.
INFO (MoL): The maximum size of any array variables is 0.
WARNING level 1 from host runnervmtr4k5.zs0lwgd0ffeubbsnnt10iv11ka.cx.internal.cloudapp.net process 0
  in thorn ML_BSSN_Helper, file /home/runner/work/tests/tests/master/configs/sim/build/ML_BSSN_Helper/Parameters.c:152:
  -> Parameter ML_BSSN::my_initial_boundary_condition is outdated; please update the parameter file. Do not use this parameter, and set up initial boundary conditions as usual.
WARNING level 1 from host runnervmtr4k5.zs0lwgd0ffeubbsnnt10iv11ka.cx.internal.cloudapp.net process 0
  in thorn ML_BSSN_Helper, file /home/runner/work/tests/tests/master/configs/sim/build/ML_BSSN_Helper/Parameters.c:152:
  -> Parameter ML_BSSN::my_initial_boundary_condition is outdated; please update the parameter file. Do not use this parameter, and set up initial boundary conditions as usual.
WARNING level 1 from host runnervmtr4k5.zs0lwgd0ffeubbsnnt10iv11ka.cx.internal.cloudapp.net process 0
  in thorn ML_BSSN_Helper, file /home/runner/work/tests/tests/master/configs/sim/build/ML_BSSN_Helper/Parameters.c:159:
  -> Parameter ML_BSSN::my_rhs_boundary_condition is outdated; please update the parameter file. Do not use this parameter, and set up RHS boundary conditions as usual.
WARNING level 1 from host runnervmtr4k5.zs0lwgd0ffeubbsnnt10iv11ka.cx.internal.cloudapp.net process 0
  in thorn ML_BSSN_Helper, file /home/runner/work/tests/tests/master/configs/sim/build/ML_BSSN_Helper/Parameters.c:159:
  -> Parameter ML_BSSN::my_rhs_boundary_condition is outdated; please update the parameter file. Do not use this parameter, and set up RHS boundary conditions as usual.
WARNING level 1 from host runnervmtr4k5.zs0lwgd0ffeubbsnnt10iv11ka.cx.internal.cloudapp.net process 0
  in thorn ML_BSSN_Helper, file /home/runner/work/tests/tests/master/configs/sim/build/ML_BSSN_Helper/Parameters.c:193:
  -> Parameter ML_BSSN::LapseAdvectionCoeff is outdated; please update the parameter file. Instead of using this parameter, you should set ML_BSSN::advectLapse.
WARNING level 1 from host runnervmtr4k5.zs0lwgd0ffeubbsnnt10iv11ka.cx.internal.cloudapp.net process 0
  in thorn ML_BSSN_Helper, file /home/runner/work/tests/tests/master/configs/sim/build/ML_BSSN_Helper/Parameters.c:193:
  -> Parameter ML_BSSN::LapseAdvectionCoeff is outdated; please update the parameter file. Instead of using this parameter, you should set ML_BSSN::advectLapse.
WARNING level 1 from host runnervmtr4k5.zs0lwgd0ffeubbsnnt10iv11ka.cx.internal.cloudapp.net process 0
  in thorn ML_BSSN_Helper, file /home/runner/work/tests/tests/master/configs/sim/build/ML_BSSN_Helper/Parameters.c:199:
  -> Parameter ML_BSSN::ShiftAdvectionCoeff is outdated; please update the parameter file. Instead of using this parameter, you should set ML_BSSN::advectShift.
WARNING level 1 from host runnervmtr4k5.zs0lwgd0ffeubbsnnt10iv11ka.cx.internal.cloudapp.net process 0
  in thorn ML_BSSN_Helper, file /home/runner/work/tests/tests/master/configs/sim/build/ML_BSSN_Helper/Parameters.c:199:
  -> Parameter ML_BSSN::ShiftAdvectionCoeff is outdated; please update the parameter file. Instead of using this parameter, you should set ML_BSSN::advectShift.
INFO (Vectors): Testing vectorisation... [errors may result in segfaults]
INFO (Vectors): 375/375 tests passed 
INFO (CarpetRegrid2): Centre 1 is at position [1.16864,0,0] with 1 levels
INFO (CarpetRegrid2): Centre 2 is at position [-1.16864,0,0] with 1 levels
INFO (CarpetRegrid2): Centre 3 is not active
INFO (CarpetRegrid2): Regridding level 0 map 0 at iteration 0 time 0
INFO (CarpetRegrid2): Regridding levels 1 and up
INFO (Carpet): Grid structure (superregions, grid points):
   [0][0][0]   exterior: [0,0,0] : [34,34,20]   ([35,35,21] + PADDING) 25725
INFO (Carpet): Grid structure (superregions, coordinates):
   [0][0][0]   exterior: [-136,-136,-24] : [136,136,136] : [8,8,8]
INFO (Carpet): Global grid structure statistics:
INFO (Carpet): GF: rhs: 13k active, 13k owned (+0%), 26k total (+104%), 1 steps/time
INFO (Carpet): GF: vars: 195, pts: 2M active, 2M owned (+0%), 5M total (+104%), 1.0 comp/proc
INFO (Carpet): GA: vars: 483, pts: 0M active, 0M total (+0%)
INFO (Carpet): Total required memory: 0.040 GByte (for GAs and currently active GFs)
INFO (Carpet): Load balance:  min     avg     max     sdv     max/avg-1
INFO (Carpet): Level  0:       2M      2M      2M      0M owned      0%
INFO (CartGrid3D): Grid Spacings:
INFO (CartGrid3D): dx=>8.0000000e+00  dy=>8.0000000e+00  dz=>8.0000000e+00
INFO (CartGrid3D): Computational Coordinates:
INFO (CartGrid3D): x=>[-136.000,136.000]  y=>[-136.000,136.000]  z=>[-24.000,136.000]
INFO (CartGrid3D): Indices of Physical Coordinates:
INFO (CartGrid3D): x=>[0,34]  y=>[0,34]  z=>[0,20]
INFO (Time): Timestep set to 2 (courant_static)
INFO (TwoPunctures): Solving puncture equation for BH-BH system
INFO (TwoPunctures): b = 1.16864
Newton: it=0 	 |F|=9.959141e-02
bare mass: mp=0.453 	 mm=0.453
bicgstab:  itmax 100, tol 9.959141e-05
bicgstab:     0   6.022e-01
bicgstab:     1   2.550e-01   9.887e-01   0.000e+00   4.456e-01
bicgstab:     2   1.822e-01  -6.113e-01   2.959e-04   5.557e-01
bicgstab:     3   4.441e-03  -8.371e-01  -3.643e+00   5.734e-01
bicgstab:     4   1.967e-04   5.457e-01   4.808e-02   4.592e-01
bicgstab:     5   5.067e-05   4.421e-01  -3.855e-02   4.592e-01
Newton: it=1 	 |F|=1.394720e-03
bare mass: mp=0.453 	 mm=0.453
bicgstab:  itmax 100, tol 1.394720e-06
bicgstab:     0   7.631e-03
bicgstab:     1   3.082e-03   9.902e-01   0.000e+00   4.475e-01
bicgstab:     2   1.331e-04   3.852e-01  -7.399e-03   8.710e-01
bicgstab:     3   2.474e-05   1.357e+00  -4.842e-02   4.612e-01
bicgstab:     4   6.630e-07   4.321e-01  -3.723e-01   7.104e-01
Newton: it=2 	 |F|=2.006073e-07
bare mass: mp=0.453 	 mm=0.453
bicgstab:  itmax 100, tol 2.006073e-10
bicgstab:     0   1.264e-06
bicgstab:     1   4.702e-07   5.534e-01   0.000e+00   6.308e-01
bicgstab:     2   2.489e-08   8.769e-01   2.145e-01   6.475e-01
bicgstab:     3   1.699e-09   6.248e-01  -9.421e-02   6.467e-01
bicgstab:     4   2.094e-10   6.121e-01   1.198e-02   5.528e-01
bicgstab:     5   4.166e-11   6.449e-01   5.107e-02   5.528e-01
Newton: it=3 	 |F|=7.247297e-12 
INFO (TwoPunctures): The two puncture masses are mp=0.45300000000000001 and mm=0.45300000000000001
INFO (TwoPunctures): Puncture 1 ADM mass is 0.516817
INFO (TwoPunctures): Puncture 2 ADM mass is 0.516817
INFO (TwoPunctures): The total ADM mass is 1.00788
INFO (TwoPunctures): Interpolating result
INFO (Carpet): There are not enough time levels for the desired temporal prolongation order in the grid function group "EXTRACT::TEMPS".  With Carpet::prolongation_order_time=2, you need at least 3 time levels.
WARNING level 2 from host runnervmtr4k5.zs0lwgd0ffeubbsnnt10iv11ka.cx.internal.cloudapp.net process 0
  in thorn Carpet, file /home/runner/work/tests/tests/master/configs/sim/build/Carpet/Comm.cc:103:
  -> Synchronising group "EXTRACT::TEMPS" in local mode
WARNING level 2 from host runnervmtr4k5.zs0lwgd0ffeubbsnnt10iv11ka.cx.internal.cloudapp.net process 0
  in thorn Carpet, file /home/runner/work/tests/tests/master/configs/sim/build/Carpet/Comm.cc:103:
  -> Synchronising group "EXTRACT::TEMPS" in local mode
WARNING level 2 from host runnervmtr4k5.zs0lwgd0ffeubbsnnt10iv11ka.cx.internal.cloudapp.net process 0
  in thorn Carpet, file /home/runner/work/tests/tests/master/configs/sim/build/Carpet/Comm.cc:103:
  -> Synchronising group "EXTRACT::TEMPS" in local mode
WARNING level 2 from host runnervmtr4k5.zs0lwgd0ffeubbsnnt10iv11ka.cx.internal.cloudapp.net process 0
  in thorn Carpet, file /home/runner/work/tests/tests/master/configs/sim/build/Carpet/Comm.cc:103:
  -> Synchronising group "EXTRACT::TEMPS" in local mode
WARNING level 2 from host runnervmtr4k5.zs0lwgd0ffeubbsnnt10iv11ka.cx.internal.cloudapp.net process 0
  in thorn Carpet, file /home/runner/work/tests/tests/master/configs/sim/build/Carpet/Comm.cc:103:
  -> Synchronising group "EXTRACT::TEMPS" in local mode
WARNING level 2 from host runnervmtr4k5.zs0lwgd0ffeubbsnnt10iv11ka.cx.internal.cloudapp.net process 0
  in thorn Carpet, file /home/runner/work/tests/tests/master/configs/sim/build/Carpet/Comm.cc:103:
  -> Synchronising group "EXTRACT::TEMPS" in local mode
WARNING level 2 from host runnervmtr4k5.zs0lwgd0ffeubbsnnt10iv11ka.cx.internal.cloudapp.net process 0
  in thorn Carpet, file /home/runner/work/tests/tests/master/configs/sim/build/Carpet/Comm.cc:103:
  -> Synchronising group "EXTRACT::TEMPS" in local mode
WARNING level 2 from host runnervmtr4k5.zs0lwgd0ffeubbsnnt10iv11ka.cx.internal.cloudapp.net process 0
  in thorn Carpet, file /home/runner/work/tests/tests/master/configs/sim/build/Carpet/Comm.cc:103:
  -> Synchronising group "EXTRACT::TEMPS" in local mode
WARNING level 2 from host runnervmtr4k5.zs0lwgd0ffeubbsnnt10iv11ka.cx.internal.cloudapp.net process 0
  in thorn Carpet, file /home/runner/work/tests/tests/master/configs/sim/build/Carpet/Comm.cc:103:
  -> Synchronising group "EXTRACT::TEMPS" in local mode
WARNING level 2 from host runnervmtr4k5.zs0lwgd0ffeubbsnnt10iv11ka.cx.internal.cloudapp.net process 0
  in thorn Carpet, file /home/runner/work/tests/tests/master/configs/sim/build/Carpet/Comm.cc:103:
  -> Synchronising group "EXTRACT::TEMPS" in local mode
WARNING level 2 from host runnervmtr4k5.zs0lwgd0ffeubbsnnt10iv11ka.cx.internal.cloudapp.net process 0
  in thorn Carpet, file /home/runner/work/tests/tests/master/configs/sim/build/Carpet/Comm.cc:103:
  -> Synchronising group "EXTRACT::TEMPS" in local mode
WARNING level 2 from host runnervmtr4k5.zs0lwgd0ffeubbsnnt10iv11ka.cx.internal.cloudapp.net process 0
  in thorn Carpet, file /home/runner/work/tests/tests/master/configs/sim/build/Carpet/Comm.cc:103:
  -> Synchronising group "EXTRACT::TEMPS" in local mode
WARNING level 2 from host runnervmtr4k5.zs0lwgd0ffeubbsnnt10iv11ka.cx.internal.cloudapp.net process 0
  in thorn Carpet, file /home/runner/work/tests/tests/master/configs/sim/build/Carpet/Comm.cc:103:
  -> Synchronising group "EXTRACT::TEMPS" in local mode
WARNING level 2 from host runnervmtr4k5.zs0lwgd0ffeubbsnnt10iv11ka.cx.internal.cloudapp.net process 0
  in thorn Carpet, file /home/runner/work/tests/tests/master/configs/sim/build/Carpet/Comm.cc:103:
  -> Synchronising group "EXTRACT::TEMPS" in local mode
WARNING level 2 from host runnervmtr4k5.zs0lwgd0ffeubbsnnt10iv11ka.cx.internal.cloudapp.net process 0
  in thorn Carpet, file /home/runner/work/tests/tests/master/configs/sim/build/Carpet/Comm.cc:103:
  -> Synchronising group "EXTRACT::TEMPS" in local mode
WARNING level 2 from host runnervmtr4k5.zs0lwgd0ffeubbsnnt10iv11ka.cx.internal.cloudapp.net process 0
  in thorn Carpet, file /home/runner/work/tests/tests/master/configs/sim/build/Carpet/Comm.cc:103:
  -> Synchronising group "EXTRACT::TEMPS" in local mode
WARNING level 2 from host runnervmtr4k5.zs0lwgd0ffeubbsnnt10iv11ka.cx.internal.cloudapp.net process 0
  in thorn Carpet, file /home/runner/work/tests/tests/master/configs/sim/build/Carpet/Comm.cc:103:
  -> Synchronising group "EXTRACT::TEMPS" in local mode
WARNING level 2 from host runnervmtr4k5.zs0lwgd0ffeubbsnnt10iv11ka.cx.internal.cloudapp.net process 0
  in thorn Carpet, file /home/runner/work/tests/tests/master/configs/sim/build/Carpet/Comm.cc:103:
  -> Synchronising group "EXTRACT::TEMPS" in local mode
WARNING level 2 from host runnervmtr4k5.zs0lwgd0ffeubbsnnt10iv11ka.cx.internal.cloudapp.net process 0
  in thorn Carpet, file /home/runner/work/tests/tests/master/configs/sim/build/Carpet/Comm.cc:103:
  -> Synchronising group "EXTRACT::TEMPS" in local mode
WARNING level 2 from host runnervmtr4k5.zs0lwgd0ffeubbsnnt10iv11ka.cx.internal.cloudapp.net process 0
  in thorn Carpet, file /home/runner/work/tests/tests/master/configs/sim/build/Carpet/Comm.cc:103:
  -> Synchronising group "EXTRACT::TEMPS" in local mode
WARNING level 2 from host runnervmtr4k5.zs0lwgd0ffeubbsnnt10iv11ka.cx.internal.cloudapp.net process 0
  in thorn Carpet, file /home/runner/work/tests/tests/master/configs/sim/build/Carpet/Comm.cc:103:
  -> Synchronising group "EXTRACT::TEMPS" in local mode
WARNING level 2 from host runnervmtr4k5.zs0lwgd0ffeubbsnnt10iv11ka.cx.internal.cloudapp.net process 0
  in thorn Carpet, file /home/runner/work/tests/tests/master/configs/sim/build/Carpet/Comm.cc:103:
  -> Synchronising group "EXTRACT::TEMPS" in local mode
WARNING level 2 from host runnervmtr4k5.zs0lwgd0ffeubbsnnt10iv11ka.cx.internal.cloudapp.net process 0
  in thorn Carpet, file /home/runner/work/tests/tests/master/configs/sim/build/Carpet/Comm.cc:103:
  -> Synchronising group "EXTRACT::TEMPS" in local mode
WARNING level 2 from host runnervmtr4k5.zs0lwgd0ffeubbsnnt10iv11ka.cx.internal.cloudapp.net process 0
  in thorn Carpet, file /home/runner/work/tests/tests/master/configs/sim/build/Carpet/Comm.cc:103:
  -> Synchronising group "EXTRACT::TEMPS" in local mode
WARNING level 2 from host runnervmtr4k5.zs0lwgd0ffeubbsnnt10iv11ka.cx.internal.cloudapp.net process 0
  in thorn Carpet, file /home/runner/work/tests/tests/master/configs/sim/build/Carpet/Comm.cc:103:
  -> Synchronising group "EXTRACT::TEMPS" in local mode
WARNING level 2 from host runnervmtr4k5.zs0lwgd0ffeubbsnnt10iv11ka.cx.internal.cloudapp.net process 0
  in thorn Carpet, file /home/runner/work/tests/tests/master/configs/sim/build/Carpet/Comm.cc:103:
  -> Synchronising group "EXTRACT::TEMPS" in local mode
Memory statistics from CarpetLib:
   Current number of objects: 331
   Current allocated memory:  40.2 MB
   Maximum number of objects: 333
   Maximum allocated memory:  40.6 MB
   Current administrative memory: 0.811 MB
   Total allocated used system memory: 13 MB
   Total allocated free system memory: 1.64 MB
   gh::allmemory:    38784
   dh::allmemory:    511840
   th::allmemory:    12168
   ggf::allmemory:   210584
   gdata::allmemory: 38016
----------------------------------
Iteration      Time | *me_per_hour
                    |             
----------------------------------
        0     0.000 |    0.0000000
# Carpet timing information at iteration 0 time 0:
# 1: timer name 2: gettimeofday [secs] 3: getrusage [secs] 4: cycle [secs] 5: cycle[avg] [secs] 6: cycle[sdv] [secs] 7: cycle[min] [secs] 8: cycle[max] [secs]
main: 2.09348 1.97538 5.43497e+09 5.43497e+09 0 5.43497e+09 5.43497e+09
meta mode: 2.09348 1.97539 5.43499e+09 5.43499e+09 0 5.43499e+09 5.43499e+09
main/CarpetStartup: 0.02786 0.021893 7.23275e+07 7.23275e+07 0 7.23275e+07 7.23275e+07
main/CarpetStartup/AllocateGridHierarchy: 6e-06 6e-06 15990 15990 0 15990 15990
main/CarpetStartup/CarpetLib::gh::regrid: 0.026519 0.020711 6.88367e+07 1.20766e+06 995533 1.15544e+06 2.18275e+06
main/CarpetStartup/CarpetLib::dh::regrid: 8.1e-05 5.9e-05 194350 3409.65 3869.62 3120 7098
main/Initialise/CallInitial/Poison: 0.002259 0.001266 5.86466e+06 5.86466e+06 0 5.86466e+06 5.86466e+06
main/Initialise/CallInitial/CCTK_BASEGRID/CallFunction/thorns: 0.001386 0.000968 3.60464e+06 144186 1.14013e+06 16146 941330
main/CarpetStartup/CarpetLib::gh::regrid/CarpetLib::dh::regrid/region: 0.002171 0.001738 5.67346e+06 99534.4 389386 90818 484510
main/Initialise/CallInitial/CallRegridInitialMeta/Regrid/RegridMap/CarpetLib::gh::regrid/CarpetLib::dh::regrid/region: 0.000193 0.000169 500812 500812 0 500812 500812
main/CarpetStartup/CarpetLib::gh::regrid/CarpetLib::dh::regrid/test: 0.006012 0.004722 1.56274e+07 274165 138624 258232 395018
main/CarpetStartup/CarpetLib::gh::regrid/CarpetLib::dh::regrid/domain: 0.00076 0.000596 1.98541e+06 34831.8 95617 30498 119808
main/Initialise/CallInitial/CallRegridInitialMeta/Regrid/RegridMap/CarpetLib::gh::regrid/CarpetLib::dh::regrid/domain: 6.5e-05 5.6e-05 168792 168792 0 168792 168792
main/CarpetStartup/CarpetLib::gh::regrid/CarpetLib::dh::regrid/comm/refrest: 5.9e-05 4.9e-05 158184 2775.16 672.517 2730 3328
main/CarpetStartup/CarpetLib::gh::regrid/CarpetLib::dh::regrid/comm/mgprol: 5.8e-05 4.5e-05 157846 2769.23 707.394 2730 3458
main/CarpetStartup/CarpetLib::dh::recompose: 6.1e-05 4.9e-05 165204 2898.32 494.828 2860 3302
main/CarpetStartup/CarpetLib::gh::regrid/CarpetLib::dh::regrid/buffers: 0.00952 0.007501 2.47658e+07 434487 160677 417326 525382
main/CarpetStartup/CarpetLib::gh::regrid/CarpetLib::dh::regrid: 0.026327 0.02057 6.83335e+07 1.19883e+06 987203 1.14683e+06 2.16536e+06
main/CarpetStartup/CarpetLib::gh::regrid/CarpetLib::dh::regrid/bcast_comm: 0.00521 0.003933 1.35171e+07 237142 134342 230360 358956
main/CarpetStartup/CarpetLib::gh::regrid/CarpetLib::dh::regrid/comm/sync: 6.5e-05 4.7e-05 161018 2824.88 594.589 2756 3302
main/CarpetStartup/CarpetLib::gh::regrid/CarpetLib::dh::regrid/mask: 0.000306 0.000244 797914 13998.5 41479.4 7488 48906
main/CarpetStartup/CarpetLib::gh::regrid/CarpetLib::dh::regrid/bcast_boxes: 0.000119 9.6e-05 307346 5392.04 46988.2 3978 51870
main/CarpetStartup/CarpetLib::gh::regrid/CarpetLib::dh::regrid/unusedpoints_mask: 6.8e-05 5.1e-05 172796 3031.51 1081.96 2938 3770
main/CarpetStartup/CarpetLib::gh::regrid/CarpetLib::dh::regrid/bcast_comm/ref_bnd_prol: 0.000459 0.000353 1.19727e+06 21004.8 13220.3 20280 33254
main/CarpetStartup/CarpetLib::gh::regrid/CarpetLib::dh::regrid/bcast_comm/ref_prol/CarpetLib::dh::bs3: 7.4e-05 5e-05 166244 2916.56 879.494 2834 3562
main/CarpetStartup/CarpetLib::gh::regrid/CarpetLib::dh::regrid/comm: 0.000966 0.00076 2.50232e+06 43900.3 32880.6 42770 76180
main/CarpetStartup/CarpetLib::gh::regrid/CarpetLib::dh::regrid/bcast_comm/ref_prol: 0.000487 0.000376 1.27299e+06 22333.1 39649.5 20566 53482
main/CarpetStartup/CarpetLib::gh::regrid/CarpetLib::dh::regrid/bcast_comm/sync: 0.00047 0.000355 1.22359e+06 21466.4 25924 20410 43576
main/CarpetStartup/CarpetLib::gh::regrid/CarpetLib::dh::regrid/bcast_comm/ref_prol/CarpetLib::dh::bs1: 6.3e-05 5e-05 172796 3031.51 958.028 2886 3354
main/Initialise/CallInitial/CallRegridInitialMeta/Regrid/RegridMap/CarpetLib::gh::regrid/CarpetLib::dh::regrid/bcast_comm/ref_prol/CarpetLib::dh::bs1: 2e-06 1e-06 3458 3458 0 3458 3458
main/Initialise/CallInitial/CallRegridInitialMeta/Regrid/RegridMap/CarpetLib::gh::regrid/CarpetLib::dh::regrid/bcast_comm/sync: 1.9e-05 1.6e-05 47346 47346 0 47346 47346
main/Initialise/CallInitial/CallRegridInitialMeta/Regrid/RegridMap/CarpetLib::gh::regrid/CarpetLib::dh::regrid/comm/mgrest: 1e-06 1e-06 3042 3042 0 3042 3042
main/Initialise/CallInitial/CallRegridInitialMeta/Regrid/RegridMap/CarpetLib::gh::regrid/CarpetLib::dh::regrid/comm/mgprol: 2e-06 1e-06 2808 2808 0 2808 2808
main/Initialise/CallInitial/CallRegridInitialMeta/Regrid/RegridMap/CarpetLib::gh::regrid/CarpetLib::dh::regrid/comm/refprol: 1e-06 1e-06 2756 2756 0 2756 2756
main/Initialise/CallInitial/CallRegridInitialMeta/Regrid/RegridMap/CarpetLib::gh::regrid/CarpetLib::dh::regrid/comm/sync: 1e-06 2e-06 3276 3276 0 3276 3276
main/Initialise/CallInitial/CallRegridInitialMeta/Regrid/RegridMap/CarpetLib::gh::regrid/CarpetLib::dh::regrid/comm/refbndprol: 1e-06 0 2782 2782 0 2782 2782
main/CarpetStartup/CarpetLib::gh::regrid/CarpetLib::dh::regrid/bcast_comm/ref_prol/CarpetLib::dh::bs2: 9.2e-05 7.4e-05 227396 3989.4 15099.8 3198 18668
main/CarpetStartup/CarpetLib::gh::regrid/CarpetLib::dh::regrid/bcast_comm/sync/CarpetLib::dh::bs1: 6.5e-05 4.6e-05 187460 3288.77 20871.7 2860 23972
main/CarpetStartup/CarpetLib::gh::regrid/CarpetLib::dh::regrid/bcast_comm/sync/CarpetLib::dh::bs2: 8.2e-05 6.2e-05 198328 3479.44 1274.33 3172 3874
main/CarpetStartup/CarpetLib::gh::regrid/CarpetLib::dh::regrid/bcast_comm/sync/CarpetLib::dh::bs3: 6.1e-05 4.7e-05 168454 2955.33 258.261 2912 3094
main/CarpetStartup/CarpetLib::gh::regrid/CarpetLib::dh::regrid/bcast_comm/ref_refl_prol: 0.0024 0.001812 6.22762e+06 109257 30136.4 107874 135642
main/CarpetStartup/CarpetLib::gh::regrid/CarpetLib::dh::regrid/bcast_comm/ref_bnd_prol/CarpetLib::dh::bs1: 6.3e-05 4.9e-05 166270 2917.02 496.646 2860 3224
main/CarpetStartup/CarpetLib::gh::regrid/CarpetLib::dh::regrid/bcast_comm/ref_bnd_prol/CarpetLib::dh::bs2: 8e-05 6.4e-05 192946 3385.02 1608.41 3172 4732
main/CarpetStartup/CarpetLib::gh::regrid/CarpetLib::dh::regrid/bcast_comm/old2new_sync: 0.000464 0.000343 1.20801e+06 21193.2 28039.8 20202 45188
main/CarpetStartup/CarpetLib::gh::regrid/CarpetLib::dh::regrid/bcast_comm/ref_refl_prol/CarpetLib::dh::bs1: 0.000386 0.000289 1.01423e+06 2965.6 25809.2 2860 28730
main/CarpetStartup/CarpetLib::gh::regrid/CarpetLib::dh::regrid/bcast_comm/ref_bnd_prol/CarpetLib::dh::bs3: 6.1e-05 5.1e-05 165516 2903.79 1629.58 2834 4498
main/CarpetStartup/CarpetLib::gh::regrid/CarpetLib::dh::regrid/bcast_comm/ref_refl_prol/CarpetLib::dh::bs3: 0.000374 0.000291 980850 2867.98 520.496 2834 3120
main/CarpetStartup/CarpetLib::gh::regrid/CarpetLib::dh::regrid/bcast_comm/ref_refl_prol/CarpetLib::dh::bs2: 0.000428 0.000324 1.10217e+06 3222.71 1690.63 3120 3718
main/CarpetStartup/CarpetLib::gh::regrid/CarpetLib::dh::regrid/bcast_comm/old2new_sync/CarpetLib::dh::bs2: 8.4e-05 5.4e-05 184184 3231.3 1416.35 3146 4316
main/CarpetStartup/CarpetLib::gh::regrid/CarpetLib::dh::regrid/bcast_comm/old2new_sync/CarpetLib::dh::bs3: 6e-05 4.7e-05 164450 2885.09 843.27 2834 3692
main/CarpetStartup/CarpetLib::gh::regrid/CarpetLib::dh::regrid/bcast_comm/old2new_sync/CarpetLib::dh::bs1: 6.4e-05 4.8e-05 166920 2928.42 675.631 2860 3484
main/CarpetStartup/CarpetLib::gh::regrid/CarpetLib::dh::regrid/bcast_comm/old2new_ref_prol/CarpetLib::dh::bs1: 6.4e-05 4.7e-05 189046 3316.6 23149.1 2860 26260
main/CarpetStartup/CarpetLib::gh::regrid/CarpetLib::dh::regrid/bcast_comm/old2new_ref_prol/CarpetLib::dh::bs2: 7.2e-05 5.6e-05 183196 3213.96 919.793 3120 3900
main/CarpetStartup/CarpetLib::gh::regrid/CarpetLib::dh::regrid/bcast_comm/old2new_ref_prol: 0.000468 0.000347 1.21269e+06 21275.3 27195.7 20410 45136
main/CarpetStartup/CarpetLib::gh::regrid/CarpetLib::dh::regrid/bcast_comm/old2new_ref_prol/CarpetLib::dh::bs3: 6.5e-05 5.2e-05 165230 2898.77 787.008 2834 3588
main/CarpetStartup/CarpetLib::gh::regrid/CarpetLib::dh::regrid/comm/refprol: 5.9e-05 4.7e-05 156312 2742.32 104.682 2730 2782
main/CarpetStartup/CarpetLib::gh::regrid/CarpetLib::dh::regrid/comm/refbndprol: 6.3e-05 5.1e-05 157612 2765.12 361.187 2730 3042
main/CarpetStartup/CarpetLib::gh::regrid/CarpetLib::dh::regrid/comm/reflux: 6e-05 4.6e-05 158470 2780.18 251.703 2756 2938
main/CarpetStartup/CarpetLib::gh::regrid/CarpetLib::dh::regrid/comm/mgrest: 6.2e-05 4.8e-05 159146 2792.04 420.452 2756 3068
main/CarpetStartup/CheckRegions: 1e-06 1e-06 3354 3354 0 3354 3354
meta mode/meta mode/global mode: 2.03661 1.95081 5.28734e+09 2.78281e+08 4.9736e+09 19812 5.11725e+09
meta mode/meta mode/global mode/leave_level_mode: 0.000102 8.2e-05 301808 5115.39 30072 4134 34528
meta mode/meta mode/global mode/level(0)/leave_local_mode: 0.000361 0.000228 943176 6549.83 60854.5 2834 49036
meta mode/meta mode/global mode/level(0)/leave_singlemap_mode: 0.000226 0.00012 583648 3943.57 10481.1 2834 6318
meta mode/meta mode/leave_global_mode: 0.000103 7.2e-05 273728 14406.7 37669.8 8086 33332
meta mode/meta mode: 2.06558 1.95344 5.36254e+09 5.36254e+09 0 5.36254e+09 5.36254e+09
meta mode/meta mode/global mode/level(0): 2.03428 1.94943 5.2813e+09 8.95136e+07 5.01682e+09 21138 5.06139e+09
main/Initialise/CarpetLib::ggf::recompose_crop: 0.000782 2.6e-05 1.88534e+06 3307.61 18975 2834 17654
main/Initialise/CarpetLib::ggf::recompose_allocate: 0.000771 1.9e-05 2.05397e+06 3603.46 46703.8 3172 31304
main/Initialise: 2.06502 1.95289 5.36108e+09 5.36108e+09 0 5.36108e+09 5.36108e+09
main/Initialise/dh::recompose_free_old: 0.000648 1.9e-05 1.68459e+06 2955.42 9623.44 2860 8918
main/Initialise/CallSetup/Poison: 0.000553 0 1.43684e+06 1.43684e+06 0 1.43684e+06 1.43684e+06
meta mode/meta mode/enter_global_mode: 0.00062 0.000354 1.61834e+06 89908 234919 48750 203684
meta mode/meta mode/global mode/enter_level_mode: 0.0001 7.3e-05 272662 4701.07 6925.13 4186 10686
main/Initialise/CallSetup: 0.001931 0 5.01108e+06 5.01108e+06 0 5.01108e+06 5.01108e+06
meta mode/meta mode/global mode/level(0)/enter_local_mode: 0.000798 0.000547 2.04633e+06 14310 136447 2834 82368
main/Initialise/CallSetup/CCTK_WRAGH/CallFunction: 0.000716 0 1.85669e+06 103149 472769 22074 491244
main/Initialise/CallSetup/CCTK_WRAGH: 0.000835 0 2.16731e+06 2.16731e+06 0 2.16731e+06 2.16731e+06
meta mode/meta mode/global mode/level(0)/enter_singlemap_mode: 0.000242 0.000136 647140 4402.31 40904.4 2860 33696
main/Initialise/CallSetup/CCTK_WRAGH/CallFunction/thorns/Einstein_InitSymBound: 1.6e-05 0 39936 39936 0 39936 39936
main/Initialise/CallSetup/CCTK_WRAGH/CallFunction/thorns/Boundary_RegisterBCs: 6e-06 0 16120 16120 0 16120 16120
main/Initialise/CallSetup/CCTK_WRAGH/CallFunction/thorns: 0.000456 0 1.18414e+06 65785.8 372761 15574 399204
main/Initialise/CallSetup/CCTK_WRAGH/CallFunction/thorns/CarpetRegrid2_Initialise: 1.8e-05 0 48022 48022 0 48022 48022
main/Initialise/CallSetup/CCTK_WRAGH/CallFunction/thorns/RegisterCartGrid3DCoords: 2.7e-05 0 71708 71708 0 71708 71708
main/Initialise/CallSetup/CCTK_WRAGH/CallFunction/thorns/Einstein_ActivateSlicing: 4e-06 0 10920 10920 0 10920 10920
main/Initialise/CallSetup/CCTK_WRAGH/CallFunction/thorns/Einstein_SetNextSlicing: 2e-06 0 4966 4966 0 4966 4966
main/Initialise/CallSetup/CCTK_WRAGH/CallFunction/thorns/MoL_SetupIndexArrays: 2.9e-05 0 76466 76466 0 76466 76466
main/Initialise/CallSetup/CCTK_WRAGH/CallFunction/thorns/ML_BSSN_ParamCompat: 0.000146 0 381706 381706 0 381706 381706
main/Initialise/CallSetup/CCTK_WRAGH/CallFunction/thorns/ML_BSSN_RegisterVars: 5.2e-05 0 134862 134862 0 134862 134862
main/Initialise/CallInitial/CallRegridInitialMeta/Regrid/RegridMap/CarpetLib::gh::regrid: 0.000902 0.000782 2.34211e+06 2.34211e+06 0 2.34211e+06 2.34211e+06
main/Initialise/CallSetup/CCTK_WRAGH/CallFunction/thorns/TmunuBase_SetStressEnergyState: 5e-06 0 14560 14560 0 14560 14560
main/Initialise/CallSetup/CCTK_WRAGH/CallFunction/thorns/ML_BSSN_RegisterConstrained: 5e-06 0 13650 13650 0 13650 13650
main/Initialise/CallSetup/CCTK_WRAGH/CallFunction/thorns/Slab_InitTimers: 1.5e-05 0 38116 38116 0 38116 38116
main/Initialise/CallSetup/CCTK_WRAGH/CallFunction/thorns/MoL_SetScheduleStatus: 2e-06 0 3848 3848 0 3848 3848
main/Initialise/CallSetup/CCTK_WRAGH/CallFunction/thorns/CartGrid3D_RegisterSymmetryBoundaries: 5e-06 0 13650 13650 0 13650 13650
main/Initialise/CallSetup/CCTK_WRAGH/CallFunction/thorns/ML_BSSN_RegisterSymmetries: 2.7e-05 0 68562 68562 0 68562 68562
main/Initialise/CallSetup/CCTK_WRAGH/CallFunction/thorns/ReflectionSymmetry_Register: 4e-06 0 11492 11492 0 11492 11492
main/Initialise/CallSetup/CCTK_WRAGH/CallFunction/thorns/SymBase_Statistics: 3e-06 0 7618 7618 0 7618 7618
main/Initialise/CallSetup/CCTK_WRAGH/CallFunction/thorns/MoL_ReportNumberVariables: 3e-06 0 9438 9438 0 9438 9438
main/Initialise/CallSetup/CCTK_PARAMCHECK: 0.000414 0 1.07424e+06 1.07424e+06 0 1.07424e+06 1.07424e+06
main/Initialise/CallSetup/CCTK_PARAMCHECK/CallFunction: 0.00032 0 828334 51770.9 215397 20696 199966
main/Initialise/CallSetup/CCTK_PARAMCHECK/CallFunction/thorns: 0.000245 0 601770 37610.6 162738 14274 165802
main/Initialise/CallSetup/CCTK_PARAMCHECK/CallFunction/thorns/ADMBase_ParamCheck: 1e-06 0 4212 4212 0 4212 4212
main/Initialise/CallSetup/CCTK_PARAMCHECK/CallFunction/thorns/Boundary_Check: 2e-06 0 3640 3640 0 3640 3640
main/Initialise/CallSetup/CCTK_PARAMCHECK/CallFunction/thorns/CarpetLib_test_prolongate_3d_rf2: 1.4e-05 0 36322 36322 0 36322 36322
main/Initialise/CallSetup/CCTK_PARAMCHECK/CallFunction/thorns/CarpetSurfaceParamCheck: 2e-06 0 4212 4212 0 4212 4212
main/Initialise/CallSetup/CCTK_PARAMCHECK/CallFunction/thorns/CarpetRegrid2_ParamCheck: 1.1e-05 0 30056 30056 0 30056 30056
main/Initialise/CallSetup/CCTK_PARAMCHECK/CallFunction/thorns/CarpetParamCheck: 9e-06 0 25298 25298 0 25298 25298
main/Initialise/CallSetup/CCTK_PARAMCHECK/CallFunction/thorns/dissipation_paramcheck: 2e-06 0 4394 4394 0 4394 4394
main/Initialise/CallSetup/CCTK_PARAMCHECK/CallFunction/thorns/Extract_ParamCheck: 2e-06 0 4472 4472 0 4472 4472
main/Initialise/CallSetup/CCTK_PARAMCHECK/CallFunction/thorns/CheckFortranParameters: 2e-06 0 4758 4758 0 4758 4758
main/Initialise/CallSetup/CCTK_PARAMCHECK/CallFunction/thorns/ML_BSSN_ParamCheck: 3.5e-05 0 92352 92352 0 92352 92352
main/Initialise/CallSetup/CCTK_PARAMCHECK/CallFunction/thorns/ParamCheck_CartGrid3D: 3e-06 0 9568 9568 0 9568 9568
main/Initialise/CallSetup/CCTK_PARAMCHECK/CallFunction/thorns/MoL_ParamCheck: 2e-06 0 5408 5408 0 5408 5408
main/Initialise/CallSetup/CCTK_PARAMCHECK/CallFunction/thorns/SphericalSurface_ParamCheck: 2e-06 0 6032 6032 0 6032 6032
main/Initialise/CallSetup/CCTK_PARAMCHECK/CallFunction/thorns/TmunuBase_ParamCheck: 2e-06 0 3354 3354 0 3354 3354
main/Initialise/CallSetup/CCTK_PARAMCHECK/CallFunction/thorns/TwoPunctures_ParamCheck: 5e-06 0 13728 13728 0 13728 13728
main/Initialise/CallSetup/CCTK_PARAMCHECK/CallFunction/thorns/Vectors_Test: 6e-05 0 154778 154778 0 154778 154778
main/Initialise/CallInitial: 1.97606 1.89748 5.13015e+09 5.13015e+09 0 5.13015e+09 5.13015e+09
main/Initialise/CallInitial/CallRegridInitialMeta: 0.001749 0.000996 4.54012e+06 4.54012e+06 0 4.54012e+06 4.54012e+06
main/Initialise/CallInitial/CallRegridInitialMeta/Regrid: 0.001546 0.000837 4.0144e+06 4.0144e+06 0 4.0144e+06 4.0144e+06
main/Initialise/CallInitial/CallRegridInitialMeta/CCTK_PREREGRIDINITIAL: 4e-06 0 9386 9386 0 9386 9386
main/Initialise/CallInitial/CallRegridInitialMeta/Regrid/CarpetRegrid2::RegridMaps: 0.000539 0 1.39836e+06 1.39836e+06 0 1.39836e+06 1.39836e+06
main/Initialise/CallInitial/CallRegridInitialMeta/Regrid/RegridMap/CarpetLib::gh::regrid/CarpetLib::dh::regrid/comm/refrest: 1e-06 1e-06 3796 3796 0 3796 3796
main/Initialise/CallInitial/CallRegridInitialMeta/Regrid/RegridMap/CarpetLib::gh::regrid/CarpetLib::dh::regrid/comm/reflux: 1e-06 1e-06 2938 2938 0 2938 2938
main/Initialise/CallInitial/CallRegridInitialMeta/Regrid/RegridMap/CarpetLib::gh::regrid/CarpetLib::dh::regrid/mask: 4e-06 3e-06 9230 9230 0 9230 9230
main/Initialise/CallInitial/CallRegridInitialMeta/Regrid/RegridMap/CarpetLib::gh::regrid/CarpetLib::dh::regrid/bcast_boxes: 9e-06 8e-06 23998 23998 0 23998 23998
main/Initialise/CallInitial/CallRegridInitialMeta/Regrid/RegridMap/CarpetLib::gh::regrid/CarpetLib::dh::regrid/bcast_comm/sync/CarpetLib::dh::bs1: 1e-06 1e-06 3328 3328 0 3328 3328
main/Initialise/CallInitial/CallRegridInitialMeta/Regrid/PostRegrid: 3e-05 2.6e-05 76128 76128 0 76128 76128
main/Initialise/CallInitial/CallRegridInitialMeta/Regrid/RegridMap/CarpetLib::gh::regrid/CarpetLib::dh::regrid: 0.000893 0.00078 2.31964e+06 2.31964e+06 0 2.31964e+06 2.31964e+06
main/Initialise/CallInitial/CCTK_BASEGRID/CallFunction/thorns/dissipation_basegrid: 1.2e-05 1.2e-05 30368 30368 0 30368 30368
main/Initialise/CallInitial/CCTK_BASEGRID/CallFunction/thorns/NaNChecker_ResetCounter: 2e-06 2e-06 4862 4862 0 4862 4862
main/Initialise/CallInitial/CallRegridInitialMeta/Regrid/RegridMap/CarpetLib::gh::regrid/CarpetLib::dh::regrid/buffers: 0.000186 0.000163 483756 483756 0 483756 483756
main/Initialise/CallInitial/CallRegridInitialMeta/Regrid/RegridMap/CarpetLib::gh::regrid/CarpetLib::dh::regrid/test: 0.000146 0.000128 379210 379210 0 379210 379210
main/Initialise/CallInitial/CallRegridInitialMeta/Regrid/RegridMap: 0.000934 0.000802 2.42577e+06 2.42577e+06 0 2.42577e+06 2.42577e+06
main/Initialise/CallInitial/CallRegridInitialMeta/Recompose: 0.000135 0.000133 351260 351260 0 351260 351260
main/Initialise/CallInitial/CallRegridInitialMeta/RegridFree: 3e-06 3e-06 6552 6552 0 6552 6552
main/Initialise/CallInitial/CCTK_BASEGRID/CallFunction/thorns/SpatialCoordinates: 0.000357 0.000357 926744 926744 0 926744 926744
main/Initialise/CallInitial/CCTK_BASEGRID/CallFunction/thorns/MaskBase_AllocateMask: 0.00024 0.00024 623558 623558 0 623558 623558
main/Initialise/CallInitial/CallRegridInitialMeta/Regrid/RegridMap/CarpetLib::gh::regrid/CarpetLib::dh::regrid/comm: 3.4e-05 3e-05 88218 88218 0 88218 88218
main/Initialise/CallInitial/CallRegridInitialMeta/Regrid/RegridMap/CarpetLib::gh::regrid/CarpetLib::dh::regrid/unusedpoints_mask: 1e-06 2e-06 3588 3588 0 3588 3588
main/Initialise/CallInitial/CallRegridInitialMeta/Regrid/RegridMap/CarpetLib::gh::regrid/CarpetLib::dh::regrid/bcast_comm/ref_prol/CarpetLib::dh::bs2: 3e-06 3e-06 8320 8320 0 8320 8320
main/Initialise/CallInitial/CallRegridInitialMeta/Regrid/RegridMap/CarpetLib::gh::regrid/CarpetLib::dh::regrid/bcast_comm/ref_prol/CarpetLib::dh::bs3: 1e-06 1e-06 3094 3094 0 3094 3094
main/Initialise/CallInitial/CallRegridInitialMeta/Regrid/RegridMap/CarpetLib::gh::regrid/CarpetLib::dh::regrid/bcast_comm/ref_bnd_prol: 1.5e-05 1.3e-05 38428 38428 0 38428 38428
main/Initialise/CallInitial/CallRegridInitialMeta/Regrid/RegridMap/CarpetLib::gh::regrid/CarpetLib::dh::regrid/bcast_comm: 0.000162 0.000142 420576 420576 0 420576 420576
main/Initialise/CallInitial/CCTK_BASEGRID: 0.002174 0.001448 5.64291e+06 5.64291e+06 0 5.64291e+06 5.64291e+06
main/Initialise/CallInitial/CCTK_BASEGRID/CallFunction/thorns/SphericalSurface_SetupRes: 4e-06 4e-06 9854 9854 0 9854 9854
main/Initialise/CallInitial/CCTK_BASEGRID/CallFunction/thorns/SphericalSurface_Setup: 5e-06 5e-06 14846 14846 0 14846 14846
main/Initialise/CallInitial/CallRegridInitialMeta/Regrid/RegridMap/CarpetLib::gh::regrid/CarpetLib::dh::regrid/bcast_comm/sync/CarpetLib::dh::bs2: 2e-06 2e-06 3718 3718 0 3718 3718
main/Initialise/CallInitial/CallRegridInitialMeta/Regrid/RegridMap/CarpetLib::gh::regrid/CarpetLib::dh::regrid/bcast_comm/sync/CarpetLib::dh::bs3: 2e-06 1e-06 3016 3016 0 3016 3016
main/Initialise/CallInitial/CallRegridInitialMeta/Regrid/RegridMap/CarpetLib::gh::regrid/CarpetLib::dh::regrid/bcast_comm/ref_refl_prol: 5.3e-05 4.6e-05 137150 137150 0 137150 137150
main/Initialise/CallInitial/CallRegridInitialMeta/Regrid/RegridMap/CarpetLib::gh::regrid/CarpetLib::dh::regrid/bcast_comm/ref_bnd_prol/CarpetLib::dh::bs1: 2e-06 1e-06 3042 3042 0 3042 3042
main/Initialise/CallInitial/CallRegridInitialMeta/Regrid/RegridMap/CarpetLib::gh::regrid/CarpetLib::dh::regrid/bcast_comm/ref_bnd_prol/CarpetLib::dh::bs2: 1e-06 1e-06 3406 3406 0 3406 3406
main/Initialise/CallInitial/CallRegridInitialMeta/Regrid/RegridMap/CarpetLib::gh::regrid/CarpetLib::dh::regrid/bcast_comm/ref_bnd_prol/CarpetLib::dh::bs3: 1e-06 1e-06 2990 2990 0 2990 2990
main/Initialise/CallInitial/CallRegridInitialMeta/Regrid/RegridMap/CarpetLib::gh::regrid/CarpetLib::dh::regrid/bcast_comm/old2new_sync: 1.5e-05 1.4e-05 40794 40794 0 40794 40794
main/Initialise/CallInitial/CallRegridInitialMeta/Regrid/RegridMap/CarpetLib::gh::regrid/CarpetLib::dh::regrid/bcast_comm/ref_refl_prol/CarpetLib::dh::bs1: 8e-06 6e-06 17420 2903.33 130.864 2860 3016
main/Initialise/CallInitial/CallRegridInitialMeta/Regrid/RegridMap/CarpetLib::gh::regrid/CarpetLib::dh::regrid/bcast_comm/ref_refl_prol/CarpetLib::dh::bs3: 7e-06 6e-06 17316 2886 116.276 2860 2990
main/Initialise/CallInitial/CallRegridInitialMeta/Regrid/RegridMap/CarpetLib::gh::regrid/CarpetLib::dh::regrid/bcast_comm/old2new_sync/CarpetLib::dh::bs1: 1e-06 1e-06 3068 3068 0 3068 3068
main/Initialise/CallInitial/CallRegridInitialMeta/Regrid/RegridMap/CarpetLib::gh::regrid/CarpetLib::dh::regrid/bcast_comm/old2new_sync/CarpetLib::dh::bs2: 1e-06 1e-06 3536 3536 0 3536 3536
main/Initialise/CallInitial/CallRegridInitialMeta/Regrid/RegridMap/CarpetLib::gh::regrid/CarpetLib::dh::regrid/bcast_comm/old2new_sync/CarpetLib::dh::bs3: 1e-06 1e-06 2964 2964 0 2964 2964
main/Initialise/CallInitial/CallRegridInitialMeta/Regrid/RegridMap/CarpetLib::gh::regrid/CarpetLib::dh::regrid/bcast_comm/old2new_ref_prol: 1.9e-05 1.6e-05 48828 48828 0 48828 48828
main/Initialise/CallInitial/CallRegridInitialMeta/Regrid/RegridMap/CarpetLib::gh::regrid/CarpetLib::dh::regrid/bcast_comm/old2new_ref_prol/CarpetLib::dh::bs1: 1e-06 1e-06 3094 3094 0 3094 3094
main/Initialise/CallInitial/CallRegridInitialMeta/Regrid/RegridMap/CarpetLib::gh::regrid/CarpetLib::dh::regrid/bcast_comm/old2new_ref_prol/CarpetLib::dh::bs2: 2e-06 1e-06 3588 3588 0 3588 3588
main/Initialise/CallInitial/CallRegridInitialMeta/Regrid/RegridMap/CarpetLib::gh::regrid/CarpetLib::dh::regrid/bcast_comm/old2new_ref_prol/CarpetLib::dh::bs3: 2e-06 1e-06 3146 3146 0 3146 3146
main/Initialise/CallInitial/CallRegridInitialMeta/Regrid/RegridMap/CarpetLib::gh::regrid/CarpetLib::dh::regrid/bcast_comm/ref_refl_prol/CarpetLib::dh::bs2: 8e-06 8e-06 20072 3345.33 377.97 3198 3640
main/Initialise/CallInitial/CCTK_BASEGRID/CallFunction/thorns/ADMBase_SetShiftStateOn: 3e-06 3e-06 6812 6812 0 6812 6812
main/Initialise/CallInitial/CCTK_BASEGRID/CallFunction/thorns/ADMBase_SetDtLapseStateOn: 2e-06 2e-06 4004 4004 0 4004 4004
main/Initialise/CallInitial/CCTK_BASEGRID/CallFunction/thorns/ADMBase_SetDtShiftStateOn: 1e-06 1e-06 3406 3406 0 3406 3406
main/Initialise/CallInitial/CCTK_BASEGRID/CallFunction/thorns/ADMMacros_SetLocalSpatialOrder: 1e-06 1e-06 4342 4342 0 4342 4342
main/Initialise/CallInitial/CCTK_BASEGRID/CallFunction/thorns/SpatialSpacings: 4.5e-05 4.4e-05 116766 116766 0 116766 116766
main/Initialise/CallInitial/CCTK_BASEGRID/CallFunction: 0.001985 0.001331 5.15172e+06 206069 1.14751e+06 45214 997516
main/Initialise/CallInitial/CCTK_BASEGRID/CallFunction/thorns/MaskBase_AllocateMask/CarpetLib::ggf::recompose_crop: 2e-06 2e-06 7410 3705 422.85 3406 4004
main/Initialise/CallInitial/CCTK_BASEGRID/CallFunction/thorns/MaskBase_AllocateMask/CarpetLib::ggf::recompose_allocate: 4e-06 4e-06 9880 4940 1912.02 3588 6292
main/Initialise/CallInitial/CCTK_BASEGRID/CallFunction/thorns/MaskBase_AllocateMask/dh::recompose_free_old: 3e-06 3e-06 6318 3159 202.233 3016 3302
main/Initialise/CallInitial/CCTK_BASEGRID/CallFunction/thorns/MaskBase_InitMask: 8.8e-05 8.8e-05 228748 228748 0 228748 228748
main/Initialise/CallInitial/CCTK_BASEGRID/CallFunction/thorns/CoordBase_SetupMask: 0.000118 0.000111 307658 307658 0 307658 307658
main/Initialise/CallInitial/CCTK_BASEGRID/CallFunction/thorns/CarpetExcludedSetup: 4e-06 0 10426 10426 0 10426 10426
main/Initialise/CallInitial/CCTK_BASEGRID/CallFunction/thorns/CarpetSurfaceSetup: 4e-06 0 12246 12246 0 12246 12246
main/Initialise/CallInitial/CCTK_BASEGRID/CallFunction/thorns/CarpetMaskSetup: 1.8e-05 1.5e-05 45474 45474 0 45474 45474
main/Initialise/CallInitial/CCTK_BASEGRID/CallFunction/thorns/MaskBase_SetMask: 0.000139 0 361270 361270 0 361270 361270
main/Initialise/CallInitial/CCTK_BASEGRID/CallFunction/thorns/SphericalSurface_Set: 3e-06 0 7748 7748 0 7748 7748
main/Initialise/CallInitial/CCTK_BASEGRID/CallFunction/thorns/MaskBase_TestMask: 0.000157 0 410358 410358 0 410358 410358
main/Initialise/CallInitial/CCTK_BASEGRID/CallFunction/thorns/SphericalSurface_CheckState: 1e-06 0 4030 4030 0 4030 4030
main/Initialise/CallInitial/CCTK_BASEGRID/CallFunction/thorns/SBP_SetNormMask: 2.9e-05 0 75426 75426 0 75426 75426
main/Initialise/CallInitial/CCTK_BASEGRID/CallFunction/thorns/SymBase_Check: 2e-06 0 5356 5356 0 5356 5356
main/Initialise/CallInitial/CCTK_BASEGRID/CallFunction/thorns/Time_Initialise: 2e-06 0 4706 4706 0 4706 4706
main/Initialise/CallInitial/CCTK_INITIAL/CallFunction/thorns/TwoPunctures: 1.94932 1.87438 5.06073e+09 5.06073e+09 0 5.06073e+09 5.06073e+09
main/Initialise/CallInitial/CCTK_INITIAL/CallFunction/thorns/ADMBase_ShiftZero: 6.5e-05 6.1e-05 170248 170248 0 170248 170248
main/Initialise/CallInitial/CCTK_INITIAL/CallFunction/thorns/TwoPunctures_Metadata: 0.000199 0.000187 518336 518336 0 518336 518336
main/Initialise/CallInitial/CCTK_INITIAL/CallFunction/thorns/ADMBase_DtLapseZero: 2.3e-05 2.2e-05 62140 62140 0 62140 62140
main/Initialise/CallInitial/CCTK_INITIAL/CallFunction/thorns/ADMBase_DtShiftZero: 7.3e-05 6.9e-05 191490 191490 0 191490 191490
main/Initialise/CallInitial/CCTK_INITIAL/CallFunction/thorns/CarpetIOASCIIInit: 2e-06 2e-06 5746 5746 0 5746 5746
main/Initialise/CallInitial/CCTK_INITIAL/CallFunction/thorns/CarpetIOBasicInit: 2e-06 2e-06 4862 4862 0 4862 4862
main/Initialise/CallInitial/CCTK_INITIAL/CallFunction/thorns/CarpetIOScalarInit: 2e-06 2e-06 5044 5044 0 5044 5044
main/Initialise/CallInitial/CCTK_INITIAL/CallFunction/thorns/ML_BSSN_InitialADMBase1Everywhere: 0.002726 0.002726 7.07819e+06 7.07819e+06 0 7.07819e+06 7.07819e+06
main/Initialise/CallInitial/CCTK_INITIAL/CallFunction/thorns/ML_BSSN_InitialADMBase2BoundaryScalar: 0.000284 0.000282 738738 738738 0 738738 738738
main/Initialise/CallInitial/CCTK_INITIAL: 1.95611 1.88098 5.07836e+09 5.07836e+09 0 5.07836e+09 5.07836e+09
main/Initialise/CallInitial/CCTK_BASEGRID/CallFunction/thorns/TemporalSpacings: 4e-06 0 8970 8970 0 8970 8970
main/Initialise/CallInitial/CCTK_INITIAL/CallFunction: 1.9559 1.88087 5.0778e+09 3.627e+08 4.8755e+09 28366 5.06085e+09
main/Initialise/CallInitial/CCTK_INITIAL/CallFunction/thorns: 1.95547 1.8805 5.07669e+09 3.62621e+08 4.87548e+09 18174 5.06074e+09
main/Initialise/CallInitial/CCTK_INITIAL/CallFunction/thorns/StaticConformal_InitialiseState: 2e-06 0 4082 4082 0 4082 4082
main/Initialise/CallInitial/CCTK_INITIAL/CarpetLib::ggf::recompose_crop: 2e-06 0 3458 3458 0 3458 3458
main/Initialise/CallInitial/CCTK_INITIAL/CarpetLib::ggf::recompose_allocate: 1e-06 0 4108 4108 0 4108 4108
main/Initialise/CallInitial/CCTK_INITIAL/dh::recompose_free_old: 2e-06 0 3380 3380 0 3380 3380
main/Initialise/CallInitial/CallRegridInitialMeta/Regrid/RegridMap/CarpetLib::gh::regrid/CarpetLib::dh::regrid/bcast_comm/ref_prol: 1.9e-05 1.6e-05 48672 48672 0 48672 48672
main/Initialise/CallInitial/CCTK_BASEGRID/CallFunction/thorns/ML_BSSN_CheckBoundaries: 2e-06 2e-06 4238 4238 0 4238 4238
main/Initialise/CallInitial/CallRegridInitialMeta/Regrid/RegridMap/CheckRegions: 1e-06 0 3510 3510 0 3510 3510
main/Initialise/CallInitial/CCTK_INITIAL/CallFunction/thorns/ML_BSSN_InitialADMBase2Interior: 0.002435 0.002436 6.32346e+06 6.32346e+06 0 6.32346e+06 6.32346e+06
main/Initialise/CallInitial/CCTK_INITIAL/CallFunction/syncs: 9.4e-05 9.3e-05 241826 241826 0 241826 241826
main/Initialise/CallInitial/CCTK_INITIAL/CallFunction/syncs/Prolongate: 1e-06 1e-06 3484 3484 0 3484 3484
main/Initialise/CallInitial/CCTK_INITIAL/CallFunction/syncs/Sync: 7.8e-05 7.8e-05 201656 201656 0 201656 201656
main/Initialise/CallInitial/CCTK_INITIAL/CallFunction/syncs/Sync/comm_state[0].create: 6e-06 6e-06 16146 16146 0 16146 16146
main/Initialise/CallInitial/CCTK_INITIAL/CallFunction/syncs/Sync/comm_state[1].state_get_buffer_sizes.user: 5e-06 4e-06 10920 10920 0 10920 10920
main/Initialise/CallInitial/CCTK_INITIAL/CallFunction/syncs/Sync/comm_state[2].state_get_buffer_sizes.step: 2e-06 2e-06 6058 6058 0 6058 6058
main/Initialise/CallInitial/CCTK_INITIAL/CallFunction/syncs/Sync/comm_state[3].state_fill_send_buffers.user: 2e-06 2e-06 4368 4368 0 4368 4368
main/Initialise/CallInitial/CCTK_INITIAL/CallFunction/syncs/Sync/comm_state[4].state_fill_send_buffers.step: 1e-06 1e-06 3432 3432 0 3432 3432
main/Initialise/CallInitial/CCTK_INITIAL/CallFunction/syncs/Sync/comm_state[5].state_do_some_work.user: 2e-06 2e-06 4446 4446 0 4446 4446
main/Initialise/CallInitial/CCTK_INITIAL/CallFunction/syncs/Sync/comm_state[6].state_do_some_work.step: 2e-06 2e-06 5928 5928 0 5928 5928
main/Initialise/CallInitial/CCTK_INITIAL/CallFunction/syncs/Sync/comm_state[7].state_empty_recv_buffers.user: 2e-06 2e-06 4134 4134 0 4134 4134
main/Initialise/CallInitial/CCTK_INITIAL/CallFunction/syncs/Sync/comm_state[8].state_empty_recv_buffers.step: 2e-06 1e-06 4342 4342 0 4342 4342
main/Initialise/CallInitial/CCTK_INITIAL/CallFunction/thorns/MoL_StartLoop: 2e-06 3e-06 5642 5642 0 5642 5642
main/Initialise/CallInitial/CCTK_INITIAL/CallFunction/thorns/ML_BSSN_ExtrapolateGammas: 0.000233 0.000233 605956 605956 0 605956 605956
main/Initialise/CallInitial/CCTK_POSTINITIAL/CallFunction: 0.012103 0.012005 3.14279e+07 1.164e+06 1.48108e+07 15496 1.37725e+07
main/Initialise/CallInitial/CCTK_POSTINITIAL/CallFunction/thorns: 0.011476 0.011428 2.98041e+07 1.10386e+06 1.47946e+07 9204 1.3715e+07
main/Initialise/CallInitial/CCTK_POSTINITIAL/CallFunction/thorns/ML_BSSN_EnforceEverywhere: 0.000724 0.000724 1.88058e+06 1.88058e+06 0 1.88058e+06 1.88058e+06
main/Initialise/CallInitial/CCTK_POSTINITIAL/CallFunction/thorns/ML_BSSN_SelectBoundConds: 3.1e-05 3.1e-05 80912 80912 0 80912 80912
main/Initialise/CallInitial/CCTK_POSTINITIAL: 0.012281 0.012164 3.18826e+07 3.18826e+07 0 3.18826e+07 3.18826e+07
main/Initialise/CallInitial/CCTK_POSTINITIAL/CallFunction/syncs/Prolongate: 5e-06 5e-06 11882 2970.5 85.2467 2938 3042
main/Initialise/CallInitial/CCTK_POSTINITIAL/CallFunction/syncs/Sync: 0.000129 0.000129 331656 82914 68128 61412 141882
main/Initialise/CallInitial/CCTK_POSTINITIAL/CallFunction/syncs/Sync/comm_state[1].state_get_buffer_sizes.user: 1e-05 9e-06 23946 5986.5 3540.47 4810 9048
main/Initialise/CallInitial/CCTK_POSTINITIAL/CallFunction/syncs/Sync/comm_state[0].create: 5e-06 7e-06 13988 3497 308.733 3354 3744
main/Initialise/CallInitial/CCTK_POSTINITIAL/CallFunction/syncs/Sync/comm_state[2].state_get_buffer_sizes.step: 8e-06 7e-06 15002 3750.5 304.044 3562 3900
main/Initialise/CallInitial/CCTK_POSTINITIAL/CallFunction/syncs/Sync/comm_state[3].state_fill_send_buffers.user: 6e-06 5e-06 17394 4348.5 2706.34 3302 6656
main/Initialise/CallInitial/CCTK_POSTINITIAL/CallFunction/syncs/Sync/comm_state[4].state_fill_send_buffers.step: 5e-06 5e-06 12428 3107 375.878 2990 3432
main/Initialise/CallInitial/CCTK_POSTINITIAL/CallFunction/syncs/Sync/comm_state[5].state_do_some_work.user: 5e-06 7e-06 17004 4251 2591.28 3328 6474
main/Initialise/CallInitial/CCTK_POSTINITIAL/CallFunction/syncs/Sync/comm_state[6].state_do_some_work.step: 5e-06 6e-06 13104 3276 500.12 3068 3692
main/Initialise/CallInitial/CCTK_POSTINITIAL/CallFunction/syncs/Sync/comm_state[7].state_empty_recv_buffers.user: 6e-06 6e-06 17082 4270.5 2691.06 3276 6578
main/Initialise/CallInitial/CCTK_POSTINITIAL/CallFunction/syncs/Sync/comm_state[8].state_empty_recv_buffers.step: 5e-06 6e-06 13936 3484 272.69 3328 3692
main/Initialise/CallInitial/CCTK_POSTINITIAL/CallFunction/syncs: 0.000156 0.000155 403104 100776 82275.7 74828 171990
main/Initialise/CallInitial/CCTK_POSTINITIAL/CallFunction/thorns/Boundary_ApplyPhysicalBCs: 0.000542 0.000542 1.40907e+06 352268 836979 8762 1.03467e+06
main/Initialise/CallInitial/CCTK_POSTINITIAL/CallFunction/thorns/CartGrid3D_ApplyBC: 1.5e-05 1.5e-05 38194 9548.5 7049.54 5928 15080
main/Initialise/CallInitial/CCTK_POSTINITIAL/CallFunction/thorns/ReflectionSymmetry_Apply: 0.000268 0.000234 702650 175662 243983 35386 346944
main/Initialise/CallInitial/CCTK_POSTINITIAL/CallFunction/thorns/ML_BSSN_ADMBaseInterior: 0.00234 0.00234 6.07716e+06 6.07716e+06 0 6.07716e+06 6.07716e+06
main/Initialise/CallInitial/CCTK_POSTINITIAL/CallFunction/thorns/Boundary_ClearSelection: 7e-06 5e-06 16874 4218.5 1076.02 3484 4784
main/Initialise/CallInitial/CCTK_POSTINITIAL/CallFunction/thorns/ML_BSSN_ADMBaseBoundaryScalar: 0.000168 0.000168 436462 436462 0 436462 436462
main/Initialise/CallInitial/CCTK_POSTINITIAL/CallFunction/thorns/ML_BSSN_ADMBaseEverywhere: 0.001761 0.001762 4.57462e+06 4.57462e+06 0 4.57462e+06 4.57462e+06
main/Initialise/CallInitial/CCTK_POSTINITIAL/CallFunction/thorns/ML_BSSN_ADMBase_SelectBCs: 1.2e-05 1.2e-05 31772 31772 0 31772 31772
main/Initialise/CallInitial/CCTK_POSTINITIAL/CallFunction/thorns/ML_BSSN_ConstraintsEverywhere: 0.000181 0.000181 472550 472550 0 472550 472550
main/Initialise/CallInitial/CCTK_POSTINITIAL/CallFunction/thorns/ML_BSSN_ConstraintsEverywhere_SelectBCs: 1e-05 1e-05 24674 24674 0 24674 24674
main/Initialise/CallInitial/CCTK_POSTINITIAL/CallFunction/thorns/ML_BSSN_ConstraintsInterior: 0.005276 0.005276 1.36981e+07 1.36981e+07 0 1.36981e+07 1.36981e+07
main/Initialise/CallPostInitial: 0.056766 0.051734 1.4737e+08 1.4737e+08 0 1.4737e+08 1.4737e+08
main/Initialise/CallPostInitial/CCTK_POSTSTEP: 0.056653 0.051626 1.47076e+08 1.47076e+08 0 1.47076e+08 1.47076e+08
main/Initialise/CallPostInitial/CCTK_POSTPOSTINITIAL: 5e-06 5e-06 14092 14092 0 14092 14092
main/Initialise/CallPostInitial/CCTK_POSTSTEP/CallFunction: 0.056457 0.051437 1.4656e+08 9.15998e+06 1.19713e+08 46410 1.23499e+08
main/Initialise/CallPostInitial/CCTK_POSTSTEP/CallFunction/thorns: 0.05598 0.050986 1.45332e+08 9.08327e+06 1.19689e+08 18486 1.23405e+08
main/Initialise/CallPostInitial/CCTK_POSTSTEP/CallFunction/thorns/SphericalSurface_Set: 4e-06 3e-06 9828 9828 0 9828 9828
main/Initialise/CallPostInitial/CCTK_POSTSTEP/CallFunction/thorns/SphericalSurface_CheckState: 2e-06 2e-06 4290 4290 0 4290 4290
main/Initialise/CallPostInitial/CCTK_POSTSTEP/CarpetLib::ggf::recompose_crop: 3e-06 2e-06 7124 3562 294.156 3354 3770
main/Initialise/CallPostInitial/CCTK_POSTSTEP/CarpetLib::ggf::recompose_allocate: 5e-06 3e-06 9672 4836 1617.86 3692 5980
main/Initialise/CallPostInitial/CCTK_POSTSTEP/dh::recompose_free_old: 3e-06 3e-06 6318 3159 275.772 2964 3354
main/Initialise/CallInitial/CCTK_POSTINITIAL/CallFunction/thorns/ML_BSSN_ConstraintsInterior_SelectBCs: 1.2e-05 1.2e-05 33046 33046 0 33046 33046
main/Initialise/CallRestrict: 2e-06 1e-06 3380 3380 0 3380 3380
main/Initialise/CallInitial/CCTK_POSTINITIAL/CallFunction/thorns/SBP_CheckGridSizes: 3e-06 0 7644 7644 0 7644 7644
main/Initialise/CallPostInitial/CCTK_POSTSTEP/CallFunction/thorns/Extract: 0.047527 0.04255 1.23389e+08 1.23389e+08 0 1.23389e+08 1.23389e+08
main/Initialise/CallPostInitial/CCTK_POSTSTEP/CallFunction/thorns/NaNChecker_NaNCheck_Finish: 8e-06 8e-06 19812 19812 0 19812 19812
main/Initialise/CallPostInitial/CCTK_POSTSTEP/CallFunction/thorns/Extract/Prolongate: 4.8e-05 4.1e-05 86086 3311 1058.65 3120 4238
main/Initialise/CallPostInitial/CCTK_POSTSTEP/CallFunction/thorns/Extract/Sync: 0.000632 0.000615 1.62971e+06 62681 77507.3 58318 138008
main/Initialise/CallPostInitial/CCTK_POSTSTEP/CallFunction/thorns/Extract/Sync/comm_state[2].state_get_buffer_sizes.step: 3.5e-05 3.5e-05 90922 3497 1501.82 3250 4212
main/Initialise/CallPostInitial/CCTK_POSTSTEP/CallFunction/thorns/Extract/Sync/comm_state[3].state_fill_send_buffers.user: 3.1e-05 2.9e-05 83200 3200 395.889 3120 3536
main/Initialise/CallPostInitial/CCTK_POSTSTEP/CallFunction/thorns/Extract/Sync/comm_state[4].state_fill_send_buffers.step: 3.3e-05 3e-05 80002 3077 625.02 2990 3432
main/Initialise/CallPostInitial/CCTK_POSTSTEP/CallFunction/thorns/Extract/Sync/comm_state[5].state_do_some_work.user: 3.2e-05 3.2e-05 83928 3228 589.108 3146 3640
main/Initialise/CallPostInitial/CCTK_POSTSTEP/CallFunction/thorns/Extract/Sync/comm_state[6].state_do_some_work.step: 3.2e-05 3e-05 82576 3176 1048.22 3016 3926
main/Initialise/CallPostInitial/CCTK_POSTSTEP/CallFunction/thorns/Extract/Sync/comm_state[7].state_empty_recv_buffers.user: 3.3e-05 3.1e-05 82810 3185 418.026 3120 3562
main/Initialise/CallPostInitial/CCTK_POSTSTEP/CallFunction/thorns/Extract/Sync/comm_state[8].state_empty_recv_buffers.step: 3.2e-05 3.2e-05 86008 3308 1213.01 3172 4394
main/Initialise/CallPostInitial/CCTK_POSTSTEP/CallFunction/thorns/NaNChecker_NaNCheck_Prepare: 6e-06 6e-06 15600 15600 0 15600 15600
main/Initialise/CallPostInitial/CCTK_POSTSTEP/CallFunction/thorns/NaNChecker_TakeAction: 1e-06 1e-06 3900 3900 0 3900 3900
main/Initialise/CallPostInitial/CCTK_POSTSTEP/CallFunction/thorns/setup_epsdis: 1.3e-05 1.3e-05 33384 33384 0 33384 33384
main/Initialise/CallPostInitial/CCTK_POSTSTEP/CallFunction/syncs: 6.4e-05 6.2e-05 167128 167128 0 167128 167128
main/Initialise/CallPostInitial/CCTK_POSTSTEP/CallFunction/syncs/Prolongate: 1e-06 1e-06 3094 3094 0 3094 3094
main/Initialise/CallPostInitial/CCTK_POSTSTEP/CallFunction/syncs/Sync: 5.3e-05 5.1e-05 136838 136838 0 136838 136838
main/Initialise/CallPostInitial/CCTK_POSTSTEP/CallFunction/syncs/Sync/comm_state[1].state_get_buffer_sizes.user: 2e-06 2e-06 4810 4810 0 4810 4810
main/Initialise/CallPostInitial/CCTK_POSTSTEP/CallFunction/syncs/Sync/comm_state[0].create: 2e-06 2e-06 4342 4342 0 4342 4342
main/Initialise/CallPostInitial/CCTK_POSTSTEP/CallFunction/syncs/Sync/comm_state[2].state_get_buffer_sizes.step: 2e-06 2e-06 4394 4394 0 4394 4394
main/Initialise/CallPostInitial/CCTK_POSTSTEP/CallFunction/syncs/Sync/comm_state[3].state_fill_send_buffers.user: 2e-06 1e-06 3536 3536 0 3536 3536
main/Initialise/CallPostInitial/CCTK_POSTSTEP/CallFunction/syncs/Sync/comm_state[4].state_fill_send_buffers.step: 1e-06 1e-06 3354 3354 0 3354 3354
main/Initialise/CallPostInitial/CCTK_POSTSTEP/CallFunction/syncs/Sync/comm_state[5].state_do_some_work.user: 1e-06 1e-06 3458 3458 0 3458 3458
main/Initialise/CallPostInitial/CCTK_POSTSTEP/CallFunction/syncs/Sync/comm_state[6].state_do_some_work.step: 2e-06 2e-06 3900 3900 0 3900 3900
main/Initialise/CallPostInitial/CCTK_POSTSTEP/CallFunction/syncs/Sync/comm_state[7].state_empty_recv_buffers.user: 1e-06 2e-06 3328 3328 0 3328 3328
main/Initialise/CallPostInitial/CCTK_POSTSTEP/CallFunction/syncs/Sync/comm_state[8].state_empty_recv_buffers.step: 2e-06 2e-06 3978 3978 0 3978 3978
main/Initialise/CallAnalysis: 0.003 0.002039 7.78801e+06 7.78801e+06 0 7.78801e+06 7.78801e+06
main/Initialise/CallPostInitial/CCTK_POSTSTEP/CallFunction/thorns/MaskBase_AllocateMask: 1.7e-05 1.6e-05 46150 46150 0 46150 46150
main/Initialise/CallAnalysis/OutputGH/OutputGH/IOASCII::IOASCII_3D [5]/OutputGH<3>: 2e-06 2e-06 3796 3796 0 3796 3796
main/Initialise/CallAnalysis/OutputGH/OutputGH/IOASCII::IOASCII_3D [5]: 8e-06 8e-06 20150 20150 0 20150 20150
main/Initialise/CallAnalysis/OutputGH/OutputGH/IOASCII::IOASCII_2D [4]: 8e-06 9e-06 22048 22048 0 22048 22048
main/Initialise/CallPostInitial/CCTK_POSTSTEP/CallFunction/thorns/MaskBase_InitMask: 6.5e-05 6.1e-05 169728 169728 0 169728 169728
main/Initialise/CallPostInitial/CCTK_POSTSTEP/CallFunction/thorns/CoordBase_SetupMask: 0.000114 0.000107 295464 295464 0 295464 295464
main/Initialise/CallPostInitial/CCTK_POSTSTEP/CallFunction/thorns/CarpetMaskSetup: 1.8e-05 1.7e-05 45630 45630 0 45630 45630
main/Initialise/CallPostInitial/CCTK_POSTSTEP/CallFunction/thorns/CarpetExcludedSetup: 4e-06 3e-06 10010 10010 0 10010 10010
main/Initialise/CallPostInitial/CCTK_POSTSTEP/CallFunction/thorns/CarpetSurfaceSetup: 4e-06 3e-06 9646 9646 0 9646 9646
main/Initialise/CallPostInitial/CCTK_POSTSTEP/CallFunction/thorns/MaskBase_SetMask: 0.000153 0.000153 397306 397306 0 397306 397306
main/Initialise/CallPostInitial/CCTK_POSTSTEP/CallFunction/thorns/MaskBase_TestMask: 9.2e-05 9.1e-05 237302 237302 0 237302 237302
main/Initialise/CallAnalysis/CCTK_CPINITIAL: 4e-06 4e-06 10374 10374 0 10374 10374
main/Initialise/CallAnalysis/CCTK_ANALYSIS: 0.000587 0.000587 1.5236e+06 1.5236e+06 0 1.5236e+06 1.5236e+06
main/Initialise/CallAnalysis/CCTK_ANALYSIS/CallFunction: 0.000543 0.000543 1.40891e+06 469638 529520 160108 885820
main/Initialise/CallAnalysis/CCTK_ANALYSIS/CallFunction/thorns: 0.000462 0.000462 1.1974e+06 399135 597277 20176 854438
main/Initialise/CallAnalysis/CCTK_ANALYSIS/CallFunction/thorns/CarpetLib_printtimestats: 0.000119 0.000118 307918 307918 0 307918 307918
main/Initialise/CallAnalysis/CCTK_ANALYSIS/CallFunction/thorns/CarpetLib_printmemstats: 0.000323 0.000322 838838 838838 0 838838 838838
main/Initialise/CallAnalysis/OutputGH: 0.002233 0.001277 5.79439e+06 5.79439e+06 0 5.79439e+06 5.79439e+06
main/Initialise/CallAnalysis/CCTK_ANALYSIS/CallFunction/thorns/LC_statistics_analysis: 2e-06 2e-06 4134 4134 0 4134 4134
main/Initialise/CallAnalysis/OutputGH/OutputGH: 0.002226 0.00127 5.77772e+06 5.77772e+06 0 5.77772e+06 5.77772e+06
main/Initialise/CallAnalysis/OutputGH/OutputGH/IOBasic::CarpetIOBasic [0]: 5.7e-05 5.6e-05 145652 145652 0 145652 145652
main/Initialise/CallAnalysis/OutputGH/OutputGH/IOBasic::CarpetIOBasic [0]/OutputGH: 5e-05 5e-05 129922 129922 0 129922 129922
main/Initialise/CallAnalysis/OutputGH/OutputGH/IOScalar::CarpetIOScalar [1]: 8e-06 8e-06 19240 19240 0 19240 19240
main/Initialise/CallAnalysis/OutputGH/OutputGH/IOScalar::CarpetIOScalar [1]/OutputGH: 1e-06 1e-06 4134 4134 0 4134 4134
main/Initialise/CallAnalysis/OutputGH/OutputGH/IOASCII::IOASCII_0D [2]/OutputGH<0>: 1e-06 1e-06 4316 4316 0 4316 4316
main/Initialise/CallAnalysis/OutputGH/OutputGH/IOASCII::IOASCII_0D [2]: 8e-06 8e-06 20930 20930 0 20930 20930
main/Initialise/CallAnalysis/OutputGH/OutputGH/IOASCII::IOASCII_1D [3]/OutputGH<1>: 0.002087 0.001135 5.42017e+06 5.42017e+06 0 5.42017e+06 5.42017e+06
main/Initialise/CallAnalysis/OutputGH/OutputGH/IOASCII::IOASCII_1D [3]: 0.0021 0.001148 5.45384e+06 5.45384e+06 0 5.45384e+06 5.45384e+06
main/Initialise/CallAnalysis/OutputGH/OutputGH/IOASCII::IOASCII_2D [4]/OutputGH<2>: 2e-06 1e-06 4108 4108 0 4108 4108
main/Initialise/CallPostInitial/CCTK_POSTSTEP/CallFunction/thorns/Extract/Sync/comm_state[0].create: 3.2e-05 3.4e-05 85514 3289 2444.62 3016 5252
main/Initialise/CallPostInitial/CCTK_POSTSTEP/CallFunction/thorns/Extract/Sync/comm_state[1].state_get_buffer_sizes.user: 3.6e-05 3.6e-05 95238 3663 2079.78 3406 5252
main/Initialise/CallPostInitial/CCTK_POSTSTEP/CallFunction/thorns/NaNChecker_NaNCheck_Check: 0.007849 0.007849 2.03796e+07 2.03796e+07 0 2.03796e+07 2.03796e+07

INFO (CarpetRegrid2): Centre 1 is not active
INFO (CarpetRegrid2): Centre 2 is not active
INFO (CarpetRegrid2): Centre 3 is not active
INFO (CarpetRegrid2): Regridding level 0 map 0 at iteration 1 time 0
INFO (CarpetRegrid2): Regridding levels 1 and up
INFO (Carpet): Grid structure (superregions, grid points):
   [0][0][0]   exterior: [0,0,0] : [34,34,20]   ([35,35,21] + PADDING) 25725
INFO (Carpet): Grid structure (superregions, coordinates):
   [0][0][0]   exterior: [-136,-136,-24] : [136,136,136] : [8,8,8]
INFO (Carpet): Global grid structure statistics:
INFO (Carpet): GF: rhs: 6k active, 6k owned (+0%), 13k total (+104%), 0.5 steps/time
INFO (Carpet): GF: vars: 195, pts: 2M active, 2M owned (+0%), 5M total (+104%), 1.0 comp/proc
INFO (Carpet): GA: vars: 483, pts: 0M active, 0M total (+0%)
INFO (Carpet): Total required memory: 0.040 GByte (for GAs and currently active GFs)
INFO (Carpet): Load balance:  min     avg     max     sdv     max/avg-1
INFO (Carpet): Level  0:       2M      2M      2M      0M owned      0%
WARNING level 2 from host runnervmtr4k5.zs0lwgd0ffeubbsnnt10iv11ka.cx.internal.cloudapp.net process 0
  in thorn Carpet, file /home/runner/work/tests/tests/master/configs/sim/build/Carpet/Comm.cc:103:
  -> Synchronising group "EXTRACT::TEMPS" in local mode
WARNING level 2 from host runnervmtr4k5.zs0lwgd0ffeubbsnnt10iv11ka.cx.internal.cloudapp.net process 0
  in thorn Carpet, file /home/runner/work/tests/tests/master/configs/sim/build/Carpet/Comm.cc:103:
  -> Synchronising group "EXTRACT::TEMPS" in local mode
WARNING level 2 from host runnervmtr4k5.zs0lwgd0ffeubbsnnt10iv11ka.cx.internal.cloudapp.net process 0
  in thorn Carpet, file /home/runner/work/tests/tests/master/configs/sim/build/Carpet/Comm.cc:103:
  -> Synchronising group "EXTRACT::TEMPS" in local mode
WARNING level 2 from host runnervmtr4k5.zs0lwgd0ffeubbsnnt10iv11ka.cx.internal.cloudapp.net process 0
  in thorn Carpet, file /home/runner/work/tests/tests/master/configs/sim/build/Carpet/Comm.cc:103:
  -> Synchronising group "EXTRACT::TEMPS" in local mode
WARNING level 2 from host runnervmtr4k5.zs0lwgd0ffeubbsnnt10iv11ka.cx.internal.cloudapp.net process 0
  in thorn Carpet, file /home/runner/work/tests/tests/master/configs/sim/build/Carpet/Comm.cc:103:
  -> Synchronising group "EXTRACT::TEMPS" in local mode
WARNING level 2 from host runnervmtr4k5.zs0lwgd0ffeubbsnnt10iv11ka.cx.internal.cloudapp.net process 0
  in thorn Carpet, file /home/runner/work/tests/tests/master/configs/sim/build/Carpet/Comm.cc:103:
  -> Synchronising group "EXTRACT::TEMPS" in local mode
WARNING level 2 from host runnervmtr4k5.zs0lwgd0ffeubbsnnt10iv11ka.cx.internal.cloudapp.net process 0
  in thorn Carpet, file /home/runner/work/tests/tests/master/configs/sim/build/Carpet/Comm.cc:103:
  -> Synchronising group "EXTRACT::TEMPS" in local mode
WARNING level 2 from host runnervmtr4k5.zs0lwgd0ffeubbsnnt10iv11ka.cx.internal.cloudapp.net process 0
  in thorn Carpet, file /home/runner/work/tests/tests/master/configs/sim/build/Carpet/Comm.cc:103:
  -> Synchronising group "EXTRACT::TEMPS" in local mode
WARNING level 2 from host runnervmtr4k5.zs0lwgd0ffeubbsnnt10iv11ka.cx.internal.cloudapp.net process 0
  in thorn Carpet, file /home/runner/work/tests/tests/master/configs/sim/build/Carpet/Comm.cc:103:
  -> Synchronising group "EXTRACT::TEMPS" in local mode
WARNING level 2 from host runnervmtr4k5.zs0lwgd0ffeubbsnnt10iv11ka.cx.internal.cloudapp.net process 0
  in thorn Carpet, file /home/runner/work/tests/tests/master/configs/sim/build/Carpet/Comm.cc:103:
  -> Synchronising group "EXTRACT::TEMPS" in local mode
WARNING level 2 from host runnervmtr4k5.zs0lwgd0ffeubbsnnt10iv11ka.cx.internal.cloudapp.net process 0
  in thorn Carpet, file /home/runner/work/tests/tests/master/configs/sim/build/Carpet/Comm.cc:103:
  -> Synchronising group "EXTRACT::TEMPS" in local mode
WARNING level 2 from host runnervmtr4k5.zs0lwgd0ffeubbsnnt10iv11ka.cx.internal.cloudapp.net process 0
  in thorn Carpet, file /home/runner/work/tests/tests/master/configs/sim/build/Carpet/Comm.cc:103:
  -> Synchronising group "EXTRACT::TEMPS" in local mode
WARNING level 2 from host runnervmtr4k5.zs0lwgd0ffeubbsnnt10iv11ka.cx.internal.cloudapp.net process 0
  in thorn Carpet, file /home/runner/work/tests/tests/master/configs/sim/build/Carpet/Comm.cc:103:
  -> Synchronising group "EXTRACT::TEMPS" in local mode
WARNING level 2 from host runnervmtr4k5.zs0lwgd0ffeubbsnnt10iv11ka.cx.internal.cloudapp.net process 0
  in thorn Carpet, file /home/runner/work/tests/tests/master/configs/sim/build/Carpet/Comm.cc:103:
  -> Synchronising group "EXTRACT::TEMPS" in local mode
WARNING level 2 from host runnervmtr4k5.zs0lwgd0ffeubbsnnt10iv11ka.cx.internal.cloudapp.net process 0
  in thorn Carpet, file /home/runner/work/tests/tests/master/configs/sim/build/Carpet/Comm.cc:103:
  -> Synchronising group "EXTRACT::TEMPS" in local mode
WARNING level 2 from host runnervmtr4k5.zs0lwgd0ffeubbsnnt10iv11ka.cx.internal.cloudapp.net process 0
  in thorn Carpet, file /home/runner/work/tests/tests/master/configs/sim/build/Carpet/Comm.cc:103:
  -> Synchronising group "EXTRACT::TEMPS" in local mode
WARNING level 2 from host runnervmtr4k5.zs0lwgd0ffeubbsnnt10iv11ka.cx.internal.cloudapp.net process 0
  in thorn Carpet, file /home/runner/work/tests/tests/master/configs/sim/build/Carpet/Comm.cc:103:
  -> Synchronising group "EXTRACT::TEMPS" in local mode
WARNING level 2 from host runnervmtr4k5.zs0lwgd0ffeubbsnnt10iv11ka.cx.internal.cloudapp.net process 0
  in thorn Carpet, file /home/runner/work/tests/tests/master/configs/sim/build/Carpet/Comm.cc:103:
  -> Synchronising group "EXTRACT::TEMPS" in local mode
WARNING level 2 from host runnervmtr4k5.zs0lwgd0ffeubbsnnt10iv11ka.cx.internal.cloudapp.net process 0
  in thorn Carpet, file /home/runner/work/tests/tests/master/configs/sim/build/Carpet/Comm.cc:103:
  -> Synchronising group "EXTRACT::TEMPS" in local mode
WARNING level 2 from host runnervmtr4k5.zs0lwgd0ffeubbsnnt10iv11ka.cx.internal.cloudapp.net process 0
  in thorn Carpet, file /home/runner/work/tests/tests/master/configs/sim/build/Carpet/Comm.cc:103:
  -> Synchronising group "EXTRACT::TEMPS" in local mode
WARNING level 2 from host runnervmtr4k5.zs0lwgd0ffeubbsnnt10iv11ka.cx.internal.cloudapp.net process 0
  in thorn Carpet, file /home/runner/work/tests/tests/master/configs/sim/build/Carpet/Comm.cc:103:
  -> Synchronising group "EXTRACT::TEMPS" in local mode
WARNING level 2 from host runnervmtr4k5.zs0lwgd0ffeubbsnnt10iv11ka.cx.internal.cloudapp.net process 0
  in thorn Carpet, file /home/runner/work/tests/tests/master/configs/sim/build/Carpet/Comm.cc:103:
  -> Synchronising group "EXTRACT::TEMPS" in local mode
WARNING level 2 from host runnervmtr4k5.zs0lwgd0ffeubbsnnt10iv11ka.cx.internal.cloudapp.net process 0
  in thorn Carpet, file /home/runner/work/tests/tests/master/configs/sim/build/Carpet/Comm.cc:103:
  -> Synchronising group "EXTRACT::TEMPS" in local mode
WARNING level 2 from host runnervmtr4k5.zs0lwgd0ffeubbsnnt10iv11ka.cx.internal.cloudapp.net process 0
  in thorn Carpet, file /home/runner/work/tests/tests/master/configs/sim/build/Carpet/Comm.cc:103:
  -> Synchronising group "EXTRACT::TEMPS" in local mode
WARNING level 2 from host runnervmtr4k5.zs0lwgd0ffeubbsnnt10iv11ka.cx.internal.cloudapp.net process 0
  in thorn Carpet, file /home/runner/work/tests/tests/master/configs/sim/build/Carpet/Comm.cc:103:
  -> Synchronising group "EXTRACT::TEMPS" in local mode
WARNING level 2 from host runnervmtr4k5.zs0lwgd0ffeubbsnnt10iv11ka.cx.internal.cloudapp.net process 0
  in thorn Carpet, file /home/runner/work/tests/tests/master/configs/sim/build/Carpet/Comm.cc:103:
  -> Synchronising group "EXTRACT::TEMPS" in local mode
      256     2.000 | 3.597932e+04
WARNING level 2 from host runnervmtr4k5.zs0lwgd0ffeubbsnnt10iv11ka.cx.internal.cloudapp.net process 0
  in thorn Carpet, file /home/runner/work/tests/tests/master/configs/sim/build/Carpet/Comm.cc:103:
  -> Synchronising group "EXTRACT::TEMPS" in local mode
WARNING level 2 from host runnervmtr4k5.zs0lwgd0ffeubbsnnt10iv11ka.cx.internal.cloudapp.net process 0
  in thorn Carpet, file /home/runner/work/tests/tests/master/configs/sim/build/Carpet/Comm.cc:103:
  -> Synchronising group "EXTRACT::TEMPS" in local mode
WARNING level 2 from host runnervmtr4k5.zs0lwgd0ffeubbsnnt10iv11ka.cx.internal.cloudapp.net process 0
  in thorn Carpet, file /home/runner/work/tests/tests/master/configs/sim/build/Carpet/Comm.cc:103:
  -> Synchronising group "EXTRACT::TEMPS" in local mode
WARNING level 2 from host runnervmtr4k5.zs0lwgd0ffeubbsnnt10iv11ka.cx.internal.cloudapp.net process 0
  in thorn Carpet, file /home/runner/work/tests/tests/master/configs/sim/build/Carpet/Comm.cc:103:
  -> Synchronising group "EXTRACT::TEMPS" in local mode
WARNING level 2 from host runnervmtr4k5.zs0lwgd0ffeubbsnnt10iv11ka.cx.internal.cloudapp.net process 0
  in thorn Carpet, file /home/runner/work/tests/tests/master/configs/sim/build/Carpet/Comm.cc:103:
  -> Synchronising group "EXTRACT::TEMPS" in local mode
WARNING level 2 from host runnervmtr4k5.zs0lwgd0ffeubbsnnt10iv11ka.cx.internal.cloudapp.net process 0
  in thorn Carpet, file /home/runner/work/tests/tests/master/configs/sim/build/Carpet/Comm.cc:103:
  -> Synchronising group "EXTRACT::TEMPS" in local mode
WARNING level 2 from host runnervmtr4k5.zs0lwgd0ffeubbsnnt10iv11ka.cx.internal.cloudapp.net process 0
  in thorn Carpet, file /home/runner/work/tests/tests/master/configs/sim/build/Carpet/Comm.cc:103:
  -> Synchronising group "EXTRACT::TEMPS" in local mode
WARNING level 2 from host runnervmtr4k5.zs0lwgd0ffeubbsnnt10iv11ka.cx.internal.cloudapp.net process 0
  in thorn Carpet, file /home/runner/work/tests/tests/master/configs/sim/build/Carpet/Comm.cc:103:
  -> Synchronising group "EXTRACT::TEMPS" in local mode
WARNING level 2 from host runnervmtr4k5.zs0lwgd0ffeubbsnnt10iv11ka.cx.internal.cloudapp.net process 0
  in thorn Carpet, file /home/runner/work/tests/tests/master/configs/sim/build/Carpet/Comm.cc:103:
  -> Synchronising group "EXTRACT::TEMPS" in local mode
WARNING level 2 from host runnervmtr4k5.zs0lwgd0ffeubbsnnt10iv11ka.cx.internal.cloudapp.net process 0
  in thorn Carpet, file /home/runner/work/tests/tests/master/configs/sim/build/Carpet/Comm.cc:103:
  -> Synchronising group "EXTRACT::TEMPS" in local mode
WARNING level 2 from host runnervmtr4k5.zs0lwgd0ffeubbsnnt10iv11ka.cx.internal.cloudapp.net process 0
  in thorn Carpet, file /home/runner/work/tests/tests/master/configs/sim/build/Carpet/Comm.cc:103:
  -> Synchronising group "EXTRACT::TEMPS" in local mode
WARNING level 2 from host runnervmtr4k5.zs0lwgd0ffeubbsnnt10iv11ka.cx.internal.cloudapp.net process 0
  in thorn Carpet, file /home/runner/work/tests/tests/master/configs/sim/build/Carpet/Comm.cc:103:
  -> Synchronising group "EXTRACT::TEMPS" in local mode
WARNING level 2 from host runnervmtr4k5.zs0lwgd0ffeubbsnnt10iv11ka.cx.internal.cloudapp.net process 0
  in thorn Carpet, file /home/runner/work/tests/tests/master/configs/sim/build/Carpet/Comm.cc:103:
  -> Synchronising group "EXTRACT::TEMPS" in local mode
WARNING level 2 from host runnervmtr4k5.zs0lwgd0ffeubbsnnt10iv11ka.cx.internal.cloudapp.net process 0
  in thorn Carpet, file /home/runner/work/tests/tests/master/configs/sim/build/Carpet/Comm.cc:103:
  -> Synchronising group "EXTRACT::TEMPS" in local mode
WARNING level 2 from host runnervmtr4k5.zs0lwgd0ffeubbsnnt10iv11ka.cx.internal.cloudapp.net process 0
  in thorn Carpet, file /home/runner/work/tests/tests/master/configs/sim/build/Carpet/Comm.cc:103:
  -> Synchronising group "EXTRACT::TEMPS" in local mode
WARNING level 2 from host runnervmtr4k5.zs0lwgd0ffeubbsnnt10iv11ka.cx.internal.cloudapp.net process 0
  in thorn Carpet, file /home/runner/work/tests/tests/master/configs/sim/build/Carpet/Comm.cc:103:
  -> Synchronising group "EXTRACT::TEMPS" in local mode
WARNING level 2 from host runnervmtr4k5.zs0lwgd0ffeubbsnnt10iv11ka.cx.internal.cloudapp.net process 0
  in thorn Carpet, file /home/runner/work/tests/tests/master/configs/sim/build/Carpet/Comm.cc:103:
  -> Synchronising group "EXTRACT::TEMPS" in local mode
WARNING level 2 from host runnervmtr4k5.zs0lwgd0ffeubbsnnt10iv11ka.cx.internal.cloudapp.net process 0
  in thorn Carpet, file /home/runner/work/tests/tests/master/configs/sim/build/Carpet/Comm.cc:103:
  -> Synchronising group "EXTRACT::TEMPS" in local mode
WARNING level 2 from host runnervmtr4k5.zs0lwgd0ffeubbsnnt10iv11ka.cx.internal.cloudapp.net process 0
  in thorn Carpet, file /home/runner/work/tests/tests/master/configs/sim/build/Carpet/Comm.cc:103:
  -> Synchronising group "EXTRACT::TEMPS" in local mode
WARNING level 2 from host runnervmtr4k5.zs0lwgd0ffeubbsnnt10iv11ka.cx.internal.cloudapp.net process 0
  in thorn Carpet, file /home/runner/work/tests/tests/master/configs/sim/build/Carpet/Comm.cc:103:
  -> Synchronising group "EXTRACT::TEMPS" in local mode
WARNING level 2 from host runnervmtr4k5.zs0lwgd0ffeubbsnnt10iv11ka.cx.internal.cloudapp.net process 0
  in thorn Carpet, file /home/runner/work/tests/tests/master/configs/sim/build/Carpet/Comm.cc:103:
  -> Synchronising group "EXTRACT::TEMPS" in local mode
WARNING level 2 from host runnervmtr4k5.zs0lwgd0ffeubbsnnt10iv11ka.cx.internal.cloudapp.net process 0
  in thorn Carpet, file /home/runner/work/tests/tests/master/configs/sim/build/Carpet/Comm.cc:103:
  -> Synchronising group "EXTRACT::TEMPS" in local mode
WARNING level 2 from host runnervmtr4k5.zs0lwgd0ffeubbsnnt10iv11ka.cx.internal.cloudapp.net process 0
  in thorn Carpet, file /home/runner/work/tests/tests/master/configs/sim/build/Carpet/Comm.cc:103:
  -> Synchronising group "EXTRACT::TEMPS" in local mode
WARNING level 2 from host runnervmtr4k5.zs0lwgd0ffeubbsnnt10iv11ka.cx.internal.cloudapp.net process 0
  in thorn Carpet, file /home/runner/work/tests/tests/master/configs/sim/build/Carpet/Comm.cc:103:
  -> Synchronising group "EXTRACT::TEMPS" in local mode
WARNING level 2 from host runnervmtr4k5.zs0lwgd0ffeubbsnnt10iv11ka.cx.internal.cloudapp.net process 0
  in thorn Carpet, file /home/runner/work/tests/tests/master/configs/sim/build/Carpet/Comm.cc:103:
  -> Synchronising group "EXTRACT::TEMPS" in local mode
WARNING level 2 from host runnervmtr4k5.zs0lwgd0ffeubbsnnt10iv11ka.cx.internal.cloudapp.net process 0
  in thorn Carpet, file /home/runner/work/tests/tests/master/configs/sim/build/Carpet/Comm.cc:103:
  -> Synchronising group "EXTRACT::TEMPS" in local mode
      512     4.000 | 3.542227e+04
INFO (Carpet): Terminating due to cctk_final_time at t = 4.000000
# Carpet timing information at iteration 512 time 4:
main: 2.50293 2.3648 6.49794e+09 3.24897e+09 3.09147e+09 1.06298e+09 5.43497e+09
meta mode: 2.50293 2.36481 6.49797e+09 3.24898e+09 3.09147e+09 1.06298e+09 5.43499e+09
main/CarpetStartup: 0.02786 0.021893 7.23275e+07 7.23275e+07 0 7.23275e+07 7.23275e+07
main/CarpetStartup/AllocateGridHierarchy: 6e-06 6e-06 15990 15990 0 15990 15990
main/CarpetStartup/CarpetLib::gh::regrid: 0.026519 0.020711 6.88367e+07 1.20766e+06 995533 1.15544e+06 2.18275e+06
main/CarpetStartup/CarpetLib::dh::regrid: 8.1e-05 5.9e-05 194350 3409.65 3869.62 3120 7098
main/Initialise/CallInitial/Poison: 0.002259 0.001266 5.86466e+06 5.86466e+06 0 5.86466e+06 5.86466e+06
main/Initialise/CallInitial/CCTK_BASEGRID/CallFunction/thorns: 0.001386 0.000968 3.60464e+06 144186 1.14013e+06 16146 941330
main/CarpetStartup/CarpetLib::gh::regrid/CarpetLib::dh::regrid/region: 0.002171 0.001738 5.67346e+06 99534.4 389386 90818 484510
main/Initialise/CallInitial/CallRegridInitialMeta/Regrid/RegridMap/CarpetLib::gh::regrid/CarpetLib::dh::regrid/region: 0.000193 0.000169 500812 500812 0 500812 500812
main/CarpetStartup/CarpetLib::gh::regrid/CarpetLib::dh::regrid/test: 0.006012 0.004722 1.56274e+07 274165 138624 258232 395018
main/CarpetStartup/CarpetLib::gh::regrid/CarpetLib::dh::regrid/domain: 0.00076 0.000596 1.98541e+06 34831.8 95617 30498 119808
main/Initialise/CallInitial/CallRegridInitialMeta/Regrid/RegridMap/CarpetLib::gh::regrid/CarpetLib::dh::regrid/domain: 6.5e-05 5.6e-05 168792 168792 0 168792 168792
main/CarpetStartup/CarpetLib::gh::regrid/CarpetLib::dh::regrid/comm/refrest: 5.9e-05 4.9e-05 158184 2775.16 672.517 2730 3328
main/CarpetStartup/CarpetLib::gh::regrid/CarpetLib::dh::regrid/comm/mgprol: 5.8e-05 4.5e-05 157846 2769.23 707.394 2730 3458
main/CarpetStartup/CarpetLib::dh::recompose: 6.1e-05 4.9e-05 165204 2898.32 494.828 2860 3302
main/CarpetStartup/CarpetLib::gh::regrid/CarpetLib::dh::regrid/buffers: 0.00952 0.007501 2.47658e+07 434487 160677 417326 525382
main/CarpetStartup/CarpetLib::gh::regrid/CarpetLib::dh::regrid: 0.026327 0.02057 6.83335e+07 1.19883e+06 987203 1.14683e+06 2.16536e+06
main/CarpetStartup/CarpetLib::gh::regrid/CarpetLib::dh::regrid/bcast_comm: 0.00521 0.003933 1.35171e+07 237142 134342 230360 358956
main/CarpetStartup/CarpetLib::gh::regrid/CarpetLib::dh::regrid/comm/sync: 6.5e-05 4.7e-05 161018 2824.88 594.589 2756 3302
main/CarpetStartup/CarpetLib::gh::regrid/CarpetLib::dh::regrid/mask: 0.000306 0.000244 797914 13998.5 41479.4 7488 48906
main/CarpetStartup/CarpetLib::gh::regrid/CarpetLib::dh::regrid/bcast_boxes: 0.000119 9.6e-05 307346 5392.04 46988.2 3978 51870
main/CarpetStartup/CarpetLib::gh::regrid/CarpetLib::dh::regrid/unusedpoints_mask: 6.8e-05 5.1e-05 172796 3031.51 1081.96 2938 3770
main/CarpetStartup/CarpetLib::gh::regrid/CarpetLib::dh::regrid/bcast_comm/ref_bnd_prol: 0.000459 0.000353 1.19727e+06 21004.8 13220.3 20280 33254
main/CarpetStartup/CarpetLib::gh::regrid/CarpetLib::dh::regrid/bcast_comm/ref_prol/CarpetLib::dh::bs3: 7.4e-05 5e-05 166244 2916.56 879.494 2834 3562
main/CarpetStartup/CarpetLib::gh::regrid/CarpetLib::dh::regrid/comm: 0.000966 0.00076 2.50232e+06 43900.3 32880.6 42770 76180
main/CarpetStartup/CarpetLib::gh::regrid/CarpetLib::dh::regrid/bcast_comm/ref_prol: 0.000487 0.000376 1.27299e+06 22333.1 39649.5 20566 53482
main/CarpetStartup/CarpetLib::gh::regrid/CarpetLib::dh::regrid/bcast_comm/sync: 0.00047 0.000355 1.22359e+06 21466.4 25924 20410 43576
main/CarpetStartup/CarpetLib::gh::regrid/CarpetLib::dh::regrid/bcast_comm/ref_prol/CarpetLib::dh::bs1: 6.3e-05 5e-05 172796 3031.51 958.028 2886 3354
main/Initialise/CallInitial/CallRegridInitialMeta/Regrid/RegridMap/CarpetLib::gh::regrid/CarpetLib::dh::regrid/bcast_comm/ref_prol/CarpetLib::dh::bs1: 2e-06 1e-06 3458 3458 0 3458 3458
main/Initialise/CallInitial/CallRegridInitialMeta/Regrid/RegridMap/CarpetLib::gh::regrid/CarpetLib::dh::regrid/bcast_comm/sync: 1.9e-05 1.6e-05 47346 47346 0 47346 47346
main/Initialise/CallInitial/CallRegridInitialMeta/Regrid/RegridMap/CarpetLib::gh::regrid/CarpetLib::dh::regrid/comm/mgrest: 1e-06 1e-06 3042 3042 0 3042 3042
main/Initialise/CallInitial/CallRegridInitialMeta/Regrid/RegridMap/CarpetLib::gh::regrid/CarpetLib::dh::regrid/comm/mgprol: 2e-06 1e-06 2808 2808 0 2808 2808
main/Initialise/CallInitial/CallRegridInitialMeta/Regrid/RegridMap/CarpetLib::gh::regrid/CarpetLib::dh::regrid/comm/refprol: 1e-06 1e-06 2756 2756 0 2756 2756
main/Initialise/CallInitial/CallRegridInitialMeta/Regrid/RegridMap/CarpetLib::gh::regrid/CarpetLib::dh::regrid/comm/sync: 1e-06 2e-06 3276 3276 0 3276 3276
main/Initialise/CallInitial/CallRegridInitialMeta/Regrid/RegridMap/CarpetLib::gh::regrid/CarpetLib::dh::regrid/comm/refbndprol: 1e-06 0 2782 2782 0 2782 2782
main/CarpetStartup/CarpetLib::gh::regrid/CarpetLib::dh::regrid/bcast_comm/ref_prol/CarpetLib::dh::bs2: 9.2e-05 7.4e-05 227396 3989.4 15099.8 3198 18668
main/CarpetStartup/CarpetLib::gh::regrid/CarpetLib::dh::regrid/bcast_comm/sync/CarpetLib::dh::bs1: 6.5e-05 4.6e-05 187460 3288.77 20871.7 2860 23972
main/CarpetStartup/CarpetLib::gh::regrid/CarpetLib::dh::regrid/bcast_comm/sync/CarpetLib::dh::bs2: 8.2e-05 6.2e-05 198328 3479.44 1274.33 3172 3874
main/CarpetStartup/CarpetLib::gh::regrid/CarpetLib::dh::regrid/bcast_comm/sync/CarpetLib::dh::bs3: 6.1e-05 4.7e-05 168454 2955.33 258.261 2912 3094
main/CarpetStartup/CarpetLib::gh::regrid/CarpetLib::dh::regrid/bcast_comm/ref_refl_prol: 0.0024 0.001812 6.22762e+06 109257 30136.4 107874 135642
main/CarpetStartup/CarpetLib::gh::regrid/CarpetLib::dh::regrid/bcast_comm/ref_bnd_prol/CarpetLib::dh::bs1: 6.3e-05 4.9e-05 166270 2917.02 496.646 2860 3224
main/CarpetStartup/CarpetLib::gh::regrid/CarpetLib::dh::regrid/bcast_comm/ref_bnd_prol/CarpetLib::dh::bs2: 8e-05 6.4e-05 192946 3385.02 1608.41 3172 4732
main/CarpetStartup/CarpetLib::gh::regrid/CarpetLib::dh::regrid/bcast_comm/old2new_sync: 0.000464 0.000343 1.20801e+06 21193.2 28039.8 20202 45188
main/CarpetStartup/CarpetLib::gh::regrid/CarpetLib::dh::regrid/bcast_comm/ref_refl_prol/CarpetLib::dh::bs1: 0.000386 0.000289 1.01423e+06 2965.6 25809.2 2860 28730
main/CarpetStartup/CarpetLib::gh::regrid/CarpetLib::dh::regrid/bcast_comm/ref_bnd_prol/CarpetLib::dh::bs3: 6.1e-05 5.1e-05 165516 2903.79 1629.58 2834 4498
main/CarpetStartup/CarpetLib::gh::regrid/CarpetLib::dh::regrid/bcast_comm/ref_refl_prol/CarpetLib::dh::bs3: 0.000374 0.000291 980850 2867.98 520.496 2834 3120
main/CarpetStartup/CarpetLib::gh::regrid/CarpetLib::dh::regrid/bcast_comm/ref_refl_prol/CarpetLib::dh::bs2: 0.000428 0.000324 1.10217e+06 3222.71 1690.63 3120 3718
main/CarpetStartup/CarpetLib::gh::regrid/CarpetLib::dh::regrid/bcast_comm/old2new_sync/CarpetLib::dh::bs2: 8.4e-05 5.4e-05 184184 3231.3 1416.35 3146 4316
main/CarpetStartup/CarpetLib::gh::regrid/CarpetLib::dh::regrid/bcast_comm/old2new_sync/CarpetLib::dh::bs3: 6e-05 4.7e-05 164450 2885.09 843.27 2834 3692
main/CarpetStartup/CarpetLib::gh::regrid/CarpetLib::dh::regrid/bcast_comm/old2new_sync/CarpetLib::dh::bs1: 6.4e-05 4.8e-05 166920 2928.42 675.631 2860 3484
main/CarpetStartup/CarpetLib::gh::regrid/CarpetLib::dh::regrid/bcast_comm/old2new_ref_prol/CarpetLib::dh::bs1: 6.4e-05 4.7e-05 189046 3316.6 23149.1 2860 26260
main/CarpetStartup/CarpetLib::gh::regrid/CarpetLib::dh::regrid/bcast_comm/old2new_ref_prol/CarpetLib::dh::bs2: 7.2e-05 5.6e-05 183196 3213.96 919.793 3120 3900
main/CarpetStartup/CarpetLib::gh::regrid/CarpetLib::dh::regrid/bcast_comm/old2new_ref_prol: 0.000468 0.000347 1.21269e+06 21275.3 27195.7 20410 45136
main/CarpetStartup/CarpetLib::gh::regrid/CarpetLib::dh::regrid/bcast_comm/old2new_ref_prol/CarpetLib::dh::bs3: 6.5e-05 5.2e-05 165230 2898.77 787.008 2834 3588
main/CarpetStartup/CarpetLib::gh::regrid/CarpetLib::dh::regrid/comm/refprol: 5.9e-05 4.7e-05 156312 2742.32 104.682 2730 2782
main/CarpetStartup/CarpetLib::gh::regrid/CarpetLib::dh::regrid/comm/refbndprol: 6.3e-05 5.1e-05 157612 2765.12 361.187 2730 3042
main/CarpetStartup/CarpetLib::gh::regrid/CarpetLib::dh::regrid/comm/reflux: 6e-05 4.6e-05 158470 2780.18 251.703 2756 2938
main/Evolve/CallEvol/CCTK_EVOL/CallFunction/thorns/MoL_InitRHS: 0.001072 0.001072 2.79152e+06 348940 173397 263510 429026
main/CarpetStartup/CarpetLib::gh::regrid/CarpetLib::dh::regrid/comm/mgrest: 6.2e-05 4.8e-05 159146 2792.04 420.452 2756 3068
main/CarpetStartup/CheckRegions: 1e-06 1e-06 3354 3354 0 3354 3354
meta mode/meta mode/global mode: 2.43671 2.33757 6.32603e+09 1.91698e+08 5.03053e+09 19812 5.11725e+09
meta mode/meta mode/global mode/leave_level_mode: 0.00022 0.000164 580866 4800.55 30601.5 4108 34528
meta mode/meta mode/global mode/level(0)/leave_local_mode: 0.001224 0.000963 3.15229e+06 8041.56 83290.1 2834 49036
meta mode/meta mode/global mode/level(0)/leave_singlemap_mode: 0.000659 0.000488 1.78537e+06 4463.42 47202.2 2834 39520
meta mode/meta mode/leave_global_mode: 0.000212 0.000156 554450 16801.5 70563.1 8086 61256
meta mode/meta mode: 2.47503 2.34286 6.42552e+09 3.21276e+09 3.04024e+09 1.06298e+09 5.36254e+09
meta mode/meta mode/global mode/level(0): 2.43366 2.33566 6.31814e+09 5.2216e+07 5.06167e+09 16224 5.06139e+09
main/Initialise/CarpetLib::ggf::recompose_crop: 0.000782 2.6e-05 1.88534e+06 3307.61 18975 2834 17654
main/Initialise/CarpetLib::ggf::recompose_allocate: 0.000771 1.9e-05 2.05397e+06 3603.46 46703.8 3172 31304
main/Initialise: 2.06502 1.95289 5.36108e+09 5.36108e+09 0 5.36108e+09 5.36108e+09
main/Initialise/dh::recompose_free_old: 0.000648 1.9e-05 1.68459e+06 2955.42 9623.44 2860 8918
main/Initialise/CallSetup/Poison: 0.000553 0 1.43684e+06 1.43684e+06 0 1.43684e+06 1.43684e+06
meta mode/meta mode/enter_global_mode: 0.001226 0.000723 3.1941e+06 99815.6 373803 48750 242502
meta mode/meta mode/global mode/enter_level_mode: 0.00021 0.000159 556998 4641.65 8250.65 4160 10686
main/Initialise/CallSetup: 0.001931 0 5.01108e+06 5.01108e+06 0 5.01108e+06 5.01108e+06
meta mode/meta mode/global mode/level(0)/enter_local_mode: 0.003085 0.002519 8.11517e+06 20754.9 248764 2834 92716
main/Initialise/CallSetup/CCTK_WRAGH/CallFunction: 0.000716 0 1.85669e+06 103149 472769 22074 491244
main/Initialise/CallSetup/CCTK_WRAGH: 0.000835 0 2.16731e+06 2.16731e+06 0 2.16731e+06 2.16731e+06
meta mode/meta mode/global mode/level(0)/enter_singlemap_mode: 0.000707 0.000526 1.81093e+06 4538.66 41421.7 2860 33696
main/Initialise/CallSetup/CCTK_WRAGH/CallFunction/thorns/Einstein_InitSymBound: 1.6e-05 0 39936 39936 0 39936 39936
main/Initialise/CallSetup/CCTK_WRAGH/CallFunction/thorns/Boundary_RegisterBCs: 6e-06 0 16120 16120 0 16120 16120
main/Initialise/CallSetup/CCTK_WRAGH/CallFunction/thorns: 0.000456 0 1.18414e+06 65785.8 372761 15574 399204
main/Initialise/CallSetup/CCTK_WRAGH/CallFunction/thorns/CarpetRegrid2_Initialise: 1.8e-05 0 48022 48022 0 48022 48022
main/Initialise/CallSetup/CCTK_WRAGH/CallFunction/thorns/RegisterCartGrid3DCoords: 2.7e-05 0 71708 71708 0 71708 71708
main/Initialise/CallSetup/CCTK_WRAGH/CallFunction/thorns/Einstein_ActivateSlicing: 4e-06 0 10920 10920 0 10920 10920
main/Initialise/CallSetup/CCTK_WRAGH/CallFunction/thorns/Einstein_SetNextSlicing: 2e-06 0 4966 4966 0 4966 4966
main/Initialise/CallSetup/CCTK_WRAGH/CallFunction/thorns/MoL_SetupIndexArrays: 2.9e-05 0 76466 76466 0 76466 76466
main/Initialise/CallSetup/CCTK_WRAGH/CallFunction/thorns/ML_BSSN_ParamCompat: 0.000146 0 381706 381706 0 381706 381706
main/Initialise/CallSetup/CCTK_WRAGH/CallFunction/thorns/ML_BSSN_RegisterVars: 5.2e-05 0 134862 134862 0 134862 134862
main/Initialise/CallInitial/CallRegridInitialMeta/Regrid/RegridMap/CarpetLib::gh::regrid: 0.000902 0.000782 2.34211e+06 2.34211e+06 0 2.34211e+06 2.34211e+06
main/Initialise/CallSetup/CCTK_WRAGH/CallFunction/thorns/TmunuBase_SetStressEnergyState: 5e-06 0 14560 14560 0 14560 14560
main/Initialise/CallSetup/CCTK_WRAGH/CallFunction/thorns/ML_BSSN_RegisterConstrained: 5e-06 0 13650 13650 0 13650 13650
main/Initialise/CallSetup/CCTK_WRAGH/CallFunction/thorns/Slab_InitTimers: 1.5e-05 0 38116 38116 0 38116 38116
main/Initialise/CallSetup/CCTK_WRAGH/CallFunction/thorns/MoL_SetScheduleStatus: 2e-06 0 3848 3848 0 3848 3848
main/Initialise/CallSetup/CCTK_WRAGH/CallFunction/thorns/CartGrid3D_RegisterSymmetryBoundaries: 5e-06 0 13650 13650 0 13650 13650
main/Initialise/CallSetup/CCTK_WRAGH/CallFunction/thorns/ML_BSSN_RegisterSymmetries: 2.7e-05 0 68562 68562 0 68562 68562
main/Initialise/CallSetup/CCTK_WRAGH/CallFunction/thorns/ReflectionSymmetry_Register: 4e-06 0 11492 11492 0 11492 11492
main/Initialise/CallSetup/CCTK_WRAGH/CallFunction/thorns/SymBase_Statistics: 3e-06 0 7618 7618 0 7618 7618
main/Initialise/CallSetup/CCTK_WRAGH/CallFunction/thorns/MoL_ReportNumberVariables: 3e-06 0 9438 9438 0 9438 9438
main/Initialise/CallSetup/CCTK_PARAMCHECK: 0.000414 0 1.07424e+06 1.07424e+06 0 1.07424e+06 1.07424e+06
main/Initialise/CallSetup/CCTK_PARAMCHECK/CallFunction: 0.00032 0 828334 51770.9 215397 20696 199966
main/Initialise/CallSetup/CCTK_PARAMCHECK/CallFunction/thorns: 0.000245 0 601770 37610.6 162738 14274 165802
main/Initialise/CallSetup/CCTK_PARAMCHECK/CallFunction/thorns/ADMBase_ParamCheck: 1e-06 0 4212 4212 0 4212 4212
main/Initialise/CallSetup/CCTK_PARAMCHECK/CallFunction/thorns/Boundary_Check: 2e-06 0 3640 3640 0 3640 3640
main/Initialise/CallSetup/CCTK_PARAMCHECK/CallFunction/thorns/CarpetLib_test_prolongate_3d_rf2: 1.4e-05 0 36322 36322 0 36322 36322
main/Initialise/CallSetup/CCTK_PARAMCHECK/CallFunction/thorns/CarpetSurfaceParamCheck: 2e-06 0 4212 4212 0 4212 4212
main/Initialise/CallSetup/CCTK_PARAMCHECK/CallFunction/thorns/CarpetRegrid2_ParamCheck: 1.1e-05 0 30056 30056 0 30056 30056
main/Initialise/CallSetup/CCTK_PARAMCHECK/CallFunction/thorns/CarpetParamCheck: 9e-06 0 25298 25298 0 25298 25298
main/Initialise/CallSetup/CCTK_PARAMCHECK/CallFunction/thorns/dissipation_paramcheck: 2e-06 0 4394 4394 0 4394 4394
main/Initialise/CallSetup/CCTK_PARAMCHECK/CallFunction/thorns/Extract_ParamCheck: 2e-06 0 4472 4472 0 4472 4472
main/Initialise/CallSetup/CCTK_PARAMCHECK/CallFunction/thorns/CheckFortranParameters: 2e-06 0 4758 4758 0 4758 4758
main/Initialise/CallSetup/CCTK_PARAMCHECK/CallFunction/thorns/ML_BSSN_ParamCheck: 3.5e-05 0 92352 92352 0 92352 92352
main/Initialise/CallSetup/CCTK_PARAMCHECK/CallFunction/thorns/ParamCheck_CartGrid3D: 3e-06 0 9568 9568 0 9568 9568
main/Initialise/CallSetup/CCTK_PARAMCHECK/CallFunction/thorns/MoL_ParamCheck: 2e-06 0 5408 5408 0 5408 5408
main/Initialise/CallSetup/CCTK_PARAMCHECK/CallFunction/thorns/SphericalSurface_ParamCheck: 2e-06 0 6032 6032 0 6032 6032
main/Initialise/CallSetup/CCTK_PARAMCHECK/CallFunction/thorns/TmunuBase_ParamCheck: 2e-06 0 3354 3354 0 3354 3354
main/Initialise/CallSetup/CCTK_PARAMCHECK/CallFunction/thorns/TwoPunctures_ParamCheck: 5e-06 0 13728 13728 0 13728 13728
main/Initialise/CallSetup/CCTK_PARAMCHECK/CallFunction/thorns/Vectors_Test: 6e-05 0 154778 154778 0 154778 154778
main/Initialise/CallInitial: 1.97606 1.89748 5.13015e+09 5.13015e+09 0 5.13015e+09 5.13015e+09
main/Initialise/CallInitial/CallRegridInitialMeta: 0.001749 0.000996 4.54012e+06 4.54012e+06 0 4.54012e+06 4.54012e+06
main/Initialise/CallInitial/CallRegridInitialMeta/Regrid: 0.001546 0.000837 4.0144e+06 4.0144e+06 0 4.0144e+06 4.0144e+06
main/Initialise/CallInitial/CallRegridInitialMeta/CCTK_PREREGRIDINITIAL: 4e-06 0 9386 9386 0 9386 9386
main/Initialise/CallInitial/CallRegridInitialMeta/Regrid/CarpetRegrid2::RegridMaps: 0.000539 0 1.39836e+06 1.39836e+06 0 1.39836e+06 1.39836e+06
main/Initialise/CallInitial/CallRegridInitialMeta/Regrid/RegridMap/CarpetLib::gh::regrid/CarpetLib::dh::regrid/comm/refrest: 1e-06 1e-06 3796 3796 0 3796 3796
main/Initialise/CallInitial/CallRegridInitialMeta/Regrid/RegridMap/CarpetLib::gh::regrid/CarpetLib::dh::regrid/comm/reflux: 1e-06 1e-06 2938 2938 0 2938 2938
main/Initialise/CallInitial/CallRegridInitialMeta/Regrid/RegridMap/CarpetLib::gh::regrid/CarpetLib::dh::regrid/mask: 4e-06 3e-06 9230 9230 0 9230 9230
main/Initialise/CallInitial/CallRegridInitialMeta/Regrid/RegridMap/CarpetLib::gh::regrid/CarpetLib::dh::regrid/bcast_boxes: 9e-06 8e-06 23998 23998 0 23998 23998
main/Evolve/CallEvol/CCTK_EVOL/CallFunction/thorns/MoL_AllocateScratch: 4e-06 2e-06 8840 4420 183.848 4290 4550
main/Initialise/CallInitial/CallRegridInitialMeta/Regrid/RegridMap/CarpetLib::gh::regrid/CarpetLib::dh::regrid/bcast_comm/sync/CarpetLib::dh::bs1: 1e-06 1e-06 3328 3328 0 3328 3328
main/Evolve/CallEvol: 0.287176 0.279725 7.4554e+08 1.45613e+06 5.2526e+08 2730 3.79785e+08
main/Initialise/CallInitial/CallRegridInitialMeta/Regrid/PostRegrid: 3e-05 2.6e-05 76128 76128 0 76128 76128
main/Initialise/CallInitial/CallRegridInitialMeta/Regrid/RegridMap/CarpetLib::gh::regrid/CarpetLib::dh::regrid: 0.000893 0.00078 2.31964e+06 2.31964e+06 0 2.31964e+06 2.31964e+06
main/Evolve/CallRegrid/Regrid/PostRegrid: 3e-05 2.9e-05 77480 77480 0 77480 77480
main/Initialise/CallInitial/CCTK_BASEGRID/CallFunction/thorns/dissipation_basegrid: 1.2e-05 1.2e-05 30368 30368 0 30368 30368
main/Initialise/CallInitial/CCTK_BASEGRID/CallFunction/thorns/NaNChecker_ResetCounter: 2e-06 2e-06 4862 4862 0 4862 4862
main/Initialise/CallInitial/CallRegridInitialMeta/Regrid/RegridMap/CarpetLib::gh::regrid/CarpetLib::dh::regrid/buffers: 0.000186 0.000163 483756 483756 0 483756 483756
main/Initialise/CallInitial/CallRegridInitialMeta/Regrid/RegridMap/CarpetLib::gh::regrid/CarpetLib::dh::regrid/test: 0.000146 0.000128 379210 379210 0 379210 379210
main/Initialise/CallInitial/CallRegridInitialMeta/Regrid/RegridMap: 0.000934 0.000802 2.42577e+06 2.42577e+06 0 2.42577e+06 2.42577e+06
main/Initialise/CallInitial/CallRegridInitialMeta/Recompose: 0.000135 0.000133 351260 351260 0 351260 351260
main/Initialise/CallInitial/CallRegridInitialMeta/RegridFree: 3e-06 3e-06 6552 6552 0 6552 6552
main/Initialise/CallInitial/CCTK_BASEGRID/CallFunction/thorns/SpatialCoordinates: 0.000357 0.000357 926744 926744 0 926744 926744
main/Initialise/CallInitial/CCTK_BASEGRID/CallFunction/thorns/MaskBase_AllocateMask: 0.00024 0.00024 623558 623558 0 623558 623558
main/Initialise/CallInitial/CallRegridInitialMeta/Regrid/RegridMap/CarpetLib::gh::regrid/CarpetLib::dh::regrid/comm: 3.4e-05 3e-05 88218 88218 0 88218 88218
main/Initialise/CallInitial/CallRegridInitialMeta/Regrid/RegridMap/CarpetLib::gh::regrid/CarpetLib::dh::regrid/unusedpoints_mask: 1e-06 2e-06 3588 3588 0 3588 3588
main/Initialise/CallInitial/CallRegridInitialMeta/Regrid/RegridMap/CarpetLib::gh::regrid/CarpetLib::dh::regrid/bcast_comm/ref_prol/CarpetLib::dh::bs2: 3e-06 3e-06 8320 8320 0 8320 8320
main/Initialise/CallInitial/CallRegridInitialMeta/Regrid/RegridMap/CarpetLib::gh::regrid/CarpetLib::dh::regrid/bcast_comm/ref_prol/CarpetLib::dh::bs3: 1e-06 1e-06 3094 3094 0 3094 3094
main/Initialise/CallInitial/CallRegridInitialMeta/Regrid/RegridMap/CarpetLib::gh::regrid/CarpetLib::dh::regrid/bcast_comm/ref_bnd_prol: 1.5e-05 1.3e-05 38428 38428 0 38428 38428
main/Initialise/CallInitial/CallRegridInitialMeta/Regrid/RegridMap/CarpetLib::gh::regrid/CarpetLib::dh::regrid/bcast_comm: 0.000162 0.000142 420576 420576 0 420576 420576
main/Initialise/CallInitial/CCTK_BASEGRID: 0.002174 0.001448 5.64291e+06 5.64291e+06 0 5.64291e+06 5.64291e+06
main/Initialise/CallInitial/CCTK_BASEGRID/CallFunction/thorns/SphericalSurface_SetupRes: 4e-06 4e-06 9854 9854 0 9854 9854
main/Evolve/CallRegrid/Regrid/RegridMap/CarpetLib::gh::regrid/CarpetLib::dh::regrid/test: 0.000159 0.000159 413036 413036 0 413036 413036
main/Initialise/CallInitial/CCTK_BASEGRID/CallFunction/thorns/SphericalSurface_Setup: 5e-06 5e-06 14846 14846 0 14846 14846
main/Initialise/CallInitial/CallRegridInitialMeta/Regrid/RegridMap/CarpetLib::gh::regrid/CarpetLib::dh::regrid/bcast_comm/sync/CarpetLib::dh::bs2: 2e-06 2e-06 3718 3718 0 3718 3718
main/Initialise/CallInitial/CallRegridInitialMeta/Regrid/RegridMap/CarpetLib::gh::regrid/CarpetLib::dh::regrid/bcast_comm/sync/CarpetLib::dh::bs3: 2e-06 1e-06 3016 3016 0 3016 3016
main/Initialise/CallInitial/CallRegridInitialMeta/Regrid/RegridMap/CarpetLib::gh::regrid/CarpetLib::dh::regrid/bcast_comm/ref_refl_prol: 5.3e-05 4.6e-05 137150 137150 0 137150 137150
main/Initialise/CallInitial/CallRegridInitialMeta/Regrid/RegridMap/CarpetLib::gh::regrid/CarpetLib::dh::regrid/bcast_comm/ref_bnd_prol/CarpetLib::dh::bs1: 2e-06 1e-06 3042 3042 0 3042 3042
main/Initialise/CallInitial/CallRegridInitialMeta/Regrid/RegridMap/CarpetLib::gh::regrid/CarpetLib::dh::regrid/bcast_comm/ref_bnd_prol/CarpetLib::dh::bs2: 1e-06 1e-06 3406 3406 0 3406 3406
main/Initialise/CallInitial/CallRegridInitialMeta/Regrid/RegridMap/CarpetLib::gh::regrid/CarpetLib::dh::regrid/bcast_comm/ref_bnd_prol/CarpetLib::dh::bs3: 1e-06 1e-06 2990 2990 0 2990 2990
main/Initialise/CallInitial/CallRegridInitialMeta/Regrid/RegridMap/CarpetLib::gh::regrid/CarpetLib::dh::regrid/bcast_comm/old2new_sync: 1.5e-05 1.4e-05 40794 40794 0 40794 40794
main/Initialise/CallInitial/CallRegridInitialMeta/Regrid/RegridMap/CarpetLib::gh::regrid/CarpetLib::dh::regrid/bcast_comm/ref_refl_prol/CarpetLib::dh::bs1: 8e-06 6e-06 17420 2903.33 130.864 2860 3016
main/Initialise/CallInitial/CallRegridInitialMeta/Regrid/RegridMap/CarpetLib::gh::regrid/CarpetLib::dh::regrid/bcast_comm/ref_refl_prol/CarpetLib::dh::bs3: 7e-06 6e-06 17316 2886 116.276 2860 2990
main/Initialise/CallInitial/CallRegridInitialMeta/Regrid/RegridMap/CarpetLib::gh::regrid/CarpetLib::dh::regrid/bcast_comm/old2new_sync/CarpetLib::dh::bs1: 1e-06 1e-06 3068 3068 0 3068 3068
main/Initialise/CallInitial/CallRegridInitialMeta/Regrid/RegridMap/CarpetLib::gh::regrid/CarpetLib::dh::regrid/bcast_comm/old2new_sync/CarpetLib::dh::bs2: 1e-06 1e-06 3536 3536 0 3536 3536
main/Initialise/CallInitial/CallRegridInitialMeta/Regrid/RegridMap/CarpetLib::gh::regrid/CarpetLib::dh::regrid/bcast_comm/old2new_sync/CarpetLib::dh::bs3: 1e-06 1e-06 2964 2964 0 2964 2964
main/Initialise/CallInitial/CallRegridInitialMeta/Regrid/RegridMap/CarpetLib::gh::regrid/CarpetLib::dh::regrid/bcast_comm/old2new_ref_prol: 1.9e-05 1.6e-05 48828 48828 0 48828 48828
main/Initialise/CallInitial/CallRegridInitialMeta/Regrid/RegridMap/CarpetLib::gh::regrid/CarpetLib::dh::regrid/bcast_comm/old2new_ref_prol/CarpetLib::dh::bs1: 1e-06 1e-06 3094 3094 0 3094 3094
main/Initialise/CallInitial/CallRegridInitialMeta/Regrid/RegridMap/CarpetLib::gh::regrid/CarpetLib::dh::regrid/bcast_comm/old2new_ref_prol/CarpetLib::dh::bs2: 2e-06 1e-06 3588 3588 0 3588 3588
main/Initialise/CallInitial/CallRegridInitialMeta/Regrid/RegridMap/CarpetLib::gh::regrid/CarpetLib::dh::regrid/bcast_comm/old2new_ref_prol/CarpetLib::dh::bs3: 2e-06 1e-06 3146 3146 0 3146 3146
main/Initialise/CallInitial/CallRegridInitialMeta/Regrid/RegridMap/CarpetLib::gh::regrid/CarpetLib::dh::regrid/bcast_comm/ref_refl_prol/CarpetLib::dh::bs2: 8e-06 8e-06 20072 3345.33 377.97 3198 3640
main/Initialise/CallInitial/CCTK_BASEGRID/CallFunction/thorns/ADMBase_SetShiftStateOn: 3e-06 3e-06 6812 6812 0 6812 6812
main/Initialise/CallInitial/CCTK_BASEGRID/CallFunction/thorns/ADMBase_SetDtLapseStateOn: 2e-06 2e-06 4004 4004 0 4004 4004
main/Initialise/CallInitial/CCTK_BASEGRID/CallFunction/thorns/ADMBase_SetDtShiftStateOn: 1e-06 1e-06 3406 3406 0 3406 3406
main/Initialise/CallInitial/CCTK_BASEGRID/CallFunction/thorns/ADMMacros_SetLocalSpatialOrder: 1e-06 1e-06 4342 4342 0 4342 4342
main/Initialise/CallInitial/CCTK_BASEGRID/CallFunction/thorns/SpatialSpacings: 4.5e-05 4.4e-05 116766 116766 0 116766 116766
main/Initialise/CallInitial/CCTK_BASEGRID/CallFunction: 0.001985 0.001331 5.15172e+06 206069 1.14751e+06 45214 997516
main/Initialise/CallInitial/CCTK_BASEGRID/CallFunction/thorns/MaskBase_AllocateMask/CarpetLib::ggf::recompose_crop: 2e-06 2e-06 7410 3705 422.85 3406 4004
main/Initialise/CallInitial/CCTK_BASEGRID/CallFunction/thorns/MaskBase_AllocateMask/CarpetLib::ggf::recompose_allocate: 4e-06 4e-06 9880 4940 1912.02 3588 6292
main/Initialise/CallInitial/CCTK_BASEGRID/CallFunction/thorns/MaskBase_AllocateMask/dh::recompose_free_old: 3e-06 3e-06 6318 3159 202.233 3016 3302
main/Initialise/CallInitial/CCTK_BASEGRID/CallFunction/thorns/MaskBase_InitMask: 8.8e-05 8.8e-05 228748 228748 0 228748 228748
main/Initialise/CallInitial/CCTK_BASEGRID/CallFunction/thorns/CoordBase_SetupMask: 0.000118 0.000111 307658 307658 0 307658 307658
main/Initialise/CallInitial/CCTK_BASEGRID/CallFunction/thorns/CarpetExcludedSetup: 4e-06 0 10426 10426 0 10426 10426
main/Initialise/CallInitial/CCTK_BASEGRID/CallFunction/thorns/CarpetSurfaceSetup: 4e-06 0 12246 12246 0 12246 12246
main/Initialise/CallInitial/CCTK_BASEGRID/CallFunction/thorns/CarpetMaskSetup: 1.8e-05 1.5e-05 45474 45474 0 45474 45474
main/Initialise/CallInitial/CCTK_BASEGRID/CallFunction/thorns/MaskBase_SetMask: 0.000139 0 361270 361270 0 361270 361270
main/Initialise/CallInitial/CCTK_BASEGRID/CallFunction/thorns/SphericalSurface_Set: 3e-06 0 7748 7748 0 7748 7748
main/Initialise/CallInitial/CCTK_BASEGRID/CallFunction/thorns/MaskBase_TestMask: 0.000157 0 410358 410358 0 410358 410358
main/Initialise/CallInitial/CCTK_BASEGRID/CallFunction/thorns/SphericalSurface_CheckState: 1e-06 0 4030 4030 0 4030 4030
main/Initialise/CallInitial/CCTK_BASEGRID/CallFunction/thorns/SBP_SetNormMask: 2.9e-05 0 75426 75426 0 75426 75426
main/Initialise/CallInitial/CCTK_BASEGRID/CallFunction/thorns/SymBase_Check: 2e-06 0 5356 5356 0 5356 5356
main/Initialise/CallInitial/CCTK_BASEGRID/CallFunction/thorns/Time_Initialise: 2e-06 0 4706 4706 0 4706 4706
main/Initialise/CallInitial/CCTK_INITIAL/CallFunction/thorns/TwoPunctures: 1.94932 1.87438 5.06073e+09 5.06073e+09 0 5.06073e+09 5.06073e+09
main/Initialise/CallInitial/CCTK_INITIAL/CallFunction/thorns/ADMBase_ShiftZero: 6.5e-05 6.1e-05 170248 170248 0 170248 170248
main/Initialise/CallInitial/CCTK_INITIAL/CallFunction/thorns/TwoPunctures_Metadata: 0.000199 0.000187 518336 518336 0 518336 518336
main/Initialise/CallInitial/CCTK_INITIAL/CallFunction/thorns/ADMBase_DtLapseZero: 2.3e-05 2.2e-05 62140 62140 0 62140 62140
main/Initialise/CallInitial/CCTK_INITIAL/CallFunction/thorns/ADMBase_DtShiftZero: 7.3e-05 6.9e-05 191490 191490 0 191490 191490
main/Initialise/CallInitial/CCTK_INITIAL/CallFunction/thorns/CarpetIOASCIIInit: 2e-06 2e-06 5746 5746 0 5746 5746
main/Initialise/CallInitial/CCTK_INITIAL/CallFunction/thorns/CarpetIOBasicInit: 2e-06 2e-06 4862 4862 0 4862 4862
main/Initialise/CallInitial/CCTK_INITIAL/CallFunction/thorns/CarpetIOScalarInit: 2e-06 2e-06 5044 5044 0 5044 5044
main/Initialise/CallInitial/CCTK_INITIAL/CallFunction/thorns/ML_BSSN_InitialADMBase1Everywhere: 0.002726 0.002726 7.07819e+06 7.07819e+06 0 7.07819e+06 7.07819e+06
main/Initialise/CallInitial/CCTK_INITIAL/CallFunction/thorns/ML_BSSN_InitialADMBase2BoundaryScalar: 0.000284 0.000282 738738 738738 0 738738 738738
main/Initialise/CallInitial/CCTK_INITIAL: 1.95611 1.88098 5.07836e+09 5.07836e+09 0 5.07836e+09 5.07836e+09
main/Initialise/CallInitial/CCTK_BASEGRID/CallFunction/thorns/TemporalSpacings: 4e-06 0 8970 8970 0 8970 8970
main/Initialise/CallInitial/CCTK_INITIAL/CallFunction: 1.9559 1.88087 5.0778e+09 3.627e+08 4.8755e+09 28366 5.06085e+09
main/Initialise/CallInitial/CCTK_INITIAL/CallFunction/thorns: 1.95547 1.8805 5.07669e+09 3.62621e+08 4.87548e+09 18174 5.06074e+09
main/Initialise/CallInitial/CCTK_INITIAL/CallFunction/thorns/StaticConformal_InitialiseState: 2e-06 0 4082 4082 0 4082 4082
main/Initialise/CallInitial/CCTK_INITIAL/CarpetLib::ggf::recompose_crop: 2e-06 0 3458 3458 0 3458 3458
main/Initialise/CallInitial/CCTK_INITIAL/CarpetLib::ggf::recompose_allocate: 1e-06 0 4108 4108 0 4108 4108
main/Initialise/CallInitial/CCTK_INITIAL/dh::recompose_free_old: 2e-06 0 3380 3380 0 3380 3380
main/Initialise/CallInitial/CallRegridInitialMeta/Regrid/RegridMap/CarpetLib::gh::regrid/CarpetLib::dh::regrid/bcast_comm/ref_prol: 1.9e-05 1.6e-05 48672 48672 0 48672 48672
main/Initialise/CallInitial/CCTK_BASEGRID/CallFunction/thorns/ML_BSSN_CheckBoundaries: 2e-06 2e-06 4238 4238 0 4238 4238
main/Initialise/CallInitial/CallRegridInitialMeta/Regrid/RegridMap/CheckRegions: 1e-06 0 3510 3510 0 3510 3510
main/Initialise/CallInitial/CCTK_INITIAL/CallFunction/thorns/ML_BSSN_InitialADMBase2Interior: 0.002435 0.002436 6.32346e+06 6.32346e+06 0 6.32346e+06 6.32346e+06
main/Initialise/CallInitial/CCTK_INITIAL/CallFunction/syncs: 9.4e-05 9.3e-05 241826 241826 0 241826 241826
main/Initialise/CallInitial/CCTK_INITIAL/CallFunction/syncs/Prolongate: 1e-06 1e-06 3484 3484 0 3484 3484
main/Initialise/CallInitial/CCTK_INITIAL/CallFunction/syncs/Sync: 7.8e-05 7.8e-05 201656 201656 0 201656 201656
main/Initialise/CallInitial/CCTK_INITIAL/CallFunction/syncs/Sync/comm_state[0].create: 6e-06 6e-06 16146 16146 0 16146 16146
main/Initialise/CallInitial/CCTK_INITIAL/CallFunction/syncs/Sync/comm_state[1].state_get_buffer_sizes.user: 5e-06 4e-06 10920 10920 0 10920 10920
main/Initialise/CallInitial/CCTK_INITIAL/CallFunction/syncs/Sync/comm_state[2].state_get_buffer_sizes.step: 2e-06 2e-06 6058 6058 0 6058 6058
main/Initialise/CallInitial/CCTK_INITIAL/CallFunction/syncs/Sync/comm_state[3].state_fill_send_buffers.user: 2e-06 2e-06 4368 4368 0 4368 4368
main/Initialise/CallInitial/CCTK_INITIAL/CallFunction/syncs/Sync/comm_state[4].state_fill_send_buffers.step: 1e-06 1e-06 3432 3432 0 3432 3432
main/Initialise/CallInitial/CCTK_INITIAL/CallFunction/syncs/Sync/comm_state[5].state_do_some_work.user: 2e-06 2e-06 4446 4446 0 4446 4446
main/Initialise/CallInitial/CCTK_INITIAL/CallFunction/syncs/Sync/comm_state[6].state_do_some_work.step: 2e-06 2e-06 5928 5928 0 5928 5928
main/Initialise/CallInitial/CCTK_INITIAL/CallFunction/syncs/Sync/comm_state[7].state_empty_recv_buffers.user: 2e-06 2e-06 4134 4134 0 4134 4134
main/Initialise/CallInitial/CCTK_INITIAL/CallFunction/syncs/Sync/comm_state[8].state_empty_recv_buffers.step: 2e-06 1e-06 4342 4342 0 4342 4342
main/Initialise/CallInitial/CCTK_INITIAL/CallFunction/thorns/MoL_StartLoop: 2e-06 3e-06 5642 5642 0 5642 5642
main/Initialise/CallInitial/CCTK_INITIAL/CallFunction/thorns/ML_BSSN_ExtrapolateGammas: 0.000233 0.000233 605956 605956 0 605956 605956
main/Initialise/CallInitial/CCTK_POSTINITIAL/CallFunction: 0.012103 0.012005 3.14279e+07 1.164e+06 1.48108e+07 15496 1.37725e+07
main/Initialise/CallInitial/CCTK_POSTINITIAL/CallFunction/thorns: 0.011476 0.011428 2.98041e+07 1.10386e+06 1.47946e+07 9204 1.3715e+07
main/Initialise/CallInitial/CCTK_POSTINITIAL/CallFunction/thorns/ML_BSSN_EnforceEverywhere: 0.000724 0.000724 1.88058e+06 1.88058e+06 0 1.88058e+06 1.88058e+06
main/Initialise/CallInitial/CCTK_POSTINITIAL/CallFunction/thorns/ML_BSSN_SelectBoundConds: 3.1e-05 3.1e-05 80912 80912 0 80912 80912
main/Initialise/CallInitial/CCTK_POSTINITIAL: 0.012281 0.012164 3.18826e+07 3.18826e+07 0 3.18826e+07 3.18826e+07
main/Initialise/CallInitial/CCTK_POSTINITIAL/CallFunction/syncs/Prolongate: 5e-06 5e-06 11882 2970.5 85.2467 2938 3042
main/Initialise/CallInitial/CCTK_POSTINITIAL/CallFunction/syncs/Sync: 0.000129 0.000129 331656 82914 68128 61412 141882
main/Initialise/CallInitial/CCTK_POSTINITIAL/CallFunction/syncs/Sync/comm_state[1].state_get_buffer_sizes.user: 1e-05 9e-06 23946 5986.5 3540.47 4810 9048
main/Initialise/CallInitial/CCTK_POSTINITIAL/CallFunction/syncs/Sync/comm_state[0].create: 5e-06 7e-06 13988 3497 308.733 3354 3744
main/Initialise/CallInitial/CCTK_POSTINITIAL/CallFunction/syncs/Sync/comm_state[2].state_get_buffer_sizes.step: 8e-06 7e-06 15002 3750.5 304.044 3562 3900
main/Initialise/CallInitial/CCTK_POSTINITIAL/CallFunction/syncs/Sync/comm_state[3].state_fill_send_buffers.user: 6e-06 5e-06 17394 4348.5 2706.34 3302 6656
main/Initialise/CallInitial/CCTK_POSTINITIAL/CallFunction/syncs/Sync/comm_state[4].state_fill_send_buffers.step: 5e-06 5e-06 12428 3107 375.878 2990 3432
main/Initialise/CallInitial/CCTK_POSTINITIAL/CallFunction/syncs/Sync/comm_state[5].state_do_some_work.user: 5e-06 7e-06 17004 4251 2591.28 3328 6474
main/Initialise/CallInitial/CCTK_POSTINITIAL/CallFunction/syncs/Sync/comm_state[6].state_do_some_work.step: 5e-06 6e-06 13104 3276 500.12 3068 3692
main/Initialise/CallInitial/CCTK_POSTINITIAL/CallFunction/syncs/Sync/comm_state[7].state_empty_recv_buffers.user: 6e-06 6e-06 17082 4270.5 2691.06 3276 6578
main/Initialise/CallInitial/CCTK_POSTINITIAL/CallFunction/syncs/Sync/comm_state[8].state_empty_recv_buffers.step: 5e-06 6e-06 13936 3484 272.69 3328 3692
main/Initialise/CallInitial/CCTK_POSTINITIAL/CallFunction/syncs: 0.000156 0.000155 403104 100776 82275.7 74828 171990
main/Initialise/CallInitial/CCTK_POSTINITIAL/CallFunction/thorns/Boundary_ApplyPhysicalBCs: 0.000542 0.000542 1.40907e+06 352268 836979 8762 1.03467e+06
main/Initialise/CallInitial/CCTK_POSTINITIAL/CallFunction/thorns/CartGrid3D_ApplyBC: 1.5e-05 1.5e-05 38194 9548.5 7049.54 5928 15080
main/Initialise/CallInitial/CCTK_POSTINITIAL/CallFunction/thorns/ReflectionSymmetry_Apply: 0.000268 0.000234 702650 175662 243983 35386 346944
main/Initialise/CallInitial/CCTK_POSTINITIAL/CallFunction/thorns/ML_BSSN_ADMBaseInterior: 0.00234 0.00234 6.07716e+06 6.07716e+06 0 6.07716e+06 6.07716e+06
main/Initialise/CallInitial/CCTK_POSTINITIAL/CallFunction/thorns/Boundary_ClearSelection: 7e-06 5e-06 16874 4218.5 1076.02 3484 4784
main/Initialise/CallInitial/CCTK_POSTINITIAL/CallFunction/thorns/ML_BSSN_ADMBaseBoundaryScalar: 0.000168 0.000168 436462 436462 0 436462 436462
main/Initialise/CallInitial/CCTK_POSTINITIAL/CallFunction/thorns/ML_BSSN_ADMBaseEverywhere: 0.001761 0.001762 4.57462e+06 4.57462e+06 0 4.57462e+06 4.57462e+06
main/Initialise/CallInitial/CCTK_POSTINITIAL/CallFunction/thorns/ML_BSSN_ADMBase_SelectBCs: 1.2e-05 1.2e-05 31772 31772 0 31772 31772
main/Initialise/CallInitial/CCTK_POSTINITIAL/CallFunction/thorns/ML_BSSN_ConstraintsEverywhere: 0.000181 0.000181 472550 472550 0 472550 472550
main/Initialise/CallInitial/CCTK_POSTINITIAL/CallFunction/thorns/ML_BSSN_ConstraintsEverywhere_SelectBCs: 1e-05 1e-05 24674 24674 0 24674 24674
main/Initialise/CallInitial/CCTK_POSTINITIAL/CallFunction/thorns/ML_BSSN_ConstraintsInterior: 0.005276 0.005276 1.36981e+07 1.36981e+07 0 1.36981e+07 1.36981e+07
main/Initialise/CallPostInitial: 0.056766 0.051734 1.4737e+08 1.4737e+08 0 1.4737e+08 1.4737e+08
main/Initialise/CallPostInitial/CCTK_POSTSTEP: 0.056653 0.051626 1.47076e+08 1.47076e+08 0 1.47076e+08 1.47076e+08
main/Initialise/CallPostInitial/CCTK_POSTPOSTINITIAL: 5e-06 5e-06 14092 14092 0 14092 14092
main/Initialise/CallPostInitial/CCTK_POSTSTEP/CallFunction: 0.056457 0.051437 1.4656e+08 9.15998e+06 1.19713e+08 46410 1.23499e+08
main/Initialise/CallPostInitial/CCTK_POSTSTEP/CallFunction/thorns: 0.05598 0.050986 1.45332e+08 9.08327e+06 1.19689e+08 18486 1.23405e+08
main/Initialise/CallPostInitial/CCTK_POSTSTEP/CallFunction/thorns/SphericalSurface_Set: 4e-06 3e-06 9828 9828 0 9828 9828
main/Initialise/CallPostInitial/CCTK_POSTSTEP/CallFunction/thorns/SphericalSurface_CheckState: 2e-06 2e-06 4290 4290 0 4290 4290
main/Initialise/CallPostInitial/CCTK_POSTSTEP/CarpetLib::ggf::recompose_crop: 3e-06 2e-06 7124 3562 294.156 3354 3770
main/Initialise/CallPostInitial/CCTK_POSTSTEP/CarpetLib::ggf::recompose_allocate: 5e-06 3e-06 9672 4836 1617.86 3692 5980
main/Initialise/CallPostInitial/CCTK_POSTSTEP/dh::recompose_free_old: 3e-06 3e-06 6318 3159 275.772 2964 3354
main/Initialise/CallInitial/CCTK_POSTINITIAL/CallFunction/thorns/ML_BSSN_ConstraintsInterior_SelectBCs: 1.2e-05 1.2e-05 33046 33046 0 33046 33046
main/Initialise/CallRestrict: 2e-06 1e-06 3380 3380 0 3380 3380
main/Initialise/CallInitial/CCTK_POSTINITIAL/CallFunction/thorns/SBP_CheckGridSizes: 3e-06 0 7644 7644 0 7644 7644
main/Initialise/CallPostInitial/CCTK_POSTSTEP/CallFunction/thorns/Extract: 0.047527 0.04255 1.23389e+08 1.23389e+08 0 1.23389e+08 1.23389e+08
main/Initialise/CallPostInitial/CCTK_POSTSTEP/CallFunction/thorns/NaNChecker_NaNCheck_Finish: 8e-06 8e-06 19812 19812 0 19812 19812
main/Initialise/CallPostInitial/CCTK_POSTSTEP/CallFunction/thorns/Extract/Prolongate: 4.8e-05 4.1e-05 86086 3311 1058.65 3120 4238
main/Initialise/CallPostInitial/CCTK_POSTSTEP/CallFunction/thorns/Extract/Sync: 0.000632 0.000615 1.62971e+06 62681 77507.3 58318 138008
main/Initialise/CallPostInitial/CCTK_POSTSTEP/CallFunction/thorns/Extract/Sync/comm_state[2].state_get_buffer_sizes.step: 3.5e-05 3.5e-05 90922 3497 1501.82 3250 4212
main/Initialise/CallPostInitial/CCTK_POSTSTEP/CallFunction/thorns/Extract/Sync/comm_state[3].state_fill_send_buffers.user: 3.1e-05 2.9e-05 83200 3200 395.889 3120 3536
main/Initialise/CallPostInitial/CCTK_POSTSTEP/CallFunction/thorns/Extract/Sync/comm_state[4].state_fill_send_buffers.step: 3.3e-05 3e-05 80002 3077 625.02 2990 3432
main/Initialise/CallPostInitial/CCTK_POSTSTEP/CallFunction/thorns/Extract/Sync/comm_state[5].state_do_some_work.user: 3.2e-05 3.2e-05 83928 3228 589.108 3146 3640
main/Initialise/CallPostInitial/CCTK_POSTSTEP/CallFunction/thorns/Extract/Sync/comm_state[6].state_do_some_work.step: 3.2e-05 3e-05 82576 3176 1048.22 3016 3926
main/Initialise/CallPostInitial/CCTK_POSTSTEP/CallFunction/thorns/Extract/Sync/comm_state[7].state_empty_recv_buffers.user: 3.3e-05 3.1e-05 82810 3185 418.026 3120 3562
main/Initialise/CallPostInitial/CCTK_POSTSTEP/CallFunction/thorns/Extract/Sync/comm_state[8].state_empty_recv_buffers.step: 3.2e-05 3.2e-05 86008 3308 1213.01 3172 4394
main/Initialise/CallPostInitial/CCTK_POSTSTEP/CallFunction/thorns/NaNChecker_NaNCheck_Prepare: 6e-06 6e-06 15600 15600 0 15600 15600
main/Initialise/CallPostInitial/CCTK_POSTSTEP/CallFunction/thorns/NaNChecker_TakeAction: 1e-06 1e-06 3900 3900 0 3900 3900
main/Initialise/CallPostInitial/CCTK_POSTSTEP/CallFunction/thorns/setup_epsdis: 1.3e-05 1.3e-05 33384 33384 0 33384 33384
main/Initialise/CallPostInitial/CCTK_POSTSTEP/CallFunction/syncs: 6.4e-05 6.2e-05 167128 167128 0 167128 167128
main/Initialise/CallPostInitial/CCTK_POSTSTEP/CallFunction/syncs/Prolongate: 1e-06 1e-06 3094 3094 0 3094 3094
main/Initialise/CallPostInitial/CCTK_POSTSTEP/CallFunction/syncs/Sync: 5.3e-05 5.1e-05 136838 136838 0 136838 136838
main/Initialise/CallPostInitial/CCTK_POSTSTEP/CallFunction/syncs/Sync/comm_state[1].state_get_buffer_sizes.user: 2e-06 2e-06 4810 4810 0 4810 4810
main/Initialise/CallPostInitial/CCTK_POSTSTEP/CallFunction/syncs/Sync/comm_state[0].create: 2e-06 2e-06 4342 4342 0 4342 4342
main/Initialise/CallPostInitial/CCTK_POSTSTEP/CallFunction/syncs/Sync/comm_state[2].state_get_buffer_sizes.step: 2e-06 2e-06 4394 4394 0 4394 4394
main/Initialise/CallPostInitial/CCTK_POSTSTEP/CallFunction/syncs/Sync/comm_state[3].state_fill_send_buffers.user: 2e-06 1e-06 3536 3536 0 3536 3536
main/Initialise/CallPostInitial/CCTK_POSTSTEP/CallFunction/syncs/Sync/comm_state[4].state_fill_send_buffers.step: 1e-06 1e-06 3354 3354 0 3354 3354
main/Initialise/CallPostInitial/CCTK_POSTSTEP/CallFunction/syncs/Sync/comm_state[5].state_do_some_work.user: 1e-06 1e-06 3458 3458 0 3458 3458
main/Initialise/CallPostInitial/CCTK_POSTSTEP/CallFunction/syncs/Sync/comm_state[6].state_do_some_work.step: 2e-06 2e-06 3900 3900 0 3900 3900
main/Initialise/CallPostInitial/CCTK_POSTSTEP/CallFunction/syncs/Sync/comm_state[7].state_empty_recv_buffers.user: 1e-06 2e-06 3328 3328 0 3328 3328
main/Initialise/CallPostInitial/CCTK_POSTSTEP/CallFunction/syncs/Sync/comm_state[8].state_empty_recv_buffers.step: 2e-06 2e-06 3978 3978 0 3978 3978
main/Initialise/CallAnalysis: 0.003 0.002039 7.78801e+06 7.78801e+06 0 7.78801e+06 7.78801e+06
main/Initialise/CallPostInitial/CCTK_POSTSTEP/CallFunction/thorns/MaskBase_AllocateMask: 1.7e-05 1.6e-05 46150 46150 0 46150 46150
main/Initialise/CallAnalysis/OutputGH/OutputGH/IOASCII::IOASCII_3D [5]/OutputGH<3>: 2e-06 2e-06 3796 3796 0 3796 3796
main/Initialise/CallAnalysis/OutputGH/OutputGH/IOASCII::IOASCII_3D [5]: 8e-06 8e-06 20150 20150 0 20150 20150
main/Initialise/CallAnalysis/OutputGH/OutputGH/IOASCII::IOASCII_2D [4]: 8e-06 9e-06 22048 22048 0 22048 22048
main/Evolve: 0.408658 0.388671 1.06092e+09 1.06092e+09 0 1.06092e+09 1.06092e+09
main/Evolve/DoTerminate: 0.000583 0.000111 1.43699e+06 2801.16 11755.3 2730 13104
main/Evolve/AdvanceTime: 0.000555 0.000107 1.51759e+06 2964.05 58056 2730 39520
main/Evolve/CallRegrid: 0.001839 0.001832 4.77295e+06 2.38648e+06 3.18077e+06 137332 4.63562e+06
main/Evolve/CallRegrid/CCTK_PREREGRID: 7.5e-05 7.1e-05 192920 96460 33754.4 72592 120328
main/Evolve/CallRegrid/CCTK_PREREGRID/CallFunction: 4.8e-05 4.5e-05 123188 61594 15406.4 50700 72488
main/Evolve/CallRegrid/CCTK_PREREGRID/CallFunction/thorns: 2e-05 1.9e-05 49504 24752 6581.75 20098 29406
main/Evolve/CallRegrid/CCTK_PREREGRID/CallFunction/thorns/CarpetTracker_SetPositions: 9e-06 9e-06 25844 12922 1507.55 11856 13988
main/Evolve/CallRegrid/Regrid: 0.00162 0.001616 4.20553e+06 2.10276e+06 2.91448e+06 41912 4.16361e+06
main/Evolve/CallRegrid/Regrid/RegridMap/CarpetLib::gh::regrid/CarpetLib::dh::regrid: 0.000932 0.000932 2.41829e+06 2.41829e+06 0 2.41829e+06 2.41829e+06
main/Evolve/CallRegrid/Regrid/RegridMap/CarpetLib::gh::regrid: 0.00094 0.00094 2.44028e+06 2.44028e+06 0 2.44028e+06 2.44028e+06
main/Evolve/CallRegrid/Regrid/CarpetRegrid2::RegridMaps: 0.00057 0.000567 1.47904e+06 739518 1.03966e+06 4368 1.47467e+06
main/Evolve/CallEvol/Poison: 0.002299 0.001003 5.96864e+06 2.98432e+06 198170 2.84419e+06 3.12445e+06
main/Evolve/CallRegrid/Regrid/RegridMap/CarpetLib::gh::regrid/CarpetLib::dh::regrid/domain: 4.3e-05 4.3e-05 113152 113152 0 113152 113152
main/Evolve/CallEvol/CCTK_EVOL/CallFunction/thorns/ML_BSSN_ConstraintsEverywhere_SelectBCs: 1.8e-05 9e-06 44876 22438 735.391 21918 22958
main/Evolve/CallEvol/CCTK_EVOL/CallFunction/thorns/ML_BSSN_ConstraintsEverywhere: 0.000375 0.000185 975832 487916 5993.44 483678 492154
main/Evolve/CallRegrid/Regrid/RegridMap/CarpetLib::gh::regrid/CarpetLib::dh::regrid/regrid: 5.3e-05 5.3e-05 137176 137176 0 137176 137176
main/Evolve/CallRegrid/Regrid/RegridMap/CarpetLib::gh::regrid/CarpetLib::dh::regrid/unusedpoints_mask: 1e-06 1e-06 3536 3536 0 3536 3536
main/Evolve/CallRegrid/Regrid/RegridMap: 0.00097 0.00097 2.51675e+06 2.51675e+06 0 2.51675e+06 2.51675e+06
main/Evolve/CallEvol/CycleTimeLevels: 2.6e-05 2.7e-05 69654 34827 2003.94 33410 36244
main/Evolve/CallRegrid/Recompose: 7e-05 6.9e-05 180102 180102 0 180102 180102
main/Evolve/CallRegrid/Regrid/RegridMap/CarpetLib::gh::regrid/CarpetLib::dh::regrid/regrid/sync: 3e-05 3e-05 76388 76388 0 76388 76388
main/Evolve/CallRegrid/Regrid/RegridMap/CarpetLib::gh::regrid/CarpetLib::dh::regrid/comm: 4.2e-05 4.1e-05 106990 106990 0 106990 106990
main/Evolve/CallRegrid/Regrid/RegridMap/CarpetLib::gh::regrid/CarpetLib::dh::regrid/comm/mgrest: 1e-06 1e-06 2938 2938 0 2938 2938
main/Evolve/CallRegrid/Regrid/RegridMap/CarpetLib::gh::regrid/CarpetLib::dh::regrid/comm/mgprol: 1e-06 1e-06 2808 2808 0 2808 2808
main/Evolve/CallRegrid/Regrid/RegridMap/CarpetLib::gh::regrid/CarpetLib::dh::regrid/comm/refprol: 1e-06 1e-06 2756 2756 0 2756 2756
main/Evolve/CallRegrid/Regrid/RegridMap/CarpetLib::gh::regrid/CarpetLib::dh::regrid/comm/sync: 1e-06 1e-06 3302 3302 0 3302 3302
main/Evolve/CallRegrid/Regrid/RegridMap/CarpetLib::gh::regrid/CarpetLib::dh::regrid/comm/refbndprol: 1e-06 2e-06 2808 2808 0 2808 2808
main/Evolve/CallRegrid/Regrid/RegridMap/CarpetLib::gh::regrid/CarpetLib::dh::regrid/comm/refrest: 2e-06 1e-06 3276 3276 0 3276 3276
main/Evolve/CallRegrid/Regrid/RegridMap/CarpetLib::gh::regrid/CarpetLib::dh::regrid/comm/reflux: 2e-06 1e-06 2938 2938 0 2938 2938
main/Evolve/CallEvol/CCTK_EVOL/CallFunction/thorns/MoL_InitialCopy: 0.001099 0.001067 2.85818e+06 1.42909e+06 131672 1.33598e+06 1.5222e+06
main/Evolve/CallRegrid/Regrid/RegridMap/CarpetLib::gh::regrid/CarpetLib::dh::regrid/buffers: 0.000187 0.000186 485264 485264 0 485264 485264
main/Evolve/CallRegrid/Regrid/RegridMap/CarpetLib::gh::regrid/CarpetLib::dh::regrid/region: 0.000183 0.000183 474682 474682 0 474682 474682
main/Evolve/CallRegrid/Regrid/RegridMap/CheckRegions: 1e-06 1e-06 3406 3406 0 3406 3406
main/Evolve/CallRegrid/RegridFree: 4e-06 4e-06 11986 5993 128.693 5902 6084
main/Evolve/CallRegrid/Regrid/RegridMap/CarpetLib::gh::regrid/CarpetLib::dh::regrid/mask: 4e-06 4e-06 9126 9126 0 9126 9126
main/Evolve/CallEvol/CCTK_EVOL/CallFunction/thorns/ML_BSSN_EvolutionBoundaryScalar: 0.004165 0.004165 1.08262e+07 1.35328e+06 81463 1.30827e+06 1.39199e+06
main/Evolve/CallEvol/CCTK_EVOL/CallFunction/thorns/ML_BSSN_EvolutionInteriorSplitBy1: 0.022538 0.022542 5.85299e+07 7.31624e+06 1.23505e+06 6.93883e+06 8.32055e+06
main/Evolve/CallRegrid/Regrid/RegridMap/CarpetLib::gh::regrid/CarpetLib::dh::regrid/regrid/prolongate: 2e-06 2e-06 3354 3354 0 3354 3354
main/Evolve/CallRegrid/Regrid/RegridMap/CarpetLib::gh::regrid/CarpetLib::dh::regrid/bcast_boxes: 4e-06 4e-06 9932 9932 0 9932 9932
main/Evolve/CallRegrid/Regrid/RegridMap/CarpetLib::gh::regrid/CarpetLib::dh::regrid/bcast_comm: 0.000186 0.000186 482508 482508 0 482508 482508
main/Evolve/CallRegrid/Regrid/RegridMap/CarpetLib::gh::regrid/CarpetLib::dh::regrid/bcast_comm/ref_prol: 2.2e-05 2.2e-05 56758 56758 0 56758 56758
main/Evolve/CallRegrid/Regrid/RegridMap/CarpetLib::gh::regrid/CarpetLib::dh::regrid/bcast_comm/sync: 1.9e-05 1.9e-05 48594 48594 0 48594 48594
main/Evolve/CallRegrid/Regrid/RegridMap/CarpetLib::gh::regrid/CarpetLib::dh::regrid/bcast_comm/ref_prol/CarpetLib::dh::bs1: 2e-06 2e-06 3380 3380 0 3380 3380
main/Evolve/CallRegrid/Regrid/RegridMap/CarpetLib::gh::regrid/CarpetLib::dh::regrid/bcast_comm/ref_prol/CarpetLib::dh::bs2: 2e-06 2e-06 6292 6292 0 6292 6292
main/Evolve/CallRegrid/Regrid/RegridMap/CarpetLib::gh::regrid/CarpetLib::dh::regrid/bcast_comm/ref_prol/CarpetLib::dh::bs3: 1e-06 1e-06 3016 3016 0 3016 3016
main/Evolve/CallRegrid/Regrid/RegridMap/CarpetLib::gh::regrid/CarpetLib::dh::regrid/bcast_comm/ref_bnd_prol: 1.8e-05 1.8e-05 47996 47996 0 47996 47996
main/Evolve/CallRegrid/Regrid/RegridMap/CarpetLib::gh::regrid/CarpetLib::dh::regrid/bcast_comm/sync/CarpetLib::dh::bs1: 1e-06 1e-06 3250 3250 0 3250 3250
main/Evolve/CallRegrid/Regrid/RegridMap/CarpetLib::gh::regrid/CarpetLib::dh::regrid/bcast_comm/sync/CarpetLib::dh::bs2: 1e-06 1e-06 3744 3744 0 3744 3744
main/Evolve/CallRegrid/Regrid/RegridMap/CarpetLib::gh::regrid/CarpetLib::dh::regrid/bcast_comm/sync/CarpetLib::dh::bs3: 1e-06 1e-06 2964 2964 0 2964 2964
main/Evolve/CallRegrid/Regrid/RegridMap/CarpetLib::gh::regrid/CarpetLib::dh::regrid/bcast_comm/ref_refl_prol: 5.3e-05 5.3e-05 138320 138320 0 138320 138320
main/Evolve/CallRegrid/Regrid/RegridMap/CarpetLib::gh::regrid/CarpetLib::dh::regrid/bcast_comm/ref_bnd_prol/CarpetLib::dh::bs1: 1e-06 1e-06 3094 3094 0 3094 3094
main/Evolve/CallRegrid/Regrid/RegridMap/CarpetLib::gh::regrid/CarpetLib::dh::regrid/bcast_comm/ref_bnd_prol/CarpetLib::dh::bs2: 1e-06 2e-06 3588 3588 0 3588 3588
main/Evolve/CallRegrid/Regrid/RegridMap/CarpetLib::gh::regrid/CarpetLib::dh::regrid/bcast_comm/ref_bnd_prol/CarpetLib::dh::bs3: 1e-06 1e-06 2964 2964 0 2964 2964
main/Evolve/CallRegrid/Regrid/RegridMap/CarpetLib::gh::regrid/CarpetLib::dh::regrid/bcast_comm/old2new_sync: 1.9e-05 1.9e-05 49348 49348 0 49348 49348
main/Evolve/CallRegrid/Regrid/RegridMap/CarpetLib::gh::regrid/CarpetLib::dh::regrid/bcast_comm/ref_refl_prol/CarpetLib::dh::bs1: 8e-06 8e-06 17758 2959.67 221.89 2886 3146
main/Evolve/CallRegrid/Regrid/RegridMap/CarpetLib::gh::regrid/CarpetLib::dh::regrid/bcast_comm/ref_refl_prol/CarpetLib::dh::bs2: 8e-06 8e-06 20150 3358.33 273.721 3198 3484
main/Evolve/CallRegrid/Regrid/RegridMap/CarpetLib::gh::regrid/CarpetLib::dh::regrid/bcast_comm/ref_refl_prol/CarpetLib::dh::bs3: 6e-06 8e-06 17394 2899 108.766 2860 2990
main/Evolve/CallRegrid/Regrid/RegridMap/CarpetLib::gh::regrid/CarpetLib::dh::regrid/bcast_comm/old2new_sync/CarpetLib::dh::bs1: 1e-06 2e-06 3094 3094 0 3094 3094
main/Evolve/CallRegrid/Regrid/RegridMap/CarpetLib::gh::regrid/CarpetLib::dh::regrid/bcast_comm/old2new_sync/CarpetLib::dh::bs2: 2e-06 2e-06 3640 3640 0 3640 3640
main/Evolve/CallRegrid/Regrid/RegridMap/CarpetLib::gh::regrid/CarpetLib::dh::regrid/bcast_comm/old2new_sync/CarpetLib::dh::bs3: 1e-06 1e-06 2990 2990 0 2990 2990
main/Evolve/CallRegrid/Regrid/RegridMap/CarpetLib::gh::regrid/CarpetLib::dh::regrid/bcast_comm/old2new_ref_prol: 2e-05 1.9e-05 49426 49426 0 49426 49426
main/Evolve/CallRegrid/Regrid/RegridMap/CarpetLib::gh::regrid/CarpetLib::dh::regrid/bcast_comm/old2new_ref_prol/CarpetLib::dh::bs1: 2e-06 2e-06 3068 3068 0 3068 3068
main/Evolve/CallEvol/CCTK_PRESTEP: 0.000258 0 669994 334997 42340.1 305058 364936
main/Evolve/CallRegrid/Regrid/RegridMap/CarpetLib::gh::regrid/CarpetLib::dh::regrid/bcast_comm/old2new_ref_prol/CarpetLib::dh::bs2: 2e-06 2e-06 3640 3640 0 3640 3640
main/Evolve/CallRegrid/Regrid/RegridMap/CarpetLib::gh::regrid/CarpetLib::dh::regrid/bcast_comm/old2new_ref_prol/CarpetLib::dh::bs3: 1e-06 1e-06 2990 2990 0 2990 2990
main/Evolve/CallEvol/CCTK_PRESTEP/CallFunction: 0.00021 0 542256 90376 104787 38272 149916
main/Evolve/CallEvol/CCTK_PRESTEP/CallFunction/thorns: 4.2e-05 0 106730 17788.3 15112.8 9828 28340
main/Evolve/CallEvol/CCTK_PRESTEP/CallFunction/thorns/Einstein_SetNextSlicing: 7e-06 0 21060 10530 1250.16 9646 11414
main/Evolve/CallEvol/CCTK_PRESTEP/CallFunction/thorns/LC_steer: 4e-06 0 8320 4160 294.156 3952 4368
main/Evolve/CallEvol/CCTK_EVOL: 0.283879 0.278439 7.36982e+08 3.68491e+08 1.08086e+07 3.60848e+08 3.76134e+08
main/Evolve/CallEvol/CCTK_PRESTEP/CallFunction/thorns/NaNChecker_ResetCounter: 2e-06 0 7644 3822 73.5391 3770 3874
main/Evolve/CallEvol/CCTK_EVOL/CallFunction: 0.282703 0.277353 7.33956e+08 3.03288e+06 9.01446e+07 15626 2.75241e+07
main/Evolve/CallEvol/CCTK_EVOL/CallFunction/thorns: 0.277534 0.272385 7.2051e+08 2.97731e+06 8.99813e+07 9490 2.74093e+07
main/Evolve/CallEvol/CCTK_EVOL/CallFunction/thorns/MoL_StartLoop: 1.5e-05 1.3e-05 40508 20254 22025 4680 35828
main/Evolve/CallEvol/CCTK_EVOL/CallFunction/thorns/MoL_SetCounter: 5e-06 2e-06 14742 7371 680.237 6890 7852
main/Evolve/CallEvol/CCTK_EVOL/CallFunction/thorns/MoL_SetTime: 4e-06 2e-06 10088 5044 147.078 4940 5148
main/Evolve/CallEvol/CCTK_EVOL/CallFunction/thorns/MoL_AllocateScratchSpace: 0.004602 0.000325 1.19517e+07 5.97585e+06 41163.5 5.94675e+06 6.00496e+06
main/Evolve/CallEvol/CCTK_EVOL/CallFunction/thorns/MoL_AllocateScratchSpace/CarpetLib::ggf::recompose_crop: 1e-06 1e-06 3692 3692 0 3692 3692
main/Evolve/CallEvol/CCTK_EVOL/CallFunction/thorns/MoL_AllocateScratchSpace/CarpetLib::ggf::recompose_allocate: 2e-06 2e-06 5694 5694 0 5694 5694
main/Evolve/CallEvol/CCTK_EVOL/CallFunction/thorns/MoL_AllocateScratchSpace/dh::recompose_free_old: 1e-06 1e-06 3588 3588 0 3588 3588
main/Evolve/CallEvol/CCTK_EVOL/CallFunction/thorns/ML_BSSN_ConstraintsInterior: 0.010637 0.010636 2.76162e+07 1.38081e+07 150976 1.37014e+07 1.39149e+07
main/Evolve/CallEvol/CCTK_EVOL/CallFunction/thorns/ML_BSSN_ConstraintsInterior_SelectBCs: 2.5e-05 2.6e-05 67392 33696 1286.93 32786 34606
main/Evolve/CheckLevelTimes: 0.000554 0.000107 1.41817e+06 2769.86 1344.84 2730 3614
main/Evolve/CallAnalysis: 0.112748 0.105685 2.92665e+08 571612 2.05541e+08 2730 1.45768e+08
main/Evolve/CallRestrict: 0.000546 0.000106 1.41188e+06 2757.57 906.324 2730 3484
main/Evolve/PrintTimers: 0.000551 0.000107 1.41453e+06 2762.75 2725.72 2730 5434
main/Evolve/CallAnalysis/CCTK_POSTSTEP: 0.107266 0.102588 2.78475e+08 1.39237e+08 42891.7 1.39207e+08 1.39268e+08
main/Evolve/CallAnalysis/CCTK_POSTSTEP/CallFunction: 0.107044 0.102418 2.7791e+08 8.68468e+06 1.58848e+08 25740 1.15924e+08
main/Evolve/CallAnalysis/CCTK_POSTSTEP/CallFunction/thorns: 0.106 0.101481 2.75228e+08 8.60087e+06 1.58796e+08 10218 1.15812e+08
main/Evolve/CallAnalysis/CCTK_POSTSTEP/CallFunction/thorns/SphericalSurface_CheckState: 2e-06 1e-06 8112 4056 220.617 3900 4212
main/Evolve/CallEvol/CCTK_EVOL/CallFunction/thorns/ML_BSSN_EvolutionInteriorSplitBy2: 0.037367 0.037366 9.70241e+07 1.2128e+07 1.07764e+06 1.16768e+07 1.27858e+07
main/Evolve/CallEvol/CCTK_EVOL/CallFunction/thorns/ML_BSSN_EvolutionInteriorSplitBy3: 0.048695 0.048697 1.26437e+08 1.58046e+07 1.09447e+06 1.53964e+07 1.66563e+07
main/Initialise/CallPostInitial/CCTK_POSTSTEP/CallFunction/thorns/MaskBase_InitMask: 6.5e-05 6.1e-05 169728 169728 0 169728 169728
main/Initialise/CallPostInitial/CCTK_POSTSTEP/CallFunction/thorns/CoordBase_SetupMask: 0.000114 0.000107 295464 295464 0 295464 295464
main/Initialise/CallPostInitial/CCTK_POSTSTEP/CallFunction/thorns/CarpetMaskSetup: 1.8e-05 1.7e-05 45630 45630 0 45630 45630
main/Initialise/CallPostInitial/CCTK_POSTSTEP/CallFunction/thorns/CarpetExcludedSetup: 4e-06 3e-06 10010 10010 0 10010 10010
main/Initialise/CallPostInitial/CCTK_POSTSTEP/CallFunction/thorns/CarpetSurfaceSetup: 4e-06 3e-06 9646 9646 0 9646 9646
main/Initialise/CallPostInitial/CCTK_POSTSTEP/CallFunction/thorns/MaskBase_SetMask: 0.000153 0.000153 397306 397306 0 397306 397306
main/Initialise/CallPostInitial/CCTK_POSTSTEP/CallFunction/thorns/MaskBase_TestMask: 9.2e-05 9.1e-05 237302 237302 0 237302 237302
main/Initialise/CallAnalysis/CCTK_CPINITIAL: 4e-06 4e-06 10374 10374 0 10374 10374
main/Initialise/CallAnalysis/CCTK_ANALYSIS: 0.000587 0.000587 1.5236e+06 1.5236e+06 0 1.5236e+06 1.5236e+06
main/Initialise/CallAnalysis/CCTK_ANALYSIS/CallFunction: 0.000543 0.000543 1.40891e+06 469638 529520 160108 885820
main/Initialise/CallAnalysis/CCTK_ANALYSIS/CallFunction/thorns: 0.000462 0.000462 1.1974e+06 399135 597277 20176 854438
main/Initialise/CallAnalysis/CCTK_ANALYSIS/CallFunction/thorns/CarpetLib_printtimestats: 0.000119 0.000118 307918 307918 0 307918 307918
main/Initialise/CallAnalysis/CCTK_ANALYSIS/CallFunction/thorns/CarpetLib_printmemstats: 0.000323 0.000322 838838 838838 0 838838 838838
main/Initialise/CallAnalysis/OutputGH: 0.002233 0.001277 5.79439e+06 5.79439e+06 0 5.79439e+06 5.79439e+06
main/Initialise/CallAnalysis/CCTK_ANALYSIS/CallFunction/thorns/LC_statistics_analysis: 2e-06 2e-06 4134 4134 0 4134 4134
main/Initialise/CallAnalysis/OutputGH/OutputGH: 0.002226 0.00127 5.77772e+06 5.77772e+06 0 5.77772e+06 5.77772e+06
main/Initialise/CallAnalysis/OutputGH/OutputGH/IOBasic::CarpetIOBasic [0]: 5.7e-05 5.6e-05 145652 145652 0 145652 145652
main/Initialise/CallAnalysis/OutputGH/OutputGH/IOBasic::CarpetIOBasic [0]/OutputGH: 5e-05 5e-05 129922 129922 0 129922 129922
main/Initialise/CallAnalysis/OutputGH/OutputGH/IOScalar::CarpetIOScalar [1]: 8e-06 8e-06 19240 19240 0 19240 19240
main/Initialise/CallAnalysis/OutputGH/OutputGH/IOScalar::CarpetIOScalar [1]/OutputGH: 1e-06 1e-06 4134 4134 0 4134 4134
main/Initialise/CallAnalysis/OutputGH/OutputGH/IOASCII::IOASCII_0D [2]/OutputGH<0>: 1e-06 1e-06 4316 4316 0 4316 4316
main/Initialise/CallAnalysis/OutputGH/OutputGH/IOASCII::IOASCII_0D [2]: 8e-06 8e-06 20930 20930 0 20930 20930
main/Initialise/CallAnalysis/OutputGH/OutputGH/IOASCII::IOASCII_1D [3]/OutputGH<1>: 0.002087 0.001135 5.42017e+06 5.42017e+06 0 5.42017e+06 5.42017e+06
main/Initialise/CallAnalysis/OutputGH/OutputGH/IOASCII::IOASCII_1D [3]: 0.0021 0.001148 5.45384e+06 5.45384e+06 0 5.45384e+06 5.45384e+06
main/Initialise/CallAnalysis/OutputGH/OutputGH/IOASCII::IOASCII_2D [4]/OutputGH<2>: 2e-06 1e-06 4108 4108 0 4108 4108
main/Initialise/CallPostInitial/CCTK_POSTSTEP/CallFunction/thorns/Extract/Sync/comm_state[0].create: 3.2e-05 3.4e-05 85514 3289 2444.62 3016 5252
main/Initialise/CallPostInitial/CCTK_POSTSTEP/CallFunction/thorns/Extract/Sync/comm_state[1].state_get_buffer_sizes.user: 3.6e-05 3.6e-05 95238 3663 2079.78 3406 5252
main/Initialise/CallPostInitial/CCTK_POSTSTEP/CallFunction/thorns/NaNChecker_NaNCheck_Check: 0.007849 0.007849 2.03796e+07 2.03796e+07 0 2.03796e+07 2.03796e+07
main/Evolve/CallAnalysis/CCTK_POSTSTEP/CallFunction/thorns/Extract/Sync/comm_state[2].state_get_buffer_sizes.step: 6.9e-05 6.8e-05 177710 3417.5 2052.33 3094 4888
main/Evolve/CallAnalysis/CCTK_POSTSTEP/CallFunction/thorns/Extract/Sync/comm_state[3].state_fill_send_buffers.user: 7.5e-05 5.8e-05 167908 3229 1072.66 3120 4004
main/Evolve/CallAnalysis/CCTK_POSTSTEP/CallFunction/thorns/Extract/Sync/comm_state[4].state_fill_send_buffers.step: 6.1e-05 5.6e-05 158886 3055.5 632.062 2964 3562
main/Evolve/CallAnalysis/CCTK_POSTSTEP/CallFunction/thorns/Extract/Sync/comm_state[5].state_do_some_work.user: 6.4e-05 6.2e-05 168064 3232 1039.05 3146 4082
main/Evolve/CallAnalysis/CCTK_POSTSTEP/CallFunction/thorns/Extract/Sync/comm_state[6].state_do_some_work.step: 6.6e-05 5.6e-05 162786 3130.5 869.551 2990 3718
main/Evolve/CallAnalysis/CCTK_POSTSTEP/CallFunction/thorns/Extract/Sync/comm_state[7].state_empty_recv_buffers.user: 6.1e-05 5.7e-05 165126 3175.5 333.021 3120 3432
main/Evolve/CallAnalysis/CCTK_POSTSTEP/CallFunction/thorns/Extract/Sync/comm_state[8].state_empty_recv_buffers.step: 6.5e-05 6.5e-05 171418 3296.5 1139.46 3146 3978
main/Evolve/CallAnalysis/CCTK_POSTSTEP/CallFunction/thorns/NaNChecker_TakeAction: 3e-06 4e-06 7176 3588 220.617 3432 3744
main/Evolve/CallAnalysis/CCTK_POSTSTEP/CallFunction/thorns/NaNChecker_NaNCheck_Check: 0.015738 0.015739 4.08633e+07 2.04317e+07 15424.8 2.04208e+07 2.04426e+07
main/Evolve/CallAnalysis/CCTK_POSTSTEP/CallFunction/thorns/NaNChecker_NaNCheck_Finish: 1.8e-05 1.9e-05 49738 24869 3180.57 22620 27118
main/Evolve/CallAnalysis/CCTK_POSTSTEP/CallFunction/syncs: 0.000121 0.000119 312884 156442 94681.6 89492 223392
main/Evolve/CallAnalysis/CCTK_POSTSTEP/CallFunction/thorns/CarpetMaskSetup: 3.5e-05 3.5e-05 92664 46332 1103.09 45552 47112
main/Evolve/CallAnalysis/CCTK_POSTSTEP/CallFunction/syncs/Prolongate: 4e-06 3e-06 5980 2990 110.309 2912 3068
main/Evolve/CallAnalysis/CCTK_POSTSTEP/CallFunction/thorns/Extract/Sync/comm_state[1].state_get_buffer_sizes.user: 7.6e-05 6.8e-05 196326 3775.5 2768.56 3458 5356
main/Evolve/CallAnalysis/CCTK_POSTSTEP/CallFunction/thorns/Extract/Sync/comm_state[0].create: 6.7e-05 7e-05 168584 3242 2131.22 3016 4628
main/Evolve/CallEvol/CCTK_EVOL/CallFunction/thorns/ML_BSSN_NewRad: 0.080136 0.080141 2.08087e+08 2.60108e+07 1.99027e+06 2.52139e+07 2.74003e+07
main/Evolve/CallEvol/CCTK_EVOL/CallFunction/thorns/dissipation_add: 0.016057 0.016057 4.17038e+07 5.21298e+06 83369.7 5.17865e+06 5.26568e+06
main/Evolve/CallEvol/CCTK_EVOL/CallFunction/thorns/MoL_Add: 0.006405 0.006412 1.66647e+07 2.08309e+06 687865 1.75456e+06 2.59574e+06
main/Evolve/CallEvol/CCTK_EVOL/CallFunction/thorns/MoL_DecrementCounter: 1.6e-05 1.5e-05 44226 5528.25 3163.24 3978 7254
main/Evolve/CallEvol/CCTK_EVOL/CallFunction/thorns/MoL_ResetTime: 1.6e-05 1.7e-05 41418 5177.25 2386.75 3588 6162
main/Evolve/CallEvol/CCTK_EVOL/CallFunction/thorns/ML_BSSN_EnforceEverywhere: 0.005611 0.005612 1.45836e+07 1.82295e+06 91302.4 1.76925e+06 1.87184e+06
main/Evolve/CallEvol/CCTK_EVOL/CallFunction/thorns/ML_BSSN_SelectBoundConds: 0.000224 0.000226 586976 73372 18263.7 64740 84760
main/Evolve/CallEvol/CCTK_EVOL/CallFunction/syncs: 0.000762 0.000731 1.97067e+06 98533.5 198757 69134 267462
main/Evolve/CallEvol/CCTK_EVOL/CallFunction/syncs/Sync: 0.000631 0.000609 1.6392e+06 81959.8 180255 61230 244842
main/Evolve/CallEvol/CCTK_EVOL/CallFunction/syncs/Sync/comm_state[1].state_get_buffer_sizes.user: 4.8e-05 4.8e-05 136162 6808.1 11753.8 3926 10504
main/Evolve/CallEvol/CCTK_EVOL/CallFunction/syncs/Sync/comm_state[0].create: 2.9e-05 2.9e-05 81068 4053.4 3879.13 3068 5772
main/Evolve/CallEvol/CCTK_EVOL/CallFunction/syncs/Sync/comm_state[2].state_get_buffer_sizes.step: 3e-05 3.1e-05 82576 4128.8 4170.97 3224 6422
main/Evolve/CallEvol/CCTK_EVOL/CallFunction/syncs/Sync/comm_state[3].state_fill_send_buffers.user: 4e-05 3.3e-05 95030 4751.5 6758.19 3172 6994
main/Evolve/CallEvol/CCTK_EVOL/CallFunction/syncs/Sync/comm_state[4].state_fill_send_buffers.step: 2.4e-05 2.3e-05 65026 3251.3 1197.96 2964 3770
main/Evolve/CallEvol/CCTK_EVOL/CallFunction/syncs/Sync/comm_state[5].state_do_some_work.user: 3.6e-05 3.3e-05 92898 4644.9 6516.54 3172 6916
main/Evolve/CallEvol/CCTK_EVOL/CallFunction/syncs/Sync/comm_state[6].state_do_some_work.step: 3.1e-05 3e-05 82368 4118.4 4538.23 3042 6526
main/Evolve/CallEvol/CCTK_EVOL/CallFunction/syncs/Sync/comm_state[7].state_empty_recv_buffers.user: 3.4e-05 3.7e-05 91416 4570.8 6140.14 3146 6682
main/Evolve/CallEvol/CCTK_EVOL/CallFunction/syncs/Sync/comm_state[8].state_empty_recv_buffers.step: 2.9e-05 2.4e-05 71396 3569.8 1725.08 3120 4446
main/Evolve/CallEvol/CCTK_EVOL/CallFunction/thorns/Boundary_ApplyPhysicalBCs: 0.001152 0.001023 3.00027e+06 150014 1.44919e+06 10738 1.13932e+06
main/Evolve/CallEvol/CCTK_EVOL/CallFunction/thorns/CartGrid3D_ApplyBC: 7.7e-05 7.5e-05 207064 10353.2 11460 5824 15054
main/Evolve/CallEvol/CCTK_EVOL/CallFunction/thorns/ReflectionSymmetry_Apply: 0.001634 0.001624 4.26694e+06 213347 357201 32370 278044
main/Evolve/CallEvol/CCTK_EVOL/CallFunction/thorns/ML_BSSN_ADMBaseInterior: 0.017224 0.017226 4.47322e+07 5.59152e+06 523489 5.37727e+06 5.88377e+06
main/Evolve/CallEvol/CCTK_EVOL/CallFunction/thorns/Boundary_ClearSelection: 3.9e-05 3.5e-05 92924 4646.2 2264.57 3614 5512
main/Evolve/CallEvol/CCTK_EVOL/CallFunction/thorns/ML_BSSN_ADMBaseBoundaryScalar: 0.001249 0.001249 3.25278e+06 406598 58418.8 378872 448786
main/Evolve/CallEvol/CCTK_EVOL/CallFunction/thorns/ML_BSSN_ADMBaseEverywhere: 0.015174 0.015176 3.94051e+07 4.92564e+06 416707 4.74726e+06 5.11066e+06
main/Evolve/CallEvol/CCTK_EVOL/CallFunction/thorns/ML_BSSN_ADMBase_SelectBCs: 9.3e-05 9.4e-05 242086 30260.8 3776.8 28210 32474
main/Evolve/CallEvol/CCTK_EVOL/CallFunction/thorns/MoL_ResetDeltaTime: 1.6e-05 1.6e-05 42614 5326.75 2309.3 3796 6708
main/Evolve/CallEvol/CCTK_EVOL/CallFunction/thorns/MoL_FinishLoop: 2e-06 4e-06 8216 4108 294.156 3900 4316
main/Evolve/CallEvol/CCTK_EVOL/CallFunction/syncs/Prolongate: 1.1e-05 7e-06 24050 3006.25 510.736 2860 3406
main/Evolve/CallEvol/CCTK_EVOL/CallFunction/thorns/MoL_FreeScratchSpace: 0.00086 0.000433 2.232e+06 1.116e+06 12134 1.10742e+06 1.12458e+06
main/Evolve/CallAnalysis/CCTK_POSTSTEP/CallFunction/thorns/SphericalSurface_Set: 8e-06 3e-06 19448 9724 36.7696 9698 9750
main/Evolve/CallAnalysis/CCTK_POSTSTEP/CallFunction/thorns/Extract: 0.089073 0.08469 2.3125e+08 1.15625e+08 248194 1.1545e+08 1.15801e+08
main/Evolve/CallAnalysis/CCTK_POSTSTEP/CallFunction/thorns/NaNChecker_NaNCheck_Prepare: 6e-06 5e-06 16744 8372 110.309 8294 8450
main/Evolve/CallAnalysis/CCTK_POSTSTEP/CallFunction/syncs/Sync: 9.7e-05 9.5e-05 253396 126698 75745.3 73138 180258
main/Evolve/CallAnalysis/CCTK_POSTSTEP/CallFunction/syncs/Sync/comm_state[1].state_get_buffer_sizes.user: 4e-06 5e-06 10790 5395 753.776 4862 5928
main/Evolve/CallAnalysis/CCTK_POSTSTEP/CallFunction/syncs/Sync/comm_state[0].create: 4e-06 4e-06 10972 5486 147.078 5382 5590
main/Evolve/CallAnalysis/CCTK_POSTSTEP/CallFunction/syncs/Sync/comm_state[2].state_get_buffer_sizes.step: 5e-06 5e-06 11622 5811 606.698 5382 6240
main/Evolve/CallAnalysis/CCTK_POSTSTEP/CallFunction/syncs/Sync/comm_state[3].state_fill_send_buffers.user: 3e-06 2e-06 6578 3289 202.233 3146 3432
main/Evolve/CallAnalysis/CCTK_POSTSTEP/CallFunction/syncs/Sync/comm_state[4].state_fill_send_buffers.step: 2e-06 2e-06 6708 3354 73.5391 3302 3406
main/Evolve/CallAnalysis/CCTK_POSTSTEP/CallFunction/syncs/Sync/comm_state[5].state_do_some_work.user: 3e-06 2e-06 6630 3315 128.693 3224 3406
main/Evolve/CallAnalysis/CCTK_POSTSTEP/CallFunction/syncs/Sync/comm_state[6].state_do_some_work.step: 4e-06 4e-06 8450 4225 55.1543 4186 4264
main/Evolve/CallAnalysis/CCTK_POSTSTEP/CallFunction/syncs/Sync/comm_state[7].state_empty_recv_buffers.user: 3e-06 2e-06 6396 3198 257.387 3016 3380
main/Evolve/CallAnalysis/CCTK_POSTSTEP/CallFunction/syncs/Sync/comm_state[8].state_empty_recv_buffers.step: 4e-06 2e-06 8242 4121 459.619 3796 4446
main/Evolve/CallAnalysis/CCTK_POSTSTEP/CallFunction/thorns/MaskBase_AllocateMask: 4.8e-05 4.5e-05 126282 63141 5019.04 59592 66690
main/Evolve/CallAnalysis/CCTK_CHECKPOINT: 9e-06 4e-06 24258 12129 1121.47 11336 12922
main/Evolve/CallAnalysis/CCTK_POSTSTEP/CallFunction/thorns/MaskBase_InitMask: 0.000138 0.000135 357500 178750 39564 150774 206726
main/Evolve/CallAnalysis/CCTK_POSTSTEP/CallFunction/thorns/CoordBase_SetupMask: 0.000231 0.000225 600132 300066 4927.12 296582 303550
main/Evolve/CallAnalysis/CCTK_POSTSTEP/CallFunction/thorns/setup_epsdis: 2.6e-05 2.6e-05 67886 33943 275.772 33748 34138
main/Evolve/CallAnalysis/CCTK_POSTSTEP/CallFunction/thorns/Extract/Prolongate: 9.2e-05 9.1e-05 176072 3386 2361.17 3042 4498
main/Evolve/CallAnalysis/CCTK_POSTSTEP/CallFunction/thorns/Extract/Sync: 0.001248 0.001191 3.23541e+06 62219.5 106775 58318 162526
main/Evolve/CallEvol/CCTK_EVOL/CallFunction/thorns/MoL_RestoreSandR: 7e-06 7e-06 18694 9347 128.693 9256 9438
main/Evolve/CallAnalysis/CCTK_POSTSTEP/CallFunction/thorns/CarpetExcludedSetup: 8e-06 9e-06 21372 10686 551.543 10296 11076
main/Evolve/CallAnalysis/CCTK_POSTSTEP/CallFunction/thorns/CarpetSurfaceSetup: 8e-06 7e-06 20280 10140 514.774 9776 10504
main/Evolve/CallAnalysis/CCTK_POSTSTEP/CallFunction/thorns/MaskBase_SetMask: 0.000271 0.000264 706550 353275 11527.3 345124 361426
main/Evolve/CallAnalysis/CCTK_POSTSTEP/CallFunction/thorns/MaskBase_TestMask: 0.000187 9.4e-05 488566 244283 128.693 244192 244374
main/Evolve/CallAnalysis/CCTK_ANALYSIS/CallFunction/thorns: 3.6e-05 2.6e-05 92326 15387.7 14644 8840 22230
main/Evolve/CallAnalysis/CCTK_ANALYSIS: 0.000391 0.000207 1.0153e+06 507650 42505.6 477594 537706
main/Evolve/CallAnalysis/CCTK_ANALYSIS/CallFunction: 0.000322 0.00017 837356 139559 322436 36270 330434
main/Evolve/CallAnalysis/CCTK_ANALYSIS/CallFunction/thorns/CarpetLib_printtimestats: 2e-06 1e-06 8112 4056 404.465 3770 4342
main/Evolve/CallAnalysis/OutputGH: 0.003829 0.002403 9.93741e+06 4.9687e+06 38497.7 4.94148e+06 4.99593e+06
main/Evolve/CallAnalysis/CCTK_ANALYSIS/CallFunction/thorns/CarpetLib_printmemstats: 2e-06 1e-06 6500 3250 220.617 3094 3406
main/Evolve/CallAnalysis/CCTK_ANALYSIS/CallFunction/thorns/LC_statistics_analysis: 3e-06 2e-06 7852 3926 294.156 3718 4134
main/Evolve/CallAnalysis/OutputGH/OutputGH/IOASCII::IOASCII_3D [5]/OutputGH<3>: 3e-06 4e-06 7904 3952 220.617 3796 4108
main/Evolve/CallAnalysis/OutputGH/OutputGH/IOASCII::IOASCII_3D [5]: 1.4e-05 1.3e-05 33280 16640 7574.53 11284 21996
main/Shutdown: 0.000175 0.000165 454324 454324 0 454324 454324
main/Shutdown/CallFunction/thorns: 2.3e-05 2.1e-05 58656 29328 2978.33 27222 31434
main/Shutdown/CallFunction: 9.5e-05 9e-05 245544 122772 34232.5 98566 146978
main/Shutdown/CallFunction/thorns/LC_statistics_terminate: 2e-06 1e-06 4212 4212 0 4212 4212
main/Shutdown/CallFunction/thorns/MoL_FreeIndexArrays: 4e-06 3e-06 8528 8528 0 8528 8528
main/Evolve/CallAnalysis/OutputGH/OutputGH: 0.003815 0.002391 9.90301e+06 4.9515e+06 26051.2 4.93308e+06 4.96993e+06
main/Evolve/CallAnalysis/OutputGH/OutputGH/IOBasic::CarpetIOBasic [0]: 8.5e-05 4.5e-05 222872 111436 9118.85 104988 117884
main/Evolve/CallAnalysis/OutputGH/OutputGH/IOBasic::CarpetIOBasic [0]/OutputGH: 7.5e-05 3.8e-05 196430 98215 1562.71 97110 99320
main/Evolve/CallAnalysis/OutputGH/OutputGH/IOScalar::CarpetIOScalar [1]: 1.3e-05 9e-06 33046 16523 8254.76 10686 22360
main/Evolve/CallAnalysis/OutputGH/OutputGH/IOScalar::CarpetIOScalar [1]/OutputGH: 2e-06 1e-06 8034 4017 275.772 3822 4212
main/Evolve/CallAnalysis/OutputGH/OutputGH/IOASCII::IOASCII_0D [2]/OutputGH<0>: 3e-06 2e-06 8814 4407 386.08 4134 4680
main/Evolve/CallAnalysis/OutputGH/OutputGH/IOASCII::IOASCII_0D [2]: 1.4e-05 1e-05 37440 18720 8162.84 12948 24492
main/Evolve/CallAnalysis/OutputGH/OutputGH/IOASCII::IOASCII_1D [3]/OutputGH<1>: 0.003611 0.002248 9.37963e+06 4.68982e+06 74072.3 4.63744e+06 4.74219e+06
main/Evolve/CallAnalysis/OutputGH/OutputGH/IOASCII::IOASCII_1D [3]: 0.003624 0.002258 9.4082e+06 4.7041e+06 66847 4.65683e+06 4.75137e+06
main/Evolve/CallAnalysis/OutputGH/OutputGH/IOASCII::IOASCII_2D [4]/OutputGH<2>: 2e-06 3e-06 8606 4303 459.619 3978 4628
main/Evolve/CallAnalysis/OutputGH/OutputGH/IOASCII::IOASCII_2D [4]: 1.5e-05 1.5e-05 38220 19110 8162.84 13338 24882

--------------------------------------------------------------------------------
Done.
+ echo Stopping:
Stopping:
+ date
Tue Sep 29 20:08:38 UTC 2026
+ echo Done.
Done.
  Elapsed time: 3.4 s
