/home/runner/simulations/TestJob01_temp_1/output-0000/TEST/sim/Extract
Preparing:
+ set -e
+ cd output-0000-active
+ echo Checking:
Checking:
+ pwd
/home/runner/simulations/TestJob01_temp_1/output-0000/TEST/sim/Extract/output-0000-active
+ hostname
runnervmg397c
+ date
Thu May 21 18:23:35 UTC 2026
+ echo Environment:
Environment:
+ export CACTUS_NUM_PROCS=1
+ CACTUS_NUM_PROCS=1
+ export CACTUS_NUM_THREADS=2
+ CACTUS_NUM_THREADS=2
+ export GMON_OUT_PREFIX=gmon.out
+ GMON_OUT_PREFIX=gmon.out
+ export OMP_NUM_THREADS=2
+ OMP_NUM_THREADS=2
+ env
+ sort
+ echo Starting:
Starting:
++ date +%s
+ export CACTUS_STARTTIME=1779387815
+ CACTUS_STARTTIME=1779387815
+ '[' 1 = 1 ']'
+ '[' 0 -eq 0 ']'
+ /home/runner/simulations/TestJob01_temp_1/SIMFACTORY/exe/cactus_sim -L 3 /home/runner/simulations/TestJob01_temp_1/output-0000/arrangements/EinsteinAnalysis/Extract/test/qc0-mclachlan.par
INFO (Cactus): Increased logging level from 0 to 3
--------------------------------------------------------------------------------

       10                                  
  1   0101       ************************  
  01  1010 10      The Cactus Code V4.18.0    
 1010 1101 011      www.cactuscode.org     
  1001 100101    ************************  
    00010101                               
     100011     (c) Copyright The Authors  
      0100      GNU Licensed. No Warranty  
      0101                                 
--------------------------------------------------------------------------------

Cactus version:    4.18.0
Compile date:      May 21 2026 (18:16:24)
Run date:          May 21 2026 (18:23:35+0000)
Run host:          runnervmg397c.guklbwq1g02unjtnn4f2llqnib.cx.internal.cloudapp.net (pid=169930)
Working directory: /home/runner/simulations/TestJob01_temp_1/output-0000/TEST/sim/Extract
Executable:        /home/runner/simulations/TestJob01_temp_1/SIMFACTORY/exe/cactus_sim
Parameter file:    /home/runner/simulations/TestJob01_temp_1/output-0000/arrangements/EinsteinAnalysis/Extract/test/qc0-mclachlan.par
--------------------------------------------------------------------------------

Activating thorn Cactus...Success -> active implementation Cactus
Activation requested for 
--->IOUtil AEILocalInterp Fortran GSL GenericFD HDF5 LocalInterp LoopControl Slab TGRtensor SummationByParts InitBase Carpet CarpetLib CarpetInterp CarpetReduce CarpetSlab NaNChecker Boundary CartGrid3D CoordBase ReflectionSymmetry SymBase SphericalSurface CarpetMask CarpetRegrid2 CarpetTracker MoL Time ADMBase ADMMacros CoordGauge SpaceMask StaticConformal TmunuBase TwoPunctures ML_BSSN ML_BSSN_Helper NewRad Dissipation CarpetIOBasic CarpetIOScalar CarpetIOASCII Extract<---
Thorn Carpet requests automatic activation of MPI
Thorn Carpet requests automatic activation of Timers
Thorn CarpetLib requests automatic activation of Vectors
Thorn CarpetLib requests automatic activation of Boost
Thorn CarpetLib requests automatic activation of CycleClock
Thorn HDF5 requests automatic activation of zlib
Thorn LoopControl requests automatic activation of hwloc
Thorn TGRtensor requests automatic activation of LAPACK
Thorn LAPACK requests automatic activation of BLAS
Activating thorn ADMBase...Success -> active implementation ADMBase
Activating thorn ADMMacros...Success -> active implementation ADMMacros
Activating thorn AEILocalInterp...Success -> active implementation AEILocalInterp
Activating thorn BLAS...Success -> active implementation BLAS
Activating thorn Boost...Success -> active implementation Boost
Activating thorn Boundary...Success -> active implementation boundary
Activating thorn Carpet...Success -> active implementation Driver
Activating thorn CarpetInterp...Success -> active implementation interp
Activating thorn CarpetIOASCII...Success -> active implementation IOASCII
Activating thorn CarpetIOBasic...Success -> active implementation IOBasic
Activating thorn CarpetIOScalar...Success -> active implementation IOScalar
Activating thorn CarpetLib...Success -> active implementation CarpetLib
Activating thorn CarpetMask...Success -> active implementation CarpetMask
Activating thorn CarpetReduce...Success -> active implementation reduce
Activating thorn CarpetRegrid2...Success -> active implementation CarpetRegrid2
Activating thorn CarpetSlab...Success -> active implementation Hyperslab
Activating thorn CarpetTracker...Success -> active implementation CarpetTracker
Activating thorn CartGrid3D...Success -> active implementation grid
Activating thorn CoordBase...Success -> active implementation CoordBase
Activating thorn CoordGauge...Success -> active implementation CoordGauge
Activating thorn CycleClock...Success -> active implementation CycleClock
Activating thorn Dissipation...Success -> active implementation Dissipation
Activating thorn Extract...Success -> active implementation extract
Activating thorn Fortran...Success -> active implementation Fortran
Activating thorn GenericFD...Success -> active implementation GenericFD
Activating thorn GSL...Success -> active implementation GSL
Activating thorn HDF5...Success -> active implementation HDF5
Activating thorn hwloc...Success -> active implementation hwloc
Activating thorn InitBase...Success -> active implementation InitBase
Activating thorn IOUtil...Success -> active implementation IO
Activating thorn LAPACK...Success -> active implementation LAPACK
Activating thorn LocalInterp...Success -> active implementation LocalInterp
Activating thorn LoopControl...Success -> active implementation LoopControl
Activating thorn ML_BSSN...Success -> active implementation ML_BSSN
Activating thorn ML_BSSN_Helper...Success -> active implementation ML_BSSN_Helper
Activating thorn MoL...Success -> active implementation MethodOfLines
Activating thorn MPI...Success -> active implementation MPI
Activating thorn NaNChecker...Success -> active implementation NaNChecker
Activating thorn NewRad...Success -> active implementation NewRad
Activating thorn ReflectionSymmetry...Success -> active implementation ReflectionSymmetry
Activating thorn Slab...Success -> active implementation Slab
Activating thorn SpaceMask...Success -> active implementation SpaceMask
Activating thorn SphericalSurface...Success -> active implementation SphericalSurface
Activating thorn StaticConformal...Success -> active implementation StaticConformal
Activating thorn SummationByParts...Success -> active implementation SummationByParts
Activating thorn SymBase...Success -> active implementation SymBase
Activating thorn TGRtensor...Success -> active implementation TGRtensor
Activating thorn Time...Success -> active implementation time
Activating thorn Timers...Success -> active implementation Timers
Activating thorn TmunuBase...Success -> active implementation TmunuBase
Activating thorn TwoPunctures...Success -> active implementation TwoPunctures
Activating thorn Vectors...Success -> active implementation Vectors
Activating thorn zlib...Success -> active implementation zlib
--------------------------------------------------------------------------------
  if (recover initial data)
    Recover parameters
  endif

  Startup routines
    [CCTK_STARTUP]
      Carpet::MultiModel_Startup: Multi-model Startup routine
      CycleClock::CycleClock_Setup: Set up CycleClock
      LoopControl::LC_setup: Set up LoopControl
      ML_BSSN_Helper::ML_BSSN_SetGroupTags: [meta] Set checkpointing and prolongation group tags
      Timers::Timer_Startup: Prepare hierarchical timers
      Carpet::Driver_Startup: Startup routine
      CarpetInterp::CarpetInterpStartup: Startup routine
      CarpetReduce::CarpetReduceStartup: Startup routine
      CartGrid3D::SymmetryStartup: Register GH Extension for GridSymmetry
      CoordBase::CoordBase_Startup: Register a GH extension to store the coordinate system handles
      AEILocalInterp::AEILocalInterp_U_Startup: register CCTK_InterpLocalUniform() interpolation operators
      IOUtil::IOUtil_Startup: Startup routine
      LocalInterp::LocalInterp_Startup: register LocalInterp's interpolation operators
      CarpetIOBasic::CarpetIOBasicStartup: [global] Startup routine
      ML_BSSN::ML_BSSN_Startup: [meta] create banner
      ML_BSSN_Helper::ML_BSSN_RegisterSlicing: [meta] Register slicing
      CarpetIOScalar::CarpetIOScalarStartup: [global] Startup routine
      MoL::MoL_Startup: Startup banner
      Slab::Slab_InitMPIDatatypes: Create MPI datatypes for complex variables in C
      SymBase::SymBase_Startup: Register GH Extension for SymBase
      CarpetIOASCII::CarpetIOASCIIStartup: [global] Startup routine
      Vectors::Vectors_Startup: Print startup message
      GROUP hwloc_startup: hwloc startup group
        hwloc::hwloc_version: Output hwloc version

  Startup routines which need an existing grid hierarchy
    [CCTK_WRAGH]
      ADMBase::Einstein_InitSymBound: [global] Set up GF symmetries
      Boundary::Boundary_RegisterBCs: [global] Register boundary conditions that this thorn provides
      CarpetRegrid2::CarpetRegrid2_Initialise: [global] Initialise locations of refined regions
      CartGrid3D::RegisterCartGrid3DCoords: [meta] Register coordinates for the Cartesian grid
      CoordGauge::Einstein_ActivateSlicing: Initialize slicing, setup priorities for mixed slicings
      CoordGauge::Einstein_SetNextSlicing: Identify the slicing for the next iteration
      ML_BSSN_Helper::ML_BSSN_ParamCompat: [meta] Handle parameter backward compatibility
      MoL::MoL_SetupIndexArrays: Set up the MoL bookkeeping index arrays
      MoL::MoL_SetScheduleStatus: [global] Set the flag so it is ok to register with MoL
      TmunuBase::TmunuBase_SetStressEnergyState: [global] Set the stress_energy_state variable
      GROUP MoL_Register: The group where physics thorns register variables with MoL
        ML_BSSN::ML_BSSN_RegisterVars: [meta] Register Variables for MoL
        ML_BSSN_Helper::ML_BSSN_RegisterConstrained: [meta] Register ADMBase variables as constrained
      Slab::Slab_InitTimers: Initialise timers
      GROUP SymBase_Wrapper: Wrapper group for SymBase
        GROUP SymmetryRegister: Register your symmetries here
          CartGrid3D::CartGrid3D_RegisterSymmetryBoundaries: [meta] Register symmetry boundaries
          ML_BSSN::ML_BSSN_RegisterSymmetries: [meta] register symmetries
          ReflectionSymmetry::ReflectionSymmetry_Register: Register reflection symmetry boundaries
        SymBase::SymBase_Statistics: Print symmetry boundary face descriptions
      MoL::MoL_ReportNumberVariables: [meta] Report how many of each type of variable there are
  Parameter checking routines
    [CCTK_PARAMCHECK]
      ADMBase::ADMBase_ParamCheck: [global] Check consistency of parameters
      Boundary::Boundary_Check: Check dimension of grid variables
      Carpet::CarpetParamCheck: Parameter checking routine
      CarpetLib::CarpetLib_test_prolongate_3d_rf2: [global] Test prolongation operators
      CarpetMask::CarpetSurfaceParamCheck: [global] Check parameters
      CarpetRegrid2::CarpetRegrid2_ParamCheck: Check parameters
      CartGrid3D::ParamCheck_CartGrid3D: Check coordinates for CartGrid3D
      Dissipation::dissipation_paramcheck: Check dissipation parameters for consistency
      Extract::Extract_ParamCheck: [global] Check parameters
      Fortran::CheckFortranParameters: Test whether Fortran parameters work correctly
      ML_BSSN_Helper::ML_BSSN_ParamCheck: [meta] Check parameters
      MoL::MoL_ParamCheck: Basic parameter checking
      SphericalSurface::SphericalSurface_ParamCheck: [global] Check that all surface names are unique
      TmunuBase::TmunuBase_ParamCheck: [global] Check that no deprecated parameters are used.
      TwoPunctures::TwoPunctures_ParamCheck: Check parameters and thorn needs
      Vectors::Vectors_Test: Run correctness tests.

  Initialisation
    if (NOT (recover initial data AND recovery_mode is 'strict'))
      [CCTK_PREREGRIDINITIAL]
      Set up grid hierarchy
      [CCTK_POSTREGRIDINITIAL]
        CartGrid3D::SpatialCoordinates: Set Coordinates after regridding
        GROUP MaskBase_SetupMask: Set up the weight function
          GROUP MaskBase_SetupMaskAll: Set up the weight function
            CarpetReduce::MaskBase_AllocateMask: [global] Allocate the weight function
            CarpetReduce::MaskBase_InitMask: [global] [loop-local] Initialise the weight function
            GROUP SetupIMaskInternal: Set up the integer weight function (schedule other routines in here)
              CarpetReduce::CoordBase_SetupMask: [global] [loop-local] Set up the outer boundaries of the weight function
              CarpetReduce::CarpetMaskSetup: [global] [loop-singlemap] Set up the weight function for the restriction regions
            GROUP SetupIMask: Set up the integer weight function (schedule other routines in here)
              CarpetMask::CarpetExcludedSetup: [global] [loop-local] Set up the weight function for the excluded regions
              CarpetMask::CarpetSurfaceSetup: [global] [loop-local] Set up the weight function for the excluded spherical surfaces
            CarpetReduce::MaskBase_SetMask: [global] [loop-local] Set the weight function
            GROUP SetupMask: Set up the real weight function (schedule other routines in here)
            CarpetReduce::MaskBase_TestMask: [global] Test the weight function
        Dissipation::setup_epsdis: Setup spatially varying dissipation
        GROUP MoL_PseudoEvolutionBoundaries: Apply boundary conditions to pseudo-evolved quantities
          GROUP ML_BSSN_ConstraintsEverywhere_bc_group: ML_BSSN_ConstraintsEverywhere
            ML_BSSN::ML_BSSN_ConstraintsEverywhere_SelectBCs: [level] ML_BSSN_ConstraintsEverywhere_SelectBCs
            GROUP ML_BSSN_ConstraintsEverywhere_ApplyBCs: Apply BCs for groups set in ML_BSSN_ConstraintsEverywhere
              GROUP BoundaryConditions: Execute all boundary conditions
                Boundary::Boundary_ApplyPhysicalBCs: Apply all requested local physical boundary conditions
                CartGrid3D::CartGrid3D_ApplyBC: Apply symmetry boundary conditions
                ReflectionSymmetry::ReflectionSymmetry_Apply: Apply reflection symmetries
              Boundary::Boundary_ClearSelection: [level] Unselect all grid variables for boundary conditions
          GROUP ML_BSSN_ConstraintsInterior_bc_group: ML_BSSN_ConstraintsInterior
            ML_BSSN::ML_BSSN_ConstraintsInterior_SelectBCs: [level] ML_BSSN_ConstraintsInterior_SelectBCs
            GROUP ML_BSSN_ConstraintsInterior_ApplyBCs: Apply BCs for groups set in ML_BSSN_ConstraintsInterior
              GROUP BoundaryConditions: Execute all boundary conditions
                Boundary::Boundary_ApplyPhysicalBCs: Apply all requested local physical boundary conditions
                CartGrid3D::CartGrid3D_ApplyBC: Apply symmetry boundary conditions
                ReflectionSymmetry::ReflectionSymmetry_Apply: Apply reflection symmetries
              Boundary::Boundary_ClearSelection: [level] Unselect all grid variables for boundary conditions
      [CCTK_BASEGRID]
        ADMBase::ADMBase_SetShiftStateOn: Set the shift_state variable to 1
        ADMBase::ADMBase_SetDtLapseStateOn: Set the dtlapse_state variable to 1
        ADMBase::ADMBase_SetDtShiftStateOn: Set the dtshift_state variable to 1
        ADMMacros::ADMMacros_SetLocalSpatialOrder: Initialize the local_spatial_order
        CartGrid3D::SpatialSpacings: Set up ranges for spatial 3D Cartesian coordinates (on all grids)
        CartGrid3D::SpatialCoordinates: Set up spatial 3D Cartesian coordinates on the GH
        SphericalSurface::SphericalSurface_SetupRes: [global] [loop-local] Set surface resolution automatically
        Dissipation::dissipation_basegrid: Ensure that there are enough ghost zones
        ML_BSSN::ML_BSSN_CheckBoundaries: [meta] check boundaries treatment
        NaNChecker::NaNChecker_ResetCounter: [global] Reset the NaNChecker::NaNsFound counter
        SphericalSurface::SphericalSurface_Setup: [global] Calculate surface coordinate descriptors
        GROUP MaskBase_SetupMask: Set up the weight function
          GROUP MaskBase_SetupMaskAll: Set up the weight function
            CarpetReduce::MaskBase_AllocateMask: [global] Allocate the weight function
            CarpetReduce::MaskBase_InitMask: [global] [loop-local] Initialise the weight function
            GROUP SetupIMaskInternal: Set up the integer weight function (schedule other routines in here)
              CarpetReduce::CoordBase_SetupMask: [global] [loop-local] Set up the outer boundaries of the weight function
              CarpetReduce::CarpetMaskSetup: [global] [loop-singlemap] Set up the weight function for the restriction regions
            GROUP SetupIMask: Set up the integer weight function (schedule other routines in here)
              CarpetMask::CarpetExcludedSetup: [global] [loop-local] Set up the weight function for the excluded regions
              CarpetMask::CarpetSurfaceSetup: [global] [loop-local] Set up the weight function for the excluded spherical surfaces
            CarpetReduce::MaskBase_SetMask: [global] [loop-local] Set the weight function
            GROUP SetupMask: Set up the real weight function (schedule other routines in here)
            CarpetReduce::MaskBase_TestMask: [global] Test the weight function
        SphericalSurface::SphericalSurface_Set: [global] Set surface radii to be used for initial setup in other thorns
        GROUP SphericalSurface_HasBeenSet: Set the spherical surfaces before this group, and use it afterwards
          SphericalSurface::SphericalSurface_CheckState: [global] Test the state of the spherical surfaces
        SummationByParts::SBP_SetNormMask: Setup the mask for the calculation of the norm
        SymBase::SymBase_Check: Check whether the driver set up the grid consistently
        Time::Time_Initialise: [global] Initialise Time variables
        Time::TemporalSpacings: [singlemap] Set timestep based on Courant condition (courant_static)
      [CCTK_INITIAL]
        StaticConformal::StaticConformal_InitialiseState: Set the conformal_state variable to 0
        GROUP ADMBase_InitialData: Schedule group for calculating ADM initial data
          GROUP TwoPunctures_Group: TwoPunctures initial data group
            TwoPunctures::TwoPunctures: Create puncture black hole initial data
            TwoPunctures::TwoPunctures_Metadata: [global] Output TwoPunctures metadata
        GROUP ADMBase_InitialGauge: Schedule group for the ADM initial gauge condition
          ADMBase::ADMBase_ShiftZero: Set the shift to 0 at all points
          ADMBase::ADMBase_DtLapseZero: Set the dtlapse to 0 at all points
          ADMBase::ADMBase_DtShiftZero: Set the dtshift to 0 at all points
        CarpetIOASCII::CarpetIOASCIIInit: [global] Initialisation routine
        CarpetIOBasic::CarpetIOBasicInit: [global] Initialisation routine
        CarpetIOScalar::CarpetIOScalarInit: [global] Initialisation routine
        GROUP ADMBase_PostInitial: Schedule group for modifying the ADM initial data, such as e.g. adding noise
        ML_BSSN::ML_BSSN_InitialADMBase1Everywhere: ML_BSSN_InitialADMBase1Everywhere
        ML_BSSN::ML_BSSN_InitialADMBase2BoundaryScalar: ML_BSSN_InitialADMBase2BoundaryScalar
        ML_BSSN::ML_BSSN_InitialADMBase2Interior: ML_BSSN_InitialADMBase2Interior
        MoL::MoL_StartLoop: [level] Initialise the step size control
        ML_BSSN_Helper::ML_BSSN_ExtrapolateGammas: Extrapolate Gammas and time derivatives of lapse and shift
      [CCTK_POSTINITIAL]
        GROUP MoL_PostStepModify: The group for physics thorns to schedule enforcing constraints
          ML_BSSN::ML_BSSN_EnforceEverywhere: ML_BSSN_EnforceEverywhere
        GROUP MoL_PostStep: Ensure that everything is correct after the initial data have been set up
          ML_BSSN::ML_BSSN_SelectBoundConds: [level] select boundary conditions
          GROUP ML_BSSN_ApplyBCs: Apply boundary conditions controlled by thorn Boundary
            GROUP BoundaryConditions: Execute all boundary conditions
              Boundary::Boundary_ApplyPhysicalBCs: Apply all requested local physical boundary conditions
              CartGrid3D::CartGrid3D_ApplyBC: Apply symmetry boundary conditions
              ReflectionSymmetry::ReflectionSymmetry_Apply: Apply reflection symmetries
            Boundary::Boundary_ClearSelection: [level] Unselect all grid variables for boundary conditions
          ML_BSSN::ML_BSSN_ADMBaseInterior: ML_BSSN_ADMBaseInterior
          ML_BSSN::ML_BSSN_ADMBaseBoundaryScalar: ML_BSSN_ADMBaseBoundaryScalar
          ML_BSSN::ML_BSSN_ADMBaseEverywhere: ML_BSSN_ADMBaseEverywhere
          ML_BSSN_Helper::ML_BSSN_ADMBase_SelectBCs: [level] Select boundary conditions for ADMBase variables
          GROUP ML_BSSN_ADMBase_ApplyBCs: Apply boundary conditions to ADMBase variables
            GROUP BoundaryConditions: Execute all boundary conditions
              Boundary::Boundary_ApplyPhysicalBCs: Apply all requested local physical boundary conditions
              CartGrid3D::CartGrid3D_ApplyBC: Apply symmetry boundary conditions
              ReflectionSymmetry::ReflectionSymmetry_Apply: Apply reflection symmetries
            Boundary::Boundary_ClearSelection: [level] Unselect all grid variables for boundary conditions
          GROUP ADMBase_SetADMVars: Set the ADM variables before this group, and use them afterwards
        GROUP MoL_PseudoEvolution: Calculate pseudo-evolved quantities
          GROUP ADMBase_SetADMVars: Set the ADM variables before this group, and use them afterwards
          GROUP ML_BSSN_ConstraintsEverywhere_group: ML_BSSN_ConstraintsEverywhere
            ML_BSSN::ML_BSSN_ConstraintsEverywhere: ML_BSSN_ConstraintsEverywhere
            GROUP ML_BSSN_ConstraintsEverywhere_bc_group: ML_BSSN_ConstraintsEverywhere
              ML_BSSN::ML_BSSN_ConstraintsEverywhere_SelectBCs: [level] ML_BSSN_ConstraintsEverywhere_SelectBCs
              GROUP ML_BSSN_ConstraintsEverywhere_ApplyBCs: Apply BCs for groups set in ML_BSSN_ConstraintsEverywhere
                GROUP BoundaryConditions: Execute all boundary conditions
                  Boundary::Boundary_ApplyPhysicalBCs: Apply all requested local physical boundary conditions
                  CartGrid3D::CartGrid3D_ApplyBC: Apply symmetry boundary conditions
                  ReflectionSymmetry::ReflectionSymmetry_Apply: Apply reflection symmetries
                Boundary::Boundary_ClearSelection: [level] Unselect all grid variables for boundary conditions
          GROUP ML_BSSN_ConstraintsInterior_group: ML_BSSN_ConstraintsInterior
            ML_BSSN::ML_BSSN_ConstraintsInterior: ML_BSSN_ConstraintsInterior
            GROUP ML_BSSN_ConstraintsInterior_bc_group: ML_BSSN_ConstraintsInterior
              ML_BSSN::ML_BSSN_ConstraintsInterior_SelectBCs: [level] ML_BSSN_ConstraintsInterior_SelectBCs
              GROUP ML_BSSN_ConstraintsInterior_ApplyBCs: Apply BCs for groups set in ML_BSSN_ConstraintsInterior
                GROUP BoundaryConditions: Execute all boundary conditions
                  Boundary::Boundary_ApplyPhysicalBCs: Apply all requested local physical boundary conditions
                  CartGrid3D::CartGrid3D_ApplyBC: Apply symmetry boundary conditions
                  ReflectionSymmetry::ReflectionSymmetry_Apply: Apply reflection symmetries
                Boundary::Boundary_ClearSelection: [level] Unselect all grid variables for boundary conditions
        SummationByParts::SBP_CheckGridSizes: Check grid sizes and ghost zones
      Initialise finer grids recursively
      Restrict from finer grids
      [CCTK_POSTRESTRICTINITIAL]
        GROUP MoL_PostStep: Ensure that everything is correct after restriction
          ML_BSSN::ML_BSSN_SelectBoundConds: [level] select boundary conditions
          GROUP ML_BSSN_ApplyBCs: Apply boundary conditions controlled by thorn Boundary
            GROUP BoundaryConditions: Execute all boundary conditions
              Boundary::Boundary_ApplyPhysicalBCs: Apply all requested local physical boundary conditions
              CartGrid3D::CartGrid3D_ApplyBC: Apply symmetry boundary conditions
              ReflectionSymmetry::ReflectionSymmetry_Apply: Apply reflection symmetries
            Boundary::Boundary_ClearSelection: [level] Unselect all grid variables for boundary conditions
          ML_BSSN::ML_BSSN_ADMBaseInterior: ML_BSSN_ADMBaseInterior
          ML_BSSN::ML_BSSN_ADMBaseBoundaryScalar: ML_BSSN_ADMBaseBoundaryScalar
          ML_BSSN::ML_BSSN_ADMBaseEverywhere: ML_BSSN_ADMBaseEverywhere
          ML_BSSN_Helper::ML_BSSN_ADMBase_SelectBCs: [level] Select boundary conditions for ADMBase variables
          GROUP ML_BSSN_ADMBase_ApplyBCs: Apply boundary conditions to ADMBase variables
            GROUP BoundaryConditions: Execute all boundary conditions
              Boundary::Boundary_ApplyPhysicalBCs: Apply all requested local physical boundary conditions
              CartGrid3D::CartGrid3D_ApplyBC: Apply symmetry boundary conditions
              ReflectionSymmetry::ReflectionSymmetry_Apply: Apply reflection symmetries
            Boundary::Boundary_ClearSelection: [level] Unselect all grid variables for boundary conditions
          GROUP ADMBase_SetADMVars: Set the ADM variables before this group, and use them afterwards
        GROUP MoL_PseudoEvolutionBoundaries: Apply boundary conditions to pseudo-evolved quantities
          GROUP ML_BSSN_ConstraintsEverywhere_bc_group: ML_BSSN_ConstraintsEverywhere
            ML_BSSN::ML_BSSN_ConstraintsEverywhere_SelectBCs: [level] ML_BSSN_ConstraintsEverywhere_SelectBCs
            GROUP ML_BSSN_ConstraintsEverywhere_ApplyBCs: Apply BCs for groups set in ML_BSSN_ConstraintsEverywhere
              GROUP BoundaryConditions: Execute all boundary conditions
                Boundary::Boundary_ApplyPhysicalBCs: Apply all requested local physical boundary conditions
                CartGrid3D::CartGrid3D_ApplyBC: Apply symmetry boundary conditions
                ReflectionSymmetry::ReflectionSymmetry_Apply: Apply reflection symmetries
              Boundary::Boundary_ClearSelection: [level] Unselect all grid variables for boundary conditions
          GROUP ML_BSSN_ConstraintsInterior_bc_group: ML_BSSN_ConstraintsInterior
            ML_BSSN::ML_BSSN_ConstraintsInterior_SelectBCs: [level] ML_BSSN_ConstraintsInterior_SelectBCs
            GROUP ML_BSSN_ConstraintsInterior_ApplyBCs: Apply BCs for groups set in ML_BSSN_ConstraintsInterior
              GROUP BoundaryConditions: Execute all boundary conditions
                Boundary::Boundary_ApplyPhysicalBCs: Apply all requested local physical boundary conditions
                CartGrid3D::CartGrid3D_ApplyBC: Apply symmetry boundary conditions
                ReflectionSymmetry::ReflectionSymmetry_Apply: Apply reflection symmetries
              Boundary::Boundary_ClearSelection: [level] Unselect all grid variables for boundary conditions
      [CCTK_POSTPOSTINITIAL]
      [CCTK_POSTSTEP]
        SphericalSurface::SphericalSurface_Set: [global] Set surface radii
        GROUP SphericalSurface_HasBeenSet: Set the spherical surfaces before this group, and use it afterwards
          SphericalSurface::SphericalSurface_CheckState: [global] Test the state of the spherical surfaces
        Extract::Extract: Extract waveforms
        GROUP zzz_NaNChecker_NaNCheck: Check for NaNs and count them in NaNChecker::NaNsFound
          NaNChecker::NaNChecker_NaNCheck_Prepare: [level] Prepare data structures to check for NaNs
          NaNChecker::NaNChecker_NaNCheck_Check: [local] Check for NaNs
          NaNChecker::NaNChecker_NaNCheck_Finish: [level] Count NaNs in NaNChecker::NaNsFound
        NaNChecker::NaNChecker_TakeAction: [global] [loop-level] Output NaNChecker::NaNmask and take action according to NaNChecker::action_if_found
        Dissipation::setup_epsdis: Setup spatially varying dissipation
        GROUP MaskBase_SetupMask: Set up the weight function
          GROUP MaskBase_SetupMaskAll: Set up the weight function
            CarpetReduce::MaskBase_AllocateMask: [global] Allocate the weight function
            CarpetReduce::MaskBase_InitMask: [global] [loop-local] Initialise the weight function
            GROUP SetupIMaskInternal: Set up the integer weight function (schedule other routines in here)
              CarpetReduce::CoordBase_SetupMask: [global] [loop-local] Set up the outer boundaries of the weight function
              CarpetReduce::CarpetMaskSetup: [global] [loop-singlemap] Set up the weight function for the restriction regions
            GROUP SetupIMask: Set up the integer weight function (schedule other routines in here)
              CarpetMask::CarpetExcludedSetup: [global] [loop-local] Set up the weight function for the excluded regions
              CarpetMask::CarpetSurfaceSetup: [global] [loop-local] Set up the weight function for the excluded spherical surfaces
            CarpetReduce::MaskBase_SetMask: [global] [loop-local] Set the weight function
            GROUP SetupMask: Set up the real weight function (schedule other routines in here)
            CarpetReduce::MaskBase_TestMask: [global] Test the weight function
    endif
    if (recover initial data)
      [CCTK_BASEGRID]
        ADMBase::ADMBase_SetShiftStateOn: Set the shift_state variable to 1
        ADMBase::ADMBase_SetDtLapseStateOn: Set the dtlapse_state variable to 1
        ADMBase::ADMBase_SetDtShiftStateOn: Set the dtshift_state variable to 1
        ADMMacros::ADMMacros_SetLocalSpatialOrder: Initialize the local_spatial_order
        CartGrid3D::SpatialSpacings: Set up ranges for spatial 3D Cartesian coordinates (on all grids)
        CartGrid3D::SpatialCoordinates: Set up spatial 3D Cartesian coordinates on the GH
        SphericalSurface::SphericalSurface_SetupRes: [global] [loop-local] Set surface resolution automatically
        Dissipation::dissipation_basegrid: Ensure that there are enough ghost zones
        ML_BSSN::ML_BSSN_CheckBoundaries: [meta] check boundaries treatment
        NaNChecker::NaNChecker_ResetCounter: [global] Reset the NaNChecker::NaNsFound counter
        SphericalSurface::SphericalSurface_Setup: [global] Calculate surface coordinate descriptors
        GROUP MaskBase_SetupMask: Set up the weight function
          GROUP MaskBase_SetupMaskAll: Set up the weight function
            CarpetReduce::MaskBase_AllocateMask: [global] Allocate the weight function
            CarpetReduce::MaskBase_InitMask: [global] [loop-local] Initialise the weight function
            GROUP SetupIMaskInternal: Set up the integer weight function (schedule other routines in here)
              CarpetReduce::CoordBase_SetupMask: [global] [loop-local] Set up the outer boundaries of the weight function
              CarpetReduce::CarpetMaskSetup: [global] [loop-singlemap] Set up the weight function for the restriction regions
            GROUP SetupIMask: Set up the integer weight function (schedule other routines in here)
              CarpetMask::CarpetExcludedSetup: [global] [loop-local] Set up the weight function for the excluded regions
              CarpetMask::CarpetSurfaceSetup: [global] [loop-local] Set up the weight function for the excluded spherical surfaces
            CarpetReduce::MaskBase_SetMask: [global] [loop-local] Set the weight function
            GROUP SetupMask: Set up the real weight function (schedule other routines in here)
            CarpetReduce::MaskBase_TestMask: [global] Test the weight function
        SphericalSurface::SphericalSurface_Set: [global] Set surface radii to be used for initial setup in other thorns
        GROUP SphericalSurface_HasBeenSet: Set the spherical surfaces before this group, and use it afterwards
          SphericalSurface::SphericalSurface_CheckState: [global] Test the state of the spherical surfaces
        SummationByParts::SBP_SetNormMask: Setup the mask for the calculation of the norm
        SymBase::SymBase_Check: Check whether the driver set up the grid consistently
        Time::Time_Initialise: [global] Initialise Time variables
        Time::TemporalSpacings: [singlemap] Set timestep based on Courant condition (courant_static)
      [CCTK_RECOVER_VARIABLES]
      [CCTK_POST_RECOVER_VARIABLES]
        GROUP MaskBase_SetupMask: Set up the weight function
          GROUP MaskBase_SetupMaskAll: Set up the weight function
            CarpetReduce::MaskBase_AllocateMask: [global] Allocate the weight function
            CarpetReduce::MaskBase_InitMask: [global] [loop-local] Initialise the weight function
            GROUP SetupIMaskInternal: Set up the integer weight function (schedule other routines in here)
              CarpetReduce::CoordBase_SetupMask: [global] [loop-local] Set up the outer boundaries of the weight function
              CarpetReduce::CarpetMaskSetup: [global] [loop-singlemap] Set up the weight function for the restriction regions
            GROUP SetupIMask: Set up the integer weight function (schedule other routines in here)
              CarpetMask::CarpetExcludedSetup: [global] [loop-local] Set up the weight function for the excluded regions
              CarpetMask::CarpetSurfaceSetup: [global] [loop-local] Set up the weight function for the excluded spherical surfaces
            CarpetReduce::MaskBase_SetMask: [global] [loop-local] Set the weight function
            GROUP SetupMask: Set up the real weight function (schedule other routines in here)
            CarpetReduce::MaskBase_TestMask: [global] Test the weight function
        GROUP MoL_PostStep: Ensure that everything is correct after recovery
          ML_BSSN::ML_BSSN_SelectBoundConds: [level] select boundary conditions
          GROUP ML_BSSN_ApplyBCs: Apply boundary conditions controlled by thorn Boundary
            GROUP BoundaryConditions: Execute all boundary conditions
              Boundary::Boundary_ApplyPhysicalBCs: Apply all requested local physical boundary conditions
              CartGrid3D::CartGrid3D_ApplyBC: Apply symmetry boundary conditions
              ReflectionSymmetry::ReflectionSymmetry_Apply: Apply reflection symmetries
            Boundary::Boundary_ClearSelection: [level] Unselect all grid variables for boundary conditions
          ML_BSSN::ML_BSSN_ADMBaseInterior: ML_BSSN_ADMBaseInterior
          ML_BSSN::ML_BSSN_ADMBaseBoundaryScalar: ML_BSSN_ADMBaseBoundaryScalar
          ML_BSSN::ML_BSSN_ADMBaseEverywhere: ML_BSSN_ADMBaseEverywhere
          ML_BSSN_Helper::ML_BSSN_ADMBase_SelectBCs: [level] Select boundary conditions for ADMBase variables
          GROUP ML_BSSN_ADMBase_ApplyBCs: Apply boundary conditions to ADMBase variables
            GROUP BoundaryConditions: Execute all boundary conditions
              Boundary::Boundary_ApplyPhysicalBCs: Apply all requested local physical boundary conditions
              CartGrid3D::CartGrid3D_ApplyBC: Apply symmetry boundary conditions
              ReflectionSymmetry::ReflectionSymmetry_Apply: Apply reflection symmetries
            Boundary::Boundary_ClearSelection: [level] Unselect all grid variables for boundary conditions
          GROUP ADMBase_SetADMVars: Set the ADM variables before this group, and use them afterwards
        GROUP zzz_NaNChecker_NaNCheck: Check for NaNs and count them in NaNChecker::NaNsFound
          NaNChecker::NaNChecker_NaNCheck_Prepare: [level] Prepare data structures to check for NaNs
          NaNChecker::NaNChecker_NaNCheck_Check: [local] Check for NaNs
          NaNChecker::NaNChecker_NaNCheck_Finish: [level] Count NaNs in NaNChecker::NaNsFound
        NaNChecker::NaNChecker_TakeAction: [global] [loop-level] Output NaNChecker::NaNmask and take action according to NaNChecker::action_if_found
    endif
    if (checkpoint initial data)
      [CCTK_CPINITIAL]
    endif
    if (analysis)
      [CCTK_ANALYSIS]
        CarpetLib::CarpetLib_printtimestats: [global] Print timing statistics if desired
        CarpetLib::CarpetLib_printmemstats: [global] Print memory statistics if desired
        LoopControl::LC_statistics_analysis: [meta] Output LoopControl statistics
        GROUP ML_BSSN_EvolutionAnalysis: Calculate RHS at analysis
          ML_BSSN::ML_BSSN_EvolutionAnalysisInit: ML_BSSN_EvolutionAnalysisInit
          ML_BSSN::ML_BSSN_EvolutionAnalysisInterior: ML_BSSN_EvolutionAnalysisInterior
          ML_BSSN_Helper::ML_BSSN_NewRad: Apply NewRad boundary conditions to RHS
  endif
  Output grid variables

  do loop over timesteps
    [CCTK_PREREGRID]
      CarpetTracker::CarpetTracker_SetPositions: [global] Set positions of refined regions
    Change grid hierarchy
    [CCTK_POSTREGRID]
      CartGrid3D::SpatialCoordinates: Set Coordinates after regridding
      GROUP MaskBase_SetupMask: Set up the weight function
        GROUP MaskBase_SetupMaskAll: Set up the weight function
          CarpetReduce::MaskBase_AllocateMask: [global] Allocate the weight function
          CarpetReduce::MaskBase_InitMask: [global] [loop-local] Initialise the weight function
          GROUP SetupIMaskInternal: Set up the integer weight function (schedule other routines in here)
            CarpetReduce::CoordBase_SetupMask: [global] [loop-local] Set up the outer boundaries of the weight function
            CarpetReduce::CarpetMaskSetup: [global] [loop-singlemap] Set up the weight function for the restriction regions
          GROUP SetupIMask: Set up the integer weight function (schedule other routines in here)
            CarpetMask::CarpetExcludedSetup: [global] [loop-local] Set up the weight function for the excluded regions
            CarpetMask::CarpetSurfaceSetup: [global] [loop-local] Set up the weight function for the excluded spherical surfaces
          CarpetReduce::MaskBase_SetMask: [global] [loop-local] Set the weight function
          GROUP SetupMask: Set up the real weight function (schedule other routines in here)
          CarpetReduce::MaskBase_TestMask: [global] Test the weight function
      Dissipation::setup_epsdis: Setup spatially varying dissipation
      GROUP MoL_PostStep: Ensure that everything is correct after regridding
        ML_BSSN::ML_BSSN_SelectBoundConds: [level] select boundary conditions
        GROUP ML_BSSN_ApplyBCs: Apply boundary conditions controlled by thorn Boundary
          GROUP BoundaryConditions: Execute all boundary conditions
            Boundary::Boundary_ApplyPhysicalBCs: Apply all requested local physical boundary conditions
            CartGrid3D::CartGrid3D_ApplyBC: Apply symmetry boundary conditions
            ReflectionSymmetry::ReflectionSymmetry_Apply: Apply reflection symmetries
          Boundary::Boundary_ClearSelection: [level] Unselect all grid variables for boundary conditions
        ML_BSSN::ML_BSSN_ADMBaseInterior: ML_BSSN_ADMBaseInterior
        ML_BSSN::ML_BSSN_ADMBaseBoundaryScalar: ML_BSSN_ADMBaseBoundaryScalar
        ML_BSSN::ML_BSSN_ADMBaseEverywhere: ML_BSSN_ADMBaseEverywhere
        ML_BSSN_Helper::ML_BSSN_ADMBase_SelectBCs: [level] Select boundary conditions for ADMBase variables
        GROUP ML_BSSN_ADMBase_ApplyBCs: Apply boundary conditions to ADMBase variables
          GROUP BoundaryConditions: Execute all boundary conditions
            Boundary::Boundary_ApplyPhysicalBCs: Apply all requested local physical boundary conditions
            CartGrid3D::CartGrid3D_ApplyBC: Apply symmetry boundary conditions
            ReflectionSymmetry::ReflectionSymmetry_Apply: Apply reflection symmetries
          Boundary::Boundary_ClearSelection: [level] Unselect all grid variables for boundary conditions
        GROUP ADMBase_SetADMVars: Set the ADM variables before this group, and use them afterwards
      GROUP MoL_PseudoEvolutionBoundaries: Apply boundary conditions to pseudo-evolved quantities
        GROUP ML_BSSN_ConstraintsEverywhere_bc_group: ML_BSSN_ConstraintsEverywhere
          ML_BSSN::ML_BSSN_ConstraintsEverywhere_SelectBCs: [level] ML_BSSN_ConstraintsEverywhere_SelectBCs
          GROUP ML_BSSN_ConstraintsEverywhere_ApplyBCs: Apply BCs for groups set in ML_BSSN_ConstraintsEverywhere
            GROUP BoundaryConditions: Execute all boundary conditions
              Boundary::Boundary_ApplyPhysicalBCs: Apply all requested local physical boundary conditions
              CartGrid3D::CartGrid3D_ApplyBC: Apply symmetry boundary conditions
              ReflectionSymmetry::ReflectionSymmetry_Apply: Apply reflection symmetries
            Boundary::Boundary_ClearSelection: [level] Unselect all grid variables for boundary conditions
        GROUP ML_BSSN_ConstraintsInterior_bc_group: ML_BSSN_ConstraintsInterior
          ML_BSSN::ML_BSSN_ConstraintsInterior_SelectBCs: [level] ML_BSSN_ConstraintsInterior_SelectBCs
          GROUP ML_BSSN_ConstraintsInterior_ApplyBCs: Apply BCs for groups set in ML_BSSN_ConstraintsInterior
            GROUP BoundaryConditions: Execute all boundary conditions
              Boundary::Boundary_ApplyPhysicalBCs: Apply all requested local physical boundary conditions
              CartGrid3D::CartGrid3D_ApplyBC: Apply symmetry boundary conditions
              ReflectionSymmetry::ReflectionSymmetry_Apply: Apply reflection symmetries
            Boundary::Boundary_ClearSelection: [level] Unselect all grid variables for boundary conditions
    Rotate timelevels
    iteration = iteration+1
    t = t+dt
    [CCTK_PRESTEP]
      CoordGauge::Einstein_SetNextSlicing: Identify the slicing for the next iteration
      LoopControl::LC_steer: [meta] Update LoopControl algorithm preferences
      NaNChecker::NaNChecker_ResetCounter: [global] Reset the NaNChecker::NaNsFound counter
    [CCTK_EVOL]
      MoL::MoL_StartLoop: [level] Initialise the step size control
      while (MoL::MoL_Stepsize_Bad)
        GROUP MoL_Evolution: A single Cactus evolution step using MoL
          GROUP MoL_StartStep: MoL internal setup for the evolution step
            MoL::MoL_SetCounter: [level] Set the counter for the ODE method to loop over
            MoL::MoL_SetTime: [level] Ensure the correct time and timestep are used
            MoL::MoL_AllocateScratchSpace: [level] Allocate storage for scratch levels
          GROUP MoL_PreStep: Physics thorns can schedule preloop setup routines in here
          MoL::MoL_AllocateScratch: Allocate sufficient space for array scratch variables
          MoL::MoL_InitialCopy: Ensure the data is in the correct timelevel
          while (MoL::MoL_Intermediate_Step)
            GROUP MoL_Step: The loop over the intermediate steps for the ODE integrator
              MoL::MoL_InitRHS: Initialise the RHS functions
              GROUP MoL_CalcRHS: Physics thorns schedule the calculation of the discrete spatial operator in here
                ML_BSSN::ML_BSSN_EvolutionBoundaryScalar: ML_BSSN_EvolutionBoundaryScalar
                GROUP ML_BSSN_EvolutionInteriorSplitBy: 
                  ML_BSSN::ML_BSSN_EvolutionInteriorSplitBy1: ML_BSSN_EvolutionInteriorSplitBy1
                  ML_BSSN::ML_BSSN_EvolutionInteriorSplitBy2: ML_BSSN_EvolutionInteriorSplitBy2
                  ML_BSSN::ML_BSSN_EvolutionInteriorSplitBy3: ML_BSSN_EvolutionInteriorSplitBy3
                ML_BSSN_Helper::ML_BSSN_NewRad: Apply NewRad boundary conditions to RHS
              GROUP MoL_PostRHS: Modify RHS functions
                Dissipation::dissipation_add: Add Kreiss-Oliger dissipation to the right hand sides
              GROUP MoL_RHSBoundaries: Any 'final' modifications to the RHS functions (boundaries etc.)
              MoL::MoL_Add: Updates calculated with the efficient Runge-Kutta 4 method
              MoL::MoL_DecrementCounter: [level] Alter the counter number
              MoL::MoL_ResetTime: [level] If necessary, change the time
              GROUP MoL_PostStepModify: The group for physics thorns to schedule enforcing constraints
                ML_BSSN::ML_BSSN_EnforceEverywhere: ML_BSSN_EnforceEverywhere
              GROUP MoL_PostStep: The group for physics thorns to schedule boundary calls etc.
                ML_BSSN::ML_BSSN_SelectBoundConds: [level] select boundary conditions
                GROUP ML_BSSN_ApplyBCs: Apply boundary conditions controlled by thorn Boundary
                  GROUP BoundaryConditions: Execute all boundary conditions
                    Boundary::Boundary_ApplyPhysicalBCs: Apply all requested local physical boundary conditions
                    CartGrid3D::CartGrid3D_ApplyBC: Apply symmetry boundary conditions
                    ReflectionSymmetry::ReflectionSymmetry_Apply: Apply reflection symmetries
                  Boundary::Boundary_ClearSelection: [level] Unselect all grid variables for boundary conditions
                ML_BSSN::ML_BSSN_ADMBaseInterior: ML_BSSN_ADMBaseInterior
                ML_BSSN::ML_BSSN_ADMBaseBoundaryScalar: ML_BSSN_ADMBaseBoundaryScalar
                ML_BSSN::ML_BSSN_ADMBaseEverywhere: ML_BSSN_ADMBaseEverywhere
                ML_BSSN_Helper::ML_BSSN_ADMBase_SelectBCs: [level] Select boundary conditions for ADMBase variables
                GROUP ML_BSSN_ADMBase_ApplyBCs: Apply boundary conditions to ADMBase variables
                  GROUP BoundaryConditions: Execute all boundary conditions
                    Boundary::Boundary_ApplyPhysicalBCs: Apply all requested local physical boundary conditions
                    CartGrid3D::CartGrid3D_ApplyBC: Apply symmetry boundary conditions
                    ReflectionSymmetry::ReflectionSymmetry_Apply: Apply reflection symmetries
                  Boundary::Boundary_ClearSelection: [level] Unselect all grid variables for boundary conditions
                GROUP ADMBase_SetADMVars: Set the ADM variables before this group, and use them afterwards
              MoL::MoL_ResetDeltaTime: [level] If necessary, change the timestep
          end while
          MoL::MoL_FinishLoop: [level] Control the step size
          MoL::MoL_RestoreSandR: Restoring the Save and Restore variables to the original state
          MoL::MoL_FreeScratchSpace: [level] Free storage for scratch levels
      end while
      GROUP MoL_PseudoEvolution: Calculate pseudo-evolved quantities
        GROUP ADMBase_SetADMVars: Set the ADM variables before this group, and use them afterwards
        GROUP ML_BSSN_ConstraintsEverywhere_group: ML_BSSN_ConstraintsEverywhere
          ML_BSSN::ML_BSSN_ConstraintsEverywhere: ML_BSSN_ConstraintsEverywhere
          GROUP ML_BSSN_ConstraintsEverywhere_bc_group: ML_BSSN_ConstraintsEverywhere
            ML_BSSN::ML_BSSN_ConstraintsEverywhere_SelectBCs: [level] ML_BSSN_ConstraintsEverywhere_SelectBCs
            GROUP ML_BSSN_ConstraintsEverywhere_ApplyBCs: Apply BCs for groups set in ML_BSSN_ConstraintsEverywhere
              GROUP BoundaryConditions: Execute all boundary conditions
                Boundary::Boundary_ApplyPhysicalBCs: Apply all requested local physical boundary conditions
                CartGrid3D::CartGrid3D_ApplyBC: Apply symmetry boundary conditions
                ReflectionSymmetry::ReflectionSymmetry_Apply: Apply reflection symmetries
              Boundary::Boundary_ClearSelection: [level] Unselect all grid variables for boundary conditions
        GROUP ML_BSSN_ConstraintsInterior_group: ML_BSSN_ConstraintsInterior
          ML_BSSN::ML_BSSN_ConstraintsInterior: ML_BSSN_ConstraintsInterior
          GROUP ML_BSSN_ConstraintsInterior_bc_group: ML_BSSN_ConstraintsInterior
            ML_BSSN::ML_BSSN_ConstraintsInterior_SelectBCs: [level] ML_BSSN_ConstraintsInterior_SelectBCs
            GROUP ML_BSSN_ConstraintsInterior_ApplyBCs: Apply BCs for groups set in ML_BSSN_ConstraintsInterior
              GROUP BoundaryConditions: Execute all boundary conditions
                Boundary::Boundary_ApplyPhysicalBCs: Apply all requested local physical boundary conditions
                CartGrid3D::CartGrid3D_ApplyBC: Apply symmetry boundary conditions
                ReflectionSymmetry::ReflectionSymmetry_Apply: Apply reflection symmetries
              Boundary::Boundary_ClearSelection: [level] Unselect all grid variables for boundary conditions
    Evolve finer grids recursively
    Restrict from finer grids
    [CCTK_POSTRESTRICT]
      GROUP MoL_PostStep: Ensure that everything is correct after restriction
        ML_BSSN::ML_BSSN_SelectBoundConds: [level] select boundary conditions
        GROUP ML_BSSN_ApplyBCs: Apply boundary conditions controlled by thorn Boundary
          GROUP BoundaryConditions: Execute all boundary conditions
            Boundary::Boundary_ApplyPhysicalBCs: Apply all requested local physical boundary conditions
            CartGrid3D::CartGrid3D_ApplyBC: Apply symmetry boundary conditions
            ReflectionSymmetry::ReflectionSymmetry_Apply: Apply reflection symmetries
          Boundary::Boundary_ClearSelection: [level] Unselect all grid variables for boundary conditions
        ML_BSSN::ML_BSSN_ADMBaseInterior: ML_BSSN_ADMBaseInterior
        ML_BSSN::ML_BSSN_ADMBaseBoundaryScalar: ML_BSSN_ADMBaseBoundaryScalar
        ML_BSSN::ML_BSSN_ADMBaseEverywhere: ML_BSSN_ADMBaseEverywhere
        ML_BSSN_Helper::ML_BSSN_ADMBase_SelectBCs: [level] Select boundary conditions for ADMBase variables
        GROUP ML_BSSN_ADMBase_ApplyBCs: Apply boundary conditions to ADMBase variables
          GROUP BoundaryConditions: Execute all boundary conditions
            Boundary::Boundary_ApplyPhysicalBCs: Apply all requested local physical boundary conditions
            CartGrid3D::CartGrid3D_ApplyBC: Apply symmetry boundary conditions
            ReflectionSymmetry::ReflectionSymmetry_Apply: Apply reflection symmetries
          Boundary::Boundary_ClearSelection: [level] Unselect all grid variables for boundary conditions
        GROUP ADMBase_SetADMVars: Set the ADM variables before this group, and use them afterwards
      GROUP MoL_PseudoEvolutionBoundaries: Apply boundary conditions to pseudo-evolved quantities
        GROUP ML_BSSN_ConstraintsEverywhere_bc_group: ML_BSSN_ConstraintsEverywhere
          ML_BSSN::ML_BSSN_ConstraintsEverywhere_SelectBCs: [level] ML_BSSN_ConstraintsEverywhere_SelectBCs
          GROUP ML_BSSN_ConstraintsEverywhere_ApplyBCs: Apply BCs for groups set in ML_BSSN_ConstraintsEverywhere
            GROUP BoundaryConditions: Execute all boundary conditions
              Boundary::Boundary_ApplyPhysicalBCs: Apply all requested local physical boundary conditions
              CartGrid3D::CartGrid3D_ApplyBC: Apply symmetry boundary conditions
              ReflectionSymmetry::ReflectionSymmetry_Apply: Apply reflection symmetries
            Boundary::Boundary_ClearSelection: [level] Unselect all grid variables for boundary conditions
        GROUP ML_BSSN_ConstraintsInterior_bc_group: ML_BSSN_ConstraintsInterior
          ML_BSSN::ML_BSSN_ConstraintsInterior_SelectBCs: [level] ML_BSSN_ConstraintsInterior_SelectBCs
          GROUP ML_BSSN_ConstraintsInterior_ApplyBCs: Apply BCs for groups set in ML_BSSN_ConstraintsInterior
            GROUP BoundaryConditions: Execute all boundary conditions
              Boundary::Boundary_ApplyPhysicalBCs: Apply all requested local physical boundary conditions
              CartGrid3D::CartGrid3D_ApplyBC: Apply symmetry boundary conditions
              ReflectionSymmetry::ReflectionSymmetry_Apply: Apply reflection symmetries
            Boundary::Boundary_ClearSelection: [level] Unselect all grid variables for boundary conditions
    [CCTK_POSTSTEP]
      SphericalSurface::SphericalSurface_Set: [global] Set surface radii
      GROUP SphericalSurface_HasBeenSet: Set the spherical surfaces before this group, and use it afterwards
        SphericalSurface::SphericalSurface_CheckState: [global] Test the state of the spherical surfaces
      Extract::Extract: Extract waveforms
      GROUP zzz_NaNChecker_NaNCheck: Check for NaNs and count them in NaNChecker::NaNsFound
        NaNChecker::NaNChecker_NaNCheck_Prepare: [level] Prepare data structures to check for NaNs
        NaNChecker::NaNChecker_NaNCheck_Check: [local] Check for NaNs
        NaNChecker::NaNChecker_NaNCheck_Finish: [level] Count NaNs in NaNChecker::NaNsFound
      NaNChecker::NaNChecker_TakeAction: [global] [loop-level] Output NaNChecker::NaNmask and take action according to NaNChecker::action_if_found
      Dissipation::setup_epsdis: Setup spatially varying dissipation
      GROUP MaskBase_SetupMask: Set up the weight function
        GROUP MaskBase_SetupMaskAll: Set up the weight function
          CarpetReduce::MaskBase_AllocateMask: [global] Allocate the weight function
          CarpetReduce::MaskBase_InitMask: [global] [loop-local] Initialise the weight function
          GROUP SetupIMaskInternal: Set up the integer weight function (schedule other routines in here)
            CarpetReduce::CoordBase_SetupMask: [global] [loop-local] Set up the outer boundaries of the weight function
            CarpetReduce::CarpetMaskSetup: [global] [loop-singlemap] Set up the weight function for the restriction regions
          GROUP SetupIMask: Set up the integer weight function (schedule other routines in here)
            CarpetMask::CarpetExcludedSetup: [global] [loop-local] Set up the weight function for the excluded regions
            CarpetMask::CarpetSurfaceSetup: [global] [loop-local] Set up the weight function for the excluded spherical surfaces
          CarpetReduce::MaskBase_SetMask: [global] [loop-local] Set the weight function
          GROUP SetupMask: Set up the real weight function (schedule other routines in here)
          CarpetReduce::MaskBase_TestMask: [global] Test the weight function
    if (checkpoint)
      [CCTK_CHECKPOINT]
    endif
    if (analysis)
      [CCTK_ANALYSIS]
      CarpetLib::CarpetLib_printtimestats: [global] Print timing statistics if desired
      CarpetLib::CarpetLib_printmemstats: [global] Print memory statistics if desired
      LoopControl::LC_statistics_analysis: [meta] Output LoopControl statistics
      GROUP ML_BSSN_EvolutionAnalysis: Calculate RHS at analysis
        ML_BSSN::ML_BSSN_EvolutionAnalysisInit: ML_BSSN_EvolutionAnalysisInit
        ML_BSSN::ML_BSSN_EvolutionAnalysisInterior: ML_BSSN_EvolutionAnalysisInterior
        ML_BSSN_Helper::ML_BSSN_NewRad: Apply NewRad boundary conditions to RHS
    endif
    Output grid variables
    enddo

  Termination routines
    [CCTK_TERMINATE]
      LoopControl::LC_statistics_terminate: [meta] Output LoopControl statistics
      MoL::MoL_FreeIndexArrays: Free the MoL bookkeeping index arrays

  Shutdown routines
    [CCTK_SHUTDOWN]
      Timers::Timer_Shutdown: Prepare hierarchical timers

  Routines run after changing the grid hierarchy:
    [CCTK_POSTREGRID]
      CartGrid3D::SpatialCoordinates: Set Coordinates after regridding
      GROUP MaskBase_SetupMask: Set up the weight function
        GROUP MaskBase_SetupMaskAll: Set up the weight function
          CarpetReduce::MaskBase_AllocateMask: [global] Allocate the weight function
          CarpetReduce::MaskBase_InitMask: [global] [loop-local] Initialise the weight function
          GROUP SetupIMaskInternal: Set up the integer weight function (schedule other routines in here)
            CarpetReduce::CoordBase_SetupMask: [global] [loop-local] Set up the outer boundaries of the weight function
            CarpetReduce::CarpetMaskSetup: [global] [loop-singlemap] Set up the weight function for the restriction regions
          GROUP SetupIMask: Set up the integer weight function (schedule other routines in here)
            CarpetMask::CarpetExcludedSetup: [global] [loop-local] Set up the weight function for the excluded regions
            CarpetMask::CarpetSurfaceSetup: [global] [loop-local] Set up the weight function for the excluded spherical surfaces
          CarpetReduce::MaskBase_SetMask: [global] [loop-local] Set the weight function
          GROUP SetupMask: Set up the real weight function (schedule other routines in here)
          CarpetReduce::MaskBase_TestMask: [global] Test the weight function
      Dissipation::setup_epsdis: Setup spatially varying dissipation
      GROUP MoL_PostStep: Ensure that everything is correct after regridding
        ML_BSSN::ML_BSSN_SelectBoundConds: [level] select boundary conditions
        GROUP ML_BSSN_ApplyBCs: Apply boundary conditions controlled by thorn Boundary
          GROUP BoundaryConditions: Execute all boundary conditions
            Boundary::Boundary_ApplyPhysicalBCs: Apply all requested local physical boundary conditions
            CartGrid3D::CartGrid3D_ApplyBC: Apply symmetry boundary conditions
            ReflectionSymmetry::ReflectionSymmetry_Apply: Apply reflection symmetries
          Boundary::Boundary_ClearSelection: [level] Unselect all grid variables for boundary conditions
        ML_BSSN::ML_BSSN_ADMBaseInterior: ML_BSSN_ADMBaseInterior
        ML_BSSN::ML_BSSN_ADMBaseBoundaryScalar: ML_BSSN_ADMBaseBoundaryScalar
        ML_BSSN::ML_BSSN_ADMBaseEverywhere: ML_BSSN_ADMBaseEverywhere
        ML_BSSN_Helper::ML_BSSN_ADMBase_SelectBCs: [level] Select boundary conditions for ADMBase variables
        GROUP ML_BSSN_ADMBase_ApplyBCs: Apply boundary conditions to ADMBase variables
          GROUP BoundaryConditions: Execute all boundary conditions
            Boundary::Boundary_ApplyPhysicalBCs: Apply all requested local physical boundary conditions
            CartGrid3D::CartGrid3D_ApplyBC: Apply symmetry boundary conditions
            ReflectionSymmetry::ReflectionSymmetry_Apply: Apply reflection symmetries
          Boundary::Boundary_ClearSelection: [level] Unselect all grid variables for boundary conditions
        GROUP ADMBase_SetADMVars: Set the ADM variables before this group, and use them afterwards
      GROUP MoL_PseudoEvolutionBoundaries: Apply boundary conditions to pseudo-evolved quantities
        GROUP ML_BSSN_ConstraintsEverywhere_bc_group: ML_BSSN_ConstraintsEverywhere
          ML_BSSN::ML_BSSN_ConstraintsEverywhere_SelectBCs: [level] ML_BSSN_ConstraintsEverywhere_SelectBCs
          GROUP ML_BSSN_ConstraintsEverywhere_ApplyBCs: Apply BCs for groups set in ML_BSSN_ConstraintsEverywhere
            GROUP BoundaryConditions: Execute all boundary conditions
              Boundary::Boundary_ApplyPhysicalBCs: Apply all requested local physical boundary conditions
              CartGrid3D::CartGrid3D_ApplyBC: Apply symmetry boundary conditions
              ReflectionSymmetry::ReflectionSymmetry_Apply: Apply reflection symmetries
            Boundary::Boundary_ClearSelection: [level] Unselect all grid variables for boundary conditions
        GROUP ML_BSSN_ConstraintsInterior_bc_group: ML_BSSN_ConstraintsInterior
          ML_BSSN::ML_BSSN_ConstraintsInterior_SelectBCs: [level] ML_BSSN_ConstraintsInterior_SelectBCs
          GROUP ML_BSSN_ConstraintsInterior_ApplyBCs: Apply BCs for groups set in ML_BSSN_ConstraintsInterior
            GROUP BoundaryConditions: Execute all boundary conditions
              Boundary::Boundary_ApplyPhysicalBCs: Apply all requested local physical boundary conditions
              CartGrid3D::CartGrid3D_ApplyBC: Apply symmetry boundary conditions
              ReflectionSymmetry::ReflectionSymmetry_Apply: Apply reflection symmetries
            Boundary::Boundary_ClearSelection: [level] Unselect all grid variables for boundary conditions
--------------------------------------------------------------------------------
INFO (Carpet): Multi-Model listing:
   model 0: "world"
INFO (Carpet): Multi-Model process distribution:
   process 0: model 0 "world"
INFO (Carpet): Multi-Model: This is process 0, model 0 "world"
INFO (CarpetLib): Process startup time was 0.727 seconds
Current core file size limit: hard=[unlimited], soft=0 MB
Current addres space size limit: hard=[unlimited], soft=[unlimited]
Current data segment size limit: hard=[unlimited], soft=[unlimited]
Current resident set size limit: hard=[unlimited], soft=[unlimited]
INFO (CycleClock): Measuring CycleClock tick via OpenMP...
INFO (CycleClock): Calibrated CycleClock: 0.385187 ns per clock tick (2.59614 GHz)
INFO (Vectors): Using vector size 2 for architecture SSE2 (64-bit precision)
INFO (hwloc): library version 2.10.0, API version 0x20800
--------------------------------------------------------------------------------
AMR driver provided by Carpet
--------------------------------------------------------------------------------
AMR info I/O provided by CarpetIOBasic
--------------------------------------------------------------------------------
ML_BSSN
--------------------------------------------------------------------------------
AMR scalar I/O provided by CarpetIOScalar
--------------------------------------------------------------------------------
MoL: Generalized time integration.
--------------------------------------------------------------------------------
AMR 0D ASCII I/O provided by CarpetIOASCII
--------------------------------------------------------------------------------
AMR 1D ASCII I/O provided by CarpetIOASCII
--------------------------------------------------------------------------------
AMR 2D ASCII I/O provided by CarpetIOASCII
--------------------------------------------------------------------------------
AMR 3D ASCII I/O provided by CarpetIOASCII
--------------------------------------------------------------------------------

INFO (Carpet): MPI is enabled
INFO (Carpet): Carpet is running on 1 processes
INFO (Carpet): This is process 0
INFO (Carpet): OpenMP is enabled
INFO (Carpet): This process contains 2 threads, this is thread 0
INFO (Carpet): There are 2 threads in total
INFO (Carpet): There are 2 threads per process
INFO (Carpet): This process runs on host runnervmg397c, pid=169930
INFO (Carpet): This process runs on 4 cores: 0-3
INFO (Carpet): Thread 0 runs on 4 cores: 0-3
INFO (Carpet): Thread 1 runs on 4 cores: 0-3
INFO (Carpet): This simulation is running in 3 dimensions
INFO (Carpet): Boundary specification for map 0:
   nboundaryzones: [[3,3,3],[3,3,3]]
   is_internal   : [[0,0,0],[0,0,0]]
   is_staggered  : [[0,0,0],[0,0,0]]
   shiftout      : [[0,0,1],[0,0,0]]
INFO (Carpet): CoordBase domain specification for map 0:
   physical extent: [-120,-120,0] : [120,120,120]   ([240,240,120])
   interior extent: [-112,-112,0] : [112,112,112]   ([224,224,112])
   exterior extent: [-136,-136,-24] : [136,136,136]   ([272,272,160])
   base_spacing   : [8,8,8]
INFO (Carpet): Adapted domain specification for map 0:
   convergence factor: 2
   convergence level : 0
   physical extent   : [-120,-120,0] : [120,120,120]   ([240,240,120])
   interior extent   : [-112,-112,0] : [112,112,112]   ([224,224,112])
   exterior extent   : [-136,-136,-24] : [136,136,136]   ([272,272,160])
   spacing           : [8,8,8]
INFO (Carpet): Base grid specification for map 0:
   number of grid points             : [35,35,21]
   number of coarse grid ghost points: [[3,3,3],[3,3,3]]
INFO (Carpet): Buffer zone counts (excluding ghosts):
   [0]: [[0,0,0],[0,0,0]]
   [1]: [[9,9,9],[9,9,9]]
   [2]: [[9,9,9],[9,9,9]]
   [3]: [[9,9,9],[9,9,9]]
   [4]: [[9,9,9],[9,9,9]]
   [5]: [[9,9,9],[9,9,9]]
   [6]: [[9,9,9],[9,9,9]]
   [7]: [[9,9,9],[9,9,9]]
   [8]: [[9,9,9],[9,9,9]]
   [9]: [[9,9,9],[9,9,9]]
INFO (Carpet): Overlap zone counts:
   [0]: [[0,0,0],[0,0,0]]
   [1]: [[0,0,0],[0,0,0]]
   [2]: [[0,0,0],[0,0,0]]
   [3]: [[0,0,0],[0,0,0]]
   [4]: [[0,0,0],[0,0,0]]
   [5]: [[0,0,0],[0,0,0]]
   [6]: [[0,0,0],[0,0,0]]
   [7]: [[0,0,0],[0,0,0]]
   [8]: [[0,0,0],[0,0,0]]
   [9]: [[0,0,0],[0,0,0]]
INFO (Carpet): Group and variable statistics:
INFO (Carpet):    There are 781 grid functions in 57 groups
INFO (Carpet):    There are 400 grid scalars in 47 groups
INFO (Carpet):    There are 81 1-dimensional grid arrays in 7 groups
INFO (Carpet):    There are 7 2-dimensional grid arrays in 2 groups
INFO (Carpet):    There are 0 3-dimensional grid arrays in 0 groups
INFO (Carpet):    (The number of variables counts all time levels)
INFO (CarpetIOASCII): I/O Method 'IOASCII_0D' registered: 0D AMR output of grid variables to ASCII files
INFO (CarpetIOASCII): I/O Method 'IOASCII_1D' registered: 1D AMR output of grid variables to ASCII files
INFO (CarpetIOASCII): Periodic 1D AMR output requested for:
   ADMBASE::gxx
   ADMBASE::gxy
   ADMBASE::gxz
   ADMBASE::gyy
   ADMBASE::gyz
   ADMBASE::gzz
   ADMBASE::kxx
   ADMBASE::kxy
   ADMBASE::kxz
   ADMBASE::kyy
   ADMBASE::kyz
   ADMBASE::kzz
   ADMBASE::alp
   ADMBASE::betax
   ADMBASE::betay
   ADMBASE::betaz
   CARPETREDUCE::weight
INFO (CarpetIOASCII): I/O Method 'IOASCII_2D' registered: 2D AMR output of grid variables to ASCII files
INFO (CarpetIOASCII): I/O Method 'IOASCII_3D' registered: 3D AMR output of grid variables to ASCII files
INFO (CarpetRegrid2): Initialising position of centre 0 to [1.16864,0,0]
INFO (CarpetRegrid2): Initialising position of centre 1 to [-1.16864,0,0]
INFO (CarpetRegrid2): Initialising position of centre 2 to [0,0,0]
WARNING level 1 from host runnervmg397c.guklbwq1g02unjtnn4f2llqnib.cx.internal.cloudapp.net process 0
  in thorn ML_BSSN_Helper, file /home/runner/work/tests/tests/master/configs/sim/build/ML_BSSN_Helper/Parameters.c:10:
  -> Forcing ML_BSSN::initial_boundary_condition="extrapolate-gammas" because ML_BSSN::my_initial_boundary_condition="extrapolate-gammas"
WARNING level 1 from host runnervmg397c.guklbwq1g02unjtnn4f2llqnib.cx.internal.cloudapp.net process 0
  in thorn ML_BSSN_Helper, file /home/runner/work/tests/tests/master/configs/sim/build/ML_BSSN_Helper/Parameters.c:10:
  -> Forcing ML_BSSN::initial_boundary_condition="extrapolate-gammas" because ML_BSSN::my_initial_boundary_condition="extrapolate-gammas"
WARNING level 1 from host runnervmg397c.guklbwq1g02unjtnn4f2llqnib.cx.internal.cloudapp.net process 0
  in thorn ML_BSSN_Helper, file /home/runner/work/tests/tests/master/configs/sim/build/ML_BSSN_Helper/Parameters.c:25:
  -> Forcing ML_BSSN::rhs_boundary_condition="NewRad" because ML_BSSN::my_rhs_boundary_condition="NewRad"
WARNING level 1 from host runnervmg397c.guklbwq1g02unjtnn4f2llqnib.cx.internal.cloudapp.net process 0
  in thorn ML_BSSN_Helper, file /home/runner/work/tests/tests/master/configs/sim/build/ML_BSSN_Helper/Parameters.c:25:
  -> Forcing ML_BSSN::rhs_boundary_condition="NewRad" because ML_BSSN::my_rhs_boundary_condition="NewRad"
WARNING level 1 from host runnervmg397c.guklbwq1g02unjtnn4f2llqnib.cx.internal.cloudapp.net process 0
  in thorn ML_BSSN_Helper, file /home/runner/work/tests/tests/master/configs/sim/build/ML_BSSN_Helper/Parameters.c:114:
  -> Forcing ML_BSSN::advectLapse=1 because ML_BSSN::LapseAdvectionCoeff=1.0
WARNING level 1 from host runnervmg397c.guklbwq1g02unjtnn4f2llqnib.cx.internal.cloudapp.net process 0
  in thorn ML_BSSN_Helper, file /home/runner/work/tests/tests/master/configs/sim/build/ML_BSSN_Helper/Parameters.c:114:
  -> Forcing ML_BSSN::advectLapse=1 because ML_BSSN::LapseAdvectionCoeff=1.0
WARNING level 1 from host runnervmg397c.guklbwq1g02unjtnn4f2llqnib.cx.internal.cloudapp.net process 0
  in thorn ML_BSSN_Helper, file /home/runner/work/tests/tests/master/configs/sim/build/ML_BSSN_Helper/Parameters.c:132:
  -> Forcing ML_BSSN::advectShift=1 because ML_BSSN::ShiftAdvectionCoeff=1.0
WARNING level 1 from host runnervmg397c.guklbwq1g02unjtnn4f2llqnib.cx.internal.cloudapp.net process 0
  in thorn ML_BSSN_Helper, file /home/runner/work/tests/tests/master/configs/sim/build/ML_BSSN_Helper/Parameters.c:132:
  -> Forcing ML_BSSN::advectShift=1 because ML_BSSN::ShiftAdvectionCoeff=1.0
INFO (MoL): Using Runge-Kutta 4 as the time integrator.
INFO (SymBase): Symmetry on lower z-face: reflection_symmetry
INFO (MoL): The maximum number of evolved variables is 640. 25 are registered.
INFO (MoL): The maximum number of slow evolved variables is 640. 0 are registered.
INFO (MoL): The maximum number of constrained variables is 640. 20 are registered.
INFO (MoL): The maximum number of SandR variables is 640. 0 are registered.
INFO (MoL): The maximum number of evolved array variables is 640. 0 are registered.
INFO (MoL): The maximum number of constrained array variables is 640. 0 are registered.
INFO (MoL): The maximum number of SandR array variables is 640. 0 are registered.
INFO (MoL): The maximum size of any array variables is 0.
WARNING level 1 from host runnervmg397c.guklbwq1g02unjtnn4f2llqnib.cx.internal.cloudapp.net process 0
  in thorn ML_BSSN_Helper, file /home/runner/work/tests/tests/master/configs/sim/build/ML_BSSN_Helper/Parameters.c:152:
  -> Parameter ML_BSSN::my_initial_boundary_condition is outdated; please update the parameter file. Do not use this parameter, and set up initial boundary conditions as usual.
WARNING level 1 from host runnervmg397c.guklbwq1g02unjtnn4f2llqnib.cx.internal.cloudapp.net process 0
  in thorn ML_BSSN_Helper, file /home/runner/work/tests/tests/master/configs/sim/build/ML_BSSN_Helper/Parameters.c:152:
  -> Parameter ML_BSSN::my_initial_boundary_condition is outdated; please update the parameter file. Do not use this parameter, and set up initial boundary conditions as usual.
WARNING level 1 from host runnervmg397c.guklbwq1g02unjtnn4f2llqnib.cx.internal.cloudapp.net process 0
  in thorn ML_BSSN_Helper, file /home/runner/work/tests/tests/master/configs/sim/build/ML_BSSN_Helper/Parameters.c:159:
  -> Parameter ML_BSSN::my_rhs_boundary_condition is outdated; please update the parameter file. Do not use this parameter, and set up RHS boundary conditions as usual.
WARNING level 1 from host runnervmg397c.guklbwq1g02unjtnn4f2llqnib.cx.internal.cloudapp.net process 0
  in thorn ML_BSSN_Helper, file /home/runner/work/tests/tests/master/configs/sim/build/ML_BSSN_Helper/Parameters.c:159:
  -> Parameter ML_BSSN::my_rhs_boundary_condition is outdated; please update the parameter file. Do not use this parameter, and set up RHS boundary conditions as usual.
WARNING level 1 from host runnervmg397c.guklbwq1g02unjtnn4f2llqnib.cx.internal.cloudapp.net process 0
  in thorn ML_BSSN_Helper, file /home/runner/work/tests/tests/master/configs/sim/build/ML_BSSN_Helper/Parameters.c:193:
  -> Parameter ML_BSSN::LapseAdvectionCoeff is outdated; please update the parameter file. Instead of using this parameter, you should set ML_BSSN::advectLapse.
WARNING level 1 from host runnervmg397c.guklbwq1g02unjtnn4f2llqnib.cx.internal.cloudapp.net process 0
  in thorn ML_BSSN_Helper, file /home/runner/work/tests/tests/master/configs/sim/build/ML_BSSN_Helper/Parameters.c:193:
  -> Parameter ML_BSSN::LapseAdvectionCoeff is outdated; please update the parameter file. Instead of using this parameter, you should set ML_BSSN::advectLapse.
WARNING level 1 from host runnervmg397c.guklbwq1g02unjtnn4f2llqnib.cx.internal.cloudapp.net process 0
  in thorn ML_BSSN_Helper, file /home/runner/work/tests/tests/master/configs/sim/build/ML_BSSN_Helper/Parameters.c:199:
  -> Parameter ML_BSSN::ShiftAdvectionCoeff is outdated; please update the parameter file. Instead of using this parameter, you should set ML_BSSN::advectShift.
WARNING level 1 from host runnervmg397c.guklbwq1g02unjtnn4f2llqnib.cx.internal.cloudapp.net process 0
  in thorn ML_BSSN_Helper, file /home/runner/work/tests/tests/master/configs/sim/build/ML_BSSN_Helper/Parameters.c:199:
  -> Parameter ML_BSSN::ShiftAdvectionCoeff is outdated; please update the parameter file. Instead of using this parameter, you should set ML_BSSN::advectShift.
INFO (Vectors): Testing vectorisation... [errors may result in segfaults]
INFO (Vectors): 375/375 tests passed 
INFO (CarpetRegrid2): Centre 1 is at position [1.16864,0,0] with 1 levels
INFO (CarpetRegrid2): Centre 2 is at position [-1.16864,0,0] with 1 levels
INFO (CarpetRegrid2): Centre 3 is not active
INFO (CarpetRegrid2): Regridding level 0 map 0 at iteration 0 time 0
INFO (CarpetRegrid2): Regridding levels 1 and up
INFO (Carpet): Grid structure (superregions, grid points):
   [0][0][0]   exterior: [0,0,0] : [34,34,20]   ([35,35,21] + PADDING) 25725
INFO (Carpet): Grid structure (superregions, coordinates):
   [0][0][0]   exterior: [-136,-136,-24] : [136,136,136] : [8,8,8]
INFO (Carpet): Global grid structure statistics:
INFO (Carpet): GF: rhs: 13k active, 13k owned (+0%), 26k total (+104%), 1 steps/time
INFO (Carpet): GF: vars: 195, pts: 2M active, 2M owned (+0%), 5M total (+104%), 1.0 comp/proc
INFO (Carpet): GA: vars: 483, pts: 0M active, 0M total (+0%)
INFO (Carpet): Total required memory: 0.040 GByte (for GAs and currently active GFs)
INFO (Carpet): Load balance:  min     avg     max     sdv     max/avg-1
INFO (Carpet): Level  0:       2M      2M      2M      0M owned      0%
INFO (CartGrid3D): Grid Spacings:
INFO (CartGrid3D): dx=>8.0000000e+00  dy=>8.0000000e+00  dz=>8.0000000e+00
INFO (CartGrid3D): Computational Coordinates:
INFO (CartGrid3D): x=>[-136.000,136.000]  y=>[-136.000,136.000]  z=>[-24.000,136.000]
INFO (CartGrid3D): Indices of Physical Coordinates:
INFO (CartGrid3D): x=>[0,34]  y=>[0,34]  z=>[0,20]
INFO (Time): Timestep set to 2 (courant_static)
INFO (TwoPunctures): Solving puncture equation for BH-BH system
INFO (TwoPunctures): b = 1.16864
Newton: it=0 	 |F|=9.959141e-02
bare mass: mp=0.453 	 mm=0.453
bicgstab:  itmax 100, tol 9.959141e-05
bicgstab:     0   6.022e-01
bicgstab:     1   2.550e-01   9.887e-01   0.000e+00   4.456e-01
bicgstab:     2   1.822e-01  -6.113e-01   2.959e-04   5.557e-01
bicgstab:     3   4.441e-03  -8.371e-01  -3.643e+00   5.734e-01
bicgstab:     4   1.967e-04   5.457e-01   4.808e-02   4.592e-01
bicgstab:     5   5.067e-05   4.421e-01  -3.855e-02   4.592e-01
Newton: it=1 	 |F|=1.394720e-03
bare mass: mp=0.453 	 mm=0.453
bicgstab:  itmax 100, tol 1.394720e-06
bicgstab:     0   7.631e-03
bicgstab:     1   3.082e-03   9.902e-01   0.000e+00   4.475e-01
bicgstab:     2   1.331e-04   3.852e-01  -7.399e-03   8.710e-01
bicgstab:     3   2.474e-05   1.357e+00  -4.842e-02   4.612e-01
bicgstab:     4   6.630e-07   4.321e-01  -3.723e-01   7.104e-01
Newton: it=2 	 |F|=2.006073e-07
bare mass: mp=0.453 	 mm=0.453
bicgstab:  itmax 100, tol 2.006073e-10
bicgstab:     0   1.264e-06
bicgstab:     1   4.702e-07   5.534e-01   0.000e+00   6.308e-01
bicgstab:     2   2.489e-08   8.769e-01   2.145e-01   6.475e-01
bicgstab:     3   1.699e-09   6.248e-01  -9.421e-02   6.467e-01
bicgstab:     4   2.094e-10   6.121e-01   1.198e-02   5.528e-01
bicgstab:     5   4.166e-11   6.449e-01   5.107e-02   5.528e-01
Newton: it=3 	 |F|=7.247297e-12 
INFO (TwoPunctures): The two puncture masses are mp=0.45300000000000001 and mm=0.45300000000000001
INFO (TwoPunctures): Puncture 1 ADM mass is 0.516817
INFO (TwoPunctures): Puncture 2 ADM mass is 0.516817
INFO (TwoPunctures): The total ADM mass is 1.00788
INFO (TwoPunctures): Interpolating result
INFO (Carpet): There are not enough time levels for the desired temporal prolongation order in the grid function group "EXTRACT::TEMPS".  With Carpet::prolongation_order_time=2, you need at least 3 time levels.
WARNING level 2 from host runnervmg397c.guklbwq1g02unjtnn4f2llqnib.cx.internal.cloudapp.net process 0
  in thorn Carpet, file /home/runner/work/tests/tests/master/configs/sim/build/Carpet/Comm.cc:103:
  -> Synchronising group "EXTRACT::TEMPS" in local mode
WARNING level 2 from host runnervmg397c.guklbwq1g02unjtnn4f2llqnib.cx.internal.cloudapp.net process 0
  in thorn Carpet, file /home/runner/work/tests/tests/master/configs/sim/build/Carpet/Comm.cc:103:
  -> Synchronising group "EXTRACT::TEMPS" in local mode
WARNING level 2 from host runnervmg397c.guklbwq1g02unjtnn4f2llqnib.cx.internal.cloudapp.net process 0
  in thorn Carpet, file /home/runner/work/tests/tests/master/configs/sim/build/Carpet/Comm.cc:103:
  -> Synchronising group "EXTRACT::TEMPS" in local mode
WARNING level 2 from host runnervmg397c.guklbwq1g02unjtnn4f2llqnib.cx.internal.cloudapp.net process 0
  in thorn Carpet, file /home/runner/work/tests/tests/master/configs/sim/build/Carpet/Comm.cc:103:
  -> Synchronising group "EXTRACT::TEMPS" in local mode
WARNING level 2 from host runnervmg397c.guklbwq1g02unjtnn4f2llqnib.cx.internal.cloudapp.net process 0
  in thorn Carpet, file /home/runner/work/tests/tests/master/configs/sim/build/Carpet/Comm.cc:103:
  -> Synchronising group "EXTRACT::TEMPS" in local mode
WARNING level 2 from host runnervmg397c.guklbwq1g02unjtnn4f2llqnib.cx.internal.cloudapp.net process 0
  in thorn Carpet, file /home/runner/work/tests/tests/master/configs/sim/build/Carpet/Comm.cc:103:
  -> Synchronising group "EXTRACT::TEMPS" in local mode
WARNING level 2 from host runnervmg397c.guklbwq1g02unjtnn4f2llqnib.cx.internal.cloudapp.net process 0
  in thorn Carpet, file /home/runner/work/tests/tests/master/configs/sim/build/Carpet/Comm.cc:103:
  -> Synchronising group "EXTRACT::TEMPS" in local mode
WARNING level 2 from host runnervmg397c.guklbwq1g02unjtnn4f2llqnib.cx.internal.cloudapp.net process 0
  in thorn Carpet, file /home/runner/work/tests/tests/master/configs/sim/build/Carpet/Comm.cc:103:
  -> Synchronising group "EXTRACT::TEMPS" in local mode
WARNING level 2 from host runnervmg397c.guklbwq1g02unjtnn4f2llqnib.cx.internal.cloudapp.net process 0
  in thorn Carpet, file /home/runner/work/tests/tests/master/configs/sim/build/Carpet/Comm.cc:103:
  -> Synchronising group "EXTRACT::TEMPS" in local mode
WARNING level 2 from host runnervmg397c.guklbwq1g02unjtnn4f2llqnib.cx.internal.cloudapp.net process 0
  in thorn Carpet, file /home/runner/work/tests/tests/master/configs/sim/build/Carpet/Comm.cc:103:
  -> Synchronising group "EXTRACT::TEMPS" in local mode
WARNING level 2 from host runnervmg397c.guklbwq1g02unjtnn4f2llqnib.cx.internal.cloudapp.net process 0
  in thorn Carpet, file /home/runner/work/tests/tests/master/configs/sim/build/Carpet/Comm.cc:103:
  -> Synchronising group "EXTRACT::TEMPS" in local mode
WARNING level 2 from host runnervmg397c.guklbwq1g02unjtnn4f2llqnib.cx.internal.cloudapp.net process 0
  in thorn Carpet, file /home/runner/work/tests/tests/master/configs/sim/build/Carpet/Comm.cc:103:
  -> Synchronising group "EXTRACT::TEMPS" in local mode
WARNING level 2 from host runnervmg397c.guklbwq1g02unjtnn4f2llqnib.cx.internal.cloudapp.net process 0
  in thorn Carpet, file /home/runner/work/tests/tests/master/configs/sim/build/Carpet/Comm.cc:103:
  -> Synchronising group "EXTRACT::TEMPS" in local mode
WARNING level 2 from host runnervmg397c.guklbwq1g02unjtnn4f2llqnib.cx.internal.cloudapp.net process 0
  in thorn Carpet, file /home/runner/work/tests/tests/master/configs/sim/build/Carpet/Comm.cc:103:
  -> Synchronising group "EXTRACT::TEMPS" in local mode
WARNING level 2 from host runnervmg397c.guklbwq1g02unjtnn4f2llqnib.cx.internal.cloudapp.net process 0
  in thorn Carpet, file /home/runner/work/tests/tests/master/configs/sim/build/Carpet/Comm.cc:103:
  -> Synchronising group "EXTRACT::TEMPS" in local mode
WARNING level 2 from host runnervmg397c.guklbwq1g02unjtnn4f2llqnib.cx.internal.cloudapp.net process 0
  in thorn Carpet, file /home/runner/work/tests/tests/master/configs/sim/build/Carpet/Comm.cc:103:
  -> Synchronising group "EXTRACT::TEMPS" in local mode
WARNING level 2 from host runnervmg397c.guklbwq1g02unjtnn4f2llqnib.cx.internal.cloudapp.net process 0
  in thorn Carpet, file /home/runner/work/tests/tests/master/configs/sim/build/Carpet/Comm.cc:103:
  -> Synchronising group "EXTRACT::TEMPS" in local mode
WARNING level 2 from host runnervmg397c.guklbwq1g02unjtnn4f2llqnib.cx.internal.cloudapp.net process 0
  in thorn Carpet, file /home/runner/work/tests/tests/master/configs/sim/build/Carpet/Comm.cc:103:
  -> Synchronising group "EXTRACT::TEMPS" in local mode
WARNING level 2 from host runnervmg397c.guklbwq1g02unjtnn4f2llqnib.cx.internal.cloudapp.net process 0
  in thorn Carpet, file /home/runner/work/tests/tests/master/configs/sim/build/Carpet/Comm.cc:103:
  -> Synchronising group "EXTRACT::TEMPS" in local mode
WARNING level 2 from host runnervmg397c.guklbwq1g02unjtnn4f2llqnib.cx.internal.cloudapp.net process 0
  in thorn Carpet, file /home/runner/work/tests/tests/master/configs/sim/build/Carpet/Comm.cc:103:
  -> Synchronising group "EXTRACT::TEMPS" in local mode
WARNING level 2 from host runnervmg397c.guklbwq1g02unjtnn4f2llqnib.cx.internal.cloudapp.net process 0
  in thorn Carpet, file /home/runner/work/tests/tests/master/configs/sim/build/Carpet/Comm.cc:103:
  -> Synchronising group "EXTRACT::TEMPS" in local mode
WARNING level 2 from host runnervmg397c.guklbwq1g02unjtnn4f2llqnib.cx.internal.cloudapp.net process 0
  in thorn Carpet, file /home/runner/work/tests/tests/master/configs/sim/build/Carpet/Comm.cc:103:
  -> Synchronising group "EXTRACT::TEMPS" in local mode
WARNING level 2 from host runnervmg397c.guklbwq1g02unjtnn4f2llqnib.cx.internal.cloudapp.net process 0
  in thorn Carpet, file /home/runner/work/tests/tests/master/configs/sim/build/Carpet/Comm.cc:103:
  -> Synchronising group "EXTRACT::TEMPS" in local mode
WARNING level 2 from host runnervmg397c.guklbwq1g02unjtnn4f2llqnib.cx.internal.cloudapp.net process 0
  in thorn Carpet, file /home/runner/work/tests/tests/master/configs/sim/build/Carpet/Comm.cc:103:
  -> Synchronising group "EXTRACT::TEMPS" in local mode
WARNING level 2 from host runnervmg397c.guklbwq1g02unjtnn4f2llqnib.cx.internal.cloudapp.net process 0
  in thorn Carpet, file /home/runner/work/tests/tests/master/configs/sim/build/Carpet/Comm.cc:103:
  -> Synchronising group "EXTRACT::TEMPS" in local mode
WARNING level 2 from host runnervmg397c.guklbwq1g02unjtnn4f2llqnib.cx.internal.cloudapp.net process 0
  in thorn Carpet, file /home/runner/work/tests/tests/master/configs/sim/build/Carpet/Comm.cc:103:
  -> Synchronising group "EXTRACT::TEMPS" in local mode
Memory statistics from CarpetLib:
   Current number of objects: 331
   Current allocated memory:  40.2 MB
   Maximum number of objects: 333
   Maximum allocated memory:  40.6 MB
   Current administrative memory: 0.811 MB
   Total allocated used system memory: 13 MB
   Total allocated free system memory: 1.77 MB
   gh::allmemory:    38784
   dh::allmemory:    511840
   th::allmemory:    12168
   ggf::allmemory:   210584
   gdata::allmemory: 38016
----------------------------------
Iteration      Time | *me_per_hour
                    |             
----------------------------------
        0     0.000 |    0.0000000
# Carpet timing information at iteration 0 time 0:
# 1: timer name 2: gettimeofday [secs] 3: getrusage [secs] 4: cycle [secs] 5: cycle[avg] [secs] 6: cycle[sdv] [secs] 7: cycle[min] [secs] 8: cycle[max] [secs]
main: 1.48946 2.70112 3.86677e+09 3.86677e+09 0 3.86677e+09 3.86677e+09
meta mode: 1.48947 2.70112 3.86679e+09 3.86679e+09 0 3.86679e+09 3.86679e+09
main/CarpetStartup: 0.027303 0.030347 7.08826e+07 7.08826e+07 0 7.08826e+07 7.08826e+07
main/CarpetStartup/AllocateGridHierarchy: 5e-06 5e-06 13052 13052 0 13052 13052
main/CarpetStartup/CarpetLib::gh::regrid: 0.026019 0.02928 6.75392e+07 1.1849e+06 1.05656e+06 1.12765e+06 2.22243e+06
main/CarpetStartup/CarpetLib::dh::regrid: 8.7e-05 7e-05 187460 3288.77 3639.28 3068 6760
main/Initialise/CallInitial/Poison: 0.001989 0.001988 5.16178e+06 5.16178e+06 0 5.16178e+06 5.16178e+06
main/Initialise/CallInitial/CCTK_BASEGRID/CallFunction/thorns: 0.001321 0.000607 3.42558e+06 137023 1.08897e+06 16198 908128
main/CarpetStartup/CarpetLib::gh::regrid/CarpetLib::dh::regrid/region: 0.002188 0.002561 5.6972e+06 99950.8 464315 89232 559260
main/Initialise/CallInitial/CallRegridInitialMeta/Regrid/RegridMap/CarpetLib::gh::regrid/CarpetLib::dh::regrid/region: 0.000194 0.000194 506012 506012 0 506012 506012
main/CarpetStartup/CarpetLib::gh::regrid/CarpetLib::dh::regrid/test: 0.005964 0.008578 1.55251e+07 272370 147254 256490 390572
main/CarpetStartup/CarpetLib::gh::regrid/CarpetLib::dh::regrid/domain: 0.000757 0.001602 1.98476e+06 34820.4 97005.1 30082 115388
main/Initialise/CallInitial/CallRegridInitialMeta/Regrid/RegridMap/CarpetLib::gh::regrid/CarpetLib::dh::regrid/domain: 4.2e-05 4.2e-05 109070 109070 0 109070 109070
main/CarpetStartup/CarpetLib::gh::regrid/CarpetLib::dh::regrid/comm/refrest: 5.9e-05 5e-05 160862 2822.14 7048.07 2652 9776
main/CarpetStartup/CarpetLib::gh::regrid/CarpetLib::dh::regrid/comm/mgprol: 6.3e-05 4.7e-05 151892 2664.77 227.029 2626 2730
main/CarpetStartup/CarpetLib::dh::recompose: 6.2e-05 4.4e-05 159016 2789.75 332.891 2730 3016
main/CarpetStartup/CarpetLib::gh::regrid/CarpetLib::dh::regrid/buffers: 0.009353 0.010519 2.43239e+07 426736 115975 411892 512278
main/CarpetStartup/CarpetLib::gh::regrid/CarpetLib::dh::regrid: 0.025842 0.029143 6.70696e+07 1.17666e+06 1.04688e+06 1.12e+06 2.20454e+06
main/CarpetStartup/CarpetLib::gh::regrid/CarpetLib::dh::regrid/bcast_comm: 0.004979 0.003851 1.29314e+07 226866 135924 219882 343616
main/CarpetStartup/CarpetLib::gh::regrid/CarpetLib::dh::regrid/comm/sync: 6.1e-05 5e-05 156416 2744.14 749.116 2652 3224
main/CarpetStartup/CarpetLib::gh::regrid/CarpetLib::dh::regrid/mask: 0.0003 0.000222 794586 13940.1 45113.2 7696 51792
main/CarpetStartup/CarpetLib::gh::regrid/CarpetLib::dh::regrid/bcast_boxes: 0.000121 9.9e-05 297986 5227.82 52049.5 3770 56628
main/CarpetStartup/CarpetLib::gh::regrid/CarpetLib::dh::regrid/unusedpoints_mask: 6.8e-05 5.6e-05 170378 2989.09 987.976 2860 3484
main/CarpetStartup/CarpetLib::gh::regrid/CarpetLib::dh::regrid/bcast_comm/ref_bnd_prol: 0.000434 0.000332 1.1283e+06 19794.7 11572.2 19370 31200
main/CarpetStartup/CarpetLib::gh::regrid/CarpetLib::dh::regrid/bcast_comm/ref_prol/CarpetLib::dh::bs3: 6.1e-05 4.8e-05 158418 2779.26 338.368 2730 2964
main/CarpetStartup/CarpetLib::gh::regrid/CarpetLib::dh::regrid/comm: 0.000932 0.000752 2.41787e+06 42418.8 32081.7 40898 73060
main/CarpetStartup/CarpetLib::gh::regrid/CarpetLib::dh::regrid/bcast_comm/ref_prol: 0.000464 0.000365 1.20138e+06 21076.9 30973.8 19786 51610
main/CarpetStartup/CarpetLib::gh::regrid/CarpetLib::dh::regrid/bcast_comm/sync: 0.000461 0.000342 1.16745e+06 20481.6 25258.9 19500 42172
main/CarpetStartup/CarpetLib::gh::regrid/CarpetLib::dh::regrid/bcast_comm/ref_prol/CarpetLib::dh::bs1: 6.7e-05 5e-05 169182 2968.11 1030.72 2808 3458
main/Initialise/CallInitial/CallRegridInitialMeta/Regrid/RegridMap/CarpetLib::gh::regrid/CarpetLib::dh::regrid/bcast_comm/ref_prol/CarpetLib::dh::bs1: 1e-06 1e-06 3198 3198 0 3198 3198
main/Initialise/CallInitial/CallRegridInitialMeta/Regrid/RegridMap/CarpetLib::gh::regrid/CarpetLib::dh::regrid/bcast_comm/sync: 1.6e-05 1.5e-05 39754 39754 0 39754 39754
main/Initialise/CallInitial/CallRegridInitialMeta/Regrid/RegridMap/CarpetLib::gh::regrid/CarpetLib::dh::regrid/comm/mgrest: 1e-06 1e-06 2782 2782 0 2782 2782
main/Initialise/CallInitial/CallRegridInitialMeta/Regrid/RegridMap/CarpetLib::gh::regrid/CarpetLib::dh::regrid/comm/mgprol: 1e-06 1e-06 2678 2678 0 2678 2678
main/Initialise/CallInitial/CallRegridInitialMeta/Regrid/RegridMap/CarpetLib::gh::regrid/CarpetLib::dh::regrid/comm/refprol: 1e-06 1e-06 2652 2652 0 2652 2652
main/Initialise/CallInitial/CallRegridInitialMeta/Regrid/RegridMap/CarpetLib::gh::regrid/CarpetLib::dh::regrid/comm/sync: 1e-06 1e-06 2886 2886 0 2886 2886
main/Initialise/CallInitial/CallRegridInitialMeta/Regrid/RegridMap/CarpetLib::gh::regrid/CarpetLib::dh::regrid/comm/refbndprol: 1e-06 1e-06 2704 2704 0 2704 2704
main/CarpetStartup/CarpetLib::gh::regrid/CarpetLib::dh::regrid/bcast_comm/ref_prol/CarpetLib::dh::bs2: 8.4e-05 7e-05 215358 3778.21 14786.7 3146 18330
main/CarpetStartup/CarpetLib::gh::regrid/CarpetLib::dh::regrid/bcast_comm/sync/CarpetLib::dh::bs1: 7.2e-05 4.7e-05 161772 2838.11 490.277 2756 3198
main/CarpetStartup/CarpetLib::gh::regrid/CarpetLib::dh::regrid/bcast_comm/sync/CarpetLib::dh::bs2: 7.4e-05 5.4e-05 185406 3252.74 1135.51 3042 3666
main/CarpetStartup/CarpetLib::gh::regrid/CarpetLib::dh::regrid/bcast_comm/sync/CarpetLib::dh::bs3: 5.9e-05 4.5e-05 156676 2748.7 237.596 2704 2860
main/CarpetStartup/CarpetLib::gh::regrid/CarpetLib::dh::regrid/bcast_comm/ref_refl_prol: 0.002309 0.001669 5.98944e+06 105078 57282.3 102596 154440
main/CarpetStartup/CarpetLib::gh::regrid/CarpetLib::dh::regrid/bcast_comm/ref_bnd_prol/CarpetLib::dh::bs1: 5.9e-05 4.9e-05 159380 2796.14 326.96 2730 2990
main/CarpetStartup/CarpetLib::gh::regrid/CarpetLib::dh::regrid/bcast_comm/ref_bnd_prol/CarpetLib::dh::bs2: 6.6e-05 5.1e-05 178308 3128.21 703.595 3016 3328
main/CarpetStartup/CarpetLib::gh::regrid/CarpetLib::dh::regrid/bcast_comm/old2new_sync: 0.000447 0.000316 1.14946e+06 20166 26456.5 19292 43368
main/CarpetStartup/CarpetLib::gh::regrid/CarpetLib::dh::regrid/bcast_comm/ref_refl_prol/CarpetLib::dh::bs1: 0.000363 0.000272 950378 2778.88 1058.07 2522 3328
main/CarpetStartup/CarpetLib::gh::regrid/CarpetLib::dh::regrid/bcast_comm/ref_bnd_prol/CarpetLib::dh::bs3: 6.1e-05 4.5e-05 156442 2744.6 201.454 2704 2886
main/CarpetStartup/CarpetLib::gh::regrid/CarpetLib::dh::regrid/bcast_comm/ref_refl_prol/CarpetLib::dh::bs3: 0.000354 0.000267 961610 2811.73 23122.8 2704 25870
main/CarpetStartup/CarpetLib::gh::regrid/CarpetLib::dh::regrid/bcast_comm/ref_refl_prol/CarpetLib::dh::bs2: 0.000428 0.000288 1.04993e+06 3069.98 3011.97 2990 5694
main/CarpetStartup/CarpetLib::gh::regrid/CarpetLib::dh::regrid/bcast_comm/old2new_sync/CarpetLib::dh::bs2: 7.3e-05 4.9e-05 175994 3087.61 1678.67 2990 4654
main/CarpetStartup/CarpetLib::gh::regrid/CarpetLib::dh::regrid/bcast_comm/old2new_sync/CarpetLib::dh::bs3: 5.9e-05 4.1e-05 156182 2740.04 216.767 2704 2886
main/CarpetStartup/CarpetLib::gh::regrid/CarpetLib::dh::regrid/bcast_comm/old2new_sync/CarpetLib::dh::bs1: 6.3e-05 5e-05 181714 3187.96 22545.8 2756 25532
main/CarpetStartup/CarpetLib::gh::regrid/CarpetLib::dh::regrid/bcast_comm/old2new_ref_prol/CarpetLib::dh::bs1: 6.3e-05 4.7e-05 158548 2781.54 233.975 2756 2938
main/CarpetStartup/CarpetLib::gh::regrid/CarpetLib::dh::regrid/bcast_comm/old2new_ref_prol/CarpetLib::dh::bs2: 6.6e-05 4.7e-05 174278 3057.51 769.406 3016 3796
main/CarpetStartup/CarpetLib::gh::regrid/CarpetLib::dh::regrid/bcast_comm/old2new_ref_prol: 0.000434 0.000323 1.133e+06 19877.2 12456.2 19500 32188
main/CarpetStartup/CarpetLib::gh::regrid/CarpetLib::dh::regrid/bcast_comm/old2new_ref_prol/CarpetLib::dh::bs3: 6.1e-05 4.8e-05 155948 2735.93 164.511 2704 2834
main/CarpetStartup/CarpetLib::gh::regrid/CarpetLib::dh::regrid/comm/refprol: 5.9e-05 4.6e-05 152620 2677.54 343.93 2626 2886
main/CarpetStartup/CarpetLib::gh::regrid/CarpetLib::dh::regrid/comm/refbndprol: 5.8e-05 4.6e-05 152074 2667.96 264.522 2626 2782
main/CarpetStartup/CarpetLib::gh::regrid/CarpetLib::dh::regrid/comm/reflux: 5.7e-05 4.9e-05 151866 2664.32 352.883 2626 2886
main/CarpetStartup/CarpetLib::gh::regrid/CarpetLib::dh::regrid/comm/mgrest: 6e-05 4.6e-05 154752 2714.95 708.181 2652 3198
main/CarpetStartup/CheckRegions: 2e-06 1e-06 3250 3250 0 3250 3250
meta mode/meta mode/leave_global_mode: 0.000101 8.9e-05 263666 13877.2 32663.8 7904 36712
meta mode/meta mode/global mode: 1.43503 2.66656 3.72547e+09 1.96077e+08 3.42315e+09 18018 3.52364e+09
meta mode/meta mode/global mode/level(0)/leave_singlemap_mode: 0.000229 0.000155 569972 3851.16 11333.1 2730 6968
meta mode/meta mode/global mode/level(0): 1.43275 2.66378 3.71956e+09 6.30434e+07 3.45804e+09 18746 3.48714e+09
meta mode/meta mode/global mode/level(0)/leave_local_mode: 0.000372 0.000286 910000 6319.44 47409.3 2730 32630
meta mode/meta mode/global mode/leave_level_mode: 0.000101 7.4e-05 265512 4500.2 5931.79 3796 8268
meta mode/meta mode: 1.46213 2.6707 3.79583e+09 3.79583e+09 0 3.79583e+09 3.79583e+09
main/Initialise/CarpetLib::ggf::recompose_crop: 0.000763 0.000142 1.83105e+06 3212.37 32258 2886 28522
main/Initialise/CarpetLib::ggf::recompose_allocate: 0.000755 0.000139 1.98476e+06 3482.04 50167.5 3042 40664
main/Initialise: 1.46156 2.67051 3.79434e+09 3.79434e+09 0 3.79434e+09 3.79434e+09
main/Initialise/dh::recompose_free_old: 0.00064 0.000119 1.63293e+06 2864.79 18800.4 2756 19656
main/Initialise/CallSetup/Poison: 0.000516 0 1.3384e+06 1.3384e+06 0 1.3384e+06 1.3384e+06
meta mode/meta mode/enter_global_mode: 0.000584 0.000515 1.51889e+06 84383 196494 47632 219674
meta mode/meta mode/global mode/enter_level_mode: 0.000105 7.5e-05 269672 4649.52 6616.59 3900 9048
main/Initialise/CallSetup: 0.001918 0.001176 4.97877e+06 4.97877e+06 0 4.97877e+06 4.97877e+06
meta mode/meta mode/global mode/level(0)/enter_local_mode: 0.000895 0.001678 2.28072e+06 15949.1 216577 2730 168532
main/Initialise/CallSetup/CCTK_WRAGH/CallFunction: 0.000751 0.000675 1.95484e+06 108602 566435 20774 598624
main/Initialise/CallSetup/CCTK_WRAGH: 0.000863 0.000758 2.23964e+06 2.23964e+06 0 2.23964e+06 2.23964e+06
meta mode/meta mode/global mode/level(0)/enter_singlemap_mode: 0.000226 0.000157 585832 3985.25 11582.5 2782 7124
main/Initialise/CallSetup/CCTK_WRAGH/CallFunction/thorns/Einstein_InitSymBound: 1.8e-05 0 47892 47892 0 47892 47892
main/Initialise/CallSetup/CCTK_WRAGH/CallFunction/thorns/Boundary_RegisterBCs: 8e-06 0 21086 21086 0 21086 21086
main/Initialise/CallSetup/CCTK_WRAGH/CallFunction/thorns: 0.000484 0.000423 1.2494e+06 69411.3 446990 14742 482352
main/Initialise/CallSetup/CCTK_WRAGH/CallFunction/thorns/CarpetRegrid2_Initialise: 1.4e-05 0 36998 36998 0 36998 36998
main/Initialise/CallSetup/CCTK_WRAGH/CallFunction/thorns/RegisterCartGrid3DCoords: 3.5e-05 3.5e-05 90740 90740 0 90740 90740
main/Initialise/CallSetup/CCTK_WRAGH/CallFunction/thorns/Einstein_ActivateSlicing: 4e-06 4e-06 10816 10816 0 10816 10816
main/Initialise/CallSetup/CCTK_WRAGH/CallFunction/thorns/Einstein_SetNextSlicing: 2e-06 1e-06 4628 4628 0 4628 4628
main/Initialise/CallSetup/CCTK_WRAGH/CallFunction/thorns/ML_BSSN_RegisterConstrained: 6e-06 6e-06 13806 13806 0 13806 13806
main/Initialise/CallSetup/CCTK_WRAGH/CallFunction/thorns/MoL_SetupIndexArrays: 1.7e-05 1.7e-05 45084 45084 0 45084 45084
main/Initialise/CallSetup/CCTK_WRAGH/CallFunction/thorns/ML_BSSN_ParamCompat: 0.000178 0.000178 464880 464880 0 464880 464880
main/Initialise/CallSetup/CCTK_WRAGH/CallFunction/thorns/ML_BSSN_RegisterVars: 4.8e-05 4.8e-05 125112 125112 0 125112 125112
main/Initialise/CallInitial/CallRegridInitialMeta/Regrid/RegridMap/CarpetLib::gh::regrid: 0.000827 0.000827 2.14646e+06 2.14646e+06 0 2.14646e+06 2.14646e+06
main/Initialise/CallSetup/CCTK_WRAGH/CallFunction/thorns/TmunuBase_SetStressEnergyState: 6e-06 6e-06 13988 13988 0 13988 13988
main/Initialise/CallSetup/CCTK_WRAGH/CallFunction/thorns/Slab_InitTimers: 1.7e-05 1.7e-05 43914 43914 0 43914 43914
main/Initialise/CallSetup/CCTK_WRAGH/CallFunction/thorns/MoL_SetScheduleStatus: 2e-06 2e-06 4472 4472 0 4472 4472
main/Initialise/CallSetup/CCTK_WRAGH/CallFunction/thorns/CartGrid3D_RegisterSymmetryBoundaries: 5e-06 5e-06 13858 13858 0 13858 13858
main/Initialise/CallSetup/CCTK_WRAGH/CallFunction/thorns/ML_BSSN_RegisterSymmetries: 2.6e-05 2.5e-05 66196 66196 0 66196 66196
main/Initialise/CallSetup/CCTK_WRAGH/CallFunction/thorns/ReflectionSymmetry_Register: 4e-06 4e-06 10686 10686 0 10686 10686
main/Initialise/CallSetup/CCTK_WRAGH/CallFunction/thorns/SymBase_Statistics: 3e-06 2e-06 7254 7254 0 7254 7254
main/Initialise/CallSetup/CCTK_WRAGH/CallFunction/thorns/MoL_ReportNumberVariables: 4e-06 4e-06 9464 9464 0 9464 9464
main/Initialise/CallSetup/CCTK_PARAMCHECK/CallFunction: 0.000336 0.00032 876798 54799.9 275097 20020 271232
main/Initialise/CallSetup/CCTK_PARAMCHECK/CallFunction/thorns: 0.000243 0.000233 638118 39882.4 185186 13936 178594
main/Initialise/CallSetup/CCTK_PARAMCHECK/CallFunction/thorns/ADMBase_ParamCheck: 2e-06 2e-06 5070 5070 0 5070 5070
main/Initialise/CallSetup/CCTK_PARAMCHECK/CallFunction/thorns/Boundary_Check: 2e-06 1e-06 3796 3796 0 3796 3796
main/Initialise/CallSetup/CCTK_PARAMCHECK: 0.000426 0.0004 1.10508e+06 1.10508e+06 0 1.10508e+06 1.10508e+06
main/Initialise/CallSetup/CCTK_PARAMCHECK/CallFunction/thorns/CarpetLib_test_prolongate_3d_rf2: 1.4e-05 1.3e-05 36114 36114 0 36114 36114
main/Initialise/CallSetup/CCTK_PARAMCHECK/CallFunction/thorns/CarpetSurfaceParamCheck: 2e-06 2e-06 4446 4446 0 4446 4446
main/Initialise/CallSetup/CCTK_PARAMCHECK/CallFunction/thorns/CarpetRegrid2_ParamCheck: 1.2e-05 1.1e-05 31200 31200 0 31200 31200
main/Initialise/CallSetup/CCTK_PARAMCHECK/CallFunction/thorns/CarpetParamCheck: 1.2e-05 1.1e-05 30888 30888 0 30888 30888
main/Initialise/CallSetup/CCTK_PARAMCHECK/CallFunction/thorns/dissipation_paramcheck: 2e-06 1e-06 4212 4212 0 4212 4212
main/Initialise/CallSetup/CCTK_PARAMCHECK/CallFunction/thorns/Extract_ParamCheck: 1e-06 1e-06 4680 4680 0 4680 4680
main/Initialise/CallSetup/CCTK_PARAMCHECK/CallFunction/thorns/CheckFortranParameters: 2e-06 2e-06 4914 4914 0 4914 4914
main/Initialise/CallSetup/CCTK_PARAMCHECK/CallFunction/thorns/ML_BSSN_ParamCheck: 4.4e-05 3.9e-05 113646 113646 0 113646 113646
main/Initialise/CallSetup/CCTK_PARAMCHECK/CallFunction/thorns/ParamCheck_CartGrid3D: 3e-06 3e-06 8892 8892 0 8892 8892
main/Initialise/CallSetup/CCTK_PARAMCHECK/CallFunction/thorns/MoL_ParamCheck: 3e-06 2e-06 5616 5616 0 5616 5616
main/Initialise/CallSetup/CCTK_PARAMCHECK/CallFunction/thorns/SphericalSurface_ParamCheck: 2e-06 3e-06 5746 5746 0 5746 5746
main/Initialise/CallSetup/CCTK_PARAMCHECK/CallFunction/thorns/TmunuBase_ParamCheck: 1e-06 1e-06 3172 3172 0 3172 3172
main/Initialise/CallSetup/CCTK_PARAMCHECK/CallFunction/thorns/TwoPunctures_ParamCheck: 2e-06 2e-06 4108 4108 0 4108 4108
main/Initialise/CallSetup/CCTK_PARAMCHECK/CallFunction/thorns/Vectors_Test: 6.3e-05 6.4e-05 166972 166972 0 166972 166972
main/Initialise/CallInitial: 1.36188 2.53196 3.53556e+09 3.53556e+09 0 3.53556e+09 3.53556e+09
main/Initialise/CallInitial/CallRegridInitialMeta: 0.00175 0.00175 4.54431e+06 4.54431e+06 0 4.54431e+06 4.54431e+06
main/Initialise/CallInitial/CallRegridInitialMeta/Regrid: 0.00156 0.00156 4.04999e+06 4.04999e+06 0 4.04999e+06 4.04999e+06
main/Initialise/CallInitial/CallRegridInitialMeta/CCTK_PREREGRIDINITIAL: 3e-06 4e-06 8632 8632 0 8632 8632
main/Initialise/CallInitial/CallRegridInitialMeta/Regrid/CarpetRegrid2::RegridMaps: 0.000617 0.000617 1.603e+06 1.603e+06 0 1.603e+06 1.603e+06
main/Initialise/CallInitial/CallRegridInitialMeta/Regrid/RegridMap/CarpetLib::gh::regrid/CarpetLib::dh::regrid/comm/refrest: 1e-06 1e-06 2990 2990 0 2990 2990
main/Initialise/CallInitial/CallRegridInitialMeta/Regrid/RegridMap/CarpetLib::gh::regrid/CarpetLib::dh::regrid/comm/reflux: 2e-06 1e-06 2834 2834 0 2834 2834
main/Initialise/CallInitial/CallRegridInitialMeta/Regrid/RegridMap/CarpetLib::gh::regrid/CarpetLib::dh::regrid/mask: 6e-06 6e-06 16250 16250 0 16250 16250
main/Initialise/CallInitial/CallRegridInitialMeta/Regrid/RegridMap/CarpetLib::gh::regrid/CarpetLib::dh::regrid/bcast_boxes: 5e-06 4e-06 11466 11466 0 11466 11466
main/Initialise/CallInitial/CallRegridInitialMeta/Regrid/RegridMap/CarpetLib::gh::regrid/CarpetLib::dh::regrid/bcast_comm/sync/CarpetLib::dh::bs1: 1e-06 1e-06 3146 3146 0 3146 3146
main/Initialise/CallInitial/CallRegridInitialMeta/Regrid/PostRegrid: 4e-05 4e-05 103792 103792 0 103792 103792
main/Initialise/CallInitial/CallRegridInitialMeta/Regrid/RegridMap/CarpetLib::gh::regrid/CarpetLib::dh::regrid: 0.00082 0.00082 2.12839e+06 2.12839e+06 0 2.12839e+06 2.12839e+06
main/Initialise/CallInitial/CCTK_BASEGRID/CallFunction/thorns/dissipation_basegrid: 1.2e-05 1.2e-05 29874 29874 0 29874 29874
main/Initialise/CallInitial/CCTK_BASEGRID/CallFunction/thorns/NaNChecker_ResetCounter: 1e-06 2e-06 4342 4342 0 4342 4342
main/Initialise/CallInitial/CallRegridInitialMeta/Regrid/RegridMap/CarpetLib::gh::regrid/CarpetLib::dh::regrid/buffers: 0.000185 0.000185 478868 478868 0 478868 478868
main/Initialise/CallInitial/CallRegridInitialMeta/Regrid/RegridMap/CarpetLib::gh::regrid/CarpetLib::dh::regrid/test: 0.000144 0.000145 376220 376220 0 376220 376220
main/Initialise/CallInitial/CallRegridInitialMeta/Regrid/RegridMap: 0.00086 0.00086 2.23228e+06 2.23228e+06 0 2.23228e+06 2.23228e+06
main/Initialise/CallInitial/CallRegridInitialMeta/Recompose: 0.000122 0.000122 316446 316446 0 316446 316446
main/Initialise/CallInitial/CallRegridInitialMeta/RegridFree: 2e-06 2e-06 4836 4836 0 4836 4836
main/Initialise/CallInitial/CCTK_BASEGRID/CallFunction/thorns/SpatialCoordinates: 0.000345 0.000344 894660 894660 0 894660 894660
main/Initialise/CallInitial/CCTK_BASEGRID/CallFunction/thorns/MaskBase_AllocateMask: 0.000205 8.6e-05 533728 533728 0 533728 533728
main/Initialise/CallInitial/CallRegridInitialMeta/Regrid/RegridMap/CarpetLib::gh::regrid/CarpetLib::dh::regrid/comm: 3.3e-05 3.2e-05 83798 83798 0 83798 83798
main/Initialise/CallInitial/CallRegridInitialMeta/Regrid/RegridMap/CarpetLib::gh::regrid/CarpetLib::dh::regrid/unusedpoints_mask: 1e-06 2e-06 3484 3484 0 3484 3484
main/Initialise/CallInitial/CallRegridInitialMeta/Regrid/RegridMap/CarpetLib::gh::regrid/CarpetLib::dh::regrid/bcast_comm/ref_prol/CarpetLib::dh::bs2: 2e-06 2e-06 5954 5954 0 5954 5954
main/Initialise/CallInitial/CallRegridInitialMeta/Regrid/RegridMap/CarpetLib::gh::regrid/CarpetLib::dh::regrid/bcast_comm/ref_prol/CarpetLib::dh::bs3: 1e-06 2e-06 2990 2990 0 2990 2990
main/Initialise/CallInitial/CallRegridInitialMeta/Regrid/RegridMap/CarpetLib::gh::regrid/CarpetLib::dh::regrid/bcast_comm/ref_bnd_prol: 1.5e-05 1.4e-05 37388 37388 0 37388 37388
main/Initialise/CallInitial/CallRegridInitialMeta/Regrid/RegridMap/CarpetLib::gh::regrid/CarpetLib::dh::regrid/bcast_comm: 0.000154 0.000154 399698 399698 0 399698 399698
main/Initialise/CallInitial/CCTK_BASEGRID: 0.002104 0.002001 5.46049e+06 5.46049e+06 0 5.46049e+06 5.46049e+06
main/Initialise/CallInitial/CCTK_BASEGRID/CallFunction/thorns/SphericalSurface_SetupRes: 3e-06 3e-06 7670 7670 0 7670 7670
main/Initialise/CallInitial/CCTK_BASEGRID/CallFunction/thorns/SphericalSurface_Setup: 5e-06 4e-06 11102 11102 0 11102 11102
main/Initialise/CallInitial/CallRegridInitialMeta/Regrid/RegridMap/CarpetLib::gh::regrid/CarpetLib::dh::regrid/bcast_comm/sync/CarpetLib::dh::bs2: 1e-06 2e-06 3510 3510 0 3510 3510
main/Initialise/CallInitial/CallRegridInitialMeta/Regrid/RegridMap/CarpetLib::gh::regrid/CarpetLib::dh::regrid/bcast_comm/sync/CarpetLib::dh::bs3: 2e-06 1e-06 2860 2860 0 2860 2860
main/Initialise/CallInitial/CallRegridInitialMeta/Regrid/RegridMap/CarpetLib::gh::regrid/CarpetLib::dh::regrid/bcast_comm/ref_refl_prol: 5.2e-05 5.2e-05 135356 135356 0 135356 135356
main/Initialise/CallInitial/CallRegridInitialMeta/Regrid/RegridMap/CarpetLib::gh::regrid/CarpetLib::dh::regrid/bcast_comm/ref_bnd_prol/CarpetLib::dh::bs1: 1e-06 2e-06 2964 2964 0 2964 2964
main/Initialise/CallInitial/CallRegridInitialMeta/Regrid/RegridMap/CarpetLib::gh::regrid/CarpetLib::dh::regrid/bcast_comm/ref_bnd_prol/CarpetLib::dh::bs2: 1e-06 1e-06 3302 3302 0 3302 3302
main/Initialise/CallInitial/CallRegridInitialMeta/Regrid/RegridMap/CarpetLib::gh::regrid/CarpetLib::dh::regrid/bcast_comm/ref_bnd_prol/CarpetLib::dh::bs3: 2e-06 1e-06 2860 2860 0 2860 2860
main/Initialise/CallInitial/CallRegridInitialMeta/Regrid/RegridMap/CarpetLib::gh::regrid/CarpetLib::dh::regrid/bcast_comm/old2new_sync: 1.5e-05 1.6e-05 40144 40144 0 40144 40144
main/Initialise/CallInitial/CallRegridInitialMeta/Regrid/RegridMap/CarpetLib::gh::regrid/CarpetLib::dh::regrid/bcast_comm/ref_refl_prol/CarpetLib::dh::bs1: 7e-06 6e-06 16952 2825.33 210.155 2782 3016
main/Initialise/CallInitial/CallRegridInitialMeta/Regrid/RegridMap/CarpetLib::gh::regrid/CarpetLib::dh::regrid/bcast_comm/ref_refl_prol/CarpetLib::dh::bs3: 6e-06 6e-06 16562 2760.33 112.833 2730 2860
main/Initialise/CallInitial/CallRegridInitialMeta/Regrid/RegridMap/CarpetLib::gh::regrid/CarpetLib::dh::regrid/bcast_comm/old2new_sync/CarpetLib::dh::bs1: 1e-06 1e-06 2912 2912 0 2912 2912
main/Initialise/CallInitial/CallRegridInitialMeta/Regrid/RegridMap/CarpetLib::gh::regrid/CarpetLib::dh::regrid/bcast_comm/old2new_sync/CarpetLib::dh::bs2: 1e-06 2e-06 3640 3640 0 3640 3640
main/Initialise/CallInitial/CallRegridInitialMeta/Regrid/RegridMap/CarpetLib::gh::regrid/CarpetLib::dh::regrid/bcast_comm/old2new_sync/CarpetLib::dh::bs3: 1e-06 1e-06 2886 2886 0 2886 2886
main/Initialise/CallInitial/CallRegridInitialMeta/Regrid/RegridMap/CarpetLib::gh::regrid/CarpetLib::dh::regrid/bcast_comm/old2new_ref_prol: 1.7e-05 1.7e-05 44850 44850 0 44850 44850
main/Initialise/CallInitial/CallRegridInitialMeta/Regrid/RegridMap/CarpetLib::gh::regrid/CarpetLib::dh::regrid/bcast_comm/old2new_ref_prol/CarpetLib::dh::bs1: 1e-06 1e-06 2938 2938 0 2938 2938
main/Initialise/CallInitial/CallRegridInitialMeta/Regrid/RegridMap/CarpetLib::gh::regrid/CarpetLib::dh::regrid/bcast_comm/old2new_ref_prol/CarpetLib::dh::bs2: 1e-06 2e-06 3354 3354 0 3354 3354
main/Initialise/CallInitial/CallRegridInitialMeta/Regrid/RegridMap/CarpetLib::gh::regrid/CarpetLib::dh::regrid/bcast_comm/old2new_ref_prol/CarpetLib::dh::bs3: 1e-06 1e-06 2938 2938 0 2938 2938
main/Initialise/CallInitial/CallRegridInitialMeta/Regrid/RegridMap/CarpetLib::gh::regrid/CarpetLib::dh::regrid/bcast_comm/ref_refl_prol/CarpetLib::dh::bs2: 8e-06 9e-06 18798 3133 320.022 3042 3406
main/Initialise/CallInitial/CCTK_BASEGRID/CallFunction/thorns/ADMBase_SetShiftStateOn: 2e-06 2e-06 5330 5330 0 5330 5330
main/Initialise/CallInitial/CCTK_BASEGRID/CallFunction/thorns/ADMBase_SetDtLapseStateOn: 1e-06 1e-06 3510 3510 0 3510 3510
main/Initialise/CallInitial/CCTK_BASEGRID/CallFunction/thorns/ADMBase_SetDtShiftStateOn: 1e-06 2e-06 3250 3250 0 3250 3250
main/Initialise/CallInitial/CCTK_BASEGRID/CallFunction/thorns/ADMMacros_SetLocalSpatialOrder: 2e-06 2e-06 4628 4628 0 4628 4628
main/Initialise/CallInitial/CCTK_BASEGRID/CallFunction/thorns/SpatialSpacings: 3e-05 3.1e-05 79924 79924 0 79924 79924
main/Initialise/CallInitial/CCTK_BASEGRID/CallFunction: 0.001939 0.001891 5.03789e+06 201516 1.09399e+06 43290 961818
main/Initialise/CallInitial/CCTK_BASEGRID/CallFunction/thorns/MaskBase_AllocateMask/CarpetLib::ggf::recompose_crop: 3e-06 4e-06 6604 3302 183.848 3172 3432
main/Initialise/CallInitial/CCTK_BASEGRID/CallFunction/thorns/MaskBase_AllocateMask/CarpetLib::ggf::recompose_allocate: 3e-06 4e-06 7878 3939 753.776 3406 4472
main/Initialise/CallInitial/CCTK_BASEGRID/CallFunction/thorns/MaskBase_AllocateMask/dh::recompose_free_old: 3e-06 2e-06 5954 2977 202.233 2834 3120
main/Initialise/CallInitial/CCTK_BASEGRID/CallFunction/thorns/MaskBase_InitMask: 0.000109 0 282802 282802 0 282802 282802
main/Initialise/CallInitial/CCTK_BASEGRID/CallFunction/thorns/CarpetMaskSetup: 1.7e-05 0 42536 42536 0 42536 42536
main/Initialise/CallInitial/CCTK_BASEGRID/CallFunction/thorns/CarpetExcludedSetup: 3e-06 0 9204 9204 0 9204 9204
main/Initialise/CallInitial/CCTK_BASEGRID/CallFunction/thorns/CarpetSurfaceSetup: 3e-06 0 8632 8632 0 8632 8632
main/Initialise/CallInitial/CCTK_BASEGRID/CallFunction/thorns/CoordBase_SetupMask: 0.000161 0 416988 416988 0 416988 416988
main/Initialise/CallInitial/CCTK_BASEGRID/CallFunction/thorns/SphericalSurface_Set: 3e-06 0 7228 7228 0 7228 7228
main/Initialise/CallInitial/CCTK_BASEGRID/CallFunction/thorns/MaskBase_TestMask: 0.000144 0 375882 375882 0 375882 375882
main/Initialise/CallInitial/CCTK_BASEGRID/CallFunction/thorns/SphericalSurface_CheckState: 1e-06 0 3458 3458 0 3458 3458
main/Initialise/CallInitial/CCTK_BASEGRID/CallFunction/thorns/SBP_SetNormMask: 3.1e-05 2.7e-05 79586 79586 0 79586 79586
main/Initialise/CallInitial/CCTK_BASEGRID/CallFunction/thorns/SymBase_Check: 2e-06 2e-06 5408 5408 0 5408 5408
main/Initialise/CallInitial/CCTK_BASEGRID/CallFunction/thorns/Time_Initialise: 2e-06 2e-06 4550 4550 0 4550 4550
main/Initialise/CallInitial/CCTK_BASEGRID/CallFunction/thorns/MaskBase_SetMask: 8.9e-05 0 232492 232492 0 232492 232492
main/Initialise/CallInitial/CCTK_INITIAL/CallFunction/thorns/TwoPunctures: 1.34297 2.50019 3.48648e+09 3.48648e+09 0 3.48648e+09 3.48648e+09
main/Initialise/CallInitial/CCTK_INITIAL/CallFunction/thorns/TwoPunctures_Metadata: 0.000186 0.000178 484120 484120 0 484120 484120
main/Initialise/CallInitial/CCTK_INITIAL/CallFunction/thorns/ADMBase_ShiftZero: 6.5e-05 6.2e-05 170612 170612 0 170612 170612
main/Initialise/CallInitial/CCTK_INITIAL/CallFunction/thorns/ADMBase_DtLapseZero: 2.2e-05 2.2e-05 59410 59410 0 59410 59410
main/Initialise/CallInitial/CCTK_INITIAL/CallFunction/thorns/ADMBase_DtShiftZero: 6.1e-05 5.9e-05 161408 161408 0 161408 161408
main/Initialise/CallInitial/CCTK_INITIAL/CallFunction/thorns/CarpetIOASCIIInit: 2e-06 2e-06 5564 5564 0 5564 5564
main/Initialise/CallInitial/CCTK_INITIAL/CallFunction/thorns/CarpetIOBasicInit: 2e-06 2e-06 4966 4966 0 4966 4966
main/Initialise/CallInitial/CCTK_INITIAL: 1.34703 2.50822 3.49702e+09 3.49702e+09 0 3.49702e+09 3.49702e+09
main/Initialise/CallInitial/CCTK_BASEGRID/CallFunction/thorns/TemporalSpacings: 3e-06 3e-06 8190 8190 0 8190 8190
main/Initialise/CallInitial/CCTK_INITIAL/CallFunction/thorns/CarpetIOScalarInit: 2e-06 2e-06 5044 5044 0 5044 5044
main/Initialise/CallInitial/CCTK_INITIAL/CallFunction/thorns/ML_BSSN_InitialADMBase1Everywhere: 0.001444 0.003447 3.75144e+06 3.75144e+06 0 3.75144e+06 3.75144e+06
main/Initialise/CallInitial/CCTK_INITIAL/CallFunction/thorns/ML_BSSN_InitialADMBase2BoundaryScalar: 0.000203 0.000203 527904 527904 0 527904 527904
main/Initialise/CallInitial/CCTK_INITIAL/CallFunction: 1.34682 2.50802 3.49648e+09 2.49749e+08 3.35904e+09 25688 3.4866e+09
main/Initialise/CallInitial/CCTK_INITIAL/CallFunction/thorns: 1.34642 2.50763 3.49544e+09 2.49674e+08 3.35901e+09 15522 3.4865e+09
main/Initialise/CallInitial/CCTK_INITIAL/CallFunction/thorns/StaticConformal_InitialiseState: 2e-06 1e-06 3718 3718 0 3718 3718
main/Initialise/CallInitial/CCTK_INITIAL/CarpetLib::ggf::recompose_crop: 2e-06 1e-06 2964 2964 0 2964 2964
main/Initialise/CallInitial/CCTK_INITIAL/CarpetLib::ggf::recompose_allocate: 2e-06 1e-06 3822 3822 0 3822 3822
main/Initialise/CallInitial/CCTK_INITIAL/dh::recompose_free_old: 1e-06 1e-06 2756 2756 0 2756 2756
main/Initialise/CallInitial/CallRegridInitialMeta/Regrid/RegridMap/CarpetLib::gh::regrid/CarpetLib::dh::regrid/bcast_comm/ref_prol: 1.7e-05 1.7e-05 44434 44434 0 44434 44434
main/Initialise/CallInitial/CCTK_BASEGRID/CallFunction/thorns/ML_BSSN_CheckBoundaries: 2e-06 2e-06 4030 4030 0 4030 4030
main/Initialise/CallInitial/CallRegridInitialMeta/Regrid/RegridMap/CheckRegions: 1e-06 1e-06 3276 3276 0 3276 3276
main/Initialise/CallInitial/CCTK_INITIAL/CallFunction/thorns/ML_BSSN_InitialADMBase2Interior: 0.001143 0.002143 2.9691e+06 2.9691e+06 0 2.9691e+06 2.9691e+06
main/Initialise/CallInitial/CCTK_INITIAL/CallFunction/syncs: 8.3e-05 8.2e-05 213226 213226 0 213226 213226
main/Initialise/CallInitial/CCTK_INITIAL/CallFunction/syncs/Prolongate: 2e-06 1e-06 3198 3198 0 3198 3198
main/Initialise/CallInitial/CCTK_INITIAL/CallFunction/syncs/Sync: 7e-05 6.9e-05 178880 178880 0 178880 178880
main/Initialise/CallInitial/CCTK_INITIAL/CallFunction/syncs/Sync/comm_state[0].create: 7e-06 6e-06 17654 17654 0 17654 17654
main/Initialise/CallInitial/CCTK_INITIAL/CallFunction/syncs/Sync/comm_state[1].state_get_buffer_sizes.user: 4e-06 3e-06 8970 8970 0 8970 8970
main/Initialise/CallInitial/CCTK_INITIAL/CallFunction/syncs/Sync/comm_state[2].state_get_buffer_sizes.step: 2e-06 2e-06 5876 5876 0 5876 5876
main/Initialise/CallInitial/CCTK_INITIAL/CallFunction/syncs/Sync/comm_state[3].state_fill_send_buffers.user: 2e-06 1e-06 4134 4134 0 4134 4134
main/Initialise/CallInitial/CCTK_INITIAL/CallFunction/syncs/Sync/comm_state[4].state_fill_send_buffers.step: 1e-06 1e-06 3224 3224 0 3224 3224
main/Initialise/CallInitial/CCTK_INITIAL/CallFunction/syncs/Sync/comm_state[5].state_do_some_work.user: 2e-06 1e-06 4108 4108 0 4108 4108
main/Initialise/CallInitial/CCTK_INITIAL/CallFunction/syncs/Sync/comm_state[6].state_do_some_work.step: 2e-06 2e-06 5616 5616 0 5616 5616
main/Initialise/CallInitial/CCTK_INITIAL/CallFunction/syncs/Sync/comm_state[7].state_empty_recv_buffers.user: 1e-06 2e-06 4030 4030 0 4030 4030
main/Initialise/CallInitial/CCTK_INITIAL/CallFunction/syncs/Sync/comm_state[8].state_empty_recv_buffers.step: 1e-06 2e-06 4056 4056 0 4056 4056
main/Initialise/CallInitial/CCTK_INITIAL/CallFunction/thorns/MoL_StartLoop: 2e-06 2e-06 5330 5330 0 5330 5330
main/Initialise/CallInitial/CCTK_INITIAL/CallFunction/thorns/ML_BSSN_ExtrapolateGammas: 0.000229 0.001229 597662 597662 0 597662 597662
main/Initialise/CallInitial/CCTK_POSTINITIAL: 0.007612 0.01461 1.97603e+07 1.97603e+07 0 1.97603e+07 1.97603e+07
main/Initialise/CallInitial/CCTK_POSTINITIAL/CallFunction/thorns: 0.00686 0.012862 1.78097e+07 659619 8.0785e+06 8996 7.56527e+06
main/Initialise/CallInitial/CCTK_POSTINITIAL/CallFunction/thorns/ML_BSSN_EnforceEverywhere: 0.000659 0.000659 1.71197e+06 1.71197e+06 0 1.71197e+06 1.71197e+06
main/Initialise/CallInitial/CCTK_POSTINITIAL/CallFunction/thorns/ML_BSSN_SelectBoundConds: 3.2e-05 3.3e-05 83876 83876 0 83876 83876
main/Initialise/CallInitial/CCTK_POSTINITIAL/CallFunction: 0.007439 0.01343 1.93169e+07 715441 8.08924e+06 15210 7.61985e+06
main/Initialise/CallInitial/CCTK_POSTINITIAL/CallFunction/syncs/Prolongate: 5e-06 4e-06 11492 2873 58.1378 2834 2912
main/Initialise/CallInitial/CCTK_POSTINITIAL/CallFunction/syncs/Sync: 0.000122 0.000119 315796 78949 62742.1 58968 133224
main/Initialise/CallInitial/CCTK_POSTINITIAL/CallFunction/syncs/Sync/comm_state[1].state_get_buffer_sizes.user: 1e-05 8e-06 22516 5629 2743.34 4186 7774
main/Initialise/CallInitial/CCTK_POSTINITIAL/CallFunction/syncs/Sync/comm_state[0].create: 5e-06 7e-06 13182 3295.5 327.59 3120 3562
main/Initialise/CallInitial/CCTK_POSTINITIAL/CallFunction/syncs/Sync/comm_state[2].state_get_buffer_sizes.step: 5e-06 4e-06 13598 3399.5 461.271 3120 3640
main/Initialise/CallInitial/CCTK_POSTINITIAL/CallFunction/syncs/Sync/comm_state[3].state_fill_send_buffers.user: 7e-06 6e-06 16848 4212 2522.94 3120 6344
main/Initialise/CallInitial/CCTK_POSTINITIAL/CallFunction/syncs/Sync/comm_state[4].state_fill_send_buffers.step: 6e-06 5e-06 11908 2977 286 2886 3224
main/Initialise/CallInitial/CCTK_POSTINITIAL/CallFunction/syncs/Sync/comm_state[5].state_do_some_work.user: 7e-06 7e-06 16458 4114.5 2615.65 3068 6344
main/Initialise/CallInitial/CCTK_POSTINITIAL/CallFunction/syncs/Sync/comm_state[6].state_do_some_work.step: 6e-06 4e-06 12792 3198 350.759 3016 3432
main/Initialise/CallInitial/CCTK_POSTINITIAL/CallFunction/syncs/Sync/comm_state[7].state_empty_recv_buffers.user: 8e-06 8e-06 16562 4140.5 2715.07 3042 6448
main/Initialise/CallInitial/CCTK_POSTINITIAL/CallFunction/syncs/Sync/comm_state[8].state_empty_recv_buffers.step: 5e-06 6e-06 13520 3380 151.605 3328 3510
main/Initialise/CallInitial/CCTK_POSTINITIAL/CallFunction/syncs: 0.000148 0.000146 384930 96232.5 76249.9 72306 162188
main/Initialise/CallInitial/CCTK_POSTINITIAL/CallFunction/thorns/Boundary_ApplyPhysicalBCs: 0.000562 0.001562 1.46e+06 365001 884661 8736 1.09286e+06
main/Initialise/CallInitial/CCTK_POSTINITIAL/CallFunction/thorns/CartGrid3D_ApplyBC: 1.4e-05 1.4e-05 36114 9028.5 7239.62 5330 14924
main/Initialise/CallInitial/CCTK_POSTINITIAL/CallFunction/thorns/ReflectionSymmetry_Apply: 0.000182 0.000183 475982 118996 163435 26520 238498
main/Initialise/CallInitial/CCTK_POSTINITIAL/CallFunction/thorns/ML_BSSN_ADMBaseInterior: 0.001066 0.002069 2.77079e+06 2.77079e+06 0 2.77079e+06 2.77079e+06
main/Initialise/CallInitial/CCTK_POSTINITIAL/CallFunction/thorns/Boundary_ClearSelection: 6e-06 7e-06 16458 4114.5 1017.91 3432 4810
main/Initialise/CallInitial/CCTK_POSTINITIAL/CallFunction/thorns/ML_BSSN_ADMBaseBoundaryScalar: 0.000131 0.000131 339170 339170 0 339170 339170
main/Initialise/CallInitial/CCTK_POSTINITIAL/CallFunction/thorns/ML_BSSN_ADMBase_SelectBCs: 1.2e-05 1.3e-05 31694 31694 0 31694 31694
main/Initialise/CallInitial/CCTK_POSTINITIAL/CallFunction/thorns/ML_BSSN_ConstraintsEverywhere: 0.000101 0.000102 265044 265044 0 265044 265044
main/Initialise/CallInitial/CCTK_POSTINITIAL/CallFunction/thorns/ML_BSSN_ConstraintsEverywhere_SelectBCs: 9e-06 9e-06 24050 24050 0 24050 24050
main/Initialise/CallInitial/CCTK_POSTINITIAL/CallFunction/thorns/ML_BSSN_ADMBaseEverywhere: 0.00104 0.002039 2.70033e+06 2.70033e+06 0 2.70033e+06 2.70033e+06
main/Initialise/CallInitial/CCTK_POSTINITIAL/CallFunction/thorns/SBP_CheckGridSizes: 3e-06 3e-06 6942 6942 0 6942 6942
main/Initialise/CallInitial/CCTK_POSTINITIAL/CallFunction/thorns/ML_BSSN_ConstraintsInterior_SelectBCs: 1.3e-05 1.3e-05 33098 33098 0 33098 33098
main/Initialise/CallRestrict: 1e-06 1e-06 3276 3276 0 3276 3276
main/Initialise/CallPostInitial: 0.069259 0.1284 1.79801e+08 1.79801e+08 0 1.79801e+08 1.79801e+08
main/Initialise/CallPostInitial/CCTK_POSTSTEP: 0.069157 0.128299 1.79539e+08 1.79539e+08 0 1.79539e+08 1.79539e+08
main/Initialise/CallPostInitial/CCTK_POSTPOSTINITIAL: 4e-06 4e-06 9750 9750 0 9750 9750
main/Initialise/CallPostInitial/CCTK_POSTSTEP/CallFunction: 0.068959 0.128105 1.79028e+08 1.11892e+07 1.27216e+08 48958 1.24331e+08
main/Initialise/CallPostInitial/CCTK_POSTSTEP/CallFunction/thorns: 0.068438 0.127557 1.77676e+08 1.11048e+07 1.27183e+08 20384 1.24236e+08
main/Initialise/CallPostInitial/CCTK_POSTSTEP/CallFunction/thorns/SphericalSurface_Set: 4e-06 4e-06 9126 9126 0 9126 9126
main/Initialise/CallPostInitial/CCTK_POSTSTEP/CallFunction/thorns/SphericalSurface_CheckState: 1e-06 1e-06 4004 4004 0 4004 4004
main/Initialise/CallInitial/CCTK_POSTINITIAL/CallFunction/thorns/ML_BSSN_ConstraintsInterior: 0.002904 0.005905 7.54034e+06 7.54034e+06 0 7.54034e+06 7.54034e+06
main/Initialise/CallPostInitial/CCTK_POSTSTEP/CarpetLib::ggf::recompose_crop: 3e-06 3e-06 6916 3458 36.7696 3432 3484
main/Initialise/CallPostInitial/CCTK_POSTSTEP/CarpetLib::ggf::recompose_allocate: 4e-06 3e-06 9178 4589 1709.78 3380 5798
main/Initialise/CallPostInitial/CCTK_POSTSTEP/dh::recompose_free_old: 2e-06 2e-06 5980 2990 147.078 2886 3094
main/Initialise/CallPostInitial/CCTK_POSTSTEP/CallFunction/thorns/Extract: 0.047849 0.087271 1.24221e+08 1.24221e+08 0 1.24221e+08 1.24221e+08
main/Initialise/CallPostInitial/CCTK_POSTSTEP/CallFunction/thorns/Extract/Sync/comm_state[0].create: 4.9e-05 4.7e-05 115726 4451 2330.74 3978 6162
main/Initialise/CallPostInitial/CCTK_POSTSTEP/CallFunction/thorns/Extract/Sync/comm_state[1].state_get_buffer_sizes.user: 4.5e-05 4.8e-05 120016 4616 2174.46 4238 6084
main/Initialise/CallPostInitial/CCTK_POSTSTEP/CallFunction/thorns/NaNChecker_NaNCheck_Check: 0.020056 0.039771 5.2071e+07 5.2071e+07 0 5.2071e+07 5.2071e+07
main/Initialise/CallPostInitial/CCTK_POSTSTEP/CallFunction/thorns/Extract/Prolongate: 5.5e-05 4.8e-05 102856 3956 1546.81 3562 4836
main/Initialise/CallPostInitial/CCTK_POSTSTEP/CallFunction/thorns/Extract/Sync: 0.000777 0.000772 2.00299e+06 77038 81194.1 70512 155532
main/Initialise/CallPostInitial/CCTK_POSTSTEP/CallFunction/syncs/Sync/comm_state[4].state_fill_send_buffers.step: 1e-06 1e-06 3224 3224 0 3224 3224
main/Initialise/CallPostInitial/CCTK_POSTSTEP/CallFunction/syncs/Sync/comm_state[5].state_do_some_work.user: 1e-06 1e-06 3172 3172 0 3172 3172
main/Initialise/CallPostInitial/CCTK_POSTSTEP/CallFunction/syncs/Sync/comm_state[6].state_do_some_work.step: 2e-06 1e-06 3380 3380 0 3380 3380
main/Initialise/CallPostInitial/CCTK_POSTSTEP/CallFunction/syncs/Sync/comm_state[7].state_empty_recv_buffers.user: 2e-06 2e-06 3224 3224 0 3224 3224
main/Initialise/CallPostInitial/CCTK_POSTSTEP/CallFunction/syncs/Sync/comm_state[8].state_empty_recv_buffers.step: 1e-06 1e-06 4108 4108 0 4108 4108
main/Initialise/CallAnalysis: 0.00313 0.006118 8.12508e+06 8.12508e+06 0 8.12508e+06 8.12508e+06
main/Initialise/CallPostInitial/CCTK_POSTSTEP/CallFunction/thorns/MaskBase_AllocateMask: 2e-05 2e-05 50778 50778 0 50778 50778
main/Initialise/CallAnalysis/OutputGH/OutputGH/IOASCII::IOASCII_3D [5]/OutputGH<3>: 2e-06 1e-06 3952 3952 0 3952 3952
main/Initialise/CallAnalysis/OutputGH/OutputGH/IOASCII::IOASCII_3D [5]: 8e-06 7e-06 19838 19838 0 19838 19838
main/Initialise/CallPostInitial/CCTK_POSTSTEP/CallFunction/thorns/MaskBase_InitMask: 5.2e-05 5e-05 135746 135746 0 135746 135746
main/Initialise/CallPostInitial/CCTK_POSTSTEP/CallFunction/thorns/CoordBase_SetupMask: 0.000108 0.000103 279266 279266 0 279266 279266
main/Initialise/CallPostInitial/CCTK_POSTSTEP/CallFunction/thorns/CarpetMaskSetup: 1.8e-05 1.7e-05 46722 46722 0 46722 46722
main/Initialise/CallPostInitial/CCTK_POSTSTEP/CallFunction/thorns/CarpetExcludedSetup: 3e-06 3e-06 8814 8814 0 8814 8814
main/Initialise/CallPostInitial/CCTK_POSTSTEP/CallFunction/thorns/CarpetSurfaceSetup: 4e-06 3e-06 9724 9724 0 9724 9724
main/Initialise/CallPostInitial/CCTK_POSTSTEP/CallFunction/thorns/MaskBase_SetMask: 9.6e-05 9.1e-05 247780 247780 0 247780 247780
main/Initialise/CallPostInitial/CCTK_POSTSTEP/CallFunction/thorns/MaskBase_TestMask: 9.1e-05 8.7e-05 236444 236444 0 236444 236444
main/Initialise/CallAnalysis/CCTK_CPINITIAL: 3e-06 3e-06 9490 9490 0 9490 9490
main/Initialise/CallAnalysis/CCTK_ANALYSIS: 0.000674 0.001667 1.75084e+06 1.75084e+06 0 1.75084e+06 1.75084e+06
main/Initialise/CallAnalysis/CCTK_ANALYSIS/CallFunction: 0.000627 0.00162 1.62672e+06 542239 683410 148122 1.08139e+06
main/Initialise/CallAnalysis/CCTK_ANALYSIS/CallFunction/thorns: 0.000548 0.001543 1.42355e+06 474517 735008 22958 1.04263e+06
main/Initialise/CallAnalysis/CCTK_ANALYSIS/CallFunction/thorns/CarpetLib_printtimestats: 0.000132 0.000127 344630 344630 0 344630 344630
main/Initialise/CallAnalysis/CCTK_ANALYSIS/CallFunction/thorns/CarpetLib_printmemstats: 0.000395 0.001396 1.0269e+06 1.0269e+06 0 1.0269e+06 1.0269e+06
main/Initialise/CallAnalysis/OutputGH: 0.002231 0.004232 5.79134e+06 5.79134e+06 0 5.79134e+06 5.79134e+06
main/Initialise/CallAnalysis/CCTK_ANALYSIS/CallFunction/thorns/LC_statistics_analysis: 2e-06 2e-06 4108 4108 0 4108 4108
main/Initialise/CallAnalysis/OutputGH/OutputGH: 0.002223 0.004223 5.77145e+06 5.77145e+06 0 5.77145e+06 5.77145e+06
main/Initialise/CallAnalysis/OutputGH/OutputGH/IOBasic::CarpetIOBasic [0]: 5.9e-05 5.8e-05 152022 152022 0 152022 152022
main/Initialise/CallAnalysis/OutputGH/OutputGH/IOBasic::CarpetIOBasic [0]/OutputGH: 5.2e-05 5.3e-05 136084 136084 0 136084 136084
main/Initialise/CallAnalysis/OutputGH/OutputGH/IOScalar::CarpetIOScalar [1]: 1e-05 1e-05 23608 23608 0 23608 23608
main/Initialise/CallAnalysis/OutputGH/OutputGH/IOScalar::CarpetIOScalar [1]/OutputGH: 2e-06 2e-06 4394 4394 0 4394 4394
main/Initialise/CallAnalysis/OutputGH/OutputGH/IOASCII::IOASCII_0D [2]/OutputGH<0>: 2e-06 2e-06 4082 4082 0 4082 4082
main/Initialise/CallAnalysis/OutputGH/OutputGH/IOASCII::IOASCII_0D [2]: 1.6e-05 1.6e-05 41626 41626 0 41626 41626
main/Initialise/CallAnalysis/OutputGH/OutputGH/IOASCII::IOASCII_1D [3]/OutputGH<1>: 0.002075 0.004075 5.38829e+06 5.38829e+06 0 5.38829e+06 5.38829e+06
main/Initialise/CallAnalysis/OutputGH/OutputGH/IOASCII::IOASCII_1D [3]: 0.002081 0.004082 5.40374e+06 5.40374e+06 0 5.40374e+06 5.40374e+06
main/Initialise/CallAnalysis/OutputGH/OutputGH/IOASCII::IOASCII_2D [4]/OutputGH<2>: 2e-06 1e-06 3900 3900 0 3900 3900
main/Initialise/CallAnalysis/OutputGH/OutputGH/IOASCII::IOASCII_2D [4]: 9e-06 9e-06 22412 22412 0 22412 22412
main/Initialise/CallPostInitial/CCTK_POSTSTEP/CallFunction/thorns/NaNChecker_NaNCheck_Prepare: 4e-06 3e-06 8372 8372 0 8372 8372
main/Initialise/CallPostInitial/CCTK_POSTSTEP/CallFunction/thorns/NaNChecker_NaNCheck_Finish: 1e-05 9e-06 24700 24700 0 24700 24700
main/Initialise/CallPostInitial/CCTK_POSTSTEP/CallFunction/thorns/NaNChecker_TakeAction: 2e-06 1e-06 3536 3536 0 3536 3536
main/Initialise/CallPostInitial/CCTK_POSTSTEP/CallFunction/thorns/setup_epsdis: 1.3e-05 1.3e-05 32760 32760 0 32760 32760
main/Initialise/CallPostInitial/CCTK_POSTSTEP/CallFunction/syncs: 6.4e-05 6.3e-05 163904 163904 0 163904 163904
main/Initialise/CallPostInitial/CCTK_POSTSTEP/CallFunction/syncs/Prolongate: 1e-06 2e-06 2964 2964 0 2964 2964
main/Initialise/CallPostInitial/CCTK_POSTSTEP/CallFunction/syncs/Sync: 5.2e-05 5.1e-05 133770 133770 0 133770 133770
main/Initialise/CallPostInitial/CCTK_POSTSTEP/CallFunction/syncs/Sync/comm_state[1].state_get_buffer_sizes.user: 1e-06 1e-06 4160 4160 0 4160 4160
main/Initialise/CallPostInitial/CCTK_POSTSTEP/CallFunction/syncs/Sync/comm_state[0].create: 2e-06 2e-06 4784 4784 0 4784 4784
main/Initialise/CallPostInitial/CCTK_POSTSTEP/CallFunction/syncs/Sync/comm_state[2].state_get_buffer_sizes.step: 1e-06 2e-06 4316 4316 0 4316 4316
main/Initialise/CallPostInitial/CCTK_POSTSTEP/CallFunction/syncs/Sync/comm_state[3].state_fill_send_buffers.user: 1e-06 1e-06 3276 3276 0 3276 3276
main/Initialise/CallPostInitial/CCTK_POSTSTEP/CallFunction/thorns/Extract/Sync/comm_state[2].state_get_buffer_sizes.step: 4.3e-05 4.3e-05 110786 4261 1073.47 3952 5096
main/Initialise/CallPostInitial/CCTK_POSTSTEP/CallFunction/thorns/Extract/Sync/comm_state[3].state_fill_send_buffers.user: 4.3e-05 4.3e-05 108654 4179 1500.61 3692 5174
main/Initialise/CallPostInitial/CCTK_POSTSTEP/CallFunction/thorns/Extract/Sync/comm_state[4].state_fill_send_buffers.step: 4.3e-05 4.6e-05 119990 4615 3383.05 3536 6318
main/Initialise/CallPostInitial/CCTK_POSTSTEP/CallFunction/thorns/Extract/Sync/comm_state[5].state_do_some_work.user: 4.8e-05 4.3e-05 114218 4393 1762.82 3380 5096
main/Initialise/CallPostInitial/CCTK_POSTSTEP/CallFunction/thorns/Extract/Sync/comm_state[6].state_do_some_work.step: 3.6e-05 3.7e-05 95238 3663 2881.04 2730 4914
main/Initialise/CallPostInitial/CCTK_POSTSTEP/CallFunction/thorns/Extract/Sync/comm_state[7].state_empty_recv_buffers.user: 3.7e-05 3.2e-05 86528 3328 1926.46 2886 4290
main/Initialise/CallPostInitial/CCTK_POSTSTEP/CallFunction/thorns/Extract/Sync/comm_state[8].state_empty_recv_buffers.step: 3.3e-05 3.2e-05 84500 3250 2410.02 2938 5122

INFO (CarpetRegrid2): Centre 1 is not active
INFO (CarpetRegrid2): Centre 2 is not active
INFO (CarpetRegrid2): Centre 3 is not active
INFO (CarpetRegrid2): Regridding level 0 map 0 at iteration 1 time 0
INFO (CarpetRegrid2): Regridding levels 1 and up
INFO (Carpet): Grid structure (superregions, grid points):
   [0][0][0]   exterior: [0,0,0] : [34,34,20]   ([35,35,21] + PADDING) 25725
INFO (Carpet): Grid structure (superregions, coordinates):
   [0][0][0]   exterior: [-136,-136,-24] : [136,136,136] : [8,8,8]
INFO (Carpet): Global grid structure statistics:
INFO (Carpet): GF: rhs: 6k active, 6k owned (+0%), 13k total (+104%), 0.5 steps/time
INFO (Carpet): GF: vars: 195, pts: 2M active, 2M owned (+0%), 5M total (+104%), 1.0 comp/proc
INFO (Carpet): GA: vars: 483, pts: 0M active, 0M total (+0%)
INFO (Carpet): Total required memory: 0.040 GByte (for GAs and currently active GFs)
INFO (Carpet): Load balance:  min     avg     max     sdv     max/avg-1
INFO (Carpet): Level  0:       2M      2M      2M      0M owned      0%
WARNING level 2 from host runnervmg397c.guklbwq1g02unjtnn4f2llqnib.cx.internal.cloudapp.net process 0
  in thorn Carpet, file /home/runner/work/tests/tests/master/configs/sim/build/Carpet/Comm.cc:103:
  -> Synchronising group "EXTRACT::TEMPS" in local mode
WARNING level 2 from host runnervmg397c.guklbwq1g02unjtnn4f2llqnib.cx.internal.cloudapp.net process 0
  in thorn Carpet, file /home/runner/work/tests/tests/master/configs/sim/build/Carpet/Comm.cc:103:
  -> Synchronising group "EXTRACT::TEMPS" in local mode
WARNING level 2 from host runnervmg397c.guklbwq1g02unjtnn4f2llqnib.cx.internal.cloudapp.net process 0
  in thorn Carpet, file /home/runner/work/tests/tests/master/configs/sim/build/Carpet/Comm.cc:103:
  -> Synchronising group "EXTRACT::TEMPS" in local mode
WARNING level 2 from host runnervmg397c.guklbwq1g02unjtnn4f2llqnib.cx.internal.cloudapp.net process 0
  in thorn Carpet, file /home/runner/work/tests/tests/master/configs/sim/build/Carpet/Comm.cc:103:
  -> Synchronising group "EXTRACT::TEMPS" in local mode
WARNING level 2 from host runnervmg397c.guklbwq1g02unjtnn4f2llqnib.cx.internal.cloudapp.net process 0
  in thorn Carpet, file /home/runner/work/tests/tests/master/configs/sim/build/Carpet/Comm.cc:103:
  -> Synchronising group "EXTRACT::TEMPS" in local mode
WARNING level 2 from host runnervmg397c.guklbwq1g02unjtnn4f2llqnib.cx.internal.cloudapp.net process 0
  in thorn Carpet, file /home/runner/work/tests/tests/master/configs/sim/build/Carpet/Comm.cc:103:
  -> Synchronising group "EXTRACT::TEMPS" in local mode
WARNING level 2 from host runnervmg397c.guklbwq1g02unjtnn4f2llqnib.cx.internal.cloudapp.net process 0
  in thorn Carpet, file /home/runner/work/tests/tests/master/configs/sim/build/Carpet/Comm.cc:103:
  -> Synchronising group "EXTRACT::TEMPS" in local mode
WARNING level 2 from host runnervmg397c.guklbwq1g02unjtnn4f2llqnib.cx.internal.cloudapp.net process 0
  in thorn Carpet, file /home/runner/work/tests/tests/master/configs/sim/build/Carpet/Comm.cc:103:
  -> Synchronising group "EXTRACT::TEMPS" in local mode
WARNING level 2 from host runnervmg397c.guklbwq1g02unjtnn4f2llqnib.cx.internal.cloudapp.net process 0
  in thorn Carpet, file /home/runner/work/tests/tests/master/configs/sim/build/Carpet/Comm.cc:103:
  -> Synchronising group "EXTRACT::TEMPS" in local mode
WARNING level 2 from host runnervmg397c.guklbwq1g02unjtnn4f2llqnib.cx.internal.cloudapp.net process 0
  in thorn Carpet, file /home/runner/work/tests/tests/master/configs/sim/build/Carpet/Comm.cc:103:
  -> Synchronising group "EXTRACT::TEMPS" in local mode
WARNING level 2 from host runnervmg397c.guklbwq1g02unjtnn4f2llqnib.cx.internal.cloudapp.net process 0
  in thorn Carpet, file /home/runner/work/tests/tests/master/configs/sim/build/Carpet/Comm.cc:103:
  -> Synchronising group "EXTRACT::TEMPS" in local mode
WARNING level 2 from host runnervmg397c.guklbwq1g02unjtnn4f2llqnib.cx.internal.cloudapp.net process 0
  in thorn Carpet, file /home/runner/work/tests/tests/master/configs/sim/build/Carpet/Comm.cc:103:
  -> Synchronising group "EXTRACT::TEMPS" in local mode
WARNING level 2 from host runnervmg397c.guklbwq1g02unjtnn4f2llqnib.cx.internal.cloudapp.net process 0
  in thorn Carpet, file /home/runner/work/tests/tests/master/configs/sim/build/Carpet/Comm.cc:103:
  -> Synchronising group "EXTRACT::TEMPS" in local mode
WARNING level 2 from host runnervmg397c.guklbwq1g02unjtnn4f2llqnib.cx.internal.cloudapp.net process 0
  in thorn Carpet, file /home/runner/work/tests/tests/master/configs/sim/build/Carpet/Comm.cc:103:
  -> Synchronising group "EXTRACT::TEMPS" in local mode
WARNING level 2 from host runnervmg397c.guklbwq1g02unjtnn4f2llqnib.cx.internal.cloudapp.net process 0
  in thorn Carpet, file /home/runner/work/tests/tests/master/configs/sim/build/Carpet/Comm.cc:103:
  -> Synchronising group "EXTRACT::TEMPS" in local mode
WARNING level 2 from host runnervmg397c.guklbwq1g02unjtnn4f2llqnib.cx.internal.cloudapp.net process 0
  in thorn Carpet, file /home/runner/work/tests/tests/master/configs/sim/build/Carpet/Comm.cc:103:
  -> Synchronising group "EXTRACT::TEMPS" in local mode
WARNING level 2 from host runnervmg397c.guklbwq1g02unjtnn4f2llqnib.cx.internal.cloudapp.net process 0
  in thorn Carpet, file /home/runner/work/tests/tests/master/configs/sim/build/Carpet/Comm.cc:103:
  -> Synchronising group "EXTRACT::TEMPS" in local mode
WARNING level 2 from host runnervmg397c.guklbwq1g02unjtnn4f2llqnib.cx.internal.cloudapp.net process 0
  in thorn Carpet, file /home/runner/work/tests/tests/master/configs/sim/build/Carpet/Comm.cc:103:
  -> Synchronising group "EXTRACT::TEMPS" in local mode
WARNING level 2 from host runnervmg397c.guklbwq1g02unjtnn4f2llqnib.cx.internal.cloudapp.net process 0
  in thorn Carpet, file /home/runner/work/tests/tests/master/configs/sim/build/Carpet/Comm.cc:103:
  -> Synchronising group "EXTRACT::TEMPS" in local mode
WARNING level 2 from host runnervmg397c.guklbwq1g02unjtnn4f2llqnib.cx.internal.cloudapp.net process 0
  in thorn Carpet, file /home/runner/work/tests/tests/master/configs/sim/build/Carpet/Comm.cc:103:
  -> Synchronising group "EXTRACT::TEMPS" in local mode
WARNING level 2 from host runnervmg397c.guklbwq1g02unjtnn4f2llqnib.cx.internal.cloudapp.net process 0
  in thorn Carpet, file /home/runner/work/tests/tests/master/configs/sim/build/Carpet/Comm.cc:103:
  -> Synchronising group "EXTRACT::TEMPS" in local mode
WARNING level 2 from host runnervmg397c.guklbwq1g02unjtnn4f2llqnib.cx.internal.cloudapp.net process 0
  in thorn Carpet, file /home/runner/work/tests/tests/master/configs/sim/build/Carpet/Comm.cc:103:
  -> Synchronising group "EXTRACT::TEMPS" in local mode
WARNING level 2 from host runnervmg397c.guklbwq1g02unjtnn4f2llqnib.cx.internal.cloudapp.net process 0
  in thorn Carpet, file /home/runner/work/tests/tests/master/configs/sim/build/Carpet/Comm.cc:103:
  -> Synchronising group "EXTRACT::TEMPS" in local mode
WARNING level 2 from host runnervmg397c.guklbwq1g02unjtnn4f2llqnib.cx.internal.cloudapp.net process 0
  in thorn Carpet, file /home/runner/work/tests/tests/master/configs/sim/build/Carpet/Comm.cc:103:
  -> Synchronising group "EXTRACT::TEMPS" in local mode
WARNING level 2 from host runnervmg397c.guklbwq1g02unjtnn4f2llqnib.cx.internal.cloudapp.net process 0
  in thorn Carpet, file /home/runner/work/tests/tests/master/configs/sim/build/Carpet/Comm.cc:103:
  -> Synchronising group "EXTRACT::TEMPS" in local mode
WARNING level 2 from host runnervmg397c.guklbwq1g02unjtnn4f2llqnib.cx.internal.cloudapp.net process 0
  in thorn Carpet, file /home/runner/work/tests/tests/master/configs/sim/build/Carpet/Comm.cc:103:
  -> Synchronising group "EXTRACT::TEMPS" in local mode
      256     2.000 | 4.175849e+04
WARNING level 2 from host runnervmg397c.guklbwq1g02unjtnn4f2llqnib.cx.internal.cloudapp.net process 0
  in thorn Carpet, file /home/runner/work/tests/tests/master/configs/sim/build/Carpet/Comm.cc:103:
  -> Synchronising group "EXTRACT::TEMPS" in local mode
WARNING level 2 from host runnervmg397c.guklbwq1g02unjtnn4f2llqnib.cx.internal.cloudapp.net process 0
  in thorn Carpet, file /home/runner/work/tests/tests/master/configs/sim/build/Carpet/Comm.cc:103:
  -> Synchronising group "EXTRACT::TEMPS" in local mode
WARNING level 2 from host runnervmg397c.guklbwq1g02unjtnn4f2llqnib.cx.internal.cloudapp.net process 0
  in thorn Carpet, file /home/runner/work/tests/tests/master/configs/sim/build/Carpet/Comm.cc:103:
  -> Synchronising group "EXTRACT::TEMPS" in local mode
WARNING level 2 from host runnervmg397c.guklbwq1g02unjtnn4f2llqnib.cx.internal.cloudapp.net process 0
  in thorn Carpet, file /home/runner/work/tests/tests/master/configs/sim/build/Carpet/Comm.cc:103:
  -> Synchronising group "EXTRACT::TEMPS" in local mode
WARNING level 2 from host runnervmg397c.guklbwq1g02unjtnn4f2llqnib.cx.internal.cloudapp.net process 0
  in thorn Carpet, file /home/runner/work/tests/tests/master/configs/sim/build/Carpet/Comm.cc:103:
  -> Synchronising group "EXTRACT::TEMPS" in local mode
WARNING level 2 from host runnervmg397c.guklbwq1g02unjtnn4f2llqnib.cx.internal.cloudapp.net process 0
  in thorn Carpet, file /home/runner/work/tests/tests/master/configs/sim/build/Carpet/Comm.cc:103:
  -> Synchronising group "EXTRACT::TEMPS" in local mode
WARNING level 2 from host runnervmg397c.guklbwq1g02unjtnn4f2llqnib.cx.internal.cloudapp.net process 0
  in thorn Carpet, file /home/runner/work/tests/tests/master/configs/sim/build/Carpet/Comm.cc:103:
  -> Synchronising group "EXTRACT::TEMPS" in local mode
WARNING level 2 from host runnervmg397c.guklbwq1g02unjtnn4f2llqnib.cx.internal.cloudapp.net process 0
  in thorn Carpet, file /home/runner/work/tests/tests/master/configs/sim/build/Carpet/Comm.cc:103:
  -> Synchronising group "EXTRACT::TEMPS" in local mode
WARNING level 2 from host runnervmg397c.guklbwq1g02unjtnn4f2llqnib.cx.internal.cloudapp.net process 0
  in thorn Carpet, file /home/runner/work/tests/tests/master/configs/sim/build/Carpet/Comm.cc:103:
  -> Synchronising group "EXTRACT::TEMPS" in local mode
WARNING level 2 from host runnervmg397c.guklbwq1g02unjtnn4f2llqnib.cx.internal.cloudapp.net process 0
  in thorn Carpet, file /home/runner/work/tests/tests/master/configs/sim/build/Carpet/Comm.cc:103:
  -> Synchronising group "EXTRACT::TEMPS" in local mode
WARNING level 2 from host runnervmg397c.guklbwq1g02unjtnn4f2llqnib.cx.internal.cloudapp.net process 0
  in thorn Carpet, file /home/runner/work/tests/tests/master/configs/sim/build/Carpet/Comm.cc:103:
  -> Synchronising group "EXTRACT::TEMPS" in local mode
WARNING level 2 from host runnervmg397c.guklbwq1g02unjtnn4f2llqnib.cx.internal.cloudapp.net process 0
  in thorn Carpet, file /home/runner/work/tests/tests/master/configs/sim/build/Carpet/Comm.cc:103:
  -> Synchronising group "EXTRACT::TEMPS" in local mode
WARNING level 2 from host runnervmg397c.guklbwq1g02unjtnn4f2llqnib.cx.internal.cloudapp.net process 0
  in thorn Carpet, file /home/runner/work/tests/tests/master/configs/sim/build/Carpet/Comm.cc:103:
  -> Synchronising group "EXTRACT::TEMPS" in local mode
WARNING level 2 from host runnervmg397c.guklbwq1g02unjtnn4f2llqnib.cx.internal.cloudapp.net process 0
  in thorn Carpet, file /home/runner/work/tests/tests/master/configs/sim/build/Carpet/Comm.cc:103:
  -> Synchronising group "EXTRACT::TEMPS" in local mode
WARNING level 2 from host runnervmg397c.guklbwq1g02unjtnn4f2llqnib.cx.internal.cloudapp.net process 0
  in thorn Carpet, file /home/runner/work/tests/tests/master/configs/sim/build/Carpet/Comm.cc:103:
  -> Synchronising group "EXTRACT::TEMPS" in local mode
WARNING level 2 from host runnervmg397c.guklbwq1g02unjtnn4f2llqnib.cx.internal.cloudapp.net process 0
  in thorn Carpet, file /home/runner/work/tests/tests/master/configs/sim/build/Carpet/Comm.cc:103:
  -> Synchronising group "EXTRACT::TEMPS" in local mode
WARNING level 2 from host runnervmg397c.guklbwq1g02unjtnn4f2llqnib.cx.internal.cloudapp.net process 0
  in thorn Carpet, file /home/runner/work/tests/tests/master/configs/sim/build/Carpet/Comm.cc:103:
  -> Synchronising group "EXTRACT::TEMPS" in local mode
WARNING level 2 from host runnervmg397c.guklbwq1g02unjtnn4f2llqnib.cx.internal.cloudapp.net process 0
  in thorn Carpet, file /home/runner/work/tests/tests/master/configs/sim/build/Carpet/Comm.cc:103:
  -> Synchronising group "EXTRACT::TEMPS" in local mode
WARNING level 2 from host runnervmg397c.guklbwq1g02unjtnn4f2llqnib.cx.internal.cloudapp.net process 0
  in thorn Carpet, file /home/runner/work/tests/tests/master/configs/sim/build/Carpet/Comm.cc:103:
  -> Synchronising group "EXTRACT::TEMPS" in local mode
WARNING level 2 from host runnervmg397c.guklbwq1g02unjtnn4f2llqnib.cx.internal.cloudapp.net process 0
  in thorn Carpet, file /home/runner/work/tests/tests/master/configs/sim/build/Carpet/Comm.cc:103:
  -> Synchronising group "EXTRACT::TEMPS" in local mode
WARNING level 2 from host runnervmg397c.guklbwq1g02unjtnn4f2llqnib.cx.internal.cloudapp.net process 0
  in thorn Carpet, file /home/runner/work/tests/tests/master/configs/sim/build/Carpet/Comm.cc:103:
  -> Synchronising group "EXTRACT::TEMPS" in local mode
WARNING level 2 from host runnervmg397c.guklbwq1g02unjtnn4f2llqnib.cx.internal.cloudapp.net process 0
  in thorn Carpet, file /home/runner/work/tests/tests/master/configs/sim/build/Carpet/Comm.cc:103:
  -> Synchronising group "EXTRACT::TEMPS" in local mode
WARNING level 2 from host runnervmg397c.guklbwq1g02unjtnn4f2llqnib.cx.internal.cloudapp.net process 0
  in thorn Carpet, file /home/runner/work/tests/tests/master/configs/sim/build/Carpet/Comm.cc:103:
  -> Synchronising group "EXTRACT::TEMPS" in local mode
WARNING level 2 from host runnervmg397c.guklbwq1g02unjtnn4f2llqnib.cx.internal.cloudapp.net process 0
  in thorn Carpet, file /home/runner/work/tests/tests/master/configs/sim/build/Carpet/Comm.cc:103:
  -> Synchronising group "EXTRACT::TEMPS" in local mode
WARNING level 2 from host runnervmg397c.guklbwq1g02unjtnn4f2llqnib.cx.internal.cloudapp.net process 0
  in thorn Carpet, file /home/runner/work/tests/tests/master/configs/sim/build/Carpet/Comm.cc:103:
  -> Synchronising group "EXTRACT::TEMPS" in local mode
WARNING level 2 from host runnervmg397c.guklbwq1g02unjtnn4f2llqnib.cx.internal.cloudapp.net process 0
  in thorn Carpet, file /home/runner/work/tests/tests/master/configs/sim/build/Carpet/Comm.cc:103:
  -> Synchronising group "EXTRACT::TEMPS" in local mode
      512     4.000 | 4.221512e+04
INFO (Carpet): Terminating due to cctk_final_time at t = 4.000000
# Carpet timing information at iteration 512 time 4:
main: 1.83364 3.36419 4.76029e+09 2.38014e+09 2.10241e+09 8.93514e+08 3.86677e+09
meta mode: 1.83364 3.3642 4.76031e+09 2.38015e+09 2.10242e+09 8.93519e+08 3.86679e+09
main/CarpetStartup: 0.027303 0.030347 7.08826e+07 7.08826e+07 0 7.08826e+07 7.08826e+07
main/CarpetStartup/AllocateGridHierarchy: 5e-06 5e-06 13052 13052 0 13052 13052
main/CarpetStartup/CarpetLib::gh::regrid: 0.026019 0.02928 6.75392e+07 1.1849e+06 1.05656e+06 1.12765e+06 2.22243e+06
main/CarpetStartup/CarpetLib::dh::regrid: 8.7e-05 7e-05 187460 3288.77 3639.28 3068 6760
main/Initialise/CallInitial/Poison: 0.001989 0.001988 5.16178e+06 5.16178e+06 0 5.16178e+06 5.16178e+06
main/Initialise/CallInitial/CCTK_BASEGRID/CallFunction/thorns: 0.001321 0.000607 3.42558e+06 137023 1.08897e+06 16198 908128
main/CarpetStartup/CarpetLib::gh::regrid/CarpetLib::dh::regrid/region: 0.002188 0.002561 5.6972e+06 99950.8 464315 89232 559260
main/Initialise/CallInitial/CallRegridInitialMeta/Regrid/RegridMap/CarpetLib::gh::regrid/CarpetLib::dh::regrid/region: 0.000194 0.000194 506012 506012 0 506012 506012
main/CarpetStartup/CarpetLib::gh::regrid/CarpetLib::dh::regrid/test: 0.005964 0.008578 1.55251e+07 272370 147254 256490 390572
main/CarpetStartup/CarpetLib::gh::regrid/CarpetLib::dh::regrid/domain: 0.000757 0.001602 1.98476e+06 34820.4 97005.1 30082 115388
main/Initialise/CallInitial/CallRegridInitialMeta/Regrid/RegridMap/CarpetLib::gh::regrid/CarpetLib::dh::regrid/domain: 4.2e-05 4.2e-05 109070 109070 0 109070 109070
main/CarpetStartup/CarpetLib::gh::regrid/CarpetLib::dh::regrid/comm/refrest: 5.9e-05 5e-05 160862 2822.14 7048.07 2652 9776
main/CarpetStartup/CarpetLib::gh::regrid/CarpetLib::dh::regrid/comm/mgprol: 6.3e-05 4.7e-05 151892 2664.77 227.029 2626 2730
main/CarpetStartup/CarpetLib::dh::recompose: 6.2e-05 4.4e-05 159016 2789.75 332.891 2730 3016
main/CarpetStartup/CarpetLib::gh::regrid/CarpetLib::dh::regrid/buffers: 0.009353 0.010519 2.43239e+07 426736 115975 411892 512278
main/CarpetStartup/CarpetLib::gh::regrid/CarpetLib::dh::regrid: 0.025842 0.029143 6.70696e+07 1.17666e+06 1.04688e+06 1.12e+06 2.20454e+06
main/CarpetStartup/CarpetLib::gh::regrid/CarpetLib::dh::regrid/bcast_comm: 0.004979 0.003851 1.29314e+07 226866 135924 219882 343616
main/CarpetStartup/CarpetLib::gh::regrid/CarpetLib::dh::regrid/comm/sync: 6.1e-05 5e-05 156416 2744.14 749.116 2652 3224
main/CarpetStartup/CarpetLib::gh::regrid/CarpetLib::dh::regrid/mask: 0.0003 0.000222 794586 13940.1 45113.2 7696 51792
main/CarpetStartup/CarpetLib::gh::regrid/CarpetLib::dh::regrid/bcast_boxes: 0.000121 9.9e-05 297986 5227.82 52049.5 3770 56628
main/CarpetStartup/CarpetLib::gh::regrid/CarpetLib::dh::regrid/unusedpoints_mask: 6.8e-05 5.6e-05 170378 2989.09 987.976 2860 3484
main/CarpetStartup/CarpetLib::gh::regrid/CarpetLib::dh::regrid/bcast_comm/ref_bnd_prol: 0.000434 0.000332 1.1283e+06 19794.7 11572.2 19370 31200
main/CarpetStartup/CarpetLib::gh::regrid/CarpetLib::dh::regrid/bcast_comm/ref_prol/CarpetLib::dh::bs3: 6.1e-05 4.8e-05 158418 2779.26 338.368 2730 2964
main/CarpetStartup/CarpetLib::gh::regrid/CarpetLib::dh::regrid/comm: 0.000932 0.000752 2.41787e+06 42418.8 32081.7 40898 73060
main/CarpetStartup/CarpetLib::gh::regrid/CarpetLib::dh::regrid/bcast_comm/ref_prol: 0.000464 0.000365 1.20138e+06 21076.9 30973.8 19786 51610
main/CarpetStartup/CarpetLib::gh::regrid/CarpetLib::dh::regrid/bcast_comm/sync: 0.000461 0.000342 1.16745e+06 20481.6 25258.9 19500 42172
main/CarpetStartup/CarpetLib::gh::regrid/CarpetLib::dh::regrid/bcast_comm/ref_prol/CarpetLib::dh::bs1: 6.7e-05 5e-05 169182 2968.11 1030.72 2808 3458
main/Initialise/CallInitial/CallRegridInitialMeta/Regrid/RegridMap/CarpetLib::gh::regrid/CarpetLib::dh::regrid/bcast_comm/ref_prol/CarpetLib::dh::bs1: 1e-06 1e-06 3198 3198 0 3198 3198
main/Initialise/CallInitial/CallRegridInitialMeta/Regrid/RegridMap/CarpetLib::gh::regrid/CarpetLib::dh::regrid/bcast_comm/sync: 1.6e-05 1.5e-05 39754 39754 0 39754 39754
main/Initialise/CallInitial/CallRegridInitialMeta/Regrid/RegridMap/CarpetLib::gh::regrid/CarpetLib::dh::regrid/comm/mgrest: 1e-06 1e-06 2782 2782 0 2782 2782
main/Initialise/CallInitial/CallRegridInitialMeta/Regrid/RegridMap/CarpetLib::gh::regrid/CarpetLib::dh::regrid/comm/mgprol: 1e-06 1e-06 2678 2678 0 2678 2678
main/Initialise/CallInitial/CallRegridInitialMeta/Regrid/RegridMap/CarpetLib::gh::regrid/CarpetLib::dh::regrid/comm/refprol: 1e-06 1e-06 2652 2652 0 2652 2652
main/Initialise/CallInitial/CallRegridInitialMeta/Regrid/RegridMap/CarpetLib::gh::regrid/CarpetLib::dh::regrid/comm/sync: 1e-06 1e-06 2886 2886 0 2886 2886
main/Initialise/CallInitial/CallRegridInitialMeta/Regrid/RegridMap/CarpetLib::gh::regrid/CarpetLib::dh::regrid/comm/refbndprol: 1e-06 1e-06 2704 2704 0 2704 2704
main/CarpetStartup/CarpetLib::gh::regrid/CarpetLib::dh::regrid/bcast_comm/ref_prol/CarpetLib::dh::bs2: 8.4e-05 7e-05 215358 3778.21 14786.7 3146 18330
main/CarpetStartup/CarpetLib::gh::regrid/CarpetLib::dh::regrid/bcast_comm/sync/CarpetLib::dh::bs1: 7.2e-05 4.7e-05 161772 2838.11 490.277 2756 3198
main/CarpetStartup/CarpetLib::gh::regrid/CarpetLib::dh::regrid/bcast_comm/sync/CarpetLib::dh::bs2: 7.4e-05 5.4e-05 185406 3252.74 1135.51 3042 3666
main/CarpetStartup/CarpetLib::gh::regrid/CarpetLib::dh::regrid/bcast_comm/sync/CarpetLib::dh::bs3: 5.9e-05 4.5e-05 156676 2748.7 237.596 2704 2860
main/CarpetStartup/CarpetLib::gh::regrid/CarpetLib::dh::regrid/bcast_comm/ref_refl_prol: 0.002309 0.001669 5.98944e+06 105078 57282.3 102596 154440
main/CarpetStartup/CarpetLib::gh::regrid/CarpetLib::dh::regrid/bcast_comm/ref_bnd_prol/CarpetLib::dh::bs1: 5.9e-05 4.9e-05 159380 2796.14 326.96 2730 2990
main/CarpetStartup/CarpetLib::gh::regrid/CarpetLib::dh::regrid/bcast_comm/ref_bnd_prol/CarpetLib::dh::bs2: 6.6e-05 5.1e-05 178308 3128.21 703.595 3016 3328
main/CarpetStartup/CarpetLib::gh::regrid/CarpetLib::dh::regrid/bcast_comm/old2new_sync: 0.000447 0.000316 1.14946e+06 20166 26456.5 19292 43368
main/CarpetStartup/CarpetLib::gh::regrid/CarpetLib::dh::regrid/bcast_comm/ref_refl_prol/CarpetLib::dh::bs1: 0.000363 0.000272 950378 2778.88 1058.07 2522 3328
main/CarpetStartup/CarpetLib::gh::regrid/CarpetLib::dh::regrid/bcast_comm/ref_bnd_prol/CarpetLib::dh::bs3: 6.1e-05 4.5e-05 156442 2744.6 201.454 2704 2886
main/CarpetStartup/CarpetLib::gh::regrid/CarpetLib::dh::regrid/bcast_comm/ref_refl_prol/CarpetLib::dh::bs3: 0.000354 0.000267 961610 2811.73 23122.8 2704 25870
main/CarpetStartup/CarpetLib::gh::regrid/CarpetLib::dh::regrid/bcast_comm/ref_refl_prol/CarpetLib::dh::bs2: 0.000428 0.000288 1.04993e+06 3069.98 3011.97 2990 5694
main/CarpetStartup/CarpetLib::gh::regrid/CarpetLib::dh::regrid/bcast_comm/old2new_sync/CarpetLib::dh::bs2: 7.3e-05 4.9e-05 175994 3087.61 1678.67 2990 4654
main/CarpetStartup/CarpetLib::gh::regrid/CarpetLib::dh::regrid/bcast_comm/old2new_sync/CarpetLib::dh::bs3: 5.9e-05 4.1e-05 156182 2740.04 216.767 2704 2886
main/CarpetStartup/CarpetLib::gh::regrid/CarpetLib::dh::regrid/bcast_comm/old2new_sync/CarpetLib::dh::bs1: 6.3e-05 5e-05 181714 3187.96 22545.8 2756 25532
main/CarpetStartup/CarpetLib::gh::regrid/CarpetLib::dh::regrid/bcast_comm/old2new_ref_prol/CarpetLib::dh::bs1: 6.3e-05 4.7e-05 158548 2781.54 233.975 2756 2938
main/CarpetStartup/CarpetLib::gh::regrid/CarpetLib::dh::regrid/bcast_comm/old2new_ref_prol/CarpetLib::dh::bs2: 6.6e-05 4.7e-05 174278 3057.51 769.406 3016 3796
main/CarpetStartup/CarpetLib::gh::regrid/CarpetLib::dh::regrid/bcast_comm/old2new_ref_prol: 0.000434 0.000323 1.133e+06 19877.2 12456.2 19500 32188
main/CarpetStartup/CarpetLib::gh::regrid/CarpetLib::dh::regrid/bcast_comm/old2new_ref_prol/CarpetLib::dh::bs3: 6.1e-05 4.8e-05 155948 2735.93 164.511 2704 2834
main/CarpetStartup/CarpetLib::gh::regrid/CarpetLib::dh::regrid/comm/refprol: 5.9e-05 4.6e-05 152620 2677.54 343.93 2626 2886
main/CarpetStartup/CarpetLib::gh::regrid/CarpetLib::dh::regrid/comm/refbndprol: 5.8e-05 4.6e-05 152074 2667.96 264.522 2626 2782
main/CarpetStartup/CarpetLib::gh::regrid/CarpetLib::dh::regrid/comm/reflux: 5.7e-05 4.9e-05 151866 2664.32 352.883 2626 2886
main/CarpetStartup/CarpetLib::gh::regrid/CarpetLib::dh::regrid/comm/mgrest: 6e-05 4.6e-05 154752 2714.95 708.181 2652 3198
main/CarpetStartup/CheckRegions: 2e-06 1e-06 3250 3250 0 3250 3250
meta mode/meta mode/leave_global_mode: 0.000191 0.000178 500292 15160.4 48902.3 7904 36712
meta mode/meta mode/global mode: 1.76999 3.31735 4.59505e+09 1.39244e+08 3.4635e+09 18018 3.52364e+09
meta mode/meta mode/global mode/level(0)/leave_singlemap_mode: 0.000679 0.002616 1.71631e+06 4290.78 39713 2730 41444
meta mode/meta mode/global mode/level(0): 1.76701 3.31387 4.58733e+09 3.79118e+07 3.49343e+09 15028 3.48714e+09
meta mode/meta mode/global mode/level(0)/leave_local_mode: 0.001209 0.001097 3.01889e+06 7701.24 65276.4 2730 32630
meta mode/meta mode/global mode/leave_level_mode: 0.000205 0.000182 539578 4459.32 7117.37 3796 8268
meta mode/meta mode: 1.8063 3.33378 4.68933e+09 2.34467e+09 2.05225e+09 8.93509e+08 3.79583e+09
main/Initialise/CarpetLib::ggf::recompose_crop: 0.000763 0.000142 1.83105e+06 3212.37 32258 2886 28522
main/Initialise/CarpetLib::ggf::recompose_allocate: 0.000755 0.000139 1.98476e+06 3482.04 50167.5 3042 40664
main/Initialise: 1.46156 2.67051 3.79434e+09 3.79434e+09 0 3.79434e+09 3.79434e+09
main/Initialise/dh::recompose_free_old: 0.00064 0.000119 1.63293e+06 2864.79 18800.4 2756 19656
main/Initialise/CallSetup/Poison: 0.000516 0 1.3384e+06 1.3384e+06 0 1.3384e+06 1.3384e+06
meta mode/meta mode/enter_global_mode: 0.001171 0.001093 3.05497e+06 95467.9 342586 47632 272584
meta mode/meta mode/global mode/enter_level_mode: 0.00021 0.000185 555126 4626.05 7971.46 3900 9048
main/Initialise/CallSetup: 0.001918 0.001176 4.97877e+06 4.97877e+06 0 4.97877e+06 4.97877e+06
meta mode/meta mode/global mode/level(0)/enter_local_mode: 0.003057 0.005881 7.85629e+06 20092.8 254930 2730 168532
main/Initialise/CallSetup/CCTK_WRAGH/CallFunction: 0.000751 0.000675 1.95484e+06 108602 566435 20774 598624
main/Initialise/CallSetup/CCTK_WRAGH: 0.000863 0.000758 2.23964e+06 2.23964e+06 0 2.23964e+06 2.23964e+06
meta mode/meta mode/global mode/level(0)/enter_singlemap_mode: 0.000681 0.00163 1.76631e+06 4426.84 37288.5 2782 39026
main/Initialise/CallSetup/CCTK_WRAGH/CallFunction/thorns/Einstein_InitSymBound: 1.8e-05 0 47892 47892 0 47892 47892
main/Initialise/CallSetup/CCTK_WRAGH/CallFunction/thorns/Boundary_RegisterBCs: 8e-06 0 21086 21086 0 21086 21086
main/Initialise/CallSetup/CCTK_WRAGH/CallFunction/thorns: 0.000484 0.000423 1.2494e+06 69411.3 446990 14742 482352
main/Initialise/CallSetup/CCTK_WRAGH/CallFunction/thorns/CarpetRegrid2_Initialise: 1.4e-05 0 36998 36998 0 36998 36998
main/Initialise/CallSetup/CCTK_WRAGH/CallFunction/thorns/RegisterCartGrid3DCoords: 3.5e-05 3.5e-05 90740 90740 0 90740 90740
main/Initialise/CallSetup/CCTK_WRAGH/CallFunction/thorns/Einstein_ActivateSlicing: 4e-06 4e-06 10816 10816 0 10816 10816
main/Initialise/CallSetup/CCTK_WRAGH/CallFunction/thorns/Einstein_SetNextSlicing: 2e-06 1e-06 4628 4628 0 4628 4628
main/Initialise/CallSetup/CCTK_WRAGH/CallFunction/thorns/ML_BSSN_RegisterConstrained: 6e-06 6e-06 13806 13806 0 13806 13806
main/Initialise/CallSetup/CCTK_WRAGH/CallFunction/thorns/MoL_SetupIndexArrays: 1.7e-05 1.7e-05 45084 45084 0 45084 45084
main/Initialise/CallSetup/CCTK_WRAGH/CallFunction/thorns/ML_BSSN_ParamCompat: 0.000178 0.000178 464880 464880 0 464880 464880
main/Initialise/CallSetup/CCTK_WRAGH/CallFunction/thorns/ML_BSSN_RegisterVars: 4.8e-05 4.8e-05 125112 125112 0 125112 125112
main/Initialise/CallInitial/CallRegridInitialMeta/Regrid/RegridMap/CarpetLib::gh::regrid: 0.000827 0.000827 2.14646e+06 2.14646e+06 0 2.14646e+06 2.14646e+06
main/Initialise/CallSetup/CCTK_WRAGH/CallFunction/thorns/TmunuBase_SetStressEnergyState: 6e-06 6e-06 13988 13988 0 13988 13988
main/Initialise/CallSetup/CCTK_WRAGH/CallFunction/thorns/Slab_InitTimers: 1.7e-05 1.7e-05 43914 43914 0 43914 43914
main/Initialise/CallSetup/CCTK_WRAGH/CallFunction/thorns/MoL_SetScheduleStatus: 2e-06 2e-06 4472 4472 0 4472 4472
main/Initialise/CallSetup/CCTK_WRAGH/CallFunction/thorns/CartGrid3D_RegisterSymmetryBoundaries: 5e-06 5e-06 13858 13858 0 13858 13858
main/Initialise/CallSetup/CCTK_WRAGH/CallFunction/thorns/ML_BSSN_RegisterSymmetries: 2.6e-05 2.5e-05 66196 66196 0 66196 66196
main/Initialise/CallSetup/CCTK_WRAGH/CallFunction/thorns/ReflectionSymmetry_Register: 4e-06 4e-06 10686 10686 0 10686 10686
main/Initialise/CallSetup/CCTK_WRAGH/CallFunction/thorns/SymBase_Statistics: 3e-06 2e-06 7254 7254 0 7254 7254
main/Initialise/CallSetup/CCTK_WRAGH/CallFunction/thorns/MoL_ReportNumberVariables: 4e-06 4e-06 9464 9464 0 9464 9464
main/Initialise/CallSetup/CCTK_PARAMCHECK/CallFunction: 0.000336 0.00032 876798 54799.9 275097 20020 271232
main/Initialise/CallSetup/CCTK_PARAMCHECK/CallFunction/thorns: 0.000243 0.000233 638118 39882.4 185186 13936 178594
main/Initialise/CallSetup/CCTK_PARAMCHECK/CallFunction/thorns/ADMBase_ParamCheck: 2e-06 2e-06 5070 5070 0 5070 5070
main/Initialise/CallSetup/CCTK_PARAMCHECK/CallFunction/thorns/Boundary_Check: 2e-06 1e-06 3796 3796 0 3796 3796
main/Initialise/CallSetup/CCTK_PARAMCHECK: 0.000426 0.0004 1.10508e+06 1.10508e+06 0 1.10508e+06 1.10508e+06
main/Initialise/CallSetup/CCTK_PARAMCHECK/CallFunction/thorns/CarpetLib_test_prolongate_3d_rf2: 1.4e-05 1.3e-05 36114 36114 0 36114 36114
main/Initialise/CallSetup/CCTK_PARAMCHECK/CallFunction/thorns/CarpetSurfaceParamCheck: 2e-06 2e-06 4446 4446 0 4446 4446
main/Initialise/CallSetup/CCTK_PARAMCHECK/CallFunction/thorns/CarpetRegrid2_ParamCheck: 1.2e-05 1.1e-05 31200 31200 0 31200 31200
main/Initialise/CallSetup/CCTK_PARAMCHECK/CallFunction/thorns/CarpetParamCheck: 1.2e-05 1.1e-05 30888 30888 0 30888 30888
main/Initialise/CallSetup/CCTK_PARAMCHECK/CallFunction/thorns/dissipation_paramcheck: 2e-06 1e-06 4212 4212 0 4212 4212
main/Initialise/CallSetup/CCTK_PARAMCHECK/CallFunction/thorns/Extract_ParamCheck: 1e-06 1e-06 4680 4680 0 4680 4680
main/Initialise/CallSetup/CCTK_PARAMCHECK/CallFunction/thorns/CheckFortranParameters: 2e-06 2e-06 4914 4914 0 4914 4914
main/Initialise/CallSetup/CCTK_PARAMCHECK/CallFunction/thorns/ML_BSSN_ParamCheck: 4.4e-05 3.9e-05 113646 113646 0 113646 113646
main/Initialise/CallSetup/CCTK_PARAMCHECK/CallFunction/thorns/ParamCheck_CartGrid3D: 3e-06 3e-06 8892 8892 0 8892 8892
main/Initialise/CallSetup/CCTK_PARAMCHECK/CallFunction/thorns/MoL_ParamCheck: 3e-06 2e-06 5616 5616 0 5616 5616
main/Initialise/CallSetup/CCTK_PARAMCHECK/CallFunction/thorns/SphericalSurface_ParamCheck: 2e-06 3e-06 5746 5746 0 5746 5746
main/Initialise/CallSetup/CCTK_PARAMCHECK/CallFunction/thorns/TmunuBase_ParamCheck: 1e-06 1e-06 3172 3172 0 3172 3172
main/Initialise/CallSetup/CCTK_PARAMCHECK/CallFunction/thorns/TwoPunctures_ParamCheck: 2e-06 2e-06 4108 4108 0 4108 4108
main/Initialise/CallSetup/CCTK_PARAMCHECK/CallFunction/thorns/Vectors_Test: 6.3e-05 6.4e-05 166972 166972 0 166972 166972
main/Initialise/CallInitial: 1.36188 2.53196 3.53556e+09 3.53556e+09 0 3.53556e+09 3.53556e+09
main/Initialise/CallInitial/CallRegridInitialMeta: 0.00175 0.00175 4.54431e+06 4.54431e+06 0 4.54431e+06 4.54431e+06
main/Initialise/CallInitial/CallRegridInitialMeta/Regrid: 0.00156 0.00156 4.04999e+06 4.04999e+06 0 4.04999e+06 4.04999e+06
main/Initialise/CallInitial/CallRegridInitialMeta/CCTK_PREREGRIDINITIAL: 3e-06 4e-06 8632 8632 0 8632 8632
main/Initialise/CallInitial/CallRegridInitialMeta/Regrid/CarpetRegrid2::RegridMaps: 0.000617 0.000617 1.603e+06 1.603e+06 0 1.603e+06 1.603e+06
main/Initialise/CallInitial/CallRegridInitialMeta/Regrid/RegridMap/CarpetLib::gh::regrid/CarpetLib::dh::regrid/comm/refrest: 1e-06 1e-06 2990 2990 0 2990 2990
main/Initialise/CallInitial/CallRegridInitialMeta/Regrid/RegridMap/CarpetLib::gh::regrid/CarpetLib::dh::regrid/comm/reflux: 2e-06 1e-06 2834 2834 0 2834 2834
main/Initialise/CallInitial/CallRegridInitialMeta/Regrid/RegridMap/CarpetLib::gh::regrid/CarpetLib::dh::regrid/mask: 6e-06 6e-06 16250 16250 0 16250 16250
main/Initialise/CallInitial/CallRegridInitialMeta/Regrid/RegridMap/CarpetLib::gh::regrid/CarpetLib::dh::regrid/bcast_boxes: 5e-06 4e-06 11466 11466 0 11466 11466
main/Initialise/CallInitial/CallRegridInitialMeta/Regrid/RegridMap/CarpetLib::gh::regrid/CarpetLib::dh::regrid/bcast_comm/sync/CarpetLib::dh::bs1: 1e-06 1e-06 3146 3146 0 3146 3146
main/Evolve/CallEvol: 0.199806 0.389691 5.18718e+08 1.01312e+06 3.65123e+08 2626 2.60454e+08
main/Initialise/CallInitial/CallRegridInitialMeta/Regrid/PostRegrid: 4e-05 4e-05 103792 103792 0 103792 103792
main/Initialise/CallInitial/CallRegridInitialMeta/Regrid/RegridMap/CarpetLib::gh::regrid/CarpetLib::dh::regrid: 0.00082 0.00082 2.12839e+06 2.12839e+06 0 2.12839e+06 2.12839e+06
main/Evolve/CallRegrid/Regrid/PostRegrid: 4e-05 4.1e-05 134992 134992 0 134992 134992
main/Initialise/CallInitial/CCTK_BASEGRID/CallFunction/thorns/dissipation_basegrid: 1.2e-05 1.2e-05 29874 29874 0 29874 29874
main/Initialise/CallInitial/CCTK_BASEGRID/CallFunction/thorns/NaNChecker_ResetCounter: 1e-06 2e-06 4342 4342 0 4342 4342
main/Initialise/CallInitial/CallRegridInitialMeta/Regrid/RegridMap/CarpetLib::gh::regrid/CarpetLib::dh::regrid/buffers: 0.000185 0.000185 478868 478868 0 478868 478868
main/Initialise/CallInitial/CallRegridInitialMeta/Regrid/RegridMap/CarpetLib::gh::regrid/CarpetLib::dh::regrid/test: 0.000144 0.000145 376220 376220 0 376220 376220
main/Initialise/CallInitial/CallRegridInitialMeta/Regrid/RegridMap: 0.00086 0.00086 2.23228e+06 2.23228e+06 0 2.23228e+06 2.23228e+06
main/Initialise/CallInitial/CallRegridInitialMeta/Recompose: 0.000122 0.000122 316446 316446 0 316446 316446
main/Initialise/CallInitial/CallRegridInitialMeta/RegridFree: 2e-06 2e-06 4836 4836 0 4836 4836
main/Initialise/CallInitial/CCTK_BASEGRID/CallFunction/thorns/SpatialCoordinates: 0.000345 0.000344 894660 894660 0 894660 894660
main/Initialise/CallInitial/CCTK_BASEGRID/CallFunction/thorns/MaskBase_AllocateMask: 0.000205 8.6e-05 533728 533728 0 533728 533728
main/Initialise/CallInitial/CallRegridInitialMeta/Regrid/RegridMap/CarpetLib::gh::regrid/CarpetLib::dh::regrid/comm: 3.3e-05 3.2e-05 83798 83798 0 83798 83798
main/Initialise/CallInitial/CallRegridInitialMeta/Regrid/RegridMap/CarpetLib::gh::regrid/CarpetLib::dh::regrid/unusedpoints_mask: 1e-06 2e-06 3484 3484 0 3484 3484
main/Initialise/CallInitial/CallRegridInitialMeta/Regrid/RegridMap/CarpetLib::gh::regrid/CarpetLib::dh::regrid/bcast_comm/ref_prol/CarpetLib::dh::bs2: 2e-06 2e-06 5954 5954 0 5954 5954
main/Initialise/CallInitial/CallRegridInitialMeta/Regrid/RegridMap/CarpetLib::gh::regrid/CarpetLib::dh::regrid/bcast_comm/ref_prol/CarpetLib::dh::bs3: 1e-06 2e-06 2990 2990 0 2990 2990
main/Initialise/CallInitial/CallRegridInitialMeta/Regrid/RegridMap/CarpetLib::gh::regrid/CarpetLib::dh::regrid/bcast_comm/ref_bnd_prol: 1.5e-05 1.4e-05 37388 37388 0 37388 37388
main/Initialise/CallInitial/CallRegridInitialMeta/Regrid/RegridMap/CarpetLib::gh::regrid/CarpetLib::dh::regrid/bcast_comm: 0.000154 0.000154 399698 399698 0 399698 399698
main/Initialise/CallInitial/CCTK_BASEGRID: 0.002104 0.002001 5.46049e+06 5.46049e+06 0 5.46049e+06 5.46049e+06
main/Initialise/CallInitial/CCTK_BASEGRID/CallFunction/thorns/SphericalSurface_SetupRes: 3e-06 3e-06 7670 7670 0 7670 7670
main/Initialise/CallInitial/CCTK_BASEGRID/CallFunction/thorns/SphericalSurface_Setup: 5e-06 4e-06 11102 11102 0 11102 11102
main/Initialise/CallInitial/CallRegridInitialMeta/Regrid/RegridMap/CarpetLib::gh::regrid/CarpetLib::dh::regrid/bcast_comm/sync/CarpetLib::dh::bs2: 1e-06 2e-06 3510 3510 0 3510 3510
main/Initialise/CallInitial/CallRegridInitialMeta/Regrid/RegridMap/CarpetLib::gh::regrid/CarpetLib::dh::regrid/bcast_comm/sync/CarpetLib::dh::bs3: 2e-06 1e-06 2860 2860 0 2860 2860
main/Initialise/CallInitial/CallRegridInitialMeta/Regrid/RegridMap/CarpetLib::gh::regrid/CarpetLib::dh::regrid/bcast_comm/ref_refl_prol: 5.2e-05 5.2e-05 135356 135356 0 135356 135356
main/Initialise/CallInitial/CallRegridInitialMeta/Regrid/RegridMap/CarpetLib::gh::regrid/CarpetLib::dh::regrid/bcast_comm/ref_bnd_prol/CarpetLib::dh::bs1: 1e-06 2e-06 2964 2964 0 2964 2964
main/Initialise/CallInitial/CallRegridInitialMeta/Regrid/RegridMap/CarpetLib::gh::regrid/CarpetLib::dh::regrid/bcast_comm/ref_bnd_prol/CarpetLib::dh::bs2: 1e-06 1e-06 3302 3302 0 3302 3302
main/Initialise/CallInitial/CallRegridInitialMeta/Regrid/RegridMap/CarpetLib::gh::regrid/CarpetLib::dh::regrid/bcast_comm/ref_bnd_prol/CarpetLib::dh::bs3: 2e-06 1e-06 2860 2860 0 2860 2860
main/Initialise/CallInitial/CallRegridInitialMeta/Regrid/RegridMap/CarpetLib::gh::regrid/CarpetLib::dh::regrid/bcast_comm/old2new_sync: 1.5e-05 1.6e-05 40144 40144 0 40144 40144
main/Initialise/CallInitial/CallRegridInitialMeta/Regrid/RegridMap/CarpetLib::gh::regrid/CarpetLib::dh::regrid/bcast_comm/ref_refl_prol/CarpetLib::dh::bs1: 7e-06 6e-06 16952 2825.33 210.155 2782 3016
main/Evolve/CallRegrid/Regrid/RegridMap/CarpetLib::gh::regrid/CarpetLib::dh::regrid/comm: 4e-05 3.9e-05 103038 103038 0 103038 103038
main/Initialise/CallInitial/CallRegridInitialMeta/Regrid/RegridMap/CarpetLib::gh::regrid/CarpetLib::dh::regrid/bcast_comm/ref_refl_prol/CarpetLib::dh::bs3: 6e-06 6e-06 16562 2760.33 112.833 2730 2860
main/Initialise/CallInitial/CallRegridInitialMeta/Regrid/RegridMap/CarpetLib::gh::regrid/CarpetLib::dh::regrid/bcast_comm/old2new_sync/CarpetLib::dh::bs1: 1e-06 1e-06 2912 2912 0 2912 2912
main/Initialise/CallInitial/CallRegridInitialMeta/Regrid/RegridMap/CarpetLib::gh::regrid/CarpetLib::dh::regrid/bcast_comm/old2new_sync/CarpetLib::dh::bs2: 1e-06 2e-06 3640 3640 0 3640 3640
main/Initialise/CallInitial/CallRegridInitialMeta/Regrid/RegridMap/CarpetLib::gh::regrid/CarpetLib::dh::regrid/bcast_comm/old2new_sync/CarpetLib::dh::bs3: 1e-06 1e-06 2886 2886 0 2886 2886
main/Initialise/CallInitial/CallRegridInitialMeta/Regrid/RegridMap/CarpetLib::gh::regrid/CarpetLib::dh::regrid/bcast_comm/old2new_ref_prol: 1.7e-05 1.7e-05 44850 44850 0 44850 44850
main/Initialise/CallInitial/CallRegridInitialMeta/Regrid/RegridMap/CarpetLib::gh::regrid/CarpetLib::dh::regrid/bcast_comm/old2new_ref_prol/CarpetLib::dh::bs1: 1e-06 1e-06 2938 2938 0 2938 2938
main/Initialise/CallInitial/CallRegridInitialMeta/Regrid/RegridMap/CarpetLib::gh::regrid/CarpetLib::dh::regrid/bcast_comm/old2new_ref_prol/CarpetLib::dh::bs2: 1e-06 2e-06 3354 3354 0 3354 3354
main/Initialise/CallInitial/CallRegridInitialMeta/Regrid/RegridMap/CarpetLib::gh::regrid/CarpetLib::dh::regrid/bcast_comm/old2new_ref_prol/CarpetLib::dh::bs3: 1e-06 1e-06 2938 2938 0 2938 2938
main/Initialise/CallInitial/CallRegridInitialMeta/Regrid/RegridMap/CarpetLib::gh::regrid/CarpetLib::dh::regrid/bcast_comm/ref_refl_prol/CarpetLib::dh::bs2: 8e-06 9e-06 18798 3133 320.022 3042 3406
main/Initialise/CallInitial/CCTK_BASEGRID/CallFunction/thorns/ADMBase_SetShiftStateOn: 2e-06 2e-06 5330 5330 0 5330 5330
main/Initialise/CallInitial/CCTK_BASEGRID/CallFunction/thorns/ADMBase_SetDtLapseStateOn: 1e-06 1e-06 3510 3510 0 3510 3510
main/Initialise/CallInitial/CCTK_BASEGRID/CallFunction/thorns/ADMBase_SetDtShiftStateOn: 1e-06 2e-06 3250 3250 0 3250 3250
main/Initialise/CallInitial/CCTK_BASEGRID/CallFunction/thorns/ADMMacros_SetLocalSpatialOrder: 2e-06 2e-06 4628 4628 0 4628 4628
main/Initialise/CallInitial/CCTK_BASEGRID/CallFunction/thorns/SpatialSpacings: 3e-05 3.1e-05 79924 79924 0 79924 79924
main/Initialise/CallInitial/CCTK_BASEGRID/CallFunction: 0.001939 0.001891 5.03789e+06 201516 1.09399e+06 43290 961818
main/Initialise/CallInitial/CCTK_BASEGRID/CallFunction/thorns/MaskBase_AllocateMask/CarpetLib::ggf::recompose_crop: 3e-06 4e-06 6604 3302 183.848 3172 3432
main/Initialise/CallInitial/CCTK_BASEGRID/CallFunction/thorns/MaskBase_AllocateMask/CarpetLib::ggf::recompose_allocate: 3e-06 4e-06 7878 3939 753.776 3406 4472
main/Initialise/CallInitial/CCTK_BASEGRID/CallFunction/thorns/MaskBase_AllocateMask/dh::recompose_free_old: 3e-06 2e-06 5954 2977 202.233 2834 3120
main/Initialise/CallInitial/CCTK_BASEGRID/CallFunction/thorns/MaskBase_InitMask: 0.000109 0 282802 282802 0 282802 282802
main/Initialise/CallInitial/CCTK_BASEGRID/CallFunction/thorns/CarpetMaskSetup: 1.7e-05 0 42536 42536 0 42536 42536
main/Initialise/CallInitial/CCTK_BASEGRID/CallFunction/thorns/CarpetExcludedSetup: 3e-06 0 9204 9204 0 9204 9204
main/Initialise/CallInitial/CCTK_BASEGRID/CallFunction/thorns/CarpetSurfaceSetup: 3e-06 0 8632 8632 0 8632 8632
main/Initialise/CallInitial/CCTK_BASEGRID/CallFunction/thorns/CoordBase_SetupMask: 0.000161 0 416988 416988 0 416988 416988
main/Initialise/CallInitial/CCTK_BASEGRID/CallFunction/thorns/SphericalSurface_Set: 3e-06 0 7228 7228 0 7228 7228
main/Initialise/CallInitial/CCTK_BASEGRID/CallFunction/thorns/MaskBase_TestMask: 0.000144 0 375882 375882 0 375882 375882
main/Initialise/CallInitial/CCTK_BASEGRID/CallFunction/thorns/SphericalSurface_CheckState: 1e-06 0 3458 3458 0 3458 3458
main/Initialise/CallInitial/CCTK_BASEGRID/CallFunction/thorns/SBP_SetNormMask: 3.1e-05 2.7e-05 79586 79586 0 79586 79586
main/Initialise/CallInitial/CCTK_BASEGRID/CallFunction/thorns/SymBase_Check: 2e-06 2e-06 5408 5408 0 5408 5408
main/Initialise/CallInitial/CCTK_BASEGRID/CallFunction/thorns/Time_Initialise: 2e-06 2e-06 4550 4550 0 4550 4550
main/Initialise/CallInitial/CCTK_BASEGRID/CallFunction/thorns/MaskBase_SetMask: 8.9e-05 0 232492 232492 0 232492 232492
main/Initialise/CallInitial/CCTK_INITIAL/CallFunction/thorns/TwoPunctures: 1.34297 2.50019 3.48648e+09 3.48648e+09 0 3.48648e+09 3.48648e+09
main/Initialise/CallInitial/CCTK_INITIAL/CallFunction/thorns/TwoPunctures_Metadata: 0.000186 0.000178 484120 484120 0 484120 484120
main/Initialise/CallInitial/CCTK_INITIAL/CallFunction/thorns/ADMBase_ShiftZero: 6.5e-05 6.2e-05 170612 170612 0 170612 170612
main/Initialise/CallInitial/CCTK_INITIAL/CallFunction/thorns/ADMBase_DtLapseZero: 2.2e-05 2.2e-05 59410 59410 0 59410 59410
main/Initialise/CallInitial/CCTK_INITIAL/CallFunction/thorns/ADMBase_DtShiftZero: 6.1e-05 5.9e-05 161408 161408 0 161408 161408
main/Initialise/CallInitial/CCTK_INITIAL/CallFunction/thorns/CarpetIOASCIIInit: 2e-06 2e-06 5564 5564 0 5564 5564
main/Initialise/CallInitial/CCTK_INITIAL/CallFunction/thorns/CarpetIOBasicInit: 2e-06 2e-06 4966 4966 0 4966 4966
main/Initialise/CallInitial/CCTK_INITIAL: 1.34703 2.50822 3.49702e+09 3.49702e+09 0 3.49702e+09 3.49702e+09
main/Initialise/CallInitial/CCTK_BASEGRID/CallFunction/thorns/TemporalSpacings: 3e-06 3e-06 8190 8190 0 8190 8190
main/Initialise/CallInitial/CCTK_INITIAL/CallFunction/thorns/CarpetIOScalarInit: 2e-06 2e-06 5044 5044 0 5044 5044
main/Initialise/CallInitial/CCTK_INITIAL/CallFunction/thorns/ML_BSSN_InitialADMBase1Everywhere: 0.001444 0.003447 3.75144e+06 3.75144e+06 0 3.75144e+06 3.75144e+06
main/Initialise/CallInitial/CCTK_INITIAL/CallFunction/thorns/ML_BSSN_InitialADMBase2BoundaryScalar: 0.000203 0.000203 527904 527904 0 527904 527904
main/Initialise/CallInitial/CCTK_INITIAL/CallFunction: 1.34682 2.50802 3.49648e+09 2.49749e+08 3.35904e+09 25688 3.4866e+09
main/Initialise/CallInitial/CCTK_INITIAL/CallFunction/thorns: 1.34642 2.50763 3.49544e+09 2.49674e+08 3.35901e+09 15522 3.4865e+09
main/Initialise/CallInitial/CCTK_INITIAL/CallFunction/thorns/StaticConformal_InitialiseState: 2e-06 1e-06 3718 3718 0 3718 3718
main/Initialise/CallInitial/CCTK_INITIAL/CarpetLib::ggf::recompose_crop: 2e-06 1e-06 2964 2964 0 2964 2964
main/Initialise/CallInitial/CCTK_INITIAL/CarpetLib::ggf::recompose_allocate: 2e-06 1e-06 3822 3822 0 3822 3822
main/Initialise/CallInitial/CCTK_INITIAL/dh::recompose_free_old: 1e-06 1e-06 2756 2756 0 2756 2756
main/Initialise/CallInitial/CallRegridInitialMeta/Regrid/RegridMap/CarpetLib::gh::regrid/CarpetLib::dh::regrid/bcast_comm/ref_prol: 1.7e-05 1.7e-05 44434 44434 0 44434 44434
main/Evolve/CallEvol/CCTK_EVOL/CallFunction/thorns/MoL_InitialCopy: 0.001101 0.002823 2.86445e+06 1.43222e+06 4504.27 1.42904e+06 1.43541e+06
main/Initialise/CallInitial/CCTK_BASEGRID/CallFunction/thorns/ML_BSSN_CheckBoundaries: 2e-06 2e-06 4030 4030 0 4030 4030
main/Initialise/CallInitial/CallRegridInitialMeta/Regrid/RegridMap/CheckRegions: 1e-06 1e-06 3276 3276 0 3276 3276
main/Initialise/CallInitial/CCTK_INITIAL/CallFunction/thorns/ML_BSSN_InitialADMBase2Interior: 0.001143 0.002143 2.9691e+06 2.9691e+06 0 2.9691e+06 2.9691e+06
main/Initialise/CallInitial/CCTK_INITIAL/CallFunction/syncs: 8.3e-05 8.2e-05 213226 213226 0 213226 213226
main/Initialise/CallInitial/CCTK_INITIAL/CallFunction/syncs/Prolongate: 2e-06 1e-06 3198 3198 0 3198 3198
main/Initialise/CallInitial/CCTK_INITIAL/CallFunction/syncs/Sync: 7e-05 6.9e-05 178880 178880 0 178880 178880
main/Initialise/CallInitial/CCTK_INITIAL/CallFunction/syncs/Sync/comm_state[0].create: 7e-06 6e-06 17654 17654 0 17654 17654
main/Initialise/CallInitial/CCTK_INITIAL/CallFunction/syncs/Sync/comm_state[1].state_get_buffer_sizes.user: 4e-06 3e-06 8970 8970 0 8970 8970
main/Initialise/CallInitial/CCTK_INITIAL/CallFunction/syncs/Sync/comm_state[2].state_get_buffer_sizes.step: 2e-06 2e-06 5876 5876 0 5876 5876
main/Initialise/CallInitial/CCTK_INITIAL/CallFunction/syncs/Sync/comm_state[3].state_fill_send_buffers.user: 2e-06 1e-06 4134 4134 0 4134 4134
main/Initialise/CallInitial/CCTK_INITIAL/CallFunction/syncs/Sync/comm_state[4].state_fill_send_buffers.step: 1e-06 1e-06 3224 3224 0 3224 3224
main/Initialise/CallInitial/CCTK_INITIAL/CallFunction/syncs/Sync/comm_state[5].state_do_some_work.user: 2e-06 1e-06 4108 4108 0 4108 4108
main/Initialise/CallInitial/CCTK_INITIAL/CallFunction/syncs/Sync/comm_state[6].state_do_some_work.step: 2e-06 2e-06 5616 5616 0 5616 5616
main/Initialise/CallInitial/CCTK_INITIAL/CallFunction/syncs/Sync/comm_state[7].state_empty_recv_buffers.user: 1e-06 2e-06 4030 4030 0 4030 4030
main/Initialise/CallInitial/CCTK_INITIAL/CallFunction/syncs/Sync/comm_state[8].state_empty_recv_buffers.step: 1e-06 2e-06 4056 4056 0 4056 4056
main/Initialise/CallInitial/CCTK_INITIAL/CallFunction/thorns/MoL_StartLoop: 2e-06 2e-06 5330 5330 0 5330 5330
main/Initialise/CallInitial/CCTK_INITIAL/CallFunction/thorns/ML_BSSN_ExtrapolateGammas: 0.000229 0.001229 597662 597662 0 597662 597662
main/Initialise/CallInitial/CCTK_POSTINITIAL: 0.007612 0.01461 1.97603e+07 1.97603e+07 0 1.97603e+07 1.97603e+07
main/Initialise/CallInitial/CCTK_POSTINITIAL/CallFunction/thorns: 0.00686 0.012862 1.78097e+07 659619 8.0785e+06 8996 7.56527e+06
main/Initialise/CallInitial/CCTK_POSTINITIAL/CallFunction/thorns/ML_BSSN_EnforceEverywhere: 0.000659 0.000659 1.71197e+06 1.71197e+06 0 1.71197e+06 1.71197e+06
main/Initialise/CallInitial/CCTK_POSTINITIAL/CallFunction/thorns/ML_BSSN_SelectBoundConds: 3.2e-05 3.3e-05 83876 83876 0 83876 83876
main/Initialise/CallInitial/CCTK_POSTINITIAL/CallFunction: 0.007439 0.01343 1.93169e+07 715441 8.08924e+06 15210 7.61985e+06
main/Initialise/CallInitial/CCTK_POSTINITIAL/CallFunction/syncs/Prolongate: 5e-06 4e-06 11492 2873 58.1378 2834 2912
main/Initialise/CallInitial/CCTK_POSTINITIAL/CallFunction/syncs/Sync: 0.000122 0.000119 315796 78949 62742.1 58968 133224
main/Initialise/CallInitial/CCTK_POSTINITIAL/CallFunction/syncs/Sync/comm_state[1].state_get_buffer_sizes.user: 1e-05 8e-06 22516 5629 2743.34 4186 7774
main/Initialise/CallInitial/CCTK_POSTINITIAL/CallFunction/syncs/Sync/comm_state[0].create: 5e-06 7e-06 13182 3295.5 327.59 3120 3562
main/Initialise/CallInitial/CCTK_POSTINITIAL/CallFunction/syncs/Sync/comm_state[2].state_get_buffer_sizes.step: 5e-06 4e-06 13598 3399.5 461.271 3120 3640
main/Initialise/CallInitial/CCTK_POSTINITIAL/CallFunction/syncs/Sync/comm_state[3].state_fill_send_buffers.user: 7e-06 6e-06 16848 4212 2522.94 3120 6344
main/Initialise/CallInitial/CCTK_POSTINITIAL/CallFunction/syncs/Sync/comm_state[4].state_fill_send_buffers.step: 6e-06 5e-06 11908 2977 286 2886 3224
main/Initialise/CallInitial/CCTK_POSTINITIAL/CallFunction/syncs/Sync/comm_state[5].state_do_some_work.user: 7e-06 7e-06 16458 4114.5 2615.65 3068 6344
main/Initialise/CallInitial/CCTK_POSTINITIAL/CallFunction/syncs/Sync/comm_state[6].state_do_some_work.step: 6e-06 4e-06 12792 3198 350.759 3016 3432
main/Initialise/CallInitial/CCTK_POSTINITIAL/CallFunction/syncs/Sync/comm_state[7].state_empty_recv_buffers.user: 8e-06 8e-06 16562 4140.5 2715.07 3042 6448
main/Initialise/CallInitial/CCTK_POSTINITIAL/CallFunction/syncs/Sync/comm_state[8].state_empty_recv_buffers.step: 5e-06 6e-06 13520 3380 151.605 3328 3510
main/Initialise/CallInitial/CCTK_POSTINITIAL/CallFunction/syncs: 0.000148 0.000146 384930 96232.5 76249.9 72306 162188
main/Initialise/CallInitial/CCTK_POSTINITIAL/CallFunction/thorns/Boundary_ApplyPhysicalBCs: 0.000562 0.001562 1.46e+06 365001 884661 8736 1.09286e+06
main/Initialise/CallInitial/CCTK_POSTINITIAL/CallFunction/thorns/CartGrid3D_ApplyBC: 1.4e-05 1.4e-05 36114 9028.5 7239.62 5330 14924
main/Initialise/CallInitial/CCTK_POSTINITIAL/CallFunction/thorns/ReflectionSymmetry_Apply: 0.000182 0.000183 475982 118996 163435 26520 238498
main/Initialise/CallInitial/CCTK_POSTINITIAL/CallFunction/thorns/ML_BSSN_ADMBaseInterior: 0.001066 0.002069 2.77079e+06 2.77079e+06 0 2.77079e+06 2.77079e+06
main/Initialise/CallInitial/CCTK_POSTINITIAL/CallFunction/thorns/Boundary_ClearSelection: 6e-06 7e-06 16458 4114.5 1017.91 3432 4810
main/Initialise/CallInitial/CCTK_POSTINITIAL/CallFunction/thorns/ML_BSSN_ADMBaseBoundaryScalar: 0.000131 0.000131 339170 339170 0 339170 339170
main/Initialise/CallInitial/CCTK_POSTINITIAL/CallFunction/thorns/ML_BSSN_ADMBase_SelectBCs: 1.2e-05 1.3e-05 31694 31694 0 31694 31694
main/Initialise/CallInitial/CCTK_POSTINITIAL/CallFunction/thorns/ML_BSSN_ConstraintsEverywhere: 0.000101 0.000102 265044 265044 0 265044 265044
main/Initialise/CallInitial/CCTK_POSTINITIAL/CallFunction/thorns/ML_BSSN_ConstraintsEverywhere_SelectBCs: 9e-06 9e-06 24050 24050 0 24050 24050
main/Initialise/CallInitial/CCTK_POSTINITIAL/CallFunction/thorns/ML_BSSN_ADMBaseEverywhere: 0.00104 0.002039 2.70033e+06 2.70033e+06 0 2.70033e+06 2.70033e+06
main/Initialise/CallInitial/CCTK_POSTINITIAL/CallFunction/thorns/SBP_CheckGridSizes: 3e-06 3e-06 6942 6942 0 6942 6942
main/Initialise/CallInitial/CCTK_POSTINITIAL/CallFunction/thorns/ML_BSSN_ConstraintsInterior_SelectBCs: 1.3e-05 1.3e-05 33098 33098 0 33098 33098
main/Initialise/CallRestrict: 1e-06 1e-06 3276 3276 0 3276 3276
main/Initialise/CallPostInitial: 0.069259 0.1284 1.79801e+08 1.79801e+08 0 1.79801e+08 1.79801e+08
main/Initialise/CallPostInitial/CCTK_POSTSTEP: 0.069157 0.128299 1.79539e+08 1.79539e+08 0 1.79539e+08 1.79539e+08
main/Initialise/CallPostInitial/CCTK_POSTPOSTINITIAL: 4e-06 4e-06 9750 9750 0 9750 9750
main/Initialise/CallPostInitial/CCTK_POSTSTEP/CallFunction: 0.068959 0.128105 1.79028e+08 1.11892e+07 1.27216e+08 48958 1.24331e+08
main/Initialise/CallPostInitial/CCTK_POSTSTEP/CallFunction/thorns: 0.068438 0.127557 1.77676e+08 1.11048e+07 1.27183e+08 20384 1.24236e+08
main/Initialise/CallPostInitial/CCTK_POSTSTEP/CallFunction/thorns/SphericalSurface_Set: 4e-06 4e-06 9126 9126 0 9126 9126
main/Initialise/CallPostInitial/CCTK_POSTSTEP/CallFunction/thorns/SphericalSurface_CheckState: 1e-06 1e-06 4004 4004 0 4004 4004
main/Initialise/CallInitial/CCTK_POSTINITIAL/CallFunction/thorns/ML_BSSN_ConstraintsInterior: 0.002904 0.005905 7.54034e+06 7.54034e+06 0 7.54034e+06 7.54034e+06
main/Initialise/CallPostInitial/CCTK_POSTSTEP/CarpetLib::ggf::recompose_crop: 3e-06 3e-06 6916 3458 36.7696 3432 3484
main/Initialise/CallPostInitial/CCTK_POSTSTEP/CarpetLib::ggf::recompose_allocate: 4e-06 3e-06 9178 4589 1709.78 3380 5798
main/Initialise/CallPostInitial/CCTK_POSTSTEP/dh::recompose_free_old: 2e-06 2e-06 5980 2990 147.078 2886 3094
main/Initialise/CallPostInitial/CCTK_POSTSTEP/CallFunction/thorns/Extract: 0.047849 0.087271 1.24221e+08 1.24221e+08 0 1.24221e+08 1.24221e+08
main/Initialise/CallPostInitial/CCTK_POSTSTEP/CallFunction/thorns/Extract/Sync/comm_state[0].create: 4.9e-05 4.7e-05 115726 4451 2330.74 3978 6162
main/Initialise/CallPostInitial/CCTK_POSTSTEP/CallFunction/thorns/Extract/Sync/comm_state[1].state_get_buffer_sizes.user: 4.5e-05 4.8e-05 120016 4616 2174.46 4238 6084
main/Initialise/CallPostInitial/CCTK_POSTSTEP/CallFunction/thorns/NaNChecker_NaNCheck_Check: 0.020056 0.039771 5.2071e+07 5.2071e+07 0 5.2071e+07 5.2071e+07
main/Initialise/CallPostInitial/CCTK_POSTSTEP/CallFunction/thorns/Extract/Prolongate: 5.5e-05 4.8e-05 102856 3956 1546.81 3562 4836
main/Initialise/CallPostInitial/CCTK_POSTSTEP/CallFunction/thorns/Extract/Sync: 0.000777 0.000772 2.00299e+06 77038 81194.1 70512 155532
main/Initialise/CallPostInitial/CCTK_POSTSTEP/CallFunction/syncs/Sync/comm_state[4].state_fill_send_buffers.step: 1e-06 1e-06 3224 3224 0 3224 3224
main/Initialise/CallPostInitial/CCTK_POSTSTEP/CallFunction/syncs/Sync/comm_state[5].state_do_some_work.user: 1e-06 1e-06 3172 3172 0 3172 3172
main/Initialise/CallPostInitial/CCTK_POSTSTEP/CallFunction/syncs/Sync/comm_state[6].state_do_some_work.step: 2e-06 1e-06 3380 3380 0 3380 3380
main/Initialise/CallPostInitial/CCTK_POSTSTEP/CallFunction/syncs/Sync/comm_state[7].state_empty_recv_buffers.user: 2e-06 2e-06 3224 3224 0 3224 3224
main/Initialise/CallPostInitial/CCTK_POSTSTEP/CallFunction/syncs/Sync/comm_state[8].state_empty_recv_buffers.step: 1e-06 1e-06 4108 4108 0 4108 4108
main/Initialise/CallAnalysis: 0.00313 0.006118 8.12508e+06 8.12508e+06 0 8.12508e+06 8.12508e+06
main/Initialise/CallPostInitial/CCTK_POSTSTEP/CallFunction/thorns/MaskBase_AllocateMask: 2e-05 2e-05 50778 50778 0 50778 50778
main/Initialise/CallAnalysis/OutputGH/OutputGH/IOASCII::IOASCII_3D [5]/OutputGH<3>: 2e-06 1e-06 3952 3952 0 3952 3952
main/Initialise/CallAnalysis/OutputGH/OutputGH/IOASCII::IOASCII_3D [5]: 8e-06 7e-06 19838 19838 0 19838 19838
main/Evolve: 0.343173 0.661071 8.90907e+08 8.90907e+08 0 8.90907e+08 8.90907e+08
main/Evolve/DoTerminate: 0.00053 0.000699 1.47264e+06 2870.64 61060 2626 48854
main/Evolve/AdvanceTime: 0.000521 0.000554 1.38531e+06 2705.68 22895.7 2626 25480
main/Evolve/CallRegrid: 0.001832 0.002854 4.75345e+06 2.37672e+06 3.17823e+06 129376 4.62407e+06
main/Evolve/CallRegrid/CCTK_PREREGRID: 7.5e-05 7.5e-05 194402 97201 41568 67808 126594
main/Evolve/CallRegrid/CCTK_PREREGRID/CallFunction: 5e-05 5e-05 127504 63752 21032.2 48880 78624
main/Evolve/CallRegrid/CCTK_PREREGRID/CallFunction/thorns: 2.1e-05 2e-05 52624 26312 9008.54 19942 32682
main/Evolve/CallRegrid/CCTK_PREREGRID/CallFunction/thorns/CarpetTracker_SetPositions: 1.2e-05 1.1e-05 28756 14378 956.008 13702 15054
main/Evolve/CallRegrid/Regrid: 0.001609 0.002636 4.17778e+06 2.08889e+06 2.89711e+06 40326 4.13746e+06
main/Evolve/CallRegrid/Regrid/RegridMap/CarpetLib::gh::regrid/CarpetLib::dh::regrid: 0.00093 0.001931 2.41465e+06 2.41465e+06 0 2.41465e+06 2.41465e+06
main/Evolve/CallRegrid/Regrid/RegridMap/CarpetLib::gh::regrid: 0.000939 0.001938 2.43662e+06 2.43662e+06 0 2.43662e+06 2.43662e+06
main/Evolve/CallRegrid/Regrid/CarpetRegrid2::RegridMaps: 0.000531 0.000519 1.37797e+06 688987 968197 4368 1.37361e+06
main/Evolve/CallEvol/Poison: 0.00227 0.005239 5.89722e+06 2.94861e+06 25518.1 2.93056e+06 2.96665e+06
main/Evolve/CallRegrid/Regrid/RegridMap/CarpetLib::gh::regrid/CarpetLib::dh::regrid/domain: 4.4e-05 4.4e-05 114322 114322 0 114322 114322
main/Evolve/CallEvol/CCTK_EVOL/CallFunction/thorns/ML_BSSN_ConstraintsEverywhere_SelectBCs: 1.8e-05 1.8e-05 46358 23179 165.463 23062 23296
main/Evolve/CallEvol/CCTK_EVOL/CallFunction/thorns/ML_BSSN_EvolutionBoundaryScalar: 0.003274 0.004658 8.51003e+06 1.06375e+06 265602 980824 1.3053e+06
main/Evolve/CallRegrid/Regrid/RegridMap/CarpetLib::gh::regrid/CarpetLib::dh::regrid/regrid: 5.4e-05 5.4e-05 140686 140686 0 140686 140686
main/Evolve/CallEvol/CCTK_EVOL/CallFunction/thorns/MoL_InitRHS: 0.001004 0.000989 2.61914e+06 327392 206800 271206 470028
main/Evolve/CallEvol/CCTK_EVOL/CallFunction/thorns/ML_BSSN_ConstraintsEverywhere: 0.000231 0.001232 602888 301444 32283.7 278616 324272
main/Evolve/CallRegrid/Regrid/RegridMap/CarpetLib::gh::regrid/CarpetLib::dh::regrid/unusedpoints_mask: 1e-06 2e-06 3432 3432 0 3432 3432
main/Evolve/CallRegrid/Regrid/RegridMap: 0.000973 0.001973 2.52564e+06 2.52564e+06 0 2.52564e+06 2.52564e+06
main/Evolve/CallEvol/CycleTimeLevels: 2.6e-05 2.5e-05 66196 33098 110.309 33020 33176
main/Evolve/CallRegrid/Recompose: 6.9e-05 6.5e-05 176800 176800 0 176800 176800
main/Evolve/CallEvol/CCTK_EVOL/CallFunction/thorns/MoL_AllocateScratch: 4e-06 3e-06 9230 4615 18.3848 4602 4628
main/Evolve/CallRegrid/Regrid/RegridMap/CarpetLib::gh::regrid/CarpetLib::dh::regrid/regrid/sync: 3.1e-05 3.1e-05 80756 80756 0 80756 80756
main/Evolve/CallRegrid/Regrid/RegridMap/CarpetLib::gh::regrid/CarpetLib::dh::regrid/regrid/prolongate: 1e-06 1e-06 2938 2938 0 2938 2938
main/Evolve/CallRegrid/Regrid/RegridMap/CarpetLib::gh::regrid/CarpetLib::dh::regrid/comm/mgrest: 1e-06 1e-06 2808 2808 0 2808 2808
main/Evolve/CallRegrid/Regrid/RegridMap/CarpetLib::gh::regrid/CarpetLib::dh::regrid/comm/mgprol: 2e-06 1e-06 2652 2652 0 2652 2652
main/Evolve/CallRegrid/Regrid/RegridMap/CarpetLib::gh::regrid/CarpetLib::dh::regrid/comm/refprol: 1e-06 1e-06 2626 2626 0 2626 2626
main/Evolve/CallRegrid/Regrid/RegridMap/CarpetLib::gh::regrid/CarpetLib::dh::regrid/comm/sync: 1e-06 2e-06 3120 3120 0 3120 3120
main/Evolve/CallRegrid/Regrid/RegridMap/CarpetLib::gh::regrid/CarpetLib::dh::regrid/comm/refbndprol: 1e-06 1e-06 2678 2678 0 2678 2678
main/Evolve/CallRegrid/Regrid/RegridMap/CarpetLib::gh::regrid/CarpetLib::dh::regrid/comm/refrest: 2e-06 2e-06 3250 3250 0 3250 3250
main/Evolve/CallRegrid/Regrid/RegridMap/CarpetLib::gh::regrid/CarpetLib::dh::regrid/comm/reflux: 1e-06 1e-06 2808 2808 0 2808 2808
main/Evolve/CallRegrid/Regrid/RegridMap/CarpetLib::gh::regrid/CarpetLib::dh::regrid/mask: 4e-06 3e-06 9672 9672 0 9672 9672
main/Evolve/CallRegrid/Regrid/RegridMap/CarpetLib::gh::regrid/CarpetLib::dh::regrid/test: 0.000145 0.000145 378638 378638 0 378638 378638
main/Evolve/CallRegrid/Regrid/RegridMap/CarpetLib::gh::regrid/CarpetLib::dh::regrid/buffers: 0.000188 0.000188 488878 488878 0 488878 488878
main/Evolve/CallRegrid/Regrid/RegridMap/CarpetLib::gh::regrid/CarpetLib::dh::regrid/region: 0.000181 0.000181 470054 470054 0 470054 470054
main/Evolve/CallRegrid/Regrid/RegridMap/CheckRegions: 2e-06 2e-06 3536 3536 0 3536 3536
main/Evolve/CallRegrid/RegridFree: 5e-06 5e-06 12168 6084 367.696 5824 6344
main/Evolve/CallEvol/CCTK_EVOL/CallFunction/thorns/ML_BSSN_EvolutionInteriorSplitBy1: 0.012055 0.025056 3.13119e+07 3.91398e+06 1.38478e+06 3.59393e+06 5.01696e+06
main/Evolve/CallRegrid/Regrid/RegridMap/CarpetLib::gh::regrid/CarpetLib::dh::regrid/bcast_boxes: 4e-06 4e-06 10062 10062 0 10062 10062
main/Evolve/CallRegrid/Regrid/RegridMap/CarpetLib::gh::regrid/CarpetLib::dh::regrid/bcast_comm: 0.000179 0.000178 462046 462046 0 462046 462046
main/Evolve/CallRegrid/Regrid/RegridMap/CarpetLib::gh::regrid/CarpetLib::dh::regrid/bcast_comm/ref_prol: 2.1e-05 2.1e-05 54626 54626 0 54626 54626
main/Evolve/CallRegrid/Regrid/RegridMap/CarpetLib::gh::regrid/CarpetLib::dh::regrid/bcast_comm/sync: 1.8e-05 1.8e-05 46202 46202 0 46202 46202
main/Evolve/CallRegrid/Regrid/RegridMap/CarpetLib::gh::regrid/CarpetLib::dh::regrid/bcast_comm/ref_prol/CarpetLib::dh::bs1: 2e-06 2e-06 3146 3146 0 3146 3146
main/Evolve/CallRegrid/Regrid/RegridMap/CarpetLib::gh::regrid/CarpetLib::dh::regrid/bcast_comm/ref_prol/CarpetLib::dh::bs2: 2e-06 3e-06 6890 6890 0 6890 6890
main/Evolve/CallRegrid/Regrid/RegridMap/CarpetLib::gh::regrid/CarpetLib::dh::regrid/bcast_comm/ref_prol/CarpetLib::dh::bs3: 1e-06 2e-06 3016 3016 0 3016 3016
main/Evolve/CallRegrid/Regrid/RegridMap/CarpetLib::gh::regrid/CarpetLib::dh::regrid/bcast_comm/ref_bnd_prol: 1.8e-05 1.8e-05 46228 46228 0 46228 46228
main/Evolve/CallRegrid/Regrid/RegridMap/CarpetLib::gh::regrid/CarpetLib::dh::regrid/bcast_comm/sync/CarpetLib::dh::bs1: 1e-06 1e-06 3016 3016 0 3016 3016
main/Evolve/CallRegrid/Regrid/RegridMap/CarpetLib::gh::regrid/CarpetLib::dh::regrid/bcast_comm/sync/CarpetLib::dh::bs2: 2e-06 1e-06 3562 3562 0 3562 3562
main/Evolve/CallRegrid/Regrid/RegridMap/CarpetLib::gh::regrid/CarpetLib::dh::regrid/bcast_comm/sync/CarpetLib::dh::bs3: 1e-06 2e-06 2860 2860 0 2860 2860
main/Evolve/CallRegrid/Regrid/RegridMap/CarpetLib::gh::regrid/CarpetLib::dh::regrid/bcast_comm/ref_refl_prol: 5.1e-05 5.1e-05 132288 132288 0 132288 132288
main/Evolve/CallRegrid/Regrid/RegridMap/CarpetLib::gh::regrid/CarpetLib::dh::regrid/bcast_comm/ref_bnd_prol/CarpetLib::dh::bs1: 1e-06 1e-06 3016 3016 0 3016 3016
main/Evolve/CallRegrid/Regrid/RegridMap/CarpetLib::gh::regrid/CarpetLib::dh::regrid/bcast_comm/ref_bnd_prol/CarpetLib::dh::bs2: 2e-06 1e-06 3458 3458 0 3458 3458
main/Evolve/CallRegrid/Regrid/RegridMap/CarpetLib::gh::regrid/CarpetLib::dh::regrid/bcast_comm/ref_bnd_prol/CarpetLib::dh::bs3: 1e-06 1e-06 2860 2860 0 2860 2860
main/Evolve/CallRegrid/Regrid/RegridMap/CarpetLib::gh::regrid/CarpetLib::dh::regrid/bcast_comm/old2new_sync: 1.8e-05 1.8e-05 47346 47346 0 47346 47346
main/Evolve/CallRegrid/Regrid/RegridMap/CarpetLib::gh::regrid/CarpetLib::dh::regrid/bcast_comm/ref_refl_prol/CarpetLib::dh::bs1: 6e-06 7e-06 16900 2816.67 193.405 2756 2990
main/Evolve/CallRegrid/Regrid/RegridMap/CarpetLib::gh::regrid/CarpetLib::dh::regrid/bcast_comm/ref_refl_prol/CarpetLib::dh::bs2: 6e-06 9e-06 19058 3176.33 310.734 3042 3380
main/Evolve/CallRegrid/Regrid/RegridMap/CarpetLib::gh::regrid/CarpetLib::dh::regrid/bcast_comm/ref_refl_prol/CarpetLib::dh::bs3: 7e-06 6e-06 16510 2751.67 124.239 2704 2860
main/Evolve/CallRegrid/Regrid/RegridMap/CarpetLib::gh::regrid/CarpetLib::dh::regrid/bcast_comm/old2new_sync/CarpetLib::dh::bs1: 2e-06 1e-06 3068 3068 0 3068 3068
main/Evolve/CallRegrid/Regrid/RegridMap/CarpetLib::gh::regrid/CarpetLib::dh::regrid/bcast_comm/old2new_sync/CarpetLib::dh::bs2: 2e-06 1e-06 3406 3406 0 3406 3406
main/Evolve/CallRegrid/Regrid/RegridMap/CarpetLib::gh::regrid/CarpetLib::dh::regrid/bcast_comm/old2new_sync/CarpetLib::dh::bs3: 1e-06 1e-06 2834 2834 0 2834 2834
main/Evolve/CallRegrid/Regrid/RegridMap/CarpetLib::gh::regrid/CarpetLib::dh::regrid/bcast_comm/old2new_ref_prol: 1.9e-05 1.8e-05 48204 48204 0 48204 48204
main/Evolve/CallRegrid/Regrid/RegridMap/CarpetLib::gh::regrid/CarpetLib::dh::regrid/bcast_comm/old2new_ref_prol/CarpetLib::dh::bs1: 1e-06 2e-06 2912 2912 0 2912 2912
main/Evolve/CallEvol/CCTK_PRESTEP: 0.000256 0.000257 664950 332475 53849 294398 370552
main/Evolve/CallRegrid/Regrid/RegridMap/CarpetLib::gh::regrid/CarpetLib::dh::regrid/bcast_comm/old2new_ref_prol/CarpetLib::dh::bs2: 2e-06 1e-06 3328 3328 0 3328 3328
main/Evolve/CallRegrid/Regrid/RegridMap/CarpetLib::gh::regrid/CarpetLib::dh::regrid/bcast_comm/old2new_ref_prol/CarpetLib::dh::bs3: 1e-06 1e-06 2834 2834 0 2834 2834
main/Evolve/CallEvol/CCTK_PRESTEP/CallFunction: 0.00021 0.000209 544258 90709.7 102526 37830 144846
main/Evolve/CallEvol/CCTK_PRESTEP/CallFunction/thorns: 4.4e-05 4.3e-05 112476 18746 19434.4 9048 31746
main/Evolve/CallEvol/CCTK_PRESTEP/CallFunction/thorns/Einstein_SetNextSlicing: 8e-06 8e-06 21164 10582 36.7696 10556 10608
main/Evolve/CallEvol/CCTK_PRESTEP/CallFunction/thorns/LC_steer: 3e-06 2e-06 7202 3601 128.693 3510 3692
main/Evolve/CallEvol/CCTK_EVOL: 0.196575 0.383511 5.10328e+08 2.55164e+08 2.39305e+06 2.53472e+08 2.56856e+08
main/Evolve/CallEvol/CCTK_PRESTEP/CallFunction/thorns/NaNChecker_ResetCounter: 3e-06 4e-06 7904 3952 294.156 3744 4160
main/Evolve/CallEvol/CCTK_EVOL/CallFunction: 0.195453 0.382396 5.07488e+08 2.09706e+06 7.36856e+07 14976 2.57281e+07
main/Evolve/CallEvol/CCTK_EVOL/CallFunction/thorns: 0.19061 0.373516 4.94869e+08 2.04491e+06 7.35822e+07 8944 2.56534e+07
main/Evolve/CallEvol/CCTK_EVOL/CallFunction/thorns/MoL_StartLoop: 4e-06 4e-06 9204 4602 36.7696 4576 4628
main/Evolve/CallEvol/CCTK_EVOL/CallFunction/thorns/MoL_SetCounter: 6e-06 6e-06 14690 7345 128.693 7254 7436
main/Evolve/CallEvol/CCTK_EVOL/CallFunction/thorns/MoL_SetTime: 4e-06 4e-06 10998 5499 165.463 5382 5616
main/Evolve/CallEvol/CCTK_EVOL/CallFunction/thorns/MoL_AllocateScratchSpace: 0.004229 0.004262 1.09817e+07 5.49085e+06 151693 5.38359e+06 5.59811e+06
main/Evolve/CallEvol/CCTK_EVOL/CallFunction/thorns/MoL_AllocateScratchSpace/CarpetLib::ggf::recompose_crop: 2e-06 2e-06 3510 3510 0 3510 3510
main/Evolve/CallEvol/CCTK_EVOL/CallFunction/thorns/MoL_AllocateScratchSpace/CarpetLib::ggf::recompose_allocate: 2e-06 2e-06 5408 5408 0 5408 5408
main/Evolve/CallEvol/CCTK_EVOL/CallFunction/thorns/MoL_AllocateScratchSpace/dh::recompose_free_old: 2e-06 2e-06 3146 3146 0 3146 3146
main/Evolve/CallEvol/CCTK_EVOL/CallFunction/thorns/ML_BSSN_ConstraintsInterior: 0.00588 0.011881 1.52705e+07 7.63524e+06 16436 7.62362e+06 7.64686e+06
main/Evolve/CallEvol/CCTK_EVOL/CallFunction/thorns/ML_BSSN_ConstraintsInterior_SelectBCs: 2.4e-05 2.4e-05 62374 31187 3621.8 28626 33748
main/Evolve/CheckLevelTimes: 0.000531 0.00051 1.36406e+06 2664.19 1290.48 2626 3536
main/Evolve/CallAnalysis: 0.13489 0.259766 3.50192e+08 683968 2.46233e+08 2626 1.78039e+08
main/Evolve/CallRestrict: 0.000528 0.000513 1.35314e+06 2642.86 1340.63 2600 3354
main/Evolve/PrintTimers: 0.000524 0.000514 1.42386e+06 2780.98 69211.2 2574 71916
main/Evolve/CallAnalysis/CCTK_POSTSTEP: 0.129589 0.250511 3.36424e+08 1.68212e+08 4.86038e+06 1.64775e+08 1.71649e+08
main/Evolve/CallAnalysis/CCTK_POSTSTEP/CallFunction: 0.129384 0.250318 3.35914e+08 1.04973e+07 1.66439e+08 21242 1.16668e+08
main/Evolve/CallAnalysis/CCTK_POSTSTEP/CallFunction/thorns: 0.128469 0.248415 3.33515e+08 1.04223e+07 1.66393e+08 9984 1.16574e+08
main/Evolve/CallAnalysis/CCTK_POSTSTEP/CallFunction/thorns/SphericalSurface_CheckState: 3e-06 3e-06 7618 3809 202.233 3666 3952
main/Evolve/CallEvol/CCTK_EVOL/CallFunction/thorns/ML_BSSN_EvolutionInteriorSplitBy2: 0.018599 0.035597 4.8306e+07 6.03825e+06 873471 5.83292e+06 6.77563e+06
main/Evolve/CallEvol/CCTK_EVOL/CallFunction/thorns/ML_BSSN_EvolutionInteriorSplitBy3: 0.022352 0.04535 5.80421e+07 7.25526e+06 406271 7.14415e+06 7.607e+06
main/Initialise/CallPostInitial/CCTK_POSTSTEP/CallFunction/thorns/MaskBase_InitMask: 5.2e-05 5e-05 135746 135746 0 135746 135746
main/Initialise/CallPostInitial/CCTK_POSTSTEP/CallFunction/thorns/CoordBase_SetupMask: 0.000108 0.000103 279266 279266 0 279266 279266
main/Initialise/CallPostInitial/CCTK_POSTSTEP/CallFunction/thorns/CarpetMaskSetup: 1.8e-05 1.7e-05 46722 46722 0 46722 46722
main/Initialise/CallPostInitial/CCTK_POSTSTEP/CallFunction/thorns/CarpetExcludedSetup: 3e-06 3e-06 8814 8814 0 8814 8814
main/Initialise/CallPostInitial/CCTK_POSTSTEP/CallFunction/thorns/CarpetSurfaceSetup: 4e-06 3e-06 9724 9724 0 9724 9724
main/Initialise/CallPostInitial/CCTK_POSTSTEP/CallFunction/thorns/MaskBase_SetMask: 9.6e-05 9.1e-05 247780 247780 0 247780 247780
main/Initialise/CallPostInitial/CCTK_POSTSTEP/CallFunction/thorns/MaskBase_TestMask: 9.1e-05 8.7e-05 236444 236444 0 236444 236444
main/Initialise/CallAnalysis/CCTK_CPINITIAL: 3e-06 3e-06 9490 9490 0 9490 9490
main/Initialise/CallAnalysis/CCTK_ANALYSIS: 0.000674 0.001667 1.75084e+06 1.75084e+06 0 1.75084e+06 1.75084e+06
main/Initialise/CallAnalysis/CCTK_ANALYSIS/CallFunction: 0.000627 0.00162 1.62672e+06 542239 683410 148122 1.08139e+06
main/Initialise/CallAnalysis/CCTK_ANALYSIS/CallFunction/thorns: 0.000548 0.001543 1.42355e+06 474517 735008 22958 1.04263e+06
main/Initialise/CallAnalysis/CCTK_ANALYSIS/CallFunction/thorns/CarpetLib_printtimestats: 0.000132 0.000127 344630 344630 0 344630 344630
main/Initialise/CallAnalysis/CCTK_ANALYSIS/CallFunction/thorns/CarpetLib_printmemstats: 0.000395 0.001396 1.0269e+06 1.0269e+06 0 1.0269e+06 1.0269e+06
main/Initialise/CallAnalysis/OutputGH: 0.002231 0.004232 5.79134e+06 5.79134e+06 0 5.79134e+06 5.79134e+06
main/Initialise/CallAnalysis/CCTK_ANALYSIS/CallFunction/thorns/LC_statistics_analysis: 2e-06 2e-06 4108 4108 0 4108 4108
main/Initialise/CallAnalysis/OutputGH/OutputGH: 0.002223 0.004223 5.77145e+06 5.77145e+06 0 5.77145e+06 5.77145e+06
main/Initialise/CallAnalysis/OutputGH/OutputGH/IOBasic::CarpetIOBasic [0]: 5.9e-05 5.8e-05 152022 152022 0 152022 152022
main/Initialise/CallAnalysis/OutputGH/OutputGH/IOBasic::CarpetIOBasic [0]/OutputGH: 5.2e-05 5.3e-05 136084 136084 0 136084 136084
main/Initialise/CallAnalysis/OutputGH/OutputGH/IOScalar::CarpetIOScalar [1]: 1e-05 1e-05 23608 23608 0 23608 23608
main/Initialise/CallAnalysis/OutputGH/OutputGH/IOScalar::CarpetIOScalar [1]/OutputGH: 2e-06 2e-06 4394 4394 0 4394 4394
main/Initialise/CallAnalysis/OutputGH/OutputGH/IOASCII::IOASCII_0D [2]/OutputGH<0>: 2e-06 2e-06 4082 4082 0 4082 4082
main/Initialise/CallAnalysis/OutputGH/OutputGH/IOASCII::IOASCII_0D [2]: 1.6e-05 1.6e-05 41626 41626 0 41626 41626
main/Initialise/CallAnalysis/OutputGH/OutputGH/IOASCII::IOASCII_1D [3]/OutputGH<1>: 0.002075 0.004075 5.38829e+06 5.38829e+06 0 5.38829e+06 5.38829e+06
main/Initialise/CallAnalysis/OutputGH/OutputGH/IOASCII::IOASCII_1D [3]: 0.002081 0.004082 5.40374e+06 5.40374e+06 0 5.40374e+06 5.40374e+06
main/Initialise/CallAnalysis/OutputGH/OutputGH/IOASCII::IOASCII_2D [4]/OutputGH<2>: 2e-06 1e-06 3900 3900 0 3900 3900
main/Initialise/CallAnalysis/OutputGH/OutputGH/IOASCII::IOASCII_2D [4]: 9e-06 9e-06 22412 22412 0 22412 22412
main/Initialise/CallPostInitial/CCTK_POSTSTEP/CallFunction/thorns/NaNChecker_NaNCheck_Prepare: 4e-06 3e-06 8372 8372 0 8372 8372
main/Initialise/CallPostInitial/CCTK_POSTSTEP/CallFunction/thorns/NaNChecker_NaNCheck_Finish: 1e-05 9e-06 24700 24700 0 24700 24700
main/Initialise/CallPostInitial/CCTK_POSTSTEP/CallFunction/thorns/NaNChecker_TakeAction: 2e-06 1e-06 3536 3536 0 3536 3536
main/Initialise/CallPostInitial/CCTK_POSTSTEP/CallFunction/thorns/setup_epsdis: 1.3e-05 1.3e-05 32760 32760 0 32760 32760
main/Initialise/CallPostInitial/CCTK_POSTSTEP/CallFunction/syncs: 6.4e-05 6.3e-05 163904 163904 0 163904 163904
main/Initialise/CallPostInitial/CCTK_POSTSTEP/CallFunction/syncs/Prolongate: 1e-06 2e-06 2964 2964 0 2964 2964
main/Initialise/CallPostInitial/CCTK_POSTSTEP/CallFunction/syncs/Sync: 5.2e-05 5.1e-05 133770 133770 0 133770 133770
main/Initialise/CallPostInitial/CCTK_POSTSTEP/CallFunction/syncs/Sync/comm_state[1].state_get_buffer_sizes.user: 1e-06 1e-06 4160 4160 0 4160 4160
main/Initialise/CallPostInitial/CCTK_POSTSTEP/CallFunction/syncs/Sync/comm_state[0].create: 2e-06 2e-06 4784 4784 0 4784 4784
main/Initialise/CallPostInitial/CCTK_POSTSTEP/CallFunction/syncs/Sync/comm_state[2].state_get_buffer_sizes.step: 1e-06 2e-06 4316 4316 0 4316 4316
main/Initialise/CallPostInitial/CCTK_POSTSTEP/CallFunction/syncs/Sync/comm_state[3].state_fill_send_buffers.user: 1e-06 1e-06 3276 3276 0 3276 3276
main/Initialise/CallPostInitial/CCTK_POSTSTEP/CallFunction/thorns/Extract/Sync/comm_state[2].state_get_buffer_sizes.step: 4.3e-05 4.3e-05 110786 4261 1073.47 3952 5096
main/Initialise/CallPostInitial/CCTK_POSTSTEP/CallFunction/thorns/Extract/Sync/comm_state[3].state_fill_send_buffers.user: 4.3e-05 4.3e-05 108654 4179 1500.61 3692 5174
main/Initialise/CallPostInitial/CCTK_POSTSTEP/CallFunction/thorns/Extract/Sync/comm_state[4].state_fill_send_buffers.step: 4.3e-05 4.6e-05 119990 4615 3383.05 3536 6318
main/Initialise/CallPostInitial/CCTK_POSTSTEP/CallFunction/thorns/Extract/Sync/comm_state[5].state_do_some_work.user: 4.8e-05 4.3e-05 114218 4393 1762.82 3380 5096
main/Initialise/CallPostInitial/CCTK_POSTSTEP/CallFunction/thorns/Extract/Sync/comm_state[6].state_do_some_work.step: 3.6e-05 3.7e-05 95238 3663 2881.04 2730 4914
main/Initialise/CallPostInitial/CCTK_POSTSTEP/CallFunction/thorns/Extract/Sync/comm_state[7].state_empty_recv_buffers.user: 3.7e-05 3.2e-05 86528 3328 1926.46 2886 4290
main/Initialise/CallPostInitial/CCTK_POSTSTEP/CallFunction/thorns/Extract/Sync/comm_state[8].state_empty_recv_buffers.step: 3.3e-05 3.2e-05 84500 3250 2410.02 2938 5122
main/Evolve/CallAnalysis/CCTK_POSTSTEP/CallFunction/thorns/Extract/Sync/comm_state[0].create: 0.0001 0.0001 230672 4436 3430.85 3848 6058
main/Evolve/CallAnalysis/CCTK_POSTSTEP/CallFunction/thorns/Extract/Sync/comm_state[2].state_get_buffer_sizes.step: 0.000104 8.7e-05 221208 4254 1329.39 3848 4888
main/Evolve/CallAnalysis/CCTK_POSTSTEP/CallFunction/thorns/Extract/Sync/comm_state[3].state_fill_send_buffers.user: 8.7e-05 7.9e-05 215488 4144 1426.52 3796 4628
main/Evolve/CallAnalysis/CCTK_POSTSTEP/CallFunction/thorns/Extract/Sync/comm_state[4].state_fill_send_buffers.step: 8.7e-05 8.7e-05 234780 4515 4179.11 3224 5460
main/Evolve/CallAnalysis/CCTK_POSTSTEP/CallFunction/thorns/Extract/Sync/comm_state[5].state_do_some_work.user: 8.7e-05 8.7e-05 231374 4449.5 3626.98 3432 6058
main/Evolve/CallAnalysis/CCTK_POSTSTEP/CallFunction/thorns/Extract/Sync/comm_state[6].state_do_some_work.step: 7.3e-05 7.1e-05 186862 3593.5 3270.91 2652 4914
main/Evolve/CallAnalysis/CCTK_POSTSTEP/CallFunction/thorns/Extract/Sync/comm_state[7].state_empty_recv_buffers.user: 6.9e-05 7.4e-05 183690 3532.5 3404.91 3068 5278
main/Evolve/CallAnalysis/CCTK_POSTSTEP/CallFunction/thorns/Extract/Sync/comm_state[8].state_empty_recv_buffers.step: 6.8e-05 6.8e-05 171886 3305.5 3071.09 2990 5070
main/Evolve/CallAnalysis/CCTK_POSTSTEP/CallFunction/syncs: 0.000105 0.000103 271128 135564 79569.3 79300 191828
main/Evolve/CallAnalysis/CCTK_POSTSTEP/CallFunction/thorns/CarpetMaskSetup: 3.5e-05 3.3e-05 90324 45162 1176.63 44330 45994
main/Evolve/CallAnalysis/CCTK_POSTSTEP/CallFunction/syncs/Prolongate: 3e-06 2e-06 5850 2925 55.1543 2886 2964
main/Evolve/CallAnalysis/CCTK_POSTSTEP/CallFunction/syncs/Sync: 8.4e-05 8.5e-05 220350 110175 64696 64428 155922
main/Evolve/CallAnalysis/CCTK_POSTSTEP/CallFunction/syncs/Sync/comm_state[1].state_get_buffer_sizes.user: 4e-06 4e-06 8268 4134 0 4134 4134
main/Evolve/CallAnalysis/CCTK_POSTSTEP/CallFunction/syncs/Sync/comm_state[0].create: 3e-06 3e-06 7592 3796 110.309 3718 3874
main/Evolve/CallAnalysis/CCTK_POSTSTEP/CallFunction/thorns/Extract/Sync/comm_state[1].state_get_buffer_sizes.user: 9.3e-05 9.1e-05 239720 4610 2656.21 4108 5902
main/Evolve/CallAnalysis/CCTK_POSTSTEP/CallFunction/thorns/setup_epsdis: 2.5e-05 2.5e-05 66014 33007 275.772 32812 33202
main/Evolve/CallAnalysis/CCTK_POSTSTEP/CallFunction/thorns/NaNChecker_TakeAction: 2e-06 3e-06 6916 3458 294.156 3250 3666
main/Evolve/CallAnalysis/CCTK_POSTSTEP/CallFunction/thorns/Extract/Prolongate: 0.000118 9e-05 200044 3847 1506.19 3536 4654
main/Evolve/CallAnalysis/CCTK_POSTSTEP/CallFunction/thorns/Extract/Sync: 0.001546 0.001599 4.00767e+06 77070.5 113361 70382 180414
main/Evolve/CallEvol/CCTK_EVOL/CallFunction/thorns/dissipation_add: 0.008732 0.01292 2.26866e+07 2.83583e+06 42669 2.81375e+06 2.86169e+06
main/Evolve/CallEvol/CCTK_EVOL/CallFunction/thorns/MoL_Add: 0.007697 0.016697 2.00048e+07 2.5006e+06 622459 2.23179e+06 2.84502e+06
main/Evolve/CallEvol/CCTK_EVOL/CallFunction/thorns/MoL_DecrementCounter: 1.7e-05 1.9e-05 46020 5752.5 2654.23 4862 7618
main/Evolve/CallEvol/CCTK_EVOL/CallFunction/thorns/MoL_ResetTime: 1.6e-05 1.5e-05 40664 5083 1803.58 4316 5928
main/Evolve/CallEvol/CCTK_EVOL/CallFunction/thorns/ML_BSSN_EnforceEverywhere: 0.004771 0.009773 1.23972e+07 1.54965e+06 161677 1.44339e+06 1.61156e+06
main/Evolve/CallEvol/CCTK_EVOL/CallFunction/thorns/ML_BSSN_SelectBoundConds: 0.000223 0.000222 582348 72793.5 17520.7 65650 83746
main/Evolve/CallEvol/CCTK_EVOL/CallFunction/syncs: 0.00069 0.000685 1.78584e+06 89291.8 164795 65520 226928
main/Evolve/CallEvol/CCTK_EVOL/CallFunction/syncs/Sync: 0.000571 0.000567 1.4715e+06 73574.8 139444 58084 203112
main/Evolve/CallEvol/CCTK_EVOL/CallFunction/syncs/Sync/comm_state[1].state_get_buffer_sizes.user: 4.4e-05 4.4e-05 120822 6041.1 10747.4 3744 10322
main/Evolve/CallEvol/CCTK_EVOL/CallFunction/syncs/Sync/comm_state[0].create: 2.8e-05 3.1e-05 73892 3694.6 3041.64 2964 5486
main/Evolve/CallEvol/CCTK_EVOL/CallFunction/syncs/Sync/comm_state[2].state_get_buffer_sizes.step: 3.4e-05 3.5e-05 80470 4023.5 3509.88 3172 5824
main/Evolve/CallEvol/CCTK_EVOL/CallFunction/syncs/Sync/comm_state[3].state_fill_send_buffers.user: 3.6e-05 3.7e-05 91754 4587.7 6481.2 3094 6838
main/Evolve/CallEvol/CCTK_EVOL/CallFunction/syncs/Sync/comm_state[4].state_fill_send_buffers.step: 2.4e-05 2.3e-05 60346 3017.3 659.268 2860 3406
main/Evolve/CallEvol/CCTK_EVOL/CallFunction/syncs/Sync/comm_state[5].state_do_some_work.user: 3.4e-05 3.7e-05 88946 4447.3 5990.22 3068 6500
main/Evolve/CallEvol/CCTK_EVOL/CallFunction/syncs/Sync/comm_state[6].state_do_some_work.step: 2.4e-05 2.3e-05 67340 3367 1509.12 2860 4316
main/Evolve/CallEvol/CCTK_EVOL/CallFunction/syncs/Sync/comm_state[7].state_empty_recv_buffers.user: 3.7e-05 3.3e-05 88738 4436.9 6039.98 3068 6448
main/Evolve/CallEvol/CCTK_EVOL/CallFunction/thorns/ML_BSSN_NewRad: 0.07796 0.158532 2.02418e+08 2.53023e+07 617743 2.50305e+07 2.56298e+07
main/Evolve/CallEvol/CCTK_EVOL/CallFunction/syncs/Sync/comm_state[8].state_empty_recv_buffers.step: 2.4e-05 2.4e-05 66482 3324.1 1180.8 2990 3796
main/Evolve/CallEvol/CCTK_EVOL/CallFunction/thorns/Boundary_ApplyPhysicalBCs: 0.001197 0.002198 3.12099e+06 156049 1.50322e+06 10088 1.15588e+06
main/Evolve/CallEvol/CCTK_EVOL/CallFunction/thorns/CartGrid3D_ApplyBC: 7.6e-05 7.7e-05 200226 10011.3 11003.9 6240 15184
main/Evolve/CallEvol/CCTK_EVOL/CallFunction/thorns/ReflectionSymmetry_Apply: 0.001091 0.001148 2.85665e+06 142832 230089 25402 182390
main/Evolve/CallEvol/CCTK_EVOL/CallFunction/thorns/ML_BSSN_ADMBaseInterior: 0.008766 0.018772 2.27748e+07 2.84685e+06 93761.8 2.791e+06 2.90891e+06
main/Evolve/CallEvol/CCTK_EVOL/CallFunction/thorns/Boundary_ClearSelection: 3.2e-05 3.6e-05 88894 4444.7 2555.01 3354 5538
main/Evolve/CallEvol/CCTK_EVOL/CallFunction/thorns/ML_BSSN_ADMBaseBoundaryScalar: 0.001052 0.002051 2.74191e+06 342738 47661.8 325936 385762
main/Evolve/CallEvol/CCTK_EVOL/CallFunction/thorns/ML_BSSN_ADMBaseEverywhere: 0.008526 0.017528 2.2141e+07 2.76763e+06 152718 2.6857e+06 2.85462e+06
main/Evolve/CallEvol/CCTK_EVOL/CallFunction/thorns/ML_BSSN_ADMBase_SelectBCs: 9.4e-05 9.5e-05 251212 31401.5 6180.32 29276 35542
main/Evolve/CallEvol/CCTK_EVOL/CallFunction/thorns/MoL_ResetDeltaTime: 1.5e-05 1.5e-05 39390 4923.75 2735.06 3458 6968
main/Evolve/CallEvol/CCTK_EVOL/CallFunction/syncs/Prolongate: 9e-06 1e-05 24232 3029 541.649 2782 3250
main/Evolve/CallEvol/CCTK_EVOL/CallFunction/thorns/MoL_FinishLoop: 3e-06 3e-06 8112 4056 0 4056 4056
main/Evolve/CallEvol/CCTK_EVOL/CallFunction/thorns/MoL_RestoreSandR: 6e-06 8e-06 18018 9009 680.237 8528 9490
main/Evolve/CallEvol/CCTK_EVOL/CallFunction/thorns/MoL_FreeScratchSpace: 0.00069 0.000691 1.79647e+06 898235 2040.71 896792 899678
main/Evolve/CallAnalysis/CCTK_POSTSTEP/CallFunction/thorns/SphericalSurface_Set: 9e-06 1e-05 24856 12428 3051.87 10270 14586
main/Evolve/CallAnalysis/CCTK_POSTSTEP/CallFunction/thorns/Extract: 0.087355 0.168185 2.26783e+08 1.13391e+08 4.47563e+06 1.10227e+08 1.16556e+08
main/Evolve/CallAnalysis/CCTK_POSTSTEP/CallFunction/thorns/NaNChecker_NaNCheck_Prepare: 6e-06 6e-06 14196 7098 257.387 6916 7280
main/Evolve/CallAnalysis/CCTK_POSTSTEP/CallFunction/syncs/Sync/comm_state[2].state_get_buffer_sizes.step: 4e-06 4e-06 9490 4745 18.3848 4732 4758
main/Evolve/CallAnalysis/CCTK_POSTSTEP/CallFunction/syncs/Sync/comm_state[3].state_fill_send_buffers.user: 2e-06 2e-06 6370 3185 128.693 3094 3276
main/Evolve/CallAnalysis/CCTK_POSTSTEP/CallFunction/syncs/Sync/comm_state[4].state_fill_send_buffers.step: 2e-06 2e-06 6058 3029 128.693 2938 3120
main/Evolve/CallAnalysis/CCTK_POSTSTEP/CallFunction/syncs/Sync/comm_state[5].state_do_some_work.user: 2e-06 3e-06 6240 3120 147.078 3016 3224
main/Evolve/CallAnalysis/CCTK_POSTSTEP/CallFunction/syncs/Sync/comm_state[6].state_do_some_work.step: 4e-06 2e-06 6994 3497 55.1543 3458 3536
main/Evolve/CallAnalysis/CCTK_POSTSTEP/CallFunction/syncs/Sync/comm_state[7].state_empty_recv_buffers.user: 2e-06 3e-06 6370 3185 128.693 3094 3276
main/Evolve/CallAnalysis/CCTK_POSTSTEP/CallFunction/syncs/Sync/comm_state[8].state_empty_recv_buffers.step: 2e-06 2e-06 7150 3575 349.311 3328 3822
main/Evolve/CallAnalysis/CCTK_POSTSTEP/CallFunction/thorns/MaskBase_AllocateMask: 3.8e-05 3.8e-05 98410 49205 459.619 48880 49530
main/Evolve/CallAnalysis/CCTK_CHECKPOINT: 8e-06 8e-06 20462 10231 569.928 9828 10634
main/Evolve/CallAnalysis/CCTK_POSTSTEP/CallFunction/thorns/MaskBase_InitMask: 8.5e-05 8.4e-05 218608 109304 4485.89 106132 112476
main/Evolve/CallAnalysis/CCTK_POSTSTEP/CallFunction/thorns/CoordBase_SetupMask: 0.000231 0.00027 598364 299182 31070.3 277212 321152
main/Evolve/CallAnalysis/CCTK_POSTSTEP/CallFunction/thorns/CarpetExcludedSetup: 8e-06 6e-06 18070 9035 55.1543 8996 9074
main/Evolve/CallAnalysis/CCTK_POSTSTEP/CallFunction/thorns/CarpetSurfaceSetup: 7e-06 6e-06 17654 8827 680.237 8346 9308
main/Evolve/CallAnalysis/CCTK_POSTSTEP/CallFunction/thorns/MaskBase_SetMask: 0.000201 0.000197 522964 261482 19965.9 247364 275600
main/Evolve/CallAnalysis/CCTK_POSTSTEP/CallFunction/thorns/NaNChecker_NaNCheck_Check: 0.040091 0.079188 1.04088e+08 5.20442e+07 67821.4 5.19962e+07 5.20921e+07
main/Evolve/CallAnalysis/CCTK_POSTSTEP/CallFunction/thorns/NaNChecker_NaNCheck_Finish: 1.5e-05 1.6e-05 40092 20046 73.5391 19994 20098
main/Evolve/CallAnalysis/OutputGH/OutputGH/IOScalar::CarpetIOScalar [1]: 1.6e-05 1.5e-05 40508 20254 9854.24 13286 27222
main/Evolve/CallAnalysis/OutputGH/OutputGH/IOScalar::CarpetIOScalar [1]/OutputGH: 4e-06 4e-06 8684 4342 257.387 4160 4524
main/Evolve/CallAnalysis/OutputGH/OutputGH/IOASCII::IOASCII_0D [2]/OutputGH<0>: 4e-06 4e-06 9698 4849 422.85 4550 5148
main/Evolve/CallAnalysis/OutputGH/OutputGH/IOASCII::IOASCII_0D [2]: 1.8e-05 1.7e-05 46384 23192 11729.5 14898 31486
main/Evolve/CallAnalysis/OutputGH/OutputGH/IOASCII::IOASCII_1D [3]/OutputGH<1>: 0.003575 0.006575 9.28437e+06 4.64218e+06 30684.2 4.62049e+06 4.66388e+06
main/Evolve/CallAnalysis/OutputGH/OutputGH/IOASCII::IOASCII_1D [3]: 0.003597 0.007592 9.33839e+06 4.6692e+06 3290.87 4.66687e+06 4.67152e+06
main/Evolve/CallAnalysis/OutputGH/OutputGH/IOASCII::IOASCII_2D [4]/OutputGH<2>: 3e-06 3e-06 7774 3887 128.693 3796 3978
main/Evolve/CallAnalysis/OutputGH/OutputGH/IOASCII::IOASCII_2D [4]: 1.5e-05 1.3e-05 34684 17342 8530.54 11310 23374
main/Evolve/CallAnalysis/OutputGH/OutputGH/IOASCII::IOASCII_3D [5]/OutputGH<3>: 3e-06 2e-06 7436 3718 73.5391 3666 3770
main/Evolve/CallAnalysis/OutputGH/OutputGH/IOASCII::IOASCII_3D [5]: 1.2e-05 1.3e-05 32006 16003 7041.37 11024 20982
main/Shutdown: 0.000171 0.000171 443482 443482 0 443482 443482
main/Shutdown/CallFunction/thorns/LC_statistics_terminate: 3e-06 2e-06 6656 6656 0 6656 6656
main/Shutdown/CallFunction/thorns/MoL_FreeIndexArrays: 4e-06 4e-06 9230 9230 0 9230 9230
main/Shutdown/CallFunction/thorns: 2.2e-05 2.2e-05 54990 27495 569.928 27092 27898
main/Shutdown/CallFunction: 9.8e-05 9.8e-05 256022 128011 50503 92300 163722
main/Evolve/CallAnalysis/CCTK_POSTSTEP/CallFunction/thorns/MaskBase_TestMask: 0.000181 0.000177 468806 234403 1121.47 233610 235196
main/Evolve/CallAnalysis/CCTK_ANALYSIS/CallFunction/thorns: 3.3e-05 3.2e-05 89050 14841.7 14271.7 8476 21216
main/Evolve/CallAnalysis/CCTK_ANALYSIS: 0.000347 0.000339 899938 449969 66313.9 403078 496860
main/Evolve/CallAnalysis/CCTK_ANALYSIS/CallFunction: 0.000283 0.000275 735306 122551 268059 35230 298324
main/Evolve/CallAnalysis/CCTK_ANALYSIS/CallFunction/thorns/CarpetLib_printtimestats: 2e-06 2e-06 7644 3822 183.848 3692 3952
main/Evolve/CallAnalysis/OutputGH: 0.003804 0.007794 9.86846e+06 4.93423e+06 106742 4.85875e+06 5.00971e+06
main/Evolve/CallAnalysis/CCTK_ANALYSIS/CallFunction/thorns/CarpetLib_printmemstats: 3e-06 2e-06 6214 3107 165.463 2990 3224
main/Evolve/CallAnalysis/CCTK_ANALYSIS/CallFunction/thorns/LC_statistics_analysis: 2e-06 3e-06 7228 3614 220.617 3458 3770
main/Evolve/CallAnalysis/OutputGH/OutputGH: 0.003791 0.007784 9.84279e+06 4.9214e+06 99369.7 4.85113e+06 4.99166e+06
main/Evolve/CallAnalysis/OutputGH/OutputGH/IOBasic::CarpetIOBasic [0]: 8.2e-05 8e-05 211120 105560 7243.6 100438 110682
main/Evolve/CallAnalysis/OutputGH/OutputGH/IOBasic::CarpetIOBasic [0]/OutputGH: 7e-05 6.8e-05 183534 91767 827.315 91182 92352

--------------------------------------------------------------------------------
Done.
+ echo Stopping:
Stopping:
+ date
Thu May 21 18:23:37 UTC 2026
+ echo Done.
Done.
  Elapsed time: 2.7 s
