/home/runner/simulations/TestJob01_temp_2/output-0000/TEST/sim/GRHydro
Preparing:
+ set -e
+ cd output-0000-active
+ echo Checking:
Checking:
+ pwd
/home/runner/simulations/TestJob01_temp_2/output-0000/TEST/sim/GRHydro/output-0000-active
+ hostname
runnervmmklqx
+ date
Thu Jul  2 16:08:04 UTC 2026
+ echo Environment:
Environment:
+ export CACTUS_NUM_PROCS=2
+ CACTUS_NUM_PROCS=2
+ export CACTUS_NUM_THREADS=1
+ CACTUS_NUM_THREADS=1
+ export GMON_OUT_PREFIX=gmon.out
+ GMON_OUT_PREFIX=gmon.out
+ export OMP_NUM_THREADS=1
+ OMP_NUM_THREADS=1
+ env
+ sort
+ echo Starting:
Starting:
++ date +%s
+ export CACTUS_STARTTIME=1783008484
+ CACTUS_STARTTIME=1783008484
+ '[' 2 = 1 ']'
+ mpirun -np 2 /home/runner/simulations/TestJob01_temp_2/SIMFACTORY/exe/cactus_sim -L 3 /home/runner/simulations/TestJob01_temp_2/output-0000/arrangements/EinsteinEvolve/GRHydro/test/balsara4_2d.par
INFO (Cactus): Increased logging level from 0 to 3
--------------------------------------------------------------------------------

       10                                  
  1   0101       ************************  
  01  1010 10      The Cactus Code V4.20.0    
 1010 1101 011      www.cactuscode.org     
  1001 100101    ************************  
    00010101                               
     100011     (c) Copyright The Authors  
      0100      GNU Licensed. No Warranty  
      0101                                 
--------------------------------------------------------------------------------

Cactus version:    4.20.0
Compile date:      Jul 02 2026 (15:24:06)
Run date:          Jul 02 2026 (16:08:05+0000)
Run host:          runnervmmklqx.hxjakfajtdtuxlv55ejn1q2nha.dx.internal.cloudapp.net (pid=178920)
Working directory: /home/runner/simulations/TestJob01_temp_2/output-0000/TEST/sim/GRHydro
Executable:        /home/runner/simulations/TestJob01_temp_2/SIMFACTORY/exe/cactus_sim
Parameter file:    /home/runner/simulations/TestJob01_temp_2/output-0000/arrangements/EinsteinEvolve/GRHydro/test/balsara4_2d.par
--------------------------------------------------------------------------------

Activating thorn Cactus...Success -> active implementation Cactus
Activation requested for 
--->Boundary CartGrid3D CoordBase Fortran InitBase IOUtil LocalReduce SymBase Time AEILocalInterp LocalInterp MoL Slab SpaceMask Carpet CarpetInterp CarpetIOASCII CarpetIOHDF5 CarpetIOScalar CarpetLib CarpetIOBasic CarpetReduce CarpetSlab LoopControl NaNChecker TerminationTrigger TimerReport ADMbase ADMmacros CoordGauge StaticConformal Constants TmunuBase HydroBase EOS_Omni GRHydro GRHydro_InitData HDF5 SystemStatistics<---
Thorn Carpet requests automatic activation of MPI
Thorn Carpet requests automatic activation of Timers
Thorn CarpetLib requests automatic activation of Vectors
Thorn CarpetLib requests automatic activation of Boost
Thorn CarpetLib requests automatic activation of CycleClock
Thorn GRHydro requests automatic activation of EOS_Polytrope
Thorn HDF5 requests automatic activation of zlib
Thorn LoopControl requests automatic activation of hwloc
Thorn EOS_Polytrope requests automatic activation of EOS_Base
Activating thorn ADMbase...Success -> active implementation ADMBase
Activating thorn ADMmacros...Success -> active implementation ADMMacros
Activating thorn AEILocalInterp...Success -> active implementation AEILocalInterp
Activating thorn Boost...Success -> active implementation Boost
Activating thorn Boundary...Success -> active implementation boundary
Activating thorn Carpet...Success -> active implementation Driver
Activating thorn CarpetInterp...Success -> active implementation interp
Activating thorn CarpetIOASCII...Success -> active implementation IOASCII
Activating thorn CarpetIOBasic...Success -> active implementation IOBasic
Activating thorn CarpetIOHDF5...Success -> active implementation IOHDF5
Activating thorn CarpetIOScalar...Success -> active implementation IOScalar
Activating thorn CarpetLib...Success -> active implementation CarpetLib
Activating thorn CarpetReduce...Success -> active implementation reduce
Activating thorn CarpetSlab...Success -> active implementation Hyperslab
Activating thorn CartGrid3D...Success -> active implementation grid
Activating thorn Constants...Success -> active implementation Constants
Activating thorn CoordBase...Success -> active implementation CoordBase
Activating thorn CoordGauge...Success -> active implementation CoordGauge
Activating thorn CycleClock...Success -> active implementation CycleClock
Activating thorn EOS_Base...Success -> active implementation EOS_Base
Activating thorn EOS_Omni...Success -> active implementation EOS_Omni
Activating thorn EOS_Polytrope...Success -> active implementation EOS_2d_Polytrope
Activating thorn Fortran...Success -> active implementation Fortran
Activating thorn GRHydro...Success -> active implementation GRHydro
Activating thorn GRHydro_InitData...Success -> active implementation GRHydro_init_data
Activating thorn HDF5...Success -> active implementation HDF5
Activating thorn hwloc...Success -> active implementation hwloc
Activating thorn HydroBase...Success -> active implementation HydroBase
Activating thorn InitBase...Success -> active implementation InitBase
Activating thorn IOUtil...Success -> active implementation IO
Activating thorn LocalInterp...Success -> active implementation LocalInterp
Activating thorn LocalReduce...Success -> active implementation LocalReduce
Activating thorn LoopControl...Success -> active implementation LoopControl
Activating thorn MoL...Success -> active implementation MethodOfLines
Activating thorn MPI...Success -> active implementation MPI
Activating thorn NaNChecker...Success -> active implementation NaNChecker
Activating thorn Slab...Success -> active implementation Slab
Activating thorn SpaceMask...Success -> active implementation SpaceMask
Activating thorn StaticConformal...Success -> active implementation StaticConformal
Activating thorn SymBase...Success -> active implementation SymBase
Activating thorn SystemStatistics...Success -> active implementation SystemStatistics
Activating thorn TerminationTrigger...Success -> active implementation TerminationTrigger
Activating thorn Time...Success -> active implementation time
Activating thorn TimerReport...Success -> active implementation timerreport
Activating thorn Timers...Success -> active implementation Timers
Activating thorn TmunuBase...Success -> active implementation TmunuBase
Activating thorn Vectors...Success -> active implementation Vectors
Activating thorn zlib...Success -> active implementation zlib
--------------------------------------------------------------------------------
  if (recover initial data)
    Recover parameters
  endif

  Startup routines
    [CCTK_STARTUP]
      Carpet::MultiModel_Startup: Multi-model Startup routine
      CycleClock::CycleClock_Setup: Set up CycleClock
      LoopControl::LC_setup: Set up LoopControl
      Timers::Timer_Startup: Prepare hierarchical timers
      Carpet::Driver_Startup: Startup routine
      IOUtil::IOUtil_Startup: Startup routine
      CarpetIOScalar::CarpetIOScalarStartup: [global] Startup routine
      CarpetInterp::CarpetInterpStartup: Startup routine
      CarpetReduce::CarpetReduceStartup: Startup routine
      CartGrid3D::SymmetryStartup: Register GH Extension for GridSymmetry
      CoordBase::CoordBase_Startup: Register a GH extension to store the coordinate system handles
      AEILocalInterp::AEILocalInterp_U_Startup: register CCTK_InterpLocalUniform() interpolation operators
      EOS_Omni::EOS_Omni_Startup: [global] Set up conversion factors and other fun stuff
      EOS_Polytrope::EOS_Polytrope_Startup: Setup the polytropic EOS
      GRHydro::GRHydro_Startup: Startup banner
      GRHydro::GRHydro_RegisterMask: Register the hydro masks
      HydroBase::HydroBase_StartUp: Startup banner
      CarpetIOASCII::CarpetIOASCIIStartup: [global] Startup routine
      LocalInterp::LocalInterp_Startup: register LocalInterp's interpolation operators
      LocalReduce::LocalReduce_Startup: Startup routine
      CarpetIOBasic::CarpetIOBasicStartup: [global] Startup routine
      MoL::MoL_Startup: Startup banner
      Slab::Slab_InitMPIDatatypes: Create MPI datatypes for complex variables in C
      SymBase::SymBase_Startup: Register GH Extension for SymBase
      TerminationTrigger::TerminationTrigger_StartSignalHandler: Start signal handler
      CarpetIOHDF5::CarpetIOHDF5_Startup: Startup routine
      Vectors::Vectors_Startup: Print startup message
      GROUP hwloc_startup: hwloc startup group
        hwloc::hwloc_version: Output hwloc version

  Startup routines which need an existing grid hierarchy
    [CCTK_WRAGH]
      ADMBase::Einstein_InitSymBound: [global] Set up GF symmetries
      Boundary::Boundary_RegisterBCs: [global] Register boundary conditions that this thorn provides
      CartGrid3D::RegisterCartGrid3DCoords: [meta] Register coordinates for the Cartesian grid
      CoordGauge::Einstein_ActivateSlicing: Initialize slicing, setup priorities for mixed slicings
      CoordGauge::Einstein_SetNextSlicing: Identify the slicing for the next iteration
      GRHydro::GRHydro_ClearLastMoLPostStep: [global] Initialize InLastMoLPostStep to zero
      MoL::MoL_SetupIndexArrays: Set up the MoL bookkeeping index arrays
      MoL::MoL_SetScheduleStatus: [global] Set the flag so it is ok to register with MoL
      TmunuBase::TmunuBase_SetStressEnergyState: [global] Set the stress_energy_state variable
      GROUP MoL_Register: The group where physics thorns register variables with MoL
        GRHydro::GRHydro_Register: Register variables for MoL
      Slab::Slab_InitTimers: Initialise timers
      SpaceMask::MaskSym: [global] Set grid symmetries for mask
      SpaceMask::MaskSym_emask: [global] Set grid symmetries for emask (compatibility mode)
      GROUP SymBase_Wrapper: Wrapper group for SymBase
        GROUP SymmetryRegister: Register your symmetries here
          CartGrid3D::CartGrid3D_RegisterSymmetryBoundaries: [meta] Register symmetry boundaries
        SymBase::SymBase_Statistics: Print symmetry boundary face descriptions
      MoL::MoL_ReportNumberVariables: [meta] Report how many of each type of variable there are
  Parameter checking routines
    [CCTK_PARAMCHECK]
      ADMBase::ADMBase_ParamCheck: [global] Check consistency of parameters
      Boundary::Boundary_Check: Check dimension of grid variables
      Carpet::CarpetParamCheck: Parameter checking routine
      CarpetLib::CarpetLib_test_prolongate_3d_rf2: [global] Test prolongation operators
      CartGrid3D::ParamCheck_CartGrid3D: Check coordinates for CartGrid3D
      Fortran::CheckFortranParameters: Test whether Fortran parameters work correctly
      GRHydro::GRHydro_ParamCheck: Check parameters
      GRHydro_InitData::GRHydro_InitData_CheckParameters: Check parameters
      MoL::MoL_ParamCheck: Basic parameter checking
      TerminationTrigger::TerminationTrigger_ParamCheck: Check consitency of parameters
      TmunuBase::TmunuBase_ParamCheck: [global] Check that no deprecated parameters are used.
      Vectors::Vectors_Test: Run correctness tests.

  Initialisation
    if (NOT (recover initial data AND recovery_mode is 'strict'))
      [CCTK_PREREGRIDINITIAL]
      Set up grid hierarchy
      [CCTK_POSTREGRIDINITIAL]
        CartGrid3D::SpatialCoordinates: Set Coordinates after regridding
        GROUP MaskBase_SetupMask: Set up the weight function
          GROUP MaskBase_SetupMaskAll: Set up the weight function
            CarpetReduce::MaskBase_AllocateMask: [global] Allocate the weight function
            CarpetReduce::MaskBase_InitMask: [global] [loop-local] Initialise the weight function
            GROUP SetupIMaskInternal: Set up the integer weight function (schedule other routines in here)
              CarpetReduce::CoordBase_SetupMask: [global] [loop-local] Set up the outer boundaries of the weight function
              CarpetReduce::CarpetMaskSetup: [global] [loop-singlemap] Set up the weight function for the restriction regions
            GROUP SetupIMask: Set up the integer weight function (schedule other routines in here)
            CarpetReduce::MaskBase_SetMask: [global] [loop-local] Set the weight function
            GROUP SetupMask: Set up the real weight function (schedule other routines in here)
            CarpetReduce::MaskBase_TestMask: [global] Test the weight function
        SpaceMask::MaskZero: Initialise mask to zero
        GRHydro::GRHydro_RefinementLevel: Calculate current refinement level
        GROUP HydroBase_ExcisionMaskSetup: Set up hydro excision mask
          HydroBase::HydroBase_InitExcisionMask: Initialize hydro excision mask to 'no excision everywhere'
        GROUP MoL_PseudoEvolutionBoundaries: Apply boundary conditions to pseudo-evolved quantities
        SpaceMask::MaskOne: Set mask to one
        GRHydro::GRHydro_SetupMask: Initialize the atmosphere mask
      [CCTK_BASEGRID]
        ADMBase::ADMBase_SetShiftStateOn: Set the shift_state variable to 1
        ADMBase::ADMBase_SetDtLapseStateOff: Set the dtlapse_state variable to 0
        ADMBase::ADMBase_SetDtShiftStateOff: Set the dtshift_state variable to 0
        ADMMacros::ADMMacros_SetLocalSpatialOrder: Initialize the local_spatial_order
        CartGrid3D::SpatialSpacings: Set up ranges for spatial 3D Cartesian coordinates (on all grids)
        CartGrid3D::SpatialCoordinates: Set up spatial 3D Cartesian coordinates on the GH
        GROUP MaskBase_SetupMask: Set up the weight function
          GROUP MaskBase_SetupMaskAll: Set up the weight function
            CarpetReduce::MaskBase_AllocateMask: [global] Allocate the weight function
            CarpetReduce::MaskBase_InitMask: [global] [loop-local] Initialise the weight function
            GROUP SetupIMaskInternal: Set up the integer weight function (schedule other routines in here)
              CarpetReduce::CoordBase_SetupMask: [global] [loop-local] Set up the outer boundaries of the weight function
              CarpetReduce::CarpetMaskSetup: [global] [loop-singlemap] Set up the weight function for the restriction regions
            GROUP SetupIMask: Set up the integer weight function (schedule other routines in here)
            CarpetReduce::MaskBase_SetMask: [global] [loop-local] Set the weight function
            GROUP SetupMask: Set up the real weight function (schedule other routines in here)
            CarpetReduce::MaskBase_TestMask: [global] Test the weight function
        GRHydro::GRHydro_Reset_Execution_Flags: [global] Initially set execution flags to 'YEAH, Execute'!
        GRHydro::GRHydro_InitSymBound: Schedule symmetries and check shift state
        GRHydro::reset_GRHydro_C2P_failed: Initialise the mask function that contains the points where C2P has failed (at BASEGRID)
        NaNChecker::NaNChecker_ResetCounter: [global] Reset the NaNChecker::NaNsFound counter
        SpaceMask::MaskZero: Initialise mask to zero
        SpaceMask::MaskOne: Set old style mask to one
        SymBase::SymBase_Check: Check whether the driver set up the grid consistently
        TerminationTrigger::TerminationTrigger_ResetTrigger: Clear trigger state
        TerminationTrigger::TerminationTrigger_StartTimer: Start timer
        TerminationTrigger::TerminationTrigger_CreateFile: Create termination file
        Time::Time_Initialise: [global] Initialise Time variables
        Time::TemporalSpacings: [singlemap] Set timestep based on Courant condition (courant_static)
      [CCTK_INITIAL]
        StaticConformal::StaticConformal_InitialiseState: Set the conformal_state variable to 0
        GROUP ADMBase_InitialData: Schedule group for calculating ADM initial data
          ADMBase::ADMBase_CartesianMinkowski: Set the metric and extrinsic curvature to cartesian minkowski values
        GRHydro::GRHydro_EOSHandle: [global] Set the EOS number
        CarpetIOASCII::CarpetIOASCIIInit: [global] Initialisation routine
        CarpetIOBasic::CarpetIOBasicInit: [global] Initialisation routine
        CarpetIOHDF5::CarpetIOHDF5_Init: [global] Initialisation routine
        CarpetIOScalar::CarpetIOScalarInit: [global] Initialisation routine
        GRHydro::GRHydro_Rho_Minima_Setup: Set up minimum for the rest-mass density in the atmosphere (before intial data)
        GRHydro::GRHydro_SetupMask: Initialize the atmosphere mask
        GRHydro::GRHydro_RefinementLevel: Calculate current refinement level
        GROUP ADMBase_InitialGauge: Schedule group for the ADM initial gauge condition
          ADMBase::ADMBase_LapseOne: Set the lapse to 1 at all points
          ADMBase::ADMBase_ShiftZero: Set the shift to 0 at all points
        GROUP HydroBase_Initial: HydroBase initial data group
          GROUP GRHydro_Initial: GRHydro initial data group
          GRHydro::GRHydro_DivBInit: Set divB initially to zero
          GRHydro_InitData::GRHydro_shocktubeM: Shocktube initial data - MHD version
          GROUP HydroBase_ExcisionMaskSetup: Set up hydro excision mask
            HydroBase::HydroBase_InitExcisionMask: Initialize hydro excision mask to 'no excision everywhere'
        GROUP ADMBase_PostInitial: Schedule group for modifying the ADM initial data, such as e.g. adding noise
        GRHydro::GRHydro_SqrtSpatialDeterminant: Calculate sdetg
        GRHydro::GRHydro_InitialAtmosphereReset: Use mask to enforce atmosphere at initial time
        MoL::MoL_StartLoop: [level] Initialise the step size control
        GROUP HydroBase_Prim2ConInitial: Recover the conservative variables from the primitive variables
          GRHydro::Primitive2ConservativeCellsM: Convert initial data given in primive variables to conserved variables - MHD version
      [CCTK_POSTINITIAL]
        CarpetIOHDF5::CarpetIOHDF5_CloseFiles: [global] Close all filereader input files
        GRHydro::GRHydro_Scalar_Setup: Set up and check scalars for efficiency
        GROUP MoL_PostStepModify: The group for physics thorns to schedule enforcing constraints
        GROUP MoL_PostStep: Ensure that everything is correct after the initial data have been set up
          ADMBase::ADMBase_Boundaries: [level] Select ADMBase boundary conditions - may be required for mesh refinement
          GROUP ADMBase_ApplyBCs: Apply the boundary conditions of ADMBase
            GROUP BoundaryConditions: Execute all boundary conditions
              Boundary::Boundary_ApplyPhysicalBCs: Apply all requested local physical boundary conditions
              CartGrid3D::CartGrid3D_ApplyBC: Apply symmetry boundary conditions
            Boundary::Boundary_ClearSelection: [level] Unselect all grid variables for boundary conditions
            GRHydro_InitData::GRHydro_Diagshock2D_BoundaryM: 2-D Diagonal shock boundary conditions
          GROUP ADMBase_SetADMVars: Set the ADM variables before this group, and use them afterwards
          GRHydro::GRHydro_RefinementLevel: Calculate current refinement level
          GRHydro::GRHydro_SetLastMoLPostStep: [level] Set grid scalar InLastMoLPostStep if this is the last MoL PostStep call
          GROUP HydroBase_PostStep: Post step tasks for hydro thorns
            GROUP GRHydro_PostStep: Post step tasks for GRHydro
            GROUP GRHydro_AtmosphereMaskBoundaries: Apply boundary conditions to primitives
              GRHydro::GRHydro_SelectAtmosphereMaskBoundaries: [level] Select atmosphere mask for boundary conditions
              GROUP GRHydro_ApplyAtmosphereMaskBCs: Apply boundary conditions to real-valued atmosphere mask
                GROUP BoundaryConditions: Execute all boundary conditions
                  Boundary::Boundary_ApplyPhysicalBCs: Apply all requested local physical boundary conditions
                  CartGrid3D::CartGrid3D_ApplyBC: Apply symmetry boundary conditions
                Boundary::Boundary_ClearSelection: [level] Unselect all grid variables for boundary conditions
                GRHydro_InitData::GRHydro_Diagshock2D_BoundaryM: 2-D Diagonal shock boundary conditions
            GRHydro::GRHydroPostSyncAtmosphereMask: Set integer atmosphere mask from synchronized real atmosphere mask
            if (GRHydro::InLastMoLPostStep)
              GRHydro::GRHydro_AtmosphereResetM: Reset the atmosphere - MHD version
            GRHydro::GRHydro_CalcBcom: Compute comoving magnetic field, pressure, etc...
            GROUP HydroBase_Boundaries: HydroBase-internal Boundary conditions group
              GROUP Do_GRHydro_Boundaries: GRHydro Boundary conditions group
              GROUP HydroBase_Select_Boundaries: Group to schedule the boundary condition functions
                if (GRHydro::execute_MoL_PostStep)
                  GRHydro::GRHydro_Bound: [level] Select GRHydro boundary conditions
              GROUP HydroBase_ApplyBCs: Apply the boundary conditions of HydroBase
                GROUP BoundaryConditions: Execute all boundary conditions
                  Boundary::Boundary_ApplyPhysicalBCs: Apply all requested local physical boundary conditions
                  CartGrid3D::CartGrid3D_ApplyBC: Apply symmetry boundary conditions
                Boundary::Boundary_ClearSelection: [level] Unselect all grid variables for boundary conditions
                GRHydro_InitData::GRHydro_Diagshock2D_BoundaryM: 2-D Diagonal shock boundary conditions
            GROUP HydroBase_Con2Prim: Convert from conservative to primitive variables
              if (GRHydro::execute_MoL_Step)
                GRHydro::GRHydro_SqrtSpatialDeterminant: Calculate sdetg
              if (GRHydro::execute_MoL_PostStep)
                GRHydro::Con2Prim: Convert back to primitive variables (general) - MHD version
        GROUP MoL_PseudoEvolution: Calculate pseudo-evolved quantities
          GROUP ADMBase_SetADMVars: Set the ADM variables before this group, and use them afterwards
          GROUP GRHydroAnalysis: Calculate analysis quantities
            GRHydro::GRHydro_CalcDivB: Calculate divB
            GROUP GRHydro_ApplyDivBBCs: Apply boundary conditions to divB
              GROUP BoundaryConditions: Execute all boundary conditions
                Boundary::Boundary_ApplyPhysicalBCs: Apply all requested local physical boundary conditions
                CartGrid3D::CartGrid3D_ApplyBC: Apply symmetry boundary conditions
              Boundary::Boundary_ClearSelection: [level] Unselect all grid variables for boundary conditions
              GRHydro_InitData::GRHydro_Diagshock2D_BoundaryM: 2-D Diagonal shock boundary conditions
      Initialise finer grids recursively
      Restrict from finer grids
      [CCTK_POSTRESTRICTINITIAL]
        GROUP MoL_PostStep: Ensure that everything is correct after restriction
          ADMBase::ADMBase_Boundaries: [level] Select ADMBase boundary conditions - may be required for mesh refinement
          GROUP ADMBase_ApplyBCs: Apply the boundary conditions of ADMBase
            GROUP BoundaryConditions: Execute all boundary conditions
              Boundary::Boundary_ApplyPhysicalBCs: Apply all requested local physical boundary conditions
              CartGrid3D::CartGrid3D_ApplyBC: Apply symmetry boundary conditions
            Boundary::Boundary_ClearSelection: [level] Unselect all grid variables for boundary conditions
            GRHydro_InitData::GRHydro_Diagshock2D_BoundaryM: 2-D Diagonal shock boundary conditions
          GROUP ADMBase_SetADMVars: Set the ADM variables before this group, and use them afterwards
          GRHydro::GRHydro_RefinementLevel: Calculate current refinement level
          GRHydro::GRHydro_SetLastMoLPostStep: [level] Set grid scalar InLastMoLPostStep if this is the last MoL PostStep call
          GROUP HydroBase_PostStep: Post step tasks for hydro thorns
            GROUP GRHydro_PostStep: Post step tasks for GRHydro
            GROUP GRHydro_AtmosphereMaskBoundaries: Apply boundary conditions to primitives
              GRHydro::GRHydro_SelectAtmosphereMaskBoundaries: [level] Select atmosphere mask for boundary conditions
              GROUP GRHydro_ApplyAtmosphereMaskBCs: Apply boundary conditions to real-valued atmosphere mask
                GROUP BoundaryConditions: Execute all boundary conditions
                  Boundary::Boundary_ApplyPhysicalBCs: Apply all requested local physical boundary conditions
                  CartGrid3D::CartGrid3D_ApplyBC: Apply symmetry boundary conditions
                Boundary::Boundary_ClearSelection: [level] Unselect all grid variables for boundary conditions
                GRHydro_InitData::GRHydro_Diagshock2D_BoundaryM: 2-D Diagonal shock boundary conditions
            GRHydro::GRHydroPostSyncAtmosphereMask: Set integer atmosphere mask from synchronized real atmosphere mask
            if (GRHydro::InLastMoLPostStep)
              GRHydro::GRHydro_AtmosphereResetM: Reset the atmosphere - MHD version
            GRHydro::GRHydro_CalcBcom: Compute comoving magnetic field, pressure, etc...
            GROUP HydroBase_Boundaries: HydroBase-internal Boundary conditions group
              GROUP Do_GRHydro_Boundaries: GRHydro Boundary conditions group
              GROUP HydroBase_Select_Boundaries: Group to schedule the boundary condition functions
                if (GRHydro::execute_MoL_PostStep)
                  GRHydro::GRHydro_Bound: [level] Select GRHydro boundary conditions
              GROUP HydroBase_ApplyBCs: Apply the boundary conditions of HydroBase
                GROUP BoundaryConditions: Execute all boundary conditions
                  Boundary::Boundary_ApplyPhysicalBCs: Apply all requested local physical boundary conditions
                  CartGrid3D::CartGrid3D_ApplyBC: Apply symmetry boundary conditions
                Boundary::Boundary_ClearSelection: [level] Unselect all grid variables for boundary conditions
                GRHydro_InitData::GRHydro_Diagshock2D_BoundaryM: 2-D Diagonal shock boundary conditions
            GROUP HydroBase_Con2Prim: Convert from conservative to primitive variables
              if (GRHydro::execute_MoL_Step)
                GRHydro::GRHydro_SqrtSpatialDeterminant: Calculate sdetg
              if (GRHydro::execute_MoL_PostStep)
                GRHydro::Con2Prim: Convert back to primitive variables (general) - MHD version
        GROUP MoL_PseudoEvolutionBoundaries: Apply boundary conditions to pseudo-evolved quantities
      [CCTK_POSTPOSTINITIAL]
        GRHydro::GRHydro_Rho_Minima_Setup_Final: Set the value of the rest-mass density of the atmosphere which will be used during the evolution
        GRHydro::GRHydro_InitialAtmosphereResetM: Use mask to enforce atmosphere at initial time
        GROUP Con2Prim: Convert from conservative to primitive variables (might be redundant)
          if (GRHydro::execute_MoL_Step)
            GRHydro::GRHydro_SqrtSpatialDeterminant: Calculate sdetg
          if (GRHydro::execute_MoL_PostStep)
            GRHydro::Con2Prim: Convert back to primitive variables (general) - MHD version
        GROUP SetTmunu: Calculate the stress-energy tensor
        GROUP ADMConstraintsGroup: Evaluate ADM constraints, and perform symmetry boundary conditions
      [CCTK_POSTSTEP]
        GRHydro::GRHydro_RefinementLevel: Calculate current refinement level (for the check of the C2P mask)
        GRHydro::check_GRHydro_C2P_failed: Check the mask function that contains the points where C2P has failed and report an error in case a failure is found
        GROUP HydroBase_ExcisionHasBeenSet: Group to schedule thorns changing the mask before and thorns using the mask after
        GROUP zzz_NaNChecker_NaNCheck: Check for NaNs and count them in NaNChecker::NaNsFound
          NaNChecker::NaNChecker_NaNCheck_Prepare: [level] Prepare data structures to check for NaNs
          NaNChecker::NaNChecker_NaNCheck_Check: [local] Check for NaNs
          NaNChecker::NaNChecker_NaNCheck_Finish: [level] Count NaNs in NaNChecker::NaNsFound
        NaNChecker::NaNChecker_TakeAction: [global] [loop-level] Output NaNChecker::NaNmask and take action according to NaNChecker::action_if_found
        SpaceMask::CheckMask: Ensure that all mask values are legal
    endif
    if (recover initial data)
      [CCTK_BASEGRID]
        ADMBase::ADMBase_SetShiftStateOn: Set the shift_state variable to 1
        ADMBase::ADMBase_SetDtLapseStateOff: Set the dtlapse_state variable to 0
        ADMBase::ADMBase_SetDtShiftStateOff: Set the dtshift_state variable to 0
        ADMMacros::ADMMacros_SetLocalSpatialOrder: Initialize the local_spatial_order
        CartGrid3D::SpatialSpacings: Set up ranges for spatial 3D Cartesian coordinates (on all grids)
        CartGrid3D::SpatialCoordinates: Set up spatial 3D Cartesian coordinates on the GH
        GROUP MaskBase_SetupMask: Set up the weight function
          GROUP MaskBase_SetupMaskAll: Set up the weight function
            CarpetReduce::MaskBase_AllocateMask: [global] Allocate the weight function
            CarpetReduce::MaskBase_InitMask: [global] [loop-local] Initialise the weight function
            GROUP SetupIMaskInternal: Set up the integer weight function (schedule other routines in here)
              CarpetReduce::CoordBase_SetupMask: [global] [loop-local] Set up the outer boundaries of the weight function
              CarpetReduce::CarpetMaskSetup: [global] [loop-singlemap] Set up the weight function for the restriction regions
            GROUP SetupIMask: Set up the integer weight function (schedule other routines in here)
            CarpetReduce::MaskBase_SetMask: [global] [loop-local] Set the weight function
            GROUP SetupMask: Set up the real weight function (schedule other routines in here)
            CarpetReduce::MaskBase_TestMask: [global] Test the weight function
        GRHydro::GRHydro_Reset_Execution_Flags: [global] Initially set execution flags to 'YEAH, Execute'!
        GRHydro::GRHydro_InitSymBound: Schedule symmetries and check shift state
        GRHydro::reset_GRHydro_C2P_failed: Initialise the mask function that contains the points where C2P has failed (at BASEGRID)
        NaNChecker::NaNChecker_ResetCounter: [global] Reset the NaNChecker::NaNsFound counter
        SpaceMask::MaskZero: Initialise mask to zero
        SpaceMask::MaskOne: Set old style mask to one
        SymBase::SymBase_Check: Check whether the driver set up the grid consistently
        TerminationTrigger::TerminationTrigger_ResetTrigger: Clear trigger state
        TerminationTrigger::TerminationTrigger_StartTimer: Start timer
        TerminationTrigger::TerminationTrigger_CreateFile: Create termination file
        Time::Time_Initialise: [global] Initialise Time variables
        Time::TemporalSpacings: [singlemap] Set timestep based on Courant condition (courant_static)
      [CCTK_RECOVER_VARIABLES]
      [CCTK_POST_RECOVER_VARIABLES]
        CarpetIOHDF5::CarpetIOHDF5_InitCheckpointingIntervals: [global] Initialisation of checkpointing intervals after recovery
        GROUP MaskBase_SetupMask: Set up the weight function
          GROUP MaskBase_SetupMaskAll: Set up the weight function
            CarpetReduce::MaskBase_AllocateMask: [global] Allocate the weight function
            CarpetReduce::MaskBase_InitMask: [global] [loop-local] Initialise the weight function
            GROUP SetupIMaskInternal: Set up the integer weight function (schedule other routines in here)
              CarpetReduce::CoordBase_SetupMask: [global] [loop-local] Set up the outer boundaries of the weight function
              CarpetReduce::CarpetMaskSetup: [global] [loop-singlemap] Set up the weight function for the restriction regions
            GROUP SetupIMask: Set up the integer weight function (schedule other routines in here)
            CarpetReduce::MaskBase_SetMask: [global] [loop-local] Set the weight function
            GROUP SetupMask: Set up the real weight function (schedule other routines in here)
            CarpetReduce::MaskBase_TestMask: [global] Test the weight function
        GRHydro::GRHydro_EOSHandle: [global] Set the EOS number
        GRHydro::GRHydroCopyIntegerMask: Initialize the real valued atmosphere mask after checkpoint recovery
        GRHydro::GRHydro_SqrtSpatialDeterminant: Calculate sdetg
        GROUP HydroBase_ExcisionMaskSetup: Set up hydro excision mask
          HydroBase::HydroBase_InitExcisionMask: Initialize hydro excision mask to 'no excision everywhere'
        GROUP MoL_PostStep: Ensure that everything is correct after recovery
          ADMBase::ADMBase_Boundaries: [level] Select ADMBase boundary conditions - may be required for mesh refinement
          GROUP ADMBase_ApplyBCs: Apply the boundary conditions of ADMBase
            GROUP BoundaryConditions: Execute all boundary conditions
              Boundary::Boundary_ApplyPhysicalBCs: Apply all requested local physical boundary conditions
              CartGrid3D::CartGrid3D_ApplyBC: Apply symmetry boundary conditions
            Boundary::Boundary_ClearSelection: [level] Unselect all grid variables for boundary conditions
            GRHydro_InitData::GRHydro_Diagshock2D_BoundaryM: 2-D Diagonal shock boundary conditions
          GROUP ADMBase_SetADMVars: Set the ADM variables before this group, and use them afterwards
          GRHydro::GRHydro_RefinementLevel: Calculate current refinement level
          GRHydro::GRHydro_SetLastMoLPostStep: [level] Set grid scalar InLastMoLPostStep if this is the last MoL PostStep call
          GROUP HydroBase_PostStep: Post step tasks for hydro thorns
            GROUP GRHydro_PostStep: Post step tasks for GRHydro
            GROUP GRHydro_AtmosphereMaskBoundaries: Apply boundary conditions to primitives
              GRHydro::GRHydro_SelectAtmosphereMaskBoundaries: [level] Select atmosphere mask for boundary conditions
              GROUP GRHydro_ApplyAtmosphereMaskBCs: Apply boundary conditions to real-valued atmosphere mask
                GROUP BoundaryConditions: Execute all boundary conditions
                  Boundary::Boundary_ApplyPhysicalBCs: Apply all requested local physical boundary conditions
                  CartGrid3D::CartGrid3D_ApplyBC: Apply symmetry boundary conditions
                Boundary::Boundary_ClearSelection: [level] Unselect all grid variables for boundary conditions
                GRHydro_InitData::GRHydro_Diagshock2D_BoundaryM: 2-D Diagonal shock boundary conditions
            GRHydro::GRHydroPostSyncAtmosphereMask: Set integer atmosphere mask from synchronized real atmosphere mask
            if (GRHydro::InLastMoLPostStep)
              GRHydro::GRHydro_AtmosphereResetM: Reset the atmosphere - MHD version
            GRHydro::GRHydro_CalcBcom: Compute comoving magnetic field, pressure, etc...
            GROUP HydroBase_Boundaries: HydroBase-internal Boundary conditions group
              GROUP Do_GRHydro_Boundaries: GRHydro Boundary conditions group
              GROUP HydroBase_Select_Boundaries: Group to schedule the boundary condition functions
                if (GRHydro::execute_MoL_PostStep)
                  GRHydro::GRHydro_Bound: [level] Select GRHydro boundary conditions
              GROUP HydroBase_ApplyBCs: Apply the boundary conditions of HydroBase
                GROUP BoundaryConditions: Execute all boundary conditions
                  Boundary::Boundary_ApplyPhysicalBCs: Apply all requested local physical boundary conditions
                  CartGrid3D::CartGrid3D_ApplyBC: Apply symmetry boundary conditions
                Boundary::Boundary_ClearSelection: [level] Unselect all grid variables for boundary conditions
                GRHydro_InitData::GRHydro_Diagshock2D_BoundaryM: 2-D Diagonal shock boundary conditions
            GROUP HydroBase_Con2Prim: Convert from conservative to primitive variables
              if (GRHydro::execute_MoL_Step)
                GRHydro::GRHydro_SqrtSpatialDeterminant: Calculate sdetg
              if (GRHydro::execute_MoL_PostStep)
                GRHydro::Con2Prim: Convert back to primitive variables (general) - MHD version
        GROUP zzz_NaNChecker_NaNCheck: Check for NaNs and count them in NaNChecker::NaNsFound
          NaNChecker::NaNChecker_NaNCheck_Prepare: [level] Prepare data structures to check for NaNs
          NaNChecker::NaNChecker_NaNCheck_Check: [local] Check for NaNs
          NaNChecker::NaNChecker_NaNCheck_Finish: [level] Count NaNs in NaNChecker::NaNsFound
        NaNChecker::NaNChecker_TakeAction: [global] [loop-level] Output NaNChecker::NaNmask and take action according to NaNChecker::action_if_found
        TerminationTrigger::TerminationTrigger_ResetMinutes: [global] Reset Watchtime
    endif
    if (checkpoint initial data)
      [CCTK_CPINITIAL]
        CarpetIOHDF5::CarpetIOHDF5_InitialDataCheckpoint: [meta] Initial data checkpoint routine
    endif
    if (analysis)
      [CCTK_ANALYSIS]
        CarpetLib::CarpetLib_printtimestats: [global] Print timing statistics if desired
        CarpetLib::CarpetLib_printmemstats: [global] Print memory statistics if desired
        LoopControl::LC_statistics_analysis: [meta] Output LoopControl statistics
        SystemStatistics::SystemStatistics_Collect: [global] Collect system statistics
        TerminationTrigger::TerminationTrigger_CheckWalltime: Check elapsed job walltime
        TerminationTrigger::TerminationTrigger_CheckSignal: Check if we received a termination signal
        TerminationTrigger::TerminationTrigger_CheckFile: Check termination file
        TimerReport::zzz_TimerReport_Output: [global] Print the timer report
  endif
  Output grid variables

  do loop over timesteps
    [CCTK_PREREGRID]
    Change grid hierarchy
    [CCTK_POSTREGRID]
      CartGrid3D::SpatialCoordinates: Set Coordinates after regridding
      GROUP MaskBase_SetupMask: Set up the weight function
        GROUP MaskBase_SetupMaskAll: Set up the weight function
          CarpetReduce::MaskBase_AllocateMask: [global] Allocate the weight function
          CarpetReduce::MaskBase_InitMask: [global] [loop-local] Initialise the weight function
          GROUP SetupIMaskInternal: Set up the integer weight function (schedule other routines in here)
            CarpetReduce::CoordBase_SetupMask: [global] [loop-local] Set up the outer boundaries of the weight function
            CarpetReduce::CarpetMaskSetup: [global] [loop-singlemap] Set up the weight function for the restriction regions
          GROUP SetupIMask: Set up the integer weight function (schedule other routines in here)
          CarpetReduce::MaskBase_SetMask: [global] [loop-local] Set the weight function
          GROUP SetupMask: Set up the real weight function (schedule other routines in here)
          CarpetReduce::MaskBase_TestMask: [global] Test the weight function
      SpaceMask::MaskZero: Initialise mask to zero
      GROUP HydroBase_ExcisionMaskSetup: Set up hydro excision mask
        HydroBase::HydroBase_InitExcisionMask: Initialize hydro excision mask to 'no excision everywhere'
      SpaceMask::MaskOne: Set mask to one
      GRHydro::GRHydro_SetupMask: Initialize the atmosphere mask
      GROUP MoL_PostStep: Ensure that everything is correct after regridding
        ADMBase::ADMBase_Boundaries: [level] Select ADMBase boundary conditions - may be required for mesh refinement
        GROUP ADMBase_ApplyBCs: Apply the boundary conditions of ADMBase
          GROUP BoundaryConditions: Execute all boundary conditions
            Boundary::Boundary_ApplyPhysicalBCs: Apply all requested local physical boundary conditions
            CartGrid3D::CartGrid3D_ApplyBC: Apply symmetry boundary conditions
          Boundary::Boundary_ClearSelection: [level] Unselect all grid variables for boundary conditions
          GRHydro_InitData::GRHydro_Diagshock2D_BoundaryM: 2-D Diagonal shock boundary conditions
        GROUP ADMBase_SetADMVars: Set the ADM variables before this group, and use them afterwards
        GRHydro::GRHydro_RefinementLevel: Calculate current refinement level
        GRHydro::GRHydro_SetLastMoLPostStep: [level] Set grid scalar InLastMoLPostStep if this is the last MoL PostStep call
        GROUP HydroBase_PostStep: Post step tasks for hydro thorns
          GROUP GRHydro_PostStep: Post step tasks for GRHydro
          GROUP GRHydro_AtmosphereMaskBoundaries: Apply boundary conditions to primitives
            GRHydro::GRHydro_SelectAtmosphereMaskBoundaries: [level] Select atmosphere mask for boundary conditions
            GROUP GRHydro_ApplyAtmosphereMaskBCs: Apply boundary conditions to real-valued atmosphere mask
              GROUP BoundaryConditions: Execute all boundary conditions
                Boundary::Boundary_ApplyPhysicalBCs: Apply all requested local physical boundary conditions
                CartGrid3D::CartGrid3D_ApplyBC: Apply symmetry boundary conditions
              Boundary::Boundary_ClearSelection: [level] Unselect all grid variables for boundary conditions
              GRHydro_InitData::GRHydro_Diagshock2D_BoundaryM: 2-D Diagonal shock boundary conditions
          GRHydro::GRHydroPostSyncAtmosphereMask: Set integer atmosphere mask from synchronized real atmosphere mask
          if (GRHydro::InLastMoLPostStep)
            GRHydro::GRHydro_AtmosphereResetM: Reset the atmosphere - MHD version
          GRHydro::GRHydro_CalcBcom: Compute comoving magnetic field, pressure, etc...
          GROUP HydroBase_Boundaries: HydroBase-internal Boundary conditions group
            GROUP Do_GRHydro_Boundaries: GRHydro Boundary conditions group
            GROUP HydroBase_Select_Boundaries: Group to schedule the boundary condition functions
              if (GRHydro::execute_MoL_PostStep)
                GRHydro::GRHydro_Bound: [level] Select GRHydro boundary conditions
            GROUP HydroBase_ApplyBCs: Apply the boundary conditions of HydroBase
              GROUP BoundaryConditions: Execute all boundary conditions
                Boundary::Boundary_ApplyPhysicalBCs: Apply all requested local physical boundary conditions
                CartGrid3D::CartGrid3D_ApplyBC: Apply symmetry boundary conditions
              Boundary::Boundary_ClearSelection: [level] Unselect all grid variables for boundary conditions
              GRHydro_InitData::GRHydro_Diagshock2D_BoundaryM: 2-D Diagonal shock boundary conditions
          GROUP HydroBase_Con2Prim: Convert from conservative to primitive variables
            if (GRHydro::execute_MoL_Step)
              GRHydro::GRHydro_SqrtSpatialDeterminant: Calculate sdetg
            if (GRHydro::execute_MoL_PostStep)
              GRHydro::Con2Prim: Convert back to primitive variables (general) - MHD version
      GROUP MoL_PseudoEvolutionBoundaries: Apply boundary conditions to pseudo-evolved quantities
    Rotate timelevels
    iteration = iteration+1
    t = t+dt
    [CCTK_PRESTEP]
      ADMBase::ADMBase_LapseStatic: Copy the lapse to the current time level
      ADMBase::ADMBase_ShiftStatic: Copy the shift to the current time level
      ADMBase::ADMBase_Static: Copy the metric and extrinsic curvature to the current time level
      CoordGauge::Einstein_SetNextSlicing: Identify the slicing for the next iteration
      GRHydro::reset_GRHydro_C2P_failed: Reset the mask function that contains the points where C2P has failed (at PRESTEP)
      LoopControl::LC_steer: [meta] Update LoopControl algorithm preferences
      NaNChecker::NaNChecker_ResetCounter: [global] Reset the NaNChecker::NaNsFound counter
    [CCTK_EVOL]
      MoL::MoL_StartLoop: [level] Initialise the step size control
      while (MoL::MoL_Stepsize_Bad)
        GROUP MoL_Evolution: A single Cactus evolution step using MoL
          GROUP MoL_StartStep: MoL internal setup for the evolution step
            MoL::MoL_SetCounter: [level] Set the counter for the ODE method to loop over
            MoL::MoL_SetTime: [level] Ensure the correct time and timestep are used
            MoL::MoL_AllocateScratchSpace: [level] Allocate storage for scratch levels
          GROUP MoL_PreStep: Physics thorns can schedule preloop setup routines in here
            GRHydro::GRHydro_Scalar_Setup: Set up and check scalars for efficiency
          MoL::MoL_AllocateScratch: Allocate sufficient space for array scratch variables
          MoL::MoL_InitialCopy: Ensure the data is in the correct timelevel
          while (MoL::MoL_Intermediate_Step)
            GROUP MoL_Step: The loop over the intermediate steps for the ODE integrator
              MoL::MoL_InitRHS: Initialise the RHS functions
              GROUP MoL_CalcRHS: Physics thorns schedule the calculation of the discrete spatial operator in here
                GROUP HydroBase_RHS: Groups for scheduling tasks for calculating RHS of hydro variables
                  if (GRHydro::execute_MoL_Step)
                    GROUP GRHydroRHS: Calculate the update terms
                      GRHydro::SourceTerms: Source term calculation
                      GRHydro::GRHydroStartLoop: [level] Set the flux_direction variable
                      while (GRHydro::flux_direction)
                        GROUP FluxTerms: Calculation of intercell fluxes
                          GRHydro::GRHydro_RefinementLevel: Calculate current refinement level
                          GRHydro::Reconstruct: Reconstruct the functions at the cell boundaries
                          GRHydro::Riemann: Solve the local Riemann problems - MHD version
                          GRHydro::UpdateCalcul: Calculate the update term from the fluxes
                          GRHydro::GRHydroAdvanceLoop: [level] Decrement the flux_direction variable
                      end while
                      GRHydro::GRHydroUpdateAtmosphereMask: Alter the update terms if inside the atmosphere region
              GROUP MoL_PostRHS: Modify RHS functions
              GROUP MoL_RHSBoundaries: Any 'final' modifications to the RHS functions (boundaries etc.)
              MoL::MoL_Add: Updates calculated with the efficient Runge-Kutta 2 method
              MoL::MoL_DecrementCounter: [level] Alter the counter number
              MoL::MoL_ResetTime: [level] If necessary, change the time
              GROUP MoL_PostStepModify: The group for physics thorns to schedule enforcing constraints
              GROUP MoL_PostStep: The group for physics thorns to schedule boundary calls etc.
                ADMBase::ADMBase_Boundaries: [level] Select ADMBase boundary conditions - may be required for mesh refinement
                GROUP ADMBase_ApplyBCs: Apply the boundary conditions of ADMBase
                  GROUP BoundaryConditions: Execute all boundary conditions
                    Boundary::Boundary_ApplyPhysicalBCs: Apply all requested local physical boundary conditions
                    CartGrid3D::CartGrid3D_ApplyBC: Apply symmetry boundary conditions
                  Boundary::Boundary_ClearSelection: [level] Unselect all grid variables for boundary conditions
                  GRHydro_InitData::GRHydro_Diagshock2D_BoundaryM: 2-D Diagonal shock boundary conditions
                GROUP ADMBase_SetADMVars: Set the ADM variables before this group, and use them afterwards
                GRHydro::GRHydro_RefinementLevel: Calculate current refinement level
                GRHydro::GRHydro_SetLastMoLPostStep: [level] Set grid scalar InLastMoLPostStep if this is the last MoL PostStep call
                GROUP HydroBase_PostStep: Post step tasks for hydro thorns
                  GROUP GRHydro_PostStep: Post step tasks for GRHydro
                  GROUP GRHydro_AtmosphereMaskBoundaries: Apply boundary conditions to primitives
                    GRHydro::GRHydro_SelectAtmosphereMaskBoundaries: [level] Select atmosphere mask for boundary conditions
                    GROUP GRHydro_ApplyAtmosphereMaskBCs: Apply boundary conditions to real-valued atmosphere mask
                      GROUP BoundaryConditions: Execute all boundary conditions
                        Boundary::Boundary_ApplyPhysicalBCs: Apply all requested local physical boundary conditions
                        CartGrid3D::CartGrid3D_ApplyBC: Apply symmetry boundary conditions
                      Boundary::Boundary_ClearSelection: [level] Unselect all grid variables for boundary conditions
                      GRHydro_InitData::GRHydro_Diagshock2D_BoundaryM: 2-D Diagonal shock boundary conditions
                  GRHydro::GRHydroPostSyncAtmosphereMask: Set integer atmosphere mask from synchronized real atmosphere mask
                  if (GRHydro::InLastMoLPostStep)
                    GRHydro::GRHydro_AtmosphereResetM: Reset the atmosphere - MHD version
                  GRHydro::GRHydro_CalcBcom: Compute comoving magnetic field, pressure, etc...
                  GROUP HydroBase_Boundaries: HydroBase-internal Boundary conditions group
                    GROUP Do_GRHydro_Boundaries: GRHydro Boundary conditions group
                    GROUP HydroBase_Select_Boundaries: Group to schedule the boundary condition functions
                      if (GRHydro::execute_MoL_PostStep)
                        GRHydro::GRHydro_Bound: [level] Select GRHydro boundary conditions
                    GROUP HydroBase_ApplyBCs: Apply the boundary conditions of HydroBase
                      GROUP BoundaryConditions: Execute all boundary conditions
                        Boundary::Boundary_ApplyPhysicalBCs: Apply all requested local physical boundary conditions
                        CartGrid3D::CartGrid3D_ApplyBC: Apply symmetry boundary conditions
                      Boundary::Boundary_ClearSelection: [level] Unselect all grid variables for boundary conditions
                      GRHydro_InitData::GRHydro_Diagshock2D_BoundaryM: 2-D Diagonal shock boundary conditions
                  GROUP HydroBase_Con2Prim: Convert from conservative to primitive variables
                    if (GRHydro::execute_MoL_Step)
                      GRHydro::GRHydro_SqrtSpatialDeterminant: Calculate sdetg
                    if (GRHydro::execute_MoL_PostStep)
                      GRHydro::Con2Prim: Convert back to primitive variables (general) - MHD version
              GRHydro::GRHydro_ClearLastMoLPostStep: [level] Reset InLastMoLPostStep to zero
              MoL::MoL_ResetDeltaTime: [level] If necessary, change the timestep
          end while
          MoL::MoL_FinishLoop: [level] Control the step size
          MoL::MoL_RestoreSandR: Restoring the Save and Restore variables to the original state
          MoL::MoL_FreeScratchSpace: [level] Free storage for scratch levels
      end while
      GRHydro::sync_GRHydro_C2P_failed: Syncronise the mask function that contains the points where C2P has failed
      GROUP MoL_PseudoEvolution: Calculate pseudo-evolved quantities
        GROUP ADMBase_SetADMVars: Set the ADM variables before this group, and use them afterwards
        GROUP GRHydroAnalysis: Calculate analysis quantities
          GRHydro::GRHydro_CalcDivB: Calculate divB
          GROUP GRHydro_ApplyDivBBCs: Apply boundary conditions to divB
            GROUP BoundaryConditions: Execute all boundary conditions
              Boundary::Boundary_ApplyPhysicalBCs: Apply all requested local physical boundary conditions
              CartGrid3D::CartGrid3D_ApplyBC: Apply symmetry boundary conditions
            Boundary::Boundary_ClearSelection: [level] Unselect all grid variables for boundary conditions
            GRHydro_InitData::GRHydro_Diagshock2D_BoundaryM: 2-D Diagonal shock boundary conditions
    Evolve finer grids recursively
    Restrict from finer grids
    [CCTK_POSTRESTRICT]
      GROUP MoL_PostStep: Ensure that everything is correct after restriction
        ADMBase::ADMBase_Boundaries: [level] Select ADMBase boundary conditions - may be required for mesh refinement
        GROUP ADMBase_ApplyBCs: Apply the boundary conditions of ADMBase
          GROUP BoundaryConditions: Execute all boundary conditions
            Boundary::Boundary_ApplyPhysicalBCs: Apply all requested local physical boundary conditions
            CartGrid3D::CartGrid3D_ApplyBC: Apply symmetry boundary conditions
          Boundary::Boundary_ClearSelection: [level] Unselect all grid variables for boundary conditions
          GRHydro_InitData::GRHydro_Diagshock2D_BoundaryM: 2-D Diagonal shock boundary conditions
        GROUP ADMBase_SetADMVars: Set the ADM variables before this group, and use them afterwards
        GRHydro::GRHydro_RefinementLevel: Calculate current refinement level
        GRHydro::GRHydro_SetLastMoLPostStep: [level] Set grid scalar InLastMoLPostStep if this is the last MoL PostStep call
        GROUP HydroBase_PostStep: Post step tasks for hydro thorns
          GROUP GRHydro_PostStep: Post step tasks for GRHydro
          GROUP GRHydro_AtmosphereMaskBoundaries: Apply boundary conditions to primitives
            GRHydro::GRHydro_SelectAtmosphereMaskBoundaries: [level] Select atmosphere mask for boundary conditions
            GROUP GRHydro_ApplyAtmosphereMaskBCs: Apply boundary conditions to real-valued atmosphere mask
              GROUP BoundaryConditions: Execute all boundary conditions
                Boundary::Boundary_ApplyPhysicalBCs: Apply all requested local physical boundary conditions
                CartGrid3D::CartGrid3D_ApplyBC: Apply symmetry boundary conditions
              Boundary::Boundary_ClearSelection: [level] Unselect all grid variables for boundary conditions
              GRHydro_InitData::GRHydro_Diagshock2D_BoundaryM: 2-D Diagonal shock boundary conditions
          GRHydro::GRHydroPostSyncAtmosphereMask: Set integer atmosphere mask from synchronized real atmosphere mask
          if (GRHydro::InLastMoLPostStep)
            GRHydro::GRHydro_AtmosphereResetM: Reset the atmosphere - MHD version
          GRHydro::GRHydro_CalcBcom: Compute comoving magnetic field, pressure, etc...
          GROUP HydroBase_Boundaries: HydroBase-internal Boundary conditions group
            GROUP Do_GRHydro_Boundaries: GRHydro Boundary conditions group
            GROUP HydroBase_Select_Boundaries: Group to schedule the boundary condition functions
              if (GRHydro::execute_MoL_PostStep)
                GRHydro::GRHydro_Bound: [level] Select GRHydro boundary conditions
            GROUP HydroBase_ApplyBCs: Apply the boundary conditions of HydroBase
              GROUP BoundaryConditions: Execute all boundary conditions
                Boundary::Boundary_ApplyPhysicalBCs: Apply all requested local physical boundary conditions
                CartGrid3D::CartGrid3D_ApplyBC: Apply symmetry boundary conditions
              Boundary::Boundary_ClearSelection: [level] Unselect all grid variables for boundary conditions
              GRHydro_InitData::GRHydro_Diagshock2D_BoundaryM: 2-D Diagonal shock boundary conditions
          GROUP HydroBase_Con2Prim: Convert from conservative to primitive variables
            if (GRHydro::execute_MoL_Step)
              GRHydro::GRHydro_SqrtSpatialDeterminant: Calculate sdetg
            if (GRHydro::execute_MoL_PostStep)
              GRHydro::Con2Prim: Convert back to primitive variables (general) - MHD version
      GROUP MoL_PseudoEvolutionBoundaries: Apply boundary conditions to pseudo-evolved quantities
    [CCTK_POSTSTEP]
      GRHydro::GRHydro_RefinementLevel: Calculate current refinement level (for the check of the C2P mask)
      GRHydro::check_GRHydro_C2P_failed: Check the mask function that contains the points where C2P has failed and report an error in case a failure is found
      GROUP HydroBase_ExcisionHasBeenSet: Group to schedule thorns changing the mask before and thorns using the mask after
      GROUP zzz_NaNChecker_NaNCheck: Check for NaNs and count them in NaNChecker::NaNsFound
        NaNChecker::NaNChecker_NaNCheck_Prepare: [level] Prepare data structures to check for NaNs
        NaNChecker::NaNChecker_NaNCheck_Check: [local] Check for NaNs
        NaNChecker::NaNChecker_NaNCheck_Finish: [level] Count NaNs in NaNChecker::NaNsFound
      NaNChecker::NaNChecker_TakeAction: [global] [loop-level] Output NaNChecker::NaNmask and take action according to NaNChecker::action_if_found
      SpaceMask::CheckMask: Ensure that all mask values are legal
    if (checkpoint)
      [CCTK_CHECKPOINT]
      CarpetIOHDF5::CarpetIOHDF5_EvolutionCheckpoint: [meta] Evolution checkpoint routine
      TimerReport::zzz_TimerReport_Checkpoint: [global] Print the timer report
    endif
    if (analysis)
      [CCTK_ANALYSIS]
      CarpetLib::CarpetLib_printtimestats: [global] Print timing statistics if desired
      CarpetLib::CarpetLib_printmemstats: [global] Print memory statistics if desired
      LoopControl::LC_statistics_analysis: [meta] Output LoopControl statistics
      SystemStatistics::SystemStatistics_Collect: [global] Collect system statistics
      TerminationTrigger::TerminationTrigger_CheckWalltime: Check elapsed job walltime
      TerminationTrigger::TerminationTrigger_CheckSignal: Check if we received a termination signal
      TerminationTrigger::TerminationTrigger_CheckFile: Check termination file
      TimerReport::zzz_TimerReport_Output: [global] Print the timer report
    endif
    Output grid variables
    enddo

  Termination routines
    [CCTK_TERMINATE]
      CarpetIOHDF5::CarpetIOHDF5_TerminationCheckpoint: [meta] Termination checkpoint routine
      LoopControl::LC_statistics_terminate: [meta] Output LoopControl statistics
      MoL::MoL_FreeIndexArrays: Free the MoL bookkeeping index arrays
      TimerReport::zzz_TimerReport_Output: [global] Print the timer report

  Shutdown routines
    [CCTK_SHUTDOWN]
      Timers::Timer_Shutdown: Prepare hierarchical timers

  Routines run after changing the grid hierarchy:
    [CCTK_POSTREGRID]
      CartGrid3D::SpatialCoordinates: Set Coordinates after regridding
      GROUP MaskBase_SetupMask: Set up the weight function
        GROUP MaskBase_SetupMaskAll: Set up the weight function
          CarpetReduce::MaskBase_AllocateMask: [global] Allocate the weight function
          CarpetReduce::MaskBase_InitMask: [global] [loop-local] Initialise the weight function
          GROUP SetupIMaskInternal: Set up the integer weight function (schedule other routines in here)
            CarpetReduce::CoordBase_SetupMask: [global] [loop-local] Set up the outer boundaries of the weight function
            CarpetReduce::CarpetMaskSetup: [global] [loop-singlemap] Set up the weight function for the restriction regions
          GROUP SetupIMask: Set up the integer weight function (schedule other routines in here)
          CarpetReduce::MaskBase_SetMask: [global] [loop-local] Set the weight function
          GROUP SetupMask: Set up the real weight function (schedule other routines in here)
          CarpetReduce::MaskBase_TestMask: [global] Test the weight function
      SpaceMask::MaskZero: Initialise mask to zero
      GROUP HydroBase_ExcisionMaskSetup: Set up hydro excision mask
        HydroBase::HydroBase_InitExcisionMask: Initialize hydro excision mask to 'no excision everywhere'
      SpaceMask::MaskOne: Set mask to one
      GRHydro::GRHydro_SetupMask: Initialize the atmosphere mask
      GROUP MoL_PostStep: Ensure that everything is correct after regridding
        ADMBase::ADMBase_Boundaries: [level] Select ADMBase boundary conditions - may be required for mesh refinement
        GROUP ADMBase_ApplyBCs: Apply the boundary conditions of ADMBase
          GROUP BoundaryConditions: Execute all boundary conditions
            Boundary::Boundary_ApplyPhysicalBCs: Apply all requested local physical boundary conditions
            CartGrid3D::CartGrid3D_ApplyBC: Apply symmetry boundary conditions
          Boundary::Boundary_ClearSelection: [level] Unselect all grid variables for boundary conditions
          GRHydro_InitData::GRHydro_Diagshock2D_BoundaryM: 2-D Diagonal shock boundary conditions
        GROUP ADMBase_SetADMVars: Set the ADM variables before this group, and use them afterwards
        GRHydro::GRHydro_RefinementLevel: Calculate current refinement level
        GRHydro::GRHydro_SetLastMoLPostStep: [level] Set grid scalar InLastMoLPostStep if this is the last MoL PostStep call
        GROUP HydroBase_PostStep: Post step tasks for hydro thorns
          GROUP GRHydro_PostStep: Post step tasks for GRHydro
          GROUP GRHydro_AtmosphereMaskBoundaries: Apply boundary conditions to primitives
            GRHydro::GRHydro_SelectAtmosphereMaskBoundaries: [level] Select atmosphere mask for boundary conditions
            GROUP GRHydro_ApplyAtmosphereMaskBCs: Apply boundary conditions to real-valued atmosphere mask
              GROUP BoundaryConditions: Execute all boundary conditions
                Boundary::Boundary_ApplyPhysicalBCs: Apply all requested local physical boundary conditions
                CartGrid3D::CartGrid3D_ApplyBC: Apply symmetry boundary conditions
              Boundary::Boundary_ClearSelection: [level] Unselect all grid variables for boundary conditions
              GRHydro_InitData::GRHydro_Diagshock2D_BoundaryM: 2-D Diagonal shock boundary conditions
          GRHydro::GRHydroPostSyncAtmosphereMask: Set integer atmosphere mask from synchronized real atmosphere mask
          if (GRHydro::InLastMoLPostStep)
            GRHydro::GRHydro_AtmosphereResetM: Reset the atmosphere - MHD version
          GRHydro::GRHydro_CalcBcom: Compute comoving magnetic field, pressure, etc...
          GROUP HydroBase_Boundaries: HydroBase-internal Boundary conditions group
            GROUP Do_GRHydro_Boundaries: GRHydro Boundary conditions group
            GROUP HydroBase_Select_Boundaries: Group to schedule the boundary condition functions
              if (GRHydro::execute_MoL_PostStep)
                GRHydro::GRHydro_Bound: [level] Select GRHydro boundary conditions
            GROUP HydroBase_ApplyBCs: Apply the boundary conditions of HydroBase
              GROUP BoundaryConditions: Execute all boundary conditions
                Boundary::Boundary_ApplyPhysicalBCs: Apply all requested local physical boundary conditions
                CartGrid3D::CartGrid3D_ApplyBC: Apply symmetry boundary conditions
              Boundary::Boundary_ClearSelection: [level] Unselect all grid variables for boundary conditions
              GRHydro_InitData::GRHydro_Diagshock2D_BoundaryM: 2-D Diagonal shock boundary conditions
          GROUP HydroBase_Con2Prim: Convert from conservative to primitive variables
            if (GRHydro::execute_MoL_Step)
              GRHydro::GRHydro_SqrtSpatialDeterminant: Calculate sdetg
            if (GRHydro::execute_MoL_PostStep)
              GRHydro::Con2Prim: Convert back to primitive variables (general) - MHD version
      GROUP MoL_PseudoEvolutionBoundaries: Apply boundary conditions to pseudo-evolved quantities
--------------------------------------------------------------------------------
INFO (Carpet): Multi-Model listing:
   model 0: "world"
INFO (Carpet): Multi-Model process distribution:
   processes 0-1: model 0 "world"
INFO (Carpet): Multi-Model: This is process 0, model 0 "world"
INFO (CarpetLib): Process startup time was 1.07 seconds
Current core file size limit: hard=[unlimited], soft=0 MB
Current addres space size limit: hard=[unlimited], soft=[unlimited]
Current data segment size limit: hard=[unlimited], soft=[unlimited]
Current resident set size limit: hard=[unlimited], soft=[unlimited]
INFO (CycleClock): Measuring CycleClock tick via OpenMP...
INFO (CycleClock): Calibrated CycleClock: 0.408916 ns per clock tick (2.44549 GHz)
INFO (Vectors): Using vector size 2 for architecture SSE2 (64-bit precision)
INFO (hwloc): library version 2.10.0, API version 0x20800
--------------------------------------------------------------------------------
AMR driver provided by Carpet
--------------------------------------------------------------------------------
AMR scalar I/O provided by CarpetIOScalar
--------------------------------------------------------------------------------
GRHydro: relativistic hydrodynamics, no ice.
--------------------------------------------------------------------------------
HydroBase: Let it flow.
--------------------------------------------------------------------------------
AMR 0D ASCII I/O provided by CarpetIOASCII
--------------------------------------------------------------------------------
AMR 1D ASCII I/O provided by CarpetIOASCII
--------------------------------------------------------------------------------
AMR 2D ASCII I/O provided by CarpetIOASCII
--------------------------------------------------------------------------------
AMR 3D ASCII I/O provided by CarpetIOASCII
--------------------------------------------------------------------------------
AMR info I/O provided by CarpetIOBasic
--------------------------------------------------------------------------------
MoL: Generalized time integration.
--------------------------------------------------------------------------------
AMR HDF5 I/O provided by CarpetIOHDF5
--------------------------------------------------------------------------------
AMR 0D HDF5 I/O provided by CarpetIOHDF5
--------------------------------------------------------------------------------
AMR 1D HDF5 I/O provided by CarpetIOHDF5
--------------------------------------------------------------------------------
AMR 2D HDF5 I/O provided by CarpetIOHDF5
--------------------------------------------------------------------------------
AMR 3D HDF5 I/O provided by CarpetIOHDF5
--------------------------------------------------------------------------------

INFO (Carpet): MPI is enabled
INFO (Carpet): Carpet is running on 2 processes
INFO (Carpet): This is process 0
INFO (Carpet): OpenMP is enabled
INFO (Carpet): This process contains 1 threads, this is thread 0
INFO (Carpet): There are 2 threads in total
INFO (Carpet): There are 1 threads per process
INFO (Carpet): This process runs on host runnervmmklqx, pid=178920
INFO (Carpet): This process runs on 2 cores: 0-1
INFO (Carpet): Thread 0 runs on 2 cores: 0-1
INFO (Carpet): This simulation is running in 3 dimensions
INFO (Carpet): Boundary specification for map 0:
   nboundaryzones: [[1,1,1],[1,1,1]]
   is_internal   : [[0,0,0],[0,0,0]]
   is_staggered  : [[0,0,0],[0,0,0]]
   shiftout      : [[0,0,0],[0,0,0]]
INFO (Carpet): CoordBase domain specification for map 0:
   physical extent: [-0.353553,-0.353553,-0.00353553] : [0.353553,0.353553,0.00353553]   ([0.707107,0.707107,0.00707107])
   interior extent: [-0.282843,-0.282843,-0.00265165] : [0.282843,0.282843,0.00265165]   ([0.565685,0.565685,0.0053033])
   exterior extent: [-0.353553,-0.353553,-0.00353553] : [0.353553,0.353553,0.00353553]   ([0.707107,0.707107,0.00707107])
   base_spacing   : [0.0707107,0.0707107,0.000883883]
INFO (Carpet): Adapted domain specification for map 0:
   convergence factor: 2
   convergence level : 0
   physical extent   : [-0.353553,-0.353553,-0.00353553] : [0.353553,0.353553,0.00353553]   ([0.707107,0.707107,0.00707107])
   interior extent   : [-0.282843,-0.282843,-0.00265165] : [0.282843,0.282843,0.00265165]   ([0.565685,0.565685,0.0053033])
   exterior extent   : [-0.353553,-0.353553,-0.00353553] : [0.353553,0.353553,0.00353553]   ([0.707107,0.707107,0.00707107])
   spacing           : [0.0707107,0.0707107,0.000883883]
INFO (Carpet): Base grid specification for map 0:
   number of grid points             : [11,11,9]
   number of coarse grid ghost points: [[3,3,3],[3,3,3]]
INFO (Carpet): Buffer zone counts (excluding ghosts):
   [0]: [[0,0,0],[0,0,0]]
INFO (Carpet): Overlap zone counts:
   [0]: [[0,0,0],[0,0,0]]
INFO (Carpet): Group and variable statistics:
INFO (Carpet):    There are 607 grid functions in 108 groups
INFO (Carpet):    There are 131 grid scalars in 56 groups
INFO (Carpet):    There are 60 1-dimensional grid arrays in 10 groups
INFO (Carpet):    There are 1 2-dimensional grid arrays in 1 groups
INFO (Carpet):    There are 0 3-dimensional grid arrays in 0 groups
INFO (Carpet):    (The number of variables counts all time levels)
INFO (CarpetIOASCII): I/O Method 'IOASCII_0D' registered: 0D AMR output of grid variables to ASCII files
INFO (CarpetIOASCII): Periodic 0D AMR output requested for:
   CARPET::physical_time_per_hour
   CARPET::current_physical_time_per_hour
   CARPET::time_total
   CARPET::time_evolution
   CARPET::time_computing
   CARPET::time_communicating
   CARPET::time_io
   CARPET::evolution_steps_count
   CARPET::local_grid_points_per_second
   CARPET::total_grid_points_per_second
   CARPET::local_grid_point_updates_count
   CARPET::total_grid_point_updates_count
   CARPET::local_interior_points_per_second
   CARPET::total_interior_points_per_second
   CARPET::local_interior_point_updates_count
   CARPET::total_interior_point_updates_count
   CARPET::io_per_second
   CARPET::io_bytes_per_second
   CARPET::io_bytes_ascii_per_second
   CARPET::io_bytes_binary_per_second
   CARPET::io_count
   CARPET::io_bytes_count
   CARPET::io_bytes_ascii_count
   CARPET::io_bytes_binary_count
   CARPET::comm_per_second
   CARPET::comm_bytes_per_second
   CARPET::comm_count
   CARPET::comm_bytes_count
   CARPET::time_levels
   CARPET::current_walltime
   CARPET::syncs_count
INFO (CarpetIOASCII): I/O Method 'IOASCII_1D' registered: 1D AMR output of grid variables to ASCII files
INFO (CarpetIOASCII): Periodic 1D AMR output requested for:
   GRHYDRO::divB
   HYDROBASE::rho
   HYDROBASE::press
   HYDROBASE::eps
   HYDROBASE::vel[0]
   HYDROBASE::vel[1]
   HYDROBASE::vel[2]
   HYDROBASE::w_lorentz
   HYDROBASE::Bvec[0]
   HYDROBASE::Bvec[1]
   HYDROBASE::Bvec[2]
INFO (CarpetIOASCII): I/O Method 'IOASCII_2D' registered: 2D AMR output of grid variables to ASCII files
INFO (CarpetIOASCII): Periodic 2D AMR output requested for:
   GRHYDRO::dens
   GRHYDRO::tau
   GRHYDRO::scon[0]
   GRHYDRO::scon[1]
   GRHYDRO::scon[2]
   GRHYDRO::Bcons[0]
   GRHYDRO::Bcons[1]
   GRHYDRO::Bcons[2]
   GRHYDRO::psidc
   GRHYDRO::divB
   GRHYDRO::bcom[0]
   GRHYDRO::bcom[1]
   GRHYDRO::bcom[2]
   GRHYDRO::bcom0
   GRHYDRO::bcom_sq
   HYDROBASE::rho
   HYDROBASE::press
   HYDROBASE::eps
   HYDROBASE::vel[0]
   HYDROBASE::vel[1]
   HYDROBASE::vel[2]
   HYDROBASE::w_lorentz
   HYDROBASE::Bvec[0]
   HYDROBASE::Bvec[1]
   HYDROBASE::Bvec[2]
INFO (CarpetIOASCII): I/O Method 'IOASCII_3D' registered: 3D AMR output of grid variables to ASCII files
INFO (CarpetIOHDF5): I/O Method 'IOHDF5' registered: AMR output of grid variables to HDF5 files
INFO (CarpetIOHDF5): I/O Method 'IOHDF5_0D' registered: 0D AMR output of grid variables to HDF5 files
INFO (CarpetIOHDF5): I/O Method 'IOHDF5_1D' registered: 1D AMR output of grid variables to HDF5 files
INFO (CarpetIOHDF5): I/O Method 'IOHDF5_2D' registered: 2D AMR output of grid variables to HDF5 files
INFO (CarpetIOHDF5): Periodic 2D AMR output requested for:
   GRHYDRO::dens
   GRHYDRO::tau
   GRHYDRO::scon[0]
   GRHYDRO::scon[1]
   GRHYDRO::scon[2]
   GRHYDRO::Bcons[0]
   GRHYDRO::Bcons[1]
   GRHYDRO::Bcons[2]
   GRHYDRO::psidc
   GRHYDRO::divB
   GRHYDRO::bcom[0]
   GRHYDRO::bcom[1]
   GRHYDRO::bcom[2]
   GRHYDRO::bcom0
   GRHYDRO::bcom_sq
   HYDROBASE::rho
   HYDROBASE::press
   HYDROBASE::eps
   HYDROBASE::vel[0]
   HYDROBASE::vel[1]
   HYDROBASE::vel[2]
   HYDROBASE::w_lorentz
   HYDROBASE::Bvec[0]
   HYDROBASE::Bvec[1]
   HYDROBASE::Bvec[2]
INFO (CarpetIOHDF5): I/O Method 'IOHDF5_3D' registered: 3D AMR output of grid variables to HDF5 files
INFO (CarpetIOHDF5): Periodic 3D AMR output requested for:
   GRHYDRO::divB
   GRHYDRO::bcom[0]
   GRHYDRO::bcom[1]
   GRHYDRO::bcom[2]
   GRHYDRO::bcom0
   GRHYDRO::bcom_sq
   HYDROBASE::rho
   HYDROBASE::press
   HYDROBASE::eps
   HYDROBASE::vel[0]
   HYDROBASE::vel[1]
   HYDROBASE::vel[2]
   HYDROBASE::w_lorentz
   HYDROBASE::Bvec[0]
   HYDROBASE::Bvec[1]
   HYDROBASE::Bvec[2]
INFO (MoL): Using Runge-Kutta 2 as the time integrator.
INFO (MoL): The maximum number of evolved variables is 439. 8 are registered.
INFO (MoL): The maximum number of slow evolved variables is 439. 0 are registered.
INFO (MoL): The maximum number of constrained variables is 439. 10 are registered.
INFO (MoL): The maximum number of SandR variables is 439. 16 are registered.
INFO (MoL): The maximum number of evolved array variables is 439. 0 are registered.
INFO (MoL): The maximum number of constrained array variables is 439. 0 are registered.
INFO (MoL): The maximum number of SandR array variables is 439. 0 are registered.
INFO (MoL): The maximum size of any array variables is 0.
INFO (Vectors): Testing vectorisation... [errors may result in segfaults]
INFO (Vectors): 375/375 tests passed 
INFO (CartGrid3D): Grid Spacings:
INFO (CartGrid3D): dx=>7.0710678e-02  dy=>7.0710678e-02  dz=>8.8388348e-04
INFO (CartGrid3D): Computational Coordinates:
INFO (CartGrid3D): x=>[-0.354, 0.354]  y=>[-0.354, 0.354]  z=>[-0.004, 0.004]
INFO (CartGrid3D): Indices of Physical Coordinates:
INFO (CartGrid3D): x=>[0,10]  y=>[0,10]  z=>[0,8]
INFO (TerminationTrigger): Reminding you every 60 minutes about remaining walltime
INFO (Time): Timestep set to 0.000353553 (courant_static)
INFO (GRHydro): Trying to get EOS handles
INFO (GRHydro): Trying to get EOS handles
INFO (GRHydro): GRHydro will use the Ideal_Fluid equation of state.
INFO (GRHydro): Setting up the atmosphere mask: all points are not_atmosphere
[1mWARNING level 2 from host runnervmmklqx.hxjakfajtdtuxlv55ejn1q2nha.dx.internal.cloudapp.net process 0
  in thorn Carpet, file /home/runner/work/tests/tests/master/configs/sim/build/Carpet/Comm.cc:103:
  ->[0m Synchronising group "GRHYDRO::TAU" in local mode
[1mWARNING level 2 from host runnervmmklqx.hxjakfajtdtuxlv55ejn1q2nha.dx.internal.cloudapp.net process 0
  in thorn Carpet, file /home/runner/work/tests/tests/master/configs/sim/build/Carpet/Comm.cc:103:
  ->[0m Synchronising group "GRHYDRO::DENS" in local mode
[1mWARNING level 2 from host runnervmmklqx.hxjakfajtdtuxlv55ejn1q2nha.dx.internal.cloudapp.net process 0
  in thorn Carpet, file /home/runner/work/tests/tests/master/configs/sim/build/Carpet/Comm.cc:103:
  ->[0m Synchronising group "GRHYDRO::SCON" in local mode
[1mWARNING level 2 from host runnervmmklqx.hxjakfajtdtuxlv55ejn1q2nha.dx.internal.cloudapp.net process 0
  in thorn Carpet, file /home/runner/work/tests/tests/master/configs/sim/build/Carpet/Comm.cc:103:
  ->[0m Synchronising group "GRHYDRO::BCONS" in local mode
[1mWARNING level 2 from host runnervmmklqx.hxjakfajtdtuxlv55ejn1q2nha.dx.internal.cloudapp.net process 0
  in thorn Carpet, file /home/runner/work/tests/tests/master/configs/sim/build/Carpet/Comm.cc:103:
  ->[0m Synchronising group "GRHYDRO::TAU" in local mode
[1mWARNING level 2 from host runnervmmklqx.hxjakfajtdtuxlv55ejn1q2nha.dx.internal.cloudapp.net process 0
  in thorn Carpet, file /home/runner/work/tests/tests/master/configs/sim/build/Carpet/Comm.cc:103:
  ->[0m Synchronising group "GRHYDRO::DENS" in local mode
[1mWARNING level 2 from host runnervmmklqx.hxjakfajtdtuxlv55ejn1q2nha.dx.internal.cloudapp.net process 0
  in thorn Carpet, file /home/runner/work/tests/tests/master/configs/sim/build/Carpet/Comm.cc:103:
  ->[0m Synchronising group "GRHYDRO::SCON" in local mode
[1mWARNING level 2 from host runnervmmklqx.hxjakfajtdtuxlv55ejn1q2nha.dx.internal.cloudapp.net process 0
  in thorn Carpet, file /home/runner/work/tests/tests/master/configs/sim/build/Carpet/Comm.cc:103:
  ->[0m Synchronising group "GRHYDRO::BCONS" in local mode
[1mWARNING level 2 from host runnervmmklqx.hxjakfajtdtuxlv55ejn1q2nha.dx.internal.cloudapp.net process 0
  in thorn Carpet, file /home/runner/work/tests/tests/master/configs/sim/build/Carpet/Comm.cc:103:
  ->[0m Synchronising group "GRHYDRO::TAU" in local mode
[1mWARNING level 2 from host runnervmmklqx.hxjakfajtdtuxlv55ejn1q2nha.dx.internal.cloudapp.net process 0
  in thorn Carpet, file /home/runner/work/tests/tests/master/configs/sim/build/Carpet/Comm.cc:103:
  ->[0m Synchronising group "GRHYDRO::DENS" in local mode
[1mWARNING level 2 from host runnervmmklqx.hxjakfajtdtuxlv55ejn1q2nha.dx.internal.cloudapp.net process 0
  in thorn Carpet, file /home/runner/work/tests/tests/master/configs/sim/build/Carpet/Comm.cc:103:
  ->[0m Synchronising group "GRHYDRO::SCON" in local mode
[1mWARNING level 2 from host runnervmmklqx.hxjakfajtdtuxlv55ejn1q2nha.dx.internal.cloudapp.net process 0
  in thorn Carpet, file /home/runner/work/tests/tests/master/configs/sim/build/Carpet/Comm.cc:103:
  ->[0m Synchronising group "GRHYDRO::BCONS" in local mode
[1mWARNING level 2 from host runnervmmklqx.hxjakfajtdtuxlv55ejn1q2nha.dx.internal.cloudapp.net process 0
  in thorn Carpet, file /home/runner/work/tests/tests/master/configs/sim/build/Carpet/Comm.cc:103:
  ->[0m Synchronising group "GRHYDRO::TAU" in local mode
[1mWARNING level 2 from host runnervmmklqx.hxjakfajtdtuxlv55ejn1q2nha.dx.internal.cloudapp.net process 0
  in thorn Carpet, file /home/runner/work/tests/tests/master/configs/sim/build/Carpet/Comm.cc:103:
  ->[0m Synchronising group "GRHYDRO::DENS" in local mode
[1mWARNING level 2 from host runnervmmklqx.hxjakfajtdtuxlv55ejn1q2nha.dx.internal.cloudapp.net process 0
  in thorn Carpet, file /home/runner/work/tests/tests/master/configs/sim/build/Carpet/Comm.cc:103:
  ->[0m Synchronising group "GRHYDRO::SCON" in local mode
[1mWARNING level 2 from host runnervmmklqx.hxjakfajtdtuxlv55ejn1q2nha.dx.internal.cloudapp.net process 0
  in thorn Carpet, file /home/runner/work/tests/tests/master/configs/sim/build/Carpet/Comm.cc:103:
  ->[0m Synchronising group "GRHYDRO::BCONS" in local mode
[1mWARNING level 2 from host runnervmmklqx.hxjakfajtdtuxlv55ejn1q2nha.dx.internal.cloudapp.net process 0
  in thorn Carpet, file /home/runner/work/tests/tests/master/configs/sim/build/Carpet/Comm.cc:103:
  ->[0m Synchronising group "GRHYDRO::TAU" in local mode
[1mWARNING level 2 from host runnervmmklqx.hxjakfajtdtuxlv55ejn1q2nha.dx.internal.cloudapp.net process 0
  in thorn Carpet, file /home/runner/work/tests/tests/master/configs/sim/build/Carpet/Comm.cc:103:
  ->[0m Synchronising group "GRHYDRO::DENS" in local mode
[1mWARNING level 2 from host runnervmmklqx.hxjakfajtdtuxlv55ejn1q2nha.dx.internal.cloudapp.net process 0
  in thorn Carpet, file /home/runner/work/tests/tests/master/configs/sim/build/Carpet/Comm.cc:103:
  ->[0m Synchronising group "GRHYDRO::SCON" in local mode
[1mWARNING level 2 from host runnervmmklqx.hxjakfajtdtuxlv55ejn1q2nha.dx.internal.cloudapp.net process 0
  in thorn Carpet, file /home/runner/work/tests/tests/master/configs/sim/build/Carpet/Comm.cc:103:
  ->[0m Synchronising group "GRHYDRO::BCONS" in local mode
[1mWARNING level 2 from host runnervmmklqx.hxjakfajtdtuxlv55ejn1q2nha.dx.internal.cloudapp.net process 0
  in thorn Carpet, file /home/runner/work/tests/tests/master/configs/sim/build/Carpet/Comm.cc:103:
  ->[0m Synchronising group "GRHYDRO::TAU" in local mode
[1mWARNING level 2 from host runnervmmklqx.hxjakfajtdtuxlv55ejn1q2nha.dx.internal.cloudapp.net process 0
  in thorn Carpet, file /home/runner/work/tests/tests/master/configs/sim/build/Carpet/Comm.cc:103:
  ->[0m Synchronising group "GRHYDRO::DENS" in local mode
[1mWARNING level 2 from host runnervmmklqx.hxjakfajtdtuxlv55ejn1q2nha.dx.internal.cloudapp.net process 0
  in thorn Carpet, file /home/runner/work/tests/tests/master/configs/sim/build/Carpet/Comm.cc:103:
  ->[0m Synchronising group "GRHYDRO::SCON" in local mode
[1mWARNING level 2 from host runnervmmklqx.hxjakfajtdtuxlv55ejn1q2nha.dx.internal.cloudapp.net process 0
  in thorn Carpet, file /home/runner/work/tests/tests/master/configs/sim/build/Carpet/Comm.cc:103:
  ->[0m Synchronising group "GRHYDRO::BCONS" in local mode
[1mWARNING level 2 from host runnervmmklqx.hxjakfajtdtuxlv55ejn1q2nha.dx.internal.cloudapp.net process 0
  in thorn Carpet, file /home/runner/work/tests/tests/master/configs/sim/build/Carpet/Comm.cc:103:
  ->[0m Synchronising group "GRHYDRO::TAU" in local mode
[1mWARNING level 2 from host runnervmmklqx.hxjakfajtdtuxlv55ejn1q2nha.dx.internal.cloudapp.net process 0
  in thorn Carpet, file /home/runner/work/tests/tests/master/configs/sim/build/Carpet/Comm.cc:103:
  ->[0m Synchronising group "GRHYDRO::DENS" in local mode
[1mWARNING level 2 from host runnervmmklqx.hxjakfajtdtuxlv55ejn1q2nha.dx.internal.cloudapp.net process 0
  in thorn Carpet, file /home/runner/work/tests/tests/master/configs/sim/build/Carpet/Comm.cc:103:
  ->[0m Synchronising group "GRHYDRO::SCON" in local mode
[1mWARNING level 2 from host runnervmmklqx.hxjakfajtdtuxlv55ejn1q2nha.dx.internal.cloudapp.net process 0
  in thorn Carpet, file /home/runner/work/tests/tests/master/configs/sim/build/Carpet/Comm.cc:103:
  ->[0m Synchronising group "GRHYDRO::BCONS" in local mode
[1mWARNING level 2 from host runnervmmklqx.hxjakfajtdtuxlv55ejn1q2nha.dx.internal.cloudapp.net process 0
  in thorn Carpet, file /home/runner/work/tests/tests/master/configs/sim/build/Carpet/Comm.cc:103:
  ->[0m Synchronising group "GRHYDRO::TAU" in local mode
[1mWARNING level 2 from host runnervmmklqx.hxjakfajtdtuxlv55ejn1q2nha.dx.internal.cloudapp.net process 0
  in thorn Carpet, file /home/runner/work/tests/tests/master/configs/sim/build/Carpet/Comm.cc:103:
  ->[0m Synchronising group "GRHYDRO::DENS" in local mode
[1mWARNING level 2 from host runnervmmklqx.hxjakfajtdtuxlv55ejn1q2nha.dx.internal.cloudapp.net process 0
  in thorn Carpet, file /home/runner/work/tests/tests/master/configs/sim/build/Carpet/Comm.cc:103:
  ->[0m Synchronising group "GRHYDRO::SCON" in local mode
[1mWARNING level 2 from host runnervmmklqx.hxjakfajtdtuxlv55ejn1q2nha.dx.internal.cloudapp.net process 0
  in thorn Carpet, file /home/runner/work/tests/tests/master/configs/sim/build/Carpet/Comm.cc:103:
  ->[0m Synchronising group "GRHYDRO::BCONS" in local mode
      GRHydro_InitialAtmosphereReset
Memory statistics from CarpetLib:
   Current number of objects: 206
   Current allocated memory:  0.722 MB
   Maximum number of objects: 208
   Maximum allocated memory:  0.733 MB
   Current administrative memory: 0.756 MB
   Total allocated used system memory: 13.3 MB
   Total allocated free system memory: 0.213 MB
   gh::allmemory:    51184
   dh::allmemory:    598608
   th::allmemory:    13920
   ggf::allmemory:   78024
   gdata::allmemory: 14048
-------------------------------------------------------------------------------------------
Iteration      Time | *me_per_hour | *RO::bcom_sq | *ROBASE::rho | *BASE::press | *axrss_mb
                    |              |      maximum |      maximum |      maximum |   maximum
-------------------------------------------------------------------------------------------
        0     0.000 |    0.0000000 |  100.1959019 |    1.0000000 |    0.1000000 |        61
---------------------------------------------------------------------------------------------------------------------------------------------------------
Time      Time   Imblnc   Timer                                               gettimeof  getrusage      cycle  cycle[avg  cycle[sdv  cycle[min  cycle[max
percent   secs   percent                                                           secs       secs       secs       secs       secs       secs       secs
---------------------------------------------------------------------------------------------------------------------------------------------------------
  99.9%      0.0    0.1%  Initialise                                            0.01334   0.006182  3.261e+07  3.261e+07          0  3.261e+07  3.261e+07
  18.3%      0.0    1.6%  |_CallAnalysis                                       0.002484   0.001515  6.072e+06  6.072e+06          0  6.072e+06  6.072e+06
   5.8%      0.0    1.4%  | |_CCTK_ANALYSIS                                    0.000778          0  1.903e+06  1.903e+06          0  1.903e+06  1.903e+06
   5.3%      0.0    1.6%  | | |_CallFunction                                   0.000712          0  1.742e+06  2.178e+05  8.271e+05  4.207e+04  9.663e+05
   3.8%      0.0    5.2%  | | | |_thorns                                       0.000537          0  1.317e+06  1.647e+05  8.314e+05  1.379e+04  9.159e+05
   2.5%      0.0   10.5%  | | | | |_CarpetLib_printmemstats                    0.000368          0  9.028e+05  9.028e+05          0  9.028e+05  9.028e+05
   1.4%      0.0          | | | |_untimed
  11.2%      0.0    2.0%  | |_OutputGH                                         0.001517   0.001502  3.706e+06  3.706e+06          0  3.706e+06  3.706e+06
  11.0%      0.0    1.4%  | | |_OutputGH                                       0.001492   0.001478  3.647e+06  3.647e+06          0  3.647e+06  3.647e+06
   6.6%      0.0    0.9%  | | | |_IOASCII::IOASCII_1D [2]                      0.000884   0.000871  2.162e+06  2.162e+06          0  2.162e+06  2.162e+06
   6.5%      0.0    1.2%  | | | | |_OutputGH<1>                                0.000877   0.000865  2.148e+06  2.148e+06          0  2.148e+06  2.148e+06
   1.9%      0.0    4.3%  | | | |_IOBasic::CarpetIOBasic [5]                   0.000267   0.000268  6.536e+05  6.536e+05          0  6.536e+05  6.536e+05
   1.9%      0.0    4.6%  | | | | |_OutputGH                                   0.000262   0.000262  6.409e+05  6.409e+05          0  6.409e+05  6.409e+05
   1.0%      0.0          | |_untimed
  47.7%      0.0    0.0%  |_CallInitial                                         0.00637   0.002753  1.557e+07  1.557e+07          0  1.557e+07  1.557e+07
   9.3%      0.0    2.5%  | |_CCTK_BASEGRID                                    0.001266          0  3.097e+06  3.097e+06          0  3.097e+06  3.097e+06
   8.1%      0.0    3.0%  | | |_CallFunction                                    0.00112          0  2.744e+06  1.143e+05  3.027e+05  3.829e+04   2.52e+05
   3.9%      0.0    5.3%  | | | |_thorns                                        0.00055          0   1.33e+06  5.543e+04  2.432e+05  1.208e+04  1.592e+05
   4.2%      0.0          | | | |_untimed
   1.1%      0.0          | | |_untimed
   8.6%      0.0    0.7%  | |_CCTK_INITIAL                                     0.001156   0.000644  2.828e+06  2.828e+06          0  2.828e+06  2.828e+06
   7.6%      0.0    0.7%  | | |_CallFunction                                   0.001026   0.000587   2.51e+06  1.321e+05  6.012e+05  1.891e+04  6.656e+05
   4.2%      0.0    2.2%  | | | |_thorns                                       0.000573   0.000386  1.402e+06  7.379e+04  5.688e+05   1.24e+04  6.094e+05
   1.7%      0.0    4.7%  | | | | |_GRHydro_shocktubeM                         0.000244   0.000225  5.988e+05  5.988e+05          0  5.988e+05  5.988e+05
   3.4%      0.0          | | | |_untimed
  23.7%      0.0    1.3%  | |_CCTK_POSTINITIAL                                 0.003114   0.002077  7.617e+06  7.617e+06          0  7.617e+06  7.617e+06
  22.3%      0.0    1.5%  | | |_CallFunction                                   0.002922   0.001955   7.15e+06  2.465e+05  1.633e+06  1.134e+04  1.035e+06
   3.6%      0.0    9.4%  | | | |_syncs                                        0.000434   0.000318  1.063e+06  3.543e+05  3.179e+05  1.075e+05  5.473e+05
   3.4%      0.0    9.3%  | | | | |_Sync                                       0.000413   0.000302  1.012e+06  3.373e+05  3.072e+05  9.761e+04  5.211e+05
  14.5%      0.0    0.4%  | | | |_thorns                                        0.00194   0.001276  4.736e+06  1.633e+05  1.544e+06       6835  9.649e+05
   1.3%      0.0    4.5%  | | | | |_Con2Prim                                   0.000188   0.000188  4.599e+05  4.599e+05          0  4.599e+05  4.599e+05
  10.2%      0.0    0.2%  | | | | |_GRHydro_Diagshock2D_BoundaryM              0.001365   0.000841  3.339e+06  8.347e+05  1.611e+05  7.455e+05  9.449e+05
   7.1%      0.0   18.3%  | | | | | |_Sync                                     0.000739   0.000466  1.807e+06  2.259e+05  1.215e+05   1.76e+05  3.172e+05
   1.4%      0.0    7.7%  | | | | | | |_comm_state[3].state_fill_send_buffer   0.000202   0.000119   4.96e+05    6.2e+04   1.53e+04  5.542e+04   7.36e+04
   2.3%      0.0   40.7%  | | | | | | |_comm_state[6].state_do_some_work.ste    9.5e-05    6.5e-05  2.346e+05  2.932e+04  1.921e+04   1.96e+04  3.908e+04
   1.0%      0.0    5.0%  | | | | | | |_comm_state[7].state_empty_recv_buffe   0.000125    9.7e-05  2.999e+05  3.748e+04  6.432e+04  2.673e+04  9.748e+04
   1.2%      0.0          | | | | | | |_untimed
   3.0%      0.0          | | | | | |_untimed
   4.1%      0.0          | | | |_untimed
   1.4%      0.0          | | |_untimed
   4.8%      0.0    0.5%  | |_Poison                                           0.000648          0  1.584e+06  1.584e+06          0  1.584e+06  1.584e+06
   8.9%      0.0    0.3%  |_CallPostInitial                                    0.001187   0.001151  2.901e+06  2.901e+06          0  2.901e+06  2.901e+06
   4.4%      0.0    2.2%  | |_CCTK_POSTPOSTINITIAL                             0.000597   0.000597  1.461e+06  1.461e+06          0  1.461e+06  1.461e+06
   4.0%      0.0    1.3%  | | |_CallFunction                                   0.000539    0.00054   1.32e+06  3.301e+05  2.689e+05  1.648e+05   5.22e+05
   3.1%      0.0    3.4%  | | | |_thorns                                       0.000426   0.000427  1.045e+06  2.612e+05  2.771e+05  9.457e+04   4.64e+05
   1.3%      0.0    5.4%  | | | | |_Con2Prim                                   0.000184   0.000185  4.505e+05  4.505e+05          0  4.505e+05  4.505e+05
   3.8%      0.0    4.8%  | |_CCTK_POSTSTEP                                    0.000484   0.000482  1.227e+06  1.227e+06          0  1.227e+06  1.227e+06
   3.5%      0.0    4.9%  | | |_CallFunction                                   0.000437   0.000435  1.069e+06  1.527e+05  5.521e+05  2.109e+04  6.586e+05
   2.5%      0.0    3.5%  | | | |_thorns                                       0.000323   0.000319   7.85e+05  1.121e+05  5.342e+05   1.62e+04  6.056e+05
   1.8%      0.0    3.1%  | | | | |_NaNChecker_NaNCheck_Check                  0.000242   0.000242  5.938e+05  5.938e+05          0  5.938e+05  5.938e+05
  10.3%      0.0    3.2%  |_CallSetup                                          0.001325          0  3.242e+06  3.242e+06          0  3.242e+06  3.242e+06
   2.4%      0.0   10.3%  | |_CCTK_PARAMCHECK                                   0.00028          0  6.845e+05  6.845e+05          0  6.845e+05  6.845e+05
   1.8%      0.0   11.5%  | | |_CallFunction                                    0.00021          0  5.151e+05  4.292e+04  1.798e+05  1.605e+04  2.092e+05
   1.6%      0.0   12.2%  | | | |_thorns                                       0.000186          0  4.515e+05  3.763e+04  1.796e+05  1.134e+04  2.036e+05
   3.7%      0.0   11.9%  | |_CCTK_WRAGH                                       0.000564          0   1.38e+06   1.38e+06          0   1.38e+06   1.38e+06
   3.0%      0.0   15.4%  | | |_CallFunction                                   0.000478          0  1.166e+06  7.286e+04  3.881e+05  1.732e+04  4.209e+05
   2.1%      0.0   18.6%  | | | |_thorns                                       0.000347          0  8.477e+05  5.298e+04  2.996e+05  1.259e+04  3.207e+05
   2.9%      0.0    0.3%  | |_Poison                                           0.000389          0  9.502e+05  9.502e+05          0  9.502e+05  9.502e+05
   1.3%      0.0          | |_untimed
   1.8%      0.0    0.2%  |_CarpetLib::ggf::recompose_allocate                 0.000234    9.9e-05  5.852e+05       2773  1.135e+04       2426       8036
   1.8%      0.0    1.2%  |_CarpetLib::ggf::recompose_crop                     0.000245    9.7e-05  5.214e+05       2471   1.16e+04       2229       8109
   1.4%      0.0    1.8%  |_dh::recompose_free_old                             0.000195    9.1e-05  4.663e+05       2210       6780       2107       6664
   9.6%      0.0          | untimed
---------------------------------------------------------------------------------------------------------------------------------------------------------
---------------------------------------------------------------------------------------------------------------------------------------------------------
Time      Time   Imblnc   Timer                                               gettimeof  getrusage      cycle  cycle[avg  cycle[sdv  cycle[min  cycle[max
percent   secs   percent                                                           secs       secs       secs       secs       secs       secs       secs
---------------------------------------------------------------------------------------------------------------------------------------------------------
 100.0%      0.1    0.0%  meta mode                                             0.06076    0.04673  1.486e+08  4.953e+07  1.213e+08  1.144e+04  1.486e+08
  27.7%      0.0    0.1%  |_meta mode                                           0.01679   0.009494  4.107e+07  1.369e+07  3.349e+07  1.208e+04  4.104e+07
  17.8%      0.0    0.1%  | |_global mode                                       0.01079    0.00534  2.639e+07  2.199e+06  1.272e+07  5.067e+04  1.361e+07
  14.9%      0.0    0.2%  | | |_level(0)                                       0.009072   0.005152  2.225e+07  4.837e+05  8.316e+06       4214   7.51e+06
   1.7%      0.0    4.4%  | | | |_enter_local_mode                             0.000957   0.000325  2.384e+06  1.558e+04  1.543e+05       2033  5.909e+04
  11.6%      0.0          | | | |_untimed
   2.5%      0.0          | | |_untimed
   9.3%      0.0          | |_untimed
  72.4%      0.0          | untimed
---------------------------------------------------------------------------------------------------------------------------------------------------------
[1mWARNING level 2 from host runnervmmklqx.hxjakfajtdtuxlv55ejn1q2nha.dx.internal.cloudapp.net process 0
  in thorn Carpet, file /home/runner/work/tests/tests/master/configs/sim/build/Carpet/Comm.cc:103:
  ->[0m Synchronising group "GRHYDRO::TAU" in local mode
[1mWARNING level 2 from host runnervmmklqx.hxjakfajtdtuxlv55ejn1q2nha.dx.internal.cloudapp.net process 0
  in thorn Carpet, file /home/runner/work/tests/tests/master/configs/sim/build/Carpet/Comm.cc:103:
  ->[0m Synchronising group "GRHYDRO::DENS" in local mode
[1mWARNING level 2 from host runnervmmklqx.hxjakfajtdtuxlv55ejn1q2nha.dx.internal.cloudapp.net process 0
  in thorn Carpet, file /home/runner/work/tests/tests/master/configs/sim/build/Carpet/Comm.cc:103:
  ->[0m Synchronising group "GRHYDRO::SCON" in local mode
[1mWARNING level 2 from host runnervmmklqx.hxjakfajtdtuxlv55ejn1q2nha.dx.internal.cloudapp.net process 0
  in thorn Carpet, file /home/runner/work/tests/tests/master/configs/sim/build/Carpet/Comm.cc:103:
  ->[0m Synchronising group "GRHYDRO::BCONS" in local mode
[1mWARNING level 2 from host runnervmmklqx.hxjakfajtdtuxlv55ejn1q2nha.dx.internal.cloudapp.net process 0
  in thorn Carpet, file /home/runner/work/tests/tests/master/configs/sim/build/Carpet/Comm.cc:103:
  ->[0m Synchronising group "GRHYDRO::TAU" in local mode
[1mWARNING level 2 from host runnervmmklqx.hxjakfajtdtuxlv55ejn1q2nha.dx.internal.cloudapp.net process 0
  in thorn Carpet, file /home/runner/work/tests/tests/master/configs/sim/build/Carpet/Comm.cc:103:
  ->[0m Synchronising group "GRHYDRO::DENS" in local mode
[1mWARNING level 2 from host runnervmmklqx.hxjakfajtdtuxlv55ejn1q2nha.dx.internal.cloudapp.net process 0
  in thorn Carpet, file /home/runner/work/tests/tests/master/configs/sim/build/Carpet/Comm.cc:103:
  ->[0m Synchronising group "GRHYDRO::SCON" in local mode
[1mWARNING level 2 from host runnervmmklqx.hxjakfajtdtuxlv55ejn1q2nha.dx.internal.cloudapp.net process 0
  in thorn Carpet, file /home/runner/work/tests/tests/master/configs/sim/build/Carpet/Comm.cc:103:
  ->[0m Synchronising group "GRHYDRO::BCONS" in local mode
[1mWARNING level 2 from host runnervmmklqx.hxjakfajtdtuxlv55ejn1q2nha.dx.internal.cloudapp.net process 0
  in thorn Carpet, file /home/runner/work/tests/tests/master/configs/sim/build/Carpet/Comm.cc:103:
  ->[0m Synchronising group "GRHYDRO::TAU" in local mode
[1mWARNING level 2 from host runnervmmklqx.hxjakfajtdtuxlv55ejn1q2nha.dx.internal.cloudapp.net process 0
  in thorn Carpet, file /home/runner/work/tests/tests/master/configs/sim/build/Carpet/Comm.cc:103:
  ->[0m Synchronising group "GRHYDRO::DENS" in local mode
[1mWARNING level 2 from host runnervmmklqx.hxjakfajtdtuxlv55ejn1q2nha.dx.internal.cloudapp.net process 0
  in thorn Carpet, file /home/runner/work/tests/tests/master/configs/sim/build/Carpet/Comm.cc:103:
  ->[0m Synchronising group "GRHYDRO::SCON" in local mode
[1mWARNING level 2 from host runnervmmklqx.hxjakfajtdtuxlv55ejn1q2nha.dx.internal.cloudapp.net process 0
  in thorn Carpet, file /home/runner/work/tests/tests/master/configs/sim/build/Carpet/Comm.cc:103:
  ->[0m Synchronising group "GRHYDRO::BCONS" in local mode
[1mWARNING level 2 from host runnervmmklqx.hxjakfajtdtuxlv55ejn1q2nha.dx.internal.cloudapp.net process 0
  in thorn Carpet, file /home/runner/work/tests/tests/master/configs/sim/build/Carpet/Comm.cc:103:
  ->[0m Synchronising group "GRHYDRO::TAU" in local mode
[1mWARNING level 2 from host runnervmmklqx.hxjakfajtdtuxlv55ejn1q2nha.dx.internal.cloudapp.net process 0
  in thorn Carpet, file /home/runner/work/tests/tests/master/configs/sim/build/Carpet/Comm.cc:103:
  ->[0m Synchronising group "GRHYDRO::DENS" in local mode
[1mWARNING level 2 from host runnervmmklqx.hxjakfajtdtuxlv55ejn1q2nha.dx.internal.cloudapp.net process 0
  in thorn Carpet, file /home/runner/work/tests/tests/master/configs/sim/build/Carpet/Comm.cc:103:
  ->[0m Synchronising group "GRHYDRO::SCON" in local mode
[1mWARNING level 2 from host runnervmmklqx.hxjakfajtdtuxlv55ejn1q2nha.dx.internal.cloudapp.net process 0
  in thorn Carpet, file /home/runner/work/tests/tests/master/configs/sim/build/Carpet/Comm.cc:103:
  ->[0m Synchronising group "GRHYDRO::BCONS" in local mode
[1mWARNING level 2 from host runnervmmklqx.hxjakfajtdtuxlv55ejn1q2nha.dx.internal.cloudapp.net process 0
  in thorn Carpet, file /home/runner/work/tests/tests/master/configs/sim/build/Carpet/Comm.cc:103:
  ->[0m Synchronising group "GRHYDRO::TAU" in local mode
[1mWARNING level 2 from host runnervmmklqx.hxjakfajtdtuxlv55ejn1q2nha.dx.internal.cloudapp.net process 0
  in thorn Carpet, file /home/runner/work/tests/tests/master/configs/sim/build/Carpet/Comm.cc:103:
  ->[0m Synchronising group "GRHYDRO::DENS" in local mode
[1mWARNING level 2 from host runnervmmklqx.hxjakfajtdtuxlv55ejn1q2nha.dx.internal.cloudapp.net process 0
  in thorn Carpet, file /home/runner/work/tests/tests/master/configs/sim/build/Carpet/Comm.cc:103:
  ->[0m Synchronising group "GRHYDRO::SCON" in local mode
[1mWARNING level 2 from host runnervmmklqx.hxjakfajtdtuxlv55ejn1q2nha.dx.internal.cloudapp.net process 0
  in thorn Carpet, file /home/runner/work/tests/tests/master/configs/sim/build/Carpet/Comm.cc:103:
  ->[0m Synchronising group "GRHYDRO::BCONS" in local mode
[1mWARNING level 2 from host runnervmmklqx.hxjakfajtdtuxlv55ejn1q2nha.dx.internal.cloudapp.net process 0
  in thorn Carpet, file /home/runner/work/tests/tests/master/configs/sim/build/Carpet/Comm.cc:103:
  ->[0m Synchronising group "GRHYDRO::TAU" in local mode
[1mWARNING level 2 from host runnervmmklqx.hxjakfajtdtuxlv55ejn1q2nha.dx.internal.cloudapp.net process 0
  in thorn Carpet, file /home/runner/work/tests/tests/master/configs/sim/build/Carpet/Comm.cc:103:
  ->[0m Synchronising group "GRHYDRO::DENS" in local mode
[1mWARNING level 2 from host runnervmmklqx.hxjakfajtdtuxlv55ejn1q2nha.dx.internal.cloudapp.net process 0
  in thorn Carpet, file /home/runner/work/tests/tests/master/configs/sim/build/Carpet/Comm.cc:103:
  ->[0m Synchronising group "GRHYDRO::SCON" in local mode
[1mWARNING level 2 from host runnervmmklqx.hxjakfajtdtuxlv55ejn1q2nha.dx.internal.cloudapp.net process 0
  in thorn Carpet, file /home/runner/work/tests/tests/master/configs/sim/build/Carpet/Comm.cc:103:
  ->[0m Synchronising group "GRHYDRO::BCONS" in local mode
[1mWARNING level 2 from host runnervmmklqx.hxjakfajtdtuxlv55ejn1q2nha.dx.internal.cloudapp.net process 0
  in thorn Carpet, file /home/runner/work/tests/tests/master/configs/sim/build/Carpet/Comm.cc:103:
  ->[0m Synchronising group "GRHYDRO::TAU" in local mode
[1mWARNING level 2 from host runnervmmklqx.hxjakfajtdtuxlv55ejn1q2nha.dx.internal.cloudapp.net process 0
  in thorn Carpet, file /home/runner/work/tests/tests/master/configs/sim/build/Carpet/Comm.cc:103:
  ->[0m Synchronising group "GRHYDRO::DENS" in local mode
[1mWARNING level 2 from host runnervmmklqx.hxjakfajtdtuxlv55ejn1q2nha.dx.internal.cloudapp.net process 0
  in thorn Carpet, file /home/runner/work/tests/tests/master/configs/sim/build/Carpet/Comm.cc:103:
  ->[0m Synchronising group "GRHYDRO::SCON" in local mode
[1mWARNING level 2 from host runnervmmklqx.hxjakfajtdtuxlv55ejn1q2nha.dx.internal.cloudapp.net process 0
  in thorn Carpet, file /home/runner/work/tests/tests/master/configs/sim/build/Carpet/Comm.cc:103:
  ->[0m Synchronising group "GRHYDRO::BCONS" in local mode
[1mWARNING level 2 from host runnervmmklqx.hxjakfajtdtuxlv55ejn1q2nha.dx.internal.cloudapp.net process 0
  in thorn Carpet, file /home/runner/work/tests/tests/master/configs/sim/build/Carpet/Comm.cc:103:
  ->[0m Synchronising group "GRHYDRO::TAU" in local mode
[1mWARNING level 2 from host runnervmmklqx.hxjakfajtdtuxlv55ejn1q2nha.dx.internal.cloudapp.net process 0
  in thorn Carpet, file /home/runner/work/tests/tests/master/configs/sim/build/Carpet/Comm.cc:103:
  ->[0m Synchronising group "GRHYDRO::DENS" in local mode
[1mWARNING level 2 from host runnervmmklqx.hxjakfajtdtuxlv55ejn1q2nha.dx.internal.cloudapp.net process 0
  in thorn Carpet, file /home/runner/work/tests/tests/master/configs/sim/build/Carpet/Comm.cc:103:
  ->[0m Synchronising group "GRHYDRO::SCON" in local mode
[1mWARNING level 2 from host runnervmmklqx.hxjakfajtdtuxlv55ejn1q2nha.dx.internal.cloudapp.net process 0
  in thorn Carpet, file /home/runner/work/tests/tests/master/configs/sim/build/Carpet/Comm.cc:103:
  ->[0m Synchronising group "GRHYDRO::BCONS" in local mode
[1mWARNING level 2 from host runnervmmklqx.hxjakfajtdtuxlv55ejn1q2nha.dx.internal.cloudapp.net process 0
  in thorn Carpet, file /home/runner/work/tests/tests/master/configs/sim/build/Carpet/Comm.cc:103:
  ->[0m Synchronising group "GRHYDRO::TAU" in local mode
[1mWARNING level 2 from host runnervmmklqx.hxjakfajtdtuxlv55ejn1q2nha.dx.internal.cloudapp.net process 0
  in thorn Carpet, file /home/runner/work/tests/tests/master/configs/sim/build/Carpet/Comm.cc:103:
  ->[0m Synchronising group "GRHYDRO::DENS" in local mode
[1mWARNING level 2 from host runnervmmklqx.hxjakfajtdtuxlv55ejn1q2nha.dx.internal.cloudapp.net process 0
  in thorn Carpet, file /home/runner/work/tests/tests/master/configs/sim/build/Carpet/Comm.cc:103:
  ->[0m Synchronising group "GRHYDRO::SCON" in local mode
[1mWARNING level 2 from host runnervmmklqx.hxjakfajtdtuxlv55ejn1q2nha.dx.internal.cloudapp.net process 0
  in thorn Carpet, file /home/runner/work/tests/tests/master/configs/sim/build/Carpet/Comm.cc:103:
  ->[0m Synchronising group "GRHYDRO::BCONS" in local mode
[1mWARNING level 2 from host runnervmmklqx.hxjakfajtdtuxlv55ejn1q2nha.dx.internal.cloudapp.net process 0
  in thorn Carpet, file /home/runner/work/tests/tests/master/configs/sim/build/Carpet/Comm.cc:103:
  ->[0m Synchronising group "GRHYDRO::TAU" in local mode
[1mWARNING level 2 from host runnervmmklqx.hxjakfajtdtuxlv55ejn1q2nha.dx.internal.cloudapp.net process 0
  in thorn Carpet, file /home/runner/work/tests/tests/master/configs/sim/build/Carpet/Comm.cc:103:
  ->[0m Synchronising group "GRHYDRO::DENS" in local mode
[1mWARNING level 2 from host runnervmmklqx.hxjakfajtdtuxlv55ejn1q2nha.dx.internal.cloudapp.net process 0
  in thorn Carpet, file /home/runner/work/tests/tests/master/configs/sim/build/Carpet/Comm.cc:103:
  ->[0m Synchronising group "GRHYDRO::SCON" in local mode
[1mWARNING level 2 from host runnervmmklqx.hxjakfajtdtuxlv55ejn1q2nha.dx.internal.cloudapp.net process 0
  in thorn Carpet, file /home/runner/work/tests/tests/master/configs/sim/build/Carpet/Comm.cc:103:
  ->[0m Synchronising group "GRHYDRO::BCONS" in local mode
[1mWARNING level 2 from host runnervmmklqx.hxjakfajtdtuxlv55ejn1q2nha.dx.internal.cloudapp.net process 0
  in thorn Carpet, file /home/runner/work/tests/tests/master/configs/sim/build/Carpet/Comm.cc:103:
  ->[0m Synchronising group "GRHYDRO::TAU" in local mode
[1mWARNING level 2 from host runnervmmklqx.hxjakfajtdtuxlv55ejn1q2nha.dx.internal.cloudapp.net process 0
  in thorn Carpet, file /home/runner/work/tests/tests/master/configs/sim/build/Carpet/Comm.cc:103:
  ->[0m Synchronising group "GRHYDRO::DENS" in local mode
[1mWARNING level 2 from host runnervmmklqx.hxjakfajtdtuxlv55ejn1q2nha.dx.internal.cloudapp.net process 0
  in thorn Carpet, file /home/runner/work/tests/tests/master/configs/sim/build/Carpet/Comm.cc:103:
  ->[0m Synchronising group "GRHYDRO::SCON" in local mode
[1mWARNING level 2 from host runnervmmklqx.hxjakfajtdtuxlv55ejn1q2nha.dx.internal.cloudapp.net process 0
  in thorn Carpet, file /home/runner/work/tests/tests/master/configs/sim/build/Carpet/Comm.cc:103:
  ->[0m Synchronising group "GRHYDRO::BCONS" in local mode
[1mWARNING level 2 from host runnervmmklqx.hxjakfajtdtuxlv55ejn1q2nha.dx.internal.cloudapp.net process 0
  in thorn Carpet, file /home/runner/work/tests/tests/master/configs/sim/build/Carpet/Comm.cc:103:
  ->[0m Synchronising group "GRHYDRO::TAU" in local mode
[1mWARNING level 2 from host runnervmmklqx.hxjakfajtdtuxlv55ejn1q2nha.dx.internal.cloudapp.net process 0
  in thorn Carpet, file /home/runner/work/tests/tests/master/configs/sim/build/Carpet/Comm.cc:103:
  ->[0m Synchronising group "GRHYDRO::DENS" in local mode
[1mWARNING level 2 from host runnervmmklqx.hxjakfajtdtuxlv55ejn1q2nha.dx.internal.cloudapp.net process 0
  in thorn Carpet, file /home/runner/work/tests/tests/master/configs/sim/build/Carpet/Comm.cc:103:
  ->[0m Synchronising group "GRHYDRO::SCON" in local mode
[1mWARNING level 2 from host runnervmmklqx.hxjakfajtdtuxlv55ejn1q2nha.dx.internal.cloudapp.net process 0
  in thorn Carpet, file /home/runner/work/tests/tests/master/configs/sim/build/Carpet/Comm.cc:103:
  ->[0m Synchronising group "GRHYDRO::BCONS" in local mode
[1mWARNING level 2 from host runnervmmklqx.hxjakfajtdtuxlv55ejn1q2nha.dx.internal.cloudapp.net process 0
  in thorn Carpet, file /home/runner/work/tests/tests/master/configs/sim/build/Carpet/Comm.cc:103:
  ->[0m Synchronising group "GRHYDRO::TAU" in local mode
[1mWARNING level 2 from host runnervmmklqx.hxjakfajtdtuxlv55ejn1q2nha.dx.internal.cloudapp.net process 0
  in thorn Carpet, file /home/runner/work/tests/tests/master/configs/sim/build/Carpet/Comm.cc:103:
  ->[0m Synchronising group "GRHYDRO::DENS" in local mode
[1mWARNING level 2 from host runnervmmklqx.hxjakfajtdtuxlv55ejn1q2nha.dx.internal.cloudapp.net process 0
  in thorn Carpet, file /home/runner/work/tests/tests/master/configs/sim/build/Carpet/Comm.cc:103:
  ->[0m Synchronising group "GRHYDRO::SCON" in local mode
[1mWARNING level 2 from host runnervmmklqx.hxjakfajtdtuxlv55ejn1q2nha.dx.internal.cloudapp.net process 0
  in thorn Carpet, file /home/runner/work/tests/tests/master/configs/sim/build/Carpet/Comm.cc:103:
  ->[0m Synchronising group "GRHYDRO::BCONS" in local mode
[1mWARNING level 2 from host runnervmmklqx.hxjakfajtdtuxlv55ejn1q2nha.dx.internal.cloudapp.net process 0
  in thorn Carpet, file /home/runner/work/tests/tests/master/configs/sim/build/Carpet/Comm.cc:103:
  ->[0m Synchronising group "GRHYDRO::TAU" in local mode
[1mWARNING level 2 from host runnervmmklqx.hxjakfajtdtuxlv55ejn1q2nha.dx.internal.cloudapp.net process 0
  in thorn Carpet, file /home/runner/work/tests/tests/master/configs/sim/build/Carpet/Comm.cc:103:
  ->[0m Synchronising group "GRHYDRO::DENS" in local mode
[1mWARNING level 2 from host runnervmmklqx.hxjakfajtdtuxlv55ejn1q2nha.dx.internal.cloudapp.net process 0
  in thorn Carpet, file /home/runner/work/tests/tests/master/configs/sim/build/Carpet/Comm.cc:103:
  ->[0m Synchronising group "GRHYDRO::SCON" in local mode
[1mWARNING level 2 from host runnervmmklqx.hxjakfajtdtuxlv55ejn1q2nha.dx.internal.cloudapp.net process 0
  in thorn Carpet, file /home/runner/work/tests/tests/master/configs/sim/build/Carpet/Comm.cc:103:
  ->[0m Synchronising group "GRHYDRO::BCONS" in local mode
        1     0.000 |  121.8079595 |  109.6645953 |    6.8131327 |   21.2758687 |        66
[1mWARNING level 2 from host runnervmmklqx.hxjakfajtdtuxlv55ejn1q2nha.dx.internal.cloudapp.net process 0
  in thorn Carpet, file /home/runner/work/tests/tests/master/configs/sim/build/Carpet/Comm.cc:103:
  ->[0m Synchronising group "GRHYDRO::TAU" in local mode
[1mWARNING level 2 from host runnervmmklqx.hxjakfajtdtuxlv55ejn1q2nha.dx.internal.cloudapp.net process 0
  in thorn Carpet, file /home/runner/work/tests/tests/master/configs/sim/build/Carpet/Comm.cc:103:
  ->[0m Synchronising group "GRHYDRO::DENS" in local mode
[1mWARNING level 2 from host runnervmmklqx.hxjakfajtdtuxlv55ejn1q2nha.dx.internal.cloudapp.net process 0
  in thorn Carpet, file /home/runner/work/tests/tests/master/configs/sim/build/Carpet/Comm.cc:103:
  ->[0m Synchronising group "GRHYDRO::SCON" in local mode
[1mWARNING level 2 from host runnervmmklqx.hxjakfajtdtuxlv55ejn1q2nha.dx.internal.cloudapp.net process 0
  in thorn Carpet, file /home/runner/work/tests/tests/master/configs/sim/build/Carpet/Comm.cc:103:
  ->[0m Synchronising group "GRHYDRO::BCONS" in local mode
[1mWARNING level 2 from host runnervmmklqx.hxjakfajtdtuxlv55ejn1q2nha.dx.internal.cloudapp.net process 0
  in thorn Carpet, file /home/runner/work/tests/tests/master/configs/sim/build/Carpet/Comm.cc:103:
  ->[0m Synchronising group "GRHYDRO::TAU" in local mode
[1mWARNING level 2 from host runnervmmklqx.hxjakfajtdtuxlv55ejn1q2nha.dx.internal.cloudapp.net process 0
  in thorn Carpet, file /home/runner/work/tests/tests/master/configs/sim/build/Carpet/Comm.cc:103:
  ->[0m Synchronising group "GRHYDRO::DENS" in local mode
[1mWARNING level 2 from host runnervmmklqx.hxjakfajtdtuxlv55ejn1q2nha.dx.internal.cloudapp.net process 0
  in thorn Carpet, file /home/runner/work/tests/tests/master/configs/sim/build/Carpet/Comm.cc:103:
  ->[0m Synchronising group "GRHYDRO::SCON" in local mode
[1mWARNING level 2 from host runnervmmklqx.hxjakfajtdtuxlv55ejn1q2nha.dx.internal.cloudapp.net process 0
  in thorn Carpet, file /home/runner/work/tests/tests/master/configs/sim/build/Carpet/Comm.cc:103:
  ->[0m Synchronising group "GRHYDRO::BCONS" in local mode
[1mWARNING level 2 from host runnervmmklqx.hxjakfajtdtuxlv55ejn1q2nha.dx.internal.cloudapp.net process 0
  in thorn Carpet, file /home/runner/work/tests/tests/master/configs/sim/build/Carpet/Comm.cc:103:
  ->[0m Synchronising group "GRHYDRO::TAU" in local mode
[1mWARNING level 2 from host runnervmmklqx.hxjakfajtdtuxlv55ejn1q2nha.dx.internal.cloudapp.net process 0
  in thorn Carpet, file /home/runner/work/tests/tests/master/configs/sim/build/Carpet/Comm.cc:103:
  ->[0m Synchronising group "GRHYDRO::DENS" in local mode
[1mWARNING level 2 from host runnervmmklqx.hxjakfajtdtuxlv55ejn1q2nha.dx.internal.cloudapp.net process 0
  in thorn Carpet, file /home/runner/work/tests/tests/master/configs/sim/build/Carpet/Comm.cc:103:
  ->[0m Synchronising group "GRHYDRO::SCON" in local mode
[1mWARNING level 2 from host runnervmmklqx.hxjakfajtdtuxlv55ejn1q2nha.dx.internal.cloudapp.net process 0
  in thorn Carpet, file /home/runner/work/tests/tests/master/configs/sim/build/Carpet/Comm.cc:103:
  ->[0m Synchronising group "GRHYDRO::BCONS" in local mode
[1mWARNING level 2 from host runnervmmklqx.hxjakfajtdtuxlv55ejn1q2nha.dx.internal.cloudapp.net process 0
  in thorn Carpet, file /home/runner/work/tests/tests/master/configs/sim/build/Carpet/Comm.cc:103:
  ->[0m Synchronising group "GRHYDRO::TAU" in local mode
[1mWARNING level 2 from host runnervmmklqx.hxjakfajtdtuxlv55ejn1q2nha.dx.internal.cloudapp.net process 0
  in thorn Carpet, file /home/runner/work/tests/tests/master/configs/sim/build/Carpet/Comm.cc:103:
  ->[0m Synchronising group "GRHYDRO::DENS" in local mode
[1mWARNING level 2 from host runnervmmklqx.hxjakfajtdtuxlv55ejn1q2nha.dx.internal.cloudapp.net process 0
  in thorn Carpet, file /home/runner/work/tests/tests/master/configs/sim/build/Carpet/Comm.cc:103:
  ->[0m Synchronising group "GRHYDRO::SCON" in local mode
[1mWARNING level 2 from host runnervmmklqx.hxjakfajtdtuxlv55ejn1q2nha.dx.internal.cloudapp.net process 0
  in thorn Carpet, file /home/runner/work/tests/tests/master/configs/sim/build/Carpet/Comm.cc:103:
  ->[0m Synchronising group "GRHYDRO::BCONS" in local mode
[1mWARNING level 2 from host runnervmmklqx.hxjakfajtdtuxlv55ejn1q2nha.dx.internal.cloudapp.net process 0
  in thorn Carpet, file /home/runner/work/tests/tests/master/configs/sim/build/Carpet/Comm.cc:103:
  ->[0m Synchronising group "GRHYDRO::TAU" in local mode
[1mWARNING level 2 from host runnervmmklqx.hxjakfajtdtuxlv55ejn1q2nha.dx.internal.cloudapp.net process 0
  in thorn Carpet, file /home/runner/work/tests/tests/master/configs/sim/build/Carpet/Comm.cc:103:
  ->[0m Synchronising group "GRHYDRO::DENS" in local mode
[1mWARNING level 2 from host runnervmmklqx.hxjakfajtdtuxlv55ejn1q2nha.dx.internal.cloudapp.net process 0
  in thorn Carpet, file /home/runner/work/tests/tests/master/configs/sim/build/Carpet/Comm.cc:103:
  ->[0m Synchronising group "GRHYDRO::SCON" in local mode
[1mWARNING level 2 from host runnervmmklqx.hxjakfajtdtuxlv55ejn1q2nha.dx.internal.cloudapp.net process 0
  in thorn Carpet, file /home/runner/work/tests/tests/master/configs/sim/build/Carpet/Comm.cc:103:
  ->[0m Synchronising group "GRHYDRO::BCONS" in local mode
[1mWARNING level 2 from host runnervmmklqx.hxjakfajtdtuxlv55ejn1q2nha.dx.internal.cloudapp.net process 0
  in thorn Carpet, file /home/runner/work/tests/tests/master/configs/sim/build/Carpet/Comm.cc:103:
  ->[0m Synchronising group "GRHYDRO::TAU" in local mode
[1mWARNING level 2 from host runnervmmklqx.hxjakfajtdtuxlv55ejn1q2nha.dx.internal.cloudapp.net process 0
  in thorn Carpet, file /home/runner/work/tests/tests/master/configs/sim/build/Carpet/Comm.cc:103:
  ->[0m Synchronising group "GRHYDRO::DENS" in local mode
[1mWARNING level 2 from host runnervmmklqx.hxjakfajtdtuxlv55ejn1q2nha.dx.internal.cloudapp.net process 0
  in thorn Carpet, file /home/runner/work/tests/tests/master/configs/sim/build/Carpet/Comm.cc:103:
  ->[0m Synchronising group "GRHYDRO::SCON" in local mode
[1mWARNING level 2 from host runnervmmklqx.hxjakfajtdtuxlv55ejn1q2nha.dx.internal.cloudapp.net process 0
  in thorn Carpet, file /home/runner/work/tests/tests/master/configs/sim/build/Carpet/Comm.cc:103:
  ->[0m Synchronising group "GRHYDRO::BCONS" in local mode
[1mWARNING level 2 from host runnervmmklqx.hxjakfajtdtuxlv55ejn1q2nha.dx.internal.cloudapp.net process 0
  in thorn Carpet, file /home/runner/work/tests/tests/master/configs/sim/build/Carpet/Comm.cc:103:
  ->[0m Synchronising group "GRHYDRO::TAU" in local mode
[1mWARNING level 2 from host runnervmmklqx.hxjakfajtdtuxlv55ejn1q2nha.dx.internal.cloudapp.net process 0
  in thorn Carpet, file /home/runner/work/tests/tests/master/configs/sim/build/Carpet/Comm.cc:103:
  ->[0m Synchronising group "GRHYDRO::DENS" in local mode
[1mWARNING level 2 from host runnervmmklqx.hxjakfajtdtuxlv55ejn1q2nha.dx.internal.cloudapp.net process 0
  in thorn Carpet, file /home/runner/work/tests/tests/master/configs/sim/build/Carpet/Comm.cc:103:
  ->[0m Synchronising group "GRHYDRO::SCON" in local mode
[1mWARNING level 2 from host runnervmmklqx.hxjakfajtdtuxlv55ejn1q2nha.dx.internal.cloudapp.net process 0
  in thorn Carpet, file /home/runner/work/tests/tests/master/configs/sim/build/Carpet/Comm.cc:103:
  ->[0m Synchronising group "GRHYDRO::BCONS" in local mode
[1mWARNING level 2 from host runnervmmklqx.hxjakfajtdtuxlv55ejn1q2nha.dx.internal.cloudapp.net process 0
  in thorn Carpet, file /home/runner/work/tests/tests/master/configs/sim/build/Carpet/Comm.cc:103:
  ->[0m Synchronising group "GRHYDRO::TAU" in local mode
[1mWARNING level 2 from host runnervmmklqx.hxjakfajtdtuxlv55ejn1q2nha.dx.internal.cloudapp.net process 0
  in thorn Carpet, file /home/runner/work/tests/tests/master/configs/sim/build/Carpet/Comm.cc:103:
  ->[0m Synchronising group "GRHYDRO::DENS" in local mode
[1mWARNING level 2 from host runnervmmklqx.hxjakfajtdtuxlv55ejn1q2nha.dx.internal.cloudapp.net process 0
  in thorn Carpet, file /home/runner/work/tests/tests/master/configs/sim/build/Carpet/Comm.cc:103:
  ->[0m Synchronising group "GRHYDRO::SCON" in local mode
[1mWARNING level 2 from host runnervmmklqx.hxjakfajtdtuxlv55ejn1q2nha.dx.internal.cloudapp.net process 0
  in thorn Carpet, file /home/runner/work/tests/tests/master/configs/sim/build/Carpet/Comm.cc:103:
  ->[0m Synchronising group "GRHYDRO::BCONS" in local mode
[1mWARNING level 2 from host runnervmmklqx.hxjakfajtdtuxlv55ejn1q2nha.dx.internal.cloudapp.net process 0
  in thorn Carpet, file /home/runner/work/tests/tests/master/configs/sim/build/Carpet/Comm.cc:103:
  ->[0m Synchronising group "GRHYDRO::TAU" in local mode
[1mWARNING level 2 from host runnervmmklqx.hxjakfajtdtuxlv55ejn1q2nha.dx.internal.cloudapp.net process 0
  in thorn Carpet, file /home/runner/work/tests/tests/master/configs/sim/build/Carpet/Comm.cc:103:
  ->[0m Synchronising group "GRHYDRO::DENS" in local mode
[1mWARNING level 2 from host runnervmmklqx.hxjakfajtdtuxlv55ejn1q2nha.dx.internal.cloudapp.net process 0
  in thorn Carpet, file /home/runner/work/tests/tests/master/configs/sim/build/Carpet/Comm.cc:103:
  ->[0m Synchronising group "GRHYDRO::SCON" in local mode
[1mWARNING level 2 from host runnervmmklqx.hxjakfajtdtuxlv55ejn1q2nha.dx.internal.cloudapp.net process 0
  in thorn Carpet, file /home/runner/work/tests/tests/master/configs/sim/build/Carpet/Comm.cc:103:
  ->[0m Synchronising group "GRHYDRO::BCONS" in local mode
[1mWARNING level 2 from host runnervmmklqx.hxjakfajtdtuxlv55ejn1q2nha.dx.internal.cloudapp.net process 0
  in thorn Carpet, file /home/runner/work/tests/tests/master/configs/sim/build/Carpet/Comm.cc:103:
  ->[0m Synchronising group "GRHYDRO::TAU" in local mode
[1mWARNING level 2 from host runnervmmklqx.hxjakfajtdtuxlv55ejn1q2nha.dx.internal.cloudapp.net process 0
  in thorn Carpet, file /home/runner/work/tests/tests/master/configs/sim/build/Carpet/Comm.cc:103:
  ->[0m Synchronising group "GRHYDRO::DENS" in local mode
[1mWARNING level 2 from host runnervmmklqx.hxjakfajtdtuxlv55ejn1q2nha.dx.internal.cloudapp.net process 0
  in thorn Carpet, file /home/runner/work/tests/tests/master/configs/sim/build/Carpet/Comm.cc:103:
  ->[0m Synchronising group "GRHYDRO::SCON" in local mode
[1mWARNING level 2 from host runnervmmklqx.hxjakfajtdtuxlv55ejn1q2nha.dx.internal.cloudapp.net process 0
  in thorn Carpet, file /home/runner/work/tests/tests/master/configs/sim/build/Carpet/Comm.cc:103:
  ->[0m Synchronising group "GRHYDRO::BCONS" in local mode
[1mWARNING level 2 from host runnervmmklqx.hxjakfajtdtuxlv55ejn1q2nha.dx.internal.cloudapp.net process 0
  in thorn Carpet, file /home/runner/work/tests/tests/master/configs/sim/build/Carpet/Comm.cc:103:
  ->[0m Synchronising group "GRHYDRO::TAU" in local mode
[1mWARNING level 2 from host runnervmmklqx.hxjakfajtdtuxlv55ejn1q2nha.dx.internal.cloudapp.net process 0
  in thorn Carpet, file /home/runner/work/tests/tests/master/configs/sim/build/Carpet/Comm.cc:103:
  ->[0m Synchronising group "GRHYDRO::DENS" in local mode
[1mWARNING level 2 from host runnervmmklqx.hxjakfajtdtuxlv55ejn1q2nha.dx.internal.cloudapp.net process 0
  in thorn Carpet, file /home/runner/work/tests/tests/master/configs/sim/build/Carpet/Comm.cc:103:
  ->[0m Synchronising group "GRHYDRO::SCON" in local mode
[1mWARNING level 2 from host runnervmmklqx.hxjakfajtdtuxlv55ejn1q2nha.dx.internal.cloudapp.net process 0
  in thorn Carpet, file /home/runner/work/tests/tests/master/configs/sim/build/Carpet/Comm.cc:103:
  ->[0m Synchronising group "GRHYDRO::BCONS" in local mode
[1mWARNING level 2 from host runnervmmklqx.hxjakfajtdtuxlv55ejn1q2nha.dx.internal.cloudapp.net process 0
  in thorn Carpet, file /home/runner/work/tests/tests/master/configs/sim/build/Carpet/Comm.cc:103:
  ->[0m Synchronising group "GRHYDRO::TAU" in local mode
[1mWARNING level 2 from host runnervmmklqx.hxjakfajtdtuxlv55ejn1q2nha.dx.internal.cloudapp.net process 0
  in thorn Carpet, file /home/runner/work/tests/tests/master/configs/sim/build/Carpet/Comm.cc:103:
  ->[0m Synchronising group "GRHYDRO::DENS" in local mode
[1mWARNING level 2 from host runnervmmklqx.hxjakfajtdtuxlv55ejn1q2nha.dx.internal.cloudapp.net process 0
  in thorn Carpet, file /home/runner/work/tests/tests/master/configs/sim/build/Carpet/Comm.cc:103:
  ->[0m Synchronising group "GRHYDRO::SCON" in local mode
[1mWARNING level 2 from host runnervmmklqx.hxjakfajtdtuxlv55ejn1q2nha.dx.internal.cloudapp.net process 0
  in thorn Carpet, file /home/runner/work/tests/tests/master/configs/sim/build/Carpet/Comm.cc:103:
  ->[0m Synchronising group "GRHYDRO::BCONS" in local mode
[1mWARNING level 2 from host runnervmmklqx.hxjakfajtdtuxlv55ejn1q2nha.dx.internal.cloudapp.net process 0
  in thorn Carpet, file /home/runner/work/tests/tests/master/configs/sim/build/Carpet/Comm.cc:103:
  ->[0m Synchronising group "GRHYDRO::TAU" in local mode
[1mWARNING level 2 from host runnervmmklqx.hxjakfajtdtuxlv55ejn1q2nha.dx.internal.cloudapp.net process 0
  in thorn Carpet, file /home/runner/work/tests/tests/master/configs/sim/build/Carpet/Comm.cc:103:
  ->[0m Synchronising group "GRHYDRO::DENS" in local mode
[1mWARNING level 2 from host runnervmmklqx.hxjakfajtdtuxlv55ejn1q2nha.dx.internal.cloudapp.net process 0
  in thorn Carpet, file /home/runner/work/tests/tests/master/configs/sim/build/Carpet/Comm.cc:103:
  ->[0m Synchronising group "GRHYDRO::SCON" in local mode
[1mWARNING level 2 from host runnervmmklqx.hxjakfajtdtuxlv55ejn1q2nha.dx.internal.cloudapp.net process 0
  in thorn Carpet, file /home/runner/work/tests/tests/master/configs/sim/build/Carpet/Comm.cc:103:
  ->[0m Synchronising group "GRHYDRO::BCONS" in local mode
[1mWARNING level 2 from host runnervmmklqx.hxjakfajtdtuxlv55ejn1q2nha.dx.internal.cloudapp.net process 0
  in thorn Carpet, file /home/runner/work/tests/tests/master/configs/sim/build/Carpet/Comm.cc:103:
  ->[0m Synchronising group "GRHYDRO::TAU" in local mode
[1mWARNING level 2 from host runnervmmklqx.hxjakfajtdtuxlv55ejn1q2nha.dx.internal.cloudapp.net process 0
  in thorn Carpet, file /home/runner/work/tests/tests/master/configs/sim/build/Carpet/Comm.cc:103:
  ->[0m Synchronising group "GRHYDRO::DENS" in local mode
[1mWARNING level 2 from host runnervmmklqx.hxjakfajtdtuxlv55ejn1q2nha.dx.internal.cloudapp.net process 0
  in thorn Carpet, file /home/runner/work/tests/tests/master/configs/sim/build/Carpet/Comm.cc:103:
  ->[0m Synchronising group "GRHYDRO::SCON" in local mode
[1mWARNING level 2 from host runnervmmklqx.hxjakfajtdtuxlv55ejn1q2nha.dx.internal.cloudapp.net process 0
  in thorn Carpet, file /home/runner/work/tests/tests/master/configs/sim/build/Carpet/Comm.cc:103:
  ->[0m Synchronising group "GRHYDRO::BCONS" in local mode
        2     0.001 |  131.4313221 |  112.3596752 |    8.7654421 |   37.0924739 |        66
[1mWARNING level 2 from host runnervmmklqx.hxjakfajtdtuxlv55ejn1q2nha.dx.internal.cloudapp.net process 0
  in thorn Carpet, file /home/runner/work/tests/tests/master/configs/sim/build/Carpet/Comm.cc:103:
  ->[0m Synchronising group "GRHYDRO::TAU" in local mode
[1mWARNING level 2 from host runnervmmklqx.hxjakfajtdtuxlv55ejn1q2nha.dx.internal.cloudapp.net process 0
  in thorn Carpet, file /home/runner/work/tests/tests/master/configs/sim/build/Carpet/Comm.cc:103:
  ->[0m Synchronising group "GRHYDRO::DENS" in local mode
[1mWARNING level 2 from host runnervmmklqx.hxjakfajtdtuxlv55ejn1q2nha.dx.internal.cloudapp.net process 0
  in thorn Carpet, file /home/runner/work/tests/tests/master/configs/sim/build/Carpet/Comm.cc:103:
  ->[0m Synchronising group "GRHYDRO::SCON" in local mode
[1mWARNING level 2 from host runnervmmklqx.hxjakfajtdtuxlv55ejn1q2nha.dx.internal.cloudapp.net process 0
  in thorn Carpet, file /home/runner/work/tests/tests/master/configs/sim/build/Carpet/Comm.cc:103:
  ->[0m Synchronising group "GRHYDRO::BCONS" in local mode
[1mWARNING level 2 from host runnervmmklqx.hxjakfajtdtuxlv55ejn1q2nha.dx.internal.cloudapp.net process 0
  in thorn Carpet, file /home/runner/work/tests/tests/master/configs/sim/build/Carpet/Comm.cc:103:
  ->[0m Synchronising group "GRHYDRO::TAU" in local mode
[1mWARNING level 2 from host runnervmmklqx.hxjakfajtdtuxlv55ejn1q2nha.dx.internal.cloudapp.net process 0
  in thorn Carpet, file /home/runner/work/tests/tests/master/configs/sim/build/Carpet/Comm.cc:103:
  ->[0m Synchronising group "GRHYDRO::DENS" in local mode
[1mWARNING level 2 from host runnervmmklqx.hxjakfajtdtuxlv55ejn1q2nha.dx.internal.cloudapp.net process 0
  in thorn Carpet, file /home/runner/work/tests/tests/master/configs/sim/build/Carpet/Comm.cc:103:
  ->[0m Synchronising group "GRHYDRO::SCON" in local mode
[1mWARNING level 2 from host runnervmmklqx.hxjakfajtdtuxlv55ejn1q2nha.dx.internal.cloudapp.net process 0
  in thorn Carpet, file /home/runner/work/tests/tests/master/configs/sim/build/Carpet/Comm.cc:103:
  ->[0m Synchronising group "GRHYDRO::BCONS" in local mode
[1mWARNING level 2 from host runnervmmklqx.hxjakfajtdtuxlv55ejn1q2nha.dx.internal.cloudapp.net process 0
  in thorn Carpet, file /home/runner/work/tests/tests/master/configs/sim/build/Carpet/Comm.cc:103:
  ->[0m Synchronising group "GRHYDRO::TAU" in local mode
[1mWARNING level 2 from host runnervmmklqx.hxjakfajtdtuxlv55ejn1q2nha.dx.internal.cloudapp.net process 0
  in thorn Carpet, file /home/runner/work/tests/tests/master/configs/sim/build/Carpet/Comm.cc:103:
  ->[0m Synchronising group "GRHYDRO::DENS" in local mode
[1mWARNING level 2 from host runnervmmklqx.hxjakfajtdtuxlv55ejn1q2nha.dx.internal.cloudapp.net process 0
  in thorn Carpet, file /home/runner/work/tests/tests/master/configs/sim/build/Carpet/Comm.cc:103:
  ->[0m Synchronising group "GRHYDRO::SCON" in local mode
[1mWARNING level 2 from host runnervmmklqx.hxjakfajtdtuxlv55ejn1q2nha.dx.internal.cloudapp.net process 0
  in thorn Carpet, file /home/runner/work/tests/tests/master/configs/sim/build/Carpet/Comm.cc:103:
  ->[0m Synchronising group "GRHYDRO::BCONS" in local mode
[1mWARNING level 2 from host runnervmmklqx.hxjakfajtdtuxlv55ejn1q2nha.dx.internal.cloudapp.net process 0
  in thorn Carpet, file /home/runner/work/tests/tests/master/configs/sim/build/Carpet/Comm.cc:103:
  ->[0m Synchronising group "GRHYDRO::TAU" in local mode
[1mWARNING level 2 from host runnervmmklqx.hxjakfajtdtuxlv55ejn1q2nha.dx.internal.cloudapp.net process 0
  in thorn Carpet, file /home/runner/work/tests/tests/master/configs/sim/build/Carpet/Comm.cc:103:
  ->[0m Synchronising group "GRHYDRO::DENS" in local mode
[1mWARNING level 2 from host runnervmmklqx.hxjakfajtdtuxlv55ejn1q2nha.dx.internal.cloudapp.net process 0
  in thorn Carpet, file /home/runner/work/tests/tests/master/configs/sim/build/Carpet/Comm.cc:103:
  ->[0m Synchronising group "GRHYDRO::SCON" in local mode
[1mWARNING level 2 from host runnervmmklqx.hxjakfajtdtuxlv55ejn1q2nha.dx.internal.cloudapp.net process 0
  in thorn Carpet, file /home/runner/work/tests/tests/master/configs/sim/build/Carpet/Comm.cc:103:
  ->[0m Synchronising group "GRHYDRO::BCONS" in local mode
[1mWARNING level 2 from host runnervmmklqx.hxjakfajtdtuxlv55ejn1q2nha.dx.internal.cloudapp.net process 0
  in thorn Carpet, file /home/runner/work/tests/tests/master/configs/sim/build/Carpet/Comm.cc:103:
  ->[0m Synchronising group "GRHYDRO::TAU" in local mode
[1mWARNING level 2 from host runnervmmklqx.hxjakfajtdtuxlv55ejn1q2nha.dx.internal.cloudapp.net process 0
  in thorn Carpet, file /home/runner/work/tests/tests/master/configs/sim/build/Carpet/Comm.cc:103:
  ->[0m Synchronising group "GRHYDRO::DENS" in local mode
[1mWARNING level 2 from host runnervmmklqx.hxjakfajtdtuxlv55ejn1q2nha.dx.internal.cloudapp.net process 0
  in thorn Carpet, file /home/runner/work/tests/tests/master/configs/sim/build/Carpet/Comm.cc:103:
  ->[0m Synchronising group "GRHYDRO::SCON" in local mode
[1mWARNING level 2 from host runnervmmklqx.hxjakfajtdtuxlv55ejn1q2nha.dx.internal.cloudapp.net process 0
  in thorn Carpet, file /home/runner/work/tests/tests/master/configs/sim/build/Carpet/Comm.cc:103:
  ->[0m Synchronising group "GRHYDRO::BCONS" in local mode
[1mWARNING level 2 from host runnervmmklqx.hxjakfajtdtuxlv55ejn1q2nha.dx.internal.cloudapp.net process 0
  in thorn Carpet, file /home/runner/work/tests/tests/master/configs/sim/build/Carpet/Comm.cc:103:
  ->[0m Synchronising group "GRHYDRO::TAU" in local mode
[1mWARNING level 2 from host runnervmmklqx.hxjakfajtdtuxlv55ejn1q2nha.dx.internal.cloudapp.net process 0
  in thorn Carpet, file /home/runner/work/tests/tests/master/configs/sim/build/Carpet/Comm.cc:103:
  ->[0m Synchronising group "GRHYDRO::DENS" in local mode
[1mWARNING level 2 from host runnervmmklqx.hxjakfajtdtuxlv55ejn1q2nha.dx.internal.cloudapp.net process 0
  in thorn Carpet, file /home/runner/work/tests/tests/master/configs/sim/build/Carpet/Comm.cc:103:
  ->[0m Synchronising group "GRHYDRO::SCON" in local mode
[1mWARNING level 2 from host runnervmmklqx.hxjakfajtdtuxlv55ejn1q2nha.dx.internal.cloudapp.net process 0
  in thorn Carpet, file /home/runner/work/tests/tests/master/configs/sim/build/Carpet/Comm.cc:103:
  ->[0m Synchronising group "GRHYDRO::BCONS" in local mode
[1mWARNING level 2 from host runnervmmklqx.hxjakfajtdtuxlv55ejn1q2nha.dx.internal.cloudapp.net process 0
  in thorn Carpet, file /home/runner/work/tests/tests/master/configs/sim/build/Carpet/Comm.cc:103:
  ->[0m Synchronising group "GRHYDRO::TAU" in local mode
[1mWARNING level 2 from host runnervmmklqx.hxjakfajtdtuxlv55ejn1q2nha.dx.internal.cloudapp.net process 0
  in thorn Carpet, file /home/runner/work/tests/tests/master/configs/sim/build/Carpet/Comm.cc:103:
  ->[0m Synchronising group "GRHYDRO::DENS" in local mode
[1mWARNING level 2 from host runnervmmklqx.hxjakfajtdtuxlv55ejn1q2nha.dx.internal.cloudapp.net process 0
  in thorn Carpet, file /home/runner/work/tests/tests/master/configs/sim/build/Carpet/Comm.cc:103:
  ->[0m Synchronising group "GRHYDRO::SCON" in local mode
[1mWARNING level 2 from host runnervmmklqx.hxjakfajtdtuxlv55ejn1q2nha.dx.internal.cloudapp.net process 0
  in thorn Carpet, file /home/runner/work/tests/tests/master/configs/sim/build/Carpet/Comm.cc:103:
  ->[0m Synchronising group "GRHYDRO::BCONS" in local mode
[1mWARNING level 2 from host runnervmmklqx.hxjakfajtdtuxlv55ejn1q2nha.dx.internal.cloudapp.net process 0
  in thorn Carpet, file /home/runner/work/tests/tests/master/configs/sim/build/Carpet/Comm.cc:103:
  ->[0m Synchronising group "GRHYDRO::TAU" in local mode
[1mWARNING level 2 from host runnervmmklqx.hxjakfajtdtuxlv55ejn1q2nha.dx.internal.cloudapp.net process 0
  in thorn Carpet, file /home/runner/work/tests/tests/master/configs/sim/build/Carpet/Comm.cc:103:
  ->[0m Synchronising group "GRHYDRO::DENS" in local mode
[1mWARNING level 2 from host runnervmmklqx.hxjakfajtdtuxlv55ejn1q2nha.dx.internal.cloudapp.net process 0
  in thorn Carpet, file /home/runner/work/tests/tests/master/configs/sim/build/Carpet/Comm.cc:103:
  ->[0m Synchronising group "GRHYDRO::SCON" in local mode
[1mWARNING level 2 from host runnervmmklqx.hxjakfajtdtuxlv55ejn1q2nha.dx.internal.cloudapp.net process 0
  in thorn Carpet, file /home/runner/work/tests/tests/master/configs/sim/build/Carpet/Comm.cc:103:
  ->[0m Synchronising group "GRHYDRO::BCONS" in local mode
[1mWARNING level 2 from host runnervmmklqx.hxjakfajtdtuxlv55ejn1q2nha.dx.internal.cloudapp.net process 0
  in thorn Carpet, file /home/runner/work/tests/tests/master/configs/sim/build/Carpet/Comm.cc:103:
  ->[0m Synchronising group "GRHYDRO::TAU" in local mode
[1mWARNING level 2 from host runnervmmklqx.hxjakfajtdtuxlv55ejn1q2nha.dx.internal.cloudapp.net process 0
  in thorn Carpet, file /home/runner/work/tests/tests/master/configs/sim/build/Carpet/Comm.cc:103:
  ->[0m Synchronising group "GRHYDRO::DENS" in local mode
[1mWARNING level 2 from host runnervmmklqx.hxjakfajtdtuxlv55ejn1q2nha.dx.internal.cloudapp.net process 0
  in thorn Carpet, file /home/runner/work/tests/tests/master/configs/sim/build/Carpet/Comm.cc:103:
  ->[0m Synchronising group "GRHYDRO::SCON" in local mode
[1mWARNING level 2 from host runnervmmklqx.hxjakfajtdtuxlv55ejn1q2nha.dx.internal.cloudapp.net process 0
  in thorn Carpet, file /home/runner/work/tests/tests/master/configs/sim/build/Carpet/Comm.cc:103:
  ->[0m Synchronising group "GRHYDRO::BCONS" in local mode
[1mWARNING level 2 from host runnervmmklqx.hxjakfajtdtuxlv55ejn1q2nha.dx.internal.cloudapp.net process 0
  in thorn Carpet, file /home/runner/work/tests/tests/master/configs/sim/build/Carpet/Comm.cc:103:
  ->[0m Synchronising group "GRHYDRO::TAU" in local mode
[1mWARNING level 2 from host runnervmmklqx.hxjakfajtdtuxlv55ejn1q2nha.dx.internal.cloudapp.net process 0
  in thorn Carpet, file /home/runner/work/tests/tests/master/configs/sim/build/Carpet/Comm.cc:103:
  ->[0m Synchronising group "GRHYDRO::DENS" in local mode
[1mWARNING level 2 from host runnervmmklqx.hxjakfajtdtuxlv55ejn1q2nha.dx.internal.cloudapp.net process 0
  in thorn Carpet, file /home/runner/work/tests/tests/master/configs/sim/build/Carpet/Comm.cc:103:
  ->[0m Synchronising group "GRHYDRO::SCON" in local mode
[1mWARNING level 2 from host runnervmmklqx.hxjakfajtdtuxlv55ejn1q2nha.dx.internal.cloudapp.net process 0
  in thorn Carpet, file /home/runner/work/tests/tests/master/configs/sim/build/Carpet/Comm.cc:103:
  ->[0m Synchronising group "GRHYDRO::BCONS" in local mode
[1mWARNING level 2 from host runnervmmklqx.hxjakfajtdtuxlv55ejn1q2nha.dx.internal.cloudapp.net process 0
  in thorn Carpet, file /home/runner/work/tests/tests/master/configs/sim/build/Carpet/Comm.cc:103:
  ->[0m Synchronising group "GRHYDRO::TAU" in local mode
[1mWARNING level 2 from host runnervmmklqx.hxjakfajtdtuxlv55ejn1q2nha.dx.internal.cloudapp.net process 0
  in thorn Carpet, file /home/runner/work/tests/tests/master/configs/sim/build/Carpet/Comm.cc:103:
  ->[0m Synchronising group "GRHYDRO::DENS" in local mode
[1mWARNING level 2 from host runnervmmklqx.hxjakfajtdtuxlv55ejn1q2nha.dx.internal.cloudapp.net process 0
  in thorn Carpet, file /home/runner/work/tests/tests/master/configs/sim/build/Carpet/Comm.cc:103:
  ->[0m Synchronising group "GRHYDRO::SCON" in local mode
[1mWARNING level 2 from host runnervmmklqx.hxjakfajtdtuxlv55ejn1q2nha.dx.internal.cloudapp.net process 0
  in thorn Carpet, file /home/runner/work/tests/tests/master/configs/sim/build/Carpet/Comm.cc:103:
  ->[0m Synchronising group "GRHYDRO::BCONS" in local mode
[1mWARNING level 2 from host runnervmmklqx.hxjakfajtdtuxlv55ejn1q2nha.dx.internal.cloudapp.net process 0
  in thorn Carpet, file /home/runner/work/tests/tests/master/configs/sim/build/Carpet/Comm.cc:103:
  ->[0m Synchronising group "GRHYDRO::TAU" in local mode
[1mWARNING level 2 from host runnervmmklqx.hxjakfajtdtuxlv55ejn1q2nha.dx.internal.cloudapp.net process 0
  in thorn Carpet, file /home/runner/work/tests/tests/master/configs/sim/build/Carpet/Comm.cc:103:
  ->[0m Synchronising group "GRHYDRO::DENS" in local mode
[1mWARNING level 2 from host runnervmmklqx.hxjakfajtdtuxlv55ejn1q2nha.dx.internal.cloudapp.net process 0
  in thorn Carpet, file /home/runner/work/tests/tests/master/configs/sim/build/Carpet/Comm.cc:103:
  ->[0m Synchronising group "GRHYDRO::SCON" in local mode
[1mWARNING level 2 from host runnervmmklqx.hxjakfajtdtuxlv55ejn1q2nha.dx.internal.cloudapp.net process 0
  in thorn Carpet, file /home/runner/work/tests/tests/master/configs/sim/build/Carpet/Comm.cc:103:
  ->[0m Synchronising group "GRHYDRO::BCONS" in local mode
[1mWARNING level 2 from host runnervmmklqx.hxjakfajtdtuxlv55ejn1q2nha.dx.internal.cloudapp.net process 0
  in thorn Carpet, file /home/runner/work/tests/tests/master/configs/sim/build/Carpet/Comm.cc:103:
  ->[0m Synchronising group "GRHYDRO::TAU" in local mode
[1mWARNING level 2 from host runnervmmklqx.hxjakfajtdtuxlv55ejn1q2nha.dx.internal.cloudapp.net process 0
  in thorn Carpet, file /home/runner/work/tests/tests/master/configs/sim/build/Carpet/Comm.cc:103:
  ->[0m Synchronising group "GRHYDRO::DENS" in local mode
[1mWARNING level 2 from host runnervmmklqx.hxjakfajtdtuxlv55ejn1q2nha.dx.internal.cloudapp.net process 0
  in thorn Carpet, file /home/runner/work/tests/tests/master/configs/sim/build/Carpet/Comm.cc:103:
  ->[0m Synchronising group "GRHYDRO::SCON" in local mode
[1mWARNING level 2 from host runnervmmklqx.hxjakfajtdtuxlv55ejn1q2nha.dx.internal.cloudapp.net process 0
  in thorn Carpet, file /home/runner/work/tests/tests/master/configs/sim/build/Carpet/Comm.cc:103:
  ->[0m Synchronising group "GRHYDRO::BCONS" in local mode
[1mWARNING level 2 from host runnervmmklqx.hxjakfajtdtuxlv55ejn1q2nha.dx.internal.cloudapp.net process 0
  in thorn Carpet, file /home/runner/work/tests/tests/master/configs/sim/build/Carpet/Comm.cc:103:
  ->[0m Synchronising group "GRHYDRO::TAU" in local mode
[1mWARNING level 2 from host runnervmmklqx.hxjakfajtdtuxlv55ejn1q2nha.dx.internal.cloudapp.net process 0
  in thorn Carpet, file /home/runner/work/tests/tests/master/configs/sim/build/Carpet/Comm.cc:103:
  ->[0m Synchronising group "GRHYDRO::DENS" in local mode
[1mWARNING level 2 from host runnervmmklqx.hxjakfajtdtuxlv55ejn1q2nha.dx.internal.cloudapp.net process 0
  in thorn Carpet, file /home/runner/work/tests/tests/master/configs/sim/build/Carpet/Comm.cc:103:
  ->[0m Synchronising group "GRHYDRO::SCON" in local mode
[1mWARNING level 2 from host runnervmmklqx.hxjakfajtdtuxlv55ejn1q2nha.dx.internal.cloudapp.net process 0
  in thorn Carpet, file /home/runner/work/tests/tests/master/configs/sim/build/Carpet/Comm.cc:103:
  ->[0m Synchronising group "GRHYDRO::BCONS" in local mode
        3     0.001 |  133.6122498 |  116.2697689 |   10.1472776 |   51.3232364 |        66
[1mWARNING level 2 from host runnervmmklqx.hxjakfajtdtuxlv55ejn1q2nha.dx.internal.cloudapp.net process 0
  in thorn Carpet, file /home/runner/work/tests/tests/master/configs/sim/build/Carpet/Comm.cc:103:
  ->[0m Synchronising group "GRHYDRO::TAU" in local mode
[1mWARNING level 2 from host runnervmmklqx.hxjakfajtdtuxlv55ejn1q2nha.dx.internal.cloudapp.net process 0
  in thorn Carpet, file /home/runner/work/tests/tests/master/configs/sim/build/Carpet/Comm.cc:103:
  ->[0m Synchronising group "GRHYDRO::DENS" in local mode
[1mWARNING level 2 from host runnervmmklqx.hxjakfajtdtuxlv55ejn1q2nha.dx.internal.cloudapp.net process 0
  in thorn Carpet, file /home/runner/work/tests/tests/master/configs/sim/build/Carpet/Comm.cc:103:
  ->[0m Synchronising group "GRHYDRO::SCON" in local mode
[1mWARNING level 2 from host runnervmmklqx.hxjakfajtdtuxlv55ejn1q2nha.dx.internal.cloudapp.net process 0
  in thorn Carpet, file /home/runner/work/tests/tests/master/configs/sim/build/Carpet/Comm.cc:103:
  ->[0m Synchronising group "GRHYDRO::BCONS" in local mode
[1mWARNING level 2 from host runnervmmklqx.hxjakfajtdtuxlv55ejn1q2nha.dx.internal.cloudapp.net process 0
  in thorn Carpet, file /home/runner/work/tests/tests/master/configs/sim/build/Carpet/Comm.cc:103:
  ->[0m Synchronising group "GRHYDRO::TAU" in local mode
[1mWARNING level 2 from host runnervmmklqx.hxjakfajtdtuxlv55ejn1q2nha.dx.internal.cloudapp.net process 0
  in thorn Carpet, file /home/runner/work/tests/tests/master/configs/sim/build/Carpet/Comm.cc:103:
  ->[0m Synchronising group "GRHYDRO::DENS" in local mode
[1mWARNING level 2 from host runnervmmklqx.hxjakfajtdtuxlv55ejn1q2nha.dx.internal.cloudapp.net process 0
  in thorn Carpet, file /home/runner/work/tests/tests/master/configs/sim/build/Carpet/Comm.cc:103:
  ->[0m Synchronising group "GRHYDRO::SCON" in local mode
[1mWARNING level 2 from host runnervmmklqx.hxjakfajtdtuxlv55ejn1q2nha.dx.internal.cloudapp.net process 0
  in thorn Carpet, file /home/runner/work/tests/tests/master/configs/sim/build/Carpet/Comm.cc:103:
  ->[0m Synchronising group "GRHYDRO::BCONS" in local mode
[1mWARNING level 2 from host runnervmmklqx.hxjakfajtdtuxlv55ejn1q2nha.dx.internal.cloudapp.net process 0
  in thorn Carpet, file /home/runner/work/tests/tests/master/configs/sim/build/Carpet/Comm.cc:103:
  ->[0m Synchronising group "GRHYDRO::TAU" in local mode
[1mWARNING level 2 from host runnervmmklqx.hxjakfajtdtuxlv55ejn1q2nha.dx.internal.cloudapp.net process 0
  in thorn Carpet, file /home/runner/work/tests/tests/master/configs/sim/build/Carpet/Comm.cc:103:
  ->[0m Synchronising group "GRHYDRO::DENS" in local mode
[1mWARNING level 2 from host runnervmmklqx.hxjakfajtdtuxlv55ejn1q2nha.dx.internal.cloudapp.net process 0
  in thorn Carpet, file /home/runner/work/tests/tests/master/configs/sim/build/Carpet/Comm.cc:103:
  ->[0m Synchronising group "GRHYDRO::SCON" in local mode
[1mWARNING level 2 from host runnervmmklqx.hxjakfajtdtuxlv55ejn1q2nha.dx.internal.cloudapp.net process 0
  in thorn Carpet, file /home/runner/work/tests/tests/master/configs/sim/build/Carpet/Comm.cc:103:
  ->[0m Synchronising group "GRHYDRO::BCONS" in local mode
[1mWARNING level 2 from host runnervmmklqx.hxjakfajtdtuxlv55ejn1q2nha.dx.internal.cloudapp.net process 0
  in thorn Carpet, file /home/runner/work/tests/tests/master/configs/sim/build/Carpet/Comm.cc:103:
  ->[0m Synchronising group "GRHYDRO::TAU" in local mode
[1mWARNING level 2 from host runnervmmklqx.hxjakfajtdtuxlv55ejn1q2nha.dx.internal.cloudapp.net process 0
  in thorn Carpet, file /home/runner/work/tests/tests/master/configs/sim/build/Carpet/Comm.cc:103:
  ->[0m Synchronising group "GRHYDRO::DENS" in local mode
[1mWARNING level 2 from host runnervmmklqx.hxjakfajtdtuxlv55ejn1q2nha.dx.internal.cloudapp.net process 0
  in thorn Carpet, file /home/runner/work/tests/tests/master/configs/sim/build/Carpet/Comm.cc:103:
  ->[0m Synchronising group "GRHYDRO::SCON" in local mode
[1mWARNING level 2 from host runnervmmklqx.hxjakfajtdtuxlv55ejn1q2nha.dx.internal.cloudapp.net process 0
  in thorn Carpet, file /home/runner/work/tests/tests/master/configs/sim/build/Carpet/Comm.cc:103:
  ->[0m Synchronising group "GRHYDRO::BCONS" in local mode
[1mWARNING level 2 from host runnervmmklqx.hxjakfajtdtuxlv55ejn1q2nha.dx.internal.cloudapp.net process 0
  in thorn Carpet, file /home/runner/work/tests/tests/master/configs/sim/build/Carpet/Comm.cc:103:
  ->[0m Synchronising group "GRHYDRO::TAU" in local mode
[1mWARNING level 2 from host runnervmmklqx.hxjakfajtdtuxlv55ejn1q2nha.dx.internal.cloudapp.net process 0
  in thorn Carpet, file /home/runner/work/tests/tests/master/configs/sim/build/Carpet/Comm.cc:103:
  ->[0m Synchronising group "GRHYDRO::DENS" in local mode
[1mWARNING level 2 from host runnervmmklqx.hxjakfajtdtuxlv55ejn1q2nha.dx.internal.cloudapp.net process 0
  in thorn Carpet, file /home/runner/work/tests/tests/master/configs/sim/build/Carpet/Comm.cc:103:
  ->[0m Synchronising group "GRHYDRO::SCON" in local mode
[1mWARNING level 2 from host runnervmmklqx.hxjakfajtdtuxlv55ejn1q2nha.dx.internal.cloudapp.net process 0
  in thorn Carpet, file /home/runner/work/tests/tests/master/configs/sim/build/Carpet/Comm.cc:103:
  ->[0m Synchronising group "GRHYDRO::BCONS" in local mode
[1mWARNING level 2 from host runnervmmklqx.hxjakfajtdtuxlv55ejn1q2nha.dx.internal.cloudapp.net process 0
  in thorn Carpet, file /home/runner/work/tests/tests/master/configs/sim/build/Carpet/Comm.cc:103:
  ->[0m Synchronising group "GRHYDRO::TAU" in local mode
[1mWARNING level 2 from host runnervmmklqx.hxjakfajtdtuxlv55ejn1q2nha.dx.internal.cloudapp.net process 0
  in thorn Carpet, file /home/runner/work/tests/tests/master/configs/sim/build/Carpet/Comm.cc:103:
  ->[0m Synchronising group "GRHYDRO::DENS" in local mode
[1mWARNING level 2 from host runnervmmklqx.hxjakfajtdtuxlv55ejn1q2nha.dx.internal.cloudapp.net process 0
  in thorn Carpet, file /home/runner/work/tests/tests/master/configs/sim/build/Carpet/Comm.cc:103:
  ->[0m Synchronising group "GRHYDRO::SCON" in local mode
[1mWARNING level 2 from host runnervmmklqx.hxjakfajtdtuxlv55ejn1q2nha.dx.internal.cloudapp.net process 0
  in thorn Carpet, file /home/runner/work/tests/tests/master/configs/sim/build/Carpet/Comm.cc:103:
  ->[0m Synchronising group "GRHYDRO::BCONS" in local mode
[1mWARNING level 2 from host runnervmmklqx.hxjakfajtdtuxlv55ejn1q2nha.dx.internal.cloudapp.net process 0
  in thorn Carpet, file /home/runner/work/tests/tests/master/configs/sim/build/Carpet/Comm.cc:103:
  ->[0m Synchronising group "GRHYDRO::TAU" in local mode
[1mWARNING level 2 from host runnervmmklqx.hxjakfajtdtuxlv55ejn1q2nha.dx.internal.cloudapp.net process 0
  in thorn Carpet, file /home/runner/work/tests/tests/master/configs/sim/build/Carpet/Comm.cc:103:
  ->[0m Synchronising group "GRHYDRO::DENS" in local mode
[1mWARNING level 2 from host runnervmmklqx.hxjakfajtdtuxlv55ejn1q2nha.dx.internal.cloudapp.net process 0
  in thorn Carpet, file /home/runner/work/tests/tests/master/configs/sim/build/Carpet/Comm.cc:103:
  ->[0m Synchronising group "GRHYDRO::SCON" in local mode
[1mWARNING level 2 from host runnervmmklqx.hxjakfajtdtuxlv55ejn1q2nha.dx.internal.cloudapp.net process 0
  in thorn Carpet, file /home/runner/work/tests/tests/master/configs/sim/build/Carpet/Comm.cc:103:
  ->[0m Synchronising group "GRHYDRO::BCONS" in local mode
[1mWARNING level 2 from host runnervmmklqx.hxjakfajtdtuxlv55ejn1q2nha.dx.internal.cloudapp.net process 0
  in thorn Carpet, file /home/runner/work/tests/tests/master/configs/sim/build/Carpet/Comm.cc:103:
  ->[0m Synchronising group "GRHYDRO::TAU" in local mode
[1mWARNING level 2 from host runnervmmklqx.hxjakfajtdtuxlv55ejn1q2nha.dx.internal.cloudapp.net process 0
  in thorn Carpet, file /home/runner/work/tests/tests/master/configs/sim/build/Carpet/Comm.cc:103:
  ->[0m Synchronising group "GRHYDRO::DENS" in local mode
[1mWARNING level 2 from host runnervmmklqx.hxjakfajtdtuxlv55ejn1q2nha.dx.internal.cloudapp.net process 0
  in thorn Carpet, file /home/runner/work/tests/tests/master/configs/sim/build/Carpet/Comm.cc:103:
  ->[0m Synchronising group "GRHYDRO::SCON" in local mode
[1mWARNING level 2 from host runnervmmklqx.hxjakfajtdtuxlv55ejn1q2nha.dx.internal.cloudapp.net process 0
  in thorn Carpet, file /home/runner/work/tests/tests/master/configs/sim/build/Carpet/Comm.cc:103:
  ->[0m Synchronising group "GRHYDRO::BCONS" in local mode
[1mWARNING level 2 from host runnervmmklqx.hxjakfajtdtuxlv55ejn1q2nha.dx.internal.cloudapp.net process 0
  in thorn Carpet, file /home/runner/work/tests/tests/master/configs/sim/build/Carpet/Comm.cc:103:
  ->[0m Synchronising group "GRHYDRO::TAU" in local mode
[1mWARNING level 2 from host runnervmmklqx.hxjakfajtdtuxlv55ejn1q2nha.dx.internal.cloudapp.net process 0
  in thorn Carpet, file /home/runner/work/tests/tests/master/configs/sim/build/Carpet/Comm.cc:103:
  ->[0m Synchronising group "GRHYDRO::DENS" in local mode
[1mWARNING level 2 from host runnervmmklqx.hxjakfajtdtuxlv55ejn1q2nha.dx.internal.cloudapp.net process 0
  in thorn Carpet, file /home/runner/work/tests/tests/master/configs/sim/build/Carpet/Comm.cc:103:
  ->[0m Synchronising group "GRHYDRO::SCON" in local mode
[1mWARNING level 2 from host runnervmmklqx.hxjakfajtdtuxlv55ejn1q2nha.dx.internal.cloudapp.net process 0
  in thorn Carpet, file /home/runner/work/tests/tests/master/configs/sim/build/Carpet/Comm.cc:103:
  ->[0m Synchronising group "GRHYDRO::BCONS" in local mode
[1mWARNING level 2 from host runnervmmklqx.hxjakfajtdtuxlv55ejn1q2nha.dx.internal.cloudapp.net process 0
  in thorn Carpet, file /home/runner/work/tests/tests/master/configs/sim/build/Carpet/Comm.cc:103:
  ->[0m Synchronising group "GRHYDRO::TAU" in local mode
[1mWARNING level 2 from host runnervmmklqx.hxjakfajtdtuxlv55ejn1q2nha.dx.internal.cloudapp.net process 0
  in thorn Carpet, file /home/runner/work/tests/tests/master/configs/sim/build/Carpet/Comm.cc:103:
  ->[0m Synchronising group "GRHYDRO::DENS" in local mode
[1mWARNING level 2 from host runnervmmklqx.hxjakfajtdtuxlv55ejn1q2nha.dx.internal.cloudapp.net process 0
  in thorn Carpet, file /home/runner/work/tests/tests/master/configs/sim/build/Carpet/Comm.cc:103:
  ->[0m Synchronising group "GRHYDRO::SCON" in local mode
[1mWARNING level 2 from host runnervmmklqx.hxjakfajtdtuxlv55ejn1q2nha.dx.internal.cloudapp.net process 0
  in thorn Carpet, file /home/runner/work/tests/tests/master/configs/sim/build/Carpet/Comm.cc:103:
  ->[0m Synchronising group "GRHYDRO::BCONS" in local mode
[1mWARNING level 2 from host runnervmmklqx.hxjakfajtdtuxlv55ejn1q2nha.dx.internal.cloudapp.net process 0
  in thorn Carpet, file /home/runner/work/tests/tests/master/configs/sim/build/Carpet/Comm.cc:103:
  ->[0m Synchronising group "GRHYDRO::TAU" in local mode
[1mWARNING level 2 from host runnervmmklqx.hxjakfajtdtuxlv55ejn1q2nha.dx.internal.cloudapp.net process 0
  in thorn Carpet, file /home/runner/work/tests/tests/master/configs/sim/build/Carpet/Comm.cc:103:
  ->[0m Synchronising group "GRHYDRO::DENS" in local mode
[1mWARNING level 2 from host runnervmmklqx.hxjakfajtdtuxlv55ejn1q2nha.dx.internal.cloudapp.net process 0
  in thorn Carpet, file /home/runner/work/tests/tests/master/configs/sim/build/Carpet/Comm.cc:103:
  ->[0m Synchronising group "GRHYDRO::SCON" in local mode
[1mWARNING level 2 from host runnervmmklqx.hxjakfajtdtuxlv55ejn1q2nha.dx.internal.cloudapp.net process 0
  in thorn Carpet, file /home/runner/work/tests/tests/master/configs/sim/build/Carpet/Comm.cc:103:
  ->[0m Synchronising group "GRHYDRO::BCONS" in local mode
[1mWARNING level 2 from host runnervmmklqx.hxjakfajtdtuxlv55ejn1q2nha.dx.internal.cloudapp.net process 0
  in thorn Carpet, file /home/runner/work/tests/tests/master/configs/sim/build/Carpet/Comm.cc:103:
  ->[0m Synchronising group "GRHYDRO::TAU" in local mode
[1mWARNING level 2 from host runnervmmklqx.hxjakfajtdtuxlv55ejn1q2nha.dx.internal.cloudapp.net process 0
  in thorn Carpet, file /home/runner/work/tests/tests/master/configs/sim/build/Carpet/Comm.cc:103:
  ->[0m Synchronising group "GRHYDRO::DENS" in local mode
[1mWARNING level 2 from host runnervmmklqx.hxjakfajtdtuxlv55ejn1q2nha.dx.internal.cloudapp.net process 0
  in thorn Carpet, file /home/runner/work/tests/tests/master/configs/sim/build/Carpet/Comm.cc:103:
  ->[0m Synchronising group "GRHYDRO::SCON" in local mode
[1mWARNING level 2 from host runnervmmklqx.hxjakfajtdtuxlv55ejn1q2nha.dx.internal.cloudapp.net process 0
  in thorn Carpet, file /home/runner/work/tests/tests/master/configs/sim/build/Carpet/Comm.cc:103:
  ->[0m Synchronising group "GRHYDRO::BCONS" in local mode
[1mWARNING level 2 from host runnervmmklqx.hxjakfajtdtuxlv55ejn1q2nha.dx.internal.cloudapp.net process 0
  in thorn Carpet, file /home/runner/work/tests/tests/master/configs/sim/build/Carpet/Comm.cc:103:
  ->[0m Synchronising group "GRHYDRO::TAU" in local mode
[1mWARNING level 2 from host runnervmmklqx.hxjakfajtdtuxlv55ejn1q2nha.dx.internal.cloudapp.net process 0
  in thorn Carpet, file /home/runner/work/tests/tests/master/configs/sim/build/Carpet/Comm.cc:103:
  ->[0m Synchronising group "GRHYDRO::DENS" in local mode
[1mWARNING level 2 from host runnervmmklqx.hxjakfajtdtuxlv55ejn1q2nha.dx.internal.cloudapp.net process 0
  in thorn Carpet, file /home/runner/work/tests/tests/master/configs/sim/build/Carpet/Comm.cc:103:
  ->[0m Synchronising group "GRHYDRO::SCON" in local mode
[1mWARNING level 2 from host runnervmmklqx.hxjakfajtdtuxlv55ejn1q2nha.dx.internal.cloudapp.net process 0
  in thorn Carpet, file /home/runner/work/tests/tests/master/configs/sim/build/Carpet/Comm.cc:103:
  ->[0m Synchronising group "GRHYDRO::BCONS" in local mode
[1mWARNING level 2 from host runnervmmklqx.hxjakfajtdtuxlv55ejn1q2nha.dx.internal.cloudapp.net process 0
  in thorn Carpet, file /home/runner/work/tests/tests/master/configs/sim/build/Carpet/Comm.cc:103:
  ->[0m Synchronising group "GRHYDRO::TAU" in local mode
[1mWARNING level 2 from host runnervmmklqx.hxjakfajtdtuxlv55ejn1q2nha.dx.internal.cloudapp.net process 0
  in thorn Carpet, file /home/runner/work/tests/tests/master/configs/sim/build/Carpet/Comm.cc:103:
  ->[0m Synchronising group "GRHYDRO::DENS" in local mode
[1mWARNING level 2 from host runnervmmklqx.hxjakfajtdtuxlv55ejn1q2nha.dx.internal.cloudapp.net process 0
  in thorn Carpet, file /home/runner/work/tests/tests/master/configs/sim/build/Carpet/Comm.cc:103:
  ->[0m Synchronising group "GRHYDRO::SCON" in local mode
[1mWARNING level 2 from host runnervmmklqx.hxjakfajtdtuxlv55ejn1q2nha.dx.internal.cloudapp.net process 0
  in thorn Carpet, file /home/runner/work/tests/tests/master/configs/sim/build/Carpet/Comm.cc:103:
  ->[0m Synchronising group "GRHYDRO::BCONS" in local mode
        4     0.001 |  134.9011628 |  119.5858427 |   11.2197779 |   64.2169010 |        66
[1mWARNING level 2 from host runnervmmklqx.hxjakfajtdtuxlv55ejn1q2nha.dx.internal.cloudapp.net process 0
  in thorn Carpet, file /home/runner/work/tests/tests/master/configs/sim/build/Carpet/Comm.cc:103:
  ->[0m Synchronising group "GRHYDRO::TAU" in local mode
[1mWARNING level 2 from host runnervmmklqx.hxjakfajtdtuxlv55ejn1q2nha.dx.internal.cloudapp.net process 0
  in thorn Carpet, file /home/runner/work/tests/tests/master/configs/sim/build/Carpet/Comm.cc:103:
  ->[0m Synchronising group "GRHYDRO::DENS" in local mode
[1mWARNING level 2 from host runnervmmklqx.hxjakfajtdtuxlv55ejn1q2nha.dx.internal.cloudapp.net process 0
  in thorn Carpet, file /home/runner/work/tests/tests/master/configs/sim/build/Carpet/Comm.cc:103:
  ->[0m Synchronising group "GRHYDRO::SCON" in local mode
[1mWARNING level 2 from host runnervmmklqx.hxjakfajtdtuxlv55ejn1q2nha.dx.internal.cloudapp.net process 0
  in thorn Carpet, file /home/runner/work/tests/tests/master/configs/sim/build/Carpet/Comm.cc:103:
  ->[0m Synchronising group "GRHYDRO::BCONS" in local mode
[1mWARNING level 2 from host runnervmmklqx.hxjakfajtdtuxlv55ejn1q2nha.dx.internal.cloudapp.net process 0
  in thorn Carpet, file /home/runner/work/tests/tests/master/configs/sim/build/Carpet/Comm.cc:103:
  ->[0m Synchronising group "GRHYDRO::TAU" in local mode
[1mWARNING level 2 from host runnervmmklqx.hxjakfajtdtuxlv55ejn1q2nha.dx.internal.cloudapp.net process 0
  in thorn Carpet, file /home/runner/work/tests/tests/master/configs/sim/build/Carpet/Comm.cc:103:
  ->[0m Synchronising group "GRHYDRO::DENS" in local mode
[1mWARNING level 2 from host runnervmmklqx.hxjakfajtdtuxlv55ejn1q2nha.dx.internal.cloudapp.net process 0
  in thorn Carpet, file /home/runner/work/tests/tests/master/configs/sim/build/Carpet/Comm.cc:103:
  ->[0m Synchronising group "GRHYDRO::SCON" in local mode
[1mWARNING level 2 from host runnervmmklqx.hxjakfajtdtuxlv55ejn1q2nha.dx.internal.cloudapp.net process 0
  in thorn Carpet, file /home/runner/work/tests/tests/master/configs/sim/build/Carpet/Comm.cc:103:
  ->[0m Synchronising group "GRHYDRO::BCONS" in local mode
[1mWARNING level 2 from host runnervmmklqx.hxjakfajtdtuxlv55ejn1q2nha.dx.internal.cloudapp.net process 0
  in thorn Carpet, file /home/runner/work/tests/tests/master/configs/sim/build/Carpet/Comm.cc:103:
  ->[0m Synchronising group "GRHYDRO::TAU" in local mode
[1mWARNING level 2 from host runnervmmklqx.hxjakfajtdtuxlv55ejn1q2nha.dx.internal.cloudapp.net process 0
  in thorn Carpet, file /home/runner/work/tests/tests/master/configs/sim/build/Carpet/Comm.cc:103:
  ->[0m Synchronising group "GRHYDRO::DENS" in local mode
[1mWARNING level 2 from host runnervmmklqx.hxjakfajtdtuxlv55ejn1q2nha.dx.internal.cloudapp.net process 0
  in thorn Carpet, file /home/runner/work/tests/tests/master/configs/sim/build/Carpet/Comm.cc:103:
  ->[0m Synchronising group "GRHYDRO::SCON" in local mode
[1mWARNING level 2 from host runnervmmklqx.hxjakfajtdtuxlv55ejn1q2nha.dx.internal.cloudapp.net process 0
  in thorn Carpet, file /home/runner/work/tests/tests/master/configs/sim/build/Carpet/Comm.cc:103:
  ->[0m Synchronising group "GRHYDRO::BCONS" in local mode
[1mWARNING level 2 from host runnervmmklqx.hxjakfajtdtuxlv55ejn1q2nha.dx.internal.cloudapp.net process 0
  in thorn Carpet, file /home/runner/work/tests/tests/master/configs/sim/build/Carpet/Comm.cc:103:
  ->[0m Synchronising group "GRHYDRO::TAU" in local mode
[1mWARNING level 2 from host runnervmmklqx.hxjakfajtdtuxlv55ejn1q2nha.dx.internal.cloudapp.net process 0
  in thorn Carpet, file /home/runner/work/tests/tests/master/configs/sim/build/Carpet/Comm.cc:103:
  ->[0m Synchronising group "GRHYDRO::DENS" in local mode
[1mWARNING level 2 from host runnervmmklqx.hxjakfajtdtuxlv55ejn1q2nha.dx.internal.cloudapp.net process 0
  in thorn Carpet, file /home/runner/work/tests/tests/master/configs/sim/build/Carpet/Comm.cc:103:
  ->[0m Synchronising group "GRHYDRO::SCON" in local mode
[1mWARNING level 2 from host runnervmmklqx.hxjakfajtdtuxlv55ejn1q2nha.dx.internal.cloudapp.net process 0
  in thorn Carpet, file /home/runner/work/tests/tests/master/configs/sim/build/Carpet/Comm.cc:103:
  ->[0m Synchronising group "GRHYDRO::BCONS" in local mode
[1mWARNING level 2 from host runnervmmklqx.hxjakfajtdtuxlv55ejn1q2nha.dx.internal.cloudapp.net process 0
  in thorn Carpet, file /home/runner/work/tests/tests/master/configs/sim/build/Carpet/Comm.cc:103:
  ->[0m Synchronising group "GRHYDRO::TAU" in local mode
[1mWARNING level 2 from host runnervmmklqx.hxjakfajtdtuxlv55ejn1q2nha.dx.internal.cloudapp.net process 0
  in thorn Carpet, file /home/runner/work/tests/tests/master/configs/sim/build/Carpet/Comm.cc:103:
  ->[0m Synchronising group "GRHYDRO::DENS" in local mode
[1mWARNING level 2 from host runnervmmklqx.hxjakfajtdtuxlv55ejn1q2nha.dx.internal.cloudapp.net process 0
  in thorn Carpet, file /home/runner/work/tests/tests/master/configs/sim/build/Carpet/Comm.cc:103:
  ->[0m Synchronising group "GRHYDRO::SCON" in local mode
[1mWARNING level 2 from host runnervmmklqx.hxjakfajtdtuxlv55ejn1q2nha.dx.internal.cloudapp.net process 0
  in thorn Carpet, file /home/runner/work/tests/tests/master/configs/sim/build/Carpet/Comm.cc:103:
  ->[0m Synchronising group "GRHYDRO::BCONS" in local mode
[1mWARNING level 2 from host runnervmmklqx.hxjakfajtdtuxlv55ejn1q2nha.dx.internal.cloudapp.net process 0
  in thorn Carpet, file /home/runner/work/tests/tests/master/configs/sim/build/Carpet/Comm.cc:103:
  ->[0m Synchronising group "GRHYDRO::TAU" in local mode
[1mWARNING level 2 from host runnervmmklqx.hxjakfajtdtuxlv55ejn1q2nha.dx.internal.cloudapp.net process 0
  in thorn Carpet, file /home/runner/work/tests/tests/master/configs/sim/build/Carpet/Comm.cc:103:
  ->[0m Synchronising group "GRHYDRO::DENS" in local mode
[1mWARNING level 2 from host runnervmmklqx.hxjakfajtdtuxlv55ejn1q2nha.dx.internal.cloudapp.net process 0
  in thorn Carpet, file /home/runner/work/tests/tests/master/configs/sim/build/Carpet/Comm.cc:103:
  ->[0m Synchronising group "GRHYDRO::SCON" in local mode
[1mWARNING level 2 from host runnervmmklqx.hxjakfajtdtuxlv55ejn1q2nha.dx.internal.cloudapp.net process 0
  in thorn Carpet, file /home/runner/work/tests/tests/master/configs/sim/build/Carpet/Comm.cc:103:
  ->[0m Synchronising group "GRHYDRO::BCONS" in local mode
[1mWARNING level 2 from host runnervmmklqx.hxjakfajtdtuxlv55ejn1q2nha.dx.internal.cloudapp.net process 0
  in thorn Carpet, file /home/runner/work/tests/tests/master/configs/sim/build/Carpet/Comm.cc:103:
  ->[0m Synchronising group "GRHYDRO::TAU" in local mode
[1mWARNING level 2 from host runnervmmklqx.hxjakfajtdtuxlv55ejn1q2nha.dx.internal.cloudapp.net process 0
  in thorn Carpet, file /home/runner/work/tests/tests/master/configs/sim/build/Carpet/Comm.cc:103:
  ->[0m Synchronising group "GRHYDRO::DENS" in local mode
[1mWARNING level 2 from host runnervmmklqx.hxjakfajtdtuxlv55ejn1q2nha.dx.internal.cloudapp.net process 0
  in thorn Carpet, file /home/runner/work/tests/tests/master/configs/sim/build/Carpet/Comm.cc:103:
  ->[0m Synchronising group "GRHYDRO::SCON" in local mode
[1mWARNING level 2 from host runnervmmklqx.hxjakfajtdtuxlv55ejn1q2nha.dx.internal.cloudapp.net process 0
  in thorn Carpet, file /home/runner/work/tests/tests/master/configs/sim/build/Carpet/Comm.cc:103:
  ->[0m Synchronising group "GRHYDRO::BCONS" in local mode
[1mWARNING level 2 from host runnervmmklqx.hxjakfajtdtuxlv55ejn1q2nha.dx.internal.cloudapp.net process 0
  in thorn Carpet, file /home/runner/work/tests/tests/master/configs/sim/build/Carpet/Comm.cc:103:
  ->[0m Synchronising group "GRHYDRO::TAU" in local mode
[1mWARNING level 2 from host runnervmmklqx.hxjakfajtdtuxlv55ejn1q2nha.dx.internal.cloudapp.net process 0
  in thorn Carpet, file /home/runner/work/tests/tests/master/configs/sim/build/Carpet/Comm.cc:103:
  ->[0m Synchronising group "GRHYDRO::DENS" in local mode
[1mWARNING level 2 from host runnervmmklqx.hxjakfajtdtuxlv55ejn1q2nha.dx.internal.cloudapp.net process 0
  in thorn Carpet, file /home/runner/work/tests/tests/master/configs/sim/build/Carpet/Comm.cc:103:
  ->[0m Synchronising group "GRHYDRO::SCON" in local mode
[1mWARNING level 2 from host runnervmmklqx.hxjakfajtdtuxlv55ejn1q2nha.dx.internal.cloudapp.net process 0
  in thorn Carpet, file /home/runner/work/tests/tests/master/configs/sim/build/Carpet/Comm.cc:103:
  ->[0m Synchronising group "GRHYDRO::BCONS" in local mode
[1mWARNING level 2 from host runnervmmklqx.hxjakfajtdtuxlv55ejn1q2nha.dx.internal.cloudapp.net process 0
  in thorn Carpet, file /home/runner/work/tests/tests/master/configs/sim/build/Carpet/Comm.cc:103:
  ->[0m Synchronising group "GRHYDRO::TAU" in local mode
[1mWARNING level 2 from host runnervmmklqx.hxjakfajtdtuxlv55ejn1q2nha.dx.internal.cloudapp.net process 0
  in thorn Carpet, file /home/runner/work/tests/tests/master/configs/sim/build/Carpet/Comm.cc:103:
  ->[0m Synchronising group "GRHYDRO::DENS" in local mode
[1mWARNING level 2 from host runnervmmklqx.hxjakfajtdtuxlv55ejn1q2nha.dx.internal.cloudapp.net process 0
  in thorn Carpet, file /home/runner/work/tests/tests/master/configs/sim/build/Carpet/Comm.cc:103:
  ->[0m Synchronising group "GRHYDRO::SCON" in local mode
[1mWARNING level 2 from host runnervmmklqx.hxjakfajtdtuxlv55ejn1q2nha.dx.internal.cloudapp.net process 0
  in thorn Carpet, file /home/runner/work/tests/tests/master/configs/sim/build/Carpet/Comm.cc:103:
  ->[0m Synchronising group "GRHYDRO::BCONS" in local mode
[1mWARNING level 2 from host runnervmmklqx.hxjakfajtdtuxlv55ejn1q2nha.dx.internal.cloudapp.net process 0
  in thorn Carpet, file /home/runner/work/tests/tests/master/configs/sim/build/Carpet/Comm.cc:103:
  ->[0m Synchronising group "GRHYDRO::TAU" in local mode
[1mWARNING level 2 from host runnervmmklqx.hxjakfajtdtuxlv55ejn1q2nha.dx.internal.cloudapp.net process 0
  in thorn Carpet, file /home/runner/work/tests/tests/master/configs/sim/build/Carpet/Comm.cc:103:
  ->[0m Synchronising group "GRHYDRO::DENS" in local mode
[1mWARNING level 2 from host runnervmmklqx.hxjakfajtdtuxlv55ejn1q2nha.dx.internal.cloudapp.net process 0
  in thorn Carpet, file /home/runner/work/tests/tests/master/configs/sim/build/Carpet/Comm.cc:103:
  ->[0m Synchronising group "GRHYDRO::SCON" in local mode
[1mWARNING level 2 from host runnervmmklqx.hxjakfajtdtuxlv55ejn1q2nha.dx.internal.cloudapp.net process 0
  in thorn Carpet, file /home/runner/work/tests/tests/master/configs/sim/build/Carpet/Comm.cc:103:
  ->[0m Synchronising group "GRHYDRO::BCONS" in local mode
[1mWARNING level 2 from host runnervmmklqx.hxjakfajtdtuxlv55ejn1q2nha.dx.internal.cloudapp.net process 0
  in thorn Carpet, file /home/runner/work/tests/tests/master/configs/sim/build/Carpet/Comm.cc:103:
  ->[0m Synchronising group "GRHYDRO::TAU" in local mode
[1mWARNING level 2 from host runnervmmklqx.hxjakfajtdtuxlv55ejn1q2nha.dx.internal.cloudapp.net process 0
  in thorn Carpet, file /home/runner/work/tests/tests/master/configs/sim/build/Carpet/Comm.cc:103:
  ->[0m Synchronising group "GRHYDRO::DENS" in local mode
[1mWARNING level 2 from host runnervmmklqx.hxjakfajtdtuxlv55ejn1q2nha.dx.internal.cloudapp.net process 0
  in thorn Carpet, file /home/runner/work/tests/tests/master/configs/sim/build/Carpet/Comm.cc:103:
  ->[0m Synchronising group "GRHYDRO::SCON" in local mode
[1mWARNING level 2 from host runnervmmklqx.hxjakfajtdtuxlv55ejn1q2nha.dx.internal.cloudapp.net process 0
  in thorn Carpet, file /home/runner/work/tests/tests/master/configs/sim/build/Carpet/Comm.cc:103:
  ->[0m Synchronising group "GRHYDRO::BCONS" in local mode
[1mWARNING level 2 from host runnervmmklqx.hxjakfajtdtuxlv55ejn1q2nha.dx.internal.cloudapp.net process 0
  in thorn Carpet, file /home/runner/work/tests/tests/master/configs/sim/build/Carpet/Comm.cc:103:
  ->[0m Synchronising group "GRHYDRO::TAU" in local mode
[1mWARNING level 2 from host runnervmmklqx.hxjakfajtdtuxlv55ejn1q2nha.dx.internal.cloudapp.net process 0
  in thorn Carpet, file /home/runner/work/tests/tests/master/configs/sim/build/Carpet/Comm.cc:103:
  ->[0m Synchronising group "GRHYDRO::DENS" in local mode
[1mWARNING level 2 from host runnervmmklqx.hxjakfajtdtuxlv55ejn1q2nha.dx.internal.cloudapp.net process 0
  in thorn Carpet, file /home/runner/work/tests/tests/master/configs/sim/build/Carpet/Comm.cc:103:
  ->[0m Synchronising group "GRHYDRO::SCON" in local mode
[1mWARNING level 2 from host runnervmmklqx.hxjakfajtdtuxlv55ejn1q2nha.dx.internal.cloudapp.net process 0
  in thorn Carpet, file /home/runner/work/tests/tests/master/configs/sim/build/Carpet/Comm.cc:103:
  ->[0m Synchronising group "GRHYDRO::BCONS" in local mode
[1mWARNING level 2 from host runnervmmklqx.hxjakfajtdtuxlv55ejn1q2nha.dx.internal.cloudapp.net process 0
  in thorn Carpet, file /home/runner/work/tests/tests/master/configs/sim/build/Carpet/Comm.cc:103:
  ->[0m Synchronising group "GRHYDRO::TAU" in local mode
[1mWARNING level 2 from host runnervmmklqx.hxjakfajtdtuxlv55ejn1q2nha.dx.internal.cloudapp.net process 0
  in thorn Carpet, file /home/runner/work/tests/tests/master/configs/sim/build/Carpet/Comm.cc:103:
  ->[0m Synchronising group "GRHYDRO::DENS" in local mode
[1mWARNING level 2 from host runnervmmklqx.hxjakfajtdtuxlv55ejn1q2nha.dx.internal.cloudapp.net process 0
  in thorn Carpet, file /home/runner/work/tests/tests/master/configs/sim/build/Carpet/Comm.cc:103:
  ->[0m Synchronising group "GRHYDRO::SCON" in local mode
[1mWARNING level 2 from host runnervmmklqx.hxjakfajtdtuxlv55ejn1q2nha.dx.internal.cloudapp.net process 0
  in thorn Carpet, file /home/runner/work/tests/tests/master/configs/sim/build/Carpet/Comm.cc:103:
  ->[0m Synchronising group "GRHYDRO::BCONS" in local mode
[1mWARNING level 2 from host runnervmmklqx.hxjakfajtdtuxlv55ejn1q2nha.dx.internal.cloudapp.net process 0
  in thorn Carpet, file /home/runner/work/tests/tests/master/configs/sim/build/Carpet/Comm.cc:103:
  ->[0m Synchronising group "GRHYDRO::TAU" in local mode
[1mWARNING level 2 from host runnervmmklqx.hxjakfajtdtuxlv55ejn1q2nha.dx.internal.cloudapp.net process 0
  in thorn Carpet, file /home/runner/work/tests/tests/master/configs/sim/build/Carpet/Comm.cc:103:
  ->[0m Synchronising group "GRHYDRO::DENS" in local mode
[1mWARNING level 2 from host runnervmmklqx.hxjakfajtdtuxlv55ejn1q2nha.dx.internal.cloudapp.net process 0
  in thorn Carpet, file /home/runner/work/tests/tests/master/configs/sim/build/Carpet/Comm.cc:103:
  ->[0m Synchronising group "GRHYDRO::SCON" in local mode
[1mWARNING level 2 from host runnervmmklqx.hxjakfajtdtuxlv55ejn1q2nha.dx.internal.cloudapp.net process 0
  in thorn Carpet, file /home/runner/work/tests/tests/master/configs/sim/build/Carpet/Comm.cc:103:
  ->[0m Synchronising group "GRHYDRO::BCONS" in local mode
        5     0.002 |  135.2938143 |  122.4455178 |   12.0980879 |   76.0213595 |        66
[1mWARNING level 2 from host runnervmmklqx.hxjakfajtdtuxlv55ejn1q2nha.dx.internal.cloudapp.net process 0
  in thorn Carpet, file /home/runner/work/tests/tests/master/configs/sim/build/Carpet/Comm.cc:103:
  ->[0m Synchronising group "GRHYDRO::TAU" in local mode
[1mWARNING level 2 from host runnervmmklqx.hxjakfajtdtuxlv55ejn1q2nha.dx.internal.cloudapp.net process 0
  in thorn Carpet, file /home/runner/work/tests/tests/master/configs/sim/build/Carpet/Comm.cc:103:
  ->[0m Synchronising group "GRHYDRO::DENS" in local mode
[1mWARNING level 2 from host runnervmmklqx.hxjakfajtdtuxlv55ejn1q2nha.dx.internal.cloudapp.net process 0
  in thorn Carpet, file /home/runner/work/tests/tests/master/configs/sim/build/Carpet/Comm.cc:103:
  ->[0m Synchronising group "GRHYDRO::SCON" in local mode
[1mWARNING level 2 from host runnervmmklqx.hxjakfajtdtuxlv55ejn1q2nha.dx.internal.cloudapp.net process 0
  in thorn Carpet, file /home/runner/work/tests/tests/master/configs/sim/build/Carpet/Comm.cc:103:
  ->[0m Synchronising group "GRHYDRO::BCONS" in local mode
[1mWARNING level 2 from host runnervmmklqx.hxjakfajtdtuxlv55ejn1q2nha.dx.internal.cloudapp.net process 0
  in thorn Carpet, file /home/runner/work/tests/tests/master/configs/sim/build/Carpet/Comm.cc:103:
  ->[0m Synchronising group "GRHYDRO::TAU" in local mode
[1mWARNING level 2 from host runnervmmklqx.hxjakfajtdtuxlv55ejn1q2nha.dx.internal.cloudapp.net process 0
  in thorn Carpet, file /home/runner/work/tests/tests/master/configs/sim/build/Carpet/Comm.cc:103:
  ->[0m Synchronising group "GRHYDRO::DENS" in local mode
[1mWARNING level 2 from host runnervmmklqx.hxjakfajtdtuxlv55ejn1q2nha.dx.internal.cloudapp.net process 0
  in thorn Carpet, file /home/runner/work/tests/tests/master/configs/sim/build/Carpet/Comm.cc:103:
  ->[0m Synchronising group "GRHYDRO::SCON" in local mode
[1mWARNING level 2 from host runnervmmklqx.hxjakfajtdtuxlv55ejn1q2nha.dx.internal.cloudapp.net process 0
  in thorn Carpet, file /home/runner/work/tests/tests/master/configs/sim/build/Carpet/Comm.cc:103:
  ->[0m Synchronising group "GRHYDRO::BCONS" in local mode
[1mWARNING level 2 from host runnervmmklqx.hxjakfajtdtuxlv55ejn1q2nha.dx.internal.cloudapp.net process 0
  in thorn Carpet, file /home/runner/work/tests/tests/master/configs/sim/build/Carpet/Comm.cc:103:
  ->[0m Synchronising group "GRHYDRO::TAU" in local mode
[1mWARNING level 2 from host runnervmmklqx.hxjakfajtdtuxlv55ejn1q2nha.dx.internal.cloudapp.net process 0
  in thorn Carpet, file /home/runner/work/tests/tests/master/configs/sim/build/Carpet/Comm.cc:103:
  ->[0m Synchronising group "GRHYDRO::DENS" in local mode
[1mWARNING level 2 from host runnervmmklqx.hxjakfajtdtuxlv55ejn1q2nha.dx.internal.cloudapp.net process 0
  in thorn Carpet, file /home/runner/work/tests/tests/master/configs/sim/build/Carpet/Comm.cc:103:
  ->[0m Synchronising group "GRHYDRO::SCON" in local mode
[1mWARNING level 2 from host runnervmmklqx.hxjakfajtdtuxlv55ejn1q2nha.dx.internal.cloudapp.net process 0
  in thorn Carpet, file /home/runner/work/tests/tests/master/configs/sim/build/Carpet/Comm.cc:103:
  ->[0m Synchronising group "GRHYDRO::BCONS" in local mode
[1mWARNING level 2 from host runnervmmklqx.hxjakfajtdtuxlv55ejn1q2nha.dx.internal.cloudapp.net process 0
  in thorn Carpet, file /home/runner/work/tests/tests/master/configs/sim/build/Carpet/Comm.cc:103:
  ->[0m Synchronising group "GRHYDRO::TAU" in local mode
[1mWARNING level 2 from host runnervmmklqx.hxjakfajtdtuxlv55ejn1q2nha.dx.internal.cloudapp.net process 0
  in thorn Carpet, file /home/runner/work/tests/tests/master/configs/sim/build/Carpet/Comm.cc:103:
  ->[0m Synchronising group "GRHYDRO::DENS" in local mode
[1mWARNING level 2 from host runnervmmklqx.hxjakfajtdtuxlv55ejn1q2nha.dx.internal.cloudapp.net process 0
  in thorn Carpet, file /home/runner/work/tests/tests/master/configs/sim/build/Carpet/Comm.cc:103:
  ->[0m Synchronising group "GRHYDRO::SCON" in local mode
[1mWARNING level 2 from host runnervmmklqx.hxjakfajtdtuxlv55ejn1q2nha.dx.internal.cloudapp.net process 0
  in thorn Carpet, file /home/runner/work/tests/tests/master/configs/sim/build/Carpet/Comm.cc:103:
  ->[0m Synchronising group "GRHYDRO::BCONS" in local mode
[1mWARNING level 2 from host runnervmmklqx.hxjakfajtdtuxlv55ejn1q2nha.dx.internal.cloudapp.net process 0
  in thorn Carpet, file /home/runner/work/tests/tests/master/configs/sim/build/Carpet/Comm.cc:103:
  ->[0m Synchronising group "GRHYDRO::TAU" in local mode
[1mWARNING level 2 from host runnervmmklqx.hxjakfajtdtuxlv55ejn1q2nha.dx.internal.cloudapp.net process 0
  in thorn Carpet, file /home/runner/work/tests/tests/master/configs/sim/build/Carpet/Comm.cc:103:
  ->[0m Synchronising group "GRHYDRO::DENS" in local mode
[1mWARNING level 2 from host runnervmmklqx.hxjakfajtdtuxlv55ejn1q2nha.dx.internal.cloudapp.net process 0
  in thorn Carpet, file /home/runner/work/tests/tests/master/configs/sim/build/Carpet/Comm.cc:103:
  ->[0m Synchronising group "GRHYDRO::SCON" in local mode
[1mWARNING level 2 from host runnervmmklqx.hxjakfajtdtuxlv55ejn1q2nha.dx.internal.cloudapp.net process 0
  in thorn Carpet, file /home/runner/work/tests/tests/master/configs/sim/build/Carpet/Comm.cc:103:
  ->[0m Synchronising group "GRHYDRO::BCONS" in local mode
[1mWARNING level 2 from host runnervmmklqx.hxjakfajtdtuxlv55ejn1q2nha.dx.internal.cloudapp.net process 0
  in thorn Carpet, file /home/runner/work/tests/tests/master/configs/sim/build/Carpet/Comm.cc:103:
  ->[0m Synchronising group "GRHYDRO::TAU" in local mode
[1mWARNING level 2 from host runnervmmklqx.hxjakfajtdtuxlv55ejn1q2nha.dx.internal.cloudapp.net process 0
  in thorn Carpet, file /home/runner/work/tests/tests/master/configs/sim/build/Carpet/Comm.cc:103:
  ->[0m Synchronising group "GRHYDRO::DENS" in local mode
[1mWARNING level 2 from host runnervmmklqx.hxjakfajtdtuxlv55ejn1q2nha.dx.internal.cloudapp.net process 0
  in thorn Carpet, file /home/runner/work/tests/tests/master/configs/sim/build/Carpet/Comm.cc:103:
  ->[0m Synchronising group "GRHYDRO::SCON" in local mode
[1mWARNING level 2 from host runnervmmklqx.hxjakfajtdtuxlv55ejn1q2nha.dx.internal.cloudapp.net process 0
  in thorn Carpet, file /home/runner/work/tests/tests/master/configs/sim/build/Carpet/Comm.cc:103:
  ->[0m Synchronising group "GRHYDRO::BCONS" in local mode
[1mWARNING level 2 from host runnervmmklqx.hxjakfajtdtuxlv55ejn1q2nha.dx.internal.cloudapp.net process 0
  in thorn Carpet, file /home/runner/work/tests/tests/master/configs/sim/build/Carpet/Comm.cc:103:
  ->[0m Synchronising group "GRHYDRO::TAU" in local mode
[1mWARNING level 2 from host runnervmmklqx.hxjakfajtdtuxlv55ejn1q2nha.dx.internal.cloudapp.net process 0
  in thorn Carpet, file /home/runner/work/tests/tests/master/configs/sim/build/Carpet/Comm.cc:103:
  ->[0m Synchronising group "GRHYDRO::DENS" in local mode
[1mWARNING level 2 from host runnervmmklqx.hxjakfajtdtuxlv55ejn1q2nha.dx.internal.cloudapp.net process 0
  in thorn Carpet, file /home/runner/work/tests/tests/master/configs/sim/build/Carpet/Comm.cc:103:
  ->[0m Synchronising group "GRHYDRO::SCON" in local mode
[1mWARNING level 2 from host runnervmmklqx.hxjakfajtdtuxlv55ejn1q2nha.dx.internal.cloudapp.net process 0
  in thorn Carpet, file /home/runner/work/tests/tests/master/configs/sim/build/Carpet/Comm.cc:103:
  ->[0m Synchronising group "GRHYDRO::BCONS" in local mode
[1mWARNING level 2 from host runnervmmklqx.hxjakfajtdtuxlv55ejn1q2nha.dx.internal.cloudapp.net process 0
  in thorn Carpet, file /home/runner/work/tests/tests/master/configs/sim/build/Carpet/Comm.cc:103:
  ->[0m Synchronising group "GRHYDRO::TAU" in local mode
[1mWARNING level 2 from host runnervmmklqx.hxjakfajtdtuxlv55ejn1q2nha.dx.internal.cloudapp.net process 0
  in thorn Carpet, file /home/runner/work/tests/tests/master/configs/sim/build/Carpet/Comm.cc:103:
  ->[0m Synchronising group "GRHYDRO::DENS" in local mode
[1mWARNING level 2 from host runnervmmklqx.hxjakfajtdtuxlv55ejn1q2nha.dx.internal.cloudapp.net process 0
  in thorn Carpet, file /home/runner/work/tests/tests/master/configs/sim/build/Carpet/Comm.cc:103:
  ->[0m Synchronising group "GRHYDRO::SCON" in local mode
[1mWARNING level 2 from host runnervmmklqx.hxjakfajtdtuxlv55ejn1q2nha.dx.internal.cloudapp.net process 0
  in thorn Carpet, file /home/runner/work/tests/tests/master/configs/sim/build/Carpet/Comm.cc:103:
  ->[0m Synchronising group "GRHYDRO::BCONS" in local mode
[1mWARNING level 2 from host runnervmmklqx.hxjakfajtdtuxlv55ejn1q2nha.dx.internal.cloudapp.net process 0
  in thorn Carpet, file /home/runner/work/tests/tests/master/configs/sim/build/Carpet/Comm.cc:103:
  ->[0m Synchronising group "GRHYDRO::TAU" in local mode
[1mWARNING level 2 from host runnervmmklqx.hxjakfajtdtuxlv55ejn1q2nha.dx.internal.cloudapp.net process 0
  in thorn Carpet, file /home/runner/work/tests/tests/master/configs/sim/build/Carpet/Comm.cc:103:
  ->[0m Synchronising group "GRHYDRO::DENS" in local mode
[1mWARNING level 2 from host runnervmmklqx.hxjakfajtdtuxlv55ejn1q2nha.dx.internal.cloudapp.net process 0
  in thorn Carpet, file /home/runner/work/tests/tests/master/configs/sim/build/Carpet/Comm.cc:103:
  ->[0m Synchronising group "GRHYDRO::SCON" in local mode
[1mWARNING level 2 from host runnervmmklqx.hxjakfajtdtuxlv55ejn1q2nha.dx.internal.cloudapp.net process 0
  in thorn Carpet, file /home/runner/work/tests/tests/master/configs/sim/build/Carpet/Comm.cc:103:
  ->[0m Synchronising group "GRHYDRO::BCONS" in local mode
[1mWARNING level 2 from host runnervmmklqx.hxjakfajtdtuxlv55ejn1q2nha.dx.internal.cloudapp.net process 0
  in thorn Carpet, file /home/runner/work/tests/tests/master/configs/sim/build/Carpet/Comm.cc:103:
  ->[0m Synchronising group "GRHYDRO::TAU" in local mode
[1mWARNING level 2 from host runnervmmklqx.hxjakfajtdtuxlv55ejn1q2nha.dx.internal.cloudapp.net process 0
  in thorn Carpet, file /home/runner/work/tests/tests/master/configs/sim/build/Carpet/Comm.cc:103:
  ->[0m Synchronising group "GRHYDRO::DENS" in local mode
[1mWARNING level 2 from host runnervmmklqx.hxjakfajtdtuxlv55ejn1q2nha.dx.internal.cloudapp.net process 0
  in thorn Carpet, file /home/runner/work/tests/tests/master/configs/sim/build/Carpet/Comm.cc:103:
  ->[0m Synchronising group "GRHYDRO::SCON" in local mode
[1mWARNING level 2 from host runnervmmklqx.hxjakfajtdtuxlv55ejn1q2nha.dx.internal.cloudapp.net process 0
  in thorn Carpet, file /home/runner/work/tests/tests/master/configs/sim/build/Carpet/Comm.cc:103:
  ->[0m Synchronising group "GRHYDRO::BCONS" in local mode
[1mWARNING level 2 from host runnervmmklqx.hxjakfajtdtuxlv55ejn1q2nha.dx.internal.cloudapp.net process 0
  in thorn Carpet, file /home/runner/work/tests/tests/master/configs/sim/build/Carpet/Comm.cc:103:
  ->[0m Synchronising group "GRHYDRO::TAU" in local mode
[1mWARNING level 2 from host runnervmmklqx.hxjakfajtdtuxlv55ejn1q2nha.dx.internal.cloudapp.net process 0
  in thorn Carpet, file /home/runner/work/tests/tests/master/configs/sim/build/Carpet/Comm.cc:103:
  ->[0m Synchronising group "GRHYDRO::DENS" in local mode
[1mWARNING level 2 from host runnervmmklqx.hxjakfajtdtuxlv55ejn1q2nha.dx.internal.cloudapp.net process 0
  in thorn Carpet, file /home/runner/work/tests/tests/master/configs/sim/build/Carpet/Comm.cc:103:
  ->[0m Synchronising group "GRHYDRO::SCON" in local mode
[1mWARNING level 2 from host runnervmmklqx.hxjakfajtdtuxlv55ejn1q2nha.dx.internal.cloudapp.net process 0
  in thorn Carpet, file /home/runner/work/tests/tests/master/configs/sim/build/Carpet/Comm.cc:103:
  ->[0m Synchronising group "GRHYDRO::BCONS" in local mode
[1mWARNING level 2 from host runnervmmklqx.hxjakfajtdtuxlv55ejn1q2nha.dx.internal.cloudapp.net process 0
  in thorn Carpet, file /home/runner/work/tests/tests/master/configs/sim/build/Carpet/Comm.cc:103:
  ->[0m Synchronising group "GRHYDRO::TAU" in local mode
[1mWARNING level 2 from host runnervmmklqx.hxjakfajtdtuxlv55ejn1q2nha.dx.internal.cloudapp.net process 0
  in thorn Carpet, file /home/runner/work/tests/tests/master/configs/sim/build/Carpet/Comm.cc:103:
  ->[0m Synchronising group "GRHYDRO::DENS" in local mode
[1mWARNING level 2 from host runnervmmklqx.hxjakfajtdtuxlv55ejn1q2nha.dx.internal.cloudapp.net process 0
  in thorn Carpet, file /home/runner/work/tests/tests/master/configs/sim/build/Carpet/Comm.cc:103:
  ->[0m Synchronising group "GRHYDRO::SCON" in local mode
[1mWARNING level 2 from host runnervmmklqx.hxjakfajtdtuxlv55ejn1q2nha.dx.internal.cloudapp.net process 0
  in thorn Carpet, file /home/runner/work/tests/tests/master/configs/sim/build/Carpet/Comm.cc:103:
  ->[0m Synchronising group "GRHYDRO::BCONS" in local mode
[1mWARNING level 2 from host runnervmmklqx.hxjakfajtdtuxlv55ejn1q2nha.dx.internal.cloudapp.net process 0
  in thorn Carpet, file /home/runner/work/tests/tests/master/configs/sim/build/Carpet/Comm.cc:103:
  ->[0m Synchronising group "GRHYDRO::TAU" in local mode
[1mWARNING level 2 from host runnervmmklqx.hxjakfajtdtuxlv55ejn1q2nha.dx.internal.cloudapp.net process 0
  in thorn Carpet, file /home/runner/work/tests/tests/master/configs/sim/build/Carpet/Comm.cc:103:
  ->[0m Synchronising group "GRHYDRO::DENS" in local mode
[1mWARNING level 2 from host runnervmmklqx.hxjakfajtdtuxlv55ejn1q2nha.dx.internal.cloudapp.net process 0
  in thorn Carpet, file /home/runner/work/tests/tests/master/configs/sim/build/Carpet/Comm.cc:103:
  ->[0m Synchronising group "GRHYDRO::SCON" in local mode
[1mWARNING level 2 from host runnervmmklqx.hxjakfajtdtuxlv55ejn1q2nha.dx.internal.cloudapp.net process 0
  in thorn Carpet, file /home/runner/work/tests/tests/master/configs/sim/build/Carpet/Comm.cc:103:
  ->[0m Synchronising group "GRHYDRO::BCONS" in local mode
[1mWARNING level 2 from host runnervmmklqx.hxjakfajtdtuxlv55ejn1q2nha.dx.internal.cloudapp.net process 0
  in thorn Carpet, file /home/runner/work/tests/tests/master/configs/sim/build/Carpet/Comm.cc:103:
  ->[0m Synchronising group "GRHYDRO::TAU" in local mode
[1mWARNING level 2 from host runnervmmklqx.hxjakfajtdtuxlv55ejn1q2nha.dx.internal.cloudapp.net process 0
  in thorn Carpet, file /home/runner/work/tests/tests/master/configs/sim/build/Carpet/Comm.cc:103:
  ->[0m Synchronising group "GRHYDRO::DENS" in local mode
[1mWARNING level 2 from host runnervmmklqx.hxjakfajtdtuxlv55ejn1q2nha.dx.internal.cloudapp.net process 0
  in thorn Carpet, file /home/runner/work/tests/tests/master/configs/sim/build/Carpet/Comm.cc:103:
  ->[0m Synchronising group "GRHYDRO::SCON" in local mode
[1mWARNING level 2 from host runnervmmklqx.hxjakfajtdtuxlv55ejn1q2nha.dx.internal.cloudapp.net process 0
  in thorn Carpet, file /home/runner/work/tests/tests/master/configs/sim/build/Carpet/Comm.cc:103:
  ->[0m Synchronising group "GRHYDRO::BCONS" in local mode
        6     0.002 |  135.4393506 |  124.9474474 |   12.8434918 |   86.9305145 |        66
[1mWARNING level 2 from host runnervmmklqx.hxjakfajtdtuxlv55ejn1q2nha.dx.internal.cloudapp.net process 0
  in thorn Carpet, file /home/runner/work/tests/tests/master/configs/sim/build/Carpet/Comm.cc:103:
  ->[0m Synchronising group "GRHYDRO::TAU" in local mode
[1mWARNING level 2 from host runnervmmklqx.hxjakfajtdtuxlv55ejn1q2nha.dx.internal.cloudapp.net process 0
  in thorn Carpet, file /home/runner/work/tests/tests/master/configs/sim/build/Carpet/Comm.cc:103:
  ->[0m Synchronising group "GRHYDRO::DENS" in local mode
[1mWARNING level 2 from host runnervmmklqx.hxjakfajtdtuxlv55ejn1q2nha.dx.internal.cloudapp.net process 0
  in thorn Carpet, file /home/runner/work/tests/tests/master/configs/sim/build/Carpet/Comm.cc:103:
  ->[0m Synchronising group "GRHYDRO::SCON" in local mode
[1mWARNING level 2 from host runnervmmklqx.hxjakfajtdtuxlv55ejn1q2nha.dx.internal.cloudapp.net process 0
  in thorn Carpet, file /home/runner/work/tests/tests/master/configs/sim/build/Carpet/Comm.cc:103:
  ->[0m Synchronising group "GRHYDRO::BCONS" in local mode
[1mWARNING level 2 from host runnervmmklqx.hxjakfajtdtuxlv55ejn1q2nha.dx.internal.cloudapp.net process 0
  in thorn Carpet, file /home/runner/work/tests/tests/master/configs/sim/build/Carpet/Comm.cc:103:
  ->[0m Synchronising group "GRHYDRO::TAU" in local mode
[1mWARNING level 2 from host runnervmmklqx.hxjakfajtdtuxlv55ejn1q2nha.dx.internal.cloudapp.net process 0
  in thorn Carpet, file /home/runner/work/tests/tests/master/configs/sim/build/Carpet/Comm.cc:103:
  ->[0m Synchronising group "GRHYDRO::DENS" in local mode
[1mWARNING level 2 from host runnervmmklqx.hxjakfajtdtuxlv55ejn1q2nha.dx.internal.cloudapp.net process 0
  in thorn Carpet, file /home/runner/work/tests/tests/master/configs/sim/build/Carpet/Comm.cc:103:
  ->[0m Synchronising group "GRHYDRO::SCON" in local mode
[1mWARNING level 2 from host runnervmmklqx.hxjakfajtdtuxlv55ejn1q2nha.dx.internal.cloudapp.net process 0
  in thorn Carpet, file /home/runner/work/tests/tests/master/configs/sim/build/Carpet/Comm.cc:103:
  ->[0m Synchronising group "GRHYDRO::BCONS" in local mode
[1mWARNING level 2 from host runnervmmklqx.hxjakfajtdtuxlv55ejn1q2nha.dx.internal.cloudapp.net process 0
  in thorn Carpet, file /home/runner/work/tests/tests/master/configs/sim/build/Carpet/Comm.cc:103:
  ->[0m Synchronising group "GRHYDRO::TAU" in local mode
[1mWARNING level 2 from host runnervmmklqx.hxjakfajtdtuxlv55ejn1q2nha.dx.internal.cloudapp.net process 0
  in thorn Carpet, file /home/runner/work/tests/tests/master/configs/sim/build/Carpet/Comm.cc:103:
  ->[0m Synchronising group "GRHYDRO::DENS" in local mode
[1mWARNING level 2 from host runnervmmklqx.hxjakfajtdtuxlv55ejn1q2nha.dx.internal.cloudapp.net process 0
  in thorn Carpet, file /home/runner/work/tests/tests/master/configs/sim/build/Carpet/Comm.cc:103:
  ->[0m Synchronising group "GRHYDRO::SCON" in local mode
[1mWARNING level 2 from host runnervmmklqx.hxjakfajtdtuxlv55ejn1q2nha.dx.internal.cloudapp.net process 0
  in thorn Carpet, file /home/runner/work/tests/tests/master/configs/sim/build/Carpet/Comm.cc:103:
  ->[0m Synchronising group "GRHYDRO::BCONS" in local mode
[1mWARNING level 2 from host runnervmmklqx.hxjakfajtdtuxlv55ejn1q2nha.dx.internal.cloudapp.net process 0
  in thorn Carpet, file /home/runner/work/tests/tests/master/configs/sim/build/Carpet/Comm.cc:103:
  ->[0m Synchronising group "GRHYDRO::TAU" in local mode
[1mWARNING level 2 from host runnervmmklqx.hxjakfajtdtuxlv55ejn1q2nha.dx.internal.cloudapp.net process 0
  in thorn Carpet, file /home/runner/work/tests/tests/master/configs/sim/build/Carpet/Comm.cc:103:
  ->[0m Synchronising group "GRHYDRO::DENS" in local mode
[1mWARNING level 2 from host runnervmmklqx.hxjakfajtdtuxlv55ejn1q2nha.dx.internal.cloudapp.net process 0
  in thorn Carpet, file /home/runner/work/tests/tests/master/configs/sim/build/Carpet/Comm.cc:103:
  ->[0m Synchronising group "GRHYDRO::SCON" in local mode
[1mWARNING level 2 from host runnervmmklqx.hxjakfajtdtuxlv55ejn1q2nha.dx.internal.cloudapp.net process 0
  in thorn Carpet, file /home/runner/work/tests/tests/master/configs/sim/build/Carpet/Comm.cc:103:
  ->[0m Synchronising group "GRHYDRO::BCONS" in local mode
[1mWARNING level 2 from host runnervmmklqx.hxjakfajtdtuxlv55ejn1q2nha.dx.internal.cloudapp.net process 0
  in thorn Carpet, file /home/runner/work/tests/tests/master/configs/sim/build/Carpet/Comm.cc:103:
  ->[0m Synchronising group "GRHYDRO::TAU" in local mode
[1mWARNING level 2 from host runnervmmklqx.hxjakfajtdtuxlv55ejn1q2nha.dx.internal.cloudapp.net process 0
  in thorn Carpet, file /home/runner/work/tests/tests/master/configs/sim/build/Carpet/Comm.cc:103:
  ->[0m Synchronising group "GRHYDRO::DENS" in local mode
[1mWARNING level 2 from host runnervmmklqx.hxjakfajtdtuxlv55ejn1q2nha.dx.internal.cloudapp.net process 0
  in thorn Carpet, file /home/runner/work/tests/tests/master/configs/sim/build/Carpet/Comm.cc:103:
  ->[0m Synchronising group "GRHYDRO::SCON" in local mode
[1mWARNING level 2 from host runnervmmklqx.hxjakfajtdtuxlv55ejn1q2nha.dx.internal.cloudapp.net process 0
  in thorn Carpet, file /home/runner/work/tests/tests/master/configs/sim/build/Carpet/Comm.cc:103:
  ->[0m Synchronising group "GRHYDRO::BCONS" in local mode
[1mWARNING level 2 from host runnervmmklqx.hxjakfajtdtuxlv55ejn1q2nha.dx.internal.cloudapp.net process 0
  in thorn Carpet, file /home/runner/work/tests/tests/master/configs/sim/build/Carpet/Comm.cc:103:
  ->[0m Synchronising group "GRHYDRO::TAU" in local mode
[1mWARNING level 2 from host runnervmmklqx.hxjakfajtdtuxlv55ejn1q2nha.dx.internal.cloudapp.net process 0
  in thorn Carpet, file /home/runner/work/tests/tests/master/configs/sim/build/Carpet/Comm.cc:103:
  ->[0m Synchronising group "GRHYDRO::DENS" in local mode
[1mWARNING level 2 from host runnervmmklqx.hxjakfajtdtuxlv55ejn1q2nha.dx.internal.cloudapp.net process 0
  in thorn Carpet, file /home/runner/work/tests/tests/master/configs/sim/build/Carpet/Comm.cc:103:
  ->[0m Synchronising group "GRHYDRO::SCON" in local mode
[1mWARNING level 2 from host runnervmmklqx.hxjakfajtdtuxlv55ejn1q2nha.dx.internal.cloudapp.net process 0
  in thorn Carpet, file /home/runner/work/tests/tests/master/configs/sim/build/Carpet/Comm.cc:103:
  ->[0m Synchronising group "GRHYDRO::BCONS" in local mode
[1mWARNING level 2 from host runnervmmklqx.hxjakfajtdtuxlv55ejn1q2nha.dx.internal.cloudapp.net process 0
  in thorn Carpet, file /home/runner/work/tests/tests/master/configs/sim/build/Carpet/Comm.cc:103:
  ->[0m Synchronising group "GRHYDRO::TAU" in local mode
[1mWARNING level 2 from host runnervmmklqx.hxjakfajtdtuxlv55ejn1q2nha.dx.internal.cloudapp.net process 0
  in thorn Carpet, file /home/runner/work/tests/tests/master/configs/sim/build/Carpet/Comm.cc:103:
  ->[0m Synchronising group "GRHYDRO::DENS" in local mode
[1mWARNING level 2 from host runnervmmklqx.hxjakfajtdtuxlv55ejn1q2nha.dx.internal.cloudapp.net process 0
  in thorn Carpet, file /home/runner/work/tests/tests/master/configs/sim/build/Carpet/Comm.cc:103:
  ->[0m Synchronising group "GRHYDRO::SCON" in local mode
[1mWARNING level 2 from host runnervmmklqx.hxjakfajtdtuxlv55ejn1q2nha.dx.internal.cloudapp.net process 0
  in thorn Carpet, file /home/runner/work/tests/tests/master/configs/sim/build/Carpet/Comm.cc:103:
  ->[0m Synchronising group "GRHYDRO::BCONS" in local mode
[1mWARNING level 2 from host runnervmmklqx.hxjakfajtdtuxlv55ejn1q2nha.dx.internal.cloudapp.net process 0
  in thorn Carpet, file /home/runner/work/tests/tests/master/configs/sim/build/Carpet/Comm.cc:103:
  ->[0m Synchronising group "GRHYDRO::TAU" in local mode
[1mWARNING level 2 from host runnervmmklqx.hxjakfajtdtuxlv55ejn1q2nha.dx.internal.cloudapp.net process 0
  in thorn Carpet, file /home/runner/work/tests/tests/master/configs/sim/build/Carpet/Comm.cc:103:
  ->[0m Synchronising group "GRHYDRO::DENS" in local mode
[1mWARNING level 2 from host runnervmmklqx.hxjakfajtdtuxlv55ejn1q2nha.dx.internal.cloudapp.net process 0
  in thorn Carpet, file /home/runner/work/tests/tests/master/configs/sim/build/Carpet/Comm.cc:103:
  ->[0m Synchronising group "GRHYDRO::SCON" in local mode
[1mWARNING level 2 from host runnervmmklqx.hxjakfajtdtuxlv55ejn1q2nha.dx.internal.cloudapp.net process 0
  in thorn Carpet, file /home/runner/work/tests/tests/master/configs/sim/build/Carpet/Comm.cc:103:
  ->[0m Synchronising group "GRHYDRO::BCONS" in local mode
[1mWARNING level 2 from host runnervmmklqx.hxjakfajtdtuxlv55ejn1q2nha.dx.internal.cloudapp.net process 0
  in thorn Carpet, file /home/runner/work/tests/tests/master/configs/sim/build/Carpet/Comm.cc:103:
  ->[0m Synchronising group "GRHYDRO::TAU" in local mode
[1mWARNING level 2 from host runnervmmklqx.hxjakfajtdtuxlv55ejn1q2nha.dx.internal.cloudapp.net process 0
  in thorn Carpet, file /home/runner/work/tests/tests/master/configs/sim/build/Carpet/Comm.cc:103:
  ->[0m Synchronising group "GRHYDRO::DENS" in local mode
[1mWARNING level 2 from host runnervmmklqx.hxjakfajtdtuxlv55ejn1q2nha.dx.internal.cloudapp.net process 0
  in thorn Carpet, file /home/runner/work/tests/tests/master/configs/sim/build/Carpet/Comm.cc:103:
  ->[0m Synchronising group "GRHYDRO::SCON" in local mode
[1mWARNING level 2 from host runnervmmklqx.hxjakfajtdtuxlv55ejn1q2nha.dx.internal.cloudapp.net process 0
  in thorn Carpet, file /home/runner/work/tests/tests/master/configs/sim/build/Carpet/Comm.cc:103:
  ->[0m Synchronising group "GRHYDRO::BCONS" in local mode
[1mWARNING level 2 from host runnervmmklqx.hxjakfajtdtuxlv55ejn1q2nha.dx.internal.cloudapp.net process 0
  in thorn Carpet, file /home/runner/work/tests/tests/master/configs/sim/build/Carpet/Comm.cc:103:
  ->[0m Synchronising group "GRHYDRO::TAU" in local mode
[1mWARNING level 2 from host runnervmmklqx.hxjakfajtdtuxlv55ejn1q2nha.dx.internal.cloudapp.net process 0
  in thorn Carpet, file /home/runner/work/tests/tests/master/configs/sim/build/Carpet/Comm.cc:103:
  ->[0m Synchronising group "GRHYDRO::DENS" in local mode
[1mWARNING level 2 from host runnervmmklqx.hxjakfajtdtuxlv55ejn1q2nha.dx.internal.cloudapp.net process 0
  in thorn Carpet, file /home/runner/work/tests/tests/master/configs/sim/build/Carpet/Comm.cc:103:
  ->[0m Synchronising group "GRHYDRO::SCON" in local mode
[1mWARNING level 2 from host runnervmmklqx.hxjakfajtdtuxlv55ejn1q2nha.dx.internal.cloudapp.net process 0
  in thorn Carpet, file /home/runner/work/tests/tests/master/configs/sim/build/Carpet/Comm.cc:103:
  ->[0m Synchronising group "GRHYDRO::BCONS" in local mode
[1mWARNING level 2 from host runnervmmklqx.hxjakfajtdtuxlv55ejn1q2nha.dx.internal.cloudapp.net process 0
  in thorn Carpet, file /home/runner/work/tests/tests/master/configs/sim/build/Carpet/Comm.cc:103:
  ->[0m Synchronising group "GRHYDRO::TAU" in local mode
[1mWARNING level 2 from host runnervmmklqx.hxjakfajtdtuxlv55ejn1q2nha.dx.internal.cloudapp.net process 0
  in thorn Carpet, file /home/runner/work/tests/tests/master/configs/sim/build/Carpet/Comm.cc:103:
  ->[0m Synchronising group "GRHYDRO::DENS" in local mode
[1mWARNING level 2 from host runnervmmklqx.hxjakfajtdtuxlv55ejn1q2nha.dx.internal.cloudapp.net process 0
  in thorn Carpet, file /home/runner/work/tests/tests/master/configs/sim/build/Carpet/Comm.cc:103:
  ->[0m Synchronising group "GRHYDRO::SCON" in local mode
[1mWARNING level 2 from host runnervmmklqx.hxjakfajtdtuxlv55ejn1q2nha.dx.internal.cloudapp.net process 0
  in thorn Carpet, file /home/runner/work/tests/tests/master/configs/sim/build/Carpet/Comm.cc:103:
  ->[0m Synchronising group "GRHYDRO::BCONS" in local mode
[1mWARNING level 2 from host runnervmmklqx.hxjakfajtdtuxlv55ejn1q2nha.dx.internal.cloudapp.net process 0
  in thorn Carpet, file /home/runner/work/tests/tests/master/configs/sim/build/Carpet/Comm.cc:103:
  ->[0m Synchronising group "GRHYDRO::TAU" in local mode
[1mWARNING level 2 from host runnervmmklqx.hxjakfajtdtuxlv55ejn1q2nha.dx.internal.cloudapp.net process 0
  in thorn Carpet, file /home/runner/work/tests/tests/master/configs/sim/build/Carpet/Comm.cc:103:
  ->[0m Synchronising group "GRHYDRO::DENS" in local mode
[1mWARNING level 2 from host runnervmmklqx.hxjakfajtdtuxlv55ejn1q2nha.dx.internal.cloudapp.net process 0
  in thorn Carpet, file /home/runner/work/tests/tests/master/configs/sim/build/Carpet/Comm.cc:103:
  ->[0m Synchronising group "GRHYDRO::SCON" in local mode
[1mWARNING level 2 from host runnervmmklqx.hxjakfajtdtuxlv55ejn1q2nha.dx.internal.cloudapp.net process 0
  in thorn Carpet, file /home/runner/work/tests/tests/master/configs/sim/build/Carpet/Comm.cc:103:
  ->[0m Synchronising group "GRHYDRO::BCONS" in local mode
[1mWARNING level 2 from host runnervmmklqx.hxjakfajtdtuxlv55ejn1q2nha.dx.internal.cloudapp.net process 0
  in thorn Carpet, file /home/runner/work/tests/tests/master/configs/sim/build/Carpet/Comm.cc:103:
  ->[0m Synchronising group "GRHYDRO::TAU" in local mode
[1mWARNING level 2 from host runnervmmklqx.hxjakfajtdtuxlv55ejn1q2nha.dx.internal.cloudapp.net process 0
  in thorn Carpet, file /home/runner/work/tests/tests/master/configs/sim/build/Carpet/Comm.cc:103:
  ->[0m Synchronising group "GRHYDRO::DENS" in local mode
[1mWARNING level 2 from host runnervmmklqx.hxjakfajtdtuxlv55ejn1q2nha.dx.internal.cloudapp.net process 0
  in thorn Carpet, file /home/runner/work/tests/tests/master/configs/sim/build/Carpet/Comm.cc:103:
  ->[0m Synchronising group "GRHYDRO::SCON" in local mode
[1mWARNING level 2 from host runnervmmklqx.hxjakfajtdtuxlv55ejn1q2nha.dx.internal.cloudapp.net process 0
  in thorn Carpet, file /home/runner/work/tests/tests/master/configs/sim/build/Carpet/Comm.cc:103:
  ->[0m Synchronising group "GRHYDRO::BCONS" in local mode
[1mWARNING level 2 from host runnervmmklqx.hxjakfajtdtuxlv55ejn1q2nha.dx.internal.cloudapp.net process 0
  in thorn Carpet, file /home/runner/work/tests/tests/master/configs/sim/build/Carpet/Comm.cc:103:
  ->[0m Synchronising group "GRHYDRO::TAU" in local mode
[1mWARNING level 2 from host runnervmmklqx.hxjakfajtdtuxlv55ejn1q2nha.dx.internal.cloudapp.net process 0
  in thorn Carpet, file /home/runner/work/tests/tests/master/configs/sim/build/Carpet/Comm.cc:103:
  ->[0m Synchronising group "GRHYDRO::DENS" in local mode
[1mWARNING level 2 from host runnervmmklqx.hxjakfajtdtuxlv55ejn1q2nha.dx.internal.cloudapp.net process 0
  in thorn Carpet, file /home/runner/work/tests/tests/master/configs/sim/build/Carpet/Comm.cc:103:
  ->[0m Synchronising group "GRHYDRO::SCON" in local mode
[1mWARNING level 2 from host runnervmmklqx.hxjakfajtdtuxlv55ejn1q2nha.dx.internal.cloudapp.net process 0
  in thorn Carpet, file /home/runner/work/tests/tests/master/configs/sim/build/Carpet/Comm.cc:103:
  ->[0m Synchronising group "GRHYDRO::BCONS" in local mode
        7     0.002 |  136.4985411 |  127.1628110 |   13.4924874 |   97.0920974 |        66
[1mWARNING level 2 from host runnervmmklqx.hxjakfajtdtuxlv55ejn1q2nha.dx.internal.cloudapp.net process 0
  in thorn Carpet, file /home/runner/work/tests/tests/master/configs/sim/build/Carpet/Comm.cc:103:
  ->[0m Synchronising group "GRHYDRO::TAU" in local mode
[1mWARNING level 2 from host runnervmmklqx.hxjakfajtdtuxlv55ejn1q2nha.dx.internal.cloudapp.net process 0
  in thorn Carpet, file /home/runner/work/tests/tests/master/configs/sim/build/Carpet/Comm.cc:103:
  ->[0m Synchronising group "GRHYDRO::DENS" in local mode
[1mWARNING level 2 from host runnervmmklqx.hxjakfajtdtuxlv55ejn1q2nha.dx.internal.cloudapp.net process 0
  in thorn Carpet, file /home/runner/work/tests/tests/master/configs/sim/build/Carpet/Comm.cc:103:
  ->[0m Synchronising group "GRHYDRO::SCON" in local mode
[1mWARNING level 2 from host runnervmmklqx.hxjakfajtdtuxlv55ejn1q2nha.dx.internal.cloudapp.net process 0
  in thorn Carpet, file /home/runner/work/tests/tests/master/configs/sim/build/Carpet/Comm.cc:103:
  ->[0m Synchronising group "GRHYDRO::BCONS" in local mode
[1mWARNING level 2 from host runnervmmklqx.hxjakfajtdtuxlv55ejn1q2nha.dx.internal.cloudapp.net process 0
  in thorn Carpet, file /home/runner/work/tests/tests/master/configs/sim/build/Carpet/Comm.cc:103:
  ->[0m Synchronising group "GRHYDRO::TAU" in local mode
[1mWARNING level 2 from host runnervmmklqx.hxjakfajtdtuxlv55ejn1q2nha.dx.internal.cloudapp.net process 0
  in thorn Carpet, file /home/runner/work/tests/tests/master/configs/sim/build/Carpet/Comm.cc:103:
  ->[0m Synchronising group "GRHYDRO::DENS" in local mode
[1mWARNING level 2 from host runnervmmklqx.hxjakfajtdtuxlv55ejn1q2nha.dx.internal.cloudapp.net process 0
  in thorn Carpet, file /home/runner/work/tests/tests/master/configs/sim/build/Carpet/Comm.cc:103:
  ->[0m Synchronising group "GRHYDRO::SCON" in local mode
[1mWARNING level 2 from host runnervmmklqx.hxjakfajtdtuxlv55ejn1q2nha.dx.internal.cloudapp.net process 0
  in thorn Carpet, file /home/runner/work/tests/tests/master/configs/sim/build/Carpet/Comm.cc:103:
  ->[0m Synchronising group "GRHYDRO::BCONS" in local mode
[1mWARNING level 2 from host runnervmmklqx.hxjakfajtdtuxlv55ejn1q2nha.dx.internal.cloudapp.net process 0
  in thorn Carpet, file /home/runner/work/tests/tests/master/configs/sim/build/Carpet/Comm.cc:103:
  ->[0m Synchronising group "GRHYDRO::TAU" in local mode
[1mWARNING level 2 from host runnervmmklqx.hxjakfajtdtuxlv55ejn1q2nha.dx.internal.cloudapp.net process 0
  in thorn Carpet, file /home/runner/work/tests/tests/master/configs/sim/build/Carpet/Comm.cc:103:
  ->[0m Synchronising group "GRHYDRO::DENS" in local mode
[1mWARNING level 2 from host runnervmmklqx.hxjakfajtdtuxlv55ejn1q2nha.dx.internal.cloudapp.net process 0
  in thorn Carpet, file /home/runner/work/tests/tests/master/configs/sim/build/Carpet/Comm.cc:103:
  ->[0m Synchronising group "GRHYDRO::SCON" in local mode
[1mWARNING level 2 from host runnervmmklqx.hxjakfajtdtuxlv55ejn1q2nha.dx.internal.cloudapp.net process 0
  in thorn Carpet, file /home/runner/work/tests/tests/master/configs/sim/build/Carpet/Comm.cc:103:
  ->[0m Synchronising group "GRHYDRO::BCONS" in local mode
[1mWARNING level 2 from host runnervmmklqx.hxjakfajtdtuxlv55ejn1q2nha.dx.internal.cloudapp.net process 0
  in thorn Carpet, file /home/runner/work/tests/tests/master/configs/sim/build/Carpet/Comm.cc:103:
  ->[0m Synchronising group "GRHYDRO::TAU" in local mode
[1mWARNING level 2 from host runnervmmklqx.hxjakfajtdtuxlv55ejn1q2nha.dx.internal.cloudapp.net process 0
  in thorn Carpet, file /home/runner/work/tests/tests/master/configs/sim/build/Carpet/Comm.cc:103:
  ->[0m Synchronising group "GRHYDRO::DENS" in local mode
[1mWARNING level 2 from host runnervmmklqx.hxjakfajtdtuxlv55ejn1q2nha.dx.internal.cloudapp.net process 0
  in thorn Carpet, file /home/runner/work/tests/tests/master/configs/sim/build/Carpet/Comm.cc:103:
  ->[0m Synchronising group "GRHYDRO::SCON" in local mode
[1mWARNING level 2 from host runnervmmklqx.hxjakfajtdtuxlv55ejn1q2nha.dx.internal.cloudapp.net process 0
  in thorn Carpet, file /home/runner/work/tests/tests/master/configs/sim/build/Carpet/Comm.cc:103:
  ->[0m Synchronising group "GRHYDRO::BCONS" in local mode
[1mWARNING level 2 from host runnervmmklqx.hxjakfajtdtuxlv55ejn1q2nha.dx.internal.cloudapp.net process 0
  in thorn Carpet, file /home/runner/work/tests/tests/master/configs/sim/build/Carpet/Comm.cc:103:
  ->[0m Synchronising group "GRHYDRO::TAU" in local mode
[1mWARNING level 2 from host runnervmmklqx.hxjakfajtdtuxlv55ejn1q2nha.dx.internal.cloudapp.net process 0
  in thorn Carpet, file /home/runner/work/tests/tests/master/configs/sim/build/Carpet/Comm.cc:103:
  ->[0m Synchronising group "GRHYDRO::DENS" in local mode
[1mWARNING level 2 from host runnervmmklqx.hxjakfajtdtuxlv55ejn1q2nha.dx.internal.cloudapp.net process 0
  in thorn Carpet, file /home/runner/work/tests/tests/master/configs/sim/build/Carpet/Comm.cc:103:
  ->[0m Synchronising group "GRHYDRO::SCON" in local mode
[1mWARNING level 2 from host runnervmmklqx.hxjakfajtdtuxlv55ejn1q2nha.dx.internal.cloudapp.net process 0
  in thorn Carpet, file /home/runner/work/tests/tests/master/configs/sim/build/Carpet/Comm.cc:103:
  ->[0m Synchronising group "GRHYDRO::BCONS" in local mode
[1mWARNING level 2 from host runnervmmklqx.hxjakfajtdtuxlv55ejn1q2nha.dx.internal.cloudapp.net process 0
  in thorn Carpet, file /home/runner/work/tests/tests/master/configs/sim/build/Carpet/Comm.cc:103:
  ->[0m Synchronising group "GRHYDRO::TAU" in local mode
[1mWARNING level 2 from host runnervmmklqx.hxjakfajtdtuxlv55ejn1q2nha.dx.internal.cloudapp.net process 0
  in thorn Carpet, file /home/runner/work/tests/tests/master/configs/sim/build/Carpet/Comm.cc:103:
  ->[0m Synchronising group "GRHYDRO::DENS" in local mode
[1mWARNING level 2 from host runnervmmklqx.hxjakfajtdtuxlv55ejn1q2nha.dx.internal.cloudapp.net process 0
  in thorn Carpet, file /home/runner/work/tests/tests/master/configs/sim/build/Carpet/Comm.cc:103:
  ->[0m Synchronising group "GRHYDRO::SCON" in local mode
[1mWARNING level 2 from host runnervmmklqx.hxjakfajtdtuxlv55ejn1q2nha.dx.internal.cloudapp.net process 0
  in thorn Carpet, file /home/runner/work/tests/tests/master/configs/sim/build/Carpet/Comm.cc:103:
  ->[0m Synchronising group "GRHYDRO::BCONS" in local mode
[1mWARNING level 2 from host runnervmmklqx.hxjakfajtdtuxlv55ejn1q2nha.dx.internal.cloudapp.net process 0
  in thorn Carpet, file /home/runner/work/tests/tests/master/configs/sim/build/Carpet/Comm.cc:103:
  ->[0m Synchronising group "GRHYDRO::TAU" in local mode
[1mWARNING level 2 from host runnervmmklqx.hxjakfajtdtuxlv55ejn1q2nha.dx.internal.cloudapp.net process 0
  in thorn Carpet, file /home/runner/work/tests/tests/master/configs/sim/build/Carpet/Comm.cc:103:
  ->[0m Synchronising group "GRHYDRO::DENS" in local mode
[1mWARNING level 2 from host runnervmmklqx.hxjakfajtdtuxlv55ejn1q2nha.dx.internal.cloudapp.net process 0
  in thorn Carpet, file /home/runner/work/tests/tests/master/configs/sim/build/Carpet/Comm.cc:103:
  ->[0m Synchronising group "GRHYDRO::SCON" in local mode
[1mWARNING level 2 from host runnervmmklqx.hxjakfajtdtuxlv55ejn1q2nha.dx.internal.cloudapp.net process 0
  in thorn Carpet, file /home/runner/work/tests/tests/master/configs/sim/build/Carpet/Comm.cc:103:
  ->[0m Synchronising group "GRHYDRO::BCONS" in local mode
[1mWARNING level 2 from host runnervmmklqx.hxjakfajtdtuxlv55ejn1q2nha.dx.internal.cloudapp.net process 0
  in thorn Carpet, file /home/runner/work/tests/tests/master/configs/sim/build/Carpet/Comm.cc:103:
  ->[0m Synchronising group "GRHYDRO::TAU" in local mode
[1mWARNING level 2 from host runnervmmklqx.hxjakfajtdtuxlv55ejn1q2nha.dx.internal.cloudapp.net process 0
  in thorn Carpet, file /home/runner/work/tests/tests/master/configs/sim/build/Carpet/Comm.cc:103:
  ->[0m Synchronising group "GRHYDRO::DENS" in local mode
[1mWARNING level 2 from host runnervmmklqx.hxjakfajtdtuxlv55ejn1q2nha.dx.internal.cloudapp.net process 0
  in thorn Carpet, file /home/runner/work/tests/tests/master/configs/sim/build/Carpet/Comm.cc:103:
  ->[0m Synchronising group "GRHYDRO::SCON" in local mode
[1mWARNING level 2 from host runnervmmklqx.hxjakfajtdtuxlv55ejn1q2nha.dx.internal.cloudapp.net process 0
  in thorn Carpet, file /home/runner/work/tests/tests/master/configs/sim/build/Carpet/Comm.cc:103:
  ->[0m Synchronising group "GRHYDRO::BCONS" in local mode
[1mWARNING level 2 from host runnervmmklqx.hxjakfajtdtuxlv55ejn1q2nha.dx.internal.cloudapp.net process 0
  in thorn Carpet, file /home/runner/work/tests/tests/master/configs/sim/build/Carpet/Comm.cc:103:
  ->[0m Synchronising group "GRHYDRO::TAU" in local mode
[1mWARNING level 2 from host runnervmmklqx.hxjakfajtdtuxlv55ejn1q2nha.dx.internal.cloudapp.net process 0
  in thorn Carpet, file /home/runner/work/tests/tests/master/configs/sim/build/Carpet/Comm.cc:103:
  ->[0m Synchronising group "GRHYDRO::DENS" in local mode
[1mWARNING level 2 from host runnervmmklqx.hxjakfajtdtuxlv55ejn1q2nha.dx.internal.cloudapp.net process 0
  in thorn Carpet, file /home/runner/work/tests/tests/master/configs/sim/build/Carpet/Comm.cc:103:
  ->[0m Synchronising group "GRHYDRO::SCON" in local mode
[1mWARNING level 2 from host runnervmmklqx.hxjakfajtdtuxlv55ejn1q2nha.dx.internal.cloudapp.net process 0
  in thorn Carpet, file /home/runner/work/tests/tests/master/configs/sim/build/Carpet/Comm.cc:103:
  ->[0m Synchronising group "GRHYDRO::BCONS" in local mode
[1mWARNING level 2 from host runnervmmklqx.hxjakfajtdtuxlv55ejn1q2nha.dx.internal.cloudapp.net process 0
  in thorn Carpet, file /home/runner/work/tests/tests/master/configs/sim/build/Carpet/Comm.cc:103:
  ->[0m Synchronising group "GRHYDRO::TAU" in local mode
[1mWARNING level 2 from host runnervmmklqx.hxjakfajtdtuxlv55ejn1q2nha.dx.internal.cloudapp.net process 0
  in thorn Carpet, file /home/runner/work/tests/tests/master/configs/sim/build/Carpet/Comm.cc:103:
  ->[0m Synchronising group "GRHYDRO::DENS" in local mode
[1mWARNING level 2 from host runnervmmklqx.hxjakfajtdtuxlv55ejn1q2nha.dx.internal.cloudapp.net process 0
  in thorn Carpet, file /home/runner/work/tests/tests/master/configs/sim/build/Carpet/Comm.cc:103:
  ->[0m Synchronising group "GRHYDRO::SCON" in local mode
[1mWARNING level 2 from host runnervmmklqx.hxjakfajtdtuxlv55ejn1q2nha.dx.internal.cloudapp.net process 0
  in thorn Carpet, file /home/runner/work/tests/tests/master/configs/sim/build/Carpet/Comm.cc:103:
  ->[0m Synchronising group "GRHYDRO::BCONS" in local mode
[1mWARNING level 2 from host runnervmmklqx.hxjakfajtdtuxlv55ejn1q2nha.dx.internal.cloudapp.net process 0
  in thorn Carpet, file /home/runner/work/tests/tests/master/configs/sim/build/Carpet/Comm.cc:103:
  ->[0m Synchronising group "GRHYDRO::TAU" in local mode
[1mWARNING level 2 from host runnervmmklqx.hxjakfajtdtuxlv55ejn1q2nha.dx.internal.cloudapp.net process 0
  in thorn Carpet, file /home/runner/work/tests/tests/master/configs/sim/build/Carpet/Comm.cc:103:
  ->[0m Synchronising group "GRHYDRO::DENS" in local mode
[1mWARNING level 2 from host runnervmmklqx.hxjakfajtdtuxlv55ejn1q2nha.dx.internal.cloudapp.net process 0
  in thorn Carpet, file /home/runner/work/tests/tests/master/configs/sim/build/Carpet/Comm.cc:103:
  ->[0m Synchronising group "GRHYDRO::SCON" in local mode
[1mWARNING level 2 from host runnervmmklqx.hxjakfajtdtuxlv55ejn1q2nha.dx.internal.cloudapp.net process 0
  in thorn Carpet, file /home/runner/work/tests/tests/master/configs/sim/build/Carpet/Comm.cc:103:
  ->[0m Synchronising group "GRHYDRO::BCONS" in local mode
[1mWARNING level 2 from host runnervmmklqx.hxjakfajtdtuxlv55ejn1q2nha.dx.internal.cloudapp.net process 0
  in thorn Carpet, file /home/runner/work/tests/tests/master/configs/sim/build/Carpet/Comm.cc:103:
  ->[0m Synchronising group "GRHYDRO::TAU" in local mode
[1mWARNING level 2 from host runnervmmklqx.hxjakfajtdtuxlv55ejn1q2nha.dx.internal.cloudapp.net process 0
  in thorn Carpet, file /home/runner/work/tests/tests/master/configs/sim/build/Carpet/Comm.cc:103:
  ->[0m Synchronising group "GRHYDRO::DENS" in local mode
[1mWARNING level 2 from host runnervmmklqx.hxjakfajtdtuxlv55ejn1q2nha.dx.internal.cloudapp.net process 0
  in thorn Carpet, file /home/runner/work/tests/tests/master/configs/sim/build/Carpet/Comm.cc:103:
  ->[0m Synchronising group "GRHYDRO::SCON" in local mode
[1mWARNING level 2 from host runnervmmklqx.hxjakfajtdtuxlv55ejn1q2nha.dx.internal.cloudapp.net process 0
  in thorn Carpet, file /home/runner/work/tests/tests/master/configs/sim/build/Carpet/Comm.cc:103:
  ->[0m Synchronising group "GRHYDRO::BCONS" in local mode
[1mWARNING level 2 from host runnervmmklqx.hxjakfajtdtuxlv55ejn1q2nha.dx.internal.cloudapp.net process 0
  in thorn Carpet, file /home/runner/work/tests/tests/master/configs/sim/build/Carpet/Comm.cc:103:
  ->[0m Synchronising group "GRHYDRO::TAU" in local mode
[1mWARNING level 2 from host runnervmmklqx.hxjakfajtdtuxlv55ejn1q2nha.dx.internal.cloudapp.net process 0
  in thorn Carpet, file /home/runner/work/tests/tests/master/configs/sim/build/Carpet/Comm.cc:103:
  ->[0m Synchronising group "GRHYDRO::DENS" in local mode
[1mWARNING level 2 from host runnervmmklqx.hxjakfajtdtuxlv55ejn1q2nha.dx.internal.cloudapp.net process 0
  in thorn Carpet, file /home/runner/work/tests/tests/master/configs/sim/build/Carpet/Comm.cc:103:
  ->[0m Synchronising group "GRHYDRO::SCON" in local mode
[1mWARNING level 2 from host runnervmmklqx.hxjakfajtdtuxlv55ejn1q2nha.dx.internal.cloudapp.net process 0
  in thorn Carpet, file /home/runner/work/tests/tests/master/configs/sim/build/Carpet/Comm.cc:103:
  ->[0m Synchronising group "GRHYDRO::BCONS" in local mode
[1mWARNING level 2 from host runnervmmklqx.hxjakfajtdtuxlv55ejn1q2nha.dx.internal.cloudapp.net process 0
  in thorn Carpet, file /home/runner/work/tests/tests/master/configs/sim/build/Carpet/Comm.cc:103:
  ->[0m Synchronising group "GRHYDRO::TAU" in local mode
[1mWARNING level 2 from host runnervmmklqx.hxjakfajtdtuxlv55ejn1q2nha.dx.internal.cloudapp.net process 0
  in thorn Carpet, file /home/runner/work/tests/tests/master/configs/sim/build/Carpet/Comm.cc:103:
  ->[0m Synchronising group "GRHYDRO::DENS" in local mode
[1mWARNING level 2 from host runnervmmklqx.hxjakfajtdtuxlv55ejn1q2nha.dx.internal.cloudapp.net process 0
  in thorn Carpet, file /home/runner/work/tests/tests/master/configs/sim/build/Carpet/Comm.cc:103:
  ->[0m Synchronising group "GRHYDRO::SCON" in local mode
[1mWARNING level 2 from host runnervmmklqx.hxjakfajtdtuxlv55ejn1q2nha.dx.internal.cloudapp.net process 0
  in thorn Carpet, file /home/runner/work/tests/tests/master/configs/sim/build/Carpet/Comm.cc:103:
  ->[0m Synchronising group "GRHYDRO::BCONS" in local mode
        8     0.003 |  136.9143161 |  129.1441895 |   14.0685431 |  106.6197406 |        66
[1mWARNING level 2 from host runnervmmklqx.hxjakfajtdtuxlv55ejn1q2nha.dx.internal.cloudapp.net process 0
  in thorn Carpet, file /home/runner/work/tests/tests/master/configs/sim/build/Carpet/Comm.cc:103:
  ->[0m Synchronising group "GRHYDRO::TAU" in local mode
[1mWARNING level 2 from host runnervmmklqx.hxjakfajtdtuxlv55ejn1q2nha.dx.internal.cloudapp.net process 0
  in thorn Carpet, file /home/runner/work/tests/tests/master/configs/sim/build/Carpet/Comm.cc:103:
  ->[0m Synchronising group "GRHYDRO::DENS" in local mode
[1mWARNING level 2 from host runnervmmklqx.hxjakfajtdtuxlv55ejn1q2nha.dx.internal.cloudapp.net process 0
  in thorn Carpet, file /home/runner/work/tests/tests/master/configs/sim/build/Carpet/Comm.cc:103:
  ->[0m Synchronising group "GRHYDRO::SCON" in local mode
[1mWARNING level 2 from host runnervmmklqx.hxjakfajtdtuxlv55ejn1q2nha.dx.internal.cloudapp.net process 0
  in thorn Carpet, file /home/runner/work/tests/tests/master/configs/sim/build/Carpet/Comm.cc:103:
  ->[0m Synchronising group "GRHYDRO::BCONS" in local mode
[1mWARNING level 2 from host runnervmmklqx.hxjakfajtdtuxlv55ejn1q2nha.dx.internal.cloudapp.net process 0
  in thorn Carpet, file /home/runner/work/tests/tests/master/configs/sim/build/Carpet/Comm.cc:103:
  ->[0m Synchronising group "GRHYDRO::TAU" in local mode
[1mWARNING level 2 from host runnervmmklqx.hxjakfajtdtuxlv55ejn1q2nha.dx.internal.cloudapp.net process 0
  in thorn Carpet, file /home/runner/work/tests/tests/master/configs/sim/build/Carpet/Comm.cc:103:
  ->[0m Synchronising group "GRHYDRO::DENS" in local mode
[1mWARNING level 2 from host runnervmmklqx.hxjakfajtdtuxlv55ejn1q2nha.dx.internal.cloudapp.net process 0
  in thorn Carpet, file /home/runner/work/tests/tests/master/configs/sim/build/Carpet/Comm.cc:103:
  ->[0m Synchronising group "GRHYDRO::SCON" in local mode
[1mWARNING level 2 from host runnervmmklqx.hxjakfajtdtuxlv55ejn1q2nha.dx.internal.cloudapp.net process 0
  in thorn Carpet, file /home/runner/work/tests/tests/master/configs/sim/build/Carpet/Comm.cc:103:
  ->[0m Synchronising group "GRHYDRO::BCONS" in local mode
[1mWARNING level 2 from host runnervmmklqx.hxjakfajtdtuxlv55ejn1q2nha.dx.internal.cloudapp.net process 0
  in thorn Carpet, file /home/runner/work/tests/tests/master/configs/sim/build/Carpet/Comm.cc:103:
  ->[0m Synchronising group "GRHYDRO::TAU" in local mode
[1mWARNING level 2 from host runnervmmklqx.hxjakfajtdtuxlv55ejn1q2nha.dx.internal.cloudapp.net process 0
  in thorn Carpet, file /home/runner/work/tests/tests/master/configs/sim/build/Carpet/Comm.cc:103:
  ->[0m Synchronising group "GRHYDRO::DENS" in local mode
[1mWARNING level 2 from host runnervmmklqx.hxjakfajtdtuxlv55ejn1q2nha.dx.internal.cloudapp.net process 0
  in thorn Carpet, file /home/runner/work/tests/tests/master/configs/sim/build/Carpet/Comm.cc:103:
  ->[0m Synchronising group "GRHYDRO::SCON" in local mode
[1mWARNING level 2 from host runnervmmklqx.hxjakfajtdtuxlv55ejn1q2nha.dx.internal.cloudapp.net process 0
  in thorn Carpet, file /home/runner/work/tests/tests/master/configs/sim/build/Carpet/Comm.cc:103:
  ->[0m Synchronising group "GRHYDRO::BCONS" in local mode
[1mWARNING level 2 from host runnervmmklqx.hxjakfajtdtuxlv55ejn1q2nha.dx.internal.cloudapp.net process 0
  in thorn Carpet, file /home/runner/work/tests/tests/master/configs/sim/build/Carpet/Comm.cc:103:
  ->[0m Synchronising group "GRHYDRO::TAU" in local mode
[1mWARNING level 2 from host runnervmmklqx.hxjakfajtdtuxlv55ejn1q2nha.dx.internal.cloudapp.net process 0
  in thorn Carpet, file /home/runner/work/tests/tests/master/configs/sim/build/Carpet/Comm.cc:103:
  ->[0m Synchronising group "GRHYDRO::DENS" in local mode
[1mWARNING level 2 from host runnervmmklqx.hxjakfajtdtuxlv55ejn1q2nha.dx.internal.cloudapp.net process 0
  in thorn Carpet, file /home/runner/work/tests/tests/master/configs/sim/build/Carpet/Comm.cc:103:
  ->[0m Synchronising group "GRHYDRO::SCON" in local mode
[1mWARNING level 2 from host runnervmmklqx.hxjakfajtdtuxlv55ejn1q2nha.dx.internal.cloudapp.net process 0
  in thorn Carpet, file /home/runner/work/tests/tests/master/configs/sim/build/Carpet/Comm.cc:103:
  ->[0m Synchronising group "GRHYDRO::BCONS" in local mode
[1mWARNING level 2 from host runnervmmklqx.hxjakfajtdtuxlv55ejn1q2nha.dx.internal.cloudapp.net process 0
  in thorn Carpet, file /home/runner/work/tests/tests/master/configs/sim/build/Carpet/Comm.cc:103:
  ->[0m Synchronising group "GRHYDRO::TAU" in local mode
[1mWARNING level 2 from host runnervmmklqx.hxjakfajtdtuxlv55ejn1q2nha.dx.internal.cloudapp.net process 0
  in thorn Carpet, file /home/runner/work/tests/tests/master/configs/sim/build/Carpet/Comm.cc:103:
  ->[0m Synchronising group "GRHYDRO::DENS" in local mode
[1mWARNING level 2 from host runnervmmklqx.hxjakfajtdtuxlv55ejn1q2nha.dx.internal.cloudapp.net process 0
  in thorn Carpet, file /home/runner/work/tests/tests/master/configs/sim/build/Carpet/Comm.cc:103:
  ->[0m Synchronising group "GRHYDRO::SCON" in local mode
[1mWARNING level 2 from host runnervmmklqx.hxjakfajtdtuxlv55ejn1q2nha.dx.internal.cloudapp.net process 0
  in thorn Carpet, file /home/runner/work/tests/tests/master/configs/sim/build/Carpet/Comm.cc:103:
  ->[0m Synchronising group "GRHYDRO::BCONS" in local mode
[1mWARNING level 2 from host runnervmmklqx.hxjakfajtdtuxlv55ejn1q2nha.dx.internal.cloudapp.net process 0
  in thorn Carpet, file /home/runner/work/tests/tests/master/configs/sim/build/Carpet/Comm.cc:103:
  ->[0m Synchronising group "GRHYDRO::TAU" in local mode
[1mWARNING level 2 from host runnervmmklqx.hxjakfajtdtuxlv55ejn1q2nha.dx.internal.cloudapp.net process 0
  in thorn Carpet, file /home/runner/work/tests/tests/master/configs/sim/build/Carpet/Comm.cc:103:
  ->[0m Synchronising group "GRHYDRO::DENS" in local mode
[1mWARNING level 2 from host runnervmmklqx.hxjakfajtdtuxlv55ejn1q2nha.dx.internal.cloudapp.net process 0
  in thorn Carpet, file /home/runner/work/tests/tests/master/configs/sim/build/Carpet/Comm.cc:103:
  ->[0m Synchronising group "GRHYDRO::SCON" in local mode
[1mWARNING level 2 from host runnervmmklqx.hxjakfajtdtuxlv55ejn1q2nha.dx.internal.cloudapp.net process 0
  in thorn Carpet, file /home/runner/work/tests/tests/master/configs/sim/build/Carpet/Comm.cc:103:
  ->[0m Synchronising group "GRHYDRO::BCONS" in local mode
[1mWARNING level 2 from host runnervmmklqx.hxjakfajtdtuxlv55ejn1q2nha.dx.internal.cloudapp.net process 0
  in thorn Carpet, file /home/runner/work/tests/tests/master/configs/sim/build/Carpet/Comm.cc:103:
  ->[0m Synchronising group "GRHYDRO::TAU" in local mode
[1mWARNING level 2 from host runnervmmklqx.hxjakfajtdtuxlv55ejn1q2nha.dx.internal.cloudapp.net process 0
  in thorn Carpet, file /home/runner/work/tests/tests/master/configs/sim/build/Carpet/Comm.cc:103:
  ->[0m Synchronising group "GRHYDRO::DENS" in local mode
[1mWARNING level 2 from host runnervmmklqx.hxjakfajtdtuxlv55ejn1q2nha.dx.internal.cloudapp.net process 0
  in thorn Carpet, file /home/runner/work/tests/tests/master/configs/sim/build/Carpet/Comm.cc:103:
  ->[0m Synchronising group "GRHYDRO::SCON" in local mode
[1mWARNING level 2 from host runnervmmklqx.hxjakfajtdtuxlv55ejn1q2nha.dx.internal.cloudapp.net process 0
  in thorn Carpet, file /home/runner/work/tests/tests/master/configs/sim/build/Carpet/Comm.cc:103:
  ->[0m Synchronising group "GRHYDRO::BCONS" in local mode
[1mWARNING level 2 from host runnervmmklqx.hxjakfajtdtuxlv55ejn1q2nha.dx.internal.cloudapp.net process 0
  in thorn Carpet, file /home/runner/work/tests/tests/master/configs/sim/build/Carpet/Comm.cc:103:
  ->[0m Synchronising group "GRHYDRO::TAU" in local mode
[1mWARNING level 2 from host runnervmmklqx.hxjakfajtdtuxlv55ejn1q2nha.dx.internal.cloudapp.net process 0
  in thorn Carpet, file /home/runner/work/tests/tests/master/configs/sim/build/Carpet/Comm.cc:103:
  ->[0m Synchronising group "GRHYDRO::DENS" in local mode
[1mWARNING level 2 from host runnervmmklqx.hxjakfajtdtuxlv55ejn1q2nha.dx.internal.cloudapp.net process 0
  in thorn Carpet, file /home/runner/work/tests/tests/master/configs/sim/build/Carpet/Comm.cc:103:
  ->[0m Synchronising group "GRHYDRO::SCON" in local mode
[1mWARNING level 2 from host runnervmmklqx.hxjakfajtdtuxlv55ejn1q2nha.dx.internal.cloudapp.net process 0
  in thorn Carpet, file /home/runner/work/tests/tests/master/configs/sim/build/Carpet/Comm.cc:103:
  ->[0m Synchronising group "GRHYDRO::BCONS" in local mode
[1mWARNING level 2 from host runnervmmklqx.hxjakfajtdtuxlv55ejn1q2nha.dx.internal.cloudapp.net process 0
  in thorn Carpet, file /home/runner/work/tests/tests/master/configs/sim/build/Carpet/Comm.cc:103:
  ->[0m Synchronising group "GRHYDRO::TAU" in local mode
[1mWARNING level 2 from host runnervmmklqx.hxjakfajtdtuxlv55ejn1q2nha.dx.internal.cloudapp.net process 0
  in thorn Carpet, file /home/runner/work/tests/tests/master/configs/sim/build/Carpet/Comm.cc:103:
  ->[0m Synchronising group "GRHYDRO::DENS" in local mode
[1mWARNING level 2 from host runnervmmklqx.hxjakfajtdtuxlv55ejn1q2nha.dx.internal.cloudapp.net process 0
  in thorn Carpet, file /home/runner/work/tests/tests/master/configs/sim/build/Carpet/Comm.cc:103:
  ->[0m Synchronising group "GRHYDRO::SCON" in local mode
[1mWARNING level 2 from host runnervmmklqx.hxjakfajtdtuxlv55ejn1q2nha.dx.internal.cloudapp.net process 0
  in thorn Carpet, file /home/runner/work/tests/tests/master/configs/sim/build/Carpet/Comm.cc:103:
  ->[0m Synchronising group "GRHYDRO::BCONS" in local mode
[1mWARNING level 2 from host runnervmmklqx.hxjakfajtdtuxlv55ejn1q2nha.dx.internal.cloudapp.net process 0
  in thorn Carpet, file /home/runner/work/tests/tests/master/configs/sim/build/Carpet/Comm.cc:103:
  ->[0m Synchronising group "GRHYDRO::TAU" in local mode
[1mWARNING level 2 from host runnervmmklqx.hxjakfajtdtuxlv55ejn1q2nha.dx.internal.cloudapp.net process 0
  in thorn Carpet, file /home/runner/work/tests/tests/master/configs/sim/build/Carpet/Comm.cc:103:
  ->[0m Synchronising group "GRHYDRO::DENS" in local mode
[1mWARNING level 2 from host runnervmmklqx.hxjakfajtdtuxlv55ejn1q2nha.dx.internal.cloudapp.net process 0
  in thorn Carpet, file /home/runner/work/tests/tests/master/configs/sim/build/Carpet/Comm.cc:103:
  ->[0m Synchronising group "GRHYDRO::SCON" in local mode
[1mWARNING level 2 from host runnervmmklqx.hxjakfajtdtuxlv55ejn1q2nha.dx.internal.cloudapp.net process 0
  in thorn Carpet, file /home/runner/work/tests/tests/master/configs/sim/build/Carpet/Comm.cc:103:
  ->[0m Synchronising group "GRHYDRO::BCONS" in local mode
[1mWARNING level 2 from host runnervmmklqx.hxjakfajtdtuxlv55ejn1q2nha.dx.internal.cloudapp.net process 0
  in thorn Carpet, file /home/runner/work/tests/tests/master/configs/sim/build/Carpet/Comm.cc:103:
  ->[0m Synchronising group "GRHYDRO::TAU" in local mode
[1mWARNING level 2 from host runnervmmklqx.hxjakfajtdtuxlv55ejn1q2nha.dx.internal.cloudapp.net process 0
  in thorn Carpet, file /home/runner/work/tests/tests/master/configs/sim/build/Carpet/Comm.cc:103:
  ->[0m Synchronising group "GRHYDRO::DENS" in local mode
[1mWARNING level 2 from host runnervmmklqx.hxjakfajtdtuxlv55ejn1q2nha.dx.internal.cloudapp.net process 0
  in thorn Carpet, file /home/runner/work/tests/tests/master/configs/sim/build/Carpet/Comm.cc:103:
  ->[0m Synchronising group "GRHYDRO::SCON" in local mode
[1mWARNING level 2 from host runnervmmklqx.hxjakfajtdtuxlv55ejn1q2nha.dx.internal.cloudapp.net process 0
  in thorn Carpet, file /home/runner/work/tests/tests/master/configs/sim/build/Carpet/Comm.cc:103:
  ->[0m Synchronising group "GRHYDRO::BCONS" in local mode
[1mWARNING level 2 from host runnervmmklqx.hxjakfajtdtuxlv55ejn1q2nha.dx.internal.cloudapp.net process 0
  in thorn Carpet, file /home/runner/work/tests/tests/master/configs/sim/build/Carpet/Comm.cc:103:
  ->[0m Synchronising group "GRHYDRO::TAU" in local mode
[1mWARNING level 2 from host runnervmmklqx.hxjakfajtdtuxlv55ejn1q2nha.dx.internal.cloudapp.net process 0
  in thorn Carpet, file /home/runner/work/tests/tests/master/configs/sim/build/Carpet/Comm.cc:103:
  ->[0m Synchronising group "GRHYDRO::DENS" in local mode
[1mWARNING level 2 from host runnervmmklqx.hxjakfajtdtuxlv55ejn1q2nha.dx.internal.cloudapp.net process 0
  in thorn Carpet, file /home/runner/work/tests/tests/master/configs/sim/build/Carpet/Comm.cc:103:
  ->[0m Synchronising group "GRHYDRO::SCON" in local mode
[1mWARNING level 2 from host runnervmmklqx.hxjakfajtdtuxlv55ejn1q2nha.dx.internal.cloudapp.net process 0
  in thorn Carpet, file /home/runner/work/tests/tests/master/configs/sim/build/Carpet/Comm.cc:103:
  ->[0m Synchronising group "GRHYDRO::BCONS" in local mode
[1mWARNING level 2 from host runnervmmklqx.hxjakfajtdtuxlv55ejn1q2nha.dx.internal.cloudapp.net process 0
  in thorn Carpet, file /home/runner/work/tests/tests/master/configs/sim/build/Carpet/Comm.cc:103:
  ->[0m Synchronising group "GRHYDRO::TAU" in local mode
[1mWARNING level 2 from host runnervmmklqx.hxjakfajtdtuxlv55ejn1q2nha.dx.internal.cloudapp.net process 0
  in thorn Carpet, file /home/runner/work/tests/tests/master/configs/sim/build/Carpet/Comm.cc:103:
  ->[0m Synchronising group "GRHYDRO::DENS" in local mode
[1mWARNING level 2 from host runnervmmklqx.hxjakfajtdtuxlv55ejn1q2nha.dx.internal.cloudapp.net process 0
  in thorn Carpet, file /home/runner/work/tests/tests/master/configs/sim/build/Carpet/Comm.cc:103:
  ->[0m Synchronising group "GRHYDRO::SCON" in local mode
[1mWARNING level 2 from host runnervmmklqx.hxjakfajtdtuxlv55ejn1q2nha.dx.internal.cloudapp.net process 0
  in thorn Carpet, file /home/runner/work/tests/tests/master/configs/sim/build/Carpet/Comm.cc:103:
  ->[0m Synchronising group "GRHYDRO::BCONS" in local mode
[1mWARNING level 2 from host runnervmmklqx.hxjakfajtdtuxlv55ejn1q2nha.dx.internal.cloudapp.net process 0
  in thorn Carpet, file /home/runner/work/tests/tests/master/configs/sim/build/Carpet/Comm.cc:103:
  ->[0m Synchronising group "GRHYDRO::TAU" in local mode
[1mWARNING level 2 from host runnervmmklqx.hxjakfajtdtuxlv55ejn1q2nha.dx.internal.cloudapp.net process 0
  in thorn Carpet, file /home/runner/work/tests/tests/master/configs/sim/build/Carpet/Comm.cc:103:
  ->[0m Synchronising group "GRHYDRO::DENS" in local mode
[1mWARNING level 2 from host runnervmmklqx.hxjakfajtdtuxlv55ejn1q2nha.dx.internal.cloudapp.net process 0
  in thorn Carpet, file /home/runner/work/tests/tests/master/configs/sim/build/Carpet/Comm.cc:103:
  ->[0m Synchronising group "GRHYDRO::SCON" in local mode
[1mWARNING level 2 from host runnervmmklqx.hxjakfajtdtuxlv55ejn1q2nha.dx.internal.cloudapp.net process 0
  in thorn Carpet, file /home/runner/work/tests/tests/master/configs/sim/build/Carpet/Comm.cc:103:
  ->[0m Synchronising group "GRHYDRO::BCONS" in local mode
        9     0.003 |  137.1771505 |  130.9313729 |   14.5876211 |  115.6023661 |        66
[1mWARNING level 2 from host runnervmmklqx.hxjakfajtdtuxlv55ejn1q2nha.dx.internal.cloudapp.net process 0
  in thorn Carpet, file /home/runner/work/tests/tests/master/configs/sim/build/Carpet/Comm.cc:103:
  ->[0m Synchronising group "GRHYDRO::TAU" in local mode
[1mWARNING level 2 from host runnervmmklqx.hxjakfajtdtuxlv55ejn1q2nha.dx.internal.cloudapp.net process 0
  in thorn Carpet, file /home/runner/work/tests/tests/master/configs/sim/build/Carpet/Comm.cc:103:
  ->[0m Synchronising group "GRHYDRO::DENS" in local mode
[1mWARNING level 2 from host runnervmmklqx.hxjakfajtdtuxlv55ejn1q2nha.dx.internal.cloudapp.net process 0
  in thorn Carpet, file /home/runner/work/tests/tests/master/configs/sim/build/Carpet/Comm.cc:103:
  ->[0m Synchronising group "GRHYDRO::SCON" in local mode
[1mWARNING level 2 from host runnervmmklqx.hxjakfajtdtuxlv55ejn1q2nha.dx.internal.cloudapp.net process 0
  in thorn Carpet, file /home/runner/work/tests/tests/master/configs/sim/build/Carpet/Comm.cc:103:
  ->[0m Synchronising group "GRHYDRO::BCONS" in local mode
[1mWARNING level 2 from host runnervmmklqx.hxjakfajtdtuxlv55ejn1q2nha.dx.internal.cloudapp.net process 0
  in thorn Carpet, file /home/runner/work/tests/tests/master/configs/sim/build/Carpet/Comm.cc:103:
  ->[0m Synchronising group "GRHYDRO::TAU" in local mode
[1mWARNING level 2 from host runnervmmklqx.hxjakfajtdtuxlv55ejn1q2nha.dx.internal.cloudapp.net process 0
  in thorn Carpet, file /home/runner/work/tests/tests/master/configs/sim/build/Carpet/Comm.cc:103:
  ->[0m Synchronising group "GRHYDRO::DENS" in local mode
[1mWARNING level 2 from host runnervmmklqx.hxjakfajtdtuxlv55ejn1q2nha.dx.internal.cloudapp.net process 0
  in thorn Carpet, file /home/runner/work/tests/tests/master/configs/sim/build/Carpet/Comm.cc:103:
  ->[0m Synchronising group "GRHYDRO::SCON" in local mode
[1mWARNING level 2 from host runnervmmklqx.hxjakfajtdtuxlv55ejn1q2nha.dx.internal.cloudapp.net process 0
  in thorn Carpet, file /home/runner/work/tests/tests/master/configs/sim/build/Carpet/Comm.cc:103:
  ->[0m Synchronising group "GRHYDRO::BCONS" in local mode
[1mWARNING level 2 from host runnervmmklqx.hxjakfajtdtuxlv55ejn1q2nha.dx.internal.cloudapp.net process 0
  in thorn Carpet, file /home/runner/work/tests/tests/master/configs/sim/build/Carpet/Comm.cc:103:
  ->[0m Synchronising group "GRHYDRO::TAU" in local mode
[1mWARNING level 2 from host runnervmmklqx.hxjakfajtdtuxlv55ejn1q2nha.dx.internal.cloudapp.net process 0
  in thorn Carpet, file /home/runner/work/tests/tests/master/configs/sim/build/Carpet/Comm.cc:103:
  ->[0m Synchronising group "GRHYDRO::DENS" in local mode
[1mWARNING level 2 from host runnervmmklqx.hxjakfajtdtuxlv55ejn1q2nha.dx.internal.cloudapp.net process 0
  in thorn Carpet, file /home/runner/work/tests/tests/master/configs/sim/build/Carpet/Comm.cc:103:
  ->[0m Synchronising group "GRHYDRO::SCON" in local mode
[1mWARNING level 2 from host runnervmmklqx.hxjakfajtdtuxlv55ejn1q2nha.dx.internal.cloudapp.net process 0
  in thorn Carpet, file /home/runner/work/tests/tests/master/configs/sim/build/Carpet/Comm.cc:103:
  ->[0m Synchronising group "GRHYDRO::BCONS" in local mode
[1mWARNING level 2 from host runnervmmklqx.hxjakfajtdtuxlv55ejn1q2nha.dx.internal.cloudapp.net process 0
  in thorn Carpet, file /home/runner/work/tests/tests/master/configs/sim/build/Carpet/Comm.cc:103:
  ->[0m Synchronising group "GRHYDRO::TAU" in local mode
[1mWARNING level 2 from host runnervmmklqx.hxjakfajtdtuxlv55ejn1q2nha.dx.internal.cloudapp.net process 0
  in thorn Carpet, file /home/runner/work/tests/tests/master/configs/sim/build/Carpet/Comm.cc:103:
  ->[0m Synchronising group "GRHYDRO::DENS" in local mode
[1mWARNING level 2 from host runnervmmklqx.hxjakfajtdtuxlv55ejn1q2nha.dx.internal.cloudapp.net process 0
  in thorn Carpet, file /home/runner/work/tests/tests/master/configs/sim/build/Carpet/Comm.cc:103:
  ->[0m Synchronising group "GRHYDRO::SCON" in local mode
[1mWARNING level 2 from host runnervmmklqx.hxjakfajtdtuxlv55ejn1q2nha.dx.internal.cloudapp.net process 0
  in thorn Carpet, file /home/runner/work/tests/tests/master/configs/sim/build/Carpet/Comm.cc:103:
  ->[0m Synchronising group "GRHYDRO::BCONS" in local mode
[1mWARNING level 2 from host runnervmmklqx.hxjakfajtdtuxlv55ejn1q2nha.dx.internal.cloudapp.net process 0
  in thorn Carpet, file /home/runner/work/tests/tests/master/configs/sim/build/Carpet/Comm.cc:103:
  ->[0m Synchronising group "GRHYDRO::TAU" in local mode
[1mWARNING level 2 from host runnervmmklqx.hxjakfajtdtuxlv55ejn1q2nha.dx.internal.cloudapp.net process 0
  in thorn Carpet, file /home/runner/work/tests/tests/master/configs/sim/build/Carpet/Comm.cc:103:
  ->[0m Synchronising group "GRHYDRO::DENS" in local mode
[1mWARNING level 2 from host runnervmmklqx.hxjakfajtdtuxlv55ejn1q2nha.dx.internal.cloudapp.net process 0
  in thorn Carpet, file /home/runner/work/tests/tests/master/configs/sim/build/Carpet/Comm.cc:103:
  ->[0m Synchronising group "GRHYDRO::SCON" in local mode
[1mWARNING level 2 from host runnervmmklqx.hxjakfajtdtuxlv55ejn1q2nha.dx.internal.cloudapp.net process 0
  in thorn Carpet, file /home/runner/work/tests/tests/master/configs/sim/build/Carpet/Comm.cc:103:
  ->[0m Synchronising group "GRHYDRO::BCONS" in local mode
[1mWARNING level 2 from host runnervmmklqx.hxjakfajtdtuxlv55ejn1q2nha.dx.internal.cloudapp.net process 0
  in thorn Carpet, file /home/runner/work/tests/tests/master/configs/sim/build/Carpet/Comm.cc:103:
  ->[0m Synchronising group "GRHYDRO::TAU" in local mode
[1mWARNING level 2 from host runnervmmklqx.hxjakfajtdtuxlv55ejn1q2nha.dx.internal.cloudapp.net process 0
  in thorn Carpet, file /home/runner/work/tests/tests/master/configs/sim/build/Carpet/Comm.cc:103:
  ->[0m Synchronising group "GRHYDRO::DENS" in local mode
[1mWARNING level 2 from host runnervmmklqx.hxjakfajtdtuxlv55ejn1q2nha.dx.internal.cloudapp.net process 0
  in thorn Carpet, file /home/runner/work/tests/tests/master/configs/sim/build/Carpet/Comm.cc:103:
  ->[0m Synchronising group "GRHYDRO::SCON" in local mode
[1mWARNING level 2 from host runnervmmklqx.hxjakfajtdtuxlv55ejn1q2nha.dx.internal.cloudapp.net process 0
  in thorn Carpet, file /home/runner/work/tests/tests/master/configs/sim/build/Carpet/Comm.cc:103:
  ->[0m Synchronising group "GRHYDRO::BCONS" in local mode
[1mWARNING level 2 from host runnervmmklqx.hxjakfajtdtuxlv55ejn1q2nha.dx.internal.cloudapp.net process 0
  in thorn Carpet, file /home/runner/work/tests/tests/master/configs/sim/build/Carpet/Comm.cc:103:
  ->[0m Synchronising group "GRHYDRO::TAU" in local mode
[1mWARNING level 2 from host runnervmmklqx.hxjakfajtdtuxlv55ejn1q2nha.dx.internal.cloudapp.net process 0
  in thorn Carpet, file /home/runner/work/tests/tests/master/configs/sim/build/Carpet/Comm.cc:103:
  ->[0m Synchronising group "GRHYDRO::DENS" in local mode
[1mWARNING level 2 from host runnervmmklqx.hxjakfajtdtuxlv55ejn1q2nha.dx.internal.cloudapp.net process 0
  in thorn Carpet, file /home/runner/work/tests/tests/master/configs/sim/build/Carpet/Comm.cc:103:
  ->[0m Synchronising group "GRHYDRO::SCON" in local mode
[1mWARNING level 2 from host runnervmmklqx.hxjakfajtdtuxlv55ejn1q2nha.dx.internal.cloudapp.net process 0
  in thorn Carpet, file /home/runner/work/tests/tests/master/configs/sim/build/Carpet/Comm.cc:103:
  ->[0m Synchronising group "GRHYDRO::BCONS" in local mode
[1mWARNING level 2 from host runnervmmklqx.hxjakfajtdtuxlv55ejn1q2nha.dx.internal.cloudapp.net process 0
  in thorn Carpet, file /home/runner/work/tests/tests/master/configs/sim/build/Carpet/Comm.cc:103:
  ->[0m Synchronising group "GRHYDRO::TAU" in local mode
[1mWARNING level 2 from host runnervmmklqx.hxjakfajtdtuxlv55ejn1q2nha.dx.internal.cloudapp.net process 0
  in thorn Carpet, file /home/runner/work/tests/tests/master/configs/sim/build/Carpet/Comm.cc:103:
  ->[0m Synchronising group "GRHYDRO::DENS" in local mode
[1mWARNING level 2 from host runnervmmklqx.hxjakfajtdtuxlv55ejn1q2nha.dx.internal.cloudapp.net process 0
  in thorn Carpet, file /home/runner/work/tests/tests/master/configs/sim/build/Carpet/Comm.cc:103:
  ->[0m Synchronising group "GRHYDRO::SCON" in local mode
[1mWARNING level 2 from host runnervmmklqx.hxjakfajtdtuxlv55ejn1q2nha.dx.internal.cloudapp.net process 0
  in thorn Carpet, file /home/runner/work/tests/tests/master/configs/sim/build/Carpet/Comm.cc:103:
  ->[0m Synchronising group "GRHYDRO::BCONS" in local mode
[1mWARNING level 2 from host runnervmmklqx.hxjakfajtdtuxlv55ejn1q2nha.dx.internal.cloudapp.net process 0
  in thorn Carpet, file /home/runner/work/tests/tests/master/configs/sim/build/Carpet/Comm.cc:103:
  ->[0m Synchronising group "GRHYDRO::TAU" in local mode
[1mWARNING level 2 from host runnervmmklqx.hxjakfajtdtuxlv55ejn1q2nha.dx.internal.cloudapp.net process 0
  in thorn Carpet, file /home/runner/work/tests/tests/master/configs/sim/build/Carpet/Comm.cc:103:
  ->[0m Synchronising group "GRHYDRO::DENS" in local mode
[1mWARNING level 2 from host runnervmmklqx.hxjakfajtdtuxlv55ejn1q2nha.dx.internal.cloudapp.net process 0
  in thorn Carpet, file /home/runner/work/tests/tests/master/configs/sim/build/Carpet/Comm.cc:103:
  ->[0m Synchronising group "GRHYDRO::SCON" in local mode
[1mWARNING level 2 from host runnervmmklqx.hxjakfajtdtuxlv55ejn1q2nha.dx.internal.cloudapp.net process 0
  in thorn Carpet, file /home/runner/work/tests/tests/master/configs/sim/build/Carpet/Comm.cc:103:
  ->[0m Synchronising group "GRHYDRO::BCONS" in local mode
[1mWARNING level 2 from host runnervmmklqx.hxjakfajtdtuxlv55ejn1q2nha.dx.internal.cloudapp.net process 0
  in thorn Carpet, file /home/runner/work/tests/tests/master/configs/sim/build/Carpet/Comm.cc:103:
  ->[0m Synchronising group "GRHYDRO::TAU" in local mode
[1mWARNING level 2 from host runnervmmklqx.hxjakfajtdtuxlv55ejn1q2nha.dx.internal.cloudapp.net process 0
  in thorn Carpet, file /home/runner/work/tests/tests/master/configs/sim/build/Carpet/Comm.cc:103:
  ->[0m Synchronising group "GRHYDRO::DENS" in local mode
[1mWARNING level 2 from host runnervmmklqx.hxjakfajtdtuxlv55ejn1q2nha.dx.internal.cloudapp.net process 0
  in thorn Carpet, file /home/runner/work/tests/tests/master/configs/sim/build/Carpet/Comm.cc:103:
  ->[0m Synchronising group "GRHYDRO::SCON" in local mode
[1mWARNING level 2 from host runnervmmklqx.hxjakfajtdtuxlv55ejn1q2nha.dx.internal.cloudapp.net process 0
  in thorn Carpet, file /home/runner/work/tests/tests/master/configs/sim/build/Carpet/Comm.cc:103:
  ->[0m Synchronising group "GRHYDRO::BCONS" in local mode
[1mWARNING level 2 from host runnervmmklqx.hxjakfajtdtuxlv55ejn1q2nha.dx.internal.cloudapp.net process 0
  in thorn Carpet, file /home/runner/work/tests/tests/master/configs/sim/build/Carpet/Comm.cc:103:
  ->[0m Synchronising group "GRHYDRO::TAU" in local mode
[1mWARNING level 2 from host runnervmmklqx.hxjakfajtdtuxlv55ejn1q2nha.dx.internal.cloudapp.net process 0
  in thorn Carpet, file /home/runner/work/tests/tests/master/configs/sim/build/Carpet/Comm.cc:103:
  ->[0m Synchronising group "GRHYDRO::DENS" in local mode
[1mWARNING level 2 from host runnervmmklqx.hxjakfajtdtuxlv55ejn1q2nha.dx.internal.cloudapp.net process 0
  in thorn Carpet, file /home/runner/work/tests/tests/master/configs/sim/build/Carpet/Comm.cc:103:
  ->[0m Synchronising group "GRHYDRO::SCON" in local mode
[1mWARNING level 2 from host runnervmmklqx.hxjakfajtdtuxlv55ejn1q2nha.dx.internal.cloudapp.net process 0
  in thorn Carpet, file /home/runner/work/tests/tests/master/configs/sim/build/Carpet/Comm.cc:103:
  ->[0m Synchronising group "GRHYDRO::BCONS" in local mode
[1mWARNING level 2 from host runnervmmklqx.hxjakfajtdtuxlv55ejn1q2nha.dx.internal.cloudapp.net process 0
  in thorn Carpet, file /home/runner/work/tests/tests/master/configs/sim/build/Carpet/Comm.cc:103:
  ->[0m Synchronising group "GRHYDRO::TAU" in local mode
[1mWARNING level 2 from host runnervmmklqx.hxjakfajtdtuxlv55ejn1q2nha.dx.internal.cloudapp.net process 0
  in thorn Carpet, file /home/runner/work/tests/tests/master/configs/sim/build/Carpet/Comm.cc:103:
  ->[0m Synchronising group "GRHYDRO::DENS" in local mode
[1mWARNING level 2 from host runnervmmklqx.hxjakfajtdtuxlv55ejn1q2nha.dx.internal.cloudapp.net process 0
  in thorn Carpet, file /home/runner/work/tests/tests/master/configs/sim/build/Carpet/Comm.cc:103:
  ->[0m Synchronising group "GRHYDRO::SCON" in local mode
[1mWARNING level 2 from host runnervmmklqx.hxjakfajtdtuxlv55ejn1q2nha.dx.internal.cloudapp.net process 0
  in thorn Carpet, file /home/runner/work/tests/tests/master/configs/sim/build/Carpet/Comm.cc:103:
  ->[0m Synchronising group "GRHYDRO::BCONS" in local mode
[1mWARNING level 2 from host runnervmmklqx.hxjakfajtdtuxlv55ejn1q2nha.dx.internal.cloudapp.net process 0
  in thorn Carpet, file /home/runner/work/tests/tests/master/configs/sim/build/Carpet/Comm.cc:103:
  ->[0m Synchronising group "GRHYDRO::TAU" in local mode
[1mWARNING level 2 from host runnervmmklqx.hxjakfajtdtuxlv55ejn1q2nha.dx.internal.cloudapp.net process 0
  in thorn Carpet, file /home/runner/work/tests/tests/master/configs/sim/build/Carpet/Comm.cc:103:
  ->[0m Synchronising group "GRHYDRO::DENS" in local mode
[1mWARNING level 2 from host runnervmmklqx.hxjakfajtdtuxlv55ejn1q2nha.dx.internal.cloudapp.net process 0
  in thorn Carpet, file /home/runner/work/tests/tests/master/configs/sim/build/Carpet/Comm.cc:103:
  ->[0m Synchronising group "GRHYDRO::SCON" in local mode
[1mWARNING level 2 from host runnervmmklqx.hxjakfajtdtuxlv55ejn1q2nha.dx.internal.cloudapp.net process 0
  in thorn Carpet, file /home/runner/work/tests/tests/master/configs/sim/build/Carpet/Comm.cc:103:
  ->[0m Synchronising group "GRHYDRO::BCONS" in local mode
[1mWARNING level 2 from host runnervmmklqx.hxjakfajtdtuxlv55ejn1q2nha.dx.internal.cloudapp.net process 0
  in thorn Carpet, file /home/runner/work/tests/tests/master/configs/sim/build/Carpet/Comm.cc:103:
  ->[0m Synchronising group "GRHYDRO::TAU" in local mode
[1mWARNING level 2 from host runnervmmklqx.hxjakfajtdtuxlv55ejn1q2nha.dx.internal.cloudapp.net process 0
  in thorn Carpet, file /home/runner/work/tests/tests/master/configs/sim/build/Carpet/Comm.cc:103:
  ->[0m Synchronising group "GRHYDRO::DENS" in local mode
[1mWARNING level 2 from host runnervmmklqx.hxjakfajtdtuxlv55ejn1q2nha.dx.internal.cloudapp.net process 0
  in thorn Carpet, file /home/runner/work/tests/tests/master/configs/sim/build/Carpet/Comm.cc:103:
  ->[0m Synchronising group "GRHYDRO::SCON" in local mode
[1mWARNING level 2 from host runnervmmklqx.hxjakfajtdtuxlv55ejn1q2nha.dx.internal.cloudapp.net process 0
  in thorn Carpet, file /home/runner/work/tests/tests/master/configs/sim/build/Carpet/Comm.cc:103:
  ->[0m Synchronising group "GRHYDRO::BCONS" in local mode
       10     0.004 |  137.2017117 |  132.5551355 |   15.0610572 |  124.1108300 |        66
INFO (TimerReport): Timer Report before terminating at iteration 10 time 0.00353553
==================================================================================================================================================================================================
Thorn           | Scheduled routine in time bin           | gettimeofday [secs] | getrusage [secs] | cycle [secs] | cycle[avg] [secs] | cycle[sdv] [secs] | cycle[min] [secs] | cycle[max] [secs] 
==================================================================================================================================================================================================
Carpet          | Multi-model Startup routine             |          0.00027300 |       0.00025000 |   0.00000000 |        0.00000000 |        0.00000000 |        0.00000000 |        0.00000000 
CycleClock      | Set up CycleClock                       |          0.10003700 |       0.10003900 |   0.00000423 |        0.00000423 |        0.00000000 |        0.00000423 |        0.00000423 
LoopControl     | Set up LoopControl                      |          0.00000200 |       0.00000200 |   0.00000171 |        0.00000171 |        0.00000000 |        0.00000171 |        0.00000171 
Timers          | Prepare hierarchical timers             |          0.00000500 |       0.00000500 |   0.00000471 |        0.00000471 |        0.00000000 |        0.00000471 |        0.00000471 
Carpet          | Startup routine                         |          0.00000300 |       0.00000300 |   0.00000297 |        0.00000297 |        0.00000000 |        0.00000297 |        0.00000297 
IOUtil          | Startup routine                         |          0.00000300 |       0.00000400 |   0.00000364 |        0.00000364 |        0.00000000 |        0.00000364 |        0.00000364 
CarpetIOScalar  | Startup routine                         |          0.00002200 |       0.00002100 |   0.00002123 |        0.00002123 |        0.00000000 |        0.00002123 |        0.00002123 
CarpetInterp    | Startup routine                         |          0.00000200 |       0.00000100 |   0.00000113 |        0.00000113 |        0.00000000 |        0.00000113 |        0.00000113 
CarpetReduce    | Startup routine                         |          0.00002800 |       0.00002800 |   0.00002779 |        0.00002779 |        0.00000000 |        0.00002779 |        0.00002779 
CartGrid3D      | Register GH Extension for GridSymmetry  |          0.00000200 |       0.00000200 |   0.00000199 |        0.00000199 |        0.00000000 |        0.00000199 |        0.00000199 
CoordBase       | Register a GH extension to store the coo|          0.00000200 |       0.00000100 |   0.00000158 |        0.00000158 |        0.00000000 |        0.00000158 |        0.00000158 
AEILocalInterp  | register CCTK_InterpLocalUniform() inter|          0.00000800 |       0.00000800 |   0.00000774 |        0.00000774 |        0.00000000 |        0.00000774 |        0.00000774 
EOS_Omni        | Set up conversion factors and other fun |          0.00001200 |       0.00001200 |   0.00001180 |        0.00001180 |        0.00000000 |        0.00001180 |        0.00001180 
EOS_Polytrope   | Setup the polytropic EOS                |          0.00000200 |       0.00000100 |   0.00000160 |        0.00000160 |        0.00000000 |        0.00000160 |        0.00000160 
GRHydro         | Startup banner                          |          0.00000400 |       0.00000500 |   0.00000443 |        0.00000443 |        0.00000000 |        0.00000443 |        0.00000443 
GRHydro         | Register the hydro masks                |          0.00000600 |       0.00000600 |   0.00000577 |        0.00000577 |        0.00000000 |        0.00000577 |        0.00000577 
HydroBase       | Startup banner                          |          0.00000200 |       0.00000100 |   0.00000124 |        0.00000124 |        0.00000000 |        0.00000124 |        0.00000124 
CarpetIOASCII   | Startup routine                         |          0.00002700 |       0.00002700 |   0.00002691 |        0.00002691 |        0.00000000 |        0.00002691 |        0.00002691 
LocalInterp     | register LocalInterp's interpolation ope|          0.00000100 |       0.00000200 |   0.00000158 |        0.00000158 |        0.00000000 |        0.00000158 |        0.00000158 
LocalReduce     | Startup routine                         |          0.00001300 |       0.00001400 |   0.00001363 |        0.00001363 |        0.00000000 |        0.00001363 |        0.00001363 
CarpetIOBasic   | Startup routine                         |          0.00000300 |       0.00000300 |   0.00000297 |        0.00000297 |        0.00000000 |        0.00000297 |        0.00000297 
MoL             | Startup banner                          |          0.00000100 |       0.00000200 |   0.00000136 |        0.00000136 |        0.00000000 |        0.00000136 |        0.00000136 
Slab            | Create MPI datatypes for complex variabl|          0.00000600 |       0.00000700 |   0.00000653 |        0.00000653 |        0.00000000 |        0.00000653 |        0.00000653 
SymBase         | Register GH Extension for SymBase       |          0.00000400 |       0.00000400 |   0.00000398 |        0.00000398 |        0.00000000 |        0.00000398 |        0.00000398 
TerminationTrigg| Start signal handler                    |          0.00006200 |       0.00000000 |   0.00006285 |        0.00006285 |        0.00000000 |        0.00006285 |        0.00006285 
CarpetIOHDF5    | Startup routine                         |          0.00001800 |       0.00000000 |   0.00001789 |        0.00001789 |        0.00000000 |        0.00001789 |        0.00001789 
Vectors         | Print startup message                   |          0.00001300 |       0.00000000 |   0.00001363 |        0.00001363 |        0.00000000 |        0.00001363 |        0.00001363 
hwloc           | Output hwloc version                    |          0.00000400 |       0.00000000 |   0.00000379 |        0.00000379 |        0.00000000 |        0.00000379 |        0.00000379 
--------------------------------------------------------------------------------------------------------------------------------------------------------------------------------------------------
                | Total time for CCTK_STARTUP             |          0.10056500 |       0.10044800 |   0.00025868 |        0.00025868 |        0.00000000 |        0.00025868 |        0.00025868 
==================================================================================================================================================================================================
ADMBase         | Set up GF symmetries                    |          0.00002600 |       0.00000000 |   0.00002512 |        0.00002512 |        0.00000000 |        0.00002512 |        0.00002512 
Boundary        | Register boundary conditions that this t|          0.00001200 |       0.00000000 |   0.00001141 |        0.00001141 |        0.00000000 |        0.00001141 |        0.00001141 
CartGrid3D      | Register coordinates for the Cartesian g|          0.00005500 |       0.00000000 |   0.00005477 |        0.00005477 |        0.00000000 |        0.00005477 |        0.00005477 
CoordGauge      | Initialize slicing, setup priorities for|          0.00001000 |       0.00000000 |   0.00000993 |        0.00000993 |        0.00000000 |        0.00000993 |        0.00000993 
CoordGauge      | Identify the slicing for the next iterat|          0.00000900 |       0.00000000 |   0.00000871 |        0.00000871 |        0.00000000 |        0.00000871 |        0.00000871 
GRHydro         | Initialize InLastMoLPostStep to zero    |          0.00001400 |       0.00000000 |   0.00001421 |        0.00001421 |        0.00000000 |        0.00001421 |        0.00001421 
MoL             | Set up the MoL bookkeeping index arrays |          0.00003100 |       0.00000000 |   0.00003184 |        0.00003184 |        0.00000000 |        0.00003184 |        0.00003184 
MoL             | Set the flag so it is ok to register wit|          0.00001400 |       0.00000000 |   0.00001332 |        0.00001332 |        0.00000000 |        0.00001332 |        0.00001332 
TmunuBase       | Set the stress_energy_state variable    |          0.00001300 |       0.00000000 |   0.00001287 |        0.00001287 |        0.00000000 |        0.00001287 |        0.00001287 
GRHydro         | Register variables for MoL              |          0.00005500 |       0.00000000 |   0.00005492 |        0.00005492 |        0.00000000 |        0.00005492 |        0.00005492 
Slab            | Initialise timers                       |          0.00002700 |       0.00000000 |   0.00002672 |        0.00002672 |        0.00000000 |        0.00002672 |        0.00002672 
SpaceMask       | Set grid symmetries for mask            |          0.00001100 |       0.00000000 |   0.00001027 |        0.00001027 |        0.00000000 |        0.00001027 |        0.00001027 
SpaceMask       | Set grid symmetries for emask (compatibi|          0.00000900 |       0.00000000 |   0.00000941 |        0.00000941 |        0.00000000 |        0.00000941 |        0.00000941 
CartGrid3D      | Register symmetry boundaries            |          0.00003800 |       0.00000000 |   0.00003771 |        0.00003771 |        0.00000000 |        0.00003771 |        0.00003771 
SymBase         | Print symmetry boundary face description|          0.00001200 |       0.00000000 |   0.00001189 |        0.00001189 |        0.00000000 |        0.00001189 |        0.00001189 
MoL             | Report how many of each type of variable|          0.00017400 |       0.00000000 |   0.00017402 |        0.00017402 |        0.00000000 |        0.00017402 |        0.00017402 
--------------------------------------------------------------------------------------------------------------------------------------------------------------------------------------------------
                | Total time for CCTK_WRAGH               |          0.00051000 |       0.00000000 |   0.00050711 |        0.00050711 |        0.00000000 |        0.00050711 |        0.00050711 
==================================================================================================================================================================================================
ADMBase         | Check consistency of parameters         |          0.00001300 |       0.00000000 |   0.00001340 |        0.00001340 |        0.00000000 |        0.00001340 |        0.00001340 
Boundary        | Check dimension of grid variables       |          0.00000900 |       0.00000000 |   0.00000859 |        0.00000859 |        0.00000000 |        0.00000859 |        0.00000859 
Carpet          | Parameter checking routine              |          0.00001900 |       0.00000000 |   0.00001889 |        0.00001889 |        0.00000000 |        0.00001889 |        0.00001889 
CarpetLib       | Test prolongation operators             |          0.00001700 |       0.00000000 |   0.00001726 |        0.00001726 |        0.00000000 |        0.00001726 |        0.00001726 
CartGrid3D      | Check coordinates for CartGrid3D        |          0.00001200 |       0.00000000 |   0.00001180 |        0.00001180 |        0.00000000 |        0.00001180 |        0.00001180 
Fortran         | Test whether Fortran parameters work cor|          0.00000900 |       0.00000000 |   0.00000837 |        0.00000837 |        0.00000000 |        0.00000837 |        0.00000837 
GRHydro         | Check parameters                        |          0.00002800 |       0.00000000 |   0.00002751 |        0.00002751 |        0.00000000 |        0.00002751 |        0.00002751 
GRHydro_InitData| Check parameters                        |          0.00001200 |       0.00000000 |   0.00001150 |        0.00001150 |        0.00000000 |        0.00001150 |        0.00001150 
MoL             | Basic parameter checking                |          0.00001100 |       0.00000000 |   0.00001136 |        0.00001136 |        0.00000000 |        0.00001136 |        0.00001136 
TerminationTrigg| Check consitency of parameters          |          0.00000800 |       0.00000000 |   0.00000824 |        0.00000824 |        0.00000000 |        0.00000824 |        0.00000824 
TmunuBase       | Check that no deprecated parameters are |          0.00000800 |       0.00000000 |   0.00000816 |        0.00000816 |        0.00000000 |        0.00000816 |        0.00000816 
Vectors         | Run correctness tests.                  |          0.00008700 |       0.00000000 |   0.00008745 |        0.00008745 |        0.00000000 |        0.00008745 |        0.00008745 
--------------------------------------------------------------------------------------------------------------------------------------------------------------------------------------------------
                | Total time for CCTK_PARAMCHECK          |          0.00023300 |       0.00000000 |   0.00023253 |        0.00023253 |        0.00000000 |        0.00023253 |        0.00023253 
==================================================================================================================================================================================================
ADMBase         | Set the shift_state variable to 1       |          0.00003800 |       0.00000000 |   0.00003775 |        0.00003775 |        0.00000000 |        0.00003775 |        0.00003775 
ADMBase         | Set the dtlapse_state variable to 0     |          0.00002700 |       0.00000000 |   0.00002703 |        0.00002703 |        0.00000000 |        0.00002703 |        0.00002703 
ADMBase         | Set the dtshift_state variable to 0     |          0.00002600 |       0.00000000 |   0.00002592 |        0.00002592 |        0.00000000 |        0.00002592 |        0.00002592 
ADMMacros       | Initialize the local_spatial_order      |          0.00002600 |       0.00000000 |   0.00002587 |        0.00002587 |        0.00000000 |        0.00002587 |        0.00002587 
CartGrid3D      | Set up ranges for spatial 3D Cartesian c|          0.00009000 |       0.00000000 |   0.00009001 |        0.00009001 |        0.00000000 |        0.00009001 |        0.00009001 
CartGrid3D      | Set up spatial 3D Cartesian coordinates |          0.00005900 |       0.00000000 |   0.00005800 |        0.00005800 |        0.00000000 |        0.00005800 |        0.00005800 
CarpetReduce    | Allocate the weight function            |          0.00005300 |       0.00000000 |   0.00005271 |        0.00005271 |        0.00000000 |        0.00005271 |        0.00005271 
CarpetReduce    | Initialise the weight function          |          0.00008500 |       0.00000000 |   0.00008500 |        0.00008500 |        0.00000000 |        0.00008500 |        0.00008500 
CarpetReduce    | Set up the outer boundaries of the weigh|          0.00009500 |       0.00000000 |   0.00009468 |        0.00009468 |        0.00000000 |        0.00009468 |        0.00009468 
CarpetReduce    | Set up the weight function for the restr|          0.00004800 |       0.00000000 |   0.00004829 |        0.00004829 |        0.00000000 |        0.00004829 |        0.00004829 
CarpetReduce    | Set the weight function                 |          0.00005100 |       0.00000000 |   0.00005093 |        0.00005093 |        0.00000000 |        0.00005093 |        0.00005093 
CarpetReduce    | Test the weight function                |          0.00007700 |       0.00000000 |   0.00007665 |        0.00007665 |        0.00000000 |        0.00007665 |        0.00007665 
GRHydro         | Initially set execution flags to 'YEAH, |          0.00005400 |       0.00000000 |   0.00005418 |        0.00005418 |        0.00000000 |        0.00005418 |        0.00005418 
GRHydro         | Schedule symmetries and check shift stat|          0.00007200 |       0.00000000 |   0.00007133 |        0.00007133 |        0.00000000 |        0.00007133 |        0.00007133 
GRHydro         | Initialise the mask function that contai|          0.00004200 |       0.00000000 |   0.00004185 |        0.00004185 |        0.00000000 |        0.00004185 |        0.00004185 
NaNChecker      | Reset the NaNChecker::NaNsFound counter |          0.00001700 |       0.00000000 |   0.00001729 |        0.00001729 |        0.00000000 |        0.00001729 |        0.00001729 
SpaceMask       | Initialise mask to zero                 |          0.00003000 |       0.00000000 |   0.00002927 |        0.00002927 |        0.00000000 |        0.00002927 |        0.00002927 
SpaceMask       | Set old style mask to one               |          0.00002700 |       0.00000000 |   0.00002660 |        0.00002660 |        0.00000000 |        0.00002660 |        0.00002660 
SymBase         | Check whether the driver set up the grid|          0.00003400 |       0.00000000 |   0.00003369 |        0.00003369 |        0.00000000 |        0.00003369 |        0.00003369 
TerminationTrigg| Clear trigger state                     |          0.00002700 |       0.00000000 |   0.00002718 |        0.00002718 |        0.00000000 |        0.00002718 |        0.00002718 
TerminationTrigg| Start timer                             |          0.00004100 |       0.00000000 |   0.00004129 |        0.00004129 |        0.00000000 |        0.00004129 |        0.00004129 
TerminationTrigg| Create termination file                 |          0.00010500 |       0.00000000 |   0.00010472 |        0.00010472 |        0.00000000 |        0.00010472 |        0.00010472 
Time            | Initialise Time variables               |          0.00002200 |       0.00000000 |   0.00002129 |        0.00002129 |        0.00000000 |        0.00002129 |        0.00002129 
Time            | Set timestep based on Courant condition |          0.00002400 |       0.00000000 |   0.00002433 |        0.00002433 |        0.00000000 |        0.00002433 |        0.00002433 
--------------------------------------------------------------------------------------------------------------------------------------------------------------------------------------------------
                | Total time for CCTK_BASEGRID            |          0.00117000 |       0.00000000 |   0.00116586 |        0.00116586 |        0.00000000 |        0.00116586 |        0.00116586 
==================================================================================================================================================================================================
StaticConformal | Set the conformal_state variable to 0   |          0.00008500 |       0.00000000 |   0.00008449 |        0.00008449 |        0.00000000 |        0.00008449 |        0.00008449 
ADMBase         | Set the metric and extrinsic curvature t|          0.00004400 |       0.00000000 |   0.00004427 |        0.00004427 |        0.00000000 |        0.00004427 |        0.00004427 
GRHydro         | Set the EOS number                      |          0.00003700 |       0.00000000 |   0.00003664 |        0.00003664 |        0.00000000 |        0.00003664 |        0.00003664 
CarpetIOASCII   | Initialisation routine                  |          0.00003000 |       0.00000000 |   0.00002710 |        0.00002710 |        0.00000000 |        0.00002710 |        0.00002710 
CarpetIOBasic   | Initialisation routine                  |          0.00002600 |       0.00000000 |   0.00002543 |        0.00002543 |        0.00000000 |        0.00002543 |        0.00002543 
CarpetIOHDF5    | Initialisation routine                  |          0.00001700 |       0.00000000 |   0.00001637 |        0.00001637 |        0.00000000 |        0.00001637 |        0.00001637 
CarpetIOScalar  | Initialisation routine                  |          0.00001600 |       0.00000000 |   0.00001591 |        0.00001591 |        0.00000000 |        0.00001591 |        0.00001591 
GRHydro         | Set up minimum for the rest-mass density|          0.00004800 |       0.00000000 |   0.00004830 |        0.00004830 |        0.00000000 |        0.00004830 |        0.00004830 
GRHydro         | Initialize the atmosphere mask          |          0.00005500 |       0.00000000 |   0.00005449 |        0.00005449 |        0.00000000 |        0.00005449 |        0.00005449 
GRHydro         | Calculate current refinement level      |          0.00009700 |       0.00003500 |   0.00009764 |        0.00009764 |        0.00000000 |        0.00009764 |        0.00009764 
ADMBase         | Set the lapse to 1 at all points        |          0.00003600 |       0.00003600 |   0.00003597 |        0.00003597 |        0.00000000 |        0.00003597 |        0.00003597 
ADMBase         | Set the shift to 0 at all points        |          0.00003100 |       0.00002900 |   0.00003052 |        0.00003052 |        0.00000000 |        0.00003052 |        0.00003052 
GRHydro         | Set divB initially to zero              |          0.00004300 |       0.00004000 |   0.00004281 |        0.00004281 |        0.00000000 |        0.00004281 |        0.00004281 
GRHydro_InitData| Shocktube initial data - MHD version    |          0.00027400 |       0.00025200 |   0.00027381 |        0.00027381 |        0.00000000 |        0.00027381 |        0.00027381 
HydroBase       | Initialize hydro excision mask to 'no ex|          0.00003400 |       0.00003100 |   0.00003386 |        0.00003386 |        0.00000000 |        0.00003386 |        0.00003386 
GRHydro         | Calculate sdetg                         |          0.00004300 |       0.00003900 |   0.00004293 |        0.00004293 |        0.00000000 |        0.00004293 |        0.00004293 
GRHydro         | Use mask to enforce atmosphere at initia|          0.00005600 |       0.00005100 |   0.00005572 |        0.00005572 |        0.00000000 |        0.00005572 |        0.00005572 
MoL             | Initialise the step size control        |          0.00001000 |       0.00000900 |   0.00000934 |        0.00000934 |        0.00000000 |        0.00000934 |        0.00000934 
GRHydro         | Convert initial data given in primive va|          0.00008800 |       0.00008100 |   0.00008777 |        0.00008777 |        0.00000000 |        0.00008777 |        0.00008777 
--------------------------------------------------------------------------------------------------------------------------------------------------------------------------------------------------
                | Total time for CCTK_INITIAL             |          0.00107000 |       0.00060300 |   0.00106336 |        0.00106336 |        0.00000000 |        0.00106336 |        0.00106336 
==================================================================================================================================================================================================
CarpetIOHDF5    | Close all filereader input files        |          0.00004100 |       0.00003700 |   0.00004035 |        0.00004035 |        0.00000000 |        0.00004035 |        0.00004035 
GRHydro         | Set up and check scalars for efficiency |          0.00005300 |       0.00004800 |   0.00005282 |        0.00005282 |        0.00000000 |        0.00005282 |        0.00005282 
ADMBase         | Select ADMBase boundary conditions - may|          0.00024800 |       0.00017000 |   0.00024727 |        0.00024727 |        0.00000000 |        0.00024727 |        0.00024727 
Boundary        | Apply all requested local physical bound|          0.00018600 |       0.00006300 |   0.00018637 |        0.00004659 |        0.00004607 |        0.00002731 |        0.00008595 
CartGrid3D      | Apply symmetry boundary conditions      |          0.00010900 |       0.00005000 |   0.00010893 |        0.00002723 |        0.00000657 |        0.00002421 |        0.00003277 
Boundary        | Unselect all grid variables for boundary|          0.00003000 |       0.00001300 |   0.00002816 |        0.00000704 |        0.00000249 |        0.00000621 |        0.00000919 
GRHydro_InitData| 2-D Diagonal shock boundary conditions  |          0.00148900 |       0.00091400 |   0.00148850 |        0.00037213 |        0.00007707 |        0.00033035 |        0.00042511 
GRHydro         | Calculate current refinement level      |          0.00005200 |       0.00000000 |   0.00005128 |        0.00005128 |        0.00000000 |        0.00005128 |        0.00005128 
GRHydro         | Set grid scalar InLastMoLPostStep if thi|          0.00001200 |       0.00000000 |   0.00001249 |        0.00001249 |        0.00000000 |        0.00001249 |        0.00001249 
GRHydro         | Select atmosphere mask for boundary cond|          0.00006700 |       0.00000000 |   0.00006716 |        0.00006716 |        0.00000000 |        0.00006716 |        0.00006716 
GRHydro         | Set integer atmosphere mask from synchro|          0.00004600 |       0.00004600 |   0.00004551 |        0.00004551 |        0.00000000 |        0.00004551 |        0.00004551 
GRHydro         | Reset the atmosphere - MHD version      |          0.00004800 |       0.00004800 |   0.00004751 |        0.00004751 |        0.00000000 |        0.00004751 |        0.00004751 
GRHydro         | Compute comoving magnetic field, pressur|          0.00007800 |       0.00007700 |   0.00007757 |        0.00007757 |        0.00000000 |        0.00007757 |        0.00007757 
GRHydro         | Select GRHydro boundary conditions      |          0.00020000 |       0.00020000 |   0.00020009 |        0.00020009 |        0.00000000 |        0.00020009 |        0.00020009 
GRHydro         | Calculate sdetg                         |          0.00005700 |       0.00005700 |   0.00005680 |        0.00005680 |        0.00000000 |        0.00005680 |        0.00005680 
GRHydro         | Convert back to primitive variables (gen|          0.00022000 |       0.00022000 |   0.00022025 |        0.00022025 |        0.00000000 |        0.00022025 |        0.00022025 
GRHydro         | Calculate divB                          |          0.00004500 |       0.00004500 |   0.00004492 |        0.00004492 |        0.00000000 |        0.00004492 |        0.00004492 
--------------------------------------------------------------------------------------------------------------------------------------------------------------------------------------------------
                | Total time for CCTK_POSTINITIAL         |          0.00298100 |       0.00198800 |   0.00297600 |        0.00161702 |        0.00013220 |        0.00155212 |        0.00171705 
==================================================================================================================================================================================================
GRHydro         | Set the value of the rest-mass density o|          0.00016100 |       0.00016100 |   0.00016068 |        0.00016068 |        0.00000000 |        0.00016068 |        0.00016068 
GRHydro         | Use mask to enforce atmosphere at initia|          0.00010600 |       0.00010600 |   0.00010594 |        0.00010594 |        0.00000000 |        0.00010594 |        0.00010594 
GRHydro         | Calculate sdetg                         |          0.00007100 |       0.00007000 |   0.00006942 |        0.00006942 |        0.00000000 |        0.00006942 |        0.00006942 
GRHydro         | Convert back to primitive variables (gen|          0.00021500 |       0.00021500 |   0.00021525 |        0.00021525 |        0.00000000 |        0.00021525 |        0.00021525 
--------------------------------------------------------------------------------------------------------------------------------------------------------------------------------------------------
                | Total time for CCTK_POSTPOSTINITIAL     |          0.00055300 |       0.00055200 |   0.00055128 |        0.00055128 |        0.00000000 |        0.00055128 |        0.00055128 
==================================================================================================================================================================================================
CarpetIOHDF5    | Initial data checkpoint routine         |          0.00004800 |       0.00000000 |   0.00004776 |        0.00004776 |        0.00000000 |        0.00004776 |        0.00004776 
--------------------------------------------------------------------------------------------------------------------------------------------------------------------------------------------------
                | Total time for CCTK_CPINITIAL           |          0.00004800 |       0.00000000 |   0.00004776 |        0.00004776 |        0.00000000 |        0.00004776 |        0.00004776 
==================================================================================================================================================================================================
ADMBase         | Copy the lapse to the current time level|          0.00028900 |       0.00020800 |   0.00028590 |        0.00002859 |        0.00001412 |        0.00002631 |        0.00004192 
ADMBase         | Copy the shift to the current time level|          0.00026600 |       0.00019000 |   0.00026516 |        0.00002652 |        0.00000604 |        0.00002546 |        0.00003214 
ADMBase         | Copy the metric and extrinsic curvature |          0.00031900 |       0.00022500 |   0.00031759 |        0.00003176 |        0.00000606 |        0.00002892 |        0.00003682 
CoordGauge      | Identify the slicing for the next iterat|          0.00029200 |       0.00021100 |   0.00029118 |        0.00002912 |        0.00002011 |        0.00002554 |        0.00004654 
GRHydro         | Reset the mask function that contains th|          0.00035700 |       0.00025400 |   0.00035825 |        0.00003582 |        0.00000600 |        0.00003475 |        0.00004122 
LoopControl     | Update LoopControl algorithm preferences|          0.00042500 |       0.00030100 |   0.00042265 |        0.00004226 |        0.00000922 |        0.00004011 |        0.00004863 
NaNChecker      | Reset the NaNChecker::NaNsFound counter |          0.00014300 |       0.00010100 |   0.00014376 |        0.00001438 |        0.00000382 |        0.00001378 |        0.00001797 
--------------------------------------------------------------------------------------------------------------------------------------------------------------------------------------------------
                | Total time for CCTK_PRESTEP             |          0.00209100 |       0.00149000 |   0.00208448 |        0.00020845 |        0.00006537 |        0.00019487 |        0.00026523 
==================================================================================================================================================================================================
MoL             | Initialise the step size control        |          0.00007500 |       0.00005800 |   0.00007562 |        0.00000756 |        0.00001060 |        0.00000634 |        0.00001761 
MoL             | Set the counter for the ODE method to lo|          0.00007600 |       0.00005500 |   0.00007560 |        0.00000756 |        0.00000386 |        0.00000690 |        0.00001120 
MoL             | Ensure the correct time and timestep are|          0.00006800 |       0.00004900 |   0.00006791 |        0.00000679 |        0.00000329 |        0.00000612 |        0.00000985 
MoL             | Allocate storage for scratch levels     |          0.00028000 |       0.00020900 |   0.00027811 |        0.00002781 |        0.00003649 |        0.00002089 |        0.00006210 
GRHydro         | Set up and check scalars for efficiency |          0.00039400 |       0.00027700 |   0.00039161 |        0.00003916 |        0.00001027 |        0.00003677 |        0.00004857 
MoL             | Allocate sufficient space for array scra|          0.00024900 |       0.00017600 |   0.00024999 |        0.00002500 |        0.00000517 |        0.00002428 |        0.00002988 
MoL             | Ensure the data is in the correct timele|          0.00070500 |       0.00052300 |   0.00070448 |        0.00007045 |        0.00006255 |        0.00005824 |        0.00012815 
MoL             | Initialise the RHS functions            |          0.00070100 |       0.00053000 |   0.00069933 |        0.00003497 |        0.00004852 |        0.00002982 |        0.00008118 
GRHydro         | Source term calculation                 |          0.00077800 |       0.00057900 |   0.00077564 |        0.00003878 |        0.00002117 |        0.00003517 |        0.00005477 
GRHydro         | Set the flux_direction variable         |          0.00033700 |       0.00022400 |   0.00033579 |        0.00001679 |        0.00001659 |        0.00001517 |        0.00003225 
GRHydro         | Calculate current refinement level      |          0.00237800 |       0.00170500 |   0.00236145 |        0.00003936 |        0.00004295 |        0.00003525 |        0.00006068 
GRHydro         | Reconstruct the functions at the cell bo|          0.00524700 |       0.00400600 |   0.00524207 |        0.00008737 |        0.00008346 |        0.00007590 |        0.00012081 
GRHydro         | Solve the local Riemann problems - MHD v|          0.00390400 |       0.00288000 |   0.00385599 |        0.00006427 |        0.00004084 |        0.00005947 |        0.00008271 
GRHydro         | Calculate the update term from the fluxe|          0.00268200 |       0.00200900 |   0.00267345 |        0.00004456 |        0.00009987 |        0.00003874 |        0.00012071 
GRHydro         | Decrement the flux_direction variable   |          0.00095800 |       0.00070300 |   0.00095564 |        0.00001593 |        0.00002349 |        0.00001494 |        0.00003216 
GRHydro         | Alter the update terms if inside the atm|          0.00077900 |       0.00054600 |   0.00077360 |        0.00003868 |        0.00001120 |        0.00003694 |        0.00004813 
MoL             | Updates calculated with the efficient Ru|          0.00068300 |       0.00047700 |   0.00067961 |        0.00003398 |        0.00001307 |        0.00003081 |        0.00004485 
MoL             | Alter the counter number                |          0.00014300 |       0.00010000 |   0.00014124 |        0.00000706 |        0.00000396 |        0.00000642 |        0.00001078 
MoL             | If necessary, change the time           |          0.00013500 |       0.00009300 |   0.00013252 |        0.00000663 |        0.00000362 |        0.00000618 |        0.00001006 
ADMBase         | Select ADMBase boundary conditions - may|          0.00224500 |       0.00157600 |   0.00224784 |        0.00011239 |        0.00008437 |        0.00009750 |        0.00017772 
Boundary        | Apply all requested local physical bound|          0.00297400 |       0.00197400 |   0.00297246 |        0.00004246 |        0.00016269 |        0.00002668 |        0.00011488 
CartGrid3D      | Apply symmetry boundary conditions      |          0.00186700 |       0.00115600 |   0.00186535 |        0.00002665 |        0.00004142 |        0.00002393 |        0.00005211 
Boundary        | Unselect all grid variables for boundary|          0.00048800 |       0.00028200 |   0.00048832 |        0.00000698 |        0.00003138 |        0.00000610 |        0.00003710 
GRHydro_InitData| 2-D Diagonal shock boundary conditions  |          0.02311400 |       0.01438500 |   0.02311573 |        0.00033022 |        0.00022359 |        0.00027963 |        0.00041487 
GRHydro         | Calculate current refinement level      |          0.00080900 |       0.00050100 |   0.00080766 |        0.00004038 |        0.00001916 |        0.00003807 |        0.00005479 
GRHydro         | Set grid scalar InLastMoLPostStep if thi|          0.00017300 |       0.00010800 |   0.00017164 |        0.00000858 |        0.00000519 |        0.00000783 |        0.00001352 
GRHydro         | Select atmosphere mask for boundary cond|          0.00098200 |       0.00059800 |   0.00098097 |        0.00004905 |        0.00000995 |        0.00004669 |        0.00005580 
GRHydro         | Set integer atmosphere mask from synchro|          0.00092800 |       0.00043100 |   0.00092934 |        0.00004647 |        0.00005640 |        0.00003903 |        0.00009455 
GRHydro         | Reset the atmosphere - MHD version      |          0.00039600 |       0.00014900 |   0.00039380 |        0.00003938 |        0.00001035 |        0.00003775 |        0.00004898 
GRHydro         | Compute comoving magnetic field, pressur|          0.00142500 |       0.00069600 |   0.00142421 |        0.00007121 |        0.00001987 |        0.00006838 |        0.00008853 
GRHydro         | Select GRHydro boundary conditions      |          0.00268300 |       0.00145200 |   0.00268251 |        0.00013413 |        0.00005909 |        0.00012007 |        0.00015810 
GRHydro         | Calculate sdetg                         |          0.00090700 |       0.00060200 |   0.00092979 |        0.00004649 |        0.00002586 |        0.00004293 |        0.00006722 
GRHydro         | Convert back to primitive variables (gen|          0.00491500 |       0.00342600 |   0.00491270 |        0.00024563 |        0.00005711 |        0.00023369 |        0.00028271 
GRHydro         | Reset InLastMoLPostStep to zero         |          0.00014500 |       0.00010100 |   0.00014296 |        0.00000715 |        0.00000664 |        0.00000645 |        0.00001202 
MoL             | If necessary, change the timestep       |          0.00013600 |       0.00009700 |   0.00013499 |        0.00000675 |        0.00000432 |        0.00000620 |        0.00001087 
MoL             | Control the step size                   |          0.00007100 |       0.00003700 |   0.00006949 |        0.00000695 |        0.00000531 |        0.00000625 |        0.00001198 
MoL             | Restoring the Save and Restore variables|          0.00050800 |       0.00036100 |   0.00050790 |        0.00005079 |        0.00003932 |        0.00003906 |        0.00007340 
MoL             | Free storage for scratch levels         |          0.00019100 |       0.00013100 |   0.00018844 |        0.00001884 |        0.00000864 |        0.00001657 |        0.00002445 
GRHydro         | Syncronise the mask function that contai|          0.00075700 |       0.00053000 |   0.00075667 |        0.00007567 |        0.00003225 |        0.00006831 |        0.00010130 
GRHydro         | Calculate divB                          |          0.00043200 |       0.00028600 |   0.00043021 |        0.00004302 |        0.00001429 |        0.00004024 |        0.00005595 
--------------------------------------------------------------------------------------------------------------------------------------------------------------------------------------------------
                | Total time for CCTK_EVOL                |          0.06671800 |       0.04407800 |   0.06662262 |        0.00202189 |        0.00145818 |        0.00179574 |        0.00295733 
==================================================================================================================================================================================================
GRHydro         | Calculate current refinement level (for |          0.00048100 |       0.00039500 |   0.00047776 |        0.00004343 |        0.00002533 |        0.00003800 |        0.00006119 
GRHydro         | Check the mask function that contains th|          0.00046800 |       0.00042500 |   0.00046802 |        0.00004255 |        0.00000631 |        0.00004019 |        0.00004644 
NaNChecker      | Prepare data structures to check for NaN|          0.00009100 |       0.00008300 |   0.00009114 |        0.00000829 |        0.00000497 |        0.00000681 |        0.00001132 
NaNChecker      | Check for NaNs                          |          0.00301200 |       0.00272200 |   0.00301230 |        0.00027385 |        0.00003136 |        0.00026495 |        0.00029884 
NaNChecker      | Count NaNs in NaNChecker::NaNsFound     |          0.00016800 |       0.00015200 |   0.00016755 |        0.00001523 |        0.00000973 |        0.00001216 |        0.00002200 
NaNChecker      | Output NaNChecker::NaNmask and take acti|          0.00026500 |       0.00024100 |   0.00026550 |        0.00002414 |        0.00000579 |        0.00002277 |        0.00002794 
SpaceMask       | Ensure that all mask values are legal   |          0.00032300 |       0.00029400 |   0.00032226 |        0.00002930 |        0.00001132 |        0.00002680 |        0.00003800 
--------------------------------------------------------------------------------------------------------------------------------------------------------------------------------------------------
                | Total time for CCTK_POSTSTEP            |          0.00480800 |       0.00431200 |   0.00480452 |        0.00043677 |        0.00009482 |        0.00041169 |        0.00050573 
==================================================================================================================================================================================================
CarpetIOHDF5    | Evolution checkpoint routine            |          0.00046700 |       0.00041900 |   0.00046474 |        0.00004647 |        0.00002437 |        0.00004032 |        0.00006784 
TimerReport     | Print the timer report                  |          0.00016000 |       0.00012100 |   0.00016122 |        0.00001612 |        0.00001718 |        0.00001356 |        0.00003191 
--------------------------------------------------------------------------------------------------------------------------------------------------------------------------------------------------
                | Total time for CCTK_CHECKPOINT          |          0.00062700 |       0.00054000 |   0.00062595 |        0.00006260 |        0.00004154 |        0.00005388 |        0.00009975 
==================================================================================================================================================================================================
CarpetLib       | Print timing statistics if desired      |          0.00017800 |       0.00012100 |   0.00017685 |        0.00001608 |        0.00001668 |        0.00001329 |        0.00002759 
CarpetLib       | Print memory statistics if desired      |          0.00053200 |       0.00011000 |   0.00053414 |        0.00004856 |        0.00036564 |        0.00001321 |        0.00039716 
LoopControl     | Output LoopControl statistics           |          0.00047400 |       0.00032900 |   0.00047142 |        0.00004286 |        0.00003599 |        0.00003570 |        0.00006620 
SystemStatistics| Collect system statistics               |          0.00143300 |       0.00096400 |   0.00143361 |        0.00013033 |        0.00005094 |        0.00011007 |        0.00016008 
TerminationTrigg| Check elapsed job walltime              |          0.00035300 |       0.00022200 |   0.00035124 |        0.00003193 |        0.00001179 |        0.00002793 |        0.00004025 
TerminationTrigg| Check if we received a termination signa|          0.00029400 |       0.00017900 |   0.00029151 |        0.00002650 |        0.00000652 |        0.00002501 |        0.00003116 
TerminationTrigg| Check termination file                  |          0.00038700 |       0.00023900 |   0.00038892 |        0.00003536 |        0.00000975 |        0.00003258 |        0.00004297 
TimerReport     | Print the timer report                  |          0.00019600 |       0.00010200 |   0.00019704 |        0.00001791 |        0.00002679 |        0.00001424 |        0.00004288 
--------------------------------------------------------------------------------------------------------------------------------------------------------------------------------------------------
                | Total time for CCTK_ANALYSIS            |          0.00384700 |       0.00226600 |   0.00384472 |        0.00034952 |        0.00052409 |        0.00027203 |        0.00080830 
==================================================================================================================================================================================================
CarpetIOHDF5    | Termination checkpoint routine          |          0.00005700 |       0.00005800 |   0.00005718 |        0.00005718 |        0.00000000 |        0.00005718 |        0.00005718 
LoopControl     | Output LoopControl statistics           |          0.00004200 |       0.00004200 |   0.00004248 |        0.00004248 |        0.00000000 |        0.00004248 |        0.00004248 
MoL             | Free the MoL bookkeeping index arrays   |          0.00003600 |       0.00003600 |   0.00003551 |        0.00003551 |        0.00000000 |        0.00003551 |        0.00003551 
TimerReport     | Print the timer report                  |          0.00000000 |       0.00000000 |   0.00000000 |        0.00000000 |        0.00000000 |        0.00000000 |        0.00000000 
--------------------------------------------------------------------------------------------------------------------------------------------------------------------------------------------------
                | Total time for CCTK_TERMINATE           |          0.00013500 |       0.00013600 |   0.00013516 |        0.00013516 |        0.00000000 |        0.00013516 |        0.00013516 
==================================================================================================================================================================================================
--------------------------------------------------------------------------------------------------------------------------------------------------------------------------------------------------
                | Total time for simulation               |          0.11166800 |       0.07423800 |   0.11166657 |        0.11166657 |        0.00000000 |        0.11166657 |        0.11166657 
==================================================================================================================================================================================================
INFO (TimerReport): Top timers at iteration 10 time 0.00353553
======================================================================
    %    Time/s   Min/s   Max/s   Timer (gettimeofday)
======================================================================
100.0   0.111111 0.110554 0.111668   CCTK total time
 91.9   0.102128 0.101933 0.102323   meta mode/meta mode/global mode
 90.0   0.100029 0.100022 0.100037   [0001] CycleClock: CycleClock_Setup in CCTK_STARTUP
 87.5   0.097194 0.097044 0.097344   meta mode/meta mode/global mode/level(0)
 84.4   0.093823 0.093818 0.093827   main/Evolve
 69.6   0.077357 0.077325 0.077389   main/Evolve/CallEvol
 63.8   0.070867 0.070826 0.070908   main/Evolve/CallEvol/CCTK_EVOL
 58.2   0.064711 0.064657 0.064764   main/Evolve/CallEvol/CCTK_EVOL/CallFunction
 54.7   0.060763 0.060763 0.060764   meta mode
 39.2   0.043582 0.043574 0.043590   main/CarpetStartup
 37.5   0.041702 0.041685 0.041719   main/CarpetStartup/CarpetLib::gh::regrid
 37.4   0.041533 0.040821 0.042245   main/Evolve/CallEvol/CCTK_EVOL/CallFunction/thorns
 37.3   0.041468 0.041465 0.041471   main/CarpetStartup/CarpetLib::gh::regrid/CarpetLib::dh::regrid
 20.7   0.023047 0.022980 0.023114   [0166] GRHydro_InitData: GRHydro_Diagshock2D_BoundaryM in CCTK_EVOL
 18.9   0.021026 0.020912 0.021139   main/Evolve/CallEvol/CCTK_EVOL/CallFunction/thorns/GRHydro_Diagshock2D_BoundaryM
 15.1   0.016810 0.016792 0.016829   meta mode/meta mode
 13.9   0.015482 0.015331 0.015633   main/Evolve/CallAnalysis
 13.1   0.014601 0.011366 0.017836   main/Evolve/CallEvol/CCTK_EVOL/CallFunction/thorns/GRHydro_Diagshock2D_BoundaryM/Sync
 12.3   0.013629 0.013532 0.013727   main/CarpetStartup/CarpetLib::gh::regrid/CarpetLib::dh::regrid/test
 12.0   0.013323 0.013310 0.013336   main/Initialise
 12.0   0.013292 0.013273 0.013310   main/CarpetStartup/CarpetLib::gh::regrid/CarpetLib::dh::regrid/buffers
  9.5   0.010545 0.010261 0.010829   meta mode/meta mode/global mode/level(0)/enter_local_mode
  5.7   0.006367 0.006365 0.006370   main/Initialise/CallInitial
  4.8   0.005387 0.004992 0.005782   main/Evolve/CallEvol/CCTK_EVOL/CallFunction/syncs
  4.8   0.005286 0.005285 0.005288   main/CarpetStartup/CarpetLib::gh::regrid/CarpetLib::dh::regrid/bcast_comm
  4.5   0.005036 0.004824 0.005247   [0154] GRHydro: Reconstruct in CCTK_EVOL
  4.5   0.005031 0.004655 0.005406   main/Evolve/CallEvol/CCTK_EVOL/CallFunction/syncs/Sync
  4.5   0.005022 0.001596 0.008448   main/Evolve/CallEvol/CCTK_EVOL/CallFunction/thorns/GRHydro_Diagshock2D_BoundaryM/Sync/comm_state[6].state_do_some_work.step
  4.5   0.005011 0.004997 0.005025   main/CarpetStartup/CarpetLib::gh::regrid/CarpetLib::dh::regrid/region
  4.4   0.004903 0.004786 0.005020   main/Evolve/CallAnalysis/OutputGH
  4.4   0.004871 0.004755 0.004988   main/Evolve/CallAnalysis/OutputGH/OutputGH
  4.3   0.004744 0.004573 0.004915   [0174] GRHydro: Con2Prim in CCTK_EVOL
  4.2   0.004678 0.004633 0.004723   meta mode/meta mode/global mode/level(0)/leave_local_mode
  4.1   0.004509 0.004493 0.004525   main/Evolve/CallAnalysis/CCTK_POSTSTEP
  3.8   0.004240 0.004219 0.004260   main/Evolve/CallAnalysis/CCTK_POSTSTEP/CallFunction
  3.8   0.004180 0.003991 0.004368   main/Evolve/CallEvol/CCTK_EVOL/CallFunction/thorns/Con2Prim
  3.4   0.003809 0.003713 0.003904   [0155] GRHydro: Riemann in CCTK_EVOL
  3.2   0.003541 0.003532 0.003549   main/Evolve/CallEvol/Poison
  3.0   0.003314 0.003095 0.003534   main/Evolve/CallEvol/CCTK_EVOL/CallFunction/thorns/Reconstruct
  2.9   0.003190 0.003133 0.003247   main/Evolve/CallAnalysis/CCTK_ANALYSIS
======================================================================
---------------------------------------------------------------------------------------------------------------------------------------------------------
Time      Time   Imblnc   Timer                                               gettimeof  getrusage      cycle  cycle[avg  cycle[sdv  cycle[min  cycle[max
percent   secs   percent                                                           secs       secs       secs       secs       secs       secs       secs
---------------------------------------------------------------------------------------------------------------------------------------------------------
 100.0%      0.1    0.0%  Evolve                                                0.09382    0.06451  2.294e+08  2.294e+08          0  2.294e+08  2.294e+08
  16.5%      0.0    1.0%  |_CallAnalysis                                        0.01563    0.01211  3.823e+07  3.823e+06  1.248e+06  3.369e+06  4.768e+06
   3.4%      0.0    1.8%  | |_CCTK_ANALYSIS                                    0.003247   0.002364  7.946e+06  7.946e+05  1.976e+05  7.232e+05  9.454e+05
   3.1%      0.0    1.8%  | | |_CallFunction                                   0.002963    0.00216   7.27e+06  9.087e+04  8.074e+05  2.825e+04  3.873e+05
   1.5%      0.0    4.1%  | | | |_thorns                                        0.00151   0.001056  3.688e+06   4.61e+04   7.88e+05       6468  3.575e+05
   1.2%      0.0    0.4%  | | | | |_SystemStatistics_Collect                   0.001101   0.000789  2.696e+06  2.696e+05  1.019e+05  2.168e+05  3.432e+05
   1.6%      0.0          | | | |_untimed
   4.8%      0.0    0.4%  | |_CCTK_POSTSTEP                                    0.004493    0.00398  1.099e+07  1.099e+06  1.573e+05  1.041e+06  1.202e+06
   4.5%      0.0    0.5%  | | |_CallFunction                                   0.004219   0.003745  1.033e+07  1.476e+05   1.79e+06  1.274e+04  7.264e+05
   3.3%      0.0    0.3%  | | | |_thorns                                       0.003092   0.002754  7.557e+06   1.08e+05  1.735e+06       7031  6.742e+05
   2.5%      0.0    4.3%  | | | | |_NaNChecker_NaNCheck_Check                  0.002483   0.002222  6.082e+06  6.082e+05  7.585e+04    5.9e+05  6.695e+05
   1.2%      0.0          | | | |_untimed
   5.2%      0.0    2.3%  | |_OutputGH                                          0.00502   0.003585  1.226e+07  1.226e+06  9.741e+05  1.067e+06   2.13e+06
   5.2%      0.0    2.3%  | | |_OutputGH                                       0.004988   0.003567   1.22e+07   1.22e+06  9.734e+05  1.063e+06  2.126e+06
   2.0%      0.0    6.8%  | | | |_IOBasic::CarpetIOBasic [5]                   0.002013   0.001398  4.925e+06  4.925e+05  3.433e+04  4.799e+05  5.165e+05
   2.0%      0.0    6.7%  | | | | |_OutputGH                                   0.001982    0.00138  4.862e+06  4.862e+05   3.39e+04  4.743e+05  5.109e+05
   2.3%      0.0          | |_untimed
  82.4%      0.1    0.0%  |_CallEvol                                            0.07739    0.05183  1.893e+08  1.893e+07  3.935e+06   1.79e+07  2.254e+07
  75.5%      0.1    0.1%  | |_CCTK_EVOL                                         0.07091    0.04709  1.734e+08  1.734e+07  3.606e+06  1.637e+07  2.064e+07
  69.0%      0.1    0.1%  | | |_CallFunction                                    0.06476     0.0428  1.584e+08  1.481e+05  6.532e+06  1.102e+04  1.011e+06
   5.7%      0.0    6.8%  | | | |_syncs                                        0.004992   0.003125   1.22e+07  1.743e+05  7.321e+05  6.902e+04  3.845e+05
   5.4%      0.0    6.9%  | | | | |_Sync                                       0.004655   0.002924  1.138e+07  1.625e+05  7.139e+05  6.162e+04  3.657e+05
   1.2%      0.0    0.0%  | | | | | |_comm_state[3].state_fill_send_buffers.   0.001149   0.000704  2.841e+06  4.058e+04  2.086e+05       8869  9.538e+04
   1.0%      0.0   25.4%  | | | | | |_comm_state[6].state_do_some_work.step    0.000622   0.000376  1.543e+06  2.205e+04  1.384e+05       5219  7.634e+04
   1.0%      0.0    0.9%  | | | | | |_comm_state[7].state_empty_recv_buffers   0.000957   0.000614  2.358e+06  3.369e+04  2.169e+05       5562   1.31e+05
  44.3%      0.0    1.7%  | | | |_thorns                                        0.04224    0.02792  1.033e+08  9.654e+04  6.174e+06       6664  9.491e+05
   1.0%      0.0    1.1%  | | | | |_Boundary_ApplyPhysicalBCs                  0.000991    0.00071  2.467e+06  3.525e+04   3.39e+05       8746  1.721e+05
   4.5%      0.0    4.3%  | | | | |_Con2Prim                                   0.004368   0.003068   1.07e+07   5.35e+05   1.18e+05  5.103e+05  6.067e+05
  22.4%      0.0    0.5%  | | | | |_GRHydro_Diagshock2D_BoundaryM               0.02114    0.01314  5.171e+07  7.387e+05  5.057e+05  6.218e+05  9.446e+05
  15.6%      0.0   18.1%  | | | | | |_Sync                                      0.01137   0.007098  2.761e+07  1.972e+05   2.94e+05  1.445e+05  3.026e+05
   3.1%      0.0    9.4%  | | | | | | |_comm_state[3].state_fill_send_buffer   0.003245   0.002119  8.098e+06  5.785e+04  1.304e+05  3.077e+04  1.147e+05
   5.4%      0.0   40.6%  | | | | | | |_comm_state[6].state_do_some_work.ste   0.001596   0.000956   3.92e+06    2.8e+04  1.034e+05  1.943e+04  7.776e+04
   2.2%      0.0   13.8%  | | | | | | |_comm_state[7].state_empty_recv_buffe   0.001703   0.001068  4.209e+06  3.006e+04  6.966e+04  2.502e+04  4.829e+04
   2.1%      0.0          | | | | | | |_untimed
   6.7%      0.0          | | | | | |_untimed
   3.5%      0.0    6.2%  | | | | |_Reconstruct                                0.003534   0.002735  8.714e+06  1.452e+05  1.629e+05  1.237e+05  2.193e+05
   2.0%      0.0    4.9%  | | | | |_Riemann                                    0.002018   0.001514  4.982e+06  8.304e+04  4.544e+04  7.737e+04   1.08e+05
   2.6%      0.0          | | | | |_untimed
  19.0%      0.0          | | | |_untimed
   6.4%      0.0          | | |_untimed
   2.4%      0.0    0.0%  | |_CCTK_PRESTEP                                     0.002224   0.001592   5.44e+06   5.44e+05  1.911e+05  5.056e+05  7.101e+05
   2.1%      0.0    0.3%  | | |_CallFunction                                   0.001959   0.001397    4.8e+06  6.857e+04   1.77e+05   2.94e+04  1.149e+05
   3.8%      0.0    0.2%  | |_Poison                                           0.003549   0.002568  8.686e+06  8.686e+05  1.193e+05  8.325e+05   9.55e+05
---------------------------------------------------------------------------------------------------------------------------------------------------------
---------------------------------------------------------------------------------------------------------------------------------------------------------
Time      Time   Imblnc   Timer                                               gettimeof  getrusage      cycle  cycle[avg  cycle[sdv  cycle[min  cycle[max
percent   secs   percent                                                           secs       secs       secs       secs       secs       secs       secs
---------------------------------------------------------------------------------------------------------------------------------------------------------
 100.0%      0.2    0.0%  meta mode                                              0.1611     0.1168  3.939e+08  6.566e+07  2.375e+08   1.13e+04  2.453e+08
  72.7%      0.1    0.0%  |_meta mode                                            0.1171    0.07954  2.864e+08  4.773e+07  2.195e+08  1.061e+04  2.453e+08
   1.1%      0.0    2.8%  | |_enter_global_mode                                 0.00173   0.001237  4.365e+06  5.898e+04  2.652e+05  3.606e+04  1.513e+05
  65.6%      0.1    1.2%  | |_global mode                                         0.107    0.07178  2.618e+08   3.49e+06  5.073e+07  4.714e+04  2.076e+07
  60.3%      0.1    0.2%  | | |_level(0)                                        0.09735    0.06548  2.381e+08  8.505e+05  5.427e+07       4067  2.068e+07
   6.5%      0.0    2.6%  | | | |_enter_local_mode                              0.01026   0.006853  2.546e+07  2.151e+04  3.494e+05       2033  1.706e+05
   1.3%      0.0    1.4%  | | | |_enter_singlemap_mode                         0.001994   0.001301  5.023e+06       4239  3.086e+04       2034  1.786e+04
   2.9%      0.0    1.0%  | | | |_leave_local_mode                             0.004633   0.003051  1.137e+07       9592  1.669e+05       2033  8.308e+04
   1.2%      0.0    3.3%  | | | |_leave_singlemap_mode                         0.001902   0.001261  4.824e+06       4068  7.229e+04       2033  5.579e+04
  48.4%      0.1          | | | |_untimed
   4.6%      0.0          | | |_untimed
   5.7%      0.0          | |_untimed
  27.3%      0.0          | untimed
---------------------------------------------------------------------------------------------------------------------------------------------------------
--------------------------------------------------------------------------------
Done.
+ echo Stopping:
Stopping:
+ date
Thu Jul  2 16:08:05 UTC 2026
+ echo Done.
Done.
  Elapsed time: 1.0 s
