/home/runner/simulations/TestJob01_temp_2/output-0000/TEST/sim/GRHydro
Preparing:
+ set -e
+ cd output-0000-active
+ echo Checking:
Checking:
+ pwd
/home/runner/simulations/TestJob01_temp_2/output-0000/TEST/sim/GRHydro/output-0000-active
+ hostname
runnervm3jyl0
+ date
Thu May 28 21:40:24 UTC 2026
+ echo Environment:
Environment:
+ export CACTUS_NUM_PROCS=2
+ CACTUS_NUM_PROCS=2
+ export CACTUS_NUM_THREADS=1
+ CACTUS_NUM_THREADS=1
+ export GMON_OUT_PREFIX=gmon.out
+ GMON_OUT_PREFIX=gmon.out
+ export OMP_NUM_THREADS=1
+ OMP_NUM_THREADS=1
+ env
+ sort
+ echo Starting:
Starting:
++ date +%s
+ export CACTUS_STARTTIME=1780004424
+ CACTUS_STARTTIME=1780004424
+ '[' 2 = 1 ']'
+ mpirun -np 2 /home/runner/simulations/TestJob01_temp_2/SIMFACTORY/exe/cactus_sim -L 3 /home/runner/simulations/TestJob01_temp_2/output-0000/arrangements/EinsteinEvolve/GRHydro/test/balsara1_1d.par
INFO (Cactus): Increased logging level from 0 to 3
--------------------------------------------------------------------------------

       10                                  
  1   0101       ************************  
  01  1010 10      The Cactus Code V4.18.0    
 1010 1101 011      www.cactuscode.org     
  1001 100101    ************************  
    00010101                               
     100011     (c) Copyright The Authors  
      0100      GNU Licensed. No Warranty  
      0101                                 
--------------------------------------------------------------------------------

Cactus version:    4.18.0
Compile date:      May 28 2026 (20:56:19)
Run date:          May 28 2026 (21:40:24+0000)
Run host:          runnervm3jyl0.iledururcenufbx5vu5xbogsih.dx.internal.cloudapp.net (pid=178427)
Working directory: /home/runner/simulations/TestJob01_temp_2/output-0000/TEST/sim/GRHydro
Executable:        /home/runner/simulations/TestJob01_temp_2/SIMFACTORY/exe/cactus_sim
Parameter file:    /home/runner/simulations/TestJob01_temp_2/output-0000/arrangements/EinsteinEvolve/GRHydro/test/balsara1_1d.par
--------------------------------------------------------------------------------

Activating thorn Cactus...Success -> active implementation Cactus
Activation requested for 
--->Boundary CartGrid3D CoordBase Fortran InitBase IOUtil LocalReduce SymBase Time AEILocalInterp LocalInterp MoL Slab SpaceMask Carpet CarpetInterp CarpetIOASCII CarpetIOHDF5 CarpetIOScalar CarpetLib CarpetIOBasic CarpetReduce CarpetSlab LoopControl NaNChecker TerminationTrigger TimerReport ADMbase ADMmacros CoordGauge StaticConformal Constants TmunuBase HydroBase EOS_Omni GRHydro GRHydro_InitData HDF5 SystemStatistics<---
Thorn Carpet requests automatic activation of MPI
Thorn Carpet requests automatic activation of Timers
Thorn CarpetLib requests automatic activation of Vectors
Thorn CarpetLib requests automatic activation of Boost
Thorn CarpetLib requests automatic activation of CycleClock
Thorn GRHydro requests automatic activation of EOS_Polytrope
Thorn HDF5 requests automatic activation of zlib
Thorn LoopControl requests automatic activation of hwloc
Thorn EOS_Polytrope requests automatic activation of EOS_Base
Activating thorn ADMbase...Success -> active implementation ADMBase
Activating thorn ADMmacros...Success -> active implementation ADMMacros
Activating thorn AEILocalInterp...Success -> active implementation AEILocalInterp
Activating thorn Boost...Success -> active implementation Boost
Activating thorn Boundary...Success -> active implementation boundary
Activating thorn Carpet...Success -> active implementation Driver
Activating thorn CarpetInterp...Success -> active implementation interp
Activating thorn CarpetIOASCII...Success -> active implementation IOASCII
Activating thorn CarpetIOBasic...Success -> active implementation IOBasic
Activating thorn CarpetIOHDF5...Success -> active implementation IOHDF5
Activating thorn CarpetIOScalar...Success -> active implementation IOScalar
Activating thorn CarpetLib...Success -> active implementation CarpetLib
Activating thorn CarpetReduce...Success -> active implementation reduce
Activating thorn CarpetSlab...Success -> active implementation Hyperslab
Activating thorn CartGrid3D...Success -> active implementation grid
Activating thorn Constants...Success -> active implementation Constants
Activating thorn CoordBase...Success -> active implementation CoordBase
Activating thorn CoordGauge...Success -> active implementation CoordGauge
Activating thorn CycleClock...Success -> active implementation CycleClock
Activating thorn EOS_Base...Success -> active implementation EOS_Base
Activating thorn EOS_Omni...Success -> active implementation EOS_Omni
Activating thorn EOS_Polytrope...Success -> active implementation EOS_2d_Polytrope
Activating thorn Fortran...Success -> active implementation Fortran
Activating thorn GRHydro...Success -> active implementation GRHydro
Activating thorn GRHydro_InitData...Success -> active implementation GRHydro_init_data
Activating thorn HDF5...Success -> active implementation HDF5
Activating thorn hwloc...Success -> active implementation hwloc
Activating thorn HydroBase...Success -> active implementation HydroBase
Activating thorn InitBase...Success -> active implementation InitBase
Activating thorn IOUtil...Success -> active implementation IO
Activating thorn LocalInterp...Success -> active implementation LocalInterp
Activating thorn LocalReduce...Success -> active implementation LocalReduce
Activating thorn LoopControl...Success -> active implementation LoopControl
Activating thorn MoL...Success -> active implementation MethodOfLines
Activating thorn MPI...Success -> active implementation MPI
Activating thorn NaNChecker...Success -> active implementation NaNChecker
Activating thorn Slab...Success -> active implementation Slab
Activating thorn SpaceMask...Success -> active implementation SpaceMask
Activating thorn StaticConformal...Success -> active implementation StaticConformal
Activating thorn SymBase...Success -> active implementation SymBase
Activating thorn SystemStatistics...Success -> active implementation SystemStatistics
Activating thorn TerminationTrigger...Success -> active implementation TerminationTrigger
Activating thorn Time...Success -> active implementation time
Activating thorn TimerReport...Success -> active implementation timerreport
Activating thorn Timers...Success -> active implementation Timers
Activating thorn TmunuBase...Success -> active implementation TmunuBase
Activating thorn Vectors...Success -> active implementation Vectors
Activating thorn zlib...Success -> active implementation zlib
--------------------------------------------------------------------------------
  if (recover initial data)
    Recover parameters
  endif

  Startup routines
    [CCTK_STARTUP]
      Carpet::MultiModel_Startup: Multi-model Startup routine
      CycleClock::CycleClock_Setup: Set up CycleClock
      LoopControl::LC_setup: Set up LoopControl
      Timers::Timer_Startup: Prepare hierarchical timers
      Carpet::Driver_Startup: Startup routine
      IOUtil::IOUtil_Startup: Startup routine
      CarpetIOScalar::CarpetIOScalarStartup: [global] Startup routine
      CarpetInterp::CarpetInterpStartup: Startup routine
      CarpetReduce::CarpetReduceStartup: Startup routine
      CartGrid3D::SymmetryStartup: Register GH Extension for GridSymmetry
      CoordBase::CoordBase_Startup: Register a GH extension to store the coordinate system handles
      AEILocalInterp::AEILocalInterp_U_Startup: register CCTK_InterpLocalUniform() interpolation operators
      EOS_Omni::EOS_Omni_Startup: [global] Set up conversion factors and other fun stuff
      EOS_Polytrope::EOS_Polytrope_Startup: Setup the polytropic EOS
      GRHydro::GRHydro_Startup: Startup banner
      GRHydro::GRHydro_RegisterMask: Register the hydro masks
      HydroBase::HydroBase_StartUp: Startup banner
      CarpetIOASCII::CarpetIOASCIIStartup: [global] Startup routine
      LocalInterp::LocalInterp_Startup: register LocalInterp's interpolation operators
      LocalReduce::LocalReduce_Startup: Startup routine
      CarpetIOBasic::CarpetIOBasicStartup: [global] Startup routine
      MoL::MoL_Startup: Startup banner
      Slab::Slab_InitMPIDatatypes: Create MPI datatypes for complex variables in C
      SymBase::SymBase_Startup: Register GH Extension for SymBase
      TerminationTrigger::TerminationTrigger_StartSignalHandler: Start signal handler
      CarpetIOHDF5::CarpetIOHDF5_Startup: Startup routine
      Vectors::Vectors_Startup: Print startup message
      GROUP hwloc_startup: hwloc startup group
        hwloc::hwloc_version: Output hwloc version

  Startup routines which need an existing grid hierarchy
    [CCTK_WRAGH]
      ADMBase::Einstein_InitSymBound: [global] Set up GF symmetries
      Boundary::Boundary_RegisterBCs: [global] Register boundary conditions that this thorn provides
      CartGrid3D::RegisterCartGrid3DCoords: [meta] Register coordinates for the Cartesian grid
      CoordGauge::Einstein_ActivateSlicing: Initialize slicing, setup priorities for mixed slicings
      CoordGauge::Einstein_SetNextSlicing: Identify the slicing for the next iteration
      GRHydro::GRHydro_ClearLastMoLPostStep: [global] Initialize InLastMoLPostStep to zero
      MoL::MoL_SetupIndexArrays: Set up the MoL bookkeeping index arrays
      MoL::MoL_SetScheduleStatus: [global] Set the flag so it is ok to register with MoL
      TmunuBase::TmunuBase_SetStressEnergyState: [global] Set the stress_energy_state variable
      GROUP MoL_Register: The group where physics thorns register variables with MoL
        GRHydro::GRHydro_Register: Register variables for MoL
      Slab::Slab_InitTimers: Initialise timers
      SpaceMask::MaskSym: [global] Set grid symmetries for mask
      SpaceMask::MaskSym_emask: [global] Set grid symmetries for emask (compatibility mode)
      GROUP SymBase_Wrapper: Wrapper group for SymBase
        GROUP SymmetryRegister: Register your symmetries here
          CartGrid3D::CartGrid3D_RegisterSymmetryBoundaries: [meta] Register symmetry boundaries
        SymBase::SymBase_Statistics: Print symmetry boundary face descriptions
      MoL::MoL_ReportNumberVariables: [meta] Report how many of each type of variable there are
  Parameter checking routines
    [CCTK_PARAMCHECK]
      ADMBase::ADMBase_ParamCheck: [global] Check consistency of parameters
      Boundary::Boundary_Check: Check dimension of grid variables
      Carpet::CarpetParamCheck: Parameter checking routine
      CarpetLib::CarpetLib_test_prolongate_3d_rf2: [global] Test prolongation operators
      CartGrid3D::ParamCheck_CartGrid3D: Check coordinates for CartGrid3D
      Fortran::CheckFortranParameters: Test whether Fortran parameters work correctly
      GRHydro::GRHydro_ParamCheck: Check parameters
      GRHydro_InitData::GRHydro_InitData_CheckParameters: Check parameters
      MoL::MoL_ParamCheck: Basic parameter checking
      TerminationTrigger::TerminationTrigger_ParamCheck: Check consitency of parameters
      TmunuBase::TmunuBase_ParamCheck: [global] Check that no deprecated parameters are used.
      Vectors::Vectors_Test: Run correctness tests.

  Initialisation
    if (NOT (recover initial data AND recovery_mode is 'strict'))
      [CCTK_PREREGRIDINITIAL]
      Set up grid hierarchy
      [CCTK_POSTREGRIDINITIAL]
        CartGrid3D::SpatialCoordinates: Set Coordinates after regridding
        GROUP MaskBase_SetupMask: Set up the weight function
          GROUP MaskBase_SetupMaskAll: Set up the weight function
            CarpetReduce::MaskBase_AllocateMask: [global] Allocate the weight function
            CarpetReduce::MaskBase_InitMask: [global] [loop-local] Initialise the weight function
            GROUP SetupIMaskInternal: Set up the integer weight function (schedule other routines in here)
              CarpetReduce::CoordBase_SetupMask: [global] [loop-local] Set up the outer boundaries of the weight function
              CarpetReduce::CarpetMaskSetup: [global] [loop-singlemap] Set up the weight function for the restriction regions
            GROUP SetupIMask: Set up the integer weight function (schedule other routines in here)
            CarpetReduce::MaskBase_SetMask: [global] [loop-local] Set the weight function
            GROUP SetupMask: Set up the real weight function (schedule other routines in here)
            CarpetReduce::MaskBase_TestMask: [global] Test the weight function
        SpaceMask::MaskZero: Initialise mask to zero
        GRHydro::GRHydro_RefinementLevel: Calculate current refinement level
        GROUP HydroBase_ExcisionMaskSetup: Set up hydro excision mask
          HydroBase::HydroBase_InitExcisionMask: Initialize hydro excision mask to 'no excision everywhere'
        GROUP MoL_PseudoEvolutionBoundaries: Apply boundary conditions to pseudo-evolved quantities
        SpaceMask::MaskOne: Set mask to one
        GRHydro::GRHydro_SetupMask: Initialize the atmosphere mask
      [CCTK_BASEGRID]
        ADMBase::ADMBase_SetShiftStateOn: Set the shift_state variable to 1
        ADMBase::ADMBase_SetDtLapseStateOff: Set the dtlapse_state variable to 0
        ADMBase::ADMBase_SetDtShiftStateOff: Set the dtshift_state variable to 0
        ADMMacros::ADMMacros_SetLocalSpatialOrder: Initialize the local_spatial_order
        CartGrid3D::SpatialSpacings: Set up ranges for spatial 3D Cartesian coordinates (on all grids)
        CartGrid3D::SpatialCoordinates: Set up spatial 3D Cartesian coordinates on the GH
        GROUP MaskBase_SetupMask: Set up the weight function
          GROUP MaskBase_SetupMaskAll: Set up the weight function
            CarpetReduce::MaskBase_AllocateMask: [global] Allocate the weight function
            CarpetReduce::MaskBase_InitMask: [global] [loop-local] Initialise the weight function
            GROUP SetupIMaskInternal: Set up the integer weight function (schedule other routines in here)
              CarpetReduce::CoordBase_SetupMask: [global] [loop-local] Set up the outer boundaries of the weight function
              CarpetReduce::CarpetMaskSetup: [global] [loop-singlemap] Set up the weight function for the restriction regions
            GROUP SetupIMask: Set up the integer weight function (schedule other routines in here)
            CarpetReduce::MaskBase_SetMask: [global] [loop-local] Set the weight function
            GROUP SetupMask: Set up the real weight function (schedule other routines in here)
            CarpetReduce::MaskBase_TestMask: [global] Test the weight function
        GRHydro::GRHydro_Reset_Execution_Flags: [global] Initially set execution flags to 'YEAH, Execute'!
        GRHydro::GRHydro_InitSymBound: Schedule symmetries and check shift state
        GRHydro::reset_GRHydro_C2P_failed: Initialise the mask function that contains the points where C2P has failed (at BASEGRID)
        NaNChecker::NaNChecker_ResetCounter: [global] Reset the NaNChecker::NaNsFound counter
        SpaceMask::MaskZero: Initialise mask to zero
        SpaceMask::MaskOne: Set old style mask to one
        SymBase::SymBase_Check: Check whether the driver set up the grid consistently
        TerminationTrigger::TerminationTrigger_ResetTrigger: Clear trigger state
        TerminationTrigger::TerminationTrigger_StartTimer: Start timer
        TerminationTrigger::TerminationTrigger_CreateFile: Create termination file
        Time::Time_Initialise: [global] Initialise Time variables
        Time::TemporalSpacings: [singlemap] Set timestep based on Courant condition (courant_static)
      [CCTK_INITIAL]
        StaticConformal::StaticConformal_InitialiseState: Set the conformal_state variable to 0
        GROUP ADMBase_InitialData: Schedule group for calculating ADM initial data
          ADMBase::ADMBase_CartesianMinkowski: Set the metric and extrinsic curvature to cartesian minkowski values
        GRHydro::GRHydro_EOSHandle: [global] Set the EOS number
        CarpetIOASCII::CarpetIOASCIIInit: [global] Initialisation routine
        CarpetIOBasic::CarpetIOBasicInit: [global] Initialisation routine
        CarpetIOHDF5::CarpetIOHDF5_Init: [global] Initialisation routine
        CarpetIOScalar::CarpetIOScalarInit: [global] Initialisation routine
        GRHydro::GRHydro_Rho_Minima_Setup: Set up minimum for the rest-mass density in the atmosphere (before intial data)
        GRHydro::GRHydro_SetupMask: Initialize the atmosphere mask
        GRHydro::GRHydro_RefinementLevel: Calculate current refinement level
        GROUP ADMBase_InitialGauge: Schedule group for the ADM initial gauge condition
          ADMBase::ADMBase_LapseOne: Set the lapse to 1 at all points
          ADMBase::ADMBase_ShiftZero: Set the shift to 0 at all points
        GROUP HydroBase_Initial: HydroBase initial data group
          GROUP GRHydro_Initial: GRHydro initial data group
          GRHydro::GRHydro_DivBInit: Set divB initially to zero
          GRHydro_InitData::GRHydro_shocktubeM: Shocktube initial data - MHD version
          GROUP HydroBase_ExcisionMaskSetup: Set up hydro excision mask
            HydroBase::HydroBase_InitExcisionMask: Initialize hydro excision mask to 'no excision everywhere'
        GROUP ADMBase_PostInitial: Schedule group for modifying the ADM initial data, such as e.g. adding noise
        GRHydro::GRHydro_SqrtSpatialDeterminant: Calculate sdetg
        GRHydro::GRHydro_InitialAtmosphereReset: Use mask to enforce atmosphere at initial time
        MoL::MoL_StartLoop: [level] Initialise the step size control
        GROUP HydroBase_Prim2ConInitial: Recover the conservative variables from the primitive variables
          GRHydro::Primitive2ConservativeCellsM: Convert initial data given in primive variables to conserved variables - MHD version
      [CCTK_POSTINITIAL]
        CarpetIOHDF5::CarpetIOHDF5_CloseFiles: [global] Close all filereader input files
        GRHydro::GRHydro_Scalar_Setup: Set up and check scalars for efficiency
        GROUP MoL_PostStepModify: The group for physics thorns to schedule enforcing constraints
        GROUP MoL_PostStep: Ensure that everything is correct after the initial data have been set up
          ADMBase::ADMBase_Boundaries: [level] Select ADMBase boundary conditions - may be required for mesh refinement
          GROUP ADMBase_ApplyBCs: Apply the boundary conditions of ADMBase
            GROUP BoundaryConditions: Execute all boundary conditions
              Boundary::Boundary_ApplyPhysicalBCs: Apply all requested local physical boundary conditions
              CartGrid3D::CartGrid3D_ApplyBC: Apply symmetry boundary conditions
            Boundary::Boundary_ClearSelection: [level] Unselect all grid variables for boundary conditions
          GROUP ADMBase_SetADMVars: Set the ADM variables before this group, and use them afterwards
          GRHydro::GRHydro_RefinementLevel: Calculate current refinement level
          GRHydro::GRHydro_SetLastMoLPostStep: [level] Set grid scalar InLastMoLPostStep if this is the last MoL PostStep call
          GROUP HydroBase_PostStep: Post step tasks for hydro thorns
            GROUP GRHydro_PostStep: Post step tasks for GRHydro
            GROUP GRHydro_AtmosphereMaskBoundaries: Apply boundary conditions to primitives
              GRHydro::GRHydro_SelectAtmosphereMaskBoundaries: [level] Select atmosphere mask for boundary conditions
              GROUP GRHydro_ApplyAtmosphereMaskBCs: Apply boundary conditions to real-valued atmosphere mask
                GROUP BoundaryConditions: Execute all boundary conditions
                  Boundary::Boundary_ApplyPhysicalBCs: Apply all requested local physical boundary conditions
                  CartGrid3D::CartGrid3D_ApplyBC: Apply symmetry boundary conditions
                Boundary::Boundary_ClearSelection: [level] Unselect all grid variables for boundary conditions
            GRHydro::GRHydroPostSyncAtmosphereMask: Set integer atmosphere mask from synchronized real atmosphere mask
            if (GRHydro::InLastMoLPostStep)
              GRHydro::GRHydro_AtmosphereResetM: Reset the atmosphere - MHD version
            GRHydro::GRHydro_CalcBcom: Compute comoving magnetic field, pressure, etc...
            GROUP HydroBase_Boundaries: HydroBase-internal Boundary conditions group
              GROUP Do_GRHydro_Boundaries: GRHydro Boundary conditions group
              GROUP HydroBase_Select_Boundaries: Group to schedule the boundary condition functions
                if (GRHydro::execute_MoL_PostStep)
                  GRHydro::GRHydro_Bound: [level] Select GRHydro boundary conditions
              GROUP HydroBase_ApplyBCs: Apply the boundary conditions of HydroBase
                GROUP BoundaryConditions: Execute all boundary conditions
                  Boundary::Boundary_ApplyPhysicalBCs: Apply all requested local physical boundary conditions
                  CartGrid3D::CartGrid3D_ApplyBC: Apply symmetry boundary conditions
                Boundary::Boundary_ClearSelection: [level] Unselect all grid variables for boundary conditions
            GROUP HydroBase_Con2Prim: Convert from conservative to primitive variables
              if (GRHydro::execute_MoL_Step)
                GRHydro::GRHydro_SqrtSpatialDeterminant: Calculate sdetg
              if (GRHydro::execute_MoL_PostStep)
                GRHydro::Con2Prim: Convert back to primitive variables (general) - MHD version
        GROUP MoL_PseudoEvolution: Calculate pseudo-evolved quantities
          GROUP ADMBase_SetADMVars: Set the ADM variables before this group, and use them afterwards
          GROUP GRHydroAnalysis: Calculate analysis quantities
            GRHydro::GRHydro_CalcDivB: Calculate divB
            GROUP GRHydro_ApplyDivBBCs: Apply boundary conditions to divB
              GROUP BoundaryConditions: Execute all boundary conditions
                Boundary::Boundary_ApplyPhysicalBCs: Apply all requested local physical boundary conditions
                CartGrid3D::CartGrid3D_ApplyBC: Apply symmetry boundary conditions
              Boundary::Boundary_ClearSelection: [level] Unselect all grid variables for boundary conditions
      Initialise finer grids recursively
      Restrict from finer grids
      [CCTK_POSTRESTRICTINITIAL]
        GROUP MoL_PostStep: Ensure that everything is correct after restriction
          ADMBase::ADMBase_Boundaries: [level] Select ADMBase boundary conditions - may be required for mesh refinement
          GROUP ADMBase_ApplyBCs: Apply the boundary conditions of ADMBase
            GROUP BoundaryConditions: Execute all boundary conditions
              Boundary::Boundary_ApplyPhysicalBCs: Apply all requested local physical boundary conditions
              CartGrid3D::CartGrid3D_ApplyBC: Apply symmetry boundary conditions
            Boundary::Boundary_ClearSelection: [level] Unselect all grid variables for boundary conditions
          GROUP ADMBase_SetADMVars: Set the ADM variables before this group, and use them afterwards
          GRHydro::GRHydro_RefinementLevel: Calculate current refinement level
          GRHydro::GRHydro_SetLastMoLPostStep: [level] Set grid scalar InLastMoLPostStep if this is the last MoL PostStep call
          GROUP HydroBase_PostStep: Post step tasks for hydro thorns
            GROUP GRHydro_PostStep: Post step tasks for GRHydro
            GROUP GRHydro_AtmosphereMaskBoundaries: Apply boundary conditions to primitives
              GRHydro::GRHydro_SelectAtmosphereMaskBoundaries: [level] Select atmosphere mask for boundary conditions
              GROUP GRHydro_ApplyAtmosphereMaskBCs: Apply boundary conditions to real-valued atmosphere mask
                GROUP BoundaryConditions: Execute all boundary conditions
                  Boundary::Boundary_ApplyPhysicalBCs: Apply all requested local physical boundary conditions
                  CartGrid3D::CartGrid3D_ApplyBC: Apply symmetry boundary conditions
                Boundary::Boundary_ClearSelection: [level] Unselect all grid variables for boundary conditions
            GRHydro::GRHydroPostSyncAtmosphereMask: Set integer atmosphere mask from synchronized real atmosphere mask
            if (GRHydro::InLastMoLPostStep)
              GRHydro::GRHydro_AtmosphereResetM: Reset the atmosphere - MHD version
            GRHydro::GRHydro_CalcBcom: Compute comoving magnetic field, pressure, etc...
            GROUP HydroBase_Boundaries: HydroBase-internal Boundary conditions group
              GROUP Do_GRHydro_Boundaries: GRHydro Boundary conditions group
              GROUP HydroBase_Select_Boundaries: Group to schedule the boundary condition functions
                if (GRHydro::execute_MoL_PostStep)
                  GRHydro::GRHydro_Bound: [level] Select GRHydro boundary conditions
              GROUP HydroBase_ApplyBCs: Apply the boundary conditions of HydroBase
                GROUP BoundaryConditions: Execute all boundary conditions
                  Boundary::Boundary_ApplyPhysicalBCs: Apply all requested local physical boundary conditions
                  CartGrid3D::CartGrid3D_ApplyBC: Apply symmetry boundary conditions
                Boundary::Boundary_ClearSelection: [level] Unselect all grid variables for boundary conditions
            GROUP HydroBase_Con2Prim: Convert from conservative to primitive variables
              if (GRHydro::execute_MoL_Step)
                GRHydro::GRHydro_SqrtSpatialDeterminant: Calculate sdetg
              if (GRHydro::execute_MoL_PostStep)
                GRHydro::Con2Prim: Convert back to primitive variables (general) - MHD version
        GROUP MoL_PseudoEvolutionBoundaries: Apply boundary conditions to pseudo-evolved quantities
      [CCTK_POSTPOSTINITIAL]
        GRHydro::GRHydro_Rho_Minima_Setup_Final: Set the value of the rest-mass density of the atmosphere which will be used during the evolution
        GRHydro::GRHydro_InitialAtmosphereResetM: Use mask to enforce atmosphere at initial time
        GROUP Con2Prim: Convert from conservative to primitive variables (might be redundant)
          if (GRHydro::execute_MoL_Step)
            GRHydro::GRHydro_SqrtSpatialDeterminant: Calculate sdetg
          if (GRHydro::execute_MoL_PostStep)
            GRHydro::Con2Prim: Convert back to primitive variables (general) - MHD version
        GROUP SetTmunu: Calculate the stress-energy tensor
        GROUP ADMConstraintsGroup: Evaluate ADM constraints, and perform symmetry boundary conditions
      [CCTK_POSTSTEP]
        GRHydro::GRHydro_RefinementLevel: Calculate current refinement level (for the check of the C2P mask)
        GRHydro::check_GRHydro_C2P_failed: Check the mask function that contains the points where C2P has failed and report an error in case a failure is found
        GROUP HydroBase_ExcisionHasBeenSet: Group to schedule thorns changing the mask before and thorns using the mask after
        GROUP zzz_NaNChecker_NaNCheck: Check for NaNs and count them in NaNChecker::NaNsFound
          NaNChecker::NaNChecker_NaNCheck_Prepare: [level] Prepare data structures to check for NaNs
          NaNChecker::NaNChecker_NaNCheck_Check: [local] Check for NaNs
          NaNChecker::NaNChecker_NaNCheck_Finish: [level] Count NaNs in NaNChecker::NaNsFound
        NaNChecker::NaNChecker_TakeAction: [global] [loop-level] Output NaNChecker::NaNmask and take action according to NaNChecker::action_if_found
        SpaceMask::CheckMask: Ensure that all mask values are legal
    endif
    if (recover initial data)
      [CCTK_BASEGRID]
        ADMBase::ADMBase_SetShiftStateOn: Set the shift_state variable to 1
        ADMBase::ADMBase_SetDtLapseStateOff: Set the dtlapse_state variable to 0
        ADMBase::ADMBase_SetDtShiftStateOff: Set the dtshift_state variable to 0
        ADMMacros::ADMMacros_SetLocalSpatialOrder: Initialize the local_spatial_order
        CartGrid3D::SpatialSpacings: Set up ranges for spatial 3D Cartesian coordinates (on all grids)
        CartGrid3D::SpatialCoordinates: Set up spatial 3D Cartesian coordinates on the GH
        GROUP MaskBase_SetupMask: Set up the weight function
          GROUP MaskBase_SetupMaskAll: Set up the weight function
            CarpetReduce::MaskBase_AllocateMask: [global] Allocate the weight function
            CarpetReduce::MaskBase_InitMask: [global] [loop-local] Initialise the weight function
            GROUP SetupIMaskInternal: Set up the integer weight function (schedule other routines in here)
              CarpetReduce::CoordBase_SetupMask: [global] [loop-local] Set up the outer boundaries of the weight function
              CarpetReduce::CarpetMaskSetup: [global] [loop-singlemap] Set up the weight function for the restriction regions
            GROUP SetupIMask: Set up the integer weight function (schedule other routines in here)
            CarpetReduce::MaskBase_SetMask: [global] [loop-local] Set the weight function
            GROUP SetupMask: Set up the real weight function (schedule other routines in here)
            CarpetReduce::MaskBase_TestMask: [global] Test the weight function
        GRHydro::GRHydro_Reset_Execution_Flags: [global] Initially set execution flags to 'YEAH, Execute'!
        GRHydro::GRHydro_InitSymBound: Schedule symmetries and check shift state
        GRHydro::reset_GRHydro_C2P_failed: Initialise the mask function that contains the points where C2P has failed (at BASEGRID)
        NaNChecker::NaNChecker_ResetCounter: [global] Reset the NaNChecker::NaNsFound counter
        SpaceMask::MaskZero: Initialise mask to zero
        SpaceMask::MaskOne: Set old style mask to one
        SymBase::SymBase_Check: Check whether the driver set up the grid consistently
        TerminationTrigger::TerminationTrigger_ResetTrigger: Clear trigger state
        TerminationTrigger::TerminationTrigger_StartTimer: Start timer
        TerminationTrigger::TerminationTrigger_CreateFile: Create termination file
        Time::Time_Initialise: [global] Initialise Time variables
        Time::TemporalSpacings: [singlemap] Set timestep based on Courant condition (courant_static)
      [CCTK_RECOVER_VARIABLES]
      [CCTK_POST_RECOVER_VARIABLES]
        CarpetIOHDF5::CarpetIOHDF5_InitCheckpointingIntervals: [global] Initialisation of checkpointing intervals after recovery
        GROUP MaskBase_SetupMask: Set up the weight function
          GROUP MaskBase_SetupMaskAll: Set up the weight function
            CarpetReduce::MaskBase_AllocateMask: [global] Allocate the weight function
            CarpetReduce::MaskBase_InitMask: [global] [loop-local] Initialise the weight function
            GROUP SetupIMaskInternal: Set up the integer weight function (schedule other routines in here)
              CarpetReduce::CoordBase_SetupMask: [global] [loop-local] Set up the outer boundaries of the weight function
              CarpetReduce::CarpetMaskSetup: [global] [loop-singlemap] Set up the weight function for the restriction regions
            GROUP SetupIMask: Set up the integer weight function (schedule other routines in here)
            CarpetReduce::MaskBase_SetMask: [global] [loop-local] Set the weight function
            GROUP SetupMask: Set up the real weight function (schedule other routines in here)
            CarpetReduce::MaskBase_TestMask: [global] Test the weight function
        GRHydro::GRHydro_EOSHandle: [global] Set the EOS number
        GRHydro::GRHydroCopyIntegerMask: Initialize the real valued atmosphere mask after checkpoint recovery
        GRHydro::GRHydro_SqrtSpatialDeterminant: Calculate sdetg
        GROUP HydroBase_ExcisionMaskSetup: Set up hydro excision mask
          HydroBase::HydroBase_InitExcisionMask: Initialize hydro excision mask to 'no excision everywhere'
        GROUP MoL_PostStep: Ensure that everything is correct after recovery
          ADMBase::ADMBase_Boundaries: [level] Select ADMBase boundary conditions - may be required for mesh refinement
          GROUP ADMBase_ApplyBCs: Apply the boundary conditions of ADMBase
            GROUP BoundaryConditions: Execute all boundary conditions
              Boundary::Boundary_ApplyPhysicalBCs: Apply all requested local physical boundary conditions
              CartGrid3D::CartGrid3D_ApplyBC: Apply symmetry boundary conditions
            Boundary::Boundary_ClearSelection: [level] Unselect all grid variables for boundary conditions
          GROUP ADMBase_SetADMVars: Set the ADM variables before this group, and use them afterwards
          GRHydro::GRHydro_RefinementLevel: Calculate current refinement level
          GRHydro::GRHydro_SetLastMoLPostStep: [level] Set grid scalar InLastMoLPostStep if this is the last MoL PostStep call
          GROUP HydroBase_PostStep: Post step tasks for hydro thorns
            GROUP GRHydro_PostStep: Post step tasks for GRHydro
            GROUP GRHydro_AtmosphereMaskBoundaries: Apply boundary conditions to primitives
              GRHydro::GRHydro_SelectAtmosphereMaskBoundaries: [level] Select atmosphere mask for boundary conditions
              GROUP GRHydro_ApplyAtmosphereMaskBCs: Apply boundary conditions to real-valued atmosphere mask
                GROUP BoundaryConditions: Execute all boundary conditions
                  Boundary::Boundary_ApplyPhysicalBCs: Apply all requested local physical boundary conditions
                  CartGrid3D::CartGrid3D_ApplyBC: Apply symmetry boundary conditions
                Boundary::Boundary_ClearSelection: [level] Unselect all grid variables for boundary conditions
            GRHydro::GRHydroPostSyncAtmosphereMask: Set integer atmosphere mask from synchronized real atmosphere mask
            if (GRHydro::InLastMoLPostStep)
              GRHydro::GRHydro_AtmosphereResetM: Reset the atmosphere - MHD version
            GRHydro::GRHydro_CalcBcom: Compute comoving magnetic field, pressure, etc...
            GROUP HydroBase_Boundaries: HydroBase-internal Boundary conditions group
              GROUP Do_GRHydro_Boundaries: GRHydro Boundary conditions group
              GROUP HydroBase_Select_Boundaries: Group to schedule the boundary condition functions
                if (GRHydro::execute_MoL_PostStep)
                  GRHydro::GRHydro_Bound: [level] Select GRHydro boundary conditions
              GROUP HydroBase_ApplyBCs: Apply the boundary conditions of HydroBase
                GROUP BoundaryConditions: Execute all boundary conditions
                  Boundary::Boundary_ApplyPhysicalBCs: Apply all requested local physical boundary conditions
                  CartGrid3D::CartGrid3D_ApplyBC: Apply symmetry boundary conditions
                Boundary::Boundary_ClearSelection: [level] Unselect all grid variables for boundary conditions
            GROUP HydroBase_Con2Prim: Convert from conservative to primitive variables
              if (GRHydro::execute_MoL_Step)
                GRHydro::GRHydro_SqrtSpatialDeterminant: Calculate sdetg
              if (GRHydro::execute_MoL_PostStep)
                GRHydro::Con2Prim: Convert back to primitive variables (general) - MHD version
        GROUP zzz_NaNChecker_NaNCheck: Check for NaNs and count them in NaNChecker::NaNsFound
          NaNChecker::NaNChecker_NaNCheck_Prepare: [level] Prepare data structures to check for NaNs
          NaNChecker::NaNChecker_NaNCheck_Check: [local] Check for NaNs
          NaNChecker::NaNChecker_NaNCheck_Finish: [level] Count NaNs in NaNChecker::NaNsFound
        NaNChecker::NaNChecker_TakeAction: [global] [loop-level] Output NaNChecker::NaNmask and take action according to NaNChecker::action_if_found
        TerminationTrigger::TerminationTrigger_ResetMinutes: [global] Reset Watchtime
    endif
    if (checkpoint initial data)
      [CCTK_CPINITIAL]
        CarpetIOHDF5::CarpetIOHDF5_InitialDataCheckpoint: [meta] Initial data checkpoint routine
    endif
    if (analysis)
      [CCTK_ANALYSIS]
        CarpetLib::CarpetLib_printtimestats: [global] Print timing statistics if desired
        CarpetLib::CarpetLib_printmemstats: [global] Print memory statistics if desired
        LoopControl::LC_statistics_analysis: [meta] Output LoopControl statistics
        SystemStatistics::SystemStatistics_Collect: [global] Collect system statistics
        TerminationTrigger::TerminationTrigger_CheckWalltime: Check elapsed job walltime
        TerminationTrigger::TerminationTrigger_CheckSignal: Check if we received a termination signal
        TerminationTrigger::TerminationTrigger_CheckFile: Check termination file
        TimerReport::zzz_TimerReport_Output: [global] Print the timer report
  endif
  Output grid variables

  do loop over timesteps
    [CCTK_PREREGRID]
    Change grid hierarchy
    [CCTK_POSTREGRID]
      CartGrid3D::SpatialCoordinates: Set Coordinates after regridding
      GROUP MaskBase_SetupMask: Set up the weight function
        GROUP MaskBase_SetupMaskAll: Set up the weight function
          CarpetReduce::MaskBase_AllocateMask: [global] Allocate the weight function
          CarpetReduce::MaskBase_InitMask: [global] [loop-local] Initialise the weight function
          GROUP SetupIMaskInternal: Set up the integer weight function (schedule other routines in here)
            CarpetReduce::CoordBase_SetupMask: [global] [loop-local] Set up the outer boundaries of the weight function
            CarpetReduce::CarpetMaskSetup: [global] [loop-singlemap] Set up the weight function for the restriction regions
          GROUP SetupIMask: Set up the integer weight function (schedule other routines in here)
          CarpetReduce::MaskBase_SetMask: [global] [loop-local] Set the weight function
          GROUP SetupMask: Set up the real weight function (schedule other routines in here)
          CarpetReduce::MaskBase_TestMask: [global] Test the weight function
      SpaceMask::MaskZero: Initialise mask to zero
      GROUP HydroBase_ExcisionMaskSetup: Set up hydro excision mask
        HydroBase::HydroBase_InitExcisionMask: Initialize hydro excision mask to 'no excision everywhere'
      SpaceMask::MaskOne: Set mask to one
      GRHydro::GRHydro_SetupMask: Initialize the atmosphere mask
      GROUP MoL_PostStep: Ensure that everything is correct after regridding
        ADMBase::ADMBase_Boundaries: [level] Select ADMBase boundary conditions - may be required for mesh refinement
        GROUP ADMBase_ApplyBCs: Apply the boundary conditions of ADMBase
          GROUP BoundaryConditions: Execute all boundary conditions
            Boundary::Boundary_ApplyPhysicalBCs: Apply all requested local physical boundary conditions
            CartGrid3D::CartGrid3D_ApplyBC: Apply symmetry boundary conditions
          Boundary::Boundary_ClearSelection: [level] Unselect all grid variables for boundary conditions
        GROUP ADMBase_SetADMVars: Set the ADM variables before this group, and use them afterwards
        GRHydro::GRHydro_RefinementLevel: Calculate current refinement level
        GRHydro::GRHydro_SetLastMoLPostStep: [level] Set grid scalar InLastMoLPostStep if this is the last MoL PostStep call
        GROUP HydroBase_PostStep: Post step tasks for hydro thorns
          GROUP GRHydro_PostStep: Post step tasks for GRHydro
          GROUP GRHydro_AtmosphereMaskBoundaries: Apply boundary conditions to primitives
            GRHydro::GRHydro_SelectAtmosphereMaskBoundaries: [level] Select atmosphere mask for boundary conditions
            GROUP GRHydro_ApplyAtmosphereMaskBCs: Apply boundary conditions to real-valued atmosphere mask
              GROUP BoundaryConditions: Execute all boundary conditions
                Boundary::Boundary_ApplyPhysicalBCs: Apply all requested local physical boundary conditions
                CartGrid3D::CartGrid3D_ApplyBC: Apply symmetry boundary conditions
              Boundary::Boundary_ClearSelection: [level] Unselect all grid variables for boundary conditions
          GRHydro::GRHydroPostSyncAtmosphereMask: Set integer atmosphere mask from synchronized real atmosphere mask
          if (GRHydro::InLastMoLPostStep)
            GRHydro::GRHydro_AtmosphereResetM: Reset the atmosphere - MHD version
          GRHydro::GRHydro_CalcBcom: Compute comoving magnetic field, pressure, etc...
          GROUP HydroBase_Boundaries: HydroBase-internal Boundary conditions group
            GROUP Do_GRHydro_Boundaries: GRHydro Boundary conditions group
            GROUP HydroBase_Select_Boundaries: Group to schedule the boundary condition functions
              if (GRHydro::execute_MoL_PostStep)
                GRHydro::GRHydro_Bound: [level] Select GRHydro boundary conditions
            GROUP HydroBase_ApplyBCs: Apply the boundary conditions of HydroBase
              GROUP BoundaryConditions: Execute all boundary conditions
                Boundary::Boundary_ApplyPhysicalBCs: Apply all requested local physical boundary conditions
                CartGrid3D::CartGrid3D_ApplyBC: Apply symmetry boundary conditions
              Boundary::Boundary_ClearSelection: [level] Unselect all grid variables for boundary conditions
          GROUP HydroBase_Con2Prim: Convert from conservative to primitive variables
            if (GRHydro::execute_MoL_Step)
              GRHydro::GRHydro_SqrtSpatialDeterminant: Calculate sdetg
            if (GRHydro::execute_MoL_PostStep)
              GRHydro::Con2Prim: Convert back to primitive variables (general) - MHD version
      GROUP MoL_PseudoEvolutionBoundaries: Apply boundary conditions to pseudo-evolved quantities
    Rotate timelevels
    iteration = iteration+1
    t = t+dt
    [CCTK_PRESTEP]
      ADMBase::ADMBase_LapseStatic: Copy the lapse to the current time level
      ADMBase::ADMBase_ShiftStatic: Copy the shift to the current time level
      ADMBase::ADMBase_Static: Copy the metric and extrinsic curvature to the current time level
      CoordGauge::Einstein_SetNextSlicing: Identify the slicing for the next iteration
      GRHydro::reset_GRHydro_C2P_failed: Reset the mask function that contains the points where C2P has failed (at PRESTEP)
      LoopControl::LC_steer: [meta] Update LoopControl algorithm preferences
      NaNChecker::NaNChecker_ResetCounter: [global] Reset the NaNChecker::NaNsFound counter
    [CCTK_EVOL]
      MoL::MoL_StartLoop: [level] Initialise the step size control
      while (MoL::MoL_Stepsize_Bad)
        GROUP MoL_Evolution: A single Cactus evolution step using MoL
          GROUP MoL_StartStep: MoL internal setup for the evolution step
            MoL::MoL_SetCounter: [level] Set the counter for the ODE method to loop over
            MoL::MoL_SetTime: [level] Ensure the correct time and timestep are used
            MoL::MoL_AllocateScratchSpace: [level] Allocate storage for scratch levels
          GROUP MoL_PreStep: Physics thorns can schedule preloop setup routines in here
            GRHydro::GRHydro_Scalar_Setup: Set up and check scalars for efficiency
          MoL::MoL_AllocateScratch: Allocate sufficient space for array scratch variables
          MoL::MoL_InitialCopy: Ensure the data is in the correct timelevel
          while (MoL::MoL_Intermediate_Step)
            GROUP MoL_Step: The loop over the intermediate steps for the ODE integrator
              MoL::MoL_InitRHS: Initialise the RHS functions
              GROUP MoL_CalcRHS: Physics thorns schedule the calculation of the discrete spatial operator in here
                GROUP HydroBase_RHS: Groups for scheduling tasks for calculating RHS of hydro variables
                  if (GRHydro::execute_MoL_Step)
                    GROUP GRHydroRHS: Calculate the update terms
                      GRHydro::SourceTerms: Source term calculation
                      GRHydro::GRHydroStartLoop: [level] Set the flux_direction variable
                      while (GRHydro::flux_direction)
                        GROUP FluxTerms: Calculation of intercell fluxes
                          GRHydro::GRHydro_RefinementLevel: Calculate current refinement level
                          GRHydro::Reconstruct: Reconstruct the functions at the cell boundaries
                          GRHydro::Riemann: Solve the local Riemann problems - MHD version
                          GRHydro::UpdateCalcul: Calculate the update term from the fluxes
                          GRHydro::GRHydroAdvanceLoop: [level] Decrement the flux_direction variable
                      end while
                      GRHydro::GRHydroUpdateAtmosphereMask: Alter the update terms if inside the atmosphere region
              GROUP MoL_PostRHS: Modify RHS functions
              GROUP MoL_RHSBoundaries: Any 'final' modifications to the RHS functions (boundaries etc.)
              MoL::MoL_Add: Updates calculated with the efficient Runge-Kutta 2 method
              MoL::MoL_DecrementCounter: [level] Alter the counter number
              MoL::MoL_ResetTime: [level] If necessary, change the time
              GROUP MoL_PostStepModify: The group for physics thorns to schedule enforcing constraints
              GROUP MoL_PostStep: The group for physics thorns to schedule boundary calls etc.
                ADMBase::ADMBase_Boundaries: [level] Select ADMBase boundary conditions - may be required for mesh refinement
                GROUP ADMBase_ApplyBCs: Apply the boundary conditions of ADMBase
                  GROUP BoundaryConditions: Execute all boundary conditions
                    Boundary::Boundary_ApplyPhysicalBCs: Apply all requested local physical boundary conditions
                    CartGrid3D::CartGrid3D_ApplyBC: Apply symmetry boundary conditions
                  Boundary::Boundary_ClearSelection: [level] Unselect all grid variables for boundary conditions
                GROUP ADMBase_SetADMVars: Set the ADM variables before this group, and use them afterwards
                GRHydro::GRHydro_RefinementLevel: Calculate current refinement level
                GRHydro::GRHydro_SetLastMoLPostStep: [level] Set grid scalar InLastMoLPostStep if this is the last MoL PostStep call
                GROUP HydroBase_PostStep: Post step tasks for hydro thorns
                  GROUP GRHydro_PostStep: Post step tasks for GRHydro
                  GROUP GRHydro_AtmosphereMaskBoundaries: Apply boundary conditions to primitives
                    GRHydro::GRHydro_SelectAtmosphereMaskBoundaries: [level] Select atmosphere mask for boundary conditions
                    GROUP GRHydro_ApplyAtmosphereMaskBCs: Apply boundary conditions to real-valued atmosphere mask
                      GROUP BoundaryConditions: Execute all boundary conditions
                        Boundary::Boundary_ApplyPhysicalBCs: Apply all requested local physical boundary conditions
                        CartGrid3D::CartGrid3D_ApplyBC: Apply symmetry boundary conditions
                      Boundary::Boundary_ClearSelection: [level] Unselect all grid variables for boundary conditions
                  GRHydro::GRHydroPostSyncAtmosphereMask: Set integer atmosphere mask from synchronized real atmosphere mask
                  if (GRHydro::InLastMoLPostStep)
                    GRHydro::GRHydro_AtmosphereResetM: Reset the atmosphere - MHD version
                  GRHydro::GRHydro_CalcBcom: Compute comoving magnetic field, pressure, etc...
                  GROUP HydroBase_Boundaries: HydroBase-internal Boundary conditions group
                    GROUP Do_GRHydro_Boundaries: GRHydro Boundary conditions group
                    GROUP HydroBase_Select_Boundaries: Group to schedule the boundary condition functions
                      if (GRHydro::execute_MoL_PostStep)
                        GRHydro::GRHydro_Bound: [level] Select GRHydro boundary conditions
                    GROUP HydroBase_ApplyBCs: Apply the boundary conditions of HydroBase
                      GROUP BoundaryConditions: Execute all boundary conditions
                        Boundary::Boundary_ApplyPhysicalBCs: Apply all requested local physical boundary conditions
                        CartGrid3D::CartGrid3D_ApplyBC: Apply symmetry boundary conditions
                      Boundary::Boundary_ClearSelection: [level] Unselect all grid variables for boundary conditions
                  GROUP HydroBase_Con2Prim: Convert from conservative to primitive variables
                    if (GRHydro::execute_MoL_Step)
                      GRHydro::GRHydro_SqrtSpatialDeterminant: Calculate sdetg
                    if (GRHydro::execute_MoL_PostStep)
                      GRHydro::Con2Prim: Convert back to primitive variables (general) - MHD version
              GRHydro::GRHydro_ClearLastMoLPostStep: [level] Reset InLastMoLPostStep to zero
              MoL::MoL_ResetDeltaTime: [level] If necessary, change the timestep
          end while
          MoL::MoL_FinishLoop: [level] Control the step size
          MoL::MoL_RestoreSandR: Restoring the Save and Restore variables to the original state
          MoL::MoL_FreeScratchSpace: [level] Free storage for scratch levels
      end while
      GRHydro::sync_GRHydro_C2P_failed: Syncronise the mask function that contains the points where C2P has failed
      GROUP MoL_PseudoEvolution: Calculate pseudo-evolved quantities
        GROUP ADMBase_SetADMVars: Set the ADM variables before this group, and use them afterwards
        GROUP GRHydroAnalysis: Calculate analysis quantities
          GRHydro::GRHydro_CalcDivB: Calculate divB
          GROUP GRHydro_ApplyDivBBCs: Apply boundary conditions to divB
            GROUP BoundaryConditions: Execute all boundary conditions
              Boundary::Boundary_ApplyPhysicalBCs: Apply all requested local physical boundary conditions
              CartGrid3D::CartGrid3D_ApplyBC: Apply symmetry boundary conditions
            Boundary::Boundary_ClearSelection: [level] Unselect all grid variables for boundary conditions
    Evolve finer grids recursively
    Restrict from finer grids
    [CCTK_POSTRESTRICT]
      GROUP MoL_PostStep: Ensure that everything is correct after restriction
        ADMBase::ADMBase_Boundaries: [level] Select ADMBase boundary conditions - may be required for mesh refinement
        GROUP ADMBase_ApplyBCs: Apply the boundary conditions of ADMBase
          GROUP BoundaryConditions: Execute all boundary conditions
            Boundary::Boundary_ApplyPhysicalBCs: Apply all requested local physical boundary conditions
            CartGrid3D::CartGrid3D_ApplyBC: Apply symmetry boundary conditions
          Boundary::Boundary_ClearSelection: [level] Unselect all grid variables for boundary conditions
        GROUP ADMBase_SetADMVars: Set the ADM variables before this group, and use them afterwards
        GRHydro::GRHydro_RefinementLevel: Calculate current refinement level
        GRHydro::GRHydro_SetLastMoLPostStep: [level] Set grid scalar InLastMoLPostStep if this is the last MoL PostStep call
        GROUP HydroBase_PostStep: Post step tasks for hydro thorns
          GROUP GRHydro_PostStep: Post step tasks for GRHydro
          GROUP GRHydro_AtmosphereMaskBoundaries: Apply boundary conditions to primitives
            GRHydro::GRHydro_SelectAtmosphereMaskBoundaries: [level] Select atmosphere mask for boundary conditions
            GROUP GRHydro_ApplyAtmosphereMaskBCs: Apply boundary conditions to real-valued atmosphere mask
              GROUP BoundaryConditions: Execute all boundary conditions
                Boundary::Boundary_ApplyPhysicalBCs: Apply all requested local physical boundary conditions
                CartGrid3D::CartGrid3D_ApplyBC: Apply symmetry boundary conditions
              Boundary::Boundary_ClearSelection: [level] Unselect all grid variables for boundary conditions
          GRHydro::GRHydroPostSyncAtmosphereMask: Set integer atmosphere mask from synchronized real atmosphere mask
          if (GRHydro::InLastMoLPostStep)
            GRHydro::GRHydro_AtmosphereResetM: Reset the atmosphere - MHD version
          GRHydro::GRHydro_CalcBcom: Compute comoving magnetic field, pressure, etc...
          GROUP HydroBase_Boundaries: HydroBase-internal Boundary conditions group
            GROUP Do_GRHydro_Boundaries: GRHydro Boundary conditions group
            GROUP HydroBase_Select_Boundaries: Group to schedule the boundary condition functions
              if (GRHydro::execute_MoL_PostStep)
                GRHydro::GRHydro_Bound: [level] Select GRHydro boundary conditions
            GROUP HydroBase_ApplyBCs: Apply the boundary conditions of HydroBase
              GROUP BoundaryConditions: Execute all boundary conditions
                Boundary::Boundary_ApplyPhysicalBCs: Apply all requested local physical boundary conditions
                CartGrid3D::CartGrid3D_ApplyBC: Apply symmetry boundary conditions
              Boundary::Boundary_ClearSelection: [level] Unselect all grid variables for boundary conditions
          GROUP HydroBase_Con2Prim: Convert from conservative to primitive variables
            if (GRHydro::execute_MoL_Step)
              GRHydro::GRHydro_SqrtSpatialDeterminant: Calculate sdetg
            if (GRHydro::execute_MoL_PostStep)
              GRHydro::Con2Prim: Convert back to primitive variables (general) - MHD version
      GROUP MoL_PseudoEvolutionBoundaries: Apply boundary conditions to pseudo-evolved quantities
    [CCTK_POSTSTEP]
      GRHydro::GRHydro_RefinementLevel: Calculate current refinement level (for the check of the C2P mask)
      GRHydro::check_GRHydro_C2P_failed: Check the mask function that contains the points where C2P has failed and report an error in case a failure is found
      GROUP HydroBase_ExcisionHasBeenSet: Group to schedule thorns changing the mask before and thorns using the mask after
      GROUP zzz_NaNChecker_NaNCheck: Check for NaNs and count them in NaNChecker::NaNsFound
        NaNChecker::NaNChecker_NaNCheck_Prepare: [level] Prepare data structures to check for NaNs
        NaNChecker::NaNChecker_NaNCheck_Check: [local] Check for NaNs
        NaNChecker::NaNChecker_NaNCheck_Finish: [level] Count NaNs in NaNChecker::NaNsFound
      NaNChecker::NaNChecker_TakeAction: [global] [loop-level] Output NaNChecker::NaNmask and take action according to NaNChecker::action_if_found
      SpaceMask::CheckMask: Ensure that all mask values are legal
    if (checkpoint)
      [CCTK_CHECKPOINT]
      CarpetIOHDF5::CarpetIOHDF5_EvolutionCheckpoint: [meta] Evolution checkpoint routine
      TimerReport::zzz_TimerReport_Checkpoint: [global] Print the timer report
    endif
    if (analysis)
      [CCTK_ANALYSIS]
      CarpetLib::CarpetLib_printtimestats: [global] Print timing statistics if desired
      CarpetLib::CarpetLib_printmemstats: [global] Print memory statistics if desired
      LoopControl::LC_statistics_analysis: [meta] Output LoopControl statistics
      SystemStatistics::SystemStatistics_Collect: [global] Collect system statistics
      TerminationTrigger::TerminationTrigger_CheckWalltime: Check elapsed job walltime
      TerminationTrigger::TerminationTrigger_CheckSignal: Check if we received a termination signal
      TerminationTrigger::TerminationTrigger_CheckFile: Check termination file
      TimerReport::zzz_TimerReport_Output: [global] Print the timer report
    endif
    Output grid variables
    enddo

  Termination routines
    [CCTK_TERMINATE]
      CarpetIOHDF5::CarpetIOHDF5_TerminationCheckpoint: [meta] Termination checkpoint routine
      LoopControl::LC_statistics_terminate: [meta] Output LoopControl statistics
      MoL::MoL_FreeIndexArrays: Free the MoL bookkeeping index arrays
      TimerReport::zzz_TimerReport_Output: [global] Print the timer report

  Shutdown routines
    [CCTK_SHUTDOWN]
      Timers::Timer_Shutdown: Prepare hierarchical timers

  Routines run after changing the grid hierarchy:
    [CCTK_POSTREGRID]
      CartGrid3D::SpatialCoordinates: Set Coordinates after regridding
      GROUP MaskBase_SetupMask: Set up the weight function
        GROUP MaskBase_SetupMaskAll: Set up the weight function
          CarpetReduce::MaskBase_AllocateMask: [global] Allocate the weight function
          CarpetReduce::MaskBase_InitMask: [global] [loop-local] Initialise the weight function
          GROUP SetupIMaskInternal: Set up the integer weight function (schedule other routines in here)
            CarpetReduce::CoordBase_SetupMask: [global] [loop-local] Set up the outer boundaries of the weight function
            CarpetReduce::CarpetMaskSetup: [global] [loop-singlemap] Set up the weight function for the restriction regions
          GROUP SetupIMask: Set up the integer weight function (schedule other routines in here)
          CarpetReduce::MaskBase_SetMask: [global] [loop-local] Set the weight function
          GROUP SetupMask: Set up the real weight function (schedule other routines in here)
          CarpetReduce::MaskBase_TestMask: [global] Test the weight function
      SpaceMask::MaskZero: Initialise mask to zero
      GROUP HydroBase_ExcisionMaskSetup: Set up hydro excision mask
        HydroBase::HydroBase_InitExcisionMask: Initialize hydro excision mask to 'no excision everywhere'
      SpaceMask::MaskOne: Set mask to one
      GRHydro::GRHydro_SetupMask: Initialize the atmosphere mask
      GROUP MoL_PostStep: Ensure that everything is correct after regridding
        ADMBase::ADMBase_Boundaries: [level] Select ADMBase boundary conditions - may be required for mesh refinement
        GROUP ADMBase_ApplyBCs: Apply the boundary conditions of ADMBase
          GROUP BoundaryConditions: Execute all boundary conditions
            Boundary::Boundary_ApplyPhysicalBCs: Apply all requested local physical boundary conditions
            CartGrid3D::CartGrid3D_ApplyBC: Apply symmetry boundary conditions
          Boundary::Boundary_ClearSelection: [level] Unselect all grid variables for boundary conditions
        GROUP ADMBase_SetADMVars: Set the ADM variables before this group, and use them afterwards
        GRHydro::GRHydro_RefinementLevel: Calculate current refinement level
        GRHydro::GRHydro_SetLastMoLPostStep: [level] Set grid scalar InLastMoLPostStep if this is the last MoL PostStep call
        GROUP HydroBase_PostStep: Post step tasks for hydro thorns
          GROUP GRHydro_PostStep: Post step tasks for GRHydro
          GROUP GRHydro_AtmosphereMaskBoundaries: Apply boundary conditions to primitives
            GRHydro::GRHydro_SelectAtmosphereMaskBoundaries: [level] Select atmosphere mask for boundary conditions
            GROUP GRHydro_ApplyAtmosphereMaskBCs: Apply boundary conditions to real-valued atmosphere mask
              GROUP BoundaryConditions: Execute all boundary conditions
                Boundary::Boundary_ApplyPhysicalBCs: Apply all requested local physical boundary conditions
                CartGrid3D::CartGrid3D_ApplyBC: Apply symmetry boundary conditions
              Boundary::Boundary_ClearSelection: [level] Unselect all grid variables for boundary conditions
          GRHydro::GRHydroPostSyncAtmosphereMask: Set integer atmosphere mask from synchronized real atmosphere mask
          if (GRHydro::InLastMoLPostStep)
            GRHydro::GRHydro_AtmosphereResetM: Reset the atmosphere - MHD version
          GRHydro::GRHydro_CalcBcom: Compute comoving magnetic field, pressure, etc...
          GROUP HydroBase_Boundaries: HydroBase-internal Boundary conditions group
            GROUP Do_GRHydro_Boundaries: GRHydro Boundary conditions group
            GROUP HydroBase_Select_Boundaries: Group to schedule the boundary condition functions
              if (GRHydro::execute_MoL_PostStep)
                GRHydro::GRHydro_Bound: [level] Select GRHydro boundary conditions
            GROUP HydroBase_ApplyBCs: Apply the boundary conditions of HydroBase
              GROUP BoundaryConditions: Execute all boundary conditions
                Boundary::Boundary_ApplyPhysicalBCs: Apply all requested local physical boundary conditions
                CartGrid3D::CartGrid3D_ApplyBC: Apply symmetry boundary conditions
              Boundary::Boundary_ClearSelection: [level] Unselect all grid variables for boundary conditions
          GROUP HydroBase_Con2Prim: Convert from conservative to primitive variables
            if (GRHydro::execute_MoL_Step)
              GRHydro::GRHydro_SqrtSpatialDeterminant: Calculate sdetg
            if (GRHydro::execute_MoL_PostStep)
              GRHydro::Con2Prim: Convert back to primitive variables (general) - MHD version
      GROUP MoL_PseudoEvolutionBoundaries: Apply boundary conditions to pseudo-evolved quantities
--------------------------------------------------------------------------------
INFO (Carpet): Multi-Model listing:
   model 0: "world"
INFO (Carpet): Multi-Model process distribution:
   processes 0-1: model 0 "world"
INFO (Carpet): Multi-Model: This is process 0, model 0 "world"
INFO (CarpetLib): Process startup time was 0.974 seconds
Current core file size limit: hard=[unlimited], soft=0 MB
Current addres space size limit: hard=[unlimited], soft=[unlimited]
Current data segment size limit: hard=[unlimited], soft=[unlimited]
Current resident set size limit: hard=[unlimited], soft=[unlimited]
INFO (CycleClock): Measuring CycleClock tick via OpenMP...
INFO (CycleClock): Calibrated CycleClock: 0.408918 ns per clock tick (2.44548 GHz)
INFO (Vectors): Using vector size 2 for architecture SSE2 (64-bit precision)
INFO (hwloc): library version 2.10.0, API version 0x20800
--------------------------------------------------------------------------------
AMR driver provided by Carpet
--------------------------------------------------------------------------------
AMR scalar I/O provided by CarpetIOScalar
--------------------------------------------------------------------------------
GRHydro: relativistic hydrodynamics, no ice.
--------------------------------------------------------------------------------
HydroBase: Let it flow.
--------------------------------------------------------------------------------
AMR 0D ASCII I/O provided by CarpetIOASCII
--------------------------------------------------------------------------------
AMR 1D ASCII I/O provided by CarpetIOASCII
--------------------------------------------------------------------------------
AMR 2D ASCII I/O provided by CarpetIOASCII
--------------------------------------------------------------------------------
AMR 3D ASCII I/O provided by CarpetIOASCII
--------------------------------------------------------------------------------
AMR info I/O provided by CarpetIOBasic
--------------------------------------------------------------------------------
MoL: Generalized time integration.
--------------------------------------------------------------------------------
AMR HDF5 I/O provided by CarpetIOHDF5
--------------------------------------------------------------------------------
AMR 0D HDF5 I/O provided by CarpetIOHDF5
--------------------------------------------------------------------------------
AMR 1D HDF5 I/O provided by CarpetIOHDF5
--------------------------------------------------------------------------------
AMR 2D HDF5 I/O provided by CarpetIOHDF5
--------------------------------------------------------------------------------
AMR 3D HDF5 I/O provided by CarpetIOHDF5
--------------------------------------------------------------------------------

INFO (Carpet): MPI is enabled
INFO (Carpet): Carpet is running on 2 processes
INFO (Carpet): This is process 0
INFO (Carpet): OpenMP is enabled
INFO (Carpet): This process contains 1 threads, this is thread 0
INFO (Carpet): There are 2 threads in total
INFO (Carpet): There are 1 threads per process
INFO (Carpet): This process runs on host runnervm3jyl0, pid=178427
INFO (Carpet): This process runs on 2 cores: 0-1
INFO (Carpet): Thread 0 runs on 2 cores: 0-1
INFO (Carpet): This simulation is running in 3 dimensions
INFO (Carpet): Boundary specification for map 0:
   nboundaryzones: [[1,1,1],[1,1,1]]
   is_internal   : [[0,0,0],[0,0,0]]
   is_staggered  : [[0,0,0],[0,0,0]]
   shiftout      : [[0,0,0],[0,0,0]]
INFO (Carpet): CoordBase domain specification for map 0:
   physical extent: [-0.5,-0.0025,-0.0025] : [0.5,0.0025,0.0025]   ([1,0.005,0.005])
   interior extent: [-0.45,-0.001875,-0.001875] : [0.45,0.001875,0.001875]   ([0.9,0.00375,0.00375])
   exterior extent: [-0.5,-0.0025,-0.0025] : [0.5,0.0025,0.0025]   ([1,0.005,0.005])
   base_spacing   : [0.05,0.000625,0.000625]
INFO (Carpet): Adapted domain specification for map 0:
   convergence factor: 2
   convergence level : 0
   physical extent   : [-0.5,-0.0025,-0.0025] : [0.5,0.0025,0.0025]   ([1,0.005,0.005])
   interior extent   : [-0.45,-0.001875,-0.001875] : [0.45,0.001875,0.001875]   ([0.9,0.00375,0.00375])
   exterior extent   : [-0.5,-0.0025,-0.0025] : [0.5,0.0025,0.0025]   ([1,0.005,0.005])
   spacing           : [0.05,0.000625,0.000625]
INFO (Carpet): Base grid specification for map 0:
   number of grid points             : [21,9,9]
   number of coarse grid ghost points: [[3,3,3],[3,3,3]]
INFO (Carpet): Buffer zone counts (excluding ghosts):
   [0]: [[0,0,0],[0,0,0]]
INFO (Carpet): Overlap zone counts:
   [0]: [[0,0,0],[0,0,0]]
INFO (Carpet): Group and variable statistics:
INFO (Carpet):    There are 607 grid functions in 108 groups
INFO (Carpet):    There are 131 grid scalars in 56 groups
INFO (Carpet):    There are 60 1-dimensional grid arrays in 10 groups
INFO (Carpet):    There are 1 2-dimensional grid arrays in 1 groups
INFO (Carpet):    There are 0 3-dimensional grid arrays in 0 groups
INFO (Carpet):    (The number of variables counts all time levels)
INFO (CarpetIOASCII): I/O Method 'IOASCII_0D' registered: 0D AMR output of grid variables to ASCII files
INFO (CarpetIOASCII): Periodic 0D AMR output requested for:
   CARPET::physical_time_per_hour
   CARPET::current_physical_time_per_hour
   CARPET::time_total
   CARPET::time_evolution
   CARPET::time_computing
   CARPET::time_communicating
   CARPET::time_io
   CARPET::evolution_steps_count
   CARPET::local_grid_points_per_second
   CARPET::total_grid_points_per_second
   CARPET::local_grid_point_updates_count
   CARPET::total_grid_point_updates_count
   CARPET::local_interior_points_per_second
   CARPET::total_interior_points_per_second
   CARPET::local_interior_point_updates_count
   CARPET::total_interior_point_updates_count
   CARPET::io_per_second
   CARPET::io_bytes_per_second
   CARPET::io_bytes_ascii_per_second
   CARPET::io_bytes_binary_per_second
   CARPET::io_count
   CARPET::io_bytes_count
   CARPET::io_bytes_ascii_count
   CARPET::io_bytes_binary_count
   CARPET::comm_per_second
   CARPET::comm_bytes_per_second
   CARPET::comm_count
   CARPET::comm_bytes_count
   CARPET::time_levels
   CARPET::current_walltime
   CARPET::syncs_count
INFO (CarpetIOASCII): I/O Method 'IOASCII_1D' registered: 1D AMR output of grid variables to ASCII files
INFO (CarpetIOASCII): Periodic 1D AMR output requested for:
   GRHYDRO::divB
   HYDROBASE::rho
   HYDROBASE::press
   HYDROBASE::eps
   HYDROBASE::vel[0]
   HYDROBASE::vel[1]
   HYDROBASE::vel[2]
   HYDROBASE::w_lorentz
   HYDROBASE::Bvec[0]
   HYDROBASE::Bvec[1]
   HYDROBASE::Bvec[2]
INFO (CarpetIOASCII): I/O Method 'IOASCII_2D' registered: 2D AMR output of grid variables to ASCII files
INFO (CarpetIOASCII): I/O Method 'IOASCII_3D' registered: 3D AMR output of grid variables to ASCII files
INFO (CarpetIOHDF5): I/O Method 'IOHDF5' registered: AMR output of grid variables to HDF5 files
INFO (CarpetIOHDF5): I/O Method 'IOHDF5_0D' registered: 0D AMR output of grid variables to HDF5 files
INFO (CarpetIOHDF5): I/O Method 'IOHDF5_1D' registered: 1D AMR output of grid variables to HDF5 files
INFO (CarpetIOHDF5): I/O Method 'IOHDF5_2D' registered: 2D AMR output of grid variables to HDF5 files
INFO (CarpetIOHDF5): Periodic 2D AMR output requested for:
   GRHYDRO::dens
   GRHYDRO::tau
   GRHYDRO::scon[0]
   GRHYDRO::scon[1]
   GRHYDRO::scon[2]
   GRHYDRO::Bcons[0]
   GRHYDRO::Bcons[1]
   GRHYDRO::Bcons[2]
   GRHYDRO::psidc
   GRHYDRO::divB
   GRHYDRO::bcom[0]
   GRHYDRO::bcom[1]
   GRHYDRO::bcom[2]
   GRHYDRO::bcom0
   GRHYDRO::bcom_sq
   HYDROBASE::rho
   HYDROBASE::press
   HYDROBASE::eps
   HYDROBASE::vel[0]
   HYDROBASE::vel[1]
   HYDROBASE::vel[2]
   HYDROBASE::w_lorentz
   HYDROBASE::Bvec[0]
   HYDROBASE::Bvec[1]
   HYDROBASE::Bvec[2]
INFO (CarpetIOHDF5): I/O Method 'IOHDF5_3D' registered: 3D AMR output of grid variables to HDF5 files
INFO (CarpetIOHDF5): Periodic 3D AMR output requested for:
   GRHYDRO::divB
   GRHYDRO::bcom[0]
   GRHYDRO::bcom[1]
   GRHYDRO::bcom[2]
   GRHYDRO::bcom0
   GRHYDRO::bcom_sq
   HYDROBASE::rho
   HYDROBASE::press
   HYDROBASE::eps
   HYDROBASE::vel[0]
   HYDROBASE::vel[1]
   HYDROBASE::vel[2]
   HYDROBASE::w_lorentz
   HYDROBASE::Bvec[0]
   HYDROBASE::Bvec[1]
   HYDROBASE::Bvec[2]
INFO (MoL): Using Runge-Kutta 2 as the time integrator.
INFO (MoL): The maximum number of evolved variables is 439. 8 are registered.
INFO (MoL): The maximum number of slow evolved variables is 439. 0 are registered.
INFO (MoL): The maximum number of constrained variables is 439. 10 are registered.
INFO (MoL): The maximum number of SandR variables is 439. 16 are registered.
INFO (MoL): The maximum number of evolved array variables is 439. 0 are registered.
INFO (MoL): The maximum number of constrained array variables is 439. 0 are registered.
INFO (MoL): The maximum number of SandR array variables is 439. 0 are registered.
INFO (MoL): The maximum size of any array variables is 0.
INFO (Vectors): Testing vectorisation... [errors may result in segfaults]
INFO (Vectors): 375/375 tests passed 
INFO (CartGrid3D): Grid Spacings:
INFO (CartGrid3D): dx=>5.0000000e-02  dy=>6.2500000e-04  dz=>6.2500000e-04
INFO (CartGrid3D): Computational Coordinates:
INFO (CartGrid3D): x=>[-0.500, 0.500]  y=>[-0.003, 0.003]  z=>[-0.003, 0.003]
INFO (CartGrid3D): Indices of Physical Coordinates:
INFO (CartGrid3D): x=>[0,20]  y=>[0,8]  z=>[0,8]
INFO (TerminationTrigger): Reminding you every 60 minutes about remaining walltime
INFO (Time): Timestep set to 0.0005 (courant_static)
INFO (GRHydro): Trying to get EOS handles
INFO (GRHydro): Trying to get EOS handles
INFO (GRHydro): GRHydro will use the Ideal_Fluid equation of state.
INFO (GRHydro): Setting up the atmosphere mask: all points are not_atmosphere
      GRHydro_InitialAtmosphereReset
Memory statistics from CarpetLib:
   Current number of objects: 206
   Current allocated memory:  0.919 MB
   Maximum number of objects: 208
   Maximum allocated memory:  0.932 MB
   Current administrative memory: 0.756 MB
   Total allocated used system memory: 13.5 MB
   Total allocated free system memory: 0.314 MB
   gh::allmemory:    51184
   dh::allmemory:    598608
   th::allmemory:    13920
   ggf::allmemory:   78024
   gdata::allmemory: 14048
-------------------------------------------------------------------------------------------
Iteration      Time | *me_per_hour | *RO::bcom_sq | *ROBASE::rho | *BASE::press | *axrss_mb
                    |              |      maximum |      maximum |      maximum |   maximum
-------------------------------------------------------------------------------------------
        0     0.000 |    0.0000000 |    1.2500000 |    1.0000000 |    1.0000000 |        64
---------------------------------------------------------------------------------------------------------------------------------------------------------
Time      Time   Imblnc   Timer                                               gettimeof  getrusage      cycle  cycle[avg  cycle[sdv  cycle[min  cycle[max
percent   secs   percent                                                           secs       secs       secs       secs       secs       secs       secs
---------------------------------------------------------------------------------------------------------------------------------------------------------
 100.0%      0.0    0.0%  Initialise                                            0.01169   0.009926  2.859e+07  2.859e+07          0  2.859e+07  2.859e+07
  19.9%      0.0    2.5%  |_CallAnalysis                                       0.002385   0.002385  5.832e+06  5.832e+06          0  5.832e+06  5.832e+06
   5.5%      0.0    3.9%  | |_CCTK_ANALYSIS                                    0.000669   0.000668  1.635e+06  1.635e+06          0  1.635e+06  1.635e+06
   5.0%      0.0    5.1%  | | |_CallFunction                                   0.000616   0.000616  1.505e+06  1.881e+05  6.738e+05  4.057e+04  7.943e+05
   3.5%      0.0    7.3%  | | | |_thorns                                       0.000445   0.000445  1.088e+06   1.36e+05  6.596e+05   1.36e+04  7.244e+05
   2.1%      0.0   17.5%  | | | | |_CarpetLib_printmemstats                    0.000291   0.000291  7.118e+05  7.118e+05          0  7.118e+05  7.118e+05
   1.0%      0.0   17.4%  | | | | |_SystemStatistics_Collect                      9e-05      9e-05   2.21e+05   2.21e+05          0   2.21e+05   2.21e+05
   1.5%      0.0          | | | |_untimed
  12.9%      0.0    2.1%  | |_OutputGH                                         0.001546    0.00154  3.766e+06  3.766e+06          0  3.766e+06  3.766e+06
  12.9%      0.0    2.0%  | | |_OutputGH                                       0.001535   0.001535  3.754e+06  3.754e+06          0  3.754e+06  3.754e+06
   8.6%      0.0    1.8%  | | | |_IOASCII::IOASCII_1D [2]                      0.000991   0.000991  2.424e+06  2.424e+06          0  2.424e+06  2.424e+06
   8.5%      0.0    1.7%  | | | | |_OutputGH<1>                                0.000981   0.000981  2.401e+06  2.401e+06          0  2.401e+06  2.401e+06
   2.2%      0.0   13.2%  | | | |_IOBasic::CarpetIOBasic [5]                   0.000299   0.000298    7.3e+05    7.3e+05          0    7.3e+05    7.3e+05
   2.2%      0.0   13.3%  | | | | |_OutputGH                                   0.000293   0.000293  7.167e+05  7.167e+05          0  7.167e+05  7.167e+05
  41.3%      0.0    0.4%  |_CallInitial                                        0.004845    0.00481  1.185e+07  1.185e+07          0  1.185e+07  1.185e+07
  10.2%      0.0    4.4%  | |_CCTK_BASEGRID                                    0.001249   0.001249  3.054e+06  3.054e+06          0  3.054e+06  3.054e+06
   9.0%      0.0    5.0%  | | |_CallFunction                                    0.00111   0.001108  2.716e+06  1.132e+05  3.308e+05  3.805e+04   2.68e+05
   4.5%      0.0   10.5%  | | | |_thorns                                       0.000586   0.000588  1.437e+06  5.987e+04  2.956e+05  1.203e+04  2.428e+05
   4.5%      0.0          | | | |_untimed
   1.2%      0.0          | | |_untimed
   9.2%      0.0    1.8%  | |_CCTK_INITIAL                                       0.0011     0.0011  2.689e+06  2.689e+06          0  2.689e+06  2.689e+06
   8.2%      0.0    1.2%  | | |_CallFunction                                   0.000976   0.000975  2.392e+06  1.259e+05   5.62e+05  1.842e+04  6.271e+05
   4.8%      0.0    0.5%  | | | |_thorns                                       0.000565   0.000568  1.381e+06  7.267e+04  5.371e+05  1.237e+04  5.696e+05
   1.9%      0.0    1.1%  | | | | |_GRHydro_shocktubeM                         0.000224   0.000225  5.502e+05  5.502e+05          0  5.502e+05  5.502e+05
   3.4%      0.0          | | | |_untimed
  14.7%      0.0    2.8%  | |_CCTK_POSTINITIAL                                 0.001671   0.001671  4.086e+06  4.086e+06          0  4.086e+06  4.086e+06
  13.5%      0.0    3.1%  | | |_CallFunction                                    0.00153   0.001532  3.739e+06  1.496e+05  8.484e+05  1.161e+04  7.143e+05
   3.6%      0.0   13.5%  | | | |_syncs                                        0.000357   0.000358  8.745e+05  2.915e+05  2.724e+05  8.156e+04  4.601e+05
   3.4%      0.0   14.0%  | | | | |_Sync                                       0.000337   0.000339  8.248e+05  2.749e+05  2.629e+05  7.142e+04  4.358e+05
   0.8%      0.0   40.8%  | | | | | |_comm_state[6].state_do_some_work.step       3e-05      3e-05  7.313e+04  2.438e+04  2.271e+04       7228  3.905e+04
   6.4%      0.0    1.4%  | | | |_thorns                                       0.000764   0.000766  1.872e+06  7.488e+04  6.759e+05       6909  6.573e+05
   1.6%      0.0    2.3%  | | | | |_Boundary_ApplyPhysicalBCs                  0.000195   0.000195  4.761e+05   1.19e+05  2.378e+05  2.521e+04  3.163e+05
   2.1%      0.0    5.3%  | | | | |_Con2Prim                                   0.000263   0.000263  6.446e+05  6.446e+05          0  6.446e+05  6.446e+05
   3.5%      0.0          | | | |_untimed
   1.2%      0.0          | | |_untimed
   5.6%      0.0    1.1%  | |_Poison                                            0.00065   0.000625   1.59e+06   1.59e+06          0   1.59e+06   1.59e+06
  10.2%      0.0    1.3%  |_CallPostInitial                                    0.001175   0.001174  2.872e+06  2.872e+06          0  2.872e+06  2.872e+06
   4.9%      0.0    1.0%  | |_CCTK_POSTPOSTINITIAL                             0.000565   0.000565  1.381e+06  1.381e+06          0  1.381e+06  1.381e+06
   4.5%      0.0    1.5%  | | |_CallFunction                                   0.000517   0.000516  1.265e+06  3.161e+05   3.74e+05  1.552e+05  6.346e+05
   3.6%      0.0    2.0%  | | | |_thorns                                       0.000411   0.000411  1.006e+06  2.514e+05  3.834e+05  8.345e+04   5.77e+05
   1.9%      0.0    3.3%  | | | | |_Con2Prim                                    0.00023   0.000231   5.64e+05   5.64e+05          0   5.64e+05   5.64e+05
   4.9%      0.0    1.9%  | |_CCTK_POSTSTEP                                    0.000563   0.000563  1.378e+06  1.378e+06          0  1.378e+06  1.378e+06
   4.4%      0.0    3.9%  | | |_CallFunction                                   0.000494   0.000495  1.208e+06  1.725e+05  6.528e+05  2.166e+04  7.708e+05
   3.3%      0.0    6.0%  | | | |_thorns                                       0.000365   0.000364  8.886e+05  1.269e+05  6.371e+05   1.47e+04  7.157e+05
   2.4%      0.0    2.8%  | | | | |_NaNChecker_NaNCheck_Check                  0.000288   0.000288  7.041e+05  7.041e+05          0  7.041e+05  7.041e+05
   1.1%      0.0          | | | |_untimed
  11.3%      0.0    4.4%  |_CallSetup                                          0.001258   0.000559  3.076e+06  3.076e+06          0  3.076e+06  3.076e+06
   2.3%      0.0    0.2%  | |_CCTK_PARAMCHECK                                  0.000268   0.000249  6.563e+05  6.563e+05          0  6.563e+05  6.563e+05
   1.7%      0.0    1.2%  | | |_CallFunction                                   0.000201   0.000186  4.923e+05  4.103e+04   1.62e+05    1.6e+04  1.903e+05
   1.5%      0.0    1.1%  | | | |_thorns                                       0.000173   0.000158  4.239e+05  3.533e+04  1.618e+05  1.107e+04  1.842e+05
   4.1%      0.0    7.4%  | |_CCTK_WRAGH                                       0.000521   0.000288  1.273e+06  1.273e+06          0  1.273e+06  1.273e+06
   3.3%      0.0    7.8%  | | |_CallFunction                                   0.000419   0.000248   1.03e+06  6.438e+04   2.34e+05   1.86e+04  2.137e+05
   2.1%      0.0   15.9%  | | | |_thorns                                        0.00029   0.000168  7.035e+05  4.397e+04  1.727e+05  1.372e+04  1.775e+05
   1.2%      0.0          | | | |_untimed
   3.5%      0.0    1.3%  | |_Poison                                           0.000403          0  9.842e+05  9.842e+05          0  9.842e+05  9.842e+05
   1.4%      0.0          | |_untimed
   2.0%      0.0    2.3%  |_CarpetLib::ggf::recompose_allocate                 0.000225    8.8e-05  5.602e+05       2655       9069       2474       6884
   2.1%      0.0    4.8%  |_CarpetLib::ggf::recompose_crop                     0.000235    8.6e-05  5.119e+05       2426       7986       2278       6983
   1.7%      0.0    2.2%  |_dh::recompose_free_old                             0.000198    7.7e-05  5.026e+05       2382  3.273e+04       2156  3.489e+04
  11.5%      0.0          | untimed
---------------------------------------------------------------------------------------------------------------------------------------------------------
---------------------------------------------------------------------------------------------------------------------------------------------------------
Time      Time   Imblnc   Timer                                               gettimeof  getrusage      cycle  cycle[avg  cycle[sdv  cycle[min  cycle[max
percent   secs   percent                                                           secs       secs       secs       secs       secs       secs       secs
---------------------------------------------------------------------------------------------------------------------------------------------------------
 100.0%      0.1    0.0%  meta mode                                             0.05889    0.04584   1.44e+08    4.8e+07  1.176e+08  1.218e+04   1.44e+08
  25.4%      0.0    0.1%  |_meta mode                                           0.01496    0.01192  3.659e+07   1.22e+07  2.984e+07  1.115e+04  3.656e+07
  15.6%      0.0    1.0%  | |_global mode                                      0.009288   0.008596  2.271e+07  1.892e+06  9.483e+06   5.16e+04  9.898e+06
  12.9%      0.0    0.4%  | | |_level(0)                                       0.007627   0.007173  1.866e+07  4.056e+05  5.724e+06       4165  4.011e+06
   1.5%      0.0    1.4%  | | | |_enter_local_mode                             0.000879   0.000831  2.182e+06  1.464e+04  1.461e+05       2107  8.744e+04
   9.9%      0.0          | | | |_untimed
   2.4%      0.0          | | |_untimed
   9.3%      0.0          | |_untimed
  74.6%      0.0          | untimed
---------------------------------------------------------------------------------------------------------------------------------------------------------
        1     0.001 |  222.4636002 |    1.2500000 |    1.0000000 |    1.0004542 |        66
        2     0.001 |  234.7850230 |    1.2500190 |    1.0000000 |    1.0008475 |        66
        3     0.002 |  238.3679050 |    1.2500503 |    1.0000001 |    1.0011691 |        66
        4     0.002 |  241.7079302 |    1.2500936 |    1.0000003 |    1.0014184 |        66
        5     0.003 |  243.3141855 |    1.2501486 |    1.0000006 |    1.0015919 |        66
        6     0.003 |  244.5645105 |    1.2502148 |    1.0000010 |    1.0016819 |        66
        7     0.004 |  245.8240167 |    1.2502918 |    1.0000016 |    1.0016866 |        66
        8     0.004 |  247.1973577 |    1.2503791 |    1.0000024 |    1.0016151 |        66
        9     0.005 |  247.9907326 |    1.2504768 |    1.0000034 |    1.0014768 |        66
       10     0.005 |  248.8208529 |    1.2505848 |    1.0000044 |    1.0012736 |        66
INFO (TimerReport): Timer Report before terminating at iteration 10 time 0.005
==================================================================================================================================================================================================
Thorn           | Scheduled routine in time bin           | gettimeofday [secs] | getrusage [secs] | cycle [secs] | cycle[avg] [secs] | cycle[sdv] [secs] | cycle[min] [secs] | cycle[max] [secs] 
==================================================================================================================================================================================================
Carpet          | Multi-model Startup routine             |          0.00021600 |       0.00020000 |   0.00000000 |        0.00000000 |        0.00000000 |        0.00000000 |        0.00000000 
CycleClock      | Set up CycleClock                       |          0.10002600 |       0.10002500 |   0.00000254 |        0.00000254 |        0.00000000 |        0.00000254 |        0.00000254 
LoopControl     | Set up LoopControl                      |          0.00000200 |       0.00000200 |   0.00000138 |        0.00000138 |        0.00000000 |        0.00000138 |        0.00000138 
Timers          | Prepare hierarchical timers             |          0.00000500 |       0.00000500 |   0.00000500 |        0.00000500 |        0.00000000 |        0.00000500 |        0.00000500 
Carpet          | Startup routine                         |          0.00000600 |       0.00000600 |   0.00000688 |        0.00000688 |        0.00000000 |        0.00000688 |        0.00000688 
IOUtil          | Startup routine                         |          0.00002100 |       0.00002100 |   0.00002130 |        0.00002130 |        0.00000000 |        0.00002130 |        0.00002130 
CarpetIOScalar  | Startup routine                         |          0.00001500 |       0.00001500 |   0.00001456 |        0.00001456 |        0.00000000 |        0.00001456 |        0.00001456 
CarpetInterp    | Startup routine                         |          0.00000100 |       0.00000100 |   0.00000132 |        0.00000132 |        0.00000000 |        0.00000132 |        0.00000132 
CarpetReduce    | Startup routine                         |          0.00002500 |       0.00002500 |   0.00002505 |        0.00002505 |        0.00000000 |        0.00002505 |        0.00002505 
CartGrid3D      | Register GH Extension for GridSymmetry  |          0.00000100 |       0.00000100 |   0.00000141 |        0.00000141 |        0.00000000 |        0.00000141 |        0.00000141 
CoordBase       | Register a GH extension to store the coo|          0.00000100 |       0.00000100 |   0.00000116 |        0.00000116 |        0.00000000 |        0.00000116 |        0.00000116 
AEILocalInterp  | register CCTK_InterpLocalUniform() inter|          0.00000300 |       0.00000300 |   0.00000267 |        0.00000267 |        0.00000000 |        0.00000267 |        0.00000267 
EOS_Omni        | Set up conversion factors and other fun |          0.00001500 |       0.00001500 |   0.00001482 |        0.00001482 |        0.00000000 |        0.00001482 |        0.00001482 
EOS_Polytrope   | Setup the polytropic EOS                |          0.00000200 |       0.00000200 |   0.00000192 |        0.00000192 |        0.00000000 |        0.00000192 |        0.00000192 
GRHydro         | Startup banner                          |          0.00000400 |       0.00000400 |   0.00000452 |        0.00000452 |        0.00000000 |        0.00000452 |        0.00000452 
GRHydro         | Register the hydro masks                |          0.00000700 |       0.00000700 |   0.00000672 |        0.00000672 |        0.00000000 |        0.00000672 |        0.00000672 
HydroBase       | Startup banner                          |          0.00000200 |       0.00000200 |   0.00000131 |        0.00000131 |        0.00000000 |        0.00000131 |        0.00000131 
CarpetIOASCII   | Startup routine                         |          0.00002300 |       0.00002300 |   0.00002271 |        0.00002271 |        0.00000000 |        0.00002271 |        0.00002271 
LocalInterp     | register LocalInterp's interpolation ope|          0.00000100 |       0.00000100 |   0.00000148 |        0.00000148 |        0.00000000 |        0.00000148 |        0.00000148 
LocalReduce     | Startup routine                         |          0.00001300 |       0.00001300 |   0.00001341 |        0.00001341 |        0.00000000 |        0.00001341 |        0.00001341 
CarpetIOBasic   | Startup routine                         |          0.00000300 |       0.00000300 |   0.00000297 |        0.00000297 |        0.00000000 |        0.00000297 |        0.00000297 
MoL             | Startup banner                          |          0.00000100 |       0.00000100 |   0.00000145 |        0.00000145 |        0.00000000 |        0.00000145 |        0.00000145 
Slab            | Create MPI datatypes for complex variabl|          0.00000500 |       0.00000500 |   0.00000454 |        0.00000454 |        0.00000000 |        0.00000454 |        0.00000454 
SymBase         | Register GH Extension for SymBase       |          0.00000300 |       0.00000300 |   0.00000340 |        0.00000340 |        0.00000000 |        0.00000340 |        0.00000340 
TerminationTrigg| Start signal handler                    |          0.00002200 |       0.00002200 |   0.00002177 |        0.00002177 |        0.00000000 |        0.00002177 |        0.00002177 
CarpetIOHDF5    | Startup routine                         |          0.00001900 |       0.00001900 |   0.00001963 |        0.00001963 |        0.00000000 |        0.00001963 |        0.00001963 
Vectors         | Print startup message                   |          0.00001000 |       0.00001000 |   0.00001018 |        0.00001018 |        0.00000000 |        0.00001018 |        0.00001018 
hwloc           | Output hwloc version                    |          0.00000400 |       0.00000300 |   0.00000341 |        0.00000341 |        0.00000000 |        0.00000341 |        0.00000341 
--------------------------------------------------------------------------------------------------------------------------------------------------------------------------------------------------
                | Total time for CCTK_STARTUP             |          0.10045600 |       0.10043800 |   0.00021752 |        0.00021752 |        0.00000000 |        0.00021752 |        0.00021752 
==================================================================================================================================================================================================
ADMBase         | Set up GF symmetries                    |          0.00002400 |       0.00000000 |   0.00002436 |        0.00002436 |        0.00000000 |        0.00002436 |        0.00002436 
Boundary        | Register boundary conditions that this t|          0.00001100 |       0.00000000 |   0.00001114 |        0.00001114 |        0.00000000 |        0.00001114 |        0.00001114 
CartGrid3D      | Register coordinates for the Cartesian g|          0.00005100 |       0.00000000 |   0.00005065 |        0.00005065 |        0.00000000 |        0.00005065 |        0.00005065 
CoordGauge      | Initialize slicing, setup priorities for|          0.00001000 |       0.00000000 |   0.00000998 |        0.00000998 |        0.00000000 |        0.00000998 |        0.00000998 
CoordGauge      | Identify the slicing for the next iterat|          0.00000900 |       0.00000000 |   0.00000924 |        0.00000924 |        0.00000000 |        0.00000924 |        0.00000924 
GRHydro         | Initialize InLastMoLPostStep to zero    |          0.00001600 |       0.00000000 |   0.00001526 |        0.00001526 |        0.00000000 |        0.00001526 |        0.00001526 
MoL             | Set up the MoL bookkeeping index arrays |          0.00003500 |       0.00000000 |   0.00003513 |        0.00003513 |        0.00000000 |        0.00003513 |        0.00003513 
MoL             | Set the flag so it is ok to register wit|          0.00001300 |       0.00000000 |   0.00001317 |        0.00001317 |        0.00000000 |        0.00001317 |        0.00001317 
TmunuBase       | Set the stress_energy_state variable    |          0.00001700 |       0.00000000 |   0.00001604 |        0.00001604 |        0.00000000 |        0.00001604 |        0.00001604 
GRHydro         | Register variables for MoL              |          0.00007700 |       0.00007200 |   0.00007732 |        0.00007732 |        0.00000000 |        0.00007732 |        0.00007732 
Slab            | Initialise timers                       |          0.00002800 |       0.00002700 |   0.00002775 |        0.00002775 |        0.00000000 |        0.00002775 |        0.00002775 
SpaceMask       | Set grid symmetries for mask            |          0.00001300 |       0.00001300 |   0.00001305 |        0.00001305 |        0.00000000 |        0.00001305 |        0.00001305 
SpaceMask       | Set grid symmetries for emask (compatibi|          0.00001000 |       0.00001000 |   0.00001011 |        0.00001011 |        0.00000000 |        0.00001011 |        0.00001011 
CartGrid3D      | Register symmetry boundaries            |          0.00003800 |       0.00003800 |   0.00003800 |        0.00003800 |        0.00000000 |        0.00003800 |        0.00003800 
SymBase         | Print symmetry boundary face description|          0.00001200 |       0.00001200 |   0.00001198 |        0.00001198 |        0.00000000 |        0.00001198 |        0.00001198 
MoL             | Report how many of each type of variable|          0.00009000 |       0.00008900 |   0.00008936 |        0.00008936 |        0.00000000 |        0.00008936 |        0.00008936 
--------------------------------------------------------------------------------------------------------------------------------------------------------------------------------------------------
                | Total time for CCTK_WRAGH               |          0.00045400 |       0.00026100 |   0.00045256 |        0.00045256 |        0.00000000 |        0.00045256 |        0.00045256 
==================================================================================================================================================================================================
ADMBase         | Check consistency of parameters         |          0.00001700 |       0.00001600 |   0.00001643 |        0.00001643 |        0.00000000 |        0.00001643 |        0.00001643 
Boundary        | Check dimension of grid variables       |          0.00000900 |       0.00000800 |   0.00000843 |        0.00000843 |        0.00000000 |        0.00000843 |        0.00000843 
Carpet          | Parameter checking routine              |          0.00001600 |       0.00001500 |   0.00001671 |        0.00001671 |        0.00000000 |        0.00001671 |        0.00001671 
CarpetLib       | Test prolongation operators             |          0.00002000 |       0.00001800 |   0.00001922 |        0.00001922 |        0.00000000 |        0.00001922 |        0.00001922 
CartGrid3D      | Check coordinates for CartGrid3D        |          0.00001200 |       0.00001100 |   0.00001169 |        0.00001169 |        0.00000000 |        0.00001169 |        0.00001169 
Fortran         | Test whether Fortran parameters work cor|          0.00000900 |       0.00000800 |   0.00000848 |        0.00000848 |        0.00000000 |        0.00000848 |        0.00000848 
GRHydro         | Check parameters                        |          0.00002600 |       0.00002400 |   0.00002606 |        0.00002606 |        0.00000000 |        0.00002606 |        0.00002606 
GRHydro_InitData| Check parameters                        |          0.00001100 |       0.00001100 |   0.00001124 |        0.00001124 |        0.00000000 |        0.00001124 |        0.00001124 
MoL             | Basic parameter checking                |          0.00001100 |       0.00001100 |   0.00001104 |        0.00001104 |        0.00000000 |        0.00001104 |        0.00001104 
TerminationTrigg| Check consitency of parameters          |          0.00000900 |       0.00000800 |   0.00000820 |        0.00000820 |        0.00000000 |        0.00000820 |        0.00000820 
TmunuBase       | Check that no deprecated parameters are |          0.00000800 |       0.00000800 |   0.00000818 |        0.00000818 |        0.00000000 |        0.00000818 |        0.00000818 
Vectors         | Run correctness tests.                  |          0.00008000 |       0.00007400 |   0.00007982 |        0.00007982 |        0.00000000 |        0.00007982 |        0.00007982 
--------------------------------------------------------------------------------------------------------------------------------------------------------------------------------------------------
                | Total time for CCTK_PARAMCHECK          |          0.00022800 |       0.00021200 |   0.00022550 |        0.00022550 |        0.00000000 |        0.00022550 |        0.00022550 
==================================================================================================================================================================================================
ADMBase         | Set the shift_state variable to 1       |          0.00003900 |       0.00004000 |   0.00003967 |        0.00003967 |        0.00000000 |        0.00003967 |        0.00003967 
ADMBase         | Set the dtlapse_state variable to 0     |          0.00002700 |       0.00002700 |   0.00002739 |        0.00002739 |        0.00000000 |        0.00002739 |        0.00002739 
ADMBase         | Set the dtshift_state variable to 0     |          0.00002700 |       0.00002600 |   0.00002651 |        0.00002651 |        0.00000000 |        0.00002651 |        0.00002651 
ADMMacros       | Initialize the local_spatial_order      |          0.00002700 |       0.00002700 |   0.00002651 |        0.00002651 |        0.00000000 |        0.00002651 |        0.00002651 
CartGrid3D      | Set up ranges for spatial 3D Cartesian c|          0.00010700 |       0.00010700 |   0.00010697 |        0.00010697 |        0.00000000 |        0.00010697 |        0.00010697 
CartGrid3D      | Set up spatial 3D Cartesian coordinates |          0.00004900 |       0.00004800 |   0.00004816 |        0.00004816 |        0.00000000 |        0.00004816 |        0.00004816 
CarpetReduce    | Allocate the weight function            |          0.00005400 |       0.00005400 |   0.00005356 |        0.00005356 |        0.00000000 |        0.00005356 |        0.00005356 
CarpetReduce    | Initialise the weight function          |          0.00008000 |       0.00008000 |   0.00007988 |        0.00007988 |        0.00000000 |        0.00007988 |        0.00007988 
CarpetReduce    | Set up the outer boundaries of the weigh|          0.00008900 |       0.00008800 |   0.00008874 |        0.00008874 |        0.00000000 |        0.00008874 |        0.00008874 
CarpetReduce    | Set up the weight function for the restr|          0.00004800 |       0.00004800 |   0.00004814 |        0.00004814 |        0.00000000 |        0.00004814 |        0.00004814 
CarpetReduce    | Set the weight function                 |          0.00005400 |       0.00005300 |   0.00005328 |        0.00005328 |        0.00000000 |        0.00005328 |        0.00005328 
CarpetReduce    | Test the weight function                |          0.00011100 |       0.00011200 |   0.00011136 |        0.00011136 |        0.00000000 |        0.00011136 |        0.00011136 
GRHydro         | Initially set execution flags to 'YEAH, |          0.00001800 |       0.00001800 |   0.00001811 |        0.00001811 |        0.00000000 |        0.00001811 |        0.00001811 
GRHydro         | Schedule symmetries and check shift stat|          0.00006300 |       0.00006400 |   0.00006362 |        0.00006362 |        0.00000000 |        0.00006362 |        0.00006362 
GRHydro         | Initialise the mask function that contai|          0.00004300 |       0.00004200 |   0.00004231 |        0.00004231 |        0.00000000 |        0.00004231 |        0.00004231 
NaNChecker      | Reset the NaNChecker::NaNsFound counter |          0.00001700 |       0.00001700 |   0.00001725 |        0.00001725 |        0.00000000 |        0.00001725 |        0.00001725 
SpaceMask       | Initialise mask to zero                 |          0.00002900 |       0.00002900 |   0.00002922 |        0.00002922 |        0.00000000 |        0.00002922 |        0.00002922 
SpaceMask       | Set old style mask to one               |          0.00002700 |       0.00002700 |   0.00002729 |        0.00002729 |        0.00000000 |        0.00002729 |        0.00002729 
SymBase         | Check whether the driver set up the grid|          0.00002700 |       0.00002700 |   0.00002708 |        0.00002708 |        0.00000000 |        0.00002708 |        0.00002708 
TerminationTrigg| Clear trigger state                     |          0.00002600 |       0.00002600 |   0.00002652 |        0.00002652 |        0.00000000 |        0.00002652 |        0.00002652 
TerminationTrigg| Start timer                             |          0.00004900 |       0.00004900 |   0.00004937 |        0.00004937 |        0.00000000 |        0.00004937 |        0.00004937 
TerminationTrigg| Create termination file                 |          0.00009100 |       0.00009100 |   0.00009114 |        0.00009114 |        0.00000000 |        0.00009114 |        0.00009114 
Time            | Initialise Time variables               |          0.00001900 |       0.00002000 |   0.00001964 |        0.00001964 |        0.00000000 |        0.00001964 |        0.00001964 
Time            | Set timestep based on Courant condition |          0.00003300 |       0.00003300 |   0.00003310 |        0.00003310 |        0.00000000 |        0.00003310 |        0.00003310 
--------------------------------------------------------------------------------------------------------------------------------------------------------------------------------------------------
                | Total time for CCTK_BASEGRID            |          0.00115400 |       0.00115300 |   0.00115481 |        0.00115481 |        0.00000000 |        0.00115481 |        0.00115481 
==================================================================================================================================================================================================
StaticConformal | Set the conformal_state variable to 0   |          0.00005400 |       0.00005400 |   0.00005411 |        0.00005411 |        0.00000000 |        0.00005411 |        0.00005411 
ADMBase         | Set the metric and extrinsic curvature t|          0.00004300 |       0.00004200 |   0.00004251 |        0.00004251 |        0.00000000 |        0.00004251 |        0.00004251 
GRHydro         | Set the EOS number                      |          0.00005700 |       0.00005700 |   0.00005700 |        0.00005700 |        0.00000000 |        0.00005700 |        0.00005700 
CarpetIOASCII   | Initialisation routine                  |          0.00002400 |       0.00002400 |   0.00002328 |        0.00002328 |        0.00000000 |        0.00002328 |        0.00002328 
CarpetIOBasic   | Initialisation routine                  |          0.00002700 |       0.00002600 |   0.00002671 |        0.00002671 |        0.00000000 |        0.00002671 |        0.00002671 
CarpetIOHDF5    | Initialisation routine                  |          0.00001700 |       0.00001700 |   0.00001688 |        0.00001688 |        0.00000000 |        0.00001688 |        0.00001688 
CarpetIOScalar  | Initialisation routine                  |          0.00001600 |       0.00001600 |   0.00001618 |        0.00001618 |        0.00000000 |        0.00001618 |        0.00001618 
GRHydro         | Set up minimum for the rest-mass density|          0.00004200 |       0.00004300 |   0.00004247 |        0.00004247 |        0.00000000 |        0.00004247 |        0.00004247 
GRHydro         | Initialize the atmosphere mask          |          0.00006300 |       0.00006300 |   0.00006295 |        0.00006295 |        0.00000000 |        0.00006295 |        0.00006295 
GRHydro         | Calculate current refinement level      |          0.00008400 |       0.00008400 |   0.00008391 |        0.00008391 |        0.00000000 |        0.00008391 |        0.00008391 
ADMBase         | Set the lapse to 1 at all points        |          0.00003300 |       0.00003300 |   0.00003308 |        0.00003308 |        0.00000000 |        0.00003308 |        0.00003308 
ADMBase         | Set the shift to 0 at all points        |          0.00003100 |       0.00003100 |   0.00003059 |        0.00003059 |        0.00000000 |        0.00003059 |        0.00003059 
GRHydro         | Set divB initially to zero              |          0.00003800 |       0.00003800 |   0.00003763 |        0.00003763 |        0.00000000 |        0.00003763 |        0.00003763 
GRHydro_InitData| Shocktube initial data - MHD version    |          0.00025800 |       0.00025800 |   0.00025815 |        0.00025815 |        0.00000000 |        0.00025815 |        0.00025815 
HydroBase       | Initialize hydro excision mask to 'no ex|          0.00003300 |       0.00003300 |   0.00003233 |        0.00003233 |        0.00000000 |        0.00003233 |        0.00003233 
GRHydro         | Calculate sdetg                         |          0.00004400 |       0.00004500 |   0.00004419 |        0.00004419 |        0.00000000 |        0.00004419 |        0.00004419 
GRHydro         | Use mask to enforce atmosphere at initia|          0.00005500 |       0.00005400 |   0.00005469 |        0.00005469 |        0.00000000 |        0.00005469 |        0.00005469 
MoL             | Initialise the step size control        |          0.00001000 |       0.00000900 |   0.00000920 |        0.00000920 |        0.00000000 |        0.00000920 |        0.00000920 
GRHydro         | Convert initial data given in primive va|          0.00009200 |       0.00009300 |   0.00009263 |        0.00009263 |        0.00000000 |        0.00009263 |        0.00009263 
--------------------------------------------------------------------------------------------------------------------------------------------------------------------------------------------------
                | Total time for CCTK_INITIAL             |          0.00102100 |       0.00102000 |   0.00101848 |        0.00101848 |        0.00000000 |        0.00101848 |        0.00101848 
==================================================================================================================================================================================================
CarpetIOHDF5    | Close all filereader input files        |          0.00003000 |       0.00003100 |   0.00003065 |        0.00003065 |        0.00000000 |        0.00003065 |        0.00003065 
GRHydro         | Set up and check scalars for efficiency |          0.00004000 |       0.00004000 |   0.00003987 |        0.00003987 |        0.00000000 |        0.00003987 |        0.00003987 
ADMBase         | Select ADMBase boundary conditions - may|          0.00020500 |       0.00020500 |   0.00020518 |        0.00020518 |        0.00000000 |        0.00020518 |        0.00020518 
Boundary        | Apply all requested local physical bound|          0.00032800 |       0.00032600 |   0.00032682 |        0.00008171 |        0.00009993 |        0.00003533 |        0.00015797 
CartGrid3D      | Apply symmetry boundary conditions      |          0.00010800 |       0.00011100 |   0.00010944 |        0.00002736 |        0.00000466 |        0.00002530 |        0.00003123 
Boundary        | Unselect all grid variables for boundary|          0.00002800 |       0.00002900 |   0.00002875 |        0.00000719 |        0.00000251 |        0.00000637 |        0.00000936 
GRHydro         | Calculate current refinement level      |          0.00003900 |       0.00003900 |   0.00003863 |        0.00003863 |        0.00000000 |        0.00003863 |        0.00003863 
GRHydro         | Set grid scalar InLastMoLPostStep if thi|          0.00001100 |       0.00001100 |   0.00001103 |        0.00001103 |        0.00000000 |        0.00001103 |        0.00001103 
GRHydro         | Select atmosphere mask for boundary cond|          0.00006200 |       0.00006100 |   0.00006123 |        0.00006123 |        0.00000000 |        0.00006123 |        0.00006123 
GRHydro         | Set integer atmosphere mask from synchro|          0.00003900 |       0.00004000 |   0.00003960 |        0.00003960 |        0.00000000 |        0.00003960 |        0.00003960 
GRHydro         | Reset the atmosphere - MHD version      |          0.00004500 |       0.00004400 |   0.00004469 |        0.00004469 |        0.00000000 |        0.00004469 |        0.00004469 
GRHydro         | Compute comoving magnetic field, pressur|          0.00008200 |       0.00008200 |   0.00008167 |        0.00008167 |        0.00000000 |        0.00008167 |        0.00008167 
GRHydro         | Select GRHydro boundary conditions      |          0.00016900 |       0.00016900 |   0.00016874 |        0.00016874 |        0.00000000 |        0.00016874 |        0.00016874 
GRHydro         | Calculate sdetg                         |          0.00004500 |       0.00004500 |   0.00004482 |        0.00004482 |        0.00000000 |        0.00004482 |        0.00004482 
GRHydro         | Convert back to primitive variables (gen|          0.00029400 |       0.00029400 |   0.00029385 |        0.00029385 |        0.00000000 |        0.00029385 |        0.00029385 
GRHydro         | Calculate divB                          |          0.00004900 |       0.00004900 |   0.00004921 |        0.00004921 |        0.00000000 |        0.00004921 |        0.00004921 
--------------------------------------------------------------------------------------------------------------------------------------------------------------------------------------------------
                | Total time for CCTK_POSTINITIAL         |          0.00157400 |       0.00157600 |   0.00157421 |        0.00122544 |        0.00010711 |        0.00117618 |        0.00130774 
==================================================================================================================================================================================================
GRHydro         | Set the value of the rest-mass density o|          0.00010600 |       0.00010500 |   0.00010504 |        0.00010504 |        0.00000000 |        0.00010504 |        0.00010504 
GRHydro         | Use mask to enforce atmosphere at initia|          0.00009600 |       0.00009500 |   0.00009560 |        0.00009560 |        0.00000000 |        0.00009560 |        0.00009560 
GRHydro         | Calculate sdetg                         |          0.00006600 |       0.00006600 |   0.00006549 |        0.00006549 |        0.00000000 |        0.00006549 |        0.00006549 
GRHydro         | Convert back to primitive variables (gen|          0.00026100 |       0.00026100 |   0.00026130 |        0.00026130 |        0.00000000 |        0.00026130 |        0.00026130 
--------------------------------------------------------------------------------------------------------------------------------------------------------------------------------------------------
                | Total time for CCTK_POSTPOSTINITIAL     |          0.00052900 |       0.00052700 |   0.00052743 |        0.00052743 |        0.00000000 |        0.00052743 |        0.00052743 
==================================================================================================================================================================================================
CarpetIOHDF5    | Initial data checkpoint routine         |          0.00004900 |       0.00004800 |   0.00004800 |        0.00004800 |        0.00000000 |        0.00004800 |        0.00004800 
--------------------------------------------------------------------------------------------------------------------------------------------------------------------------------------------------
                | Total time for CCTK_CPINITIAL           |          0.00004900 |       0.00004800 |   0.00004800 |        0.00004800 |        0.00000000 |        0.00004800 |        0.00004800 
==================================================================================================================================================================================================
ADMBase         | Copy the lapse to the current time level|          0.00028200 |       0.00022600 |   0.00027900 |        0.00002790 |        0.00001103 |        0.00002603 |        0.00003830 
ADMBase         | Copy the shift to the current time level|          0.00026900 |       0.00021300 |   0.00026963 |        0.00002696 |        0.00000614 |        0.00002561 |        0.00003129 
ADMBase         | Copy the metric and extrinsic curvature |          0.00032300 |       0.00025900 |   0.00032368 |        0.00003237 |        0.00000571 |        0.00002984 |        0.00003654 
CoordGauge      | Identify the slicing for the next iterat|          0.00026400 |       0.00021500 |   0.00026407 |        0.00002641 |        0.00000512 |        0.00002549 |        0.00003089 
GRHydro         | Reset the mask function that contains th|          0.00037000 |       0.00032600 |   0.00036924 |        0.00003692 |        0.00001574 |        0.00003458 |        0.00005123 
LoopControl     | Update LoopControl algorithm preferences|          0.00040500 |       0.00036900 |   0.00040780 |        0.00004078 |        0.00000506 |        0.00003932 |        0.00004518 
NaNChecker      | Reset the NaNChecker::NaNsFound counter |          0.00014400 |       0.00013000 |   0.00014403 |        0.00001440 |        0.00000370 |        0.00001391 |        0.00001790 
--------------------------------------------------------------------------------------------------------------------------------------------------------------------------------------------------
                | Total time for CCTK_PRESTEP             |          0.00205700 |       0.00173800 |   0.00205745 |        0.00020574 |        0.00005250 |        0.00019477 |        0.00025133 
==================================================================================================================================================================================================
MoL             | Initialise the step size control        |          0.00007700 |       0.00007000 |   0.00007444 |        0.00000744 |        0.00000919 |        0.00000636 |        0.00001616 
MoL             | Set the counter for the ODE method to lo|          0.00007300 |       0.00006900 |   0.00007380 |        0.00000738 |        0.00000340 |        0.00000694 |        0.00001060 
MoL             | Ensure the correct time and timestep are|          0.00007400 |       0.00006700 |   0.00007295 |        0.00000730 |        0.00000580 |        0.00000626 |        0.00001193 
MoL             | Allocate storage for scratch levels     |          0.00031500 |       0.00021200 |   0.00031515 |        0.00003152 |        0.00008420 |        0.00002086 |        0.00011088 
GRHydro         | Set up and check scalars for efficiency |          0.00043600 |       0.00034800 |   0.00043422 |        0.00004342 |        0.00003457 |        0.00003746 |        0.00007436 
MoL             | Allocate sufficient space for array scra|          0.00025300 |       0.00019700 |   0.00025485 |        0.00002549 |        0.00000807 |        0.00002402 |        0.00003275 
MoL             | Ensure the data is in the correct timele|          0.00073100 |       0.00058200 |   0.00073071 |        0.00007307 |        0.00001595 |        0.00006733 |        0.00008333 
MoL             | Initialise the RHS functions            |          0.00065700 |       0.00044000 |   0.00065619 |        0.00003281 |        0.00002046 |        0.00003022 |        0.00004708 
GRHydro         | Source term calculation                 |          0.00081900 |       0.00055900 |   0.00081628 |        0.00004081 |        0.00001867 |        0.00003759 |        0.00005445 
GRHydro         | Set the flux_direction variable         |          0.00034900 |       0.00025900 |   0.00034876 |        0.00001744 |        0.00002053 |        0.00001588 |        0.00003720 
GRHydro         | Calculate current refinement level      |          0.00231900 |       0.00179100 |   0.00230846 |        0.00003847 |        0.00003802 |        0.00003530 |        0.00006749 
GRHydro         | Reconstruct the functions at the cell bo|          0.00613000 |       0.00501800 |   0.00613050 |        0.00010217 |        0.00010080 |        0.00009221 |        0.00016052 
GRHydro         | Solve the local Riemann problems - MHD v|          0.00428500 |       0.00342300 |   0.00427038 |        0.00007117 |        0.00004818 |        0.00006718 |        0.00010077 
GRHydro         | Calculate the update term from the fluxe|          0.00252000 |       0.00199200 |   0.00251136 |        0.00004186 |        0.00001845 |        0.00003997 |        0.00005511 
GRHydro         | Decrement the flux_direction variable   |          0.00099400 |       0.00073600 |   0.00099455 |        0.00001658 |        0.00002142 |        0.00001569 |        0.00003113 
GRHydro         | Alter the update terms if inside the atm|          0.00087200 |       0.00058700 |   0.00086489 |        0.00004324 |        0.00003675 |        0.00003774 |        0.00007274 
MoL             | Updates calculated with the efficient Ru|          0.00071900 |       0.00052700 |   0.00071625 |        0.00003581 |        0.00003126 |        0.00003177 |        0.00006421 
MoL             | Alter the counter number                |          0.00014300 |       0.00010800 |   0.00014328 |        0.00000716 |        0.00000458 |        0.00000657 |        0.00001149 
MoL             | If necessary, change the time           |          0.00013200 |       0.00009800 |   0.00013344 |        0.00000667 |        0.00000355 |        0.00000633 |        0.00001010 
ADMBase         | Select ADMBase boundary conditions - may|          0.00236400 |       0.00168800 |   0.00236330 |        0.00011816 |        0.00009904 |        0.00010484 |        0.00019189 
Boundary        | Apply all requested local physical bound|          0.00585100 |       0.00387900 |   0.00584579 |        0.00008351 |        0.00043773 |        0.00003307 |        0.00019285 
CartGrid3D      | Apply symmetry boundary conditions      |          0.00187900 |       0.00129800 |   0.00187076 |        0.00002673 |        0.00002367 |        0.00002361 |        0.00004371 
Boundary        | Unselect all grid variables for boundary|          0.00049800 |       0.00031700 |   0.00049875 |        0.00000712 |        0.00002751 |        0.00000625 |        0.00002839 
GRHydro         | Calculate current refinement level      |          0.00071300 |       0.00045600 |   0.00071334 |        0.00003567 |        0.00001998 |        0.00003335 |        0.00005173 
GRHydro         | Set grid scalar InLastMoLPostStep if thi|          0.00015900 |       0.00010800 |   0.00016308 |        0.00000815 |        0.00000427 |        0.00000766 |        0.00001226 
GRHydro         | Select atmosphere mask for boundary cond|          0.00104500 |       0.00067100 |   0.00104448 |        0.00005222 |        0.00003308 |        0.00004733 |        0.00008077 
GRHydro         | Set integer atmosphere mask from synchro|          0.00073300 |       0.00040200 |   0.00073054 |        0.00003653 |        0.00001347 |        0.00003453 |        0.00004477 
GRHydro         | Reset the atmosphere - MHD version      |          0.00041000 |       0.00025100 |   0.00040850 |        0.00004085 |        0.00001806 |        0.00003714 |        0.00005384 
GRHydro         | Compute comoving magnetic field, pressur|          0.00158500 |       0.00087800 |   0.00157751 |        0.00007888 |        0.00001577 |        0.00007727 |        0.00009302 
GRHydro         | Select GRHydro boundary conditions      |          0.00265300 |       0.00149300 |   0.00264908 |        0.00013245 |        0.00005127 |        0.00012535 |        0.00017507 
GRHydro         | Calculate sdetg                         |          0.00088500 |       0.00062500 |   0.00088154 |        0.00004408 |        0.00003859 |        0.00003981 |        0.00006975 
GRHydro         | Convert back to primitive variables (gen|          0.00564300 |       0.00424500 |   0.00564150 |        0.00028207 |        0.00006211 |        0.00026454 |        0.00031661 
GRHydro         | Reset InLastMoLPostStep to zero         |          0.00014200 |       0.00010400 |   0.00013891 |        0.00000695 |        0.00000376 |        0.00000656 |        0.00001052 
MoL             | If necessary, change the timestep       |          0.00013700 |       0.00010400 |   0.00013519 |        0.00000676 |        0.00000385 |        0.00000629 |        0.00001044 
MoL             | Control the step size                   |          0.00007200 |       0.00005600 |   0.00006895 |        0.00000689 |        0.00000486 |        0.00000634 |        0.00001150 
MoL             | Restoring the Save and Restore variables|          0.00042700 |       0.00037300 |   0.00042705 |        0.00004270 |        0.00001482 |        0.00003870 |        0.00005565 
MoL             | Free storage for scratch levels         |          0.00019200 |       0.00017200 |   0.00019443 |        0.00001944 |        0.00001738 |        0.00001632 |        0.00003399 
GRHydro         | Syncronise the mask function that contai|          0.00073700 |       0.00071000 |   0.00073707 |        0.00007371 |        0.00002412 |        0.00006808 |        0.00009538 
GRHydro         | Calculate divB                          |          0.00042600 |       0.00042100 |   0.00042680 |        0.00004268 |        0.00000701 |        0.00004136 |        0.00004925 
--------------------------------------------------------------------------------------------------------------------------------------------------------------------------------------------------
                | Total time for CCTK_EVOL                |          0.04844900 |       0.03533400 |   0.04836701 |        0.00179538 |        0.00144420 |        0.00160411 |        0.00267371 
==================================================================================================================================================================================================
GRHydro         | Calculate current refinement level (for |          0.00045300 |       0.00044900 |   0.00045281 |        0.00004116 |        0.00004006 |        0.00003566 |        0.00007730 
GRHydro         | Check the mask function that contains th|          0.00046400 |       0.00045400 |   0.00046151 |        0.00004196 |        0.00002781 |        0.00003752 |        0.00006639 
NaNChecker      | Prepare data structures to check for NaN|          0.00008000 |       0.00008000 |   0.00008143 |        0.00000740 |        0.00000496 |        0.00000658 |        0.00001061 
NaNChecker      | Check for NaNs                          |          0.00350900 |       0.00316500 |   0.00350814 |        0.00031892 |        0.00003214 |        0.00031009 |        0.00034193 
NaNChecker      | Count NaNs in NaNChecker::NaNsFound     |          0.00013300 |       0.00012000 |   0.00013261 |        0.00001206 |        0.00000492 |        0.00001092 |        0.00001536 
NaNChecker      | Output NaNChecker::NaNmask and take acti|          0.00028200 |       0.00022800 |   0.00028138 |        0.00002558 |        0.00001458 |        0.00002301 |        0.00003833 
SpaceMask       | Ensure that all mask values are legal   |          0.00035200 |       0.00029900 |   0.00035392 |        0.00003217 |        0.00002917 |        0.00002709 |        0.00005863 
--------------------------------------------------------------------------------------------------------------------------------------------------------------------------------------------------
                | Total time for CCTK_POSTSTEP            |          0.00527300 |       0.00479500 |   0.00527179 |        0.00047925 |        0.00015364 |        0.00045087 |        0.00060855 
==================================================================================================================================================================================================
CarpetIOHDF5    | Evolution checkpoint routine            |          0.00042400 |       0.00034600 |   0.00042390 |        0.00004239 |        0.00001312 |        0.00003956 |        0.00005457 
TimerReport     | Print the timer report                  |          0.00014400 |       0.00011500 |   0.00014305 |        0.00001431 |        0.00000398 |        0.00001377 |        0.00001807 
--------------------------------------------------------------------------------------------------------------------------------------------------------------------------------------------------
                | Total time for CCTK_CHECKPOINT          |          0.00056800 |       0.00046100 |   0.00056696 |        0.00005670 |        0.00001710 |        0.00005333 |        0.00007264 
==================================================================================================================================================================================================
CarpetLib       | Print timing statistics if desired      |          0.00017500 |       0.00014300 |   0.00017246 |        0.00001568 |        0.00001333 |        0.00001359 |        0.00002585 
CarpetLib       | Print memory statistics if desired      |          0.00046600 |       0.00043800 |   0.00046577 |        0.00004234 |        0.00029821 |        0.00001341 |        0.00032665 
LoopControl     | Output LoopControl statistics           |          0.00041600 |       0.00034100 |   0.00041494 |        0.00003772 |        0.00001119 |        0.00003544 |        0.00004671 
SystemStatistics| Collect system statistics               |          0.00111400 |       0.00080700 |   0.00111331 |        0.00010121 |        0.00002860 |        0.00009520 |        0.00012585 
TerminationTrigg| Check elapsed job walltime              |          0.00033100 |       0.00023600 |   0.00033025 |        0.00003002 |        0.00000966 |        0.00002775 |        0.00003716 
TerminationTrigg| Check if we received a termination signa|          0.00032200 |       0.00018100 |   0.00032136 |        0.00002921 |        0.00003558 |        0.00002383 |        0.00006184 
TerminationTrigg| Check termination file                  |          0.00036800 |       0.00023100 |   0.00036626 |        0.00003330 |        0.00001231 |        0.00003061 |        0.00004247 
TimerReport     | Print the timer report                  |          0.00016600 |       0.00010500 |   0.00016666 |        0.00001515 |        0.00000523 |        0.00001412 |        0.00001858 
--------------------------------------------------------------------------------------------------------------------------------------------------------------------------------------------------
                | Total time for CCTK_ANALYSIS            |          0.00335800 |       0.00248200 |   0.00335100 |        0.00030464 |        0.00041411 |        0.00025394 |        0.00068511 
==================================================================================================================================================================================================
CarpetIOHDF5    | Termination checkpoint routine          |          0.00005600 |       0.00005600 |   0.00005595 |        0.00005595 |        0.00000000 |        0.00005595 |        0.00005595 
LoopControl     | Output LoopControl statistics           |          0.00004200 |       0.00004200 |   0.00004187 |        0.00004187 |        0.00000000 |        0.00004187 |        0.00004187 
MoL             | Free the MoL bookkeeping index arrays   |          0.00003400 |       0.00003500 |   0.00003467 |        0.00003467 |        0.00000000 |        0.00003467 |        0.00003467 
TimerReport     | Print the timer report                  |          0.00000000 |       0.00000000 |   0.00000000 |        0.00000000 |        0.00000000 |        0.00000000 |        0.00000000 
--------------------------------------------------------------------------------------------------------------------------------------------------------------------------------------------------
                | Total time for CCTK_TERMINATE           |          0.00013200 |       0.00013300 |   0.00013249 |        0.00013249 |        0.00000000 |        0.00013249 |        0.00013249 
==================================================================================================================================================================================================
--------------------------------------------------------------------------------------------------------------------------------------------------------------------------------------------------
                | Total time for simulation               |          0.08945200 |       0.06752700 |   0.08945050 |        0.08945050 |        0.00000000 |        0.08945050 |        0.08945050 
==================================================================================================================================================================================================
INFO (TimerReport): Top timers at iteration 10 time 0.005
======================================================================
    %    Time/s   Min/s   Max/s   Timer (gettimeofday)
======================================================================
100.0   0.100021 0.100016 0.100026   [0001] CycleClock: CycleClock_Setup in CCTK_STARTUP
 88.9   0.088911 0.088370 0.089452   CCTK total time
 80.5   0.080483 0.080152 0.080815   meta mode/meta mode/global mode
 76.0   0.076064 0.075826 0.076302   meta mode/meta mode/global mode/level(0)
 73.3   0.073343 0.073338 0.073347   main/Evolve
 58.9   0.058889 0.058889 0.058890   meta mode
 58.3   0.058355 0.058338 0.058371   main/Evolve/CallEvol
 52.1   0.052096 0.052026 0.052166   main/Evolve/CallEvol/CCTK_EVOL
 46.2   0.046247 0.045923 0.046571   main/Evolve/CallEvol/CCTK_EVOL/CallFunction
 43.5   0.043555 0.043532 0.043578   main/CarpetStartup
 41.7   0.041744 0.041715 0.041773   main/CarpetStartup/CarpetLib::gh::regrid
 41.5   0.041514 0.041489 0.041539   main/CarpetStartup/CarpetLib::gh::regrid/CarpetLib::dh::regrid
 25.3   0.025354 0.024616 0.026091   main/Evolve/CallEvol/CCTK_EVOL/CallFunction/thorns
 15.0   0.014980 0.014961 0.014999   meta mode/meta mode
 14.0   0.014041 0.013833 0.014249   main/Evolve/CallAnalysis
 13.7   0.013712 0.013664 0.013760   main/CarpetStartup/CarpetLib::gh::regrid/CarpetLib::dh::regrid/test
 13.2   0.013178 0.013123 0.013234   main/CarpetStartup/CarpetLib::gh::regrid/CarpetLib::dh::regrid/buffers
 11.7   0.011689 0.011686 0.011691   main/Initialise
  9.4   0.009376 0.009147 0.009605   meta mode/meta mode/global mode/level(0)/enter_local_mode
  6.0   0.005954 0.005777 0.006130   [0153] GRHydro: Reconstruct in CCTK_EVOL
  5.8   0.005770 0.005689 0.005851   [0162] Boundary: Boundary_ApplyPhysicalBCs in CCTK_EVOL
  5.5   0.005529 0.005521 0.005537   main/CarpetStartup/CarpetLib::gh::regrid/CarpetLib::dh::regrid/bcast_comm
  5.5   0.005454 0.005266 0.005643   [0172] GRHydro: Con2Prim in CCTK_EVOL
  5.4   0.005372 0.005173 0.005572   main/Evolve/CallEvol/CCTK_EVOL/CallFunction/syncs
  5.1   0.005057 0.004856 0.005258   main/Evolve/CallEvol/CCTK_EVOL/CallFunction/syncs/Sync
  4.9   0.004948 0.004913 0.004983   main/CarpetStartup/CarpetLib::gh::regrid/CarpetLib::dh::regrid/region
  4.9   0.004913 0.004715 0.005112   main/Evolve/CallEvol/CCTK_EVOL/CallFunction/thorns/Con2Prim
  4.9   0.004856 0.004846 0.004866   main/Evolve/CallAnalysis/CCTK_POSTSTEP
  4.8   0.004826 0.004807 0.004845   main/Initialise/CallInitial
  4.6   0.004629 0.004614 0.004645   main/Evolve/CallAnalysis/CCTK_POSTSTEP/CallFunction
  4.6   0.004561 0.004406 0.004717   main/Evolve/CallAnalysis/OutputGH
  4.5   0.004531 0.004372 0.004690   main/Evolve/CallAnalysis/OutputGH/OutputGH
  4.3   0.004270 0.004055 0.004485   main/Evolve/CallEvol/CCTK_EVOL/CallFunction/thorns/Reconstruct
  4.2   0.004226 0.004166 0.004285   [0154] GRHydro: Riemann in CCTK_EVOL
  4.1   0.004113 0.004098 0.004129   meta mode/meta mode/global mode/level(0)/leave_local_mode
  3.8   0.003770 0.003694 0.003846   main/Evolve/CallEvol/CCTK_EVOL/CallFunction/thorns/Boundary_ApplyPhysicalBCs
  3.5   0.003504 0.003491 0.003518   main/Evolve/CallAnalysis/CCTK_POSTSTEP/CallFunction/thorns
  3.5   0.003499 0.003452 0.003546   main/Evolve/CallEvol/Poison
  3.4   0.003419 0.003329 0.003509   [0122] NaNChecker: NaNChecker_NaNCheck_Check in CCTK_POSTSTEP
  2.9   0.002855 0.002770 0.002939   main/Evolve/CallAnalysis/CCTK_POSTSTEP/CallFunction/thorns/NaNChecker_NaNCheck_Check
======================================================================
---------------------------------------------------------------------------------------------------------------------------------------------------------
Time      Time   Imblnc   Timer                                               gettimeof  getrusage      cycle  cycle[avg  cycle[sdv  cycle[min  cycle[max
percent   secs   percent                                                           secs       secs       secs       secs       secs       secs       secs
---------------------------------------------------------------------------------------------------------------------------------------------------------
 100.0%      0.1    0.0%  Evolve                                                0.07334    0.05318  1.793e+08  1.793e+08          0  1.793e+08  1.793e+08
  19.1%      0.0    1.5%  |_CallAnalysis                                        0.01425    0.01038  3.484e+07  3.484e+06  1.246e+06  3.179e+06   4.51e+06
   3.8%      0.0    1.3%  | |_CCTK_ANALYSIS                                    0.002841    0.00194  6.947e+06  6.947e+05  1.999e+05  6.467e+05  8.498e+05
   3.5%      0.0    1.1%  | | |_CallFunction                                   0.002578   0.001749  6.274e+06  7.842e+04  5.876e+05  2.888e+04  3.035e+05
   1.6%      0.0    4.0%  | | | |_thorns                                       0.001201   0.000812  2.943e+06  3.679e+04  6.122e+05       6591  2.759e+05
   1.2%      0.0    1.0%  | | | | |_SystemStatistics_Collect                    0.00086    0.00059  2.104e+06  2.104e+05  5.636e+04  1.989e+05  2.619e+05
   1.9%      0.0          | | | |_untimed
   6.6%      0.0    0.2%  | |_CCTK_POSTSTEP                                    0.004846   0.004362  1.185e+07  1.185e+06  1.152e+05   1.13e+06  1.247e+06
   6.3%      0.0    0.3%  | | |_CallFunction                                   0.004614   0.004149   1.13e+07  1.614e+05  2.118e+06  1.205e+04  8.322e+05
   4.8%      0.0    0.4%  | | | |_thorns                                       0.003518   0.003137   8.58e+06  1.226e+05  2.066e+06       6909   7.81e+05
   3.9%      0.0    2.9%  | | | | |_NaNChecker_NaNCheck_Check                  0.002939   0.002613  7.201e+06  7.201e+05  7.845e+04  7.013e+05  7.762e+05
   1.5%      0.0          | | | |_untimed
   6.2%      0.0    3.3%  | |_OutputGH                                         0.004717    0.00273  1.152e+07  1.152e+06  1.173e+06  9.528e+05  2.239e+06
   6.2%      0.0    3.4%  | | |_OutputGH                                        0.00469   0.002717  1.147e+07  1.147e+06  1.173e+06   9.48e+05  2.234e+06
   1.2%      0.0    1.0%  | | | |_IOASCII::IOASCII_1D [2]                      0.000867   0.000687   2.12e+06   2.12e+05  1.183e+06  8.541e+04  1.334e+06
   1.1%      0.0    1.2%  | | | | |_OutputGH<1>                                0.000842   0.000677  2.056e+06  2.056e+05  1.183e+06  7.999e+04  1.328e+06
   2.6%      0.0    6.4%  | | | |_IOBasic::CarpetIOBasic [5]                   0.002018   0.001082  4.944e+06  4.944e+05  6.858e+04  4.727e+05  5.402e+05
   2.5%      0.0    6.3%  | | | | |_OutputGH                                   0.001986   0.001068  4.875e+06  4.875e+05  6.419e+04  4.667e+05  5.342e+05
   1.6%      0.0          | |_untimed
  79.6%      0.1    0.0%  |_CallEvol                                            0.05837    0.04235  1.427e+08  1.427e+07  3.009e+06  1.369e+07  1.708e+07
  71.0%      0.1    0.1%  | |_CCTK_EVOL                                         0.05217     0.0377  1.276e+08  1.276e+07  2.866e+06  1.223e+07  1.542e+07
  63.1%      0.0    0.7%  | | |_CallFunction                                    0.04657      0.034  1.141e+08  1.141e+05  3.792e+06  1.134e+04    7.7e+05
   7.3%      0.0    3.6%  | | | |_syncs                                        0.005173   0.003422  1.265e+07  1.807e+05  7.653e+05  7.012e+04  4.203e+05
   6.9%      0.0    3.8%  | | | | |_Sync                                       0.004856   0.003199  1.188e+07  1.697e+05   7.52e+05  6.343e+04  4.036e+05
   1.7%      0.0    0.4%  | | | | | |_comm_state[3].state_fill_send_buffers.   0.001233   0.000787  3.051e+06  4.358e+04  2.271e+05  1.054e+04  7.561e+04
   1.1%      0.0   17.5%  | | | | | |_comm_state[6].state_do_some_work.step    0.000624   0.000416  1.476e+06  2.108e+04  1.441e+05       5022  1.183e+05
   1.5%      0.0    2.4%  | | | | | |_comm_state[7].state_empty_recv_buffers   0.001162    0.00075  2.861e+06  4.087e+04  2.859e+05       6272  1.963e+05
   1.1%      0.0          | | | | | |_untimed
  34.6%      0.0    2.8%  | | | |_thorns                                        0.02609    0.01927  6.386e+07  6.386e+04  3.244e+06       6713  7.088e+05
   5.1%      0.0    2.0%  | | | | |_Boundary_ApplyPhysicalBCs                  0.003846   0.002475  9.435e+06  1.348e+05  1.044e+06  2.396e+04  3.827e+05
   6.7%      0.0    3.9%  | | | | |_Con2Prim                                   0.005112   0.003861  1.252e+07  6.262e+05  1.478e+05  5.848e+05  7.039e+05
   1.4%      0.0    2.6%  | | | | |_GRHydro_CalcBcom                           0.001071   0.000592  2.639e+06  1.319e+05       7010   1.31e+05  1.386e+05
   1.2%      0.0    0.6%  | | | | |_GRHydro_RefinementLevel                    0.000879   0.000658  2.171e+06  2.713e+04  7.068e+04  2.519e+04  9.673e+04
   5.8%      0.0    4.8%  | | | | |_Reconstruct                                0.004485   0.003711  1.103e+07  1.838e+05  2.115e+05  1.642e+05  3.121e+05
   3.2%      0.0    2.6%  | | | | |_Riemann                                    0.002425   0.001945  5.991e+06  9.986e+04  3.209e+04   9.55e+04  1.188e+05
   1.2%      0.0    0.6%  | | | | |_UpdateCalcul                               0.000849   0.000682  2.099e+06  3.498e+04  2.213e+04  3.276e+04   5.16e+04
   3.0%      0.0          | | | | |_untimed
  21.2%      0.0          | | | |_untimed
   7.7%      0.0          | | |_untimed
   3.0%      0.0    0.1%  | |_CCTK_PRESTEP                                     0.002184   0.001846  5.331e+06  5.331e+05  1.498e+05  5.029e+05  6.706e+05
   2.6%      0.0    0.4%  | | |_CallFunction                                   0.001935   0.001634  4.737e+06  6.766e+04  1.698e+05  2.996e+04  1.212e+05
   4.8%      0.0    1.3%  | |_Poison                                           0.003452   0.002431  8.443e+06  8.443e+05  2.087e+05  7.879e+05  1.017e+06
---------------------------------------------------------------------------------------------------------------------------------------------------------
---------------------------------------------------------------------------------------------------------------------------------------------------------
Time      Time   Imblnc   Timer                                               gettimeof  getrusage      cycle  cycle[avg  cycle[sdv  cycle[min  cycle[max
percent   secs   percent                                                           secs       secs       secs       secs       secs       secs       secs
---------------------------------------------------------------------------------------------------------------------------------------------------------
 100.0%      0.1    0.0%  meta mode                                              0.1386     0.1054   3.39e+08   5.65e+07   1.99e+08  1.134e+04   1.95e+08
  68.3%      0.1    0.0%  |_meta mode                                           0.09469    0.07148  2.316e+08  3.859e+07  1.744e+08  1.007e+04  1.949e+08
  60.6%      0.1    1.8%  | |_global mode                                       0.08547    0.06506   2.09e+08  2.787e+06   3.75e+07  4.253e+04  1.553e+07
  54.9%      0.1    0.3%  | | |_level(0)                                        0.07631    0.05704  1.866e+08  6.665e+05  3.989e+07       3944  1.545e+07
   6.8%      0.0    2.4%  | | | |_enter_local_mode                             0.009147   0.007023  2.279e+07  2.053e+04  2.981e+05       2107  9.513e+04
   1.4%      0.0    0.5%  | | | |_enter_singlemap_mode                         0.001946   0.001405  4.672e+06       4205   2.93e+04       2107  1.468e+04
   3.0%      0.0    0.4%  | | | |_leave_local_mode                             0.004098   0.003096  1.011e+07       9101  1.264e+05       2132  6.142e+04
   1.3%      0.0    0.4%  | | | |_leave_singlemap_mode                         0.001821   0.001386  4.528e+06       4072  4.751e+04       2107  4.398e+04
  42.4%      0.1          | | | |_untimed
   4.9%      0.0          | | |_untimed
   6.6%      0.0          | |_untimed
  31.7%      0.0          | untimed
---------------------------------------------------------------------------------------------------------------------------------------------------------
--------------------------------------------------------------------------------
Done.
+ echo Stopping:
Stopping:
+ date
Thu May 28 21:40:25 UTC 2026
+ echo Done.
Done.
  Elapsed time: 1.0 s
