/home/runner/simulations/TestJob01_temp_2/output-0000/TEST/sim/GRHydro
Preparing:
+ set -e
+ cd output-0000-active
+ echo Checking:
Checking:
+ pwd
/home/runner/simulations/TestJob01_temp_2/output-0000/TEST/sim/GRHydro/output-0000-active
+ hostname
runnervm3jyl0
+ date
Fri May 29 19:03:59 UTC 2026
+ echo Environment:
Environment:
+ export CACTUS_NUM_PROCS=2
+ CACTUS_NUM_PROCS=2
+ export CACTUS_NUM_THREADS=1
+ CACTUS_NUM_THREADS=1
+ export GMON_OUT_PREFIX=gmon.out
+ GMON_OUT_PREFIX=gmon.out
+ export OMP_NUM_THREADS=1
+ OMP_NUM_THREADS=1
+ env
+ sort
+ echo Starting:
Starting:
++ date +%s
+ export CACTUS_STARTTIME=1780081439
+ CACTUS_STARTTIME=1780081439
+ '[' 2 = 1 ']'
+ mpirun -np 2 /home/runner/simulations/TestJob01_temp_2/SIMFACTORY/exe/cactus_sim -L 3 /home/runner/simulations/TestJob01_temp_2/output-0000/arrangements/EinsteinEvolve/GRHydro/test/balsara3_1d.par
INFO (Cactus): Increased logging level from 0 to 3
--------------------------------------------------------------------------------

       10                                  
  1   0101       ************************  
  01  1010 10      The Cactus Code V4.18.0    
 1010 1101 011      www.cactuscode.org     
  1001 100101    ************************  
    00010101                               
     100011     (c) Copyright The Authors  
      0100      GNU Licensed. No Warranty  
      0101                                 
--------------------------------------------------------------------------------

Cactus version:    4.18.0
Compile date:      May 29 2026 (18:19:34)
Run date:          May 29 2026 (19:03:59+0000)
Run host:          runnervm3jyl0.3jf31m1wzpwutlocd01cqhvyfd.phxx.internal.cloudapp.net (pid=178450)
Working directory: /home/runner/simulations/TestJob01_temp_2/output-0000/TEST/sim/GRHydro
Executable:        /home/runner/simulations/TestJob01_temp_2/SIMFACTORY/exe/cactus_sim
Parameter file:    /home/runner/simulations/TestJob01_temp_2/output-0000/arrangements/EinsteinEvolve/GRHydro/test/balsara3_1d.par
--------------------------------------------------------------------------------

Activating thorn Cactus...Success -> active implementation Cactus
Activation requested for 
--->Boundary CartGrid3D CoordBase Fortran InitBase IOUtil LocalReduce SymBase Time AEILocalInterp LocalInterp MoL Slab SpaceMask Carpet CarpetInterp CarpetIOASCII CarpetIOHDF5 CarpetIOScalar CarpetLib CarpetIOBasic CarpetReduce CarpetSlab LoopControl NaNChecker TerminationTrigger TimerReport ADMbase ADMmacros CoordGauge StaticConformal Constants TmunuBase HydroBase EOS_Omni GRHydro GRHydro_InitData HDF5 SystemStatistics<---
Thorn Carpet requests automatic activation of MPI
Thorn Carpet requests automatic activation of Timers
Thorn CarpetLib requests automatic activation of Vectors
Thorn CarpetLib requests automatic activation of Boost
Thorn CarpetLib requests automatic activation of CycleClock
Thorn GRHydro requests automatic activation of EOS_Polytrope
Thorn HDF5 requests automatic activation of zlib
Thorn LoopControl requests automatic activation of hwloc
Thorn EOS_Polytrope requests automatic activation of EOS_Base
Activating thorn ADMbase...Success -> active implementation ADMBase
Activating thorn ADMmacros...Success -> active implementation ADMMacros
Activating thorn AEILocalInterp...Success -> active implementation AEILocalInterp
Activating thorn Boost...Success -> active implementation Boost
Activating thorn Boundary...Success -> active implementation boundary
Activating thorn Carpet...Success -> active implementation Driver
Activating thorn CarpetInterp...Success -> active implementation interp
Activating thorn CarpetIOASCII...Success -> active implementation IOASCII
Activating thorn CarpetIOBasic...Success -> active implementation IOBasic
Activating thorn CarpetIOHDF5...Success -> active implementation IOHDF5
Activating thorn CarpetIOScalar...Success -> active implementation IOScalar
Activating thorn CarpetLib...Success -> active implementation CarpetLib
Activating thorn CarpetReduce...Success -> active implementation reduce
Activating thorn CarpetSlab...Success -> active implementation Hyperslab
Activating thorn CartGrid3D...Success -> active implementation grid
Activating thorn Constants...Success -> active implementation Constants
Activating thorn CoordBase...Success -> active implementation CoordBase
Activating thorn CoordGauge...Success -> active implementation CoordGauge
Activating thorn CycleClock...Success -> active implementation CycleClock
Activating thorn EOS_Base...Success -> active implementation EOS_Base
Activating thorn EOS_Omni...Success -> active implementation EOS_Omni
Activating thorn EOS_Polytrope...Success -> active implementation EOS_2d_Polytrope
Activating thorn Fortran...Success -> active implementation Fortran
Activating thorn GRHydro...Success -> active implementation GRHydro
Activating thorn GRHydro_InitData...Success -> active implementation GRHydro_init_data
Activating thorn HDF5...Success -> active implementation HDF5
Activating thorn hwloc...Success -> active implementation hwloc
Activating thorn HydroBase...Success -> active implementation HydroBase
Activating thorn InitBase...Success -> active implementation InitBase
Activating thorn IOUtil...Success -> active implementation IO
Activating thorn LocalInterp...Success -> active implementation LocalInterp
Activating thorn LocalReduce...Success -> active implementation LocalReduce
Activating thorn LoopControl...Success -> active implementation LoopControl
Activating thorn MoL...Success -> active implementation MethodOfLines
Activating thorn MPI...Success -> active implementation MPI
Activating thorn NaNChecker...Success -> active implementation NaNChecker
Activating thorn Slab...Success -> active implementation Slab
Activating thorn SpaceMask...Success -> active implementation SpaceMask
Activating thorn StaticConformal...Success -> active implementation StaticConformal
Activating thorn SymBase...Success -> active implementation SymBase
Activating thorn SystemStatistics...Success -> active implementation SystemStatistics
Activating thorn TerminationTrigger...Success -> active implementation TerminationTrigger
Activating thorn Time...Success -> active implementation time
Activating thorn TimerReport...Success -> active implementation timerreport
Activating thorn Timers...Success -> active implementation Timers
Activating thorn TmunuBase...Success -> active implementation TmunuBase
Activating thorn Vectors...Success -> active implementation Vectors
Activating thorn zlib...Success -> active implementation zlib
--------------------------------------------------------------------------------
  if (recover initial data)
    Recover parameters
  endif

  Startup routines
    [CCTK_STARTUP]
      Carpet::MultiModel_Startup: Multi-model Startup routine
      CycleClock::CycleClock_Setup: Set up CycleClock
      LoopControl::LC_setup: Set up LoopControl
      Timers::Timer_Startup: Prepare hierarchical timers
      Carpet::Driver_Startup: Startup routine
      IOUtil::IOUtil_Startup: Startup routine
      CarpetIOScalar::CarpetIOScalarStartup: [global] Startup routine
      CarpetInterp::CarpetInterpStartup: Startup routine
      CarpetReduce::CarpetReduceStartup: Startup routine
      CartGrid3D::SymmetryStartup: Register GH Extension for GridSymmetry
      CoordBase::CoordBase_Startup: Register a GH extension to store the coordinate system handles
      AEILocalInterp::AEILocalInterp_U_Startup: register CCTK_InterpLocalUniform() interpolation operators
      EOS_Omni::EOS_Omni_Startup: [global] Set up conversion factors and other fun stuff
      EOS_Polytrope::EOS_Polytrope_Startup: Setup the polytropic EOS
      GRHydro::GRHydro_Startup: Startup banner
      GRHydro::GRHydro_RegisterMask: Register the hydro masks
      HydroBase::HydroBase_StartUp: Startup banner
      CarpetIOASCII::CarpetIOASCIIStartup: [global] Startup routine
      LocalInterp::LocalInterp_Startup: register LocalInterp's interpolation operators
      LocalReduce::LocalReduce_Startup: Startup routine
      CarpetIOBasic::CarpetIOBasicStartup: [global] Startup routine
      MoL::MoL_Startup: Startup banner
      Slab::Slab_InitMPIDatatypes: Create MPI datatypes for complex variables in C
      SymBase::SymBase_Startup: Register GH Extension for SymBase
      TerminationTrigger::TerminationTrigger_StartSignalHandler: Start signal handler
      CarpetIOHDF5::CarpetIOHDF5_Startup: Startup routine
      Vectors::Vectors_Startup: Print startup message
      GROUP hwloc_startup: hwloc startup group
        hwloc::hwloc_version: Output hwloc version

  Startup routines which need an existing grid hierarchy
    [CCTK_WRAGH]
      ADMBase::Einstein_InitSymBound: [global] Set up GF symmetries
      Boundary::Boundary_RegisterBCs: [global] Register boundary conditions that this thorn provides
      CartGrid3D::RegisterCartGrid3DCoords: [meta] Register coordinates for the Cartesian grid
      CoordGauge::Einstein_ActivateSlicing: Initialize slicing, setup priorities for mixed slicings
      CoordGauge::Einstein_SetNextSlicing: Identify the slicing for the next iteration
      GRHydro::GRHydro_ClearLastMoLPostStep: [global] Initialize InLastMoLPostStep to zero
      MoL::MoL_SetupIndexArrays: Set up the MoL bookkeeping index arrays
      MoL::MoL_SetScheduleStatus: [global] Set the flag so it is ok to register with MoL
      TmunuBase::TmunuBase_SetStressEnergyState: [global] Set the stress_energy_state variable
      GROUP MoL_Register: The group where physics thorns register variables with MoL
        GRHydro::GRHydro_Register: Register variables for MoL
      Slab::Slab_InitTimers: Initialise timers
      SpaceMask::MaskSym: [global] Set grid symmetries for mask
      SpaceMask::MaskSym_emask: [global] Set grid symmetries for emask (compatibility mode)
      GROUP SymBase_Wrapper: Wrapper group for SymBase
        GROUP SymmetryRegister: Register your symmetries here
          CartGrid3D::CartGrid3D_RegisterSymmetryBoundaries: [meta] Register symmetry boundaries
        SymBase::SymBase_Statistics: Print symmetry boundary face descriptions
      MoL::MoL_ReportNumberVariables: [meta] Report how many of each type of variable there are
  Parameter checking routines
    [CCTK_PARAMCHECK]
      ADMBase::ADMBase_ParamCheck: [global] Check consistency of parameters
      Boundary::Boundary_Check: Check dimension of grid variables
      Carpet::CarpetParamCheck: Parameter checking routine
      CarpetLib::CarpetLib_test_prolongate_3d_rf2: [global] Test prolongation operators
      CartGrid3D::ParamCheck_CartGrid3D: Check coordinates for CartGrid3D
      Fortran::CheckFortranParameters: Test whether Fortran parameters work correctly
      GRHydro::GRHydro_ParamCheck: Check parameters
      GRHydro_InitData::GRHydro_InitData_CheckParameters: Check parameters
      MoL::MoL_ParamCheck: Basic parameter checking
      TerminationTrigger::TerminationTrigger_ParamCheck: Check consitency of parameters
      TmunuBase::TmunuBase_ParamCheck: [global] Check that no deprecated parameters are used.
      Vectors::Vectors_Test: Run correctness tests.

  Initialisation
    if (NOT (recover initial data AND recovery_mode is 'strict'))
      [CCTK_PREREGRIDINITIAL]
      Set up grid hierarchy
      [CCTK_POSTREGRIDINITIAL]
        CartGrid3D::SpatialCoordinates: Set Coordinates after regridding
        GROUP MaskBase_SetupMask: Set up the weight function
          GROUP MaskBase_SetupMaskAll: Set up the weight function
            CarpetReduce::MaskBase_AllocateMask: [global] Allocate the weight function
            CarpetReduce::MaskBase_InitMask: [global] [loop-local] Initialise the weight function
            GROUP SetupIMaskInternal: Set up the integer weight function (schedule other routines in here)
              CarpetReduce::CoordBase_SetupMask: [global] [loop-local] Set up the outer boundaries of the weight function
              CarpetReduce::CarpetMaskSetup: [global] [loop-singlemap] Set up the weight function for the restriction regions
            GROUP SetupIMask: Set up the integer weight function (schedule other routines in here)
            CarpetReduce::MaskBase_SetMask: [global] [loop-local] Set the weight function
            GROUP SetupMask: Set up the real weight function (schedule other routines in here)
            CarpetReduce::MaskBase_TestMask: [global] Test the weight function
        SpaceMask::MaskZero: Initialise mask to zero
        GRHydro::GRHydro_RefinementLevel: Calculate current refinement level
        GROUP HydroBase_ExcisionMaskSetup: Set up hydro excision mask
          HydroBase::HydroBase_InitExcisionMask: Initialize hydro excision mask to 'no excision everywhere'
        GROUP MoL_PseudoEvolutionBoundaries: Apply boundary conditions to pseudo-evolved quantities
        SpaceMask::MaskOne: Set mask to one
        GRHydro::GRHydro_SetupMask: Initialize the atmosphere mask
      [CCTK_BASEGRID]
        ADMBase::ADMBase_SetShiftStateOn: Set the shift_state variable to 1
        ADMBase::ADMBase_SetDtLapseStateOff: Set the dtlapse_state variable to 0
        ADMBase::ADMBase_SetDtShiftStateOff: Set the dtshift_state variable to 0
        ADMMacros::ADMMacros_SetLocalSpatialOrder: Initialize the local_spatial_order
        CartGrid3D::SpatialSpacings: Set up ranges for spatial 3D Cartesian coordinates (on all grids)
        CartGrid3D::SpatialCoordinates: Set up spatial 3D Cartesian coordinates on the GH
        GROUP MaskBase_SetupMask: Set up the weight function
          GROUP MaskBase_SetupMaskAll: Set up the weight function
            CarpetReduce::MaskBase_AllocateMask: [global] Allocate the weight function
            CarpetReduce::MaskBase_InitMask: [global] [loop-local] Initialise the weight function
            GROUP SetupIMaskInternal: Set up the integer weight function (schedule other routines in here)
              CarpetReduce::CoordBase_SetupMask: [global] [loop-local] Set up the outer boundaries of the weight function
              CarpetReduce::CarpetMaskSetup: [global] [loop-singlemap] Set up the weight function for the restriction regions
            GROUP SetupIMask: Set up the integer weight function (schedule other routines in here)
            CarpetReduce::MaskBase_SetMask: [global] [loop-local] Set the weight function
            GROUP SetupMask: Set up the real weight function (schedule other routines in here)
            CarpetReduce::MaskBase_TestMask: [global] Test the weight function
        GRHydro::GRHydro_Reset_Execution_Flags: [global] Initially set execution flags to 'YEAH, Execute'!
        GRHydro::GRHydro_InitSymBound: Schedule symmetries and check shift state
        GRHydro::reset_GRHydro_C2P_failed: Initialise the mask function that contains the points where C2P has failed (at BASEGRID)
        NaNChecker::NaNChecker_ResetCounter: [global] Reset the NaNChecker::NaNsFound counter
        SpaceMask::MaskZero: Initialise mask to zero
        SpaceMask::MaskOne: Set old style mask to one
        SymBase::SymBase_Check: Check whether the driver set up the grid consistently
        TerminationTrigger::TerminationTrigger_ResetTrigger: Clear trigger state
        TerminationTrigger::TerminationTrigger_StartTimer: Start timer
        TerminationTrigger::TerminationTrigger_CreateFile: Create termination file
        Time::Time_Initialise: [global] Initialise Time variables
        Time::TemporalSpacings: [singlemap] Set timestep based on Courant condition (courant_static)
      [CCTK_INITIAL]
        StaticConformal::StaticConformal_InitialiseState: Set the conformal_state variable to 0
        GROUP ADMBase_InitialData: Schedule group for calculating ADM initial data
          ADMBase::ADMBase_CartesianMinkowski: Set the metric and extrinsic curvature to cartesian minkowski values
        GRHydro::GRHydro_EOSHandle: [global] Set the EOS number
        CarpetIOASCII::CarpetIOASCIIInit: [global] Initialisation routine
        CarpetIOBasic::CarpetIOBasicInit: [global] Initialisation routine
        CarpetIOHDF5::CarpetIOHDF5_Init: [global] Initialisation routine
        CarpetIOScalar::CarpetIOScalarInit: [global] Initialisation routine
        GRHydro::GRHydro_Rho_Minima_Setup: Set up minimum for the rest-mass density in the atmosphere (before intial data)
        GRHydro::GRHydro_SetupMask: Initialize the atmosphere mask
        GRHydro::GRHydro_RefinementLevel: Calculate current refinement level
        GROUP ADMBase_InitialGauge: Schedule group for the ADM initial gauge condition
          ADMBase::ADMBase_LapseOne: Set the lapse to 1 at all points
          ADMBase::ADMBase_ShiftZero: Set the shift to 0 at all points
        GROUP HydroBase_Initial: HydroBase initial data group
          GROUP GRHydro_Initial: GRHydro initial data group
          GRHydro::GRHydro_DivBInit: Set divB initially to zero
          GRHydro_InitData::GRHydro_shocktubeM: Shocktube initial data - MHD version
          GROUP HydroBase_ExcisionMaskSetup: Set up hydro excision mask
            HydroBase::HydroBase_InitExcisionMask: Initialize hydro excision mask to 'no excision everywhere'
        GROUP ADMBase_PostInitial: Schedule group for modifying the ADM initial data, such as e.g. adding noise
        GRHydro::GRHydro_SqrtSpatialDeterminant: Calculate sdetg
        GRHydro::GRHydro_InitialAtmosphereReset: Use mask to enforce atmosphere at initial time
        MoL::MoL_StartLoop: [level] Initialise the step size control
        GROUP HydroBase_Prim2ConInitial: Recover the conservative variables from the primitive variables
          GRHydro::Primitive2ConservativeCellsM: Convert initial data given in primive variables to conserved variables - MHD version
      [CCTK_POSTINITIAL]
        CarpetIOHDF5::CarpetIOHDF5_CloseFiles: [global] Close all filereader input files
        GRHydro::GRHydro_Scalar_Setup: Set up and check scalars for efficiency
        GROUP MoL_PostStepModify: The group for physics thorns to schedule enforcing constraints
        GROUP MoL_PostStep: Ensure that everything is correct after the initial data have been set up
          ADMBase::ADMBase_Boundaries: [level] Select ADMBase boundary conditions - may be required for mesh refinement
          GROUP ADMBase_ApplyBCs: Apply the boundary conditions of ADMBase
            GROUP BoundaryConditions: Execute all boundary conditions
              Boundary::Boundary_ApplyPhysicalBCs: Apply all requested local physical boundary conditions
              CartGrid3D::CartGrid3D_ApplyBC: Apply symmetry boundary conditions
            Boundary::Boundary_ClearSelection: [level] Unselect all grid variables for boundary conditions
          GROUP ADMBase_SetADMVars: Set the ADM variables before this group, and use them afterwards
          GRHydro::GRHydro_RefinementLevel: Calculate current refinement level
          GRHydro::GRHydro_SetLastMoLPostStep: [level] Set grid scalar InLastMoLPostStep if this is the last MoL PostStep call
          GROUP HydroBase_PostStep: Post step tasks for hydro thorns
            GROUP GRHydro_PostStep: Post step tasks for GRHydro
            GROUP GRHydro_AtmosphereMaskBoundaries: Apply boundary conditions to primitives
              GRHydro::GRHydro_SelectAtmosphereMaskBoundaries: [level] Select atmosphere mask for boundary conditions
              GROUP GRHydro_ApplyAtmosphereMaskBCs: Apply boundary conditions to real-valued atmosphere mask
                GROUP BoundaryConditions: Execute all boundary conditions
                  Boundary::Boundary_ApplyPhysicalBCs: Apply all requested local physical boundary conditions
                  CartGrid3D::CartGrid3D_ApplyBC: Apply symmetry boundary conditions
                Boundary::Boundary_ClearSelection: [level] Unselect all grid variables for boundary conditions
            GRHydro::GRHydroPostSyncAtmosphereMask: Set integer atmosphere mask from synchronized real atmosphere mask
            if (GRHydro::InLastMoLPostStep)
              GRHydro::GRHydro_AtmosphereResetM: Reset the atmosphere - MHD version
            GRHydro::GRHydro_CalcBcom: Compute comoving magnetic field, pressure, etc...
            GROUP HydroBase_Boundaries: HydroBase-internal Boundary conditions group
              GROUP Do_GRHydro_Boundaries: GRHydro Boundary conditions group
              GROUP HydroBase_Select_Boundaries: Group to schedule the boundary condition functions
                if (GRHydro::execute_MoL_PostStep)
                  GRHydro::GRHydro_Bound: [level] Select GRHydro boundary conditions
              GROUP HydroBase_ApplyBCs: Apply the boundary conditions of HydroBase
                GROUP BoundaryConditions: Execute all boundary conditions
                  Boundary::Boundary_ApplyPhysicalBCs: Apply all requested local physical boundary conditions
                  CartGrid3D::CartGrid3D_ApplyBC: Apply symmetry boundary conditions
                Boundary::Boundary_ClearSelection: [level] Unselect all grid variables for boundary conditions
            GROUP HydroBase_Con2Prim: Convert from conservative to primitive variables
              if (GRHydro::execute_MoL_Step)
                GRHydro::GRHydro_SqrtSpatialDeterminant: Calculate sdetg
              if (GRHydro::execute_MoL_PostStep)
                GRHydro::Con2Prim: Convert back to primitive variables (general) - MHD version
        GROUP MoL_PseudoEvolution: Calculate pseudo-evolved quantities
          GROUP ADMBase_SetADMVars: Set the ADM variables before this group, and use them afterwards
          GROUP GRHydroAnalysis: Calculate analysis quantities
            GRHydro::GRHydro_CalcDivB: Calculate divB
            GROUP GRHydro_ApplyDivBBCs: Apply boundary conditions to divB
              GROUP BoundaryConditions: Execute all boundary conditions
                Boundary::Boundary_ApplyPhysicalBCs: Apply all requested local physical boundary conditions
                CartGrid3D::CartGrid3D_ApplyBC: Apply symmetry boundary conditions
              Boundary::Boundary_ClearSelection: [level] Unselect all grid variables for boundary conditions
      Initialise finer grids recursively
      Restrict from finer grids
      [CCTK_POSTRESTRICTINITIAL]
        GROUP MoL_PostStep: Ensure that everything is correct after restriction
          ADMBase::ADMBase_Boundaries: [level] Select ADMBase boundary conditions - may be required for mesh refinement
          GROUP ADMBase_ApplyBCs: Apply the boundary conditions of ADMBase
            GROUP BoundaryConditions: Execute all boundary conditions
              Boundary::Boundary_ApplyPhysicalBCs: Apply all requested local physical boundary conditions
              CartGrid3D::CartGrid3D_ApplyBC: Apply symmetry boundary conditions
            Boundary::Boundary_ClearSelection: [level] Unselect all grid variables for boundary conditions
          GROUP ADMBase_SetADMVars: Set the ADM variables before this group, and use them afterwards
          GRHydro::GRHydro_RefinementLevel: Calculate current refinement level
          GRHydro::GRHydro_SetLastMoLPostStep: [level] Set grid scalar InLastMoLPostStep if this is the last MoL PostStep call
          GROUP HydroBase_PostStep: Post step tasks for hydro thorns
            GROUP GRHydro_PostStep: Post step tasks for GRHydro
            GROUP GRHydro_AtmosphereMaskBoundaries: Apply boundary conditions to primitives
              GRHydro::GRHydro_SelectAtmosphereMaskBoundaries: [level] Select atmosphere mask for boundary conditions
              GROUP GRHydro_ApplyAtmosphereMaskBCs: Apply boundary conditions to real-valued atmosphere mask
                GROUP BoundaryConditions: Execute all boundary conditions
                  Boundary::Boundary_ApplyPhysicalBCs: Apply all requested local physical boundary conditions
                  CartGrid3D::CartGrid3D_ApplyBC: Apply symmetry boundary conditions
                Boundary::Boundary_ClearSelection: [level] Unselect all grid variables for boundary conditions
            GRHydro::GRHydroPostSyncAtmosphereMask: Set integer atmosphere mask from synchronized real atmosphere mask
            if (GRHydro::InLastMoLPostStep)
              GRHydro::GRHydro_AtmosphereResetM: Reset the atmosphere - MHD version
            GRHydro::GRHydro_CalcBcom: Compute comoving magnetic field, pressure, etc...
            GROUP HydroBase_Boundaries: HydroBase-internal Boundary conditions group
              GROUP Do_GRHydro_Boundaries: GRHydro Boundary conditions group
              GROUP HydroBase_Select_Boundaries: Group to schedule the boundary condition functions
                if (GRHydro::execute_MoL_PostStep)
                  GRHydro::GRHydro_Bound: [level] Select GRHydro boundary conditions
              GROUP HydroBase_ApplyBCs: Apply the boundary conditions of HydroBase
                GROUP BoundaryConditions: Execute all boundary conditions
                  Boundary::Boundary_ApplyPhysicalBCs: Apply all requested local physical boundary conditions
                  CartGrid3D::CartGrid3D_ApplyBC: Apply symmetry boundary conditions
                Boundary::Boundary_ClearSelection: [level] Unselect all grid variables for boundary conditions
            GROUP HydroBase_Con2Prim: Convert from conservative to primitive variables
              if (GRHydro::execute_MoL_Step)
                GRHydro::GRHydro_SqrtSpatialDeterminant: Calculate sdetg
              if (GRHydro::execute_MoL_PostStep)
                GRHydro::Con2Prim: Convert back to primitive variables (general) - MHD version
        GROUP MoL_PseudoEvolutionBoundaries: Apply boundary conditions to pseudo-evolved quantities
      [CCTK_POSTPOSTINITIAL]
        GRHydro::GRHydro_Rho_Minima_Setup_Final: Set the value of the rest-mass density of the atmosphere which will be used during the evolution
        GRHydro::GRHydro_InitialAtmosphereResetM: Use mask to enforce atmosphere at initial time
        GROUP Con2Prim: Convert from conservative to primitive variables (might be redundant)
          if (GRHydro::execute_MoL_Step)
            GRHydro::GRHydro_SqrtSpatialDeterminant: Calculate sdetg
          if (GRHydro::execute_MoL_PostStep)
            GRHydro::Con2Prim: Convert back to primitive variables (general) - MHD version
        GROUP SetTmunu: Calculate the stress-energy tensor
        GROUP ADMConstraintsGroup: Evaluate ADM constraints, and perform symmetry boundary conditions
      [CCTK_POSTSTEP]
        GRHydro::GRHydro_RefinementLevel: Calculate current refinement level (for the check of the C2P mask)
        GRHydro::check_GRHydro_C2P_failed: Check the mask function that contains the points where C2P has failed and report an error in case a failure is found
        GROUP HydroBase_ExcisionHasBeenSet: Group to schedule thorns changing the mask before and thorns using the mask after
        GROUP zzz_NaNChecker_NaNCheck: Check for NaNs and count them in NaNChecker::NaNsFound
          NaNChecker::NaNChecker_NaNCheck_Prepare: [level] Prepare data structures to check for NaNs
          NaNChecker::NaNChecker_NaNCheck_Check: [local] Check for NaNs
          NaNChecker::NaNChecker_NaNCheck_Finish: [level] Count NaNs in NaNChecker::NaNsFound
        NaNChecker::NaNChecker_TakeAction: [global] [loop-level] Output NaNChecker::NaNmask and take action according to NaNChecker::action_if_found
        SpaceMask::CheckMask: Ensure that all mask values are legal
    endif
    if (recover initial data)
      [CCTK_BASEGRID]
        ADMBase::ADMBase_SetShiftStateOn: Set the shift_state variable to 1
        ADMBase::ADMBase_SetDtLapseStateOff: Set the dtlapse_state variable to 0
        ADMBase::ADMBase_SetDtShiftStateOff: Set the dtshift_state variable to 0
        ADMMacros::ADMMacros_SetLocalSpatialOrder: Initialize the local_spatial_order
        CartGrid3D::SpatialSpacings: Set up ranges for spatial 3D Cartesian coordinates (on all grids)
        CartGrid3D::SpatialCoordinates: Set up spatial 3D Cartesian coordinates on the GH
        GROUP MaskBase_SetupMask: Set up the weight function
          GROUP MaskBase_SetupMaskAll: Set up the weight function
            CarpetReduce::MaskBase_AllocateMask: [global] Allocate the weight function
            CarpetReduce::MaskBase_InitMask: [global] [loop-local] Initialise the weight function
            GROUP SetupIMaskInternal: Set up the integer weight function (schedule other routines in here)
              CarpetReduce::CoordBase_SetupMask: [global] [loop-local] Set up the outer boundaries of the weight function
              CarpetReduce::CarpetMaskSetup: [global] [loop-singlemap] Set up the weight function for the restriction regions
            GROUP SetupIMask: Set up the integer weight function (schedule other routines in here)
            CarpetReduce::MaskBase_SetMask: [global] [loop-local] Set the weight function
            GROUP SetupMask: Set up the real weight function (schedule other routines in here)
            CarpetReduce::MaskBase_TestMask: [global] Test the weight function
        GRHydro::GRHydro_Reset_Execution_Flags: [global] Initially set execution flags to 'YEAH, Execute'!
        GRHydro::GRHydro_InitSymBound: Schedule symmetries and check shift state
        GRHydro::reset_GRHydro_C2P_failed: Initialise the mask function that contains the points where C2P has failed (at BASEGRID)
        NaNChecker::NaNChecker_ResetCounter: [global] Reset the NaNChecker::NaNsFound counter
        SpaceMask::MaskZero: Initialise mask to zero
        SpaceMask::MaskOne: Set old style mask to one
        SymBase::SymBase_Check: Check whether the driver set up the grid consistently
        TerminationTrigger::TerminationTrigger_ResetTrigger: Clear trigger state
        TerminationTrigger::TerminationTrigger_StartTimer: Start timer
        TerminationTrigger::TerminationTrigger_CreateFile: Create termination file
        Time::Time_Initialise: [global] Initialise Time variables
        Time::TemporalSpacings: [singlemap] Set timestep based on Courant condition (courant_static)
      [CCTK_RECOVER_VARIABLES]
      [CCTK_POST_RECOVER_VARIABLES]
        CarpetIOHDF5::CarpetIOHDF5_InitCheckpointingIntervals: [global] Initialisation of checkpointing intervals after recovery
        GROUP MaskBase_SetupMask: Set up the weight function
          GROUP MaskBase_SetupMaskAll: Set up the weight function
            CarpetReduce::MaskBase_AllocateMask: [global] Allocate the weight function
            CarpetReduce::MaskBase_InitMask: [global] [loop-local] Initialise the weight function
            GROUP SetupIMaskInternal: Set up the integer weight function (schedule other routines in here)
              CarpetReduce::CoordBase_SetupMask: [global] [loop-local] Set up the outer boundaries of the weight function
              CarpetReduce::CarpetMaskSetup: [global] [loop-singlemap] Set up the weight function for the restriction regions
            GROUP SetupIMask: Set up the integer weight function (schedule other routines in here)
            CarpetReduce::MaskBase_SetMask: [global] [loop-local] Set the weight function
            GROUP SetupMask: Set up the real weight function (schedule other routines in here)
            CarpetReduce::MaskBase_TestMask: [global] Test the weight function
        GRHydro::GRHydro_EOSHandle: [global] Set the EOS number
        GRHydro::GRHydroCopyIntegerMask: Initialize the real valued atmosphere mask after checkpoint recovery
        GRHydro::GRHydro_SqrtSpatialDeterminant: Calculate sdetg
        GROUP HydroBase_ExcisionMaskSetup: Set up hydro excision mask
          HydroBase::HydroBase_InitExcisionMask: Initialize hydro excision mask to 'no excision everywhere'
        GROUP MoL_PostStep: Ensure that everything is correct after recovery
          ADMBase::ADMBase_Boundaries: [level] Select ADMBase boundary conditions - may be required for mesh refinement
          GROUP ADMBase_ApplyBCs: Apply the boundary conditions of ADMBase
            GROUP BoundaryConditions: Execute all boundary conditions
              Boundary::Boundary_ApplyPhysicalBCs: Apply all requested local physical boundary conditions
              CartGrid3D::CartGrid3D_ApplyBC: Apply symmetry boundary conditions
            Boundary::Boundary_ClearSelection: [level] Unselect all grid variables for boundary conditions
          GROUP ADMBase_SetADMVars: Set the ADM variables before this group, and use them afterwards
          GRHydro::GRHydro_RefinementLevel: Calculate current refinement level
          GRHydro::GRHydro_SetLastMoLPostStep: [level] Set grid scalar InLastMoLPostStep if this is the last MoL PostStep call
          GROUP HydroBase_PostStep: Post step tasks for hydro thorns
            GROUP GRHydro_PostStep: Post step tasks for GRHydro
            GROUP GRHydro_AtmosphereMaskBoundaries: Apply boundary conditions to primitives
              GRHydro::GRHydro_SelectAtmosphereMaskBoundaries: [level] Select atmosphere mask for boundary conditions
              GROUP GRHydro_ApplyAtmosphereMaskBCs: Apply boundary conditions to real-valued atmosphere mask
                GROUP BoundaryConditions: Execute all boundary conditions
                  Boundary::Boundary_ApplyPhysicalBCs: Apply all requested local physical boundary conditions
                  CartGrid3D::CartGrid3D_ApplyBC: Apply symmetry boundary conditions
                Boundary::Boundary_ClearSelection: [level] Unselect all grid variables for boundary conditions
            GRHydro::GRHydroPostSyncAtmosphereMask: Set integer atmosphere mask from synchronized real atmosphere mask
            if (GRHydro::InLastMoLPostStep)
              GRHydro::GRHydro_AtmosphereResetM: Reset the atmosphere - MHD version
            GRHydro::GRHydro_CalcBcom: Compute comoving magnetic field, pressure, etc...
            GROUP HydroBase_Boundaries: HydroBase-internal Boundary conditions group
              GROUP Do_GRHydro_Boundaries: GRHydro Boundary conditions group
              GROUP HydroBase_Select_Boundaries: Group to schedule the boundary condition functions
                if (GRHydro::execute_MoL_PostStep)
                  GRHydro::GRHydro_Bound: [level] Select GRHydro boundary conditions
              GROUP HydroBase_ApplyBCs: Apply the boundary conditions of HydroBase
                GROUP BoundaryConditions: Execute all boundary conditions
                  Boundary::Boundary_ApplyPhysicalBCs: Apply all requested local physical boundary conditions
                  CartGrid3D::CartGrid3D_ApplyBC: Apply symmetry boundary conditions
                Boundary::Boundary_ClearSelection: [level] Unselect all grid variables for boundary conditions
            GROUP HydroBase_Con2Prim: Convert from conservative to primitive variables
              if (GRHydro::execute_MoL_Step)
                GRHydro::GRHydro_SqrtSpatialDeterminant: Calculate sdetg
              if (GRHydro::execute_MoL_PostStep)
                GRHydro::Con2Prim: Convert back to primitive variables (general) - MHD version
        GROUP zzz_NaNChecker_NaNCheck: Check for NaNs and count them in NaNChecker::NaNsFound
          NaNChecker::NaNChecker_NaNCheck_Prepare: [level] Prepare data structures to check for NaNs
          NaNChecker::NaNChecker_NaNCheck_Check: [local] Check for NaNs
          NaNChecker::NaNChecker_NaNCheck_Finish: [level] Count NaNs in NaNChecker::NaNsFound
        NaNChecker::NaNChecker_TakeAction: [global] [loop-level] Output NaNChecker::NaNmask and take action according to NaNChecker::action_if_found
        TerminationTrigger::TerminationTrigger_ResetMinutes: [global] Reset Watchtime
    endif
    if (checkpoint initial data)
      [CCTK_CPINITIAL]
        CarpetIOHDF5::CarpetIOHDF5_InitialDataCheckpoint: [meta] Initial data checkpoint routine
    endif
    if (analysis)
      [CCTK_ANALYSIS]
        CarpetLib::CarpetLib_printtimestats: [global] Print timing statistics if desired
        CarpetLib::CarpetLib_printmemstats: [global] Print memory statistics if desired
        LoopControl::LC_statistics_analysis: [meta] Output LoopControl statistics
        SystemStatistics::SystemStatistics_Collect: [global] Collect system statistics
        TerminationTrigger::TerminationTrigger_CheckWalltime: Check elapsed job walltime
        TerminationTrigger::TerminationTrigger_CheckSignal: Check if we received a termination signal
        TerminationTrigger::TerminationTrigger_CheckFile: Check termination file
        TimerReport::zzz_TimerReport_Output: [global] Print the timer report
  endif
  Output grid variables

  do loop over timesteps
    [CCTK_PREREGRID]
    Change grid hierarchy
    [CCTK_POSTREGRID]
      CartGrid3D::SpatialCoordinates: Set Coordinates after regridding
      GROUP MaskBase_SetupMask: Set up the weight function
        GROUP MaskBase_SetupMaskAll: Set up the weight function
          CarpetReduce::MaskBase_AllocateMask: [global] Allocate the weight function
          CarpetReduce::MaskBase_InitMask: [global] [loop-local] Initialise the weight function
          GROUP SetupIMaskInternal: Set up the integer weight function (schedule other routines in here)
            CarpetReduce::CoordBase_SetupMask: [global] [loop-local] Set up the outer boundaries of the weight function
            CarpetReduce::CarpetMaskSetup: [global] [loop-singlemap] Set up the weight function for the restriction regions
          GROUP SetupIMask: Set up the integer weight function (schedule other routines in here)
          CarpetReduce::MaskBase_SetMask: [global] [loop-local] Set the weight function
          GROUP SetupMask: Set up the real weight function (schedule other routines in here)
          CarpetReduce::MaskBase_TestMask: [global] Test the weight function
      SpaceMask::MaskZero: Initialise mask to zero
      GROUP HydroBase_ExcisionMaskSetup: Set up hydro excision mask
        HydroBase::HydroBase_InitExcisionMask: Initialize hydro excision mask to 'no excision everywhere'
      SpaceMask::MaskOne: Set mask to one
      GRHydro::GRHydro_SetupMask: Initialize the atmosphere mask
      GROUP MoL_PostStep: Ensure that everything is correct after regridding
        ADMBase::ADMBase_Boundaries: [level] Select ADMBase boundary conditions - may be required for mesh refinement
        GROUP ADMBase_ApplyBCs: Apply the boundary conditions of ADMBase
          GROUP BoundaryConditions: Execute all boundary conditions
            Boundary::Boundary_ApplyPhysicalBCs: Apply all requested local physical boundary conditions
            CartGrid3D::CartGrid3D_ApplyBC: Apply symmetry boundary conditions
          Boundary::Boundary_ClearSelection: [level] Unselect all grid variables for boundary conditions
        GROUP ADMBase_SetADMVars: Set the ADM variables before this group, and use them afterwards
        GRHydro::GRHydro_RefinementLevel: Calculate current refinement level
        GRHydro::GRHydro_SetLastMoLPostStep: [level] Set grid scalar InLastMoLPostStep if this is the last MoL PostStep call
        GROUP HydroBase_PostStep: Post step tasks for hydro thorns
          GROUP GRHydro_PostStep: Post step tasks for GRHydro
          GROUP GRHydro_AtmosphereMaskBoundaries: Apply boundary conditions to primitives
            GRHydro::GRHydro_SelectAtmosphereMaskBoundaries: [level] Select atmosphere mask for boundary conditions
            GROUP GRHydro_ApplyAtmosphereMaskBCs: Apply boundary conditions to real-valued atmosphere mask
              GROUP BoundaryConditions: Execute all boundary conditions
                Boundary::Boundary_ApplyPhysicalBCs: Apply all requested local physical boundary conditions
                CartGrid3D::CartGrid3D_ApplyBC: Apply symmetry boundary conditions
              Boundary::Boundary_ClearSelection: [level] Unselect all grid variables for boundary conditions
          GRHydro::GRHydroPostSyncAtmosphereMask: Set integer atmosphere mask from synchronized real atmosphere mask
          if (GRHydro::InLastMoLPostStep)
            GRHydro::GRHydro_AtmosphereResetM: Reset the atmosphere - MHD version
          GRHydro::GRHydro_CalcBcom: Compute comoving magnetic field, pressure, etc...
          GROUP HydroBase_Boundaries: HydroBase-internal Boundary conditions group
            GROUP Do_GRHydro_Boundaries: GRHydro Boundary conditions group
            GROUP HydroBase_Select_Boundaries: Group to schedule the boundary condition functions
              if (GRHydro::execute_MoL_PostStep)
                GRHydro::GRHydro_Bound: [level] Select GRHydro boundary conditions
            GROUP HydroBase_ApplyBCs: Apply the boundary conditions of HydroBase
              GROUP BoundaryConditions: Execute all boundary conditions
                Boundary::Boundary_ApplyPhysicalBCs: Apply all requested local physical boundary conditions
                CartGrid3D::CartGrid3D_ApplyBC: Apply symmetry boundary conditions
              Boundary::Boundary_ClearSelection: [level] Unselect all grid variables for boundary conditions
          GROUP HydroBase_Con2Prim: Convert from conservative to primitive variables
            if (GRHydro::execute_MoL_Step)
              GRHydro::GRHydro_SqrtSpatialDeterminant: Calculate sdetg
            if (GRHydro::execute_MoL_PostStep)
              GRHydro::Con2Prim: Convert back to primitive variables (general) - MHD version
      GROUP MoL_PseudoEvolutionBoundaries: Apply boundary conditions to pseudo-evolved quantities
    Rotate timelevels
    iteration = iteration+1
    t = t+dt
    [CCTK_PRESTEP]
      ADMBase::ADMBase_LapseStatic: Copy the lapse to the current time level
      ADMBase::ADMBase_ShiftStatic: Copy the shift to the current time level
      ADMBase::ADMBase_Static: Copy the metric and extrinsic curvature to the current time level
      CoordGauge::Einstein_SetNextSlicing: Identify the slicing for the next iteration
      GRHydro::reset_GRHydro_C2P_failed: Reset the mask function that contains the points where C2P has failed (at PRESTEP)
      LoopControl::LC_steer: [meta] Update LoopControl algorithm preferences
      NaNChecker::NaNChecker_ResetCounter: [global] Reset the NaNChecker::NaNsFound counter
    [CCTK_EVOL]
      MoL::MoL_StartLoop: [level] Initialise the step size control
      while (MoL::MoL_Stepsize_Bad)
        GROUP MoL_Evolution: A single Cactus evolution step using MoL
          GROUP MoL_StartStep: MoL internal setup for the evolution step
            MoL::MoL_SetCounter: [level] Set the counter for the ODE method to loop over
            MoL::MoL_SetTime: [level] Ensure the correct time and timestep are used
            MoL::MoL_AllocateScratchSpace: [level] Allocate storage for scratch levels
          GROUP MoL_PreStep: Physics thorns can schedule preloop setup routines in here
            GRHydro::GRHydro_Scalar_Setup: Set up and check scalars for efficiency
          MoL::MoL_AllocateScratch: Allocate sufficient space for array scratch variables
          MoL::MoL_InitialCopy: Ensure the data is in the correct timelevel
          while (MoL::MoL_Intermediate_Step)
            GROUP MoL_Step: The loop over the intermediate steps for the ODE integrator
              MoL::MoL_InitRHS: Initialise the RHS functions
              GROUP MoL_CalcRHS: Physics thorns schedule the calculation of the discrete spatial operator in here
                GROUP HydroBase_RHS: Groups for scheduling tasks for calculating RHS of hydro variables
                  if (GRHydro::execute_MoL_Step)
                    GROUP GRHydroRHS: Calculate the update terms
                      GRHydro::SourceTerms: Source term calculation
                      GRHydro::GRHydroStartLoop: [level] Set the flux_direction variable
                      while (GRHydro::flux_direction)
                        GROUP FluxTerms: Calculation of intercell fluxes
                          GRHydro::GRHydro_RefinementLevel: Calculate current refinement level
                          GRHydro::Reconstruct: Reconstruct the functions at the cell boundaries
                          GRHydro::Riemann: Solve the local Riemann problems - MHD version
                          GRHydro::UpdateCalcul: Calculate the update term from the fluxes
                          GRHydro::GRHydroAdvanceLoop: [level] Decrement the flux_direction variable
                      end while
                      GRHydro::GRHydroUpdateAtmosphereMask: Alter the update terms if inside the atmosphere region
              GROUP MoL_PostRHS: Modify RHS functions
              GROUP MoL_RHSBoundaries: Any 'final' modifications to the RHS functions (boundaries etc.)
              MoL::MoL_Add: Updates calculated with the efficient Runge-Kutta 2 method
              MoL::MoL_DecrementCounter: [level] Alter the counter number
              MoL::MoL_ResetTime: [level] If necessary, change the time
              GROUP MoL_PostStepModify: The group for physics thorns to schedule enforcing constraints
              GROUP MoL_PostStep: The group for physics thorns to schedule boundary calls etc.
                ADMBase::ADMBase_Boundaries: [level] Select ADMBase boundary conditions - may be required for mesh refinement
                GROUP ADMBase_ApplyBCs: Apply the boundary conditions of ADMBase
                  GROUP BoundaryConditions: Execute all boundary conditions
                    Boundary::Boundary_ApplyPhysicalBCs: Apply all requested local physical boundary conditions
                    CartGrid3D::CartGrid3D_ApplyBC: Apply symmetry boundary conditions
                  Boundary::Boundary_ClearSelection: [level] Unselect all grid variables for boundary conditions
                GROUP ADMBase_SetADMVars: Set the ADM variables before this group, and use them afterwards
                GRHydro::GRHydro_RefinementLevel: Calculate current refinement level
                GRHydro::GRHydro_SetLastMoLPostStep: [level] Set grid scalar InLastMoLPostStep if this is the last MoL PostStep call
                GROUP HydroBase_PostStep: Post step tasks for hydro thorns
                  GROUP GRHydro_PostStep: Post step tasks for GRHydro
                  GROUP GRHydro_AtmosphereMaskBoundaries: Apply boundary conditions to primitives
                    GRHydro::GRHydro_SelectAtmosphereMaskBoundaries: [level] Select atmosphere mask for boundary conditions
                    GROUP GRHydro_ApplyAtmosphereMaskBCs: Apply boundary conditions to real-valued atmosphere mask
                      GROUP BoundaryConditions: Execute all boundary conditions
                        Boundary::Boundary_ApplyPhysicalBCs: Apply all requested local physical boundary conditions
                        CartGrid3D::CartGrid3D_ApplyBC: Apply symmetry boundary conditions
                      Boundary::Boundary_ClearSelection: [level] Unselect all grid variables for boundary conditions
                  GRHydro::GRHydroPostSyncAtmosphereMask: Set integer atmosphere mask from synchronized real atmosphere mask
                  if (GRHydro::InLastMoLPostStep)
                    GRHydro::GRHydro_AtmosphereResetM: Reset the atmosphere - MHD version
                  GRHydro::GRHydro_CalcBcom: Compute comoving magnetic field, pressure, etc...
                  GROUP HydroBase_Boundaries: HydroBase-internal Boundary conditions group
                    GROUP Do_GRHydro_Boundaries: GRHydro Boundary conditions group
                    GROUP HydroBase_Select_Boundaries: Group to schedule the boundary condition functions
                      if (GRHydro::execute_MoL_PostStep)
                        GRHydro::GRHydro_Bound: [level] Select GRHydro boundary conditions
                    GROUP HydroBase_ApplyBCs: Apply the boundary conditions of HydroBase
                      GROUP BoundaryConditions: Execute all boundary conditions
                        Boundary::Boundary_ApplyPhysicalBCs: Apply all requested local physical boundary conditions
                        CartGrid3D::CartGrid3D_ApplyBC: Apply symmetry boundary conditions
                      Boundary::Boundary_ClearSelection: [level] Unselect all grid variables for boundary conditions
                  GROUP HydroBase_Con2Prim: Convert from conservative to primitive variables
                    if (GRHydro::execute_MoL_Step)
                      GRHydro::GRHydro_SqrtSpatialDeterminant: Calculate sdetg
                    if (GRHydro::execute_MoL_PostStep)
                      GRHydro::Con2Prim: Convert back to primitive variables (general) - MHD version
              GRHydro::GRHydro_ClearLastMoLPostStep: [level] Reset InLastMoLPostStep to zero
              MoL::MoL_ResetDeltaTime: [level] If necessary, change the timestep
          end while
          MoL::MoL_FinishLoop: [level] Control the step size
          MoL::MoL_RestoreSandR: Restoring the Save and Restore variables to the original state
          MoL::MoL_FreeScratchSpace: [level] Free storage for scratch levels
      end while
      GRHydro::sync_GRHydro_C2P_failed: Syncronise the mask function that contains the points where C2P has failed
      GROUP MoL_PseudoEvolution: Calculate pseudo-evolved quantities
        GROUP ADMBase_SetADMVars: Set the ADM variables before this group, and use them afterwards
        GROUP GRHydroAnalysis: Calculate analysis quantities
          GRHydro::GRHydro_CalcDivB: Calculate divB
          GROUP GRHydro_ApplyDivBBCs: Apply boundary conditions to divB
            GROUP BoundaryConditions: Execute all boundary conditions
              Boundary::Boundary_ApplyPhysicalBCs: Apply all requested local physical boundary conditions
              CartGrid3D::CartGrid3D_ApplyBC: Apply symmetry boundary conditions
            Boundary::Boundary_ClearSelection: [level] Unselect all grid variables for boundary conditions
    Evolve finer grids recursively
    Restrict from finer grids
    [CCTK_POSTRESTRICT]
      GROUP MoL_PostStep: Ensure that everything is correct after restriction
        ADMBase::ADMBase_Boundaries: [level] Select ADMBase boundary conditions - may be required for mesh refinement
        GROUP ADMBase_ApplyBCs: Apply the boundary conditions of ADMBase
          GROUP BoundaryConditions: Execute all boundary conditions
            Boundary::Boundary_ApplyPhysicalBCs: Apply all requested local physical boundary conditions
            CartGrid3D::CartGrid3D_ApplyBC: Apply symmetry boundary conditions
          Boundary::Boundary_ClearSelection: [level] Unselect all grid variables for boundary conditions
        GROUP ADMBase_SetADMVars: Set the ADM variables before this group, and use them afterwards
        GRHydro::GRHydro_RefinementLevel: Calculate current refinement level
        GRHydro::GRHydro_SetLastMoLPostStep: [level] Set grid scalar InLastMoLPostStep if this is the last MoL PostStep call
        GROUP HydroBase_PostStep: Post step tasks for hydro thorns
          GROUP GRHydro_PostStep: Post step tasks for GRHydro
          GROUP GRHydro_AtmosphereMaskBoundaries: Apply boundary conditions to primitives
            GRHydro::GRHydro_SelectAtmosphereMaskBoundaries: [level] Select atmosphere mask for boundary conditions
            GROUP GRHydro_ApplyAtmosphereMaskBCs: Apply boundary conditions to real-valued atmosphere mask
              GROUP BoundaryConditions: Execute all boundary conditions
                Boundary::Boundary_ApplyPhysicalBCs: Apply all requested local physical boundary conditions
                CartGrid3D::CartGrid3D_ApplyBC: Apply symmetry boundary conditions
              Boundary::Boundary_ClearSelection: [level] Unselect all grid variables for boundary conditions
          GRHydro::GRHydroPostSyncAtmosphereMask: Set integer atmosphere mask from synchronized real atmosphere mask
          if (GRHydro::InLastMoLPostStep)
            GRHydro::GRHydro_AtmosphereResetM: Reset the atmosphere - MHD version
          GRHydro::GRHydro_CalcBcom: Compute comoving magnetic field, pressure, etc...
          GROUP HydroBase_Boundaries: HydroBase-internal Boundary conditions group
            GROUP Do_GRHydro_Boundaries: GRHydro Boundary conditions group
            GROUP HydroBase_Select_Boundaries: Group to schedule the boundary condition functions
              if (GRHydro::execute_MoL_PostStep)
                GRHydro::GRHydro_Bound: [level] Select GRHydro boundary conditions
            GROUP HydroBase_ApplyBCs: Apply the boundary conditions of HydroBase
              GROUP BoundaryConditions: Execute all boundary conditions
                Boundary::Boundary_ApplyPhysicalBCs: Apply all requested local physical boundary conditions
                CartGrid3D::CartGrid3D_ApplyBC: Apply symmetry boundary conditions
              Boundary::Boundary_ClearSelection: [level] Unselect all grid variables for boundary conditions
          GROUP HydroBase_Con2Prim: Convert from conservative to primitive variables
            if (GRHydro::execute_MoL_Step)
              GRHydro::GRHydro_SqrtSpatialDeterminant: Calculate sdetg
            if (GRHydro::execute_MoL_PostStep)
              GRHydro::Con2Prim: Convert back to primitive variables (general) - MHD version
      GROUP MoL_PseudoEvolutionBoundaries: Apply boundary conditions to pseudo-evolved quantities
    [CCTK_POSTSTEP]
      GRHydro::GRHydro_RefinementLevel: Calculate current refinement level (for the check of the C2P mask)
      GRHydro::check_GRHydro_C2P_failed: Check the mask function that contains the points where C2P has failed and report an error in case a failure is found
      GROUP HydroBase_ExcisionHasBeenSet: Group to schedule thorns changing the mask before and thorns using the mask after
      GROUP zzz_NaNChecker_NaNCheck: Check for NaNs and count them in NaNChecker::NaNsFound
        NaNChecker::NaNChecker_NaNCheck_Prepare: [level] Prepare data structures to check for NaNs
        NaNChecker::NaNChecker_NaNCheck_Check: [local] Check for NaNs
        NaNChecker::NaNChecker_NaNCheck_Finish: [level] Count NaNs in NaNChecker::NaNsFound
      NaNChecker::NaNChecker_TakeAction: [global] [loop-level] Output NaNChecker::NaNmask and take action according to NaNChecker::action_if_found
      SpaceMask::CheckMask: Ensure that all mask values are legal
    if (checkpoint)
      [CCTK_CHECKPOINT]
      CarpetIOHDF5::CarpetIOHDF5_EvolutionCheckpoint: [meta] Evolution checkpoint routine
      TimerReport::zzz_TimerReport_Checkpoint: [global] Print the timer report
    endif
    if (analysis)
      [CCTK_ANALYSIS]
      CarpetLib::CarpetLib_printtimestats: [global] Print timing statistics if desired
      CarpetLib::CarpetLib_printmemstats: [global] Print memory statistics if desired
      LoopControl::LC_statistics_analysis: [meta] Output LoopControl statistics
      SystemStatistics::SystemStatistics_Collect: [global] Collect system statistics
      TerminationTrigger::TerminationTrigger_CheckWalltime: Check elapsed job walltime
      TerminationTrigger::TerminationTrigger_CheckSignal: Check if we received a termination signal
      TerminationTrigger::TerminationTrigger_CheckFile: Check termination file
      TimerReport::zzz_TimerReport_Output: [global] Print the timer report
    endif
    Output grid variables
    enddo

  Termination routines
    [CCTK_TERMINATE]
      CarpetIOHDF5::CarpetIOHDF5_TerminationCheckpoint: [meta] Termination checkpoint routine
      LoopControl::LC_statistics_terminate: [meta] Output LoopControl statistics
      MoL::MoL_FreeIndexArrays: Free the MoL bookkeeping index arrays
      TimerReport::zzz_TimerReport_Output: [global] Print the timer report

  Shutdown routines
    [CCTK_SHUTDOWN]
      Timers::Timer_Shutdown: Prepare hierarchical timers

  Routines run after changing the grid hierarchy:
    [CCTK_POSTREGRID]
      CartGrid3D::SpatialCoordinates: Set Coordinates after regridding
      GROUP MaskBase_SetupMask: Set up the weight function
        GROUP MaskBase_SetupMaskAll: Set up the weight function
          CarpetReduce::MaskBase_AllocateMask: [global] Allocate the weight function
          CarpetReduce::MaskBase_InitMask: [global] [loop-local] Initialise the weight function
          GROUP SetupIMaskInternal: Set up the integer weight function (schedule other routines in here)
            CarpetReduce::CoordBase_SetupMask: [global] [loop-local] Set up the outer boundaries of the weight function
            CarpetReduce::CarpetMaskSetup: [global] [loop-singlemap] Set up the weight function for the restriction regions
          GROUP SetupIMask: Set up the integer weight function (schedule other routines in here)
          CarpetReduce::MaskBase_SetMask: [global] [loop-local] Set the weight function
          GROUP SetupMask: Set up the real weight function (schedule other routines in here)
          CarpetReduce::MaskBase_TestMask: [global] Test the weight function
      SpaceMask::MaskZero: Initialise mask to zero
      GROUP HydroBase_ExcisionMaskSetup: Set up hydro excision mask
        HydroBase::HydroBase_InitExcisionMask: Initialize hydro excision mask to 'no excision everywhere'
      SpaceMask::MaskOne: Set mask to one
      GRHydro::GRHydro_SetupMask: Initialize the atmosphere mask
      GROUP MoL_PostStep: Ensure that everything is correct after regridding
        ADMBase::ADMBase_Boundaries: [level] Select ADMBase boundary conditions - may be required for mesh refinement
        GROUP ADMBase_ApplyBCs: Apply the boundary conditions of ADMBase
          GROUP BoundaryConditions: Execute all boundary conditions
            Boundary::Boundary_ApplyPhysicalBCs: Apply all requested local physical boundary conditions
            CartGrid3D::CartGrid3D_ApplyBC: Apply symmetry boundary conditions
          Boundary::Boundary_ClearSelection: [level] Unselect all grid variables for boundary conditions
        GROUP ADMBase_SetADMVars: Set the ADM variables before this group, and use them afterwards
        GRHydro::GRHydro_RefinementLevel: Calculate current refinement level
        GRHydro::GRHydro_SetLastMoLPostStep: [level] Set grid scalar InLastMoLPostStep if this is the last MoL PostStep call
        GROUP HydroBase_PostStep: Post step tasks for hydro thorns
          GROUP GRHydro_PostStep: Post step tasks for GRHydro
          GROUP GRHydro_AtmosphereMaskBoundaries: Apply boundary conditions to primitives
            GRHydro::GRHydro_SelectAtmosphereMaskBoundaries: [level] Select atmosphere mask for boundary conditions
            GROUP GRHydro_ApplyAtmosphereMaskBCs: Apply boundary conditions to real-valued atmosphere mask
              GROUP BoundaryConditions: Execute all boundary conditions
                Boundary::Boundary_ApplyPhysicalBCs: Apply all requested local physical boundary conditions
                CartGrid3D::CartGrid3D_ApplyBC: Apply symmetry boundary conditions
              Boundary::Boundary_ClearSelection: [level] Unselect all grid variables for boundary conditions
          GRHydro::GRHydroPostSyncAtmosphereMask: Set integer atmosphere mask from synchronized real atmosphere mask
          if (GRHydro::InLastMoLPostStep)
            GRHydro::GRHydro_AtmosphereResetM: Reset the atmosphere - MHD version
          GRHydro::GRHydro_CalcBcom: Compute comoving magnetic field, pressure, etc...
          GROUP HydroBase_Boundaries: HydroBase-internal Boundary conditions group
            GROUP Do_GRHydro_Boundaries: GRHydro Boundary conditions group
            GROUP HydroBase_Select_Boundaries: Group to schedule the boundary condition functions
              if (GRHydro::execute_MoL_PostStep)
                GRHydro::GRHydro_Bound: [level] Select GRHydro boundary conditions
            GROUP HydroBase_ApplyBCs: Apply the boundary conditions of HydroBase
              GROUP BoundaryConditions: Execute all boundary conditions
                Boundary::Boundary_ApplyPhysicalBCs: Apply all requested local physical boundary conditions
                CartGrid3D::CartGrid3D_ApplyBC: Apply symmetry boundary conditions
              Boundary::Boundary_ClearSelection: [level] Unselect all grid variables for boundary conditions
          GROUP HydroBase_Con2Prim: Convert from conservative to primitive variables
            if (GRHydro::execute_MoL_Step)
              GRHydro::GRHydro_SqrtSpatialDeterminant: Calculate sdetg
            if (GRHydro::execute_MoL_PostStep)
              GRHydro::Con2Prim: Convert back to primitive variables (general) - MHD version
      GROUP MoL_PseudoEvolutionBoundaries: Apply boundary conditions to pseudo-evolved quantities
--------------------------------------------------------------------------------
INFO (Carpet): Multi-Model listing:
   model 0: "world"
INFO (Carpet): Multi-Model process distribution:
   processes 0-1: model 0 "world"
INFO (Carpet): Multi-Model: This is process 0, model 0 "world"
INFO (CarpetLib): Process startup time was 0.957 seconds
Current core file size limit: hard=[unlimited], soft=0 MB
Current addres space size limit: hard=[unlimited], soft=[unlimited]
Current data segment size limit: hard=[unlimited], soft=[unlimited]
Current resident set size limit: hard=[unlimited], soft=[unlimited]
INFO (CycleClock): Measuring CycleClock tick via OpenMP...
INFO (CycleClock): Calibrated CycleClock: 0.408912 ns per clock tick (2.44551 GHz)
INFO (Vectors): Using vector size 2 for architecture SSE2 (64-bit precision)
INFO (hwloc): library version 2.10.0, API version 0x20800
--------------------------------------------------------------------------------
AMR driver provided by Carpet
--------------------------------------------------------------------------------
AMR scalar I/O provided by CarpetIOScalar
--------------------------------------------------------------------------------
GRHydro: relativistic hydrodynamics, no ice.
--------------------------------------------------------------------------------
HydroBase: Let it flow.
--------------------------------------------------------------------------------
AMR 0D ASCII I/O provided by CarpetIOASCII
--------------------------------------------------------------------------------
AMR 1D ASCII I/O provided by CarpetIOASCII
--------------------------------------------------------------------------------
AMR 2D ASCII I/O provided by CarpetIOASCII
--------------------------------------------------------------------------------
AMR 3D ASCII I/O provided by CarpetIOASCII
--------------------------------------------------------------------------------
AMR info I/O provided by CarpetIOBasic
--------------------------------------------------------------------------------
MoL: Generalized time integration.
--------------------------------------------------------------------------------
AMR HDF5 I/O provided by CarpetIOHDF5
--------------------------------------------------------------------------------
AMR 0D HDF5 I/O provided by CarpetIOHDF5
--------------------------------------------------------------------------------
AMR 1D HDF5 I/O provided by CarpetIOHDF5
--------------------------------------------------------------------------------
AMR 2D HDF5 I/O provided by CarpetIOHDF5
--------------------------------------------------------------------------------
AMR 3D HDF5 I/O provided by CarpetIOHDF5
--------------------------------------------------------------------------------

INFO (Carpet): MPI is enabled
INFO (Carpet): Carpet is running on 2 processes
INFO (Carpet): This is process 0
INFO (Carpet): OpenMP is enabled
INFO (Carpet): This process contains 1 threads, this is thread 0
INFO (Carpet): There are 2 threads in total
INFO (Carpet): There are 1 threads per process
INFO (Carpet): This process runs on host runnervm3jyl0, pid=178450
INFO (Carpet): This process runs on 2 cores: 0-1
INFO (Carpet): Thread 0 runs on 2 cores: 0-1
INFO (Carpet): This simulation is running in 3 dimensions
INFO (Carpet): Boundary specification for map 0:
   nboundaryzones: [[1,1,1],[1,1,1]]
   is_internal   : [[0,0,0],[0,0,0]]
   is_staggered  : [[0,0,0],[0,0,0]]
   shiftout      : [[0,0,0],[0,0,0]]
INFO (Carpet): CoordBase domain specification for map 0:
   physical extent: [-0.5,-0.0025,-0.0025] : [0.5,0.0025,0.0025]   ([1,0.005,0.005])
   interior extent: [-0.45,-0.001875,-0.001875] : [0.45,0.001875,0.001875]   ([0.9,0.00375,0.00375])
   exterior extent: [-0.5,-0.0025,-0.0025] : [0.5,0.0025,0.0025]   ([1,0.005,0.005])
   base_spacing   : [0.05,0.000625,0.000625]
INFO (Carpet): Adapted domain specification for map 0:
   convergence factor: 2
   convergence level : 0
   physical extent   : [-0.5,-0.0025,-0.0025] : [0.5,0.0025,0.0025]   ([1,0.005,0.005])
   interior extent   : [-0.45,-0.001875,-0.001875] : [0.45,0.001875,0.001875]   ([0.9,0.00375,0.00375])
   exterior extent   : [-0.5,-0.0025,-0.0025] : [0.5,0.0025,0.0025]   ([1,0.005,0.005])
   spacing           : [0.05,0.000625,0.000625]
INFO (Carpet): Base grid specification for map 0:
   number of grid points             : [21,9,9]
   number of coarse grid ghost points: [[3,3,3],[3,3,3]]
INFO (Carpet): Buffer zone counts (excluding ghosts):
   [0]: [[0,0,0],[0,0,0]]
INFO (Carpet): Overlap zone counts:
   [0]: [[0,0,0],[0,0,0]]
INFO (Carpet): Group and variable statistics:
INFO (Carpet):    There are 607 grid functions in 108 groups
INFO (Carpet):    There are 131 grid scalars in 56 groups
INFO (Carpet):    There are 60 1-dimensional grid arrays in 10 groups
INFO (Carpet):    There are 1 2-dimensional grid arrays in 1 groups
INFO (Carpet):    There are 0 3-dimensional grid arrays in 0 groups
INFO (Carpet):    (The number of variables counts all time levels)
INFO (CarpetIOASCII): I/O Method 'IOASCII_0D' registered: 0D AMR output of grid variables to ASCII files
INFO (CarpetIOASCII): Periodic 0D AMR output requested for:
   CARPET::physical_time_per_hour
   CARPET::current_physical_time_per_hour
   CARPET::time_total
   CARPET::time_evolution
   CARPET::time_computing
   CARPET::time_communicating
   CARPET::time_io
   CARPET::evolution_steps_count
   CARPET::local_grid_points_per_second
   CARPET::total_grid_points_per_second
   CARPET::local_grid_point_updates_count
   CARPET::total_grid_point_updates_count
   CARPET::local_interior_points_per_second
   CARPET::total_interior_points_per_second
   CARPET::local_interior_point_updates_count
   CARPET::total_interior_point_updates_count
   CARPET::io_per_second
   CARPET::io_bytes_per_second
   CARPET::io_bytes_ascii_per_second
   CARPET::io_bytes_binary_per_second
   CARPET::io_count
   CARPET::io_bytes_count
   CARPET::io_bytes_ascii_count
   CARPET::io_bytes_binary_count
   CARPET::comm_per_second
   CARPET::comm_bytes_per_second
   CARPET::comm_count
   CARPET::comm_bytes_count
   CARPET::time_levels
   CARPET::current_walltime
   CARPET::syncs_count
INFO (CarpetIOASCII): I/O Method 'IOASCII_1D' registered: 1D AMR output of grid variables to ASCII files
INFO (CarpetIOASCII): Periodic 1D AMR output requested for:
   GRHYDRO::divB
   HYDROBASE::rho
   HYDROBASE::press
   HYDROBASE::eps
   HYDROBASE::vel[0]
   HYDROBASE::vel[1]
   HYDROBASE::vel[2]
   HYDROBASE::w_lorentz
   HYDROBASE::Bvec[0]
   HYDROBASE::Bvec[1]
   HYDROBASE::Bvec[2]
INFO (CarpetIOASCII): I/O Method 'IOASCII_2D' registered: 2D AMR output of grid variables to ASCII files
INFO (CarpetIOASCII): I/O Method 'IOASCII_3D' registered: 3D AMR output of grid variables to ASCII files
INFO (CarpetIOHDF5): I/O Method 'IOHDF5' registered: AMR output of grid variables to HDF5 files
INFO (CarpetIOHDF5): I/O Method 'IOHDF5_0D' registered: 0D AMR output of grid variables to HDF5 files
INFO (CarpetIOHDF5): I/O Method 'IOHDF5_1D' registered: 1D AMR output of grid variables to HDF5 files
INFO (CarpetIOHDF5): I/O Method 'IOHDF5_2D' registered: 2D AMR output of grid variables to HDF5 files
INFO (CarpetIOHDF5): Periodic 2D AMR output requested for:
   GRHYDRO::dens
   GRHYDRO::tau
   GRHYDRO::scon[0]
   GRHYDRO::scon[1]
   GRHYDRO::scon[2]
   GRHYDRO::Bcons[0]
   GRHYDRO::Bcons[1]
   GRHYDRO::Bcons[2]
   GRHYDRO::psidc
   GRHYDRO::divB
   GRHYDRO::bcom[0]
   GRHYDRO::bcom[1]
   GRHYDRO::bcom[2]
   GRHYDRO::bcom0
   GRHYDRO::bcom_sq
   HYDROBASE::rho
   HYDROBASE::press
   HYDROBASE::eps
   HYDROBASE::vel[0]
   HYDROBASE::vel[1]
   HYDROBASE::vel[2]
   HYDROBASE::w_lorentz
   HYDROBASE::Bvec[0]
   HYDROBASE::Bvec[1]
   HYDROBASE::Bvec[2]
INFO (CarpetIOHDF5): I/O Method 'IOHDF5_3D' registered: 3D AMR output of grid variables to HDF5 files
INFO (CarpetIOHDF5): Periodic 3D AMR output requested for:
   GRHYDRO::divB
   GRHYDRO::bcom[0]
   GRHYDRO::bcom[1]
   GRHYDRO::bcom[2]
   GRHYDRO::bcom0
   GRHYDRO::bcom_sq
   HYDROBASE::rho
   HYDROBASE::press
   HYDROBASE::eps
   HYDROBASE::vel[0]
   HYDROBASE::vel[1]
   HYDROBASE::vel[2]
   HYDROBASE::w_lorentz
   HYDROBASE::Bvec[0]
   HYDROBASE::Bvec[1]
   HYDROBASE::Bvec[2]
INFO (MoL): Using Runge-Kutta 2 as the time integrator.
INFO (MoL): The maximum number of evolved variables is 439. 8 are registered.
INFO (MoL): The maximum number of slow evolved variables is 439. 0 are registered.
INFO (MoL): The maximum number of constrained variables is 439. 10 are registered.
INFO (MoL): The maximum number of SandR variables is 439. 16 are registered.
INFO (MoL): The maximum number of evolved array variables is 439. 0 are registered.
INFO (MoL): The maximum number of constrained array variables is 439. 0 are registered.
INFO (MoL): The maximum number of SandR array variables is 439. 0 are registered.
INFO (MoL): The maximum size of any array variables is 0.
INFO (Vectors): Testing vectorisation... [errors may result in segfaults]
INFO (Vectors): 375/375 tests passed 
INFO (CartGrid3D): Grid Spacings:
INFO (CartGrid3D): dx=>5.0000000e-02  dy=>6.2500000e-04  dz=>6.2500000e-04
INFO (CartGrid3D): Computational Coordinates:
INFO (CartGrid3D): x=>[-0.500, 0.500]  y=>[-0.003, 0.003]  z=>[-0.003, 0.003]
INFO (CartGrid3D): Indices of Physical Coordinates:
INFO (CartGrid3D): x=>[0,20]  y=>[0,8]  z=>[0,8]
INFO (TerminationTrigger): Reminding you every 60 minutes about remaining walltime
INFO (Time): Timestep set to 0.0005 (courant_static)
INFO (GRHydro): Trying to get EOS handles
INFO (GRHydro): Trying to get EOS handles
INFO (GRHydro): GRHydro will use the Ideal_Fluid equation of state.
INFO (GRHydro): Setting up the atmosphere mask: all points are not_atmosphere
      GRHydro_InitialAtmosphereReset
Memory statistics from CarpetLib:
   Current number of objects: 206
   Current allocated memory:  0.919 MB
   Maximum number of objects: 208
   Maximum allocated memory:  0.932 MB
   Current administrative memory: 0.756 MB
   Total allocated used system memory: 13.5 MB
   Total allocated free system memory: 0.313 MB
   gh::allmemory:    51184
   dh::allmemory:    598608
   th::allmemory:    13920
   ggf::allmemory:   78024
   gdata::allmemory: 14048
-------------------------------------------------------------------------------------------
Iteration      Time | *me_per_hour | *RO::bcom_sq | *ROBASE::rho | *BASE::press | *axrss_mb
                    |              |      maximum |      maximum |      maximum |   maximum
-------------------------------------------------------------------------------------------
        0     0.000 |    0.0000000 |  198.0000000 |    1.0000000 | 1.000000e+03 |        60
---------------------------------------------------------------------------------------------------------------------------------------------------------
Time      Time   Imblnc   Timer                                               gettimeof  getrusage      cycle  cycle[avg  cycle[sdv  cycle[min  cycle[max
percent   secs   percent                                                           secs       secs       secs       secs       secs       secs       secs
---------------------------------------------------------------------------------------------------------------------------------------------------------
 100.0%      0.0    0.0%  Initialise                                            0.01187    0.00778  2.901e+07  2.901e+07          0  2.901e+07  2.901e+07
  19.7%      0.0    2.5%  |_CallAnalysis                                       0.002403     0.0013  5.874e+06  5.874e+06          0  5.874e+06  5.874e+06
   6.3%      0.0    1.8%  | |_CCTK_ANALYSIS                                    0.000756          0  1.847e+06  1.847e+06          0  1.847e+06  1.847e+06
   5.7%      0.0    1.7%  | | |_CallFunction                                   0.000689          0  1.686e+06  2.107e+05  7.534e+05  3.981e+04  8.901e+05
   4.2%      0.0    2.8%  | | | |_thorns                                       0.000509          0  1.243e+06  1.554e+05    7.7e+05  1.468e+04  8.482e+05
   2.7%      0.0    5.3%  | | | | |_CarpetLib_printmemstats                     0.00034          0  8.354e+05  8.354e+05          0  8.354e+05  8.354e+05
   1.5%      0.0          | | | |_untimed
  11.6%      0.0    4.5%  | |_OutputGH                                         0.001444   0.001286  3.527e+06  3.527e+06          0  3.527e+06  3.527e+06
  11.6%      0.0    4.5%  | | |_OutputGH                                       0.001437   0.001285  3.514e+06  3.514e+06          0  3.514e+06  3.514e+06
   6.7%      0.0    2.4%  | | | |_IOASCII::IOASCII_1D [2]                      0.000819   0.000745  2.001e+06  2.001e+06          0  2.001e+06  2.001e+06
   6.7%      0.0    2.4%  | | | | |_OutputGH<1>                                0.000811   0.000743  1.987e+06  1.987e+06          0  1.987e+06  1.987e+06
   2.8%      0.0    9.9%  | | | |_IOBasic::CarpetIOBasic [5]                   0.000364   0.000349  8.919e+05  8.919e+05          0  8.919e+05  8.919e+05
   2.7%      0.0   10.2%  | | | | |_OutputGH                                   0.000359   0.000343  8.787e+05  8.787e+05          0  8.787e+05  8.787e+05
   1.2%      0.0          | |_untimed
  41.5%      0.0    0.4%  |_CallInitial                                        0.004945   0.003919  1.208e+07  1.208e+07          0  1.208e+07  1.208e+07
  10.1%      0.0    3.7%  | |_CCTK_BASEGRID                                     0.00125   0.000378  3.057e+06  3.057e+06          0  3.057e+06  3.057e+06
   8.9%      0.0    4.1%  | | |_CallFunction                                   0.001106   0.000324  2.709e+06  1.129e+05  3.245e+05  3.802e+04  2.639e+05
   4.4%      0.0    6.4%  | | | |_thorns                                       0.000552    0.00016  1.356e+06   5.65e+04  2.526e+05  1.171e+04  1.904e+05
   4.6%      0.0          | | | |_untimed
   1.2%      0.0          | | |_untimed
   9.7%      0.0    2.3%  | |_CCTK_INITIAL                                     0.001178   0.001048   2.88e+06   2.88e+06          0   2.88e+06   2.88e+06
   8.6%      0.0    1.1%  | | |_CallFunction                                   0.001029   0.000919  2.514e+06  1.323e+05  6.292e+05  1.801e+04  6.956e+05
   5.1%      0.0    1.1%  | | | |_thorns                                       0.000617   0.000589  1.512e+06  7.956e+04  6.137e+05  1.269e+04  6.431e+05
   2.2%      0.0    0.8%  | | | | |_GRHydro_shocktubeM                         0.000258   0.000259  6.324e+05  6.324e+05          0  6.324e+05  6.324e+05
   3.4%      0.0          | | | |_untimed
   1.1%      0.0          | | |_untimed
  14.4%      0.0    3.2%  | |_CCTK_POSTINITIAL                                 0.001652   0.001651   4.04e+06   4.04e+06          0   4.04e+06   4.04e+06
  13.2%      0.0    3.4%  | | |_CallFunction                                   0.001508   0.001507  3.691e+06  1.477e+05  8.251e+05  1.142e+04  6.388e+05
   3.7%      0.0   11.1%  | | | |_syncs                                        0.000386   0.000384  9.428e+05  3.143e+05  2.886e+05  7.945e+04  4.491e+05
   3.5%      0.0   11.6%  | | | | |_Sync                                       0.000365   0.000363  8.911e+05   2.97e+05  2.797e+05  6.909e+04  4.233e+05
   0.7%      0.0   39.0%  | | | | | |_comm_state[6].state_do_some_work.step     3.2e-05    3.2e-05  8.046e+04  2.682e+04  2.499e+04       7595  4.236e+04
   6.1%      0.0    0.9%  | | | |_thorns                                       0.000731   0.000729  1.787e+06  7.147e+04   6.13e+05       6787  5.825e+05
   1.6%      0.0    1.0%  | | | | |_Boundary_ApplyPhysicalBCs                  0.000192   0.000193   4.72e+05   1.18e+05  2.381e+05  2.367e+04  3.155e+05
   1.9%      0.0    2.8%  | | | | |_Con2Prim                                   0.000233   0.000234  5.707e+05  5.707e+05          0  5.707e+05  5.707e+05
   3.4%      0.0          | | | |_untimed
   1.2%      0.0          | | |_untimed
   5.8%      0.0    0.4%  | |_Poison                                            0.00068   0.000673  1.662e+06  1.662e+06          0  1.662e+06  1.662e+06
  10.0%      0.0    1.7%  |_CallPostInitial                                    0.001168   0.000249  2.855e+06  2.855e+06          0  2.855e+06  2.855e+06
   5.0%      0.0    0.0%  | |_CCTK_POSTPOSTINITIAL                             0.000596   0.000216  1.457e+06  1.457e+06          0  1.457e+06  1.457e+06
   4.6%      0.0    1.9%  | | |_CallFunction                                   0.000535   0.000202  1.308e+06  3.271e+05  3.685e+05  1.762e+05  6.416e+05
   3.7%      0.0    1.8%  | | | |_thorns                                       0.000428   0.000145  1.044e+06  2.609e+05  3.733e+05  1.065e+05  5.789e+05
   1.9%      0.0    3.7%  | | | | |_Con2Prim                                   0.000232          0  5.665e+05  5.665e+05          0  5.665e+05  5.665e+05
   4.6%      0.0    3.4%  | |_CCTK_POSTSTEP                                    0.000523          0  1.278e+06  1.278e+06          0  1.278e+06  1.278e+06
   4.2%      0.0    3.6%  | | |_CallFunction                                   0.000476          0  1.163e+06  1.662e+05  6.529e+05  1.962e+04  7.665e+05
   3.2%      0.0    4.7%  | | | |_thorns                                       0.000356          0   8.74e+05  1.249e+05  6.358e+05  1.414e+04  7.127e+05
   2.4%      0.0    2.8%  | | | | |_NaNChecker_NaNCheck_Check                  0.000287          0  7.017e+05  7.017e+05          0  7.017e+05  7.017e+05
   1.0%      0.0          | | | |_untimed
  11.2%      0.0    4.8%  |_CallSetup                                          0.001262   0.000784  3.087e+06  3.087e+06          0  3.087e+06  3.087e+06
   2.3%      0.0    3.7%  | |_CCTK_PARAMCHECK                                  0.000284    0.00028  6.943e+05  6.943e+05          0  6.943e+05  6.943e+05
   1.8%      0.0    3.4%  | | |_CallFunction                                   0.000218   0.000213  5.306e+05  4.421e+04  1.872e+05   1.58e+04  2.175e+05
   1.5%      0.0    5.2%  | | | |_thorns                                       0.000192   0.000187  4.656e+05   3.88e+04   1.87e+05  1.073e+04  2.116e+05
   4.1%      0.0    1.4%  | |_CCTK_WRAGH                                       0.000499   0.000481  1.219e+06  1.219e+06          0  1.219e+06  1.219e+06
   3.3%      0.0    3.1%  | | |_CallFunction                                   0.000407     0.0004   9.97e+05  6.231e+04  2.195e+05  1.847e+04  2.147e+05
   2.1%      0.0    7.2%  | | | |_thorns                                        0.00027   0.000272  6.679e+05  4.174e+04   1.37e+05  1.362e+04  1.192e+05
   1.2%      0.0          | | | |_untimed
   3.4%      0.0    1.6%  | |_Poison                                           0.000397          0  9.702e+05  9.702e+05          0  9.702e+05  9.702e+05
   1.4%      0.0          | |_untimed
   2.0%      0.0    0.8%  |_CarpetLib::ggf::recompose_allocate                 0.000233   0.000169  5.852e+05       2774  1.054e+04       2499       7252
   2.0%      0.0    2.2%  |_CarpetLib::ggf::recompose_crop                     0.000248   0.000162  5.345e+05       2533  1.176e+04       2278       6860
   1.7%      0.0    2.2%  |_dh::recompose_free_old                             0.000203   0.000131  4.774e+05       2263       6290       2156       6419
  11.8%      0.0          | untimed
---------------------------------------------------------------------------------------------------------------------------------------------------------
---------------------------------------------------------------------------------------------------------------------------------------------------------
Time      Time   Imblnc   Timer                                               gettimeof  getrusage      cycle  cycle[avg  cycle[sdv  cycle[min  cycle[max
percent   secs   percent                                                           secs       secs       secs       secs       secs       secs       secs
---------------------------------------------------------------------------------------------------------------------------------------------------------
 100.0%      0.1    0.0%  meta mode                                             0.05856    0.04754  1.432e+08  4.774e+07  1.169e+08  1.102e+04  1.432e+08
  25.7%      0.0    0.1%  |_meta mode                                           0.01503   0.009971  3.675e+07  1.225e+07  2.998e+07  1.137e+04  3.673e+07
  15.8%      0.0    0.7%  | |_global mode                                      0.009329    0.00596  2.282e+07  1.901e+06  9.552e+06  5.005e+04  1.005e+07
  13.0%      0.0    0.9%  | | |_level(0)                                       0.007653   0.005003  1.872e+07  4.069e+05  5.559e+06       4214  3.968e+06
   1.6%      0.0    2.6%  | | | |_enter_local_mode                             0.000945   0.000636  2.296e+06  1.541e+04  1.569e+05       2082  8.867e+04
   9.8%      0.0          | | | |_untimed
   2.5%      0.0          | | |_untimed
   9.3%      0.0          | |_untimed
  74.3%      0.0          | untimed
---------------------------------------------------------------------------------------------------------------------------------------------------------
        1     0.001 |  213.0169629 |  198.0000000 |    1.0010157 | 1.000000e+03 |        62
        2     0.001 |  223.5207082 |  198.0000000 |    1.0032380 | 1.000001e+03 |        62
        3     0.002 |  230.5242858 |  198.0000000 |    1.0056617 | 1.000001e+03 |        62
        4     0.002 |  234.3222955 |  198.0000000 |    1.0082240 | 1.000003e+03 |        62
        5     0.003 |  237.0987934 |  198.0000000 |    1.0108812 | 1.000004e+03 |        62
        6     0.003 |  238.7007667 |  198.0000000 |    1.0136019 | 1.000006e+03 |        62
        7     0.004 |  240.6052912 |  198.0000000 |    1.0163675 | 1.000008e+03 |        62
        8     0.004 |  241.3563466 |  198.0000001 |    1.0191660 | 1.000010e+03 |        62
        9     0.005 |  242.4496434 |  198.0000001 |    1.0219893 | 1.000013e+03 |        62
       10     0.005 |  243.2240410 |  198.0000002 |    1.0248314 | 1.000016e+03 |        62
INFO (TimerReport): Timer Report before terminating at iteration 10 time 0.005
==================================================================================================================================================================================================
Thorn           | Scheduled routine in time bin           | gettimeofday [secs] | getrusage [secs] | cycle [secs] | cycle[avg] [secs] | cycle[sdv] [secs] | cycle[min] [secs] | cycle[max] [secs] 
==================================================================================================================================================================================================
Carpet          | Multi-model Startup routine             |          0.00024900 |       0.00023100 |   0.00000000 |        0.00000000 |        0.00000000 |        0.00000000 |        0.00000000 
CycleClock      | Set up CycleClock                       |          0.10004000 |       0.10004000 |   0.00000408 |        0.00000408 |        0.00000000 |        0.00000408 |        0.00000408 
LoopControl     | Set up LoopControl                      |          0.00000200 |       0.00000200 |   0.00000168 |        0.00000168 |        0.00000000 |        0.00000168 |        0.00000168 
Timers          | Prepare hierarchical timers             |          0.00000600 |       0.00000700 |   0.00000639 |        0.00000639 |        0.00000000 |        0.00000639 |        0.00000639 
Carpet          | Startup routine                         |          0.00000200 |       0.00000200 |   0.00000277 |        0.00000277 |        0.00000000 |        0.00000277 |        0.00000277 
IOUtil          | Startup routine                         |          0.00000300 |       0.00000300 |   0.00000277 |        0.00000277 |        0.00000000 |        0.00000277 |        0.00000277 
CarpetIOScalar  | Startup routine                         |          0.00001000 |       0.00001000 |   0.00001005 |        0.00001005 |        0.00000000 |        0.00001005 |        0.00001005 
CarpetInterp    | Startup routine                         |          0.00000100 |       0.00000100 |   0.00000086 |        0.00000086 |        0.00000000 |        0.00000086 |        0.00000086 
CarpetReduce    | Startup routine                         |          0.00002000 |       0.00002100 |   0.00002023 |        0.00002023 |        0.00000000 |        0.00002023 |        0.00002023 
CartGrid3D      | Register GH Extension for GridSymmetry  |          0.00000100 |       0.00000200 |   0.00000214 |        0.00000214 |        0.00000000 |        0.00000214 |        0.00000214 
CoordBase       | Register a GH extension to store the coo|          0.00000100 |       0.00000100 |   0.00000140 |        0.00000140 |        0.00000000 |        0.00000140 |        0.00000140 
AEILocalInterp  | register CCTK_InterpLocalUniform() inter|          0.00000300 |       0.00000300 |   0.00000290 |        0.00000290 |        0.00000000 |        0.00000290 |        0.00000290 
EOS_Omni        | Set up conversion factors and other fun |          0.00001500 |       0.00001600 |   0.00001562 |        0.00001562 |        0.00000000 |        0.00001562 |        0.00001562 
EOS_Polytrope   | Setup the polytropic EOS                |          0.00000200 |       0.00000300 |   0.00000217 |        0.00000217 |        0.00000000 |        0.00000217 |        0.00000217 
GRHydro         | Startup banner                          |          0.00000400 |       0.00000500 |   0.00000435 |        0.00000435 |        0.00000000 |        0.00000435 |        0.00000435 
GRHydro         | Register the hydro masks                |          0.00000500 |       0.00000500 |   0.00000560 |        0.00000560 |        0.00000000 |        0.00000560 |        0.00000560 
HydroBase       | Startup banner                          |          0.00000100 |       0.00000100 |   0.00000116 |        0.00000116 |        0.00000000 |        0.00000116 |        0.00000116 
CarpetIOASCII   | Startup routine                         |          0.00002400 |       0.00002400 |   0.00002354 |        0.00002354 |        0.00000000 |        0.00002354 |        0.00002354 
LocalInterp     | register LocalInterp's interpolation ope|          0.00000100 |       0.00000200 |   0.00000121 |        0.00000121 |        0.00000000 |        0.00000121 |        0.00000121 
LocalReduce     | Startup routine                         |          0.00001500 |       0.00001600 |   0.00001578 |        0.00001578 |        0.00000000 |        0.00001578 |        0.00001578 
CarpetIOBasic   | Startup routine                         |          0.00000300 |       0.00000300 |   0.00000285 |        0.00000285 |        0.00000000 |        0.00000285 |        0.00000285 
MoL             | Startup banner                          |          0.00000400 |       0.00000300 |   0.00000328 |        0.00000328 |        0.00000000 |        0.00000328 |        0.00000328 
Slab            | Create MPI datatypes for complex variabl|          0.00000500 |       0.00000500 |   0.00000497 |        0.00000497 |        0.00000000 |        0.00000497 |        0.00000497 
SymBase         | Register GH Extension for SymBase       |          0.00000300 |       0.00000400 |   0.00000337 |        0.00000337 |        0.00000000 |        0.00000337 |        0.00000337 
TerminationTrigg| Start signal handler                    |          0.00002200 |       0.00002200 |   0.00002196 |        0.00002196 |        0.00000000 |        0.00002196 |        0.00002196 
CarpetIOHDF5    | Startup routine                         |          0.00001700 |       0.00001700 |   0.00001676 |        0.00001676 |        0.00000000 |        0.00001676 |        0.00001676 
Vectors         | Print startup message                   |          0.00001300 |       0.00001300 |   0.00001360 |        0.00001360 |        0.00000000 |        0.00001360 |        0.00001360 
hwloc           | Output hwloc version                    |          0.00000500 |       0.00000500 |   0.00000524 |        0.00000524 |        0.00000000 |        0.00000524 |        0.00000524 
--------------------------------------------------------------------------------------------------------------------------------------------------------------------------------------------------
                | Total time for CCTK_STARTUP             |          0.10047700 |       0.10046700 |   0.00019673 |        0.00019673 |        0.00000000 |        0.00019673 |        0.00019673 
==================================================================================================================================================================================================
ADMBase         | Set up GF symmetries                    |          0.00004000 |       0.00002900 |   0.00003989 |        0.00003989 |        0.00000000 |        0.00003989 |        0.00003989 
Boundary        | Register boundary conditions that this t|          0.00001100 |       0.00001200 |   0.00001137 |        0.00001137 |        0.00000000 |        0.00001137 |        0.00001137 
CartGrid3D      | Register coordinates for the Cartesian g|          0.00005800 |       0.00005800 |   0.00005774 |        0.00005774 |        0.00000000 |        0.00005774 |        0.00005774 
CoordGauge      | Initialize slicing, setup priorities for|          0.00001000 |       0.00001000 |   0.00000971 |        0.00000971 |        0.00000000 |        0.00000971 |        0.00000971 
CoordGauge      | Identify the slicing for the next iterat|          0.00000900 |       0.00000900 |   0.00000918 |        0.00000918 |        0.00000000 |        0.00000918 |        0.00000918 
GRHydro         | Initialize InLastMoLPostStep to zero    |          0.00001400 |       0.00001500 |   0.00001418 |        0.00001418 |        0.00000000 |        0.00001418 |        0.00001418 
MoL             | Set up the MoL bookkeeping index arrays |          0.00003100 |       0.00003000 |   0.00003080 |        0.00003080 |        0.00000000 |        0.00003080 |        0.00003080 
MoL             | Set the flag so it is ok to register wit|          0.00001300 |       0.00001300 |   0.00001290 |        0.00001290 |        0.00000000 |        0.00001290 |        0.00001290 
TmunuBase       | Set the stress_energy_state variable    |          0.00001500 |       0.00001500 |   0.00001397 |        0.00001397 |        0.00000000 |        0.00001397 |        0.00001397 
GRHydro         | Register variables for MoL              |          0.00005200 |       0.00005300 |   0.00005258 |        0.00005258 |        0.00000000 |        0.00005258 |        0.00005258 
Slab            | Initialise timers                       |          0.00002600 |       0.00002500 |   0.00002552 |        0.00002552 |        0.00000000 |        0.00002552 |        0.00002552 
SpaceMask       | Set grid symmetries for mask            |          0.00001000 |       0.00001000 |   0.00001005 |        0.00001005 |        0.00000000 |        0.00001005 |        0.00001005 
SpaceMask       | Set grid symmetries for emask (compatibi|          0.00000900 |       0.00001000 |   0.00000944 |        0.00000944 |        0.00000000 |        0.00000944 |        0.00000944 
CartGrid3D      | Register symmetry boundaries            |          0.00004000 |       0.00003900 |   0.00003961 |        0.00003961 |        0.00000000 |        0.00003961 |        0.00003961 
SymBase         | Print symmetry boundary face description|          0.00001200 |       0.00001200 |   0.00001141 |        0.00001141 |        0.00000000 |        0.00001141 |        0.00001141 
MoL             | Report how many of each type of variable|          0.00009000 |       0.00009000 |   0.00008977 |        0.00008977 |        0.00000000 |        0.00008977 |        0.00008977 
--------------------------------------------------------------------------------------------------------------------------------------------------------------------------------------------------
                | Total time for CCTK_WRAGH               |          0.00044000 |       0.00043000 |   0.00043810 |        0.00043810 |        0.00000000 |        0.00043810 |        0.00043810 
==================================================================================================================================================================================================
ADMBase         | Check consistency of parameters         |          0.00001500 |       0.00001500 |   0.00001408 |        0.00001408 |        0.00000000 |        0.00001408 |        0.00001408 
Boundary        | Check dimension of grid variables       |          0.00000800 |       0.00000900 |   0.00000817 |        0.00000817 |        0.00000000 |        0.00000817 |        0.00000817 
Carpet          | Parameter checking routine              |          0.00001800 |       0.00001800 |   0.00001784 |        0.00001784 |        0.00000000 |        0.00001784 |        0.00001784 
CarpetLib       | Test prolongation operators             |          0.00001800 |       0.00001700 |   0.00001762 |        0.00001762 |        0.00000000 |        0.00001762 |        0.00001762 
CartGrid3D      | Check coordinates for CartGrid3D        |          0.00001200 |       0.00001200 |   0.00001217 |        0.00001217 |        0.00000000 |        0.00001217 |        0.00001217 
Fortran         | Test whether Fortran parameters work cor|          0.00000800 |       0.00000800 |   0.00000841 |        0.00000841 |        0.00000000 |        0.00000841 |        0.00000841 
GRHydro         | Check parameters                        |          0.00002900 |       0.00002900 |   0.00002865 |        0.00002865 |        0.00000000 |        0.00002865 |        0.00002865 
GRHydro_InitData| Check parameters                        |          0.00001200 |       0.00001100 |   0.00001127 |        0.00001127 |        0.00000000 |        0.00001127 |        0.00001127 
MoL             | Basic parameter checking                |          0.00001500 |       0.00001400 |   0.00001436 |        0.00001436 |        0.00000000 |        0.00001436 |        0.00001436 
TerminationTrigg| Check consitency of parameters          |          0.00000800 |       0.00000900 |   0.00000840 |        0.00000840 |        0.00000000 |        0.00000840 |        0.00000840 
TmunuBase       | Check that no deprecated parameters are |          0.00000800 |       0.00000800 |   0.00000811 |        0.00000811 |        0.00000000 |        0.00000811 |        0.00000811 
Vectors         | Run correctness tests.                  |          0.00009100 |       0.00008800 |   0.00009112 |        0.00009112 |        0.00000000 |        0.00009112 |        0.00009112 
--------------------------------------------------------------------------------------------------------------------------------------------------------------------------------------------------
                | Total time for CCTK_PARAMCHECK          |          0.00024200 |       0.00023800 |   0.00024019 |        0.00024019 |        0.00000000 |        0.00024019 |        0.00024019 
==================================================================================================================================================================================================
ADMBase         | Set the shift_state variable to 1       |          0.00003900 |       0.00003900 |   0.00003867 |        0.00003867 |        0.00000000 |        0.00003867 |        0.00003867 
ADMBase         | Set the dtlapse_state variable to 0     |          0.00002700 |       0.00002700 |   0.00002759 |        0.00002759 |        0.00000000 |        0.00002759 |        0.00002759 
ADMBase         | Set the dtshift_state variable to 0     |          0.00002600 |       0.00002600 |   0.00002607 |        0.00002607 |        0.00000000 |        0.00002607 |        0.00002607 
ADMMacros       | Initialize the local_spatial_order      |          0.00002700 |       0.00002600 |   0.00002614 |        0.00002614 |        0.00000000 |        0.00002614 |        0.00002614 
CartGrid3D      | Set up ranges for spatial 3D Cartesian c|          0.00011000 |       0.00010900 |   0.00010981 |        0.00010981 |        0.00000000 |        0.00010981 |        0.00010981 
CartGrid3D      | Set up spatial 3D Cartesian coordinates |          0.00004800 |       0.00004700 |   0.00004728 |        0.00004728 |        0.00000000 |        0.00004728 |        0.00004728 
CarpetReduce    | Allocate the weight function            |          0.00005200 |       0.00005200 |   0.00005203 |        0.00005203 |        0.00000000 |        0.00005203 |        0.00005203 
CarpetReduce    | Initialise the weight function          |          0.00009800 |       0.00001100 |   0.00009882 |        0.00009882 |        0.00000000 |        0.00009882 |        0.00009882 
CarpetReduce    | Set up the outer boundaries of the weigh|          0.00009000 |       0.00000000 |   0.00008993 |        0.00008993 |        0.00000000 |        0.00008993 |        0.00008993 
CarpetReduce    | Set up the weight function for the restr|          0.00005300 |       0.00000000 |   0.00005340 |        0.00005340 |        0.00000000 |        0.00005340 |        0.00005340 
CarpetReduce    | Set the weight function                 |          0.00005400 |       0.00000000 |   0.00005302 |        0.00005302 |        0.00000000 |        0.00005302 |        0.00005302 
CarpetReduce    | Test the weight function                |          0.00007600 |       0.00000000 |   0.00007543 |        0.00007543 |        0.00000000 |        0.00007543 |        0.00007543 
GRHydro         | Initially set execution flags to 'YEAH, |          0.00001700 |       0.00000000 |   0.00001720 |        0.00001720 |        0.00000000 |        0.00001720 |        0.00001720 
GRHydro         | Schedule symmetries and check shift stat|          0.00006700 |       0.00000000 |   0.00006719 |        0.00006719 |        0.00000000 |        0.00006719 |        0.00006719 
GRHydro         | Initialise the mask function that contai|          0.00004300 |       0.00000000 |   0.00004304 |        0.00004304 |        0.00000000 |        0.00004304 |        0.00004304 
NaNChecker      | Reset the NaNChecker::NaNsFound counter |          0.00001800 |       0.00000000 |   0.00001782 |        0.00001782 |        0.00000000 |        0.00001782 |        0.00001782 
SpaceMask       | Initialise mask to zero                 |          0.00003000 |       0.00000000 |   0.00002993 |        0.00002993 |        0.00000000 |        0.00002993 |        0.00002993 
SpaceMask       | Set old style mask to one               |          0.00002700 |       0.00000000 |   0.00002733 |        0.00002733 |        0.00000000 |        0.00002733 |        0.00002733 
SymBase         | Check whether the driver set up the grid|          0.00002700 |       0.00000000 |   0.00002690 |        0.00002690 |        0.00000000 |        0.00002690 |        0.00002690 
TerminationTrigg| Clear trigger state                     |          0.00002700 |       0.00000000 |   0.00002663 |        0.00002663 |        0.00000000 |        0.00002663 |        0.00002663 
TerminationTrigg| Start timer                             |          0.00005200 |       0.00000000 |   0.00005159 |        0.00005159 |        0.00000000 |        0.00005159 |        0.00005159 
TerminationTrigg| Create termination file                 |          0.00009500 |       0.00000000 |   0.00009490 |        0.00009490 |        0.00000000 |        0.00009490 |        0.00009490 
Time            | Initialise Time variables               |          0.00002000 |       0.00000000 |   0.00001988 |        0.00001988 |        0.00000000 |        0.00001988 |        0.00001988 
Time            | Set timestep based on Courant condition |          0.00003100 |       0.00000000 |   0.00003145 |        0.00003145 |        0.00000000 |        0.00003145 |        0.00003145 
--------------------------------------------------------------------------------------------------------------------------------------------------------------------------------------------------
                | Total time for CCTK_BASEGRID            |          0.00115400 |       0.00033700 |   0.00115205 |        0.00115205 |        0.00000000 |        0.00115205 |        0.00115205 
==================================================================================================================================================================================================
StaticConformal | Set the conformal_state variable to 0   |          0.00006300 |       0.00000000 |   0.00006184 |        0.00006184 |        0.00000000 |        0.00006184 |        0.00006184 
ADMBase         | Set the metric and extrinsic curvature t|          0.00004200 |       0.00000000 |   0.00004229 |        0.00004229 |        0.00000000 |        0.00004229 |        0.00004229 
GRHydro         | Set the EOS number                      |          0.00005400 |       0.00005500 |   0.00005472 |        0.00005472 |        0.00000000 |        0.00005472 |        0.00005472 
CarpetIOASCII   | Initialisation routine                  |          0.00002500 |       0.00002400 |   0.00002452 |        0.00002452 |        0.00000000 |        0.00002452 |        0.00002452 
CarpetIOBasic   | Initialisation routine                  |          0.00002700 |       0.00002600 |   0.00002635 |        0.00002635 |        0.00000000 |        0.00002635 |        0.00002635 
CarpetIOHDF5    | Initialisation routine                  |          0.00001700 |       0.00001700 |   0.00001704 |        0.00001704 |        0.00000000 |        0.00001704 |        0.00001704 
CarpetIOScalar  | Initialisation routine                  |          0.00001700 |       0.00001600 |   0.00001617 |        0.00001617 |        0.00000000 |        0.00001617 |        0.00001617 
GRHydro         | Set up minimum for the rest-mass density|          0.00004700 |       0.00004700 |   0.00004716 |        0.00004716 |        0.00000000 |        0.00004716 |        0.00004716 
GRHydro         | Initialize the atmosphere mask          |          0.00006800 |       0.00006800 |   0.00006798 |        0.00006798 |        0.00000000 |        0.00006798 |        0.00006798 
GRHydro         | Calculate current refinement level      |          0.00006600 |       0.00006700 |   0.00006633 |        0.00006633 |        0.00000000 |        0.00006633 |        0.00006633 
ADMBase         | Set the lapse to 1 at all points        |          0.00003400 |       0.00003400 |   0.00003372 |        0.00003372 |        0.00000000 |        0.00003372 |        0.00003372 
ADMBase         | Set the shift to 0 at all points        |          0.00003200 |       0.00003200 |   0.00003182 |        0.00003182 |        0.00000000 |        0.00003182 |        0.00003182 
GRHydro         | Set divB initially to zero              |          0.00003800 |       0.00003800 |   0.00003776 |        0.00003776 |        0.00000000 |        0.00003776 |        0.00003776 
GRHydro_InitData| Shocktube initial data - MHD version    |          0.00028600 |       0.00028600 |   0.00028611 |        0.00028611 |        0.00000000 |        0.00028611 |        0.00028611 
HydroBase       | Initialize hydro excision mask to 'no ex|          0.00003200 |       0.00003000 |   0.00003178 |        0.00003178 |        0.00000000 |        0.00003178 |        0.00003178 
GRHydro         | Calculate sdetg                         |          0.00004500 |       0.00004200 |   0.00004527 |        0.00004527 |        0.00000000 |        0.00004527 |        0.00004527 
GRHydro         | Use mask to enforce atmosphere at initia|          0.00005300 |       0.00004900 |   0.00005249 |        0.00005249 |        0.00000000 |        0.00005249 |        0.00005249 
MoL             | Initialise the step size control        |          0.00000900 |       0.00000900 |   0.00000902 |        0.00000902 |        0.00000000 |        0.00000902 |        0.00000902 
GRHydro         | Convert initial data given in primive va|          0.00011400 |       0.00011300 |   0.00011409 |        0.00011409 |        0.00000000 |        0.00011409 |        0.00011409 
--------------------------------------------------------------------------------------------------------------------------------------------------------------------------------------------------
                | Total time for CCTK_INITIAL             |          0.00106900 |       0.00095300 |   0.00106646 |        0.00106646 |        0.00000000 |        0.00106646 |        0.00106646 
==================================================================================================================================================================================================
CarpetIOHDF5    | Close all filereader input files        |          0.00002900 |       0.00003000 |   0.00002908 |        0.00002908 |        0.00000000 |        0.00002908 |        0.00002908 
GRHydro         | Set up and check scalars for efficiency |          0.00004100 |       0.00004100 |   0.00004098 |        0.00004098 |        0.00000000 |        0.00004098 |        0.00004098 
ADMBase         | Select ADMBase boundary conditions - may|          0.00020200 |       0.00020100 |   0.00020138 |        0.00020138 |        0.00000000 |        0.00020138 |        0.00020138 
Boundary        | Apply all requested local physical bound|          0.00030900 |       0.00031000 |   0.00030924 |        0.00007731 |        0.00010070 |        0.00003413 |        0.00015937 
CartGrid3D      | Apply symmetry boundary conditions      |          0.00010900 |       0.00010900 |   0.00010925 |        0.00002731 |        0.00000500 |        0.00002471 |        0.00003097 
Boundary        | Unselect all grid variables for boundary|          0.00003000 |       0.00002800 |   0.00002849 |        0.00000712 |        0.00000233 |        0.00000626 |        0.00000912 
GRHydro         | Calculate current refinement level      |          0.00003800 |       0.00003700 |   0.00003789 |        0.00003789 |        0.00000000 |        0.00003789 |        0.00003789 
GRHydro         | Set grid scalar InLastMoLPostStep if thi|          0.00001100 |       0.00001100 |   0.00001101 |        0.00001101 |        0.00000000 |        0.00001101 |        0.00001101 
GRHydro         | Select atmosphere mask for boundary cond|          0.00006000 |       0.00005900 |   0.00005951 |        0.00005951 |        0.00000000 |        0.00005951 |        0.00005951 
GRHydro         | Set integer atmosphere mask from synchro|          0.00003900 |       0.00003900 |   0.00003929 |        0.00003929 |        0.00000000 |        0.00003929 |        0.00003929 
GRHydro         | Reset the atmosphere - MHD version      |          0.00004600 |       0.00004600 |   0.00004604 |        0.00004604 |        0.00000000 |        0.00004604 |        0.00004604 
GRHydro         | Compute comoving magnetic field, pressur|          0.00008400 |       0.00008400 |   0.00008403 |        0.00008403 |        0.00000000 |        0.00008403 |        0.00008403 
GRHydro         | Select GRHydro boundary conditions      |          0.00020200 |       0.00020100 |   0.00020191 |        0.00020191 |        0.00000000 |        0.00020191 |        0.00020191 
GRHydro         | Calculate sdetg                         |          0.00004800 |       0.00004800 |   0.00004744 |        0.00004744 |        0.00000000 |        0.00004744 |        0.00004744 
GRHydro         | Convert back to primitive variables (gen|          0.00026300 |       0.00026300 |   0.00026294 |        0.00026294 |        0.00000000 |        0.00026294 |        0.00026294 
GRHydro         | Calculate divB                          |          0.00004500 |       0.00004600 |   0.00004544 |        0.00004544 |        0.00000000 |        0.00004544 |        0.00004544 
--------------------------------------------------------------------------------------------------------------------------------------------------------------------------------------------------
                | Total time for CCTK_POSTINITIAL         |          0.00155600 |       0.00155300 |   0.00155393 |        0.00121869 |        0.00010803 |        0.00117205 |        0.00130640 
==================================================================================================================================================================================================
GRHydro         | Set the value of the rest-mass density o|          0.00011200 |       0.00011300 |   0.00011237 |        0.00011237 |        0.00000000 |        0.00011237 |        0.00011237 
GRHydro         | Use mask to enforce atmosphere at initia|          0.00009500 |       0.00009400 |   0.00009459 |        0.00009459 |        0.00000000 |        0.00009459 |        0.00009459 
GRHydro         | Calculate sdetg                         |          0.00008900 |       0.00000000 |   0.00007420 |        0.00007420 |        0.00000000 |        0.00007420 |        0.00007420 
GRHydro         | Convert back to primitive variables (gen|          0.00026400 |       0.00000000 |   0.00026412 |        0.00026412 |        0.00000000 |        0.00026412 |        0.00026412 
--------------------------------------------------------------------------------------------------------------------------------------------------------------------------------------------------
                | Total time for CCTK_POSTPOSTINITIAL     |          0.00056000 |       0.00020700 |   0.00054528 |        0.00054528 |        0.00000000 |        0.00054528 |        0.00054528 
==================================================================================================================================================================================================
CarpetIOHDF5    | Initial data checkpoint routine         |          0.00006500 |       0.00000000 |   0.00006447 |        0.00006447 |        0.00000000 |        0.00006447 |        0.00006447 
--------------------------------------------------------------------------------------------------------------------------------------------------------------------------------------------------
                | Total time for CCTK_CPINITIAL           |          0.00006500 |       0.00000000 |   0.00006447 |        0.00006447 |        0.00000000 |        0.00006447 |        0.00006447 
==================================================================================================================================================================================================
ADMBase         | Copy the lapse to the current time level|          0.00029700 |       0.00021600 |   0.00029655 |        0.00002966 |        0.00001560 |        0.00002657 |        0.00004153 
ADMBase         | Copy the shift to the current time level|          0.00034400 |       0.00022600 |   0.00034206 |        0.00003421 |        0.00004120 |        0.00002649 |        0.00006236 
ADMBase         | Copy the metric and extrinsic curvature |          0.00040200 |       0.00029400 |   0.00040257 |        0.00004026 |        0.00004927 |        0.00003227 |        0.00008614 
CoordGauge      | Identify the slicing for the next iterat|          0.00027700 |       0.00019500 |   0.00027652 |        0.00002765 |        0.00001049 |        0.00002591 |        0.00003745 
GRHydro         | Reset the mask function that contains th|          0.00036200 |       0.00025800 |   0.00036441 |        0.00003644 |        0.00000686 |        0.00003510 |        0.00004273 
LoopControl     | Update LoopControl algorithm preferences|          0.00042800 |       0.00030000 |   0.00042639 |        0.00004264 |        0.00000928 |        0.00003890 |        0.00005028 
NaNChecker      | Reset the NaNChecker::NaNsFound counter |          0.00017200 |       0.00008900 |   0.00017310 |        0.00001731 |        0.00002687 |        0.00001395 |        0.00004255 
--------------------------------------------------------------------------------------------------------------------------------------------------------------------------------------------------
                | Total time for CCTK_PRESTEP             |          0.00228200 |       0.00157800 |   0.00228159 |        0.00022816 |        0.00015956 |        0.00019918 |        0.00036303 
==================================================================================================================================================================================================
MoL             | Initialise the step size control        |          0.00007600 |       0.00005000 |   0.00007453 |        0.00000745 |        0.00000827 |        0.00000641 |        0.00001529 
MoL             | Set the counter for the ODE method to lo|          0.00007600 |       0.00004700 |   0.00007556 |        0.00000756 |        0.00000307 |        0.00000698 |        0.00001038 
MoL             | Ensure the correct time and timestep are|          0.00006600 |       0.00004100 |   0.00006795 |        0.00000680 |        0.00000302 |        0.00000635 |        0.00000965 
MoL             | Allocate storage for scratch levels     |          0.00029000 |       0.00019400 |   0.00029039 |        0.00002904 |        0.00005184 |        0.00002203 |        0.00007810 
GRHydro         | Set up and check scalars for efficiency |          0.00043500 |       0.00027600 |   0.00043519 |        0.00004352 |        0.00003081 |        0.00003781 |        0.00007135 
MoL             | Allocate sufficient space for array scra|          0.00026000 |       0.00015800 |   0.00025964 |        0.00002596 |        0.00000554 |        0.00002484 |        0.00003091 
MoL             | Ensure the data is in the correct timele|          0.00073700 |       0.00045000 |   0.00073779 |        0.00007378 |        0.00001539 |        0.00006875 |        0.00008678 
MoL             | Initialise the RHS functions            |          0.00070800 |       0.00042700 |   0.00070387 |        0.00003519 |        0.00003732 |        0.00003045 |        0.00006706 
GRHydro         | Source term calculation                 |          0.00086100 |       0.00054000 |   0.00085872 |        0.00004294 |        0.00002698 |        0.00003779 |        0.00006127 
GRHydro         | Set the flux_direction variable         |          0.00033600 |       0.00021600 |   0.00033270 |        0.00001663 |        0.00000499 |        0.00001591 |        0.00002029 
GRHydro         | Calculate current refinement level      |          0.00244100 |       0.00170800 |   0.00242664 |        0.00004044 |        0.00005727 |        0.00003562 |        0.00007237 
GRHydro         | Reconstruct the functions at the cell bo|          0.00606500 |       0.00450200 |   0.00606173 |        0.00010103 |        0.00006822 |        0.00009137 |        0.00013182 
GRHydro         | Solve the local Riemann problems - MHD v|          0.00438100 |       0.00330200 |   0.00436844 |        0.00007281 |        0.00005711 |        0.00006742 |        0.00010334 
GRHydro         | Calculate the update term from the fluxe|          0.00260400 |       0.00201100 |   0.00259457 |        0.00004324 |        0.00003947 |        0.00004007 |        0.00007059 
GRHydro         | Decrement the flux_direction variable   |          0.00099500 |       0.00079200 |   0.00099656 |        0.00001661 |        0.00003382 |        0.00001563 |        0.00004954 
GRHydro         | Alter the update terms if inside the atm|          0.00085800 |       0.00073500 |   0.00085237 |        0.00004262 |        0.00001936 |        0.00003810 |        0.00005570 
MoL             | Updates calculated with the efficient Ru|          0.00071700 |       0.00060800 |   0.00071662 |        0.00003583 |        0.00001223 |        0.00003261 |        0.00004336 
MoL             | Alter the counter number                |          0.00014300 |       0.00011900 |   0.00014148 |        0.00000707 |        0.00000329 |        0.00000660 |        0.00001015 
MoL             | If necessary, change the time           |          0.00015400 |       0.00011200 |   0.00014916 |        0.00000746 |        0.00001475 |        0.00000638 |        0.00002146 
ADMBase         | Select ADMBase boundary conditions - may|          0.00237500 |       0.00203100 |   0.00237635 |        0.00011882 |        0.00010692 |        0.00010356 |        0.00019089 
Boundary        | Apply all requested local physical bound|          0.00587600 |       0.00442400 |   0.00587168 |        0.00008388 |        0.00044347 |        0.00003398 |        0.00019519 
CartGrid3D      | Apply symmetry boundary conditions      |          0.00194600 |       0.00143000 |   0.00192751 |        0.00002754 |        0.00002706 |        0.00002456 |        0.00004343 
Boundary        | Unselect all grid variables for boundary|          0.00046000 |       0.00033400 |   0.00045554 |        0.00000651 |        0.00000374 |        0.00000623 |        0.00001003 
GRHydro         | Calculate current refinement level      |          0.00073200 |       0.00062400 |   0.00073156 |        0.00003658 |        0.00003456 |        0.00003393 |        0.00007002 
GRHydro         | Set grid scalar InLastMoLPostStep if thi|          0.00016100 |       0.00013800 |   0.00016142 |        0.00000807 |        0.00000365 |        0.00000769 |        0.00001155 
GRHydro         | Select atmosphere mask for boundary cond|          0.00103500 |       0.00082200 |   0.00103592 |        0.00005180 |        0.00003617 |        0.00004681 |        0.00007775 
GRHydro         | Set integer atmosphere mask from synchro|          0.00073700 |       0.00046700 |   0.00073596 |        0.00003680 |        0.00001704 |        0.00003528 |        0.00005277 
GRHydro         | Reset the atmosphere - MHD version      |          0.00042000 |       0.00030300 |   0.00041947 |        0.00004195 |        0.00003273 |        0.00003764 |        0.00007252 
GRHydro         | Compute comoving magnetic field, pressur|          0.00163000 |       0.00110200 |   0.00162797 |        0.00008140 |        0.00003504 |        0.00007757 |        0.00011169 
GRHydro         | Select GRHydro boundary conditions      |          0.00271400 |       0.00184300 |   0.00271119 |        0.00013556 |        0.00005453 |        0.00012540 |        0.00016655 
GRHydro         | Calculate sdetg                         |          0.00084400 |       0.00059100 |   0.00084082 |        0.00004204 |        0.00000921 |        0.00004033 |        0.00004774 
GRHydro         | Convert back to primitive variables (gen|          0.00571100 |       0.00423600 |   0.00571112 |        0.00028556 |        0.00006172 |        0.00027082 |        0.00031360 
GRHydro         | Reset InLastMoLPostStep to zero         |          0.00013800 |       0.00009800 |   0.00013798 |        0.00000690 |        0.00000360 |        0.00000650 |        0.00001036 
MoL             | If necessary, change the timestep       |          0.00013500 |       0.00009100 |   0.00013542 |        0.00000677 |        0.00000362 |        0.00000639 |        0.00001026 
MoL             | Control the step size                   |          0.00007000 |       0.00005700 |   0.00006869 |        0.00000687 |        0.00000425 |        0.00000621 |        0.00001087 
MoL             | Restoring the Save and Restore variables|          0.00042300 |       0.00033200 |   0.00042248 |        0.00004225 |        0.00000863 |        0.00003932 |        0.00004735 
MoL             | Free storage for scratch levels         |          0.00018300 |       0.00013100 |   0.00018225 |        0.00001823 |        0.00001375 |        0.00001610 |        0.00003076 
GRHydro         | Syncronise the mask function that contai|          0.00071300 |       0.00055800 |   0.00071090 |        0.00007109 |        0.00000434 |        0.00006906 |        0.00007322 
GRHydro         | Calculate divB                          |          0.00043800 |       0.00034100 |   0.00043462 |        0.00004346 |        0.00000506 |        0.00004177 |        0.00004730 
--------------------------------------------------------------------------------------------------------------------------------------------------------------------------------------------------
                | Total time for CCTK_EVOL                |          0.04894400 |       0.03624100 |   0.04884277 |        0.00180803 |        0.00140182 |        0.00162027 |        0.00260325 
==================================================================================================================================================================================================
GRHydro         | Calculate current refinement level (for |          0.00042600 |       0.00030100 |   0.00042637 |        0.00003876 |        0.00001564 |        0.00003616 |        0.00004997 
GRHydro         | Check the mask function that contains th|          0.00045100 |       0.00032000 |   0.00044805 |        0.00004073 |        0.00000812 |        0.00003896 |        0.00004756 
NaNChecker      | Prepare data structures to check for NaN|          0.00008300 |       0.00005400 |   0.00008183 |        0.00000744 |        0.00000429 |        0.00000664 |        0.00001057 
NaNChecker      | Check for NaNs                          |          0.00359300 |       0.00262700 |   0.00359505 |        0.00032682 |        0.00005885 |        0.00031054 |        0.00036082 
NaNChecker      | Count NaNs in NaNChecker::NaNsFound     |          0.00020000 |       0.00016200 |   0.00020057 |        0.00001823 |        0.00006043 |        0.00001085 |        0.00007538 
NaNChecker      | Output NaNChecker::NaNmask and take acti|          0.00027100 |       0.00019500 |   0.00027057 |        0.00002460 |        0.00000754 |        0.00002246 |        0.00002941 
SpaceMask       | Ensure that all mask values are legal   |          0.00033300 |       0.00024000 |   0.00033176 |        0.00003016 |        0.00001189 |        0.00002712 |        0.00003983 
--------------------------------------------------------------------------------------------------------------------------------------------------------------------------------------------------
                | Total time for CCTK_POSTSTEP            |          0.00535700 |       0.00389900 |   0.00535419 |        0.00048674 |        0.00016676 |        0.00045273 |        0.00061354 
==================================================================================================================================================================================================
CarpetIOHDF5    | Evolution checkpoint routine            |          0.00049100 |       0.00032900 |   0.00048948 |        0.00004895 |        0.00003700 |        0.00004025 |        0.00007831 
TimerReport     | Print the timer report                  |          0.00014300 |       0.00010100 |   0.00014198 |        0.00001420 |        0.00000403 |        0.00001359 |        0.00001800 
--------------------------------------------------------------------------------------------------------------------------------------------------------------------------------------------------
                | Total time for CCTK_CHECKPOINT          |          0.00063400 |       0.00043000 |   0.00063146 |        0.00006315 |        0.00004103 |        0.00005385 |        0.00009632 
==================================================================================================================================================================================================
CarpetLib       | Print timing statistics if desired      |          0.00017900 |       0.00011000 |   0.00017669 |        0.00001606 |        0.00001724 |        0.00001352 |        0.00002837 
CarpetLib       | Print memory statistics if desired      |          0.00050200 |       0.00009600 |   0.00050356 |        0.00004578 |        0.00033583 |        0.00001330 |        0.00036596 
LoopControl     | Output LoopControl statistics           |          0.00045800 |       0.00028300 |   0.00045838 |        0.00004167 |        0.00002579 |        0.00003629 |        0.00006284 
SystemStatistics| Collect system statistics               |          0.00116600 |       0.00072700 |   0.00116604 |        0.00010600 |        0.00002652 |        0.00009836 |        0.00012026 
TerminationTrigg| Check elapsed job walltime              |          0.00035400 |       0.00022500 |   0.00035297 |        0.00003209 |        0.00001134 |        0.00002942 |        0.00003912 
TerminationTrigg| Check if we received a termination signa|          0.00032600 |       0.00023400 |   0.00032561 |        0.00002960 |        0.00002006 |        0.00002578 |        0.00004664 
TerminationTrigg| Check termination file                  |          0.00037800 |       0.00026900 |   0.00037865 |        0.00003442 |        0.00001294 |        0.00003179 |        0.00004431 
TimerReport     | Print the timer report                  |          0.00018600 |       0.00011500 |   0.00018646 |        0.00001695 |        0.00001811 |        0.00001430 |        0.00003361 
--------------------------------------------------------------------------------------------------------------------------------------------------------------------------------------------------
                | Total time for CCTK_ANALYSIS            |          0.00354900 |       0.00205900 |   0.00354836 |        0.00032258 |        0.00046782 |        0.00026276 |        0.00074112 
==================================================================================================================================================================================================
CarpetIOHDF5    | Termination checkpoint routine          |          0.00005500 |       0.00005000 |   0.00005461 |        0.00005461 |        0.00000000 |        0.00005461 |        0.00005461 
LoopControl     | Output LoopControl statistics           |          0.00004300 |       0.00003900 |   0.00004309 |        0.00004309 |        0.00000000 |        0.00004309 |        0.00004309 
MoL             | Free the MoL bookkeeping index arrays   |          0.00003600 |       0.00003200 |   0.00003522 |        0.00003522 |        0.00000000 |        0.00003522 |        0.00003522 
TimerReport     | Print the timer report                  |          0.00000000 |       0.00000000 |   0.00000000 |        0.00000000 |        0.00000000 |        0.00000000 |        0.00000000 
--------------------------------------------------------------------------------------------------------------------------------------------------------------------------------------------------
                | Total time for CCTK_TERMINATE           |          0.00013400 |       0.00012100 |   0.00013292 |        0.00013292 |        0.00000000 |        0.00013292 |        0.00013292 
==================================================================================================================================================================================================
--------------------------------------------------------------------------------------------------------------------------------------------------------------------------------------------------
                | Total time for simulation               |          0.09134400 |       0.06606700 |   0.09133998 |        0.09133998 |        0.00000000 |        0.09133998 |        0.09133998 
==================================================================================================================================================================================================
INFO (TimerReport): Top timers at iteration 10 time 0.005
======================================================================
    %    Time/s   Min/s   Max/s   Timer (gettimeofday)
======================================================================
100.0   0.100029 0.100017 0.100040   [0001] CycleClock: CycleClock_Setup in CCTK_STARTUP
 90.7   0.090728 0.090113 0.091344   CCTK total time
 82.1   0.082148 0.081909 0.082387   meta mode/meta mode/global mode
 77.5   0.077540 0.077394 0.077686   meta mode/meta mode/global mode/level(0)
 75.0   0.075055 0.075051 0.075060   main/Evolve
 59.3   0.059347 0.059313 0.059382   main/Evolve/CallEvol
 58.6   0.058574 0.058564 0.058584   meta mode
 52.9   0.052925 0.052919 0.052931   main/Evolve/CallEvol/CCTK_EVOL
 46.8   0.046847 0.046623 0.047071   main/Evolve/CallEvol/CCTK_EVOL/CallFunction
 43.1   0.043137 0.043134 0.043140   main/CarpetStartup
 41.4   0.041379 0.041377 0.041381   main/CarpetStartup/CarpetLib::gh::regrid
 41.1   0.041149 0.041143 0.041154   main/CarpetStartup/CarpetLib::gh::regrid/CarpetLib::dh::regrid
 25.4   0.025453 0.024874 0.026032   main/Evolve/CallEvol/CCTK_EVOL/CallFunction/thorns
 15.0   0.015046 0.015030 0.015062   meta mode/meta mode
 14.8   0.014777 0.014634 0.014921   main/Evolve/CallAnalysis
 13.6   0.013582 0.013579 0.013585   main/CarpetStartup/CarpetLib::gh::regrid/CarpetLib::dh::regrid/test
 13.0   0.013037 0.013015 0.013059   main/CarpetStartup/CarpetLib::gh::regrid/CarpetLib::dh::regrid/buffers
 11.9   0.011862 0.011856 0.011867   main/Initialise
  9.8   0.009775 0.009703 0.009848   meta mode/meta mode/global mode/level(0)/enter_local_mode
  5.9   0.005924 0.005783 0.006065   [0153] GRHydro: Reconstruct in CCTK_EVOL
  5.8   0.005796 0.005715 0.005876   [0162] Boundary: Boundary_ApplyPhysicalBCs in CCTK_EVOL
  5.6   0.005560 0.005190 0.005929   main/Evolve/CallEvol/CCTK_EVOL/CallFunction/syncs
  5.5   0.005533 0.005354 0.005711   [0172] GRHydro: Con2Prim in CCTK_EVOL
  5.5   0.005466 0.005457 0.005475   main/CarpetStartup/CarpetLib::gh::regrid/CarpetLib::dh::regrid/bcast_comm
  5.2   0.005249 0.004874 0.005624   main/Evolve/CallEvol/CCTK_EVOL/CallFunction/syncs/Sync
  5.0   0.005007 0.004975 0.005038   main/Evolve/CallAnalysis/CCTK_POSTSTEP
  5.0   0.004989 0.004833 0.005145   main/Evolve/CallEvol/CCTK_EVOL/CallFunction/thorns/Con2Prim
  4.9   0.004925 0.004905 0.004945   main/Initialise/CallInitial
  4.9   0.004918 0.004896 0.004940   main/CarpetStartup/CarpetLib::gh::regrid/CarpetLib::dh::regrid/region
  4.8   0.004771 0.004740 0.004802   main/Evolve/CallAnalysis/CCTK_POSTSTEP/CallFunction
  4.7   0.004719 0.004515 0.004922   main/Evolve/CallAnalysis/OutputGH
  4.7   0.004689 0.004486 0.004892   main/Evolve/CallAnalysis/OutputGH/OutputGH
  4.3   0.004307 0.004233 0.004381   [0154] GRHydro: Riemann in CCTK_EVOL
  4.2   0.004240 0.004195 0.004285   meta mode/meta mode/global mode/level(0)/leave_local_mode
  4.2   0.004199 0.004074 0.004324   main/Evolve/CallEvol/CCTK_EVOL/CallFunction/thorns/Reconstruct
  3.7   0.003730 0.003636 0.003824   main/Evolve/CallEvol/CCTK_EVOL/CallFunction/thorns/Boundary_ApplyPhysicalBCs
  3.6   0.003617 0.003571 0.003663   main/Evolve/CallAnalysis/CCTK_POSTSTEP/CallFunction/thorns
  3.5   0.003510 0.003427 0.003593   [0122] NaNChecker: NaNChecker_NaNCheck_Check in CCTK_POSTSTEP
  3.4   0.003435 0.003432 0.003438   main/Evolve/CallEvol/Poison
  2.9   0.002903 0.002837 0.002970   main/Evolve/CallAnalysis/CCTK_POSTSTEP/CallFunction/thorns/NaNChecker_NaNCheck_Check
======================================================================
---------------------------------------------------------------------------------------------------------------------------------------------------------
Time      Time   Imblnc   Timer                                               gettimeof  getrusage      cycle  cycle[avg  cycle[sdv  cycle[min  cycle[max
percent   secs   percent                                                           secs       secs       secs       secs       secs       secs       secs
---------------------------------------------------------------------------------------------------------------------------------------------------------
 100.0%      0.1    0.0%  Evolve                                                0.07505     0.0549  1.835e+08  1.835e+08          0  1.835e+08  1.835e+08
  19.7%      0.0    1.0%  |_CallAnalysis                                        0.01492    0.01111  3.648e+07  3.648e+06  1.333e+06  3.317e+06  4.684e+06
   3.9%      0.0    1.6%  | |_CCTK_ANALYSIS                                     0.00295   0.002136  7.214e+06  7.214e+05  1.789e+05  6.754e+05   8.75e+05
   3.5%      0.0    2.3%  | | |_CallFunction                                   0.002701   0.001953  6.613e+06  8.266e+04   6.15e+05  2.857e+04  2.899e+05
   1.6%      0.0    4.2%  | | | |_thorns                                       0.001252   0.000894  3.095e+06  3.869e+04  6.395e+05       6615  2.621e+05
   1.2%      0.0    1.1%  | | | | |_SystemStatistics_Collect                   0.000898   0.000621  2.201e+06  2.201e+05  5.211e+04   2.06e+05  2.529e+05
   1.9%      0.0          | | | |_untimed
   6.7%      0.0    0.6%  | |_CCTK_POSTSTEP                                    0.004975   0.003984  1.216e+07  1.216e+06   2.28e+05  1.138e+06  1.337e+06
   6.4%      0.0    0.6%  | | |_CallFunction                                    0.00474     0.0038  1.159e+07  1.656e+05  2.181e+06  1.232e+04  8.783e+05
   4.8%      0.0    1.3%  | | | |_thorns                                       0.003571   0.002861  8.727e+06  1.247e+05  2.086e+06       6909  8.042e+05
   3.9%      0.0    2.2%  | | | | |_NaNChecker_NaNCheck_Check                   0.00297    0.00237  7.263e+06  7.263e+05  1.078e+05      7e+05  7.994e+05
   1.5%      0.0          | | | |_untimed
   6.3%      0.0    4.1%  | |_OutputGH                                         0.004922   0.003471  1.202e+07  1.202e+06  1.215e+06  9.805e+05  2.317e+06
   6.2%      0.0    4.1%  | | |_OutputGH                                       0.004892   0.003453  1.196e+07  1.196e+06  1.214e+06  9.758e+05  2.313e+06
   1.2%      0.0    1.8%  | | | |_IOASCII::IOASCII_1D [2]                      0.000919    0.00042  2.247e+06  2.247e+05  1.238e+06  8.646e+04  1.398e+06
   1.1%      0.0    2.0%  | | | | |_OutputGH<1>                                0.000871   0.000379  2.131e+06  2.131e+05  1.242e+06  8.105e+04  1.391e+06
   2.6%      0.0    8.6%  | | | |_IOBasic::CarpetIOBasic [5]                   0.002154   0.001729  5.275e+06  5.275e+05  1.486e+05  4.875e+05  6.347e+05
   2.6%      0.0    8.5%  | | | | |_OutputGH                                    0.00212     0.0017  5.206e+06  5.206e+05  1.475e+05  4.818e+05  6.286e+05
   1.9%      0.0          | |_untimed
  79.1%      0.1    0.1%  |_CallEvol                                            0.05938    0.04324  1.452e+08  1.452e+07  3.488e+06  1.388e+07  1.778e+07
  70.5%      0.1    0.0%  | |_CCTK_EVOL                                         0.05292     0.0389  1.294e+08  1.294e+07  3.169e+06   1.24e+07   1.59e+07
  62.4%      0.0    0.5%  | | |_CallFunction                                    0.04707    0.03492  1.153e+08  1.153e+05  3.827e+06  1.115e+04  7.626e+05
   7.4%      0.0    6.2%  | | | |_syncs                                         0.00519   0.004024  1.274e+07   1.82e+05  7.922e+05  6.872e+04  4.388e+05
   7.0%      0.0    6.7%  | | | | |_Sync                                       0.004874   0.003775  1.192e+07  1.703e+05  7.813e+05  6.176e+04  4.258e+05
   1.7%      0.0    0.8%  | | | | | |_comm_state[3].state_fill_send_buffers.   0.001237   0.000958  3.052e+06   4.36e+04  2.318e+05       9849  1.096e+05
   1.3%      0.0   28.4%  | | | | | |_comm_state[6].state_do_some_work.step    0.000572   0.000458  1.417e+06  2.025e+04  1.539e+05       4924  1.454e+05
   1.5%      0.0    0.9%  | | | | | |_comm_state[7].state_empty_recv_buffers   0.001141   0.000888  2.807e+06  4.009e+04  2.686e+05       6002  1.468e+05
   1.0%      0.0          | | | | | |_untimed
  33.9%      0.0    2.2%  | | | |_thorns                                        0.02603    0.01928  6.374e+07  6.374e+04  3.247e+06       6566   7.06e+05
   5.0%      0.0    2.5%  | | | | |_Boundary_ApplyPhysicalBCs                  0.003824   0.002842  9.392e+06  1.342e+05  1.041e+06  2.399e+04  3.626e+05
   6.6%      0.0    3.0%  | | | | |_Con2Prim                                   0.005145   0.003859   1.26e+07  6.301e+05  1.462e+05  5.901e+05   7.01e+05
   1.4%      0.0    2.7%  | | | | |_GRHydro_CalcBcom                           0.001099   0.000777  2.703e+06  1.351e+05  7.553e+04  1.303e+05  2.087e+05
   1.2%      0.0    0.4%  | | | | |_GRHydro_RefinementLevel                    0.000896   0.000681  2.235e+06  2.793e+04  8.084e+04  2.511e+04  9.815e+04
   5.6%      0.0    2.9%  | | | | |_Reconstruct                                0.004324    0.00322  1.064e+07  1.773e+05  1.247e+05  1.608e+05  2.535e+05
   3.2%      0.0    3.5%  | | | | |_Riemann                                    0.002502   0.001925  6.162e+06  1.027e+05  9.692e+04  9.592e+04  1.688e+05
   1.1%      0.0    0.7%  | | | | |_UpdateCalcul                               0.000857   0.000663  2.126e+06  3.544e+04   2.82e+04   3.29e+04   6.01e+04
   3.0%      0.0          | | | | |_untimed
  21.1%      0.0          | | | |_untimed
   7.9%      0.0          | | |_untimed
   3.2%      0.0    1.5%  | |_CCTK_PRESTEP                                     0.002413   0.001677  5.902e+06  5.902e+05  3.058e+05  5.152e+05  8.479e+05
   2.8%      0.0    2.2%  | | |_CallFunction                                   0.002151   0.001489  5.223e+06  7.462e+04  2.406e+05  3.014e+04  2.053e+05
   4.6%      0.0    0.1%  | |_Poison                                           0.003438   0.002219  8.405e+06  8.405e+05  1.226e+05  8.079e+05  9.297e+05
---------------------------------------------------------------------------------------------------------------------------------------------------------
---------------------------------------------------------------------------------------------------------------------------------------------------------
Time      Time   Imblnc   Timer                                               gettimeof  getrusage      cycle  cycle[avg  cycle[sdv  cycle[min  cycle[max
percent   secs   percent                                                           secs       secs       secs       secs       secs       secs       secs
---------------------------------------------------------------------------------------------------------------------------------------------------------
 100.0%      0.1    0.0%  meta mode                                              0.1401     0.1069  3.426e+08  5.709e+07  2.017e+08  1.102e+04  1.993e+08
  68.9%      0.1    0.0%  |_meta mode                                           0.09655     0.0693  2.361e+08  3.935e+07  1.783e+08  1.041e+04  1.993e+08
   1.1%      0.0    1.2%  | |_enter_global_mode                                0.001501   0.001075    3.7e+06      5e+04  9.379e+04  3.756e+04  8.776e+04
  61.3%      0.1    1.6%  | |_global mode                                       0.08716    0.06219  2.131e+08  2.842e+06  3.807e+07  4.376e+04  1.602e+07
  55.4%      0.1    0.2%  | | |_level(0)                                        0.07769    0.05629    1.9e+08  6.787e+05  4.046e+07       3749  1.594e+07
   7.0%      0.0    0.7%  | | | |_enter_local_mode                             0.009848   0.007148  2.418e+07  2.179e+04  2.932e+05       2082  9.834e+04
   1.4%      0.0    0.6%  | | | |_enter_singlemap_mode                         0.001881   0.001372  4.761e+06       4285  8.402e+04       2082  7.323e+04
   3.0%      0.0    1.1%  | | | |_leave_local_mode                             0.004285   0.003143  1.065e+07       9582  1.514e+05       2107  7.186e+04
   1.3%      0.0    1.1%  | | | |_leave_singlemap_mode                         0.001793   0.001273  4.496e+06       4043  5.277e+04       2107  5.179e+04
  42.7%      0.1          | | | |_untimed
   5.1%      0.0          | | |_untimed
   6.3%      0.0          | |_untimed
  31.1%      0.0          | untimed
---------------------------------------------------------------------------------------------------------------------------------------------------------
--------------------------------------------------------------------------------
Done.
+ echo Stopping:
Stopping:
+ date
Fri May 29 19:04:00 UTC 2026
+ echo Done.
Done.
  Elapsed time: 1.0 s
