/home/runner/simulations/TestJob01_temp_2/output-0000/TEST/sim/GRHydro
Preparing:
+ set -e
+ cd output-0000-active
+ echo Checking:
Checking:
+ pwd
/home/runner/simulations/TestJob01_temp_2/output-0000/TEST/sim/GRHydro/output-0000-active
+ hostname
runnervmmklqx
+ date
Sat Jun 27 07:23:38 UTC 2026
+ echo Environment:
Environment:
+ export CACTUS_NUM_PROCS=2
+ CACTUS_NUM_PROCS=2
+ export CACTUS_NUM_THREADS=1
+ CACTUS_NUM_THREADS=1
+ export GMON_OUT_PREFIX=gmon.out
+ GMON_OUT_PREFIX=gmon.out
+ export OMP_NUM_THREADS=1
+ OMP_NUM_THREADS=1
+ env
+ sort
+ echo Starting:
Starting:
++ date +%s
+ export CACTUS_STARTTIME=1782545018
+ CACTUS_STARTTIME=1782545018
+ '[' 2 = 1 ']'
+ mpirun -np 2 /home/runner/simulations/TestJob01_temp_2/SIMFACTORY/exe/cactus_sim -L 3 /home/runner/simulations/TestJob01_temp_2/output-0000/arrangements/EinsteinEvolve/GRHydro/test/balsara2_2d.par
INFO (Cactus): Increased logging level from 0 to 3
--------------------------------------------------------------------------------

       10                                  
  1   0101       ************************  
  01  1010 10      The Cactus Code V4.20.0    
 1010 1101 011      www.cactuscode.org     
  1001 100101    ************************  
    00010101                               
     100011     (c) Copyright The Authors  
      0100      GNU Licensed. No Warranty  
      0101                                 
--------------------------------------------------------------------------------

Cactus version:    4.20.0
Compile date:      Jun 27 2026 (06:37:28)
Run date:          Jun 27 2026 (07:23:39+0000)
Run host:          runnervmmklqx.5h22ydpj3h3ejlrfk43sdsvwae.cx.internal.cloudapp.net (pid=178678)
Working directory: /home/runner/simulations/TestJob01_temp_2/output-0000/TEST/sim/GRHydro
Executable:        /home/runner/simulations/TestJob01_temp_2/SIMFACTORY/exe/cactus_sim
Parameter file:    /home/runner/simulations/TestJob01_temp_2/output-0000/arrangements/EinsteinEvolve/GRHydro/test/balsara2_2d.par
--------------------------------------------------------------------------------

Activating thorn Cactus...Success -> active implementation Cactus
Activation requested for 
--->Boundary CartGrid3D CoordBase Fortran InitBase IOUtil LocalReduce SymBase Time AEILocalInterp LocalInterp MoL Slab SpaceMask Carpet CarpetInterp CarpetIOASCII CarpetIOHDF5 CarpetIOScalar CarpetLib CarpetIOBasic CarpetReduce CarpetSlab LoopControl NaNChecker TerminationTrigger TimerReport ADMbase ADMmacros CoordGauge StaticConformal Constants TmunuBase HydroBase EOS_Omni GRHydro GRHydro_InitData HDF5 SystemStatistics<---
Thorn Carpet requests automatic activation of MPI
Thorn Carpet requests automatic activation of Timers
Thorn CarpetLib requests automatic activation of Vectors
Thorn CarpetLib requests automatic activation of Boost
Thorn CarpetLib requests automatic activation of CycleClock
Thorn GRHydro requests automatic activation of EOS_Polytrope
Thorn HDF5 requests automatic activation of zlib
Thorn LoopControl requests automatic activation of hwloc
Thorn EOS_Polytrope requests automatic activation of EOS_Base
Activating thorn ADMbase...Success -> active implementation ADMBase
Activating thorn ADMmacros...Success -> active implementation ADMMacros
Activating thorn AEILocalInterp...Success -> active implementation AEILocalInterp
Activating thorn Boost...Success -> active implementation Boost
Activating thorn Boundary...Success -> active implementation boundary
Activating thorn Carpet...Success -> active implementation Driver
Activating thorn CarpetInterp...Success -> active implementation interp
Activating thorn CarpetIOASCII...Success -> active implementation IOASCII
Activating thorn CarpetIOBasic...Success -> active implementation IOBasic
Activating thorn CarpetIOHDF5...Success -> active implementation IOHDF5
Activating thorn CarpetIOScalar...Success -> active implementation IOScalar
Activating thorn CarpetLib...Success -> active implementation CarpetLib
Activating thorn CarpetReduce...Success -> active implementation reduce
Activating thorn CarpetSlab...Success -> active implementation Hyperslab
Activating thorn CartGrid3D...Success -> active implementation grid
Activating thorn Constants...Success -> active implementation Constants
Activating thorn CoordBase...Success -> active implementation CoordBase
Activating thorn CoordGauge...Success -> active implementation CoordGauge
Activating thorn CycleClock...Success -> active implementation CycleClock
Activating thorn EOS_Base...Success -> active implementation EOS_Base
Activating thorn EOS_Omni...Success -> active implementation EOS_Omni
Activating thorn EOS_Polytrope...Success -> active implementation EOS_2d_Polytrope
Activating thorn Fortran...Success -> active implementation Fortran
Activating thorn GRHydro...Success -> active implementation GRHydro
Activating thorn GRHydro_InitData...Success -> active implementation GRHydro_init_data
Activating thorn HDF5...Success -> active implementation HDF5
Activating thorn hwloc...Success -> active implementation hwloc
Activating thorn HydroBase...Success -> active implementation HydroBase
Activating thorn InitBase...Success -> active implementation InitBase
Activating thorn IOUtil...Success -> active implementation IO
Activating thorn LocalInterp...Success -> active implementation LocalInterp
Activating thorn LocalReduce...Success -> active implementation LocalReduce
Activating thorn LoopControl...Success -> active implementation LoopControl
Activating thorn MoL...Success -> active implementation MethodOfLines
Activating thorn MPI...Success -> active implementation MPI
Activating thorn NaNChecker...Success -> active implementation NaNChecker
Activating thorn Slab...Success -> active implementation Slab
Activating thorn SpaceMask...Success -> active implementation SpaceMask
Activating thorn StaticConformal...Success -> active implementation StaticConformal
Activating thorn SymBase...Success -> active implementation SymBase
Activating thorn SystemStatistics...Success -> active implementation SystemStatistics
Activating thorn TerminationTrigger...Success -> active implementation TerminationTrigger
Activating thorn Time...Success -> active implementation time
Activating thorn TimerReport...Success -> active implementation timerreport
Activating thorn Timers...Success -> active implementation Timers
Activating thorn TmunuBase...Success -> active implementation TmunuBase
Activating thorn Vectors...Success -> active implementation Vectors
Activating thorn zlib...Success -> active implementation zlib
--------------------------------------------------------------------------------
  if (recover initial data)
    Recover parameters
  endif

  Startup routines
    [CCTK_STARTUP]
      Carpet::MultiModel_Startup: Multi-model Startup routine
      CycleClock::CycleClock_Setup: Set up CycleClock
      LoopControl::LC_setup: Set up LoopControl
      Timers::Timer_Startup: Prepare hierarchical timers
      Carpet::Driver_Startup: Startup routine
      IOUtil::IOUtil_Startup: Startup routine
      CarpetIOScalar::CarpetIOScalarStartup: [global] Startup routine
      CarpetInterp::CarpetInterpStartup: Startup routine
      CarpetReduce::CarpetReduceStartup: Startup routine
      CartGrid3D::SymmetryStartup: Register GH Extension for GridSymmetry
      CoordBase::CoordBase_Startup: Register a GH extension to store the coordinate system handles
      AEILocalInterp::AEILocalInterp_U_Startup: register CCTK_InterpLocalUniform() interpolation operators
      EOS_Omni::EOS_Omni_Startup: [global] Set up conversion factors and other fun stuff
      EOS_Polytrope::EOS_Polytrope_Startup: Setup the polytropic EOS
      GRHydro::GRHydro_Startup: Startup banner
      GRHydro::GRHydro_RegisterMask: Register the hydro masks
      HydroBase::HydroBase_StartUp: Startup banner
      CarpetIOASCII::CarpetIOASCIIStartup: [global] Startup routine
      LocalInterp::LocalInterp_Startup: register LocalInterp's interpolation operators
      LocalReduce::LocalReduce_Startup: Startup routine
      CarpetIOBasic::CarpetIOBasicStartup: [global] Startup routine
      MoL::MoL_Startup: Startup banner
      Slab::Slab_InitMPIDatatypes: Create MPI datatypes for complex variables in C
      SymBase::SymBase_Startup: Register GH Extension for SymBase
      TerminationTrigger::TerminationTrigger_StartSignalHandler: Start signal handler
      CarpetIOHDF5::CarpetIOHDF5_Startup: Startup routine
      Vectors::Vectors_Startup: Print startup message
      GROUP hwloc_startup: hwloc startup group
        hwloc::hwloc_version: Output hwloc version

  Startup routines which need an existing grid hierarchy
    [CCTK_WRAGH]
      ADMBase::Einstein_InitSymBound: [global] Set up GF symmetries
      Boundary::Boundary_RegisterBCs: [global] Register boundary conditions that this thorn provides
      CartGrid3D::RegisterCartGrid3DCoords: [meta] Register coordinates for the Cartesian grid
      CoordGauge::Einstein_ActivateSlicing: Initialize slicing, setup priorities for mixed slicings
      CoordGauge::Einstein_SetNextSlicing: Identify the slicing for the next iteration
      GRHydro::GRHydro_ClearLastMoLPostStep: [global] Initialize InLastMoLPostStep to zero
      MoL::MoL_SetupIndexArrays: Set up the MoL bookkeeping index arrays
      MoL::MoL_SetScheduleStatus: [global] Set the flag so it is ok to register with MoL
      TmunuBase::TmunuBase_SetStressEnergyState: [global] Set the stress_energy_state variable
      GROUP MoL_Register: The group where physics thorns register variables with MoL
        GRHydro::GRHydro_Register: Register variables for MoL
      Slab::Slab_InitTimers: Initialise timers
      SpaceMask::MaskSym: [global] Set grid symmetries for mask
      SpaceMask::MaskSym_emask: [global] Set grid symmetries for emask (compatibility mode)
      GROUP SymBase_Wrapper: Wrapper group for SymBase
        GROUP SymmetryRegister: Register your symmetries here
          CartGrid3D::CartGrid3D_RegisterSymmetryBoundaries: [meta] Register symmetry boundaries
        SymBase::SymBase_Statistics: Print symmetry boundary face descriptions
      MoL::MoL_ReportNumberVariables: [meta] Report how many of each type of variable there are
  Parameter checking routines
    [CCTK_PARAMCHECK]
      ADMBase::ADMBase_ParamCheck: [global] Check consistency of parameters
      Boundary::Boundary_Check: Check dimension of grid variables
      Carpet::CarpetParamCheck: Parameter checking routine
      CarpetLib::CarpetLib_test_prolongate_3d_rf2: [global] Test prolongation operators
      CartGrid3D::ParamCheck_CartGrid3D: Check coordinates for CartGrid3D
      Fortran::CheckFortranParameters: Test whether Fortran parameters work correctly
      GRHydro::GRHydro_ParamCheck: Check parameters
      GRHydro_InitData::GRHydro_InitData_CheckParameters: Check parameters
      MoL::MoL_ParamCheck: Basic parameter checking
      TerminationTrigger::TerminationTrigger_ParamCheck: Check consitency of parameters
      TmunuBase::TmunuBase_ParamCheck: [global] Check that no deprecated parameters are used.
      Vectors::Vectors_Test: Run correctness tests.

  Initialisation
    if (NOT (recover initial data AND recovery_mode is 'strict'))
      [CCTK_PREREGRIDINITIAL]
      Set up grid hierarchy
      [CCTK_POSTREGRIDINITIAL]
        CartGrid3D::SpatialCoordinates: Set Coordinates after regridding
        GROUP MaskBase_SetupMask: Set up the weight function
          GROUP MaskBase_SetupMaskAll: Set up the weight function
            CarpetReduce::MaskBase_AllocateMask: [global] Allocate the weight function
            CarpetReduce::MaskBase_InitMask: [global] [loop-local] Initialise the weight function
            GROUP SetupIMaskInternal: Set up the integer weight function (schedule other routines in here)
              CarpetReduce::CoordBase_SetupMask: [global] [loop-local] Set up the outer boundaries of the weight function
              CarpetReduce::CarpetMaskSetup: [global] [loop-singlemap] Set up the weight function for the restriction regions
            GROUP SetupIMask: Set up the integer weight function (schedule other routines in here)
            CarpetReduce::MaskBase_SetMask: [global] [loop-local] Set the weight function
            GROUP SetupMask: Set up the real weight function (schedule other routines in here)
            CarpetReduce::MaskBase_TestMask: [global] Test the weight function
        SpaceMask::MaskZero: Initialise mask to zero
        GRHydro::GRHydro_RefinementLevel: Calculate current refinement level
        GROUP HydroBase_ExcisionMaskSetup: Set up hydro excision mask
          HydroBase::HydroBase_InitExcisionMask: Initialize hydro excision mask to 'no excision everywhere'
        GROUP MoL_PseudoEvolutionBoundaries: Apply boundary conditions to pseudo-evolved quantities
        SpaceMask::MaskOne: Set mask to one
        GRHydro::GRHydro_SetupMask: Initialize the atmosphere mask
      [CCTK_BASEGRID]
        ADMBase::ADMBase_SetShiftStateOn: Set the shift_state variable to 1
        ADMBase::ADMBase_SetDtLapseStateOff: Set the dtlapse_state variable to 0
        ADMBase::ADMBase_SetDtShiftStateOff: Set the dtshift_state variable to 0
        ADMMacros::ADMMacros_SetLocalSpatialOrder: Initialize the local_spatial_order
        CartGrid3D::SpatialSpacings: Set up ranges for spatial 3D Cartesian coordinates (on all grids)
        CartGrid3D::SpatialCoordinates: Set up spatial 3D Cartesian coordinates on the GH
        GROUP MaskBase_SetupMask: Set up the weight function
          GROUP MaskBase_SetupMaskAll: Set up the weight function
            CarpetReduce::MaskBase_AllocateMask: [global] Allocate the weight function
            CarpetReduce::MaskBase_InitMask: [global] [loop-local] Initialise the weight function
            GROUP SetupIMaskInternal: Set up the integer weight function (schedule other routines in here)
              CarpetReduce::CoordBase_SetupMask: [global] [loop-local] Set up the outer boundaries of the weight function
              CarpetReduce::CarpetMaskSetup: [global] [loop-singlemap] Set up the weight function for the restriction regions
            GROUP SetupIMask: Set up the integer weight function (schedule other routines in here)
            CarpetReduce::MaskBase_SetMask: [global] [loop-local] Set the weight function
            GROUP SetupMask: Set up the real weight function (schedule other routines in here)
            CarpetReduce::MaskBase_TestMask: [global] Test the weight function
        GRHydro::GRHydro_Reset_Execution_Flags: [global] Initially set execution flags to 'YEAH, Execute'!
        GRHydro::GRHydro_InitSymBound: Schedule symmetries and check shift state
        GRHydro::reset_GRHydro_C2P_failed: Initialise the mask function that contains the points where C2P has failed (at BASEGRID)
        NaNChecker::NaNChecker_ResetCounter: [global] Reset the NaNChecker::NaNsFound counter
        SpaceMask::MaskZero: Initialise mask to zero
        SpaceMask::MaskOne: Set old style mask to one
        SymBase::SymBase_Check: Check whether the driver set up the grid consistently
        TerminationTrigger::TerminationTrigger_ResetTrigger: Clear trigger state
        TerminationTrigger::TerminationTrigger_StartTimer: Start timer
        TerminationTrigger::TerminationTrigger_CreateFile: Create termination file
        Time::Time_Initialise: [global] Initialise Time variables
        Time::TemporalSpacings: [singlemap] Set timestep based on Courant condition (courant_static)
      [CCTK_INITIAL]
        StaticConformal::StaticConformal_InitialiseState: Set the conformal_state variable to 0
        GROUP ADMBase_InitialData: Schedule group for calculating ADM initial data
          ADMBase::ADMBase_CartesianMinkowski: Set the metric and extrinsic curvature to cartesian minkowski values
        GRHydro::GRHydro_EOSHandle: [global] Set the EOS number
        CarpetIOASCII::CarpetIOASCIIInit: [global] Initialisation routine
        CarpetIOBasic::CarpetIOBasicInit: [global] Initialisation routine
        CarpetIOHDF5::CarpetIOHDF5_Init: [global] Initialisation routine
        CarpetIOScalar::CarpetIOScalarInit: [global] Initialisation routine
        GRHydro::GRHydro_Rho_Minima_Setup: Set up minimum for the rest-mass density in the atmosphere (before intial data)
        GRHydro::GRHydro_SetupMask: Initialize the atmosphere mask
        GRHydro::GRHydro_RefinementLevel: Calculate current refinement level
        GROUP ADMBase_InitialGauge: Schedule group for the ADM initial gauge condition
          ADMBase::ADMBase_LapseOne: Set the lapse to 1 at all points
          ADMBase::ADMBase_ShiftZero: Set the shift to 0 at all points
        GROUP HydroBase_Initial: HydroBase initial data group
          GROUP GRHydro_Initial: GRHydro initial data group
          GRHydro::GRHydro_DivBInit: Set divB initially to zero
          GRHydro_InitData::GRHydro_shocktubeM: Shocktube initial data - MHD version
          GROUP HydroBase_ExcisionMaskSetup: Set up hydro excision mask
            HydroBase::HydroBase_InitExcisionMask: Initialize hydro excision mask to 'no excision everywhere'
        GROUP ADMBase_PostInitial: Schedule group for modifying the ADM initial data, such as e.g. adding noise
        GRHydro::GRHydro_SqrtSpatialDeterminant: Calculate sdetg
        GRHydro::GRHydro_InitialAtmosphereReset: Use mask to enforce atmosphere at initial time
        MoL::MoL_StartLoop: [level] Initialise the step size control
        GROUP HydroBase_Prim2ConInitial: Recover the conservative variables from the primitive variables
          GRHydro::Primitive2ConservativeCellsM: Convert initial data given in primive variables to conserved variables - MHD version
      [CCTK_POSTINITIAL]
        CarpetIOHDF5::CarpetIOHDF5_CloseFiles: [global] Close all filereader input files
        GRHydro::GRHydro_Scalar_Setup: Set up and check scalars for efficiency
        GROUP MoL_PostStepModify: The group for physics thorns to schedule enforcing constraints
        GROUP MoL_PostStep: Ensure that everything is correct after the initial data have been set up
          ADMBase::ADMBase_Boundaries: [level] Select ADMBase boundary conditions - may be required for mesh refinement
          GROUP ADMBase_ApplyBCs: Apply the boundary conditions of ADMBase
            GROUP BoundaryConditions: Execute all boundary conditions
              Boundary::Boundary_ApplyPhysicalBCs: Apply all requested local physical boundary conditions
              CartGrid3D::CartGrid3D_ApplyBC: Apply symmetry boundary conditions
            Boundary::Boundary_ClearSelection: [level] Unselect all grid variables for boundary conditions
            GRHydro_InitData::GRHydro_Diagshock2D_BoundaryM: 2-D Diagonal shock boundary conditions
          GROUP ADMBase_SetADMVars: Set the ADM variables before this group, and use them afterwards
          GRHydro::GRHydro_RefinementLevel: Calculate current refinement level
          GRHydro::GRHydro_SetLastMoLPostStep: [level] Set grid scalar InLastMoLPostStep if this is the last MoL PostStep call
          GROUP HydroBase_PostStep: Post step tasks for hydro thorns
            GROUP GRHydro_PostStep: Post step tasks for GRHydro
            GROUP GRHydro_AtmosphereMaskBoundaries: Apply boundary conditions to primitives
              GRHydro::GRHydro_SelectAtmosphereMaskBoundaries: [level] Select atmosphere mask for boundary conditions
              GROUP GRHydro_ApplyAtmosphereMaskBCs: Apply boundary conditions to real-valued atmosphere mask
                GROUP BoundaryConditions: Execute all boundary conditions
                  Boundary::Boundary_ApplyPhysicalBCs: Apply all requested local physical boundary conditions
                  CartGrid3D::CartGrid3D_ApplyBC: Apply symmetry boundary conditions
                Boundary::Boundary_ClearSelection: [level] Unselect all grid variables for boundary conditions
                GRHydro_InitData::GRHydro_Diagshock2D_BoundaryM: 2-D Diagonal shock boundary conditions
            GRHydro::GRHydroPostSyncAtmosphereMask: Set integer atmosphere mask from synchronized real atmosphere mask
            if (GRHydro::InLastMoLPostStep)
              GRHydro::GRHydro_AtmosphereResetM: Reset the atmosphere - MHD version
            GRHydro::GRHydro_CalcBcom: Compute comoving magnetic field, pressure, etc...
            GROUP HydroBase_Boundaries: HydroBase-internal Boundary conditions group
              GROUP Do_GRHydro_Boundaries: GRHydro Boundary conditions group
              GROUP HydroBase_Select_Boundaries: Group to schedule the boundary condition functions
                if (GRHydro::execute_MoL_PostStep)
                  GRHydro::GRHydro_Bound: [level] Select GRHydro boundary conditions
              GROUP HydroBase_ApplyBCs: Apply the boundary conditions of HydroBase
                GROUP BoundaryConditions: Execute all boundary conditions
                  Boundary::Boundary_ApplyPhysicalBCs: Apply all requested local physical boundary conditions
                  CartGrid3D::CartGrid3D_ApplyBC: Apply symmetry boundary conditions
                Boundary::Boundary_ClearSelection: [level] Unselect all grid variables for boundary conditions
                GRHydro_InitData::GRHydro_Diagshock2D_BoundaryM: 2-D Diagonal shock boundary conditions
            GROUP HydroBase_Con2Prim: Convert from conservative to primitive variables
              if (GRHydro::execute_MoL_Step)
                GRHydro::GRHydro_SqrtSpatialDeterminant: Calculate sdetg
              if (GRHydro::execute_MoL_PostStep)
                GRHydro::Con2Prim: Convert back to primitive variables (general) - MHD version
        GROUP MoL_PseudoEvolution: Calculate pseudo-evolved quantities
          GROUP ADMBase_SetADMVars: Set the ADM variables before this group, and use them afterwards
          GROUP GRHydroAnalysis: Calculate analysis quantities
            GRHydro::GRHydro_CalcDivB: Calculate divB
            GROUP GRHydro_ApplyDivBBCs: Apply boundary conditions to divB
              GROUP BoundaryConditions: Execute all boundary conditions
                Boundary::Boundary_ApplyPhysicalBCs: Apply all requested local physical boundary conditions
                CartGrid3D::CartGrid3D_ApplyBC: Apply symmetry boundary conditions
              Boundary::Boundary_ClearSelection: [level] Unselect all grid variables for boundary conditions
              GRHydro_InitData::GRHydro_Diagshock2D_BoundaryM: 2-D Diagonal shock boundary conditions
      Initialise finer grids recursively
      Restrict from finer grids
      [CCTK_POSTRESTRICTINITIAL]
        GROUP MoL_PostStep: Ensure that everything is correct after restriction
          ADMBase::ADMBase_Boundaries: [level] Select ADMBase boundary conditions - may be required for mesh refinement
          GROUP ADMBase_ApplyBCs: Apply the boundary conditions of ADMBase
            GROUP BoundaryConditions: Execute all boundary conditions
              Boundary::Boundary_ApplyPhysicalBCs: Apply all requested local physical boundary conditions
              CartGrid3D::CartGrid3D_ApplyBC: Apply symmetry boundary conditions
            Boundary::Boundary_ClearSelection: [level] Unselect all grid variables for boundary conditions
            GRHydro_InitData::GRHydro_Diagshock2D_BoundaryM: 2-D Diagonal shock boundary conditions
          GROUP ADMBase_SetADMVars: Set the ADM variables before this group, and use them afterwards
          GRHydro::GRHydro_RefinementLevel: Calculate current refinement level
          GRHydro::GRHydro_SetLastMoLPostStep: [level] Set grid scalar InLastMoLPostStep if this is the last MoL PostStep call
          GROUP HydroBase_PostStep: Post step tasks for hydro thorns
            GROUP GRHydro_PostStep: Post step tasks for GRHydro
            GROUP GRHydro_AtmosphereMaskBoundaries: Apply boundary conditions to primitives
              GRHydro::GRHydro_SelectAtmosphereMaskBoundaries: [level] Select atmosphere mask for boundary conditions
              GROUP GRHydro_ApplyAtmosphereMaskBCs: Apply boundary conditions to real-valued atmosphere mask
                GROUP BoundaryConditions: Execute all boundary conditions
                  Boundary::Boundary_ApplyPhysicalBCs: Apply all requested local physical boundary conditions
                  CartGrid3D::CartGrid3D_ApplyBC: Apply symmetry boundary conditions
                Boundary::Boundary_ClearSelection: [level] Unselect all grid variables for boundary conditions
                GRHydro_InitData::GRHydro_Diagshock2D_BoundaryM: 2-D Diagonal shock boundary conditions
            GRHydro::GRHydroPostSyncAtmosphereMask: Set integer atmosphere mask from synchronized real atmosphere mask
            if (GRHydro::InLastMoLPostStep)
              GRHydro::GRHydro_AtmosphereResetM: Reset the atmosphere - MHD version
            GRHydro::GRHydro_CalcBcom: Compute comoving magnetic field, pressure, etc...
            GROUP HydroBase_Boundaries: HydroBase-internal Boundary conditions group
              GROUP Do_GRHydro_Boundaries: GRHydro Boundary conditions group
              GROUP HydroBase_Select_Boundaries: Group to schedule the boundary condition functions
                if (GRHydro::execute_MoL_PostStep)
                  GRHydro::GRHydro_Bound: [level] Select GRHydro boundary conditions
              GROUP HydroBase_ApplyBCs: Apply the boundary conditions of HydroBase
                GROUP BoundaryConditions: Execute all boundary conditions
                  Boundary::Boundary_ApplyPhysicalBCs: Apply all requested local physical boundary conditions
                  CartGrid3D::CartGrid3D_ApplyBC: Apply symmetry boundary conditions
                Boundary::Boundary_ClearSelection: [level] Unselect all grid variables for boundary conditions
                GRHydro_InitData::GRHydro_Diagshock2D_BoundaryM: 2-D Diagonal shock boundary conditions
            GROUP HydroBase_Con2Prim: Convert from conservative to primitive variables
              if (GRHydro::execute_MoL_Step)
                GRHydro::GRHydro_SqrtSpatialDeterminant: Calculate sdetg
              if (GRHydro::execute_MoL_PostStep)
                GRHydro::Con2Prim: Convert back to primitive variables (general) - MHD version
        GROUP MoL_PseudoEvolutionBoundaries: Apply boundary conditions to pseudo-evolved quantities
      [CCTK_POSTPOSTINITIAL]
        GRHydro::GRHydro_Rho_Minima_Setup_Final: Set the value of the rest-mass density of the atmosphere which will be used during the evolution
        GRHydro::GRHydro_InitialAtmosphereResetM: Use mask to enforce atmosphere at initial time
        GROUP Con2Prim: Convert from conservative to primitive variables (might be redundant)
          if (GRHydro::execute_MoL_Step)
            GRHydro::GRHydro_SqrtSpatialDeterminant: Calculate sdetg
          if (GRHydro::execute_MoL_PostStep)
            GRHydro::Con2Prim: Convert back to primitive variables (general) - MHD version
        GROUP SetTmunu: Calculate the stress-energy tensor
        GROUP ADMConstraintsGroup: Evaluate ADM constraints, and perform symmetry boundary conditions
      [CCTK_POSTSTEP]
        GRHydro::GRHydro_RefinementLevel: Calculate current refinement level (for the check of the C2P mask)
        GRHydro::check_GRHydro_C2P_failed: Check the mask function that contains the points where C2P has failed and report an error in case a failure is found
        GROUP HydroBase_ExcisionHasBeenSet: Group to schedule thorns changing the mask before and thorns using the mask after
        GROUP zzz_NaNChecker_NaNCheck: Check for NaNs and count them in NaNChecker::NaNsFound
          NaNChecker::NaNChecker_NaNCheck_Prepare: [level] Prepare data structures to check for NaNs
          NaNChecker::NaNChecker_NaNCheck_Check: [local] Check for NaNs
          NaNChecker::NaNChecker_NaNCheck_Finish: [level] Count NaNs in NaNChecker::NaNsFound
        NaNChecker::NaNChecker_TakeAction: [global] [loop-level] Output NaNChecker::NaNmask and take action according to NaNChecker::action_if_found
        SpaceMask::CheckMask: Ensure that all mask values are legal
    endif
    if (recover initial data)
      [CCTK_BASEGRID]
        ADMBase::ADMBase_SetShiftStateOn: Set the shift_state variable to 1
        ADMBase::ADMBase_SetDtLapseStateOff: Set the dtlapse_state variable to 0
        ADMBase::ADMBase_SetDtShiftStateOff: Set the dtshift_state variable to 0
        ADMMacros::ADMMacros_SetLocalSpatialOrder: Initialize the local_spatial_order
        CartGrid3D::SpatialSpacings: Set up ranges for spatial 3D Cartesian coordinates (on all grids)
        CartGrid3D::SpatialCoordinates: Set up spatial 3D Cartesian coordinates on the GH
        GROUP MaskBase_SetupMask: Set up the weight function
          GROUP MaskBase_SetupMaskAll: Set up the weight function
            CarpetReduce::MaskBase_AllocateMask: [global] Allocate the weight function
            CarpetReduce::MaskBase_InitMask: [global] [loop-local] Initialise the weight function
            GROUP SetupIMaskInternal: Set up the integer weight function (schedule other routines in here)
              CarpetReduce::CoordBase_SetupMask: [global] [loop-local] Set up the outer boundaries of the weight function
              CarpetReduce::CarpetMaskSetup: [global] [loop-singlemap] Set up the weight function for the restriction regions
            GROUP SetupIMask: Set up the integer weight function (schedule other routines in here)
            CarpetReduce::MaskBase_SetMask: [global] [loop-local] Set the weight function
            GROUP SetupMask: Set up the real weight function (schedule other routines in here)
            CarpetReduce::MaskBase_TestMask: [global] Test the weight function
        GRHydro::GRHydro_Reset_Execution_Flags: [global] Initially set execution flags to 'YEAH, Execute'!
        GRHydro::GRHydro_InitSymBound: Schedule symmetries and check shift state
        GRHydro::reset_GRHydro_C2P_failed: Initialise the mask function that contains the points where C2P has failed (at BASEGRID)
        NaNChecker::NaNChecker_ResetCounter: [global] Reset the NaNChecker::NaNsFound counter
        SpaceMask::MaskZero: Initialise mask to zero
        SpaceMask::MaskOne: Set old style mask to one
        SymBase::SymBase_Check: Check whether the driver set up the grid consistently
        TerminationTrigger::TerminationTrigger_ResetTrigger: Clear trigger state
        TerminationTrigger::TerminationTrigger_StartTimer: Start timer
        TerminationTrigger::TerminationTrigger_CreateFile: Create termination file
        Time::Time_Initialise: [global] Initialise Time variables
        Time::TemporalSpacings: [singlemap] Set timestep based on Courant condition (courant_static)
      [CCTK_RECOVER_VARIABLES]
      [CCTK_POST_RECOVER_VARIABLES]
        CarpetIOHDF5::CarpetIOHDF5_InitCheckpointingIntervals: [global] Initialisation of checkpointing intervals after recovery
        GROUP MaskBase_SetupMask: Set up the weight function
          GROUP MaskBase_SetupMaskAll: Set up the weight function
            CarpetReduce::MaskBase_AllocateMask: [global] Allocate the weight function
            CarpetReduce::MaskBase_InitMask: [global] [loop-local] Initialise the weight function
            GROUP SetupIMaskInternal: Set up the integer weight function (schedule other routines in here)
              CarpetReduce::CoordBase_SetupMask: [global] [loop-local] Set up the outer boundaries of the weight function
              CarpetReduce::CarpetMaskSetup: [global] [loop-singlemap] Set up the weight function for the restriction regions
            GROUP SetupIMask: Set up the integer weight function (schedule other routines in here)
            CarpetReduce::MaskBase_SetMask: [global] [loop-local] Set the weight function
            GROUP SetupMask: Set up the real weight function (schedule other routines in here)
            CarpetReduce::MaskBase_TestMask: [global] Test the weight function
        GRHydro::GRHydro_EOSHandle: [global] Set the EOS number
        GRHydro::GRHydroCopyIntegerMask: Initialize the real valued atmosphere mask after checkpoint recovery
        GRHydro::GRHydro_SqrtSpatialDeterminant: Calculate sdetg
        GROUP HydroBase_ExcisionMaskSetup: Set up hydro excision mask
          HydroBase::HydroBase_InitExcisionMask: Initialize hydro excision mask to 'no excision everywhere'
        GROUP MoL_PostStep: Ensure that everything is correct after recovery
          ADMBase::ADMBase_Boundaries: [level] Select ADMBase boundary conditions - may be required for mesh refinement
          GROUP ADMBase_ApplyBCs: Apply the boundary conditions of ADMBase
            GROUP BoundaryConditions: Execute all boundary conditions
              Boundary::Boundary_ApplyPhysicalBCs: Apply all requested local physical boundary conditions
              CartGrid3D::CartGrid3D_ApplyBC: Apply symmetry boundary conditions
            Boundary::Boundary_ClearSelection: [level] Unselect all grid variables for boundary conditions
            GRHydro_InitData::GRHydro_Diagshock2D_BoundaryM: 2-D Diagonal shock boundary conditions
          GROUP ADMBase_SetADMVars: Set the ADM variables before this group, and use them afterwards
          GRHydro::GRHydro_RefinementLevel: Calculate current refinement level
          GRHydro::GRHydro_SetLastMoLPostStep: [level] Set grid scalar InLastMoLPostStep if this is the last MoL PostStep call
          GROUP HydroBase_PostStep: Post step tasks for hydro thorns
            GROUP GRHydro_PostStep: Post step tasks for GRHydro
            GROUP GRHydro_AtmosphereMaskBoundaries: Apply boundary conditions to primitives
              GRHydro::GRHydro_SelectAtmosphereMaskBoundaries: [level] Select atmosphere mask for boundary conditions
              GROUP GRHydro_ApplyAtmosphereMaskBCs: Apply boundary conditions to real-valued atmosphere mask
                GROUP BoundaryConditions: Execute all boundary conditions
                  Boundary::Boundary_ApplyPhysicalBCs: Apply all requested local physical boundary conditions
                  CartGrid3D::CartGrid3D_ApplyBC: Apply symmetry boundary conditions
                Boundary::Boundary_ClearSelection: [level] Unselect all grid variables for boundary conditions
                GRHydro_InitData::GRHydro_Diagshock2D_BoundaryM: 2-D Diagonal shock boundary conditions
            GRHydro::GRHydroPostSyncAtmosphereMask: Set integer atmosphere mask from synchronized real atmosphere mask
            if (GRHydro::InLastMoLPostStep)
              GRHydro::GRHydro_AtmosphereResetM: Reset the atmosphere - MHD version
            GRHydro::GRHydro_CalcBcom: Compute comoving magnetic field, pressure, etc...
            GROUP HydroBase_Boundaries: HydroBase-internal Boundary conditions group
              GROUP Do_GRHydro_Boundaries: GRHydro Boundary conditions group
              GROUP HydroBase_Select_Boundaries: Group to schedule the boundary condition functions
                if (GRHydro::execute_MoL_PostStep)
                  GRHydro::GRHydro_Bound: [level] Select GRHydro boundary conditions
              GROUP HydroBase_ApplyBCs: Apply the boundary conditions of HydroBase
                GROUP BoundaryConditions: Execute all boundary conditions
                  Boundary::Boundary_ApplyPhysicalBCs: Apply all requested local physical boundary conditions
                  CartGrid3D::CartGrid3D_ApplyBC: Apply symmetry boundary conditions
                Boundary::Boundary_ClearSelection: [level] Unselect all grid variables for boundary conditions
                GRHydro_InitData::GRHydro_Diagshock2D_BoundaryM: 2-D Diagonal shock boundary conditions
            GROUP HydroBase_Con2Prim: Convert from conservative to primitive variables
              if (GRHydro::execute_MoL_Step)
                GRHydro::GRHydro_SqrtSpatialDeterminant: Calculate sdetg
              if (GRHydro::execute_MoL_PostStep)
                GRHydro::Con2Prim: Convert back to primitive variables (general) - MHD version
        GROUP zzz_NaNChecker_NaNCheck: Check for NaNs and count them in NaNChecker::NaNsFound
          NaNChecker::NaNChecker_NaNCheck_Prepare: [level] Prepare data structures to check for NaNs
          NaNChecker::NaNChecker_NaNCheck_Check: [local] Check for NaNs
          NaNChecker::NaNChecker_NaNCheck_Finish: [level] Count NaNs in NaNChecker::NaNsFound
        NaNChecker::NaNChecker_TakeAction: [global] [loop-level] Output NaNChecker::NaNmask and take action according to NaNChecker::action_if_found
        TerminationTrigger::TerminationTrigger_ResetMinutes: [global] Reset Watchtime
    endif
    if (checkpoint initial data)
      [CCTK_CPINITIAL]
        CarpetIOHDF5::CarpetIOHDF5_InitialDataCheckpoint: [meta] Initial data checkpoint routine
    endif
    if (analysis)
      [CCTK_ANALYSIS]
        CarpetLib::CarpetLib_printtimestats: [global] Print timing statistics if desired
        CarpetLib::CarpetLib_printmemstats: [global] Print memory statistics if desired
        LoopControl::LC_statistics_analysis: [meta] Output LoopControl statistics
        SystemStatistics::SystemStatistics_Collect: [global] Collect system statistics
        TerminationTrigger::TerminationTrigger_CheckWalltime: Check elapsed job walltime
        TerminationTrigger::TerminationTrigger_CheckSignal: Check if we received a termination signal
        TerminationTrigger::TerminationTrigger_CheckFile: Check termination file
        TimerReport::zzz_TimerReport_Output: [global] Print the timer report
  endif
  Output grid variables

  do loop over timesteps
    [CCTK_PREREGRID]
    Change grid hierarchy
    [CCTK_POSTREGRID]
      CartGrid3D::SpatialCoordinates: Set Coordinates after regridding
      GROUP MaskBase_SetupMask: Set up the weight function
        GROUP MaskBase_SetupMaskAll: Set up the weight function
          CarpetReduce::MaskBase_AllocateMask: [global] Allocate the weight function
          CarpetReduce::MaskBase_InitMask: [global] [loop-local] Initialise the weight function
          GROUP SetupIMaskInternal: Set up the integer weight function (schedule other routines in here)
            CarpetReduce::CoordBase_SetupMask: [global] [loop-local] Set up the outer boundaries of the weight function
            CarpetReduce::CarpetMaskSetup: [global] [loop-singlemap] Set up the weight function for the restriction regions
          GROUP SetupIMask: Set up the integer weight function (schedule other routines in here)
          CarpetReduce::MaskBase_SetMask: [global] [loop-local] Set the weight function
          GROUP SetupMask: Set up the real weight function (schedule other routines in here)
          CarpetReduce::MaskBase_TestMask: [global] Test the weight function
      SpaceMask::MaskZero: Initialise mask to zero
      GROUP HydroBase_ExcisionMaskSetup: Set up hydro excision mask
        HydroBase::HydroBase_InitExcisionMask: Initialize hydro excision mask to 'no excision everywhere'
      SpaceMask::MaskOne: Set mask to one
      GRHydro::GRHydro_SetupMask: Initialize the atmosphere mask
      GROUP MoL_PostStep: Ensure that everything is correct after regridding
        ADMBase::ADMBase_Boundaries: [level] Select ADMBase boundary conditions - may be required for mesh refinement
        GROUP ADMBase_ApplyBCs: Apply the boundary conditions of ADMBase
          GROUP BoundaryConditions: Execute all boundary conditions
            Boundary::Boundary_ApplyPhysicalBCs: Apply all requested local physical boundary conditions
            CartGrid3D::CartGrid3D_ApplyBC: Apply symmetry boundary conditions
          Boundary::Boundary_ClearSelection: [level] Unselect all grid variables for boundary conditions
          GRHydro_InitData::GRHydro_Diagshock2D_BoundaryM: 2-D Diagonal shock boundary conditions
        GROUP ADMBase_SetADMVars: Set the ADM variables before this group, and use them afterwards
        GRHydro::GRHydro_RefinementLevel: Calculate current refinement level
        GRHydro::GRHydro_SetLastMoLPostStep: [level] Set grid scalar InLastMoLPostStep if this is the last MoL PostStep call
        GROUP HydroBase_PostStep: Post step tasks for hydro thorns
          GROUP GRHydro_PostStep: Post step tasks for GRHydro
          GROUP GRHydro_AtmosphereMaskBoundaries: Apply boundary conditions to primitives
            GRHydro::GRHydro_SelectAtmosphereMaskBoundaries: [level] Select atmosphere mask for boundary conditions
            GROUP GRHydro_ApplyAtmosphereMaskBCs: Apply boundary conditions to real-valued atmosphere mask
              GROUP BoundaryConditions: Execute all boundary conditions
                Boundary::Boundary_ApplyPhysicalBCs: Apply all requested local physical boundary conditions
                CartGrid3D::CartGrid3D_ApplyBC: Apply symmetry boundary conditions
              Boundary::Boundary_ClearSelection: [level] Unselect all grid variables for boundary conditions
              GRHydro_InitData::GRHydro_Diagshock2D_BoundaryM: 2-D Diagonal shock boundary conditions
          GRHydro::GRHydroPostSyncAtmosphereMask: Set integer atmosphere mask from synchronized real atmosphere mask
          if (GRHydro::InLastMoLPostStep)
            GRHydro::GRHydro_AtmosphereResetM: Reset the atmosphere - MHD version
          GRHydro::GRHydro_CalcBcom: Compute comoving magnetic field, pressure, etc...
          GROUP HydroBase_Boundaries: HydroBase-internal Boundary conditions group
            GROUP Do_GRHydro_Boundaries: GRHydro Boundary conditions group
            GROUP HydroBase_Select_Boundaries: Group to schedule the boundary condition functions
              if (GRHydro::execute_MoL_PostStep)
                GRHydro::GRHydro_Bound: [level] Select GRHydro boundary conditions
            GROUP HydroBase_ApplyBCs: Apply the boundary conditions of HydroBase
              GROUP BoundaryConditions: Execute all boundary conditions
                Boundary::Boundary_ApplyPhysicalBCs: Apply all requested local physical boundary conditions
                CartGrid3D::CartGrid3D_ApplyBC: Apply symmetry boundary conditions
              Boundary::Boundary_ClearSelection: [level] Unselect all grid variables for boundary conditions
              GRHydro_InitData::GRHydro_Diagshock2D_BoundaryM: 2-D Diagonal shock boundary conditions
          GROUP HydroBase_Con2Prim: Convert from conservative to primitive variables
            if (GRHydro::execute_MoL_Step)
              GRHydro::GRHydro_SqrtSpatialDeterminant: Calculate sdetg
            if (GRHydro::execute_MoL_PostStep)
              GRHydro::Con2Prim: Convert back to primitive variables (general) - MHD version
      GROUP MoL_PseudoEvolutionBoundaries: Apply boundary conditions to pseudo-evolved quantities
    Rotate timelevels
    iteration = iteration+1
    t = t+dt
    [CCTK_PRESTEP]
      ADMBase::ADMBase_LapseStatic: Copy the lapse to the current time level
      ADMBase::ADMBase_ShiftStatic: Copy the shift to the current time level
      ADMBase::ADMBase_Static: Copy the metric and extrinsic curvature to the current time level
      CoordGauge::Einstein_SetNextSlicing: Identify the slicing for the next iteration
      GRHydro::reset_GRHydro_C2P_failed: Reset the mask function that contains the points where C2P has failed (at PRESTEP)
      LoopControl::LC_steer: [meta] Update LoopControl algorithm preferences
      NaNChecker::NaNChecker_ResetCounter: [global] Reset the NaNChecker::NaNsFound counter
    [CCTK_EVOL]
      MoL::MoL_StartLoop: [level] Initialise the step size control
      while (MoL::MoL_Stepsize_Bad)
        GROUP MoL_Evolution: A single Cactus evolution step using MoL
          GROUP MoL_StartStep: MoL internal setup for the evolution step
            MoL::MoL_SetCounter: [level] Set the counter for the ODE method to loop over
            MoL::MoL_SetTime: [level] Ensure the correct time and timestep are used
            MoL::MoL_AllocateScratchSpace: [level] Allocate storage for scratch levels
          GROUP MoL_PreStep: Physics thorns can schedule preloop setup routines in here
            GRHydro::GRHydro_Scalar_Setup: Set up and check scalars for efficiency
          MoL::MoL_AllocateScratch: Allocate sufficient space for array scratch variables
          MoL::MoL_InitialCopy: Ensure the data is in the correct timelevel
          while (MoL::MoL_Intermediate_Step)
            GROUP MoL_Step: The loop over the intermediate steps for the ODE integrator
              MoL::MoL_InitRHS: Initialise the RHS functions
              GROUP MoL_CalcRHS: Physics thorns schedule the calculation of the discrete spatial operator in here
                GROUP HydroBase_RHS: Groups for scheduling tasks for calculating RHS of hydro variables
                  if (GRHydro::execute_MoL_Step)
                    GROUP GRHydroRHS: Calculate the update terms
                      GRHydro::SourceTerms: Source term calculation
                      GRHydro::GRHydroStartLoop: [level] Set the flux_direction variable
                      while (GRHydro::flux_direction)
                        GROUP FluxTerms: Calculation of intercell fluxes
                          GRHydro::GRHydro_RefinementLevel: Calculate current refinement level
                          GRHydro::Reconstruct: Reconstruct the functions at the cell boundaries
                          GRHydro::Riemann: Solve the local Riemann problems - MHD version
                          GRHydro::UpdateCalcul: Calculate the update term from the fluxes
                          GRHydro::GRHydroAdvanceLoop: [level] Decrement the flux_direction variable
                      end while
                      GRHydro::GRHydroUpdateAtmosphereMask: Alter the update terms if inside the atmosphere region
              GROUP MoL_PostRHS: Modify RHS functions
              GROUP MoL_RHSBoundaries: Any 'final' modifications to the RHS functions (boundaries etc.)
              MoL::MoL_Add: Updates calculated with the efficient Runge-Kutta 2 method
              MoL::MoL_DecrementCounter: [level] Alter the counter number
              MoL::MoL_ResetTime: [level] If necessary, change the time
              GROUP MoL_PostStepModify: The group for physics thorns to schedule enforcing constraints
              GROUP MoL_PostStep: The group for physics thorns to schedule boundary calls etc.
                ADMBase::ADMBase_Boundaries: [level] Select ADMBase boundary conditions - may be required for mesh refinement
                GROUP ADMBase_ApplyBCs: Apply the boundary conditions of ADMBase
                  GROUP BoundaryConditions: Execute all boundary conditions
                    Boundary::Boundary_ApplyPhysicalBCs: Apply all requested local physical boundary conditions
                    CartGrid3D::CartGrid3D_ApplyBC: Apply symmetry boundary conditions
                  Boundary::Boundary_ClearSelection: [level] Unselect all grid variables for boundary conditions
                  GRHydro_InitData::GRHydro_Diagshock2D_BoundaryM: 2-D Diagonal shock boundary conditions
                GROUP ADMBase_SetADMVars: Set the ADM variables before this group, and use them afterwards
                GRHydro::GRHydro_RefinementLevel: Calculate current refinement level
                GRHydro::GRHydro_SetLastMoLPostStep: [level] Set grid scalar InLastMoLPostStep if this is the last MoL PostStep call
                GROUP HydroBase_PostStep: Post step tasks for hydro thorns
                  GROUP GRHydro_PostStep: Post step tasks for GRHydro
                  GROUP GRHydro_AtmosphereMaskBoundaries: Apply boundary conditions to primitives
                    GRHydro::GRHydro_SelectAtmosphereMaskBoundaries: [level] Select atmosphere mask for boundary conditions
                    GROUP GRHydro_ApplyAtmosphereMaskBCs: Apply boundary conditions to real-valued atmosphere mask
                      GROUP BoundaryConditions: Execute all boundary conditions
                        Boundary::Boundary_ApplyPhysicalBCs: Apply all requested local physical boundary conditions
                        CartGrid3D::CartGrid3D_ApplyBC: Apply symmetry boundary conditions
                      Boundary::Boundary_ClearSelection: [level] Unselect all grid variables for boundary conditions
                      GRHydro_InitData::GRHydro_Diagshock2D_BoundaryM: 2-D Diagonal shock boundary conditions
                  GRHydro::GRHydroPostSyncAtmosphereMask: Set integer atmosphere mask from synchronized real atmosphere mask
                  if (GRHydro::InLastMoLPostStep)
                    GRHydro::GRHydro_AtmosphereResetM: Reset the atmosphere - MHD version
                  GRHydro::GRHydro_CalcBcom: Compute comoving magnetic field, pressure, etc...
                  GROUP HydroBase_Boundaries: HydroBase-internal Boundary conditions group
                    GROUP Do_GRHydro_Boundaries: GRHydro Boundary conditions group
                    GROUP HydroBase_Select_Boundaries: Group to schedule the boundary condition functions
                      if (GRHydro::execute_MoL_PostStep)
                        GRHydro::GRHydro_Bound: [level] Select GRHydro boundary conditions
                    GROUP HydroBase_ApplyBCs: Apply the boundary conditions of HydroBase
                      GROUP BoundaryConditions: Execute all boundary conditions
                        Boundary::Boundary_ApplyPhysicalBCs: Apply all requested local physical boundary conditions
                        CartGrid3D::CartGrid3D_ApplyBC: Apply symmetry boundary conditions
                      Boundary::Boundary_ClearSelection: [level] Unselect all grid variables for boundary conditions
                      GRHydro_InitData::GRHydro_Diagshock2D_BoundaryM: 2-D Diagonal shock boundary conditions
                  GROUP HydroBase_Con2Prim: Convert from conservative to primitive variables
                    if (GRHydro::execute_MoL_Step)
                      GRHydro::GRHydro_SqrtSpatialDeterminant: Calculate sdetg
                    if (GRHydro::execute_MoL_PostStep)
                      GRHydro::Con2Prim: Convert back to primitive variables (general) - MHD version
              GRHydro::GRHydro_ClearLastMoLPostStep: [level] Reset InLastMoLPostStep to zero
              MoL::MoL_ResetDeltaTime: [level] If necessary, change the timestep
          end while
          MoL::MoL_FinishLoop: [level] Control the step size
          MoL::MoL_RestoreSandR: Restoring the Save and Restore variables to the original state
          MoL::MoL_FreeScratchSpace: [level] Free storage for scratch levels
      end while
      GRHydro::sync_GRHydro_C2P_failed: Syncronise the mask function that contains the points where C2P has failed
      GROUP MoL_PseudoEvolution: Calculate pseudo-evolved quantities
        GROUP ADMBase_SetADMVars: Set the ADM variables before this group, and use them afterwards
        GROUP GRHydroAnalysis: Calculate analysis quantities
          GRHydro::GRHydro_CalcDivB: Calculate divB
          GROUP GRHydro_ApplyDivBBCs: Apply boundary conditions to divB
            GROUP BoundaryConditions: Execute all boundary conditions
              Boundary::Boundary_ApplyPhysicalBCs: Apply all requested local physical boundary conditions
              CartGrid3D::CartGrid3D_ApplyBC: Apply symmetry boundary conditions
            Boundary::Boundary_ClearSelection: [level] Unselect all grid variables for boundary conditions
            GRHydro_InitData::GRHydro_Diagshock2D_BoundaryM: 2-D Diagonal shock boundary conditions
    Evolve finer grids recursively
    Restrict from finer grids
    [CCTK_POSTRESTRICT]
      GROUP MoL_PostStep: Ensure that everything is correct after restriction
        ADMBase::ADMBase_Boundaries: [level] Select ADMBase boundary conditions - may be required for mesh refinement
        GROUP ADMBase_ApplyBCs: Apply the boundary conditions of ADMBase
          GROUP BoundaryConditions: Execute all boundary conditions
            Boundary::Boundary_ApplyPhysicalBCs: Apply all requested local physical boundary conditions
            CartGrid3D::CartGrid3D_ApplyBC: Apply symmetry boundary conditions
          Boundary::Boundary_ClearSelection: [level] Unselect all grid variables for boundary conditions
          GRHydro_InitData::GRHydro_Diagshock2D_BoundaryM: 2-D Diagonal shock boundary conditions
        GROUP ADMBase_SetADMVars: Set the ADM variables before this group, and use them afterwards
        GRHydro::GRHydro_RefinementLevel: Calculate current refinement level
        GRHydro::GRHydro_SetLastMoLPostStep: [level] Set grid scalar InLastMoLPostStep if this is the last MoL PostStep call
        GROUP HydroBase_PostStep: Post step tasks for hydro thorns
          GROUP GRHydro_PostStep: Post step tasks for GRHydro
          GROUP GRHydro_AtmosphereMaskBoundaries: Apply boundary conditions to primitives
            GRHydro::GRHydro_SelectAtmosphereMaskBoundaries: [level] Select atmosphere mask for boundary conditions
            GROUP GRHydro_ApplyAtmosphereMaskBCs: Apply boundary conditions to real-valued atmosphere mask
              GROUP BoundaryConditions: Execute all boundary conditions
                Boundary::Boundary_ApplyPhysicalBCs: Apply all requested local physical boundary conditions
                CartGrid3D::CartGrid3D_ApplyBC: Apply symmetry boundary conditions
              Boundary::Boundary_ClearSelection: [level] Unselect all grid variables for boundary conditions
              GRHydro_InitData::GRHydro_Diagshock2D_BoundaryM: 2-D Diagonal shock boundary conditions
          GRHydro::GRHydroPostSyncAtmosphereMask: Set integer atmosphere mask from synchronized real atmosphere mask
          if (GRHydro::InLastMoLPostStep)
            GRHydro::GRHydro_AtmosphereResetM: Reset the atmosphere - MHD version
          GRHydro::GRHydro_CalcBcom: Compute comoving magnetic field, pressure, etc...
          GROUP HydroBase_Boundaries: HydroBase-internal Boundary conditions group
            GROUP Do_GRHydro_Boundaries: GRHydro Boundary conditions group
            GROUP HydroBase_Select_Boundaries: Group to schedule the boundary condition functions
              if (GRHydro::execute_MoL_PostStep)
                GRHydro::GRHydro_Bound: [level] Select GRHydro boundary conditions
            GROUP HydroBase_ApplyBCs: Apply the boundary conditions of HydroBase
              GROUP BoundaryConditions: Execute all boundary conditions
                Boundary::Boundary_ApplyPhysicalBCs: Apply all requested local physical boundary conditions
                CartGrid3D::CartGrid3D_ApplyBC: Apply symmetry boundary conditions
              Boundary::Boundary_ClearSelection: [level] Unselect all grid variables for boundary conditions
              GRHydro_InitData::GRHydro_Diagshock2D_BoundaryM: 2-D Diagonal shock boundary conditions
          GROUP HydroBase_Con2Prim: Convert from conservative to primitive variables
            if (GRHydro::execute_MoL_Step)
              GRHydro::GRHydro_SqrtSpatialDeterminant: Calculate sdetg
            if (GRHydro::execute_MoL_PostStep)
              GRHydro::Con2Prim: Convert back to primitive variables (general) - MHD version
      GROUP MoL_PseudoEvolutionBoundaries: Apply boundary conditions to pseudo-evolved quantities
    [CCTK_POSTSTEP]
      GRHydro::GRHydro_RefinementLevel: Calculate current refinement level (for the check of the C2P mask)
      GRHydro::check_GRHydro_C2P_failed: Check the mask function that contains the points where C2P has failed and report an error in case a failure is found
      GROUP HydroBase_ExcisionHasBeenSet: Group to schedule thorns changing the mask before and thorns using the mask after
      GROUP zzz_NaNChecker_NaNCheck: Check for NaNs and count them in NaNChecker::NaNsFound
        NaNChecker::NaNChecker_NaNCheck_Prepare: [level] Prepare data structures to check for NaNs
        NaNChecker::NaNChecker_NaNCheck_Check: [local] Check for NaNs
        NaNChecker::NaNChecker_NaNCheck_Finish: [level] Count NaNs in NaNChecker::NaNsFound
      NaNChecker::NaNChecker_TakeAction: [global] [loop-level] Output NaNChecker::NaNmask and take action according to NaNChecker::action_if_found
      SpaceMask::CheckMask: Ensure that all mask values are legal
    if (checkpoint)
      [CCTK_CHECKPOINT]
      CarpetIOHDF5::CarpetIOHDF5_EvolutionCheckpoint: [meta] Evolution checkpoint routine
      TimerReport::zzz_TimerReport_Checkpoint: [global] Print the timer report
    endif
    if (analysis)
      [CCTK_ANALYSIS]
      CarpetLib::CarpetLib_printtimestats: [global] Print timing statistics if desired
      CarpetLib::CarpetLib_printmemstats: [global] Print memory statistics if desired
      LoopControl::LC_statistics_analysis: [meta] Output LoopControl statistics
      SystemStatistics::SystemStatistics_Collect: [global] Collect system statistics
      TerminationTrigger::TerminationTrigger_CheckWalltime: Check elapsed job walltime
      TerminationTrigger::TerminationTrigger_CheckSignal: Check if we received a termination signal
      TerminationTrigger::TerminationTrigger_CheckFile: Check termination file
      TimerReport::zzz_TimerReport_Output: [global] Print the timer report
    endif
    Output grid variables
    enddo

  Termination routines
    [CCTK_TERMINATE]
      CarpetIOHDF5::CarpetIOHDF5_TerminationCheckpoint: [meta] Termination checkpoint routine
      LoopControl::LC_statistics_terminate: [meta] Output LoopControl statistics
      MoL::MoL_FreeIndexArrays: Free the MoL bookkeeping index arrays
      TimerReport::zzz_TimerReport_Output: [global] Print the timer report

  Shutdown routines
    [CCTK_SHUTDOWN]
      Timers::Timer_Shutdown: Prepare hierarchical timers

  Routines run after changing the grid hierarchy:
    [CCTK_POSTREGRID]
      CartGrid3D::SpatialCoordinates: Set Coordinates after regridding
      GROUP MaskBase_SetupMask: Set up the weight function
        GROUP MaskBase_SetupMaskAll: Set up the weight function
          CarpetReduce::MaskBase_AllocateMask: [global] Allocate the weight function
          CarpetReduce::MaskBase_InitMask: [global] [loop-local] Initialise the weight function
          GROUP SetupIMaskInternal: Set up the integer weight function (schedule other routines in here)
            CarpetReduce::CoordBase_SetupMask: [global] [loop-local] Set up the outer boundaries of the weight function
            CarpetReduce::CarpetMaskSetup: [global] [loop-singlemap] Set up the weight function for the restriction regions
          GROUP SetupIMask: Set up the integer weight function (schedule other routines in here)
          CarpetReduce::MaskBase_SetMask: [global] [loop-local] Set the weight function
          GROUP SetupMask: Set up the real weight function (schedule other routines in here)
          CarpetReduce::MaskBase_TestMask: [global] Test the weight function
      SpaceMask::MaskZero: Initialise mask to zero
      GROUP HydroBase_ExcisionMaskSetup: Set up hydro excision mask
        HydroBase::HydroBase_InitExcisionMask: Initialize hydro excision mask to 'no excision everywhere'
      SpaceMask::MaskOne: Set mask to one
      GRHydro::GRHydro_SetupMask: Initialize the atmosphere mask
      GROUP MoL_PostStep: Ensure that everything is correct after regridding
        ADMBase::ADMBase_Boundaries: [level] Select ADMBase boundary conditions - may be required for mesh refinement
        GROUP ADMBase_ApplyBCs: Apply the boundary conditions of ADMBase
          GROUP BoundaryConditions: Execute all boundary conditions
            Boundary::Boundary_ApplyPhysicalBCs: Apply all requested local physical boundary conditions
            CartGrid3D::CartGrid3D_ApplyBC: Apply symmetry boundary conditions
          Boundary::Boundary_ClearSelection: [level] Unselect all grid variables for boundary conditions
          GRHydro_InitData::GRHydro_Diagshock2D_BoundaryM: 2-D Diagonal shock boundary conditions
        GROUP ADMBase_SetADMVars: Set the ADM variables before this group, and use them afterwards
        GRHydro::GRHydro_RefinementLevel: Calculate current refinement level
        GRHydro::GRHydro_SetLastMoLPostStep: [level] Set grid scalar InLastMoLPostStep if this is the last MoL PostStep call
        GROUP HydroBase_PostStep: Post step tasks for hydro thorns
          GROUP GRHydro_PostStep: Post step tasks for GRHydro
          GROUP GRHydro_AtmosphereMaskBoundaries: Apply boundary conditions to primitives
            GRHydro::GRHydro_SelectAtmosphereMaskBoundaries: [level] Select atmosphere mask for boundary conditions
            GROUP GRHydro_ApplyAtmosphereMaskBCs: Apply boundary conditions to real-valued atmosphere mask
              GROUP BoundaryConditions: Execute all boundary conditions
                Boundary::Boundary_ApplyPhysicalBCs: Apply all requested local physical boundary conditions
                CartGrid3D::CartGrid3D_ApplyBC: Apply symmetry boundary conditions
              Boundary::Boundary_ClearSelection: [level] Unselect all grid variables for boundary conditions
              GRHydro_InitData::GRHydro_Diagshock2D_BoundaryM: 2-D Diagonal shock boundary conditions
          GRHydro::GRHydroPostSyncAtmosphereMask: Set integer atmosphere mask from synchronized real atmosphere mask
          if (GRHydro::InLastMoLPostStep)
            GRHydro::GRHydro_AtmosphereResetM: Reset the atmosphere - MHD version
          GRHydro::GRHydro_CalcBcom: Compute comoving magnetic field, pressure, etc...
          GROUP HydroBase_Boundaries: HydroBase-internal Boundary conditions group
            GROUP Do_GRHydro_Boundaries: GRHydro Boundary conditions group
            GROUP HydroBase_Select_Boundaries: Group to schedule the boundary condition functions
              if (GRHydro::execute_MoL_PostStep)
                GRHydro::GRHydro_Bound: [level] Select GRHydro boundary conditions
            GROUP HydroBase_ApplyBCs: Apply the boundary conditions of HydroBase
              GROUP BoundaryConditions: Execute all boundary conditions
                Boundary::Boundary_ApplyPhysicalBCs: Apply all requested local physical boundary conditions
                CartGrid3D::CartGrid3D_ApplyBC: Apply symmetry boundary conditions
              Boundary::Boundary_ClearSelection: [level] Unselect all grid variables for boundary conditions
              GRHydro_InitData::GRHydro_Diagshock2D_BoundaryM: 2-D Diagonal shock boundary conditions
          GROUP HydroBase_Con2Prim: Convert from conservative to primitive variables
            if (GRHydro::execute_MoL_Step)
              GRHydro::GRHydro_SqrtSpatialDeterminant: Calculate sdetg
            if (GRHydro::execute_MoL_PostStep)
              GRHydro::Con2Prim: Convert back to primitive variables (general) - MHD version
      GROUP MoL_PseudoEvolutionBoundaries: Apply boundary conditions to pseudo-evolved quantities
--------------------------------------------------------------------------------
INFO (Carpet): Multi-Model listing:
   model 0: "world"
INFO (Carpet): Multi-Model process distribution:
   processes 0-1: model 0 "world"
INFO (Carpet): Multi-Model: This is process 0, model 0 "world"
INFO (CarpetLib): Process startup time was 1.09 seconds
Current core file size limit: hard=[unlimited], soft=0 MB
Current addres space size limit: hard=[unlimited], soft=[unlimited]
Current data segment size limit: hard=[unlimited], soft=[unlimited]
Current resident set size limit: hard=[unlimited], soft=[unlimited]
INFO (CycleClock): Measuring CycleClock tick via OpenMP...
INFO (CycleClock): Calibrated CycleClock: 0.385177 ns per clock tick (2.59621 GHz)
INFO (Vectors): Using vector size 2 for architecture SSE2 (64-bit precision)
INFO (hwloc): library version 2.10.0, API version 0x20800
--------------------------------------------------------------------------------
AMR driver provided by Carpet
--------------------------------------------------------------------------------
AMR scalar I/O provided by CarpetIOScalar
--------------------------------------------------------------------------------
GRHydro: relativistic hydrodynamics, no ice.
--------------------------------------------------------------------------------
HydroBase: Let it flow.
--------------------------------------------------------------------------------
AMR 0D ASCII I/O provided by CarpetIOASCII
--------------------------------------------------------------------------------
AMR 1D ASCII I/O provided by CarpetIOASCII
--------------------------------------------------------------------------------
AMR 2D ASCII I/O provided by CarpetIOASCII
--------------------------------------------------------------------------------
AMR 3D ASCII I/O provided by CarpetIOASCII
--------------------------------------------------------------------------------
AMR info I/O provided by CarpetIOBasic
--------------------------------------------------------------------------------
MoL: Generalized time integration.
--------------------------------------------------------------------------------
AMR HDF5 I/O provided by CarpetIOHDF5
--------------------------------------------------------------------------------
AMR 0D HDF5 I/O provided by CarpetIOHDF5
--------------------------------------------------------------------------------
AMR 1D HDF5 I/O provided by CarpetIOHDF5
--------------------------------------------------------------------------------
AMR 2D HDF5 I/O provided by CarpetIOHDF5
--------------------------------------------------------------------------------
AMR 3D HDF5 I/O provided by CarpetIOHDF5
--------------------------------------------------------------------------------

INFO (Carpet): MPI is enabled
INFO (Carpet): Carpet is running on 2 processes
INFO (Carpet): This is process 0
INFO (Carpet): OpenMP is enabled
INFO (Carpet): This process contains 1 threads, this is thread 0
INFO (Carpet): There are 2 threads in total
INFO (Carpet): There are 1 threads per process
INFO (Carpet): This process runs on host runnervmmklqx, pid=178678
INFO (Carpet): This process runs on 2 cores: 0-1
INFO (Carpet): Thread 0 runs on 2 cores: 0-1
INFO (Carpet): This simulation is running in 3 dimensions
INFO (Carpet): Boundary specification for map 0:
   nboundaryzones: [[1,1,1],[1,1,1]]
   is_internal   : [[0,0,0],[0,0,0]]
   is_staggered  : [[0,0,0],[0,0,0]]
   shiftout      : [[0,0,0],[0,0,0]]
INFO (Carpet): CoordBase domain specification for map 0:
   physical extent: [-0.353553,-0.353553,-0.00353553] : [0.353553,0.353553,0.00353553]   ([0.707107,0.707107,0.00707107])
   interior extent: [-0.318198,-0.318198,-0.00265165] : [0.318198,0.318198,0.00265165]   ([0.636396,0.636396,0.0053033])
   exterior extent: [-0.353553,-0.353553,-0.00353553] : [0.353553,0.353553,0.00353553]   ([0.707107,0.707107,0.00707107])
   base_spacing   : [0.0353553,0.0353553,0.000883883]
INFO (Carpet): Adapted domain specification for map 0:
   convergence factor: 2
   convergence level : 0
   physical extent   : [-0.353553,-0.353553,-0.00353553] : [0.353553,0.353553,0.00353553]   ([0.707107,0.707107,0.00707107])
   interior extent   : [-0.318198,-0.318198,-0.00265165] : [0.318198,0.318198,0.00265165]   ([0.636396,0.636396,0.0053033])
   exterior extent   : [-0.353553,-0.353553,-0.00353553] : [0.353553,0.353553,0.00353553]   ([0.707107,0.707107,0.00707107])
   spacing           : [0.0353553,0.0353553,0.000883883]
INFO (Carpet): Base grid specification for map 0:
   number of grid points             : [21,21,9]
   number of coarse grid ghost points: [[3,3,3],[3,3,3]]
INFO (Carpet): Buffer zone counts (excluding ghosts):
   [0]: [[0,0,0],[0,0,0]]
INFO (Carpet): Overlap zone counts:
   [0]: [[0,0,0],[0,0,0]]
INFO (Carpet): Group and variable statistics:
INFO (Carpet):    There are 607 grid functions in 108 groups
INFO (Carpet):    There are 131 grid scalars in 56 groups
INFO (Carpet):    There are 60 1-dimensional grid arrays in 10 groups
INFO (Carpet):    There are 1 2-dimensional grid arrays in 1 groups
INFO (Carpet):    There are 0 3-dimensional grid arrays in 0 groups
INFO (Carpet):    (The number of variables counts all time levels)
INFO (CarpetIOASCII): I/O Method 'IOASCII_0D' registered: 0D AMR output of grid variables to ASCII files
INFO (CarpetIOASCII): Periodic 0D AMR output requested for:
   CARPET::physical_time_per_hour
   CARPET::current_physical_time_per_hour
   CARPET::time_total
   CARPET::time_evolution
   CARPET::time_computing
   CARPET::time_communicating
   CARPET::time_io
   CARPET::evolution_steps_count
   CARPET::local_grid_points_per_second
   CARPET::total_grid_points_per_second
   CARPET::local_grid_point_updates_count
   CARPET::total_grid_point_updates_count
   CARPET::local_interior_points_per_second
   CARPET::total_interior_points_per_second
   CARPET::local_interior_point_updates_count
   CARPET::total_interior_point_updates_count
   CARPET::io_per_second
   CARPET::io_bytes_per_second
   CARPET::io_bytes_ascii_per_second
   CARPET::io_bytes_binary_per_second
   CARPET::io_count
   CARPET::io_bytes_count
   CARPET::io_bytes_ascii_count
   CARPET::io_bytes_binary_count
   CARPET::comm_per_second
   CARPET::comm_bytes_per_second
   CARPET::comm_count
   CARPET::comm_bytes_count
   CARPET::time_levels
   CARPET::current_walltime
   CARPET::syncs_count
INFO (CarpetIOASCII): I/O Method 'IOASCII_1D' registered: 1D AMR output of grid variables to ASCII files
INFO (CarpetIOASCII): Periodic 1D AMR output requested for:
   GRHYDRO::divB
   HYDROBASE::rho
   HYDROBASE::press
   HYDROBASE::eps
   HYDROBASE::vel[0]
   HYDROBASE::vel[1]
   HYDROBASE::vel[2]
   HYDROBASE::w_lorentz
   HYDROBASE::Bvec[0]
   HYDROBASE::Bvec[1]
   HYDROBASE::Bvec[2]
INFO (CarpetIOASCII): I/O Method 'IOASCII_2D' registered: 2D AMR output of grid variables to ASCII files
INFO (CarpetIOASCII): Periodic 2D AMR output requested for:
   GRHYDRO::dens
   GRHYDRO::tau
   GRHYDRO::scon[0]
   GRHYDRO::scon[1]
   GRHYDRO::scon[2]
   GRHYDRO::Bcons[0]
   GRHYDRO::Bcons[1]
   GRHYDRO::Bcons[2]
   GRHYDRO::psidc
   GRHYDRO::divB
   GRHYDRO::bcom[0]
   GRHYDRO::bcom[1]
   GRHYDRO::bcom[2]
   GRHYDRO::bcom0
   GRHYDRO::bcom_sq
   HYDROBASE::rho
   HYDROBASE::press
   HYDROBASE::eps
   HYDROBASE::vel[0]
   HYDROBASE::vel[1]
   HYDROBASE::vel[2]
   HYDROBASE::w_lorentz
   HYDROBASE::Bvec[0]
   HYDROBASE::Bvec[1]
   HYDROBASE::Bvec[2]
INFO (CarpetIOASCII): I/O Method 'IOASCII_3D' registered: 3D AMR output of grid variables to ASCII files
INFO (CarpetIOHDF5): I/O Method 'IOHDF5' registered: AMR output of grid variables to HDF5 files
INFO (CarpetIOHDF5): I/O Method 'IOHDF5_0D' registered: 0D AMR output of grid variables to HDF5 files
INFO (CarpetIOHDF5): I/O Method 'IOHDF5_1D' registered: 1D AMR output of grid variables to HDF5 files
INFO (CarpetIOHDF5): I/O Method 'IOHDF5_2D' registered: 2D AMR output of grid variables to HDF5 files
INFO (CarpetIOHDF5): Periodic 2D AMR output requested for:
   GRHYDRO::dens
   GRHYDRO::tau
   GRHYDRO::scon[0]
   GRHYDRO::scon[1]
   GRHYDRO::scon[2]
   GRHYDRO::Bcons[0]
   GRHYDRO::Bcons[1]
   GRHYDRO::Bcons[2]
   GRHYDRO::psidc
   GRHYDRO::divB
   GRHYDRO::bcom[0]
   GRHYDRO::bcom[1]
   GRHYDRO::bcom[2]
   GRHYDRO::bcom0
   GRHYDRO::bcom_sq
   HYDROBASE::rho
   HYDROBASE::press
   HYDROBASE::eps
   HYDROBASE::vel[0]
   HYDROBASE::vel[1]
   HYDROBASE::vel[2]
   HYDROBASE::w_lorentz
   HYDROBASE::Bvec[0]
   HYDROBASE::Bvec[1]
   HYDROBASE::Bvec[2]
INFO (CarpetIOHDF5): I/O Method 'IOHDF5_3D' registered: 3D AMR output of grid variables to HDF5 files
INFO (CarpetIOHDF5): Periodic 3D AMR output requested for:
   GRHYDRO::divB
   GRHYDRO::bcom[0]
   GRHYDRO::bcom[1]
   GRHYDRO::bcom[2]
   GRHYDRO::bcom0
   GRHYDRO::bcom_sq
   HYDROBASE::rho
   HYDROBASE::press
   HYDROBASE::eps
   HYDROBASE::vel[0]
   HYDROBASE::vel[1]
   HYDROBASE::vel[2]
   HYDROBASE::w_lorentz
   HYDROBASE::Bvec[0]
   HYDROBASE::Bvec[1]
   HYDROBASE::Bvec[2]
INFO (MoL): Using Runge-Kutta 2 as the time integrator.
INFO (MoL): The maximum number of evolved variables is 439. 8 are registered.
INFO (MoL): The maximum number of slow evolved variables is 439. 0 are registered.
INFO (MoL): The maximum number of constrained variables is 439. 10 are registered.
INFO (MoL): The maximum number of SandR variables is 439. 16 are registered.
INFO (MoL): The maximum number of evolved array variables is 439. 0 are registered.
INFO (MoL): The maximum number of constrained array variables is 439. 0 are registered.
INFO (MoL): The maximum number of SandR array variables is 439. 0 are registered.
INFO (MoL): The maximum size of any array variables is 0.
INFO (Vectors): Testing vectorisation... [errors may result in segfaults]
INFO (Vectors): 375/375 tests passed 
INFO (CartGrid3D): Grid Spacings:
INFO (CartGrid3D): dx=>3.5355339e-02  dy=>3.5355339e-02  dz=>8.8388348e-04
INFO (CartGrid3D): Computational Coordinates:
INFO (CartGrid3D): x=>[-0.354, 0.354]  y=>[-0.354, 0.354]  z=>[-0.004, 0.004]
INFO (CartGrid3D): Indices of Physical Coordinates:
INFO (CartGrid3D): x=>[0,20]  y=>[0,20]  z=>[0,8]
INFO (TerminationTrigger): Reminding you every 60 minutes about remaining walltime
INFO (Time): Timestep set to 0.000353553 (courant_static)
INFO (GRHydro): Trying to get EOS handles
INFO (GRHydro): Trying to get EOS handles
INFO (GRHydro): GRHydro will use the Ideal_Fluid equation of state.
INFO (GRHydro): Setting up the atmosphere mask: all points are not_atmosphere
[1mWARNING level 2 from host runnervmmklqx.5h22ydpj3h3ejlrfk43sdsvwae.cx.internal.cloudapp.net process 0
  in thorn Carpet, file /home/runner/work/tests/tests/master/configs/sim/build/Carpet/Comm.cc:103:
  ->[0m Synchronising group "GRHYDRO::TAU" in local mode
[1mWARNING level 2 from host runnervmmklqx.5h22ydpj3h3ejlrfk43sdsvwae.cx.internal.cloudapp.net process 0
  in thorn Carpet, file /home/runner/work/tests/tests/master/configs/sim/build/Carpet/Comm.cc:103:
  ->[0m Synchronising group "GRHYDRO::DENS" in local mode
[1mWARNING level 2 from host runnervmmklqx.5h22ydpj3h3ejlrfk43sdsvwae.cx.internal.cloudapp.net process 0
  in thorn Carpet, file /home/runner/work/tests/tests/master/configs/sim/build/Carpet/Comm.cc:103:
  ->[0m Synchronising group "GRHYDRO::SCON" in local mode
[1mWARNING level 2 from host runnervmmklqx.5h22ydpj3h3ejlrfk43sdsvwae.cx.internal.cloudapp.net process 0
  in thorn Carpet, file /home/runner/work/tests/tests/master/configs/sim/build/Carpet/Comm.cc:103:
  ->[0m Synchronising group "GRHYDRO::BCONS" in local mode
[1mWARNING level 2 from host runnervmmklqx.5h22ydpj3h3ejlrfk43sdsvwae.cx.internal.cloudapp.net process 0
  in thorn Carpet, file /home/runner/work/tests/tests/master/configs/sim/build/Carpet/Comm.cc:103:
  ->[0m Synchronising group "GRHYDRO::TAU" in local mode
[1mWARNING level 2 from host runnervmmklqx.5h22ydpj3h3ejlrfk43sdsvwae.cx.internal.cloudapp.net process 0
  in thorn Carpet, file /home/runner/work/tests/tests/master/configs/sim/build/Carpet/Comm.cc:103:
  ->[0m Synchronising group "GRHYDRO::DENS" in local mode
[1mWARNING level 2 from host runnervmmklqx.5h22ydpj3h3ejlrfk43sdsvwae.cx.internal.cloudapp.net process 0
  in thorn Carpet, file /home/runner/work/tests/tests/master/configs/sim/build/Carpet/Comm.cc:103:
  ->[0m Synchronising group "GRHYDRO::SCON" in local mode
[1mWARNING level 2 from host runnervmmklqx.5h22ydpj3h3ejlrfk43sdsvwae.cx.internal.cloudapp.net process 0
  in thorn Carpet, file /home/runner/work/tests/tests/master/configs/sim/build/Carpet/Comm.cc:103:
  ->[0m Synchronising group "GRHYDRO::BCONS" in local mode
[1mWARNING level 2 from host runnervmmklqx.5h22ydpj3h3ejlrfk43sdsvwae.cx.internal.cloudapp.net process 0
  in thorn Carpet, file /home/runner/work/tests/tests/master/configs/sim/build/Carpet/Comm.cc:103:
  ->[0m Synchronising group "GRHYDRO::TAU" in local mode
[1mWARNING level 2 from host runnervmmklqx.5h22ydpj3h3ejlrfk43sdsvwae.cx.internal.cloudapp.net process 0
  in thorn Carpet, file /home/runner/work/tests/tests/master/configs/sim/build/Carpet/Comm.cc:103:
  ->[0m Synchronising group "GRHYDRO::DENS" in local mode
[1mWARNING level 2 from host runnervmmklqx.5h22ydpj3h3ejlrfk43sdsvwae.cx.internal.cloudapp.net process 0
  in thorn Carpet, file /home/runner/work/tests/tests/master/configs/sim/build/Carpet/Comm.cc:103:
  ->[0m Synchronising group "GRHYDRO::SCON" in local mode
[1mWARNING level 2 from host runnervmmklqx.5h22ydpj3h3ejlrfk43sdsvwae.cx.internal.cloudapp.net process 0
  in thorn Carpet, file /home/runner/work/tests/tests/master/configs/sim/build/Carpet/Comm.cc:103:
  ->[0m Synchronising group "GRHYDRO::BCONS" in local mode
[1mWARNING level 2 from host runnervmmklqx.5h22ydpj3h3ejlrfk43sdsvwae.cx.internal.cloudapp.net process 0
  in thorn Carpet, file /home/runner/work/tests/tests/master/configs/sim/build/Carpet/Comm.cc:103:
  ->[0m Synchronising group "GRHYDRO::TAU" in local mode
[1mWARNING level 2 from host runnervmmklqx.5h22ydpj3h3ejlrfk43sdsvwae.cx.internal.cloudapp.net process 0
  in thorn Carpet, file /home/runner/work/tests/tests/master/configs/sim/build/Carpet/Comm.cc:103:
  ->[0m Synchronising group "GRHYDRO::DENS" in local mode
[1mWARNING level 2 from host runnervmmklqx.5h22ydpj3h3ejlrfk43sdsvwae.cx.internal.cloudapp.net process 0
  in thorn Carpet, file /home/runner/work/tests/tests/master/configs/sim/build/Carpet/Comm.cc:103:
  ->[0m Synchronising group "GRHYDRO::SCON" in local mode
[1mWARNING level 2 from host runnervmmklqx.5h22ydpj3h3ejlrfk43sdsvwae.cx.internal.cloudapp.net process 0
  in thorn Carpet, file /home/runner/work/tests/tests/master/configs/sim/build/Carpet/Comm.cc:103:
  ->[0m Synchronising group "GRHYDRO::BCONS" in local mode
[1mWARNING level 2 from host runnervmmklqx.5h22ydpj3h3ejlrfk43sdsvwae.cx.internal.cloudapp.net process 0
  in thorn Carpet, file /home/runner/work/tests/tests/master/configs/sim/build/Carpet/Comm.cc:103:
  ->[0m Synchronising group "GRHYDRO::TAU" in local mode
[1mWARNING level 2 from host runnervmmklqx.5h22ydpj3h3ejlrfk43sdsvwae.cx.internal.cloudapp.net process 0
  in thorn Carpet, file /home/runner/work/tests/tests/master/configs/sim/build/Carpet/Comm.cc:103:
  ->[0m Synchronising group "GRHYDRO::DENS" in local mode
[1mWARNING level 2 from host runnervmmklqx.5h22ydpj3h3ejlrfk43sdsvwae.cx.internal.cloudapp.net process 0
  in thorn Carpet, file /home/runner/work/tests/tests/master/configs/sim/build/Carpet/Comm.cc:103:
  ->[0m Synchronising group "GRHYDRO::SCON" in local mode
[1mWARNING level 2 from host runnervmmklqx.5h22ydpj3h3ejlrfk43sdsvwae.cx.internal.cloudapp.net process 0
  in thorn Carpet, file /home/runner/work/tests/tests/master/configs/sim/build/Carpet/Comm.cc:103:
  ->[0m Synchronising group "GRHYDRO::BCONS" in local mode
[1mWARNING level 2 from host runnervmmklqx.5h22ydpj3h3ejlrfk43sdsvwae.cx.internal.cloudapp.net process 0
  in thorn Carpet, file /home/runner/work/tests/tests/master/configs/sim/build/Carpet/Comm.cc:103:
  ->[0m Synchronising group "GRHYDRO::TAU" in local mode
[1mWARNING level 2 from host runnervmmklqx.5h22ydpj3h3ejlrfk43sdsvwae.cx.internal.cloudapp.net process 0
  in thorn Carpet, file /home/runner/work/tests/tests/master/configs/sim/build/Carpet/Comm.cc:103:
  ->[0m Synchronising group "GRHYDRO::DENS" in local mode
[1mWARNING level 2 from host runnervmmklqx.5h22ydpj3h3ejlrfk43sdsvwae.cx.internal.cloudapp.net process 0
  in thorn Carpet, file /home/runner/work/tests/tests/master/configs/sim/build/Carpet/Comm.cc:103:
  ->[0m Synchronising group "GRHYDRO::SCON" in local mode
[1mWARNING level 2 from host runnervmmklqx.5h22ydpj3h3ejlrfk43sdsvwae.cx.internal.cloudapp.net process 0
  in thorn Carpet, file /home/runner/work/tests/tests/master/configs/sim/build/Carpet/Comm.cc:103:
  ->[0m Synchronising group "GRHYDRO::BCONS" in local mode
[1mWARNING level 2 from host runnervmmklqx.5h22ydpj3h3ejlrfk43sdsvwae.cx.internal.cloudapp.net process 0
  in thorn Carpet, file /home/runner/work/tests/tests/master/configs/sim/build/Carpet/Comm.cc:103:
  ->[0m Synchronising group "GRHYDRO::TAU" in local mode
[1mWARNING level 2 from host runnervmmklqx.5h22ydpj3h3ejlrfk43sdsvwae.cx.internal.cloudapp.net process 0
  in thorn Carpet, file /home/runner/work/tests/tests/master/configs/sim/build/Carpet/Comm.cc:103:
  ->[0m Synchronising group "GRHYDRO::DENS" in local mode
[1mWARNING level 2 from host runnervmmklqx.5h22ydpj3h3ejlrfk43sdsvwae.cx.internal.cloudapp.net process 0
  in thorn Carpet, file /home/runner/work/tests/tests/master/configs/sim/build/Carpet/Comm.cc:103:
  ->[0m Synchronising group "GRHYDRO::SCON" in local mode
[1mWARNING level 2 from host runnervmmklqx.5h22ydpj3h3ejlrfk43sdsvwae.cx.internal.cloudapp.net process 0
  in thorn Carpet, file /home/runner/work/tests/tests/master/configs/sim/build/Carpet/Comm.cc:103:
  ->[0m Synchronising group "GRHYDRO::BCONS" in local mode
[1mWARNING level 2 from host runnervmmklqx.5h22ydpj3h3ejlrfk43sdsvwae.cx.internal.cloudapp.net process 0
  in thorn Carpet, file /home/runner/work/tests/tests/master/configs/sim/build/Carpet/Comm.cc:103:
  ->[0m Synchronising group "GRHYDRO::TAU" in local mode
[1mWARNING level 2 from host runnervmmklqx.5h22ydpj3h3ejlrfk43sdsvwae.cx.internal.cloudapp.net process 0
  in thorn Carpet, file /home/runner/work/tests/tests/master/configs/sim/build/Carpet/Comm.cc:103:
  ->[0m Synchronising group "GRHYDRO::DENS" in local mode
[1mWARNING level 2 from host runnervmmklqx.5h22ydpj3h3ejlrfk43sdsvwae.cx.internal.cloudapp.net process 0
  in thorn Carpet, file /home/runner/work/tests/tests/master/configs/sim/build/Carpet/Comm.cc:103:
  ->[0m Synchronising group "GRHYDRO::SCON" in local mode
[1mWARNING level 2 from host runnervmmklqx.5h22ydpj3h3ejlrfk43sdsvwae.cx.internal.cloudapp.net process 0
  in thorn Carpet, file /home/runner/work/tests/tests/master/configs/sim/build/Carpet/Comm.cc:103:
  ->[0m Synchronising group "GRHYDRO::BCONS" in local mode
      GRHydro_InitialAtmosphereReset
Memory statistics from CarpetLib:
   Current number of objects: 206
   Current allocated memory:  2.14 MB
   Maximum number of objects: 208
   Maximum allocated memory:  2.17 MB
   Current administrative memory: 0.756 MB
   Total allocated used system memory: 14.8 MB
   Total allocated free system memory: 0.396 MB
   gh::allmemory:    51184
   dh::allmemory:    598608
   th::allmemory:    13920
   ggf::allmemory:   78024
   gdata::allmemory: 14048
-------------------------------------------------------------------------------------------
Iteration      Time | *me_per_hour | *RO::bcom_sq | *ROBASE::rho | *BASE::press | *axrss_mb
                    |              |      maximum |      maximum |      maximum |   maximum
-------------------------------------------------------------------------------------------
        0     0.000 |    0.0000000 |   96.9999979 |    1.0000000 |   30.0000000 |        65
---------------------------------------------------------------------------------------------------------------------------------------------------------
Time      Time   Imblnc   Timer                                               gettimeof  getrusage      cycle  cycle[avg  cycle[sdv  cycle[min  cycle[max
percent   secs   percent                                                           secs       secs       secs       secs       secs       secs       secs
---------------------------------------------------------------------------------------------------------------------------------------------------------
  99.9%      0.0    0.1%  Initialise                                            0.01658    0.01252  4.304e+07  4.304e+07          0  4.304e+07  4.304e+07
  16.9%      0.0    1.7%  |_CallAnalysis                                       0.002857   0.002856  7.416e+06  7.416e+06          0  7.416e+06  7.416e+06
   4.1%      0.0    0.9%  | |_CCTK_ANALYSIS                                    0.000682   0.000683  1.771e+06  1.771e+06          0  1.771e+06  1.771e+06
   3.7%      0.0    1.3%  | | |_CallFunction                                   0.000623   0.000622  1.616e+06   2.02e+05  6.899e+05  4.867e+04  8.156e+05
   2.7%      0.0    2.9%  | | | |_thorns                                       0.000462   0.000458  1.195e+06  1.494e+05  7.074e+05  1.672e+04   7.75e+05
   1.6%      0.0    7.2%  | | | | |_CarpetLib_printmemstats                    0.000292   0.000293  7.598e+05  7.598e+05          0  7.598e+05  7.598e+05
   1.0%      0.0          | | | |_untimed
  11.7%      0.0    1.9%  | |_OutputGH                                         0.001982   0.001982  5.144e+06  5.144e+06          0  5.144e+06  5.144e+06
  11.7%      0.0    1.9%  | | |_OutputGH                                       0.001975   0.001974  5.127e+06  5.127e+06          0  5.127e+06  5.127e+06
   8.3%      0.0    0.1%  | | | |_IOASCII::IOASCII_1D [2]                      0.001373   0.001372  3.563e+06  3.563e+06          0  3.563e+06  3.563e+06
   8.2%      0.0    0.1%  | | | | |_OutputGH<1>                                0.001365   0.001366  3.547e+06  3.547e+06          0  3.547e+06  3.547e+06
   1.7%      0.0   10.8%  | | | |_IOBasic::CarpetIOBasic [5]                    0.00031   0.000311  8.062e+05  8.062e+05          0  8.062e+05  8.062e+05
   1.6%      0.0   11.0%  | | | | |_OutputGH                                   0.000304   0.000303  7.874e+05  7.874e+05          0  7.874e+05  7.874e+05
  44.7%      0.0    0.0%  |_CallInitial                                        0.007421   0.006101  1.926e+07  1.926e+07          0  1.926e+07  1.926e+07
   7.7%      0.0    2.3%  | |_CCTK_BASEGRID                                    0.001302   0.000401  3.379e+06  3.379e+06          0  3.379e+06  3.379e+06
   6.7%      0.0    2.7%  | | |_CallFunction                                   0.001144   0.000344  2.971e+06  1.238e+05  3.487e+05  4.389e+04  2.844e+05
   3.5%      0.0    5.4%  | | | |_thorns                                       0.000611   0.000179  1.582e+06  6.591e+04  2.789e+05  1.459e+04  1.688e+05
   3.2%      0.0          | | | |_untimed
   9.5%      0.0    3.0%  | |_CCTK_INITIAL                                      0.00163   0.001516  4.223e+06  4.223e+06          0  4.223e+06  4.223e+06
   8.8%      0.0    3.2%  | | |_CallFunction                                   0.001504   0.001407  3.901e+06  2.053e+05  1.752e+06  2.213e+04  1.871e+06
   6.5%      0.0    5.4%  | | | |_thorns                                       0.001139     0.0011  2.951e+06  1.553e+05  1.737e+06  1.534e+04   1.81e+06
   3.8%      0.0    8.7%  | | | | |_GRHydro_shocktubeM                         0.000692   0.000692  1.798e+06  1.798e+06          0  1.798e+06  1.798e+06
   2.3%      0.0          | | | |_untimed
  22.2%      0.0    2.1%  | |_CCTK_POSTINITIAL                                 0.003608   0.003607  9.366e+06  9.366e+06          0  9.366e+06  9.366e+06
  21.0%      0.0    2.5%  | | |_CallFunction                                   0.003396   0.003397  8.832e+06  3.046e+05  2.109e+06  1.531e+04  1.587e+06
   3.5%      0.0   12.4%  | | | |_syncs                                        0.000501   0.000503  1.301e+06  4.338e+05  4.169e+05  1.018e+05  6.647e+05
   3.4%      0.0   12.9%  | | | | |_Sync                                       0.000475   0.000475  1.234e+06  4.113e+05  4.021e+05  8.926e+04  6.278e+05
   1.2%      0.0    8.8%  | | | | | |_comm_state[2].state_get_buffer_sizes.s   0.000183   0.000183  4.752e+05  1.584e+05  1.877e+05       5720  2.467e+05
   0.7%      0.0   36.2%  | | | | | |_comm_state[6].state_do_some_work.step     4.9e-05      5e-05  1.259e+05  4.197e+04  3.805e+04  1.573e+04   6.95e+04
  14.5%      0.0    0.1%  | | | |_thorns                                         0.0024   0.002404   6.24e+06  2.152e+05  2.022e+06       9022  1.529e+06
   3.4%      0.0    3.2%  | | | | |_Con2Prim                                   0.000583   0.000583  1.513e+06  1.513e+06          0  1.513e+06  1.513e+06
   8.0%      0.0    2.0%  | | | | |_GRHydro_Diagshock2D_BoundaryM              0.001297   0.001295  3.364e+06  8.409e+05  1.492e+05  7.265e+05  9.183e+05
   5.4%      0.0   20.3%  | | | | | |_Sync                                     0.000671   0.000673  1.742e+06  2.177e+05  8.361e+04  1.894e+05  2.812e+05
   1.0%      0.0    6.7%  | | | | | | |_comm_state[3].state_fill_send_buffer   0.000155   0.000155  4.084e+05  5.105e+04  2.632e+04  3.734e+04  6.464e+04
   1.8%      0.0   41.7%  | | | | | | |_comm_state[6].state_do_some_work.ste    8.4e-05    8.5e-05  2.199e+05  2.748e+04       8231   2.33e+04  3.214e+04
   2.5%      0.0          | | | | | |_untimed
   3.0%      0.0          | | | |_untimed
   1.2%      0.0          | | |_untimed
   4.2%      0.0    0.8%  | |_Poison                                           0.000709   0.000506  1.842e+06  1.842e+06          0  1.842e+06  1.842e+06
  11.0%      0.0    0.0%  |_CallPostInitial                                    0.001831    0.00183  4.751e+06  4.751e+06          0  4.751e+06  4.751e+06
   5.6%      0.0    2.1%  | |_CCTK_POSTPOSTINITIAL                             0.000943   0.000943  2.447e+06  2.447e+06          0  2.447e+06  2.447e+06
   5.3%      0.0    2.0%  | | |_CallFunction                                   0.000893   0.000893  2.318e+06  5.795e+05  1.179e+06  1.693e+05  1.597e+06
   4.7%      0.0    2.5%  | | | |_thorns                                       0.000793   0.000794   2.06e+06   5.15e+05  1.184e+06  9.628e+04  1.537e+06
   3.4%      0.0    3.5%  | | | | |_Con2Prim                                   0.000586   0.000586  1.522e+06  1.522e+06          0  1.522e+06  1.522e+06
   5.1%      0.0    2.5%  | |_CCTK_POSTSTEP                                    0.000829   0.000829  2.153e+06  2.153e+06          0  2.153e+06  2.153e+06
   4.8%      0.0    2.7%  | | |_CallFunction                                   0.000773   0.000776  2.013e+06  2.875e+05  1.381e+06  2.512e+04  1.564e+06
   4.1%      0.0    3.3%  | | | |_thorns                                       0.000656   0.000657  1.706e+06  2.437e+05  1.364e+06  1.882e+04  1.506e+06
   3.4%      0.0    3.0%  | | | | |_NaNChecker_NaNCheck_Check                  0.000574   0.000574  1.492e+06  1.492e+06          0  1.492e+06  1.492e+06
   8.6%      0.0    3.9%  |_CallSetup                                          0.001369          0  3.555e+06  3.555e+06          0  3.555e+06  3.555e+06
   1.8%      0.0    0.3%  | |_CCTK_PARAMCHECK                                  0.000296          0  7.668e+05  7.668e+05          0  7.668e+05  7.668e+05
   1.3%      0.0    0.4%  | | |_CallFunction                                   0.000222          0   5.84e+05  4.867e+04  1.799e+05   1.95e+04  2.122e+05
   1.2%      0.0    0.3%  | | | |_thorns                                       0.000192          0  5.033e+05  4.194e+04  1.793e+05  1.355e+04  2.047e+05
   2.9%      0.0    3.2%  | |_CCTK_WRAGH                                       0.000503          0  1.305e+06  1.305e+06          0  1.305e+06  1.305e+06
   2.3%      0.0    2.4%  | | |_CallFunction                                   0.000391          0  1.034e+06  6.459e+04  1.728e+05  2.408e+04  1.733e+05
   1.5%      0.0    2.7%  | | | |_thorns                                       0.000263          0  6.487e+05  4.055e+04  1.045e+05  1.537e+04  1.033e+05
   2.9%      0.0    0.1%  | |_Poison                                           0.000484          0  1.255e+06  1.255e+06          0  1.255e+06  1.255e+06
   1.7%      0.0    2.6%  |_CarpetLib::ggf::recompose_allocate                 0.000277   0.000141  7.159e+05       3393  1.377e+04       3094  1.017e+04
   1.7%      0.0    0.4%  |_CarpetLib::ggf::recompose_crop                     0.000285   0.000157  7.174e+05       3400  4.414e+04       2860  4.529e+04
   1.6%      0.0    3.0%  |_dh::recompose_free_old                             0.000271   0.000123  6.082e+05       2883       6718       2782       9282
  13.6%      0.0          | untimed
---------------------------------------------------------------------------------------------------------------------------------------------------------
---------------------------------------------------------------------------------------------------------------------------------------------------------
Time      Time   Imblnc   Timer                                               gettimeof  getrusage      cycle  cycle[avg  cycle[sdv  cycle[min  cycle[max
percent   secs   percent                                                           secs       secs       secs       secs       secs       secs       secs
---------------------------------------------------------------------------------------------------------------------------------------------------------
 100.0%      0.1    0.0%  meta mode                                             0.06449    0.05348  1.674e+08  5.581e+07  1.367e+08  1.149e+04  1.674e+08
  30.6%      0.0    0.1%  |_meta mode                                           0.01972     0.0147   5.12e+07  1.707e+07  4.178e+07  1.079e+04  5.118e+07
  20.2%      0.0    0.4%  | |_global mode                                       0.01308    0.01065  3.395e+07  2.829e+06  1.616e+07  6.318e+04  1.705e+07
  17.6%      0.0    0.4%  | | |_level(0)                                        0.01136   0.009783  2.951e+07  6.415e+05  1.107e+07       4524  9.265e+06
   1.2%      0.0    1.6%  | | | |_enter_local_mode                             0.000788   0.000564  2.062e+06  1.348e+04  1.109e+05       2730  5.161e+04
  14.8%      0.0          | | | |_untimed
   2.3%      0.0          | | |_untimed
  10.0%      0.0          | |_untimed
  69.4%      0.0          | untimed
---------------------------------------------------------------------------------------------------------------------------------------------------------
[1mWARNING level 2 from host runnervmmklqx.5h22ydpj3h3ejlrfk43sdsvwae.cx.internal.cloudapp.net process 0
  in thorn Carpet, file /home/runner/work/tests/tests/master/configs/sim/build/Carpet/Comm.cc:103:
  ->[0m Synchronising group "GRHYDRO::TAU" in local mode
[1mWARNING level 2 from host runnervmmklqx.5h22ydpj3h3ejlrfk43sdsvwae.cx.internal.cloudapp.net process 0
  in thorn Carpet, file /home/runner/work/tests/tests/master/configs/sim/build/Carpet/Comm.cc:103:
  ->[0m Synchronising group "GRHYDRO::DENS" in local mode
[1mWARNING level 2 from host runnervmmklqx.5h22ydpj3h3ejlrfk43sdsvwae.cx.internal.cloudapp.net process 0
  in thorn Carpet, file /home/runner/work/tests/tests/master/configs/sim/build/Carpet/Comm.cc:103:
  ->[0m Synchronising group "GRHYDRO::SCON" in local mode
[1mWARNING level 2 from host runnervmmklqx.5h22ydpj3h3ejlrfk43sdsvwae.cx.internal.cloudapp.net process 0
  in thorn Carpet, file /home/runner/work/tests/tests/master/configs/sim/build/Carpet/Comm.cc:103:
  ->[0m Synchronising group "GRHYDRO::BCONS" in local mode
[1mWARNING level 2 from host runnervmmklqx.5h22ydpj3h3ejlrfk43sdsvwae.cx.internal.cloudapp.net process 0
  in thorn Carpet, file /home/runner/work/tests/tests/master/configs/sim/build/Carpet/Comm.cc:103:
  ->[0m Synchronising group "GRHYDRO::TAU" in local mode
[1mWARNING level 2 from host runnervmmklqx.5h22ydpj3h3ejlrfk43sdsvwae.cx.internal.cloudapp.net process 0
  in thorn Carpet, file /home/runner/work/tests/tests/master/configs/sim/build/Carpet/Comm.cc:103:
  ->[0m Synchronising group "GRHYDRO::DENS" in local mode
[1mWARNING level 2 from host runnervmmklqx.5h22ydpj3h3ejlrfk43sdsvwae.cx.internal.cloudapp.net process 0
  in thorn Carpet, file /home/runner/work/tests/tests/master/configs/sim/build/Carpet/Comm.cc:103:
  ->[0m Synchronising group "GRHYDRO::SCON" in local mode
[1mWARNING level 2 from host runnervmmklqx.5h22ydpj3h3ejlrfk43sdsvwae.cx.internal.cloudapp.net process 0
  in thorn Carpet, file /home/runner/work/tests/tests/master/configs/sim/build/Carpet/Comm.cc:103:
  ->[0m Synchronising group "GRHYDRO::BCONS" in local mode
[1mWARNING level 2 from host runnervmmklqx.5h22ydpj3h3ejlrfk43sdsvwae.cx.internal.cloudapp.net process 0
  in thorn Carpet, file /home/runner/work/tests/tests/master/configs/sim/build/Carpet/Comm.cc:103:
  ->[0m Synchronising group "GRHYDRO::TAU" in local mode
[1mWARNING level 2 from host runnervmmklqx.5h22ydpj3h3ejlrfk43sdsvwae.cx.internal.cloudapp.net process 0
  in thorn Carpet, file /home/runner/work/tests/tests/master/configs/sim/build/Carpet/Comm.cc:103:
  ->[0m Synchronising group "GRHYDRO::DENS" in local mode
[1mWARNING level 2 from host runnervmmklqx.5h22ydpj3h3ejlrfk43sdsvwae.cx.internal.cloudapp.net process 0
  in thorn Carpet, file /home/runner/work/tests/tests/master/configs/sim/build/Carpet/Comm.cc:103:
  ->[0m Synchronising group "GRHYDRO::SCON" in local mode
[1mWARNING level 2 from host runnervmmklqx.5h22ydpj3h3ejlrfk43sdsvwae.cx.internal.cloudapp.net process 0
  in thorn Carpet, file /home/runner/work/tests/tests/master/configs/sim/build/Carpet/Comm.cc:103:
  ->[0m Synchronising group "GRHYDRO::BCONS" in local mode
[1mWARNING level 2 from host runnervmmklqx.5h22ydpj3h3ejlrfk43sdsvwae.cx.internal.cloudapp.net process 0
  in thorn Carpet, file /home/runner/work/tests/tests/master/configs/sim/build/Carpet/Comm.cc:103:
  ->[0m Synchronising group "GRHYDRO::TAU" in local mode
[1mWARNING level 2 from host runnervmmklqx.5h22ydpj3h3ejlrfk43sdsvwae.cx.internal.cloudapp.net process 0
  in thorn Carpet, file /home/runner/work/tests/tests/master/configs/sim/build/Carpet/Comm.cc:103:
  ->[0m Synchronising group "GRHYDRO::DENS" in local mode
[1mWARNING level 2 from host runnervmmklqx.5h22ydpj3h3ejlrfk43sdsvwae.cx.internal.cloudapp.net process 0
  in thorn Carpet, file /home/runner/work/tests/tests/master/configs/sim/build/Carpet/Comm.cc:103:
  ->[0m Synchronising group "GRHYDRO::SCON" in local mode
[1mWARNING level 2 from host runnervmmklqx.5h22ydpj3h3ejlrfk43sdsvwae.cx.internal.cloudapp.net process 0
  in thorn Carpet, file /home/runner/work/tests/tests/master/configs/sim/build/Carpet/Comm.cc:103:
  ->[0m Synchronising group "GRHYDRO::BCONS" in local mode
[1mWARNING level 2 from host runnervmmklqx.5h22ydpj3h3ejlrfk43sdsvwae.cx.internal.cloudapp.net process 0
  in thorn Carpet, file /home/runner/work/tests/tests/master/configs/sim/build/Carpet/Comm.cc:103:
  ->[0m Synchronising group "GRHYDRO::TAU" in local mode
[1mWARNING level 2 from host runnervmmklqx.5h22ydpj3h3ejlrfk43sdsvwae.cx.internal.cloudapp.net process 0
  in thorn Carpet, file /home/runner/work/tests/tests/master/configs/sim/build/Carpet/Comm.cc:103:
  ->[0m Synchronising group "GRHYDRO::DENS" in local mode
[1mWARNING level 2 from host runnervmmklqx.5h22ydpj3h3ejlrfk43sdsvwae.cx.internal.cloudapp.net process 0
  in thorn Carpet, file /home/runner/work/tests/tests/master/configs/sim/build/Carpet/Comm.cc:103:
  ->[0m Synchronising group "GRHYDRO::SCON" in local mode
[1mWARNING level 2 from host runnervmmklqx.5h22ydpj3h3ejlrfk43sdsvwae.cx.internal.cloudapp.net process 0
  in thorn Carpet, file /home/runner/work/tests/tests/master/configs/sim/build/Carpet/Comm.cc:103:
  ->[0m Synchronising group "GRHYDRO::BCONS" in local mode
[1mWARNING level 2 from host runnervmmklqx.5h22ydpj3h3ejlrfk43sdsvwae.cx.internal.cloudapp.net process 0
  in thorn Carpet, file /home/runner/work/tests/tests/master/configs/sim/build/Carpet/Comm.cc:103:
  ->[0m Synchronising group "GRHYDRO::TAU" in local mode
[1mWARNING level 2 from host runnervmmklqx.5h22ydpj3h3ejlrfk43sdsvwae.cx.internal.cloudapp.net process 0
  in thorn Carpet, file /home/runner/work/tests/tests/master/configs/sim/build/Carpet/Comm.cc:103:
  ->[0m Synchronising group "GRHYDRO::DENS" in local mode
[1mWARNING level 2 from host runnervmmklqx.5h22ydpj3h3ejlrfk43sdsvwae.cx.internal.cloudapp.net process 0
  in thorn Carpet, file /home/runner/work/tests/tests/master/configs/sim/build/Carpet/Comm.cc:103:
  ->[0m Synchronising group "GRHYDRO::SCON" in local mode
[1mWARNING level 2 from host runnervmmklqx.5h22ydpj3h3ejlrfk43sdsvwae.cx.internal.cloudapp.net process 0
  in thorn Carpet, file /home/runner/work/tests/tests/master/configs/sim/build/Carpet/Comm.cc:103:
  ->[0m Synchronising group "GRHYDRO::BCONS" in local mode
[1mWARNING level 2 from host runnervmmklqx.5h22ydpj3h3ejlrfk43sdsvwae.cx.internal.cloudapp.net process 0
  in thorn Carpet, file /home/runner/work/tests/tests/master/configs/sim/build/Carpet/Comm.cc:103:
  ->[0m Synchronising group "GRHYDRO::TAU" in local mode
[1mWARNING level 2 from host runnervmmklqx.5h22ydpj3h3ejlrfk43sdsvwae.cx.internal.cloudapp.net process 0
  in thorn Carpet, file /home/runner/work/tests/tests/master/configs/sim/build/Carpet/Comm.cc:103:
  ->[0m Synchronising group "GRHYDRO::DENS" in local mode
[1mWARNING level 2 from host runnervmmklqx.5h22ydpj3h3ejlrfk43sdsvwae.cx.internal.cloudapp.net process 0
  in thorn Carpet, file /home/runner/work/tests/tests/master/configs/sim/build/Carpet/Comm.cc:103:
  ->[0m Synchronising group "GRHYDRO::SCON" in local mode
[1mWARNING level 2 from host runnervmmklqx.5h22ydpj3h3ejlrfk43sdsvwae.cx.internal.cloudapp.net process 0
  in thorn Carpet, file /home/runner/work/tests/tests/master/configs/sim/build/Carpet/Comm.cc:103:
  ->[0m Synchronising group "GRHYDRO::BCONS" in local mode
[1mWARNING level 2 from host runnervmmklqx.5h22ydpj3h3ejlrfk43sdsvwae.cx.internal.cloudapp.net process 0
  in thorn Carpet, file /home/runner/work/tests/tests/master/configs/sim/build/Carpet/Comm.cc:103:
  ->[0m Synchronising group "GRHYDRO::TAU" in local mode
[1mWARNING level 2 from host runnervmmklqx.5h22ydpj3h3ejlrfk43sdsvwae.cx.internal.cloudapp.net process 0
  in thorn Carpet, file /home/runner/work/tests/tests/master/configs/sim/build/Carpet/Comm.cc:103:
  ->[0m Synchronising group "GRHYDRO::DENS" in local mode
[1mWARNING level 2 from host runnervmmklqx.5h22ydpj3h3ejlrfk43sdsvwae.cx.internal.cloudapp.net process 0
  in thorn Carpet, file /home/runner/work/tests/tests/master/configs/sim/build/Carpet/Comm.cc:103:
  ->[0m Synchronising group "GRHYDRO::SCON" in local mode
[1mWARNING level 2 from host runnervmmklqx.5h22ydpj3h3ejlrfk43sdsvwae.cx.internal.cloudapp.net process 0
  in thorn Carpet, file /home/runner/work/tests/tests/master/configs/sim/build/Carpet/Comm.cc:103:
  ->[0m Synchronising group "GRHYDRO::BCONS" in local mode
[1mWARNING level 2 from host runnervmmklqx.5h22ydpj3h3ejlrfk43sdsvwae.cx.internal.cloudapp.net process 0
  in thorn Carpet, file /home/runner/work/tests/tests/master/configs/sim/build/Carpet/Comm.cc:103:
  ->[0m Synchronising group "GRHYDRO::TAU" in local mode
[1mWARNING level 2 from host runnervmmklqx.5h22ydpj3h3ejlrfk43sdsvwae.cx.internal.cloudapp.net process 0
  in thorn Carpet, file /home/runner/work/tests/tests/master/configs/sim/build/Carpet/Comm.cc:103:
  ->[0m Synchronising group "GRHYDRO::DENS" in local mode
[1mWARNING level 2 from host runnervmmklqx.5h22ydpj3h3ejlrfk43sdsvwae.cx.internal.cloudapp.net process 0
  in thorn Carpet, file /home/runner/work/tests/tests/master/configs/sim/build/Carpet/Comm.cc:103:
  ->[0m Synchronising group "GRHYDRO::SCON" in local mode
[1mWARNING level 2 from host runnervmmklqx.5h22ydpj3h3ejlrfk43sdsvwae.cx.internal.cloudapp.net process 0
  in thorn Carpet, file /home/runner/work/tests/tests/master/configs/sim/build/Carpet/Comm.cc:103:
  ->[0m Synchronising group "GRHYDRO::BCONS" in local mode
[1mWARNING level 2 from host runnervmmklqx.5h22ydpj3h3ejlrfk43sdsvwae.cx.internal.cloudapp.net process 0
  in thorn Carpet, file /home/runner/work/tests/tests/master/configs/sim/build/Carpet/Comm.cc:103:
  ->[0m Synchronising group "GRHYDRO::TAU" in local mode
[1mWARNING level 2 from host runnervmmklqx.5h22ydpj3h3ejlrfk43sdsvwae.cx.internal.cloudapp.net process 0
  in thorn Carpet, file /home/runner/work/tests/tests/master/configs/sim/build/Carpet/Comm.cc:103:
  ->[0m Synchronising group "GRHYDRO::DENS" in local mode
[1mWARNING level 2 from host runnervmmklqx.5h22ydpj3h3ejlrfk43sdsvwae.cx.internal.cloudapp.net process 0
  in thorn Carpet, file /home/runner/work/tests/tests/master/configs/sim/build/Carpet/Comm.cc:103:
  ->[0m Synchronising group "GRHYDRO::SCON" in local mode
[1mWARNING level 2 from host runnervmmklqx.5h22ydpj3h3ejlrfk43sdsvwae.cx.internal.cloudapp.net process 0
  in thorn Carpet, file /home/runner/work/tests/tests/master/configs/sim/build/Carpet/Comm.cc:103:
  ->[0m Synchronising group "GRHYDRO::BCONS" in local mode
[1mWARNING level 2 from host runnervmmklqx.5h22ydpj3h3ejlrfk43sdsvwae.cx.internal.cloudapp.net process 0
  in thorn Carpet, file /home/runner/work/tests/tests/master/configs/sim/build/Carpet/Comm.cc:103:
  ->[0m Synchronising group "GRHYDRO::TAU" in local mode
[1mWARNING level 2 from host runnervmmklqx.5h22ydpj3h3ejlrfk43sdsvwae.cx.internal.cloudapp.net process 0
  in thorn Carpet, file /home/runner/work/tests/tests/master/configs/sim/build/Carpet/Comm.cc:103:
  ->[0m Synchronising group "GRHYDRO::DENS" in local mode
[1mWARNING level 2 from host runnervmmklqx.5h22ydpj3h3ejlrfk43sdsvwae.cx.internal.cloudapp.net process 0
  in thorn Carpet, file /home/runner/work/tests/tests/master/configs/sim/build/Carpet/Comm.cc:103:
  ->[0m Synchronising group "GRHYDRO::SCON" in local mode
[1mWARNING level 2 from host runnervmmklqx.5h22ydpj3h3ejlrfk43sdsvwae.cx.internal.cloudapp.net process 0
  in thorn Carpet, file /home/runner/work/tests/tests/master/configs/sim/build/Carpet/Comm.cc:103:
  ->[0m Synchronising group "GRHYDRO::BCONS" in local mode
[1mWARNING level 2 from host runnervmmklqx.5h22ydpj3h3ejlrfk43sdsvwae.cx.internal.cloudapp.net process 0
  in thorn Carpet, file /home/runner/work/tests/tests/master/configs/sim/build/Carpet/Comm.cc:103:
  ->[0m Synchronising group "GRHYDRO::TAU" in local mode
[1mWARNING level 2 from host runnervmmklqx.5h22ydpj3h3ejlrfk43sdsvwae.cx.internal.cloudapp.net process 0
  in thorn Carpet, file /home/runner/work/tests/tests/master/configs/sim/build/Carpet/Comm.cc:103:
  ->[0m Synchronising group "GRHYDRO::DENS" in local mode
[1mWARNING level 2 from host runnervmmklqx.5h22ydpj3h3ejlrfk43sdsvwae.cx.internal.cloudapp.net process 0
  in thorn Carpet, file /home/runner/work/tests/tests/master/configs/sim/build/Carpet/Comm.cc:103:
  ->[0m Synchronising group "GRHYDRO::SCON" in local mode
[1mWARNING level 2 from host runnervmmklqx.5h22ydpj3h3ejlrfk43sdsvwae.cx.internal.cloudapp.net process 0
  in thorn Carpet, file /home/runner/work/tests/tests/master/configs/sim/build/Carpet/Comm.cc:103:
  ->[0m Synchronising group "GRHYDRO::BCONS" in local mode
[1mWARNING level 2 from host runnervmmklqx.5h22ydpj3h3ejlrfk43sdsvwae.cx.internal.cloudapp.net process 0
  in thorn Carpet, file /home/runner/work/tests/tests/master/configs/sim/build/Carpet/Comm.cc:103:
  ->[0m Synchronising group "GRHYDRO::TAU" in local mode
[1mWARNING level 2 from host runnervmmklqx.5h22ydpj3h3ejlrfk43sdsvwae.cx.internal.cloudapp.net process 0
  in thorn Carpet, file /home/runner/work/tests/tests/master/configs/sim/build/Carpet/Comm.cc:103:
  ->[0m Synchronising group "GRHYDRO::DENS" in local mode
[1mWARNING level 2 from host runnervmmklqx.5h22ydpj3h3ejlrfk43sdsvwae.cx.internal.cloudapp.net process 0
  in thorn Carpet, file /home/runner/work/tests/tests/master/configs/sim/build/Carpet/Comm.cc:103:
  ->[0m Synchronising group "GRHYDRO::SCON" in local mode
[1mWARNING level 2 from host runnervmmklqx.5h22ydpj3h3ejlrfk43sdsvwae.cx.internal.cloudapp.net process 0
  in thorn Carpet, file /home/runner/work/tests/tests/master/configs/sim/build/Carpet/Comm.cc:103:
  ->[0m Synchronising group "GRHYDRO::BCONS" in local mode
[1mWARNING level 2 from host runnervmmklqx.5h22ydpj3h3ejlrfk43sdsvwae.cx.internal.cloudapp.net process 0
  in thorn Carpet, file /home/runner/work/tests/tests/master/configs/sim/build/Carpet/Comm.cc:103:
  ->[0m Synchronising group "GRHYDRO::TAU" in local mode
[1mWARNING level 2 from host runnervmmklqx.5h22ydpj3h3ejlrfk43sdsvwae.cx.internal.cloudapp.net process 0
  in thorn Carpet, file /home/runner/work/tests/tests/master/configs/sim/build/Carpet/Comm.cc:103:
  ->[0m Synchronising group "GRHYDRO::DENS" in local mode
[1mWARNING level 2 from host runnervmmklqx.5h22ydpj3h3ejlrfk43sdsvwae.cx.internal.cloudapp.net process 0
  in thorn Carpet, file /home/runner/work/tests/tests/master/configs/sim/build/Carpet/Comm.cc:103:
  ->[0m Synchronising group "GRHYDRO::SCON" in local mode
[1mWARNING level 2 from host runnervmmklqx.5h22ydpj3h3ejlrfk43sdsvwae.cx.internal.cloudapp.net process 0
  in thorn Carpet, file /home/runner/work/tests/tests/master/configs/sim/build/Carpet/Comm.cc:103:
  ->[0m Synchronising group "GRHYDRO::BCONS" in local mode
        1     0.000 |   89.9627145 |   96.9999979 |    1.0002984 |   30.0258693 |        67
[1mWARNING level 2 from host runnervmmklqx.5h22ydpj3h3ejlrfk43sdsvwae.cx.internal.cloudapp.net process 0
  in thorn Carpet, file /home/runner/work/tests/tests/master/configs/sim/build/Carpet/Comm.cc:103:
  ->[0m Synchronising group "GRHYDRO::TAU" in local mode
[1mWARNING level 2 from host runnervmmklqx.5h22ydpj3h3ejlrfk43sdsvwae.cx.internal.cloudapp.net process 0
  in thorn Carpet, file /home/runner/work/tests/tests/master/configs/sim/build/Carpet/Comm.cc:103:
  ->[0m Synchronising group "GRHYDRO::DENS" in local mode
[1mWARNING level 2 from host runnervmmklqx.5h22ydpj3h3ejlrfk43sdsvwae.cx.internal.cloudapp.net process 0
  in thorn Carpet, file /home/runner/work/tests/tests/master/configs/sim/build/Carpet/Comm.cc:103:
  ->[0m Synchronising group "GRHYDRO::SCON" in local mode
[1mWARNING level 2 from host runnervmmklqx.5h22ydpj3h3ejlrfk43sdsvwae.cx.internal.cloudapp.net process 0
  in thorn Carpet, file /home/runner/work/tests/tests/master/configs/sim/build/Carpet/Comm.cc:103:
  ->[0m Synchronising group "GRHYDRO::BCONS" in local mode
[1mWARNING level 2 from host runnervmmklqx.5h22ydpj3h3ejlrfk43sdsvwae.cx.internal.cloudapp.net process 0
  in thorn Carpet, file /home/runner/work/tests/tests/master/configs/sim/build/Carpet/Comm.cc:103:
  ->[0m Synchronising group "GRHYDRO::TAU" in local mode
[1mWARNING level 2 from host runnervmmklqx.5h22ydpj3h3ejlrfk43sdsvwae.cx.internal.cloudapp.net process 0
  in thorn Carpet, file /home/runner/work/tests/tests/master/configs/sim/build/Carpet/Comm.cc:103:
  ->[0m Synchronising group "GRHYDRO::DENS" in local mode
[1mWARNING level 2 from host runnervmmklqx.5h22ydpj3h3ejlrfk43sdsvwae.cx.internal.cloudapp.net process 0
  in thorn Carpet, file /home/runner/work/tests/tests/master/configs/sim/build/Carpet/Comm.cc:103:
  ->[0m Synchronising group "GRHYDRO::SCON" in local mode
[1mWARNING level 2 from host runnervmmklqx.5h22ydpj3h3ejlrfk43sdsvwae.cx.internal.cloudapp.net process 0
  in thorn Carpet, file /home/runner/work/tests/tests/master/configs/sim/build/Carpet/Comm.cc:103:
  ->[0m Synchronising group "GRHYDRO::BCONS" in local mode
[1mWARNING level 2 from host runnervmmklqx.5h22ydpj3h3ejlrfk43sdsvwae.cx.internal.cloudapp.net process 0
  in thorn Carpet, file /home/runner/work/tests/tests/master/configs/sim/build/Carpet/Comm.cc:103:
  ->[0m Synchronising group "GRHYDRO::TAU" in local mode
[1mWARNING level 2 from host runnervmmklqx.5h22ydpj3h3ejlrfk43sdsvwae.cx.internal.cloudapp.net process 0
  in thorn Carpet, file /home/runner/work/tests/tests/master/configs/sim/build/Carpet/Comm.cc:103:
  ->[0m Synchronising group "GRHYDRO::DENS" in local mode
[1mWARNING level 2 from host runnervmmklqx.5h22ydpj3h3ejlrfk43sdsvwae.cx.internal.cloudapp.net process 0
  in thorn Carpet, file /home/runner/work/tests/tests/master/configs/sim/build/Carpet/Comm.cc:103:
  ->[0m Synchronising group "GRHYDRO::SCON" in local mode
[1mWARNING level 2 from host runnervmmklqx.5h22ydpj3h3ejlrfk43sdsvwae.cx.internal.cloudapp.net process 0
  in thorn Carpet, file /home/runner/work/tests/tests/master/configs/sim/build/Carpet/Comm.cc:103:
  ->[0m Synchronising group "GRHYDRO::BCONS" in local mode
[1mWARNING level 2 from host runnervmmklqx.5h22ydpj3h3ejlrfk43sdsvwae.cx.internal.cloudapp.net process 0
  in thorn Carpet, file /home/runner/work/tests/tests/master/configs/sim/build/Carpet/Comm.cc:103:
  ->[0m Synchronising group "GRHYDRO::TAU" in local mode
[1mWARNING level 2 from host runnervmmklqx.5h22ydpj3h3ejlrfk43sdsvwae.cx.internal.cloudapp.net process 0
  in thorn Carpet, file /home/runner/work/tests/tests/master/configs/sim/build/Carpet/Comm.cc:103:
  ->[0m Synchronising group "GRHYDRO::DENS" in local mode
[1mWARNING level 2 from host runnervmmklqx.5h22ydpj3h3ejlrfk43sdsvwae.cx.internal.cloudapp.net process 0
  in thorn Carpet, file /home/runner/work/tests/tests/master/configs/sim/build/Carpet/Comm.cc:103:
  ->[0m Synchronising group "GRHYDRO::SCON" in local mode
[1mWARNING level 2 from host runnervmmklqx.5h22ydpj3h3ejlrfk43sdsvwae.cx.internal.cloudapp.net process 0
  in thorn Carpet, file /home/runner/work/tests/tests/master/configs/sim/build/Carpet/Comm.cc:103:
  ->[0m Synchronising group "GRHYDRO::BCONS" in local mode
[1mWARNING level 2 from host runnervmmklqx.5h22ydpj3h3ejlrfk43sdsvwae.cx.internal.cloudapp.net process 0
  in thorn Carpet, file /home/runner/work/tests/tests/master/configs/sim/build/Carpet/Comm.cc:103:
  ->[0m Synchronising group "GRHYDRO::TAU" in local mode
[1mWARNING level 2 from host runnervmmklqx.5h22ydpj3h3ejlrfk43sdsvwae.cx.internal.cloudapp.net process 0
  in thorn Carpet, file /home/runner/work/tests/tests/master/configs/sim/build/Carpet/Comm.cc:103:
  ->[0m Synchronising group "GRHYDRO::DENS" in local mode
[1mWARNING level 2 from host runnervmmklqx.5h22ydpj3h3ejlrfk43sdsvwae.cx.internal.cloudapp.net process 0
  in thorn Carpet, file /home/runner/work/tests/tests/master/configs/sim/build/Carpet/Comm.cc:103:
  ->[0m Synchronising group "GRHYDRO::SCON" in local mode
[1mWARNING level 2 from host runnervmmklqx.5h22ydpj3h3ejlrfk43sdsvwae.cx.internal.cloudapp.net process 0
  in thorn Carpet, file /home/runner/work/tests/tests/master/configs/sim/build/Carpet/Comm.cc:103:
  ->[0m Synchronising group "GRHYDRO::BCONS" in local mode
[1mWARNING level 2 from host runnervmmklqx.5h22ydpj3h3ejlrfk43sdsvwae.cx.internal.cloudapp.net process 0
  in thorn Carpet, file /home/runner/work/tests/tests/master/configs/sim/build/Carpet/Comm.cc:103:
  ->[0m Synchronising group "GRHYDRO::TAU" in local mode
[1mWARNING level 2 from host runnervmmklqx.5h22ydpj3h3ejlrfk43sdsvwae.cx.internal.cloudapp.net process 0
  in thorn Carpet, file /home/runner/work/tests/tests/master/configs/sim/build/Carpet/Comm.cc:103:
  ->[0m Synchronising group "GRHYDRO::DENS" in local mode
[1mWARNING level 2 from host runnervmmklqx.5h22ydpj3h3ejlrfk43sdsvwae.cx.internal.cloudapp.net process 0
  in thorn Carpet, file /home/runner/work/tests/tests/master/configs/sim/build/Carpet/Comm.cc:103:
  ->[0m Synchronising group "GRHYDRO::SCON" in local mode
[1mWARNING level 2 from host runnervmmklqx.5h22ydpj3h3ejlrfk43sdsvwae.cx.internal.cloudapp.net process 0
  in thorn Carpet, file /home/runner/work/tests/tests/master/configs/sim/build/Carpet/Comm.cc:103:
  ->[0m Synchronising group "GRHYDRO::BCONS" in local mode
[1mWARNING level 2 from host runnervmmklqx.5h22ydpj3h3ejlrfk43sdsvwae.cx.internal.cloudapp.net process 0
  in thorn Carpet, file /home/runner/work/tests/tests/master/configs/sim/build/Carpet/Comm.cc:103:
  ->[0m Synchronising group "GRHYDRO::TAU" in local mode
[1mWARNING level 2 from host runnervmmklqx.5h22ydpj3h3ejlrfk43sdsvwae.cx.internal.cloudapp.net process 0
  in thorn Carpet, file /home/runner/work/tests/tests/master/configs/sim/build/Carpet/Comm.cc:103:
  ->[0m Synchronising group "GRHYDRO::DENS" in local mode
[1mWARNING level 2 from host runnervmmklqx.5h22ydpj3h3ejlrfk43sdsvwae.cx.internal.cloudapp.net process 0
  in thorn Carpet, file /home/runner/work/tests/tests/master/configs/sim/build/Carpet/Comm.cc:103:
  ->[0m Synchronising group "GRHYDRO::SCON" in local mode
[1mWARNING level 2 from host runnervmmklqx.5h22ydpj3h3ejlrfk43sdsvwae.cx.internal.cloudapp.net process 0
  in thorn Carpet, file /home/runner/work/tests/tests/master/configs/sim/build/Carpet/Comm.cc:103:
  ->[0m Synchronising group "GRHYDRO::BCONS" in local mode
[1mWARNING level 2 from host runnervmmklqx.5h22ydpj3h3ejlrfk43sdsvwae.cx.internal.cloudapp.net process 0
  in thorn Carpet, file /home/runner/work/tests/tests/master/configs/sim/build/Carpet/Comm.cc:103:
  ->[0m Synchronising group "GRHYDRO::TAU" in local mode
[1mWARNING level 2 from host runnervmmklqx.5h22ydpj3h3ejlrfk43sdsvwae.cx.internal.cloudapp.net process 0
  in thorn Carpet, file /home/runner/work/tests/tests/master/configs/sim/build/Carpet/Comm.cc:103:
  ->[0m Synchronising group "GRHYDRO::DENS" in local mode
[1mWARNING level 2 from host runnervmmklqx.5h22ydpj3h3ejlrfk43sdsvwae.cx.internal.cloudapp.net process 0
  in thorn Carpet, file /home/runner/work/tests/tests/master/configs/sim/build/Carpet/Comm.cc:103:
  ->[0m Synchronising group "GRHYDRO::SCON" in local mode
[1mWARNING level 2 from host runnervmmklqx.5h22ydpj3h3ejlrfk43sdsvwae.cx.internal.cloudapp.net process 0
  in thorn Carpet, file /home/runner/work/tests/tests/master/configs/sim/build/Carpet/Comm.cc:103:
  ->[0m Synchronising group "GRHYDRO::BCONS" in local mode
[1mWARNING level 2 from host runnervmmklqx.5h22ydpj3h3ejlrfk43sdsvwae.cx.internal.cloudapp.net process 0
  in thorn Carpet, file /home/runner/work/tests/tests/master/configs/sim/build/Carpet/Comm.cc:103:
  ->[0m Synchronising group "GRHYDRO::TAU" in local mode
[1mWARNING level 2 from host runnervmmklqx.5h22ydpj3h3ejlrfk43sdsvwae.cx.internal.cloudapp.net process 0
  in thorn Carpet, file /home/runner/work/tests/tests/master/configs/sim/build/Carpet/Comm.cc:103:
  ->[0m Synchronising group "GRHYDRO::DENS" in local mode
[1mWARNING level 2 from host runnervmmklqx.5h22ydpj3h3ejlrfk43sdsvwae.cx.internal.cloudapp.net process 0
  in thorn Carpet, file /home/runner/work/tests/tests/master/configs/sim/build/Carpet/Comm.cc:103:
  ->[0m Synchronising group "GRHYDRO::SCON" in local mode
[1mWARNING level 2 from host runnervmmklqx.5h22ydpj3h3ejlrfk43sdsvwae.cx.internal.cloudapp.net process 0
  in thorn Carpet, file /home/runner/work/tests/tests/master/configs/sim/build/Carpet/Comm.cc:103:
  ->[0m Synchronising group "GRHYDRO::BCONS" in local mode
[1mWARNING level 2 from host runnervmmklqx.5h22ydpj3h3ejlrfk43sdsvwae.cx.internal.cloudapp.net process 0
  in thorn Carpet, file /home/runner/work/tests/tests/master/configs/sim/build/Carpet/Comm.cc:103:
  ->[0m Synchronising group "GRHYDRO::TAU" in local mode
[1mWARNING level 2 from host runnervmmklqx.5h22ydpj3h3ejlrfk43sdsvwae.cx.internal.cloudapp.net process 0
  in thorn Carpet, file /home/runner/work/tests/tests/master/configs/sim/build/Carpet/Comm.cc:103:
  ->[0m Synchronising group "GRHYDRO::DENS" in local mode
[1mWARNING level 2 from host runnervmmklqx.5h22ydpj3h3ejlrfk43sdsvwae.cx.internal.cloudapp.net process 0
  in thorn Carpet, file /home/runner/work/tests/tests/master/configs/sim/build/Carpet/Comm.cc:103:
  ->[0m Synchronising group "GRHYDRO::SCON" in local mode
[1mWARNING level 2 from host runnervmmklqx.5h22ydpj3h3ejlrfk43sdsvwae.cx.internal.cloudapp.net process 0
  in thorn Carpet, file /home/runner/work/tests/tests/master/configs/sim/build/Carpet/Comm.cc:103:
  ->[0m Synchronising group "GRHYDRO::BCONS" in local mode
[1mWARNING level 2 from host runnervmmklqx.5h22ydpj3h3ejlrfk43sdsvwae.cx.internal.cloudapp.net process 0
  in thorn Carpet, file /home/runner/work/tests/tests/master/configs/sim/build/Carpet/Comm.cc:103:
  ->[0m Synchronising group "GRHYDRO::TAU" in local mode
[1mWARNING level 2 from host runnervmmklqx.5h22ydpj3h3ejlrfk43sdsvwae.cx.internal.cloudapp.net process 0
  in thorn Carpet, file /home/runner/work/tests/tests/master/configs/sim/build/Carpet/Comm.cc:103:
  ->[0m Synchronising group "GRHYDRO::DENS" in local mode
[1mWARNING level 2 from host runnervmmklqx.5h22ydpj3h3ejlrfk43sdsvwae.cx.internal.cloudapp.net process 0
  in thorn Carpet, file /home/runner/work/tests/tests/master/configs/sim/build/Carpet/Comm.cc:103:
  ->[0m Synchronising group "GRHYDRO::SCON" in local mode
[1mWARNING level 2 from host runnervmmklqx.5h22ydpj3h3ejlrfk43sdsvwae.cx.internal.cloudapp.net process 0
  in thorn Carpet, file /home/runner/work/tests/tests/master/configs/sim/build/Carpet/Comm.cc:103:
  ->[0m Synchronising group "GRHYDRO::BCONS" in local mode
[1mWARNING level 2 from host runnervmmklqx.5h22ydpj3h3ejlrfk43sdsvwae.cx.internal.cloudapp.net process 0
  in thorn Carpet, file /home/runner/work/tests/tests/master/configs/sim/build/Carpet/Comm.cc:103:
  ->[0m Synchronising group "GRHYDRO::TAU" in local mode
[1mWARNING level 2 from host runnervmmklqx.5h22ydpj3h3ejlrfk43sdsvwae.cx.internal.cloudapp.net process 0
  in thorn Carpet, file /home/runner/work/tests/tests/master/configs/sim/build/Carpet/Comm.cc:103:
  ->[0m Synchronising group "GRHYDRO::DENS" in local mode
[1mWARNING level 2 from host runnervmmklqx.5h22ydpj3h3ejlrfk43sdsvwae.cx.internal.cloudapp.net process 0
  in thorn Carpet, file /home/runner/work/tests/tests/master/configs/sim/build/Carpet/Comm.cc:103:
  ->[0m Synchronising group "GRHYDRO::SCON" in local mode
[1mWARNING level 2 from host runnervmmklqx.5h22ydpj3h3ejlrfk43sdsvwae.cx.internal.cloudapp.net process 0
  in thorn Carpet, file /home/runner/work/tests/tests/master/configs/sim/build/Carpet/Comm.cc:103:
  ->[0m Synchronising group "GRHYDRO::BCONS" in local mode
[1mWARNING level 2 from host runnervmmklqx.5h22ydpj3h3ejlrfk43sdsvwae.cx.internal.cloudapp.net process 0
  in thorn Carpet, file /home/runner/work/tests/tests/master/configs/sim/build/Carpet/Comm.cc:103:
  ->[0m Synchronising group "GRHYDRO::TAU" in local mode
[1mWARNING level 2 from host runnervmmklqx.5h22ydpj3h3ejlrfk43sdsvwae.cx.internal.cloudapp.net process 0
  in thorn Carpet, file /home/runner/work/tests/tests/master/configs/sim/build/Carpet/Comm.cc:103:
  ->[0m Synchronising group "GRHYDRO::DENS" in local mode
[1mWARNING level 2 from host runnervmmklqx.5h22ydpj3h3ejlrfk43sdsvwae.cx.internal.cloudapp.net process 0
  in thorn Carpet, file /home/runner/work/tests/tests/master/configs/sim/build/Carpet/Comm.cc:103:
  ->[0m Synchronising group "GRHYDRO::SCON" in local mode
[1mWARNING level 2 from host runnervmmklqx.5h22ydpj3h3ejlrfk43sdsvwae.cx.internal.cloudapp.net process 0
  in thorn Carpet, file /home/runner/work/tests/tests/master/configs/sim/build/Carpet/Comm.cc:103:
  ->[0m Synchronising group "GRHYDRO::BCONS" in local mode
[1mWARNING level 2 from host runnervmmklqx.5h22ydpj3h3ejlrfk43sdsvwae.cx.internal.cloudapp.net process 0
  in thorn Carpet, file /home/runner/work/tests/tests/master/configs/sim/build/Carpet/Comm.cc:103:
  ->[0m Synchronising group "GRHYDRO::TAU" in local mode
[1mWARNING level 2 from host runnervmmklqx.5h22ydpj3h3ejlrfk43sdsvwae.cx.internal.cloudapp.net process 0
  in thorn Carpet, file /home/runner/work/tests/tests/master/configs/sim/build/Carpet/Comm.cc:103:
  ->[0m Synchronising group "GRHYDRO::DENS" in local mode
[1mWARNING level 2 from host runnervmmklqx.5h22ydpj3h3ejlrfk43sdsvwae.cx.internal.cloudapp.net process 0
  in thorn Carpet, file /home/runner/work/tests/tests/master/configs/sim/build/Carpet/Comm.cc:103:
  ->[0m Synchronising group "GRHYDRO::SCON" in local mode
[1mWARNING level 2 from host runnervmmklqx.5h22ydpj3h3ejlrfk43sdsvwae.cx.internal.cloudapp.net process 0
  in thorn Carpet, file /home/runner/work/tests/tests/master/configs/sim/build/Carpet/Comm.cc:103:
  ->[0m Synchronising group "GRHYDRO::BCONS" in local mode
        2     0.001 |   95.0414357 |   96.9999979 |    1.0010839 |   30.0521664 |        67
[1mWARNING level 2 from host runnervmmklqx.5h22ydpj3h3ejlrfk43sdsvwae.cx.internal.cloudapp.net process 0
  in thorn Carpet, file /home/runner/work/tests/tests/master/configs/sim/build/Carpet/Comm.cc:103:
  ->[0m Synchronising group "GRHYDRO::TAU" in local mode
[1mWARNING level 2 from host runnervmmklqx.5h22ydpj3h3ejlrfk43sdsvwae.cx.internal.cloudapp.net process 0
  in thorn Carpet, file /home/runner/work/tests/tests/master/configs/sim/build/Carpet/Comm.cc:103:
  ->[0m Synchronising group "GRHYDRO::DENS" in local mode
[1mWARNING level 2 from host runnervmmklqx.5h22ydpj3h3ejlrfk43sdsvwae.cx.internal.cloudapp.net process 0
  in thorn Carpet, file /home/runner/work/tests/tests/master/configs/sim/build/Carpet/Comm.cc:103:
  ->[0m Synchronising group "GRHYDRO::SCON" in local mode
[1mWARNING level 2 from host runnervmmklqx.5h22ydpj3h3ejlrfk43sdsvwae.cx.internal.cloudapp.net process 0
  in thorn Carpet, file /home/runner/work/tests/tests/master/configs/sim/build/Carpet/Comm.cc:103:
  ->[0m Synchronising group "GRHYDRO::BCONS" in local mode
[1mWARNING level 2 from host runnervmmklqx.5h22ydpj3h3ejlrfk43sdsvwae.cx.internal.cloudapp.net process 0
  in thorn Carpet, file /home/runner/work/tests/tests/master/configs/sim/build/Carpet/Comm.cc:103:
  ->[0m Synchronising group "GRHYDRO::TAU" in local mode
[1mWARNING level 2 from host runnervmmklqx.5h22ydpj3h3ejlrfk43sdsvwae.cx.internal.cloudapp.net process 0
  in thorn Carpet, file /home/runner/work/tests/tests/master/configs/sim/build/Carpet/Comm.cc:103:
  ->[0m Synchronising group "GRHYDRO::DENS" in local mode
[1mWARNING level 2 from host runnervmmklqx.5h22ydpj3h3ejlrfk43sdsvwae.cx.internal.cloudapp.net process 0
  in thorn Carpet, file /home/runner/work/tests/tests/master/configs/sim/build/Carpet/Comm.cc:103:
  ->[0m Synchronising group "GRHYDRO::SCON" in local mode
[1mWARNING level 2 from host runnervmmklqx.5h22ydpj3h3ejlrfk43sdsvwae.cx.internal.cloudapp.net process 0
  in thorn Carpet, file /home/runner/work/tests/tests/master/configs/sim/build/Carpet/Comm.cc:103:
  ->[0m Synchronising group "GRHYDRO::BCONS" in local mode
[1mWARNING level 2 from host runnervmmklqx.5h22ydpj3h3ejlrfk43sdsvwae.cx.internal.cloudapp.net process 0
  in thorn Carpet, file /home/runner/work/tests/tests/master/configs/sim/build/Carpet/Comm.cc:103:
  ->[0m Synchronising group "GRHYDRO::TAU" in local mode
[1mWARNING level 2 from host runnervmmklqx.5h22ydpj3h3ejlrfk43sdsvwae.cx.internal.cloudapp.net process 0
  in thorn Carpet, file /home/runner/work/tests/tests/master/configs/sim/build/Carpet/Comm.cc:103:
  ->[0m Synchronising group "GRHYDRO::DENS" in local mode
[1mWARNING level 2 from host runnervmmklqx.5h22ydpj3h3ejlrfk43sdsvwae.cx.internal.cloudapp.net process 0
  in thorn Carpet, file /home/runner/work/tests/tests/master/configs/sim/build/Carpet/Comm.cc:103:
  ->[0m Synchronising group "GRHYDRO::SCON" in local mode
[1mWARNING level 2 from host runnervmmklqx.5h22ydpj3h3ejlrfk43sdsvwae.cx.internal.cloudapp.net process 0
  in thorn Carpet, file /home/runner/work/tests/tests/master/configs/sim/build/Carpet/Comm.cc:103:
  ->[0m Synchronising group "GRHYDRO::BCONS" in local mode
[1mWARNING level 2 from host runnervmmklqx.5h22ydpj3h3ejlrfk43sdsvwae.cx.internal.cloudapp.net process 0
  in thorn Carpet, file /home/runner/work/tests/tests/master/configs/sim/build/Carpet/Comm.cc:103:
  ->[0m Synchronising group "GRHYDRO::TAU" in local mode
[1mWARNING level 2 from host runnervmmklqx.5h22ydpj3h3ejlrfk43sdsvwae.cx.internal.cloudapp.net process 0
  in thorn Carpet, file /home/runner/work/tests/tests/master/configs/sim/build/Carpet/Comm.cc:103:
  ->[0m Synchronising group "GRHYDRO::DENS" in local mode
[1mWARNING level 2 from host runnervmmklqx.5h22ydpj3h3ejlrfk43sdsvwae.cx.internal.cloudapp.net process 0
  in thorn Carpet, file /home/runner/work/tests/tests/master/configs/sim/build/Carpet/Comm.cc:103:
  ->[0m Synchronising group "GRHYDRO::SCON" in local mode
[1mWARNING level 2 from host runnervmmklqx.5h22ydpj3h3ejlrfk43sdsvwae.cx.internal.cloudapp.net process 0
  in thorn Carpet, file /home/runner/work/tests/tests/master/configs/sim/build/Carpet/Comm.cc:103:
  ->[0m Synchronising group "GRHYDRO::BCONS" in local mode
[1mWARNING level 2 from host runnervmmklqx.5h22ydpj3h3ejlrfk43sdsvwae.cx.internal.cloudapp.net process 0
  in thorn Carpet, file /home/runner/work/tests/tests/master/configs/sim/build/Carpet/Comm.cc:103:
  ->[0m Synchronising group "GRHYDRO::TAU" in local mode
[1mWARNING level 2 from host runnervmmklqx.5h22ydpj3h3ejlrfk43sdsvwae.cx.internal.cloudapp.net process 0
  in thorn Carpet, file /home/runner/work/tests/tests/master/configs/sim/build/Carpet/Comm.cc:103:
  ->[0m Synchronising group "GRHYDRO::DENS" in local mode
[1mWARNING level 2 from host runnervmmklqx.5h22ydpj3h3ejlrfk43sdsvwae.cx.internal.cloudapp.net process 0
  in thorn Carpet, file /home/runner/work/tests/tests/master/configs/sim/build/Carpet/Comm.cc:103:
  ->[0m Synchronising group "GRHYDRO::SCON" in local mode
[1mWARNING level 2 from host runnervmmklqx.5h22ydpj3h3ejlrfk43sdsvwae.cx.internal.cloudapp.net process 0
  in thorn Carpet, file /home/runner/work/tests/tests/master/configs/sim/build/Carpet/Comm.cc:103:
  ->[0m Synchronising group "GRHYDRO::BCONS" in local mode
[1mWARNING level 2 from host runnervmmklqx.5h22ydpj3h3ejlrfk43sdsvwae.cx.internal.cloudapp.net process 0
  in thorn Carpet, file /home/runner/work/tests/tests/master/configs/sim/build/Carpet/Comm.cc:103:
  ->[0m Synchronising group "GRHYDRO::TAU" in local mode
[1mWARNING level 2 from host runnervmmklqx.5h22ydpj3h3ejlrfk43sdsvwae.cx.internal.cloudapp.net process 0
  in thorn Carpet, file /home/runner/work/tests/tests/master/configs/sim/build/Carpet/Comm.cc:103:
  ->[0m Synchronising group "GRHYDRO::DENS" in local mode
[1mWARNING level 2 from host runnervmmklqx.5h22ydpj3h3ejlrfk43sdsvwae.cx.internal.cloudapp.net process 0
  in thorn Carpet, file /home/runner/work/tests/tests/master/configs/sim/build/Carpet/Comm.cc:103:
  ->[0m Synchronising group "GRHYDRO::SCON" in local mode
[1mWARNING level 2 from host runnervmmklqx.5h22ydpj3h3ejlrfk43sdsvwae.cx.internal.cloudapp.net process 0
  in thorn Carpet, file /home/runner/work/tests/tests/master/configs/sim/build/Carpet/Comm.cc:103:
  ->[0m Synchronising group "GRHYDRO::BCONS" in local mode
[1mWARNING level 2 from host runnervmmklqx.5h22ydpj3h3ejlrfk43sdsvwae.cx.internal.cloudapp.net process 0
  in thorn Carpet, file /home/runner/work/tests/tests/master/configs/sim/build/Carpet/Comm.cc:103:
  ->[0m Synchronising group "GRHYDRO::TAU" in local mode
[1mWARNING level 2 from host runnervmmklqx.5h22ydpj3h3ejlrfk43sdsvwae.cx.internal.cloudapp.net process 0
  in thorn Carpet, file /home/runner/work/tests/tests/master/configs/sim/build/Carpet/Comm.cc:103:
  ->[0m Synchronising group "GRHYDRO::DENS" in local mode
[1mWARNING level 2 from host runnervmmklqx.5h22ydpj3h3ejlrfk43sdsvwae.cx.internal.cloudapp.net process 0
  in thorn Carpet, file /home/runner/work/tests/tests/master/configs/sim/build/Carpet/Comm.cc:103:
  ->[0m Synchronising group "GRHYDRO::SCON" in local mode
[1mWARNING level 2 from host runnervmmklqx.5h22ydpj3h3ejlrfk43sdsvwae.cx.internal.cloudapp.net process 0
  in thorn Carpet, file /home/runner/work/tests/tests/master/configs/sim/build/Carpet/Comm.cc:103:
  ->[0m Synchronising group "GRHYDRO::BCONS" in local mode
[1mWARNING level 2 from host runnervmmklqx.5h22ydpj3h3ejlrfk43sdsvwae.cx.internal.cloudapp.net process 0
  in thorn Carpet, file /home/runner/work/tests/tests/master/configs/sim/build/Carpet/Comm.cc:103:
  ->[0m Synchronising group "GRHYDRO::TAU" in local mode
[1mWARNING level 2 from host runnervmmklqx.5h22ydpj3h3ejlrfk43sdsvwae.cx.internal.cloudapp.net process 0
  in thorn Carpet, file /home/runner/work/tests/tests/master/configs/sim/build/Carpet/Comm.cc:103:
  ->[0m Synchronising group "GRHYDRO::DENS" in local mode
[1mWARNING level 2 from host runnervmmklqx.5h22ydpj3h3ejlrfk43sdsvwae.cx.internal.cloudapp.net process 0
  in thorn Carpet, file /home/runner/work/tests/tests/master/configs/sim/build/Carpet/Comm.cc:103:
  ->[0m Synchronising group "GRHYDRO::SCON" in local mode
[1mWARNING level 2 from host runnervmmklqx.5h22ydpj3h3ejlrfk43sdsvwae.cx.internal.cloudapp.net process 0
  in thorn Carpet, file /home/runner/work/tests/tests/master/configs/sim/build/Carpet/Comm.cc:103:
  ->[0m Synchronising group "GRHYDRO::BCONS" in local mode
[1mWARNING level 2 from host runnervmmklqx.5h22ydpj3h3ejlrfk43sdsvwae.cx.internal.cloudapp.net process 0
  in thorn Carpet, file /home/runner/work/tests/tests/master/configs/sim/build/Carpet/Comm.cc:103:
  ->[0m Synchronising group "GRHYDRO::TAU" in local mode
[1mWARNING level 2 from host runnervmmklqx.5h22ydpj3h3ejlrfk43sdsvwae.cx.internal.cloudapp.net process 0
  in thorn Carpet, file /home/runner/work/tests/tests/master/configs/sim/build/Carpet/Comm.cc:103:
  ->[0m Synchronising group "GRHYDRO::DENS" in local mode
[1mWARNING level 2 from host runnervmmklqx.5h22ydpj3h3ejlrfk43sdsvwae.cx.internal.cloudapp.net process 0
  in thorn Carpet, file /home/runner/work/tests/tests/master/configs/sim/build/Carpet/Comm.cc:103:
  ->[0m Synchronising group "GRHYDRO::SCON" in local mode
[1mWARNING level 2 from host runnervmmklqx.5h22ydpj3h3ejlrfk43sdsvwae.cx.internal.cloudapp.net process 0
  in thorn Carpet, file /home/runner/work/tests/tests/master/configs/sim/build/Carpet/Comm.cc:103:
  ->[0m Synchronising group "GRHYDRO::BCONS" in local mode
[1mWARNING level 2 from host runnervmmklqx.5h22ydpj3h3ejlrfk43sdsvwae.cx.internal.cloudapp.net process 0
  in thorn Carpet, file /home/runner/work/tests/tests/master/configs/sim/build/Carpet/Comm.cc:103:
  ->[0m Synchronising group "GRHYDRO::TAU" in local mode
[1mWARNING level 2 from host runnervmmklqx.5h22ydpj3h3ejlrfk43sdsvwae.cx.internal.cloudapp.net process 0
  in thorn Carpet, file /home/runner/work/tests/tests/master/configs/sim/build/Carpet/Comm.cc:103:
  ->[0m Synchronising group "GRHYDRO::DENS" in local mode
[1mWARNING level 2 from host runnervmmklqx.5h22ydpj3h3ejlrfk43sdsvwae.cx.internal.cloudapp.net process 0
  in thorn Carpet, file /home/runner/work/tests/tests/master/configs/sim/build/Carpet/Comm.cc:103:
  ->[0m Synchronising group "GRHYDRO::SCON" in local mode
[1mWARNING level 2 from host runnervmmklqx.5h22ydpj3h3ejlrfk43sdsvwae.cx.internal.cloudapp.net process 0
  in thorn Carpet, file /home/runner/work/tests/tests/master/configs/sim/build/Carpet/Comm.cc:103:
  ->[0m Synchronising group "GRHYDRO::BCONS" in local mode
[1mWARNING level 2 from host runnervmmklqx.5h22ydpj3h3ejlrfk43sdsvwae.cx.internal.cloudapp.net process 0
  in thorn Carpet, file /home/runner/work/tests/tests/master/configs/sim/build/Carpet/Comm.cc:103:
  ->[0m Synchronising group "GRHYDRO::TAU" in local mode
[1mWARNING level 2 from host runnervmmklqx.5h22ydpj3h3ejlrfk43sdsvwae.cx.internal.cloudapp.net process 0
  in thorn Carpet, file /home/runner/work/tests/tests/master/configs/sim/build/Carpet/Comm.cc:103:
  ->[0m Synchronising group "GRHYDRO::DENS" in local mode
[1mWARNING level 2 from host runnervmmklqx.5h22ydpj3h3ejlrfk43sdsvwae.cx.internal.cloudapp.net process 0
  in thorn Carpet, file /home/runner/work/tests/tests/master/configs/sim/build/Carpet/Comm.cc:103:
  ->[0m Synchronising group "GRHYDRO::SCON" in local mode
[1mWARNING level 2 from host runnervmmklqx.5h22ydpj3h3ejlrfk43sdsvwae.cx.internal.cloudapp.net process 0
  in thorn Carpet, file /home/runner/work/tests/tests/master/configs/sim/build/Carpet/Comm.cc:103:
  ->[0m Synchronising group "GRHYDRO::BCONS" in local mode
[1mWARNING level 2 from host runnervmmklqx.5h22ydpj3h3ejlrfk43sdsvwae.cx.internal.cloudapp.net process 0
  in thorn Carpet, file /home/runner/work/tests/tests/master/configs/sim/build/Carpet/Comm.cc:103:
  ->[0m Synchronising group "GRHYDRO::TAU" in local mode
[1mWARNING level 2 from host runnervmmklqx.5h22ydpj3h3ejlrfk43sdsvwae.cx.internal.cloudapp.net process 0
  in thorn Carpet, file /home/runner/work/tests/tests/master/configs/sim/build/Carpet/Comm.cc:103:
  ->[0m Synchronising group "GRHYDRO::DENS" in local mode
[1mWARNING level 2 from host runnervmmklqx.5h22ydpj3h3ejlrfk43sdsvwae.cx.internal.cloudapp.net process 0
  in thorn Carpet, file /home/runner/work/tests/tests/master/configs/sim/build/Carpet/Comm.cc:103:
  ->[0m Synchronising group "GRHYDRO::SCON" in local mode
[1mWARNING level 2 from host runnervmmklqx.5h22ydpj3h3ejlrfk43sdsvwae.cx.internal.cloudapp.net process 0
  in thorn Carpet, file /home/runner/work/tests/tests/master/configs/sim/build/Carpet/Comm.cc:103:
  ->[0m Synchronising group "GRHYDRO::BCONS" in local mode
[1mWARNING level 2 from host runnervmmklqx.5h22ydpj3h3ejlrfk43sdsvwae.cx.internal.cloudapp.net process 0
  in thorn Carpet, file /home/runner/work/tests/tests/master/configs/sim/build/Carpet/Comm.cc:103:
  ->[0m Synchronising group "GRHYDRO::TAU" in local mode
[1mWARNING level 2 from host runnervmmklqx.5h22ydpj3h3ejlrfk43sdsvwae.cx.internal.cloudapp.net process 0
  in thorn Carpet, file /home/runner/work/tests/tests/master/configs/sim/build/Carpet/Comm.cc:103:
  ->[0m Synchronising group "GRHYDRO::DENS" in local mode
[1mWARNING level 2 from host runnervmmklqx.5h22ydpj3h3ejlrfk43sdsvwae.cx.internal.cloudapp.net process 0
  in thorn Carpet, file /home/runner/work/tests/tests/master/configs/sim/build/Carpet/Comm.cc:103:
  ->[0m Synchronising group "GRHYDRO::SCON" in local mode
[1mWARNING level 2 from host runnervmmklqx.5h22ydpj3h3ejlrfk43sdsvwae.cx.internal.cloudapp.net process 0
  in thorn Carpet, file /home/runner/work/tests/tests/master/configs/sim/build/Carpet/Comm.cc:103:
  ->[0m Synchronising group "GRHYDRO::BCONS" in local mode
[1mWARNING level 2 from host runnervmmklqx.5h22ydpj3h3ejlrfk43sdsvwae.cx.internal.cloudapp.net process 0
  in thorn Carpet, file /home/runner/work/tests/tests/master/configs/sim/build/Carpet/Comm.cc:103:
  ->[0m Synchronising group "GRHYDRO::TAU" in local mode
[1mWARNING level 2 from host runnervmmklqx.5h22ydpj3h3ejlrfk43sdsvwae.cx.internal.cloudapp.net process 0
  in thorn Carpet, file /home/runner/work/tests/tests/master/configs/sim/build/Carpet/Comm.cc:103:
  ->[0m Synchronising group "GRHYDRO::DENS" in local mode
[1mWARNING level 2 from host runnervmmklqx.5h22ydpj3h3ejlrfk43sdsvwae.cx.internal.cloudapp.net process 0
  in thorn Carpet, file /home/runner/work/tests/tests/master/configs/sim/build/Carpet/Comm.cc:103:
  ->[0m Synchronising group "GRHYDRO::SCON" in local mode
[1mWARNING level 2 from host runnervmmklqx.5h22ydpj3h3ejlrfk43sdsvwae.cx.internal.cloudapp.net process 0
  in thorn Carpet, file /home/runner/work/tests/tests/master/configs/sim/build/Carpet/Comm.cc:103:
  ->[0m Synchronising group "GRHYDRO::BCONS" in local mode
        3     0.001 |   97.6342386 |   96.9999979 |    1.0021885 |   30.0789123 |        67
[1mWARNING level 2 from host runnervmmklqx.5h22ydpj3h3ejlrfk43sdsvwae.cx.internal.cloudapp.net process 0
  in thorn Carpet, file /home/runner/work/tests/tests/master/configs/sim/build/Carpet/Comm.cc:103:
  ->[0m Synchronising group "GRHYDRO::TAU" in local mode
[1mWARNING level 2 from host runnervmmklqx.5h22ydpj3h3ejlrfk43sdsvwae.cx.internal.cloudapp.net process 0
  in thorn Carpet, file /home/runner/work/tests/tests/master/configs/sim/build/Carpet/Comm.cc:103:
  ->[0m Synchronising group "GRHYDRO::DENS" in local mode
[1mWARNING level 2 from host runnervmmklqx.5h22ydpj3h3ejlrfk43sdsvwae.cx.internal.cloudapp.net process 0
  in thorn Carpet, file /home/runner/work/tests/tests/master/configs/sim/build/Carpet/Comm.cc:103:
  ->[0m Synchronising group "GRHYDRO::SCON" in local mode
[1mWARNING level 2 from host runnervmmklqx.5h22ydpj3h3ejlrfk43sdsvwae.cx.internal.cloudapp.net process 0
  in thorn Carpet, file /home/runner/work/tests/tests/master/configs/sim/build/Carpet/Comm.cc:103:
  ->[0m Synchronising group "GRHYDRO::BCONS" in local mode
[1mWARNING level 2 from host runnervmmklqx.5h22ydpj3h3ejlrfk43sdsvwae.cx.internal.cloudapp.net process 0
  in thorn Carpet, file /home/runner/work/tests/tests/master/configs/sim/build/Carpet/Comm.cc:103:
  ->[0m Synchronising group "GRHYDRO::TAU" in local mode
[1mWARNING level 2 from host runnervmmklqx.5h22ydpj3h3ejlrfk43sdsvwae.cx.internal.cloudapp.net process 0
  in thorn Carpet, file /home/runner/work/tests/tests/master/configs/sim/build/Carpet/Comm.cc:103:
  ->[0m Synchronising group "GRHYDRO::DENS" in local mode
[1mWARNING level 2 from host runnervmmklqx.5h22ydpj3h3ejlrfk43sdsvwae.cx.internal.cloudapp.net process 0
  in thorn Carpet, file /home/runner/work/tests/tests/master/configs/sim/build/Carpet/Comm.cc:103:
  ->[0m Synchronising group "GRHYDRO::SCON" in local mode
[1mWARNING level 2 from host runnervmmklqx.5h22ydpj3h3ejlrfk43sdsvwae.cx.internal.cloudapp.net process 0
  in thorn Carpet, file /home/runner/work/tests/tests/master/configs/sim/build/Carpet/Comm.cc:103:
  ->[0m Synchronising group "GRHYDRO::BCONS" in local mode
[1mWARNING level 2 from host runnervmmklqx.5h22ydpj3h3ejlrfk43sdsvwae.cx.internal.cloudapp.net process 0
  in thorn Carpet, file /home/runner/work/tests/tests/master/configs/sim/build/Carpet/Comm.cc:103:
  ->[0m Synchronising group "GRHYDRO::TAU" in local mode
[1mWARNING level 2 from host runnervmmklqx.5h22ydpj3h3ejlrfk43sdsvwae.cx.internal.cloudapp.net process 0
  in thorn Carpet, file /home/runner/work/tests/tests/master/configs/sim/build/Carpet/Comm.cc:103:
  ->[0m Synchronising group "GRHYDRO::DENS" in local mode
[1mWARNING level 2 from host runnervmmklqx.5h22ydpj3h3ejlrfk43sdsvwae.cx.internal.cloudapp.net process 0
  in thorn Carpet, file /home/runner/work/tests/tests/master/configs/sim/build/Carpet/Comm.cc:103:
  ->[0m Synchronising group "GRHYDRO::SCON" in local mode
[1mWARNING level 2 from host runnervmmklqx.5h22ydpj3h3ejlrfk43sdsvwae.cx.internal.cloudapp.net process 0
  in thorn Carpet, file /home/runner/work/tests/tests/master/configs/sim/build/Carpet/Comm.cc:103:
  ->[0m Synchronising group "GRHYDRO::BCONS" in local mode
[1mWARNING level 2 from host runnervmmklqx.5h22ydpj3h3ejlrfk43sdsvwae.cx.internal.cloudapp.net process 0
  in thorn Carpet, file /home/runner/work/tests/tests/master/configs/sim/build/Carpet/Comm.cc:103:
  ->[0m Synchronising group "GRHYDRO::TAU" in local mode
[1mWARNING level 2 from host runnervmmklqx.5h22ydpj3h3ejlrfk43sdsvwae.cx.internal.cloudapp.net process 0
  in thorn Carpet, file /home/runner/work/tests/tests/master/configs/sim/build/Carpet/Comm.cc:103:
  ->[0m Synchronising group "GRHYDRO::DENS" in local mode
[1mWARNING level 2 from host runnervmmklqx.5h22ydpj3h3ejlrfk43sdsvwae.cx.internal.cloudapp.net process 0
  in thorn Carpet, file /home/runner/work/tests/tests/master/configs/sim/build/Carpet/Comm.cc:103:
  ->[0m Synchronising group "GRHYDRO::SCON" in local mode
[1mWARNING level 2 from host runnervmmklqx.5h22ydpj3h3ejlrfk43sdsvwae.cx.internal.cloudapp.net process 0
  in thorn Carpet, file /home/runner/work/tests/tests/master/configs/sim/build/Carpet/Comm.cc:103:
  ->[0m Synchronising group "GRHYDRO::BCONS" in local mode
[1mWARNING level 2 from host runnervmmklqx.5h22ydpj3h3ejlrfk43sdsvwae.cx.internal.cloudapp.net process 0
  in thorn Carpet, file /home/runner/work/tests/tests/master/configs/sim/build/Carpet/Comm.cc:103:
  ->[0m Synchronising group "GRHYDRO::TAU" in local mode
[1mWARNING level 2 from host runnervmmklqx.5h22ydpj3h3ejlrfk43sdsvwae.cx.internal.cloudapp.net process 0
  in thorn Carpet, file /home/runner/work/tests/tests/master/configs/sim/build/Carpet/Comm.cc:103:
  ->[0m Synchronising group "GRHYDRO::DENS" in local mode
[1mWARNING level 2 from host runnervmmklqx.5h22ydpj3h3ejlrfk43sdsvwae.cx.internal.cloudapp.net process 0
  in thorn Carpet, file /home/runner/work/tests/tests/master/configs/sim/build/Carpet/Comm.cc:103:
  ->[0m Synchronising group "GRHYDRO::SCON" in local mode
[1mWARNING level 2 from host runnervmmklqx.5h22ydpj3h3ejlrfk43sdsvwae.cx.internal.cloudapp.net process 0
  in thorn Carpet, file /home/runner/work/tests/tests/master/configs/sim/build/Carpet/Comm.cc:103:
  ->[0m Synchronising group "GRHYDRO::BCONS" in local mode
[1mWARNING level 2 from host runnervmmklqx.5h22ydpj3h3ejlrfk43sdsvwae.cx.internal.cloudapp.net process 0
  in thorn Carpet, file /home/runner/work/tests/tests/master/configs/sim/build/Carpet/Comm.cc:103:
  ->[0m Synchronising group "GRHYDRO::TAU" in local mode
[1mWARNING level 2 from host runnervmmklqx.5h22ydpj3h3ejlrfk43sdsvwae.cx.internal.cloudapp.net process 0
  in thorn Carpet, file /home/runner/work/tests/tests/master/configs/sim/build/Carpet/Comm.cc:103:
  ->[0m Synchronising group "GRHYDRO::DENS" in local mode
[1mWARNING level 2 from host runnervmmklqx.5h22ydpj3h3ejlrfk43sdsvwae.cx.internal.cloudapp.net process 0
  in thorn Carpet, file /home/runner/work/tests/tests/master/configs/sim/build/Carpet/Comm.cc:103:
  ->[0m Synchronising group "GRHYDRO::SCON" in local mode
[1mWARNING level 2 from host runnervmmklqx.5h22ydpj3h3ejlrfk43sdsvwae.cx.internal.cloudapp.net process 0
  in thorn Carpet, file /home/runner/work/tests/tests/master/configs/sim/build/Carpet/Comm.cc:103:
  ->[0m Synchronising group "GRHYDRO::BCONS" in local mode
[1mWARNING level 2 from host runnervmmklqx.5h22ydpj3h3ejlrfk43sdsvwae.cx.internal.cloudapp.net process 0
  in thorn Carpet, file /home/runner/work/tests/tests/master/configs/sim/build/Carpet/Comm.cc:103:
  ->[0m Synchronising group "GRHYDRO::TAU" in local mode
[1mWARNING level 2 from host runnervmmklqx.5h22ydpj3h3ejlrfk43sdsvwae.cx.internal.cloudapp.net process 0
  in thorn Carpet, file /home/runner/work/tests/tests/master/configs/sim/build/Carpet/Comm.cc:103:
  ->[0m Synchronising group "GRHYDRO::DENS" in local mode
[1mWARNING level 2 from host runnervmmklqx.5h22ydpj3h3ejlrfk43sdsvwae.cx.internal.cloudapp.net process 0
  in thorn Carpet, file /home/runner/work/tests/tests/master/configs/sim/build/Carpet/Comm.cc:103:
  ->[0m Synchronising group "GRHYDRO::SCON" in local mode
[1mWARNING level 2 from host runnervmmklqx.5h22ydpj3h3ejlrfk43sdsvwae.cx.internal.cloudapp.net process 0
  in thorn Carpet, file /home/runner/work/tests/tests/master/configs/sim/build/Carpet/Comm.cc:103:
  ->[0m Synchronising group "GRHYDRO::BCONS" in local mode
[1mWARNING level 2 from host runnervmmklqx.5h22ydpj3h3ejlrfk43sdsvwae.cx.internal.cloudapp.net process 0
  in thorn Carpet, file /home/runner/work/tests/tests/master/configs/sim/build/Carpet/Comm.cc:103:
  ->[0m Synchronising group "GRHYDRO::TAU" in local mode
[1mWARNING level 2 from host runnervmmklqx.5h22ydpj3h3ejlrfk43sdsvwae.cx.internal.cloudapp.net process 0
  in thorn Carpet, file /home/runner/work/tests/tests/master/configs/sim/build/Carpet/Comm.cc:103:
  ->[0m Synchronising group "GRHYDRO::DENS" in local mode
[1mWARNING level 2 from host runnervmmklqx.5h22ydpj3h3ejlrfk43sdsvwae.cx.internal.cloudapp.net process 0
  in thorn Carpet, file /home/runner/work/tests/tests/master/configs/sim/build/Carpet/Comm.cc:103:
  ->[0m Synchronising group "GRHYDRO::SCON" in local mode
[1mWARNING level 2 from host runnervmmklqx.5h22ydpj3h3ejlrfk43sdsvwae.cx.internal.cloudapp.net process 0
  in thorn Carpet, file /home/runner/work/tests/tests/master/configs/sim/build/Carpet/Comm.cc:103:
  ->[0m Synchronising group "GRHYDRO::BCONS" in local mode
[1mWARNING level 2 from host runnervmmklqx.5h22ydpj3h3ejlrfk43sdsvwae.cx.internal.cloudapp.net process 0
  in thorn Carpet, file /home/runner/work/tests/tests/master/configs/sim/build/Carpet/Comm.cc:103:
  ->[0m Synchronising group "GRHYDRO::TAU" in local mode
[1mWARNING level 2 from host runnervmmklqx.5h22ydpj3h3ejlrfk43sdsvwae.cx.internal.cloudapp.net process 0
  in thorn Carpet, file /home/runner/work/tests/tests/master/configs/sim/build/Carpet/Comm.cc:103:
  ->[0m Synchronising group "GRHYDRO::DENS" in local mode
[1mWARNING level 2 from host runnervmmklqx.5h22ydpj3h3ejlrfk43sdsvwae.cx.internal.cloudapp.net process 0
  in thorn Carpet, file /home/runner/work/tests/tests/master/configs/sim/build/Carpet/Comm.cc:103:
  ->[0m Synchronising group "GRHYDRO::SCON" in local mode
[1mWARNING level 2 from host runnervmmklqx.5h22ydpj3h3ejlrfk43sdsvwae.cx.internal.cloudapp.net process 0
  in thorn Carpet, file /home/runner/work/tests/tests/master/configs/sim/build/Carpet/Comm.cc:103:
  ->[0m Synchronising group "GRHYDRO::BCONS" in local mode
[1mWARNING level 2 from host runnervmmklqx.5h22ydpj3h3ejlrfk43sdsvwae.cx.internal.cloudapp.net process 0
  in thorn Carpet, file /home/runner/work/tests/tests/master/configs/sim/build/Carpet/Comm.cc:103:
  ->[0m Synchronising group "GRHYDRO::TAU" in local mode
[1mWARNING level 2 from host runnervmmklqx.5h22ydpj3h3ejlrfk43sdsvwae.cx.internal.cloudapp.net process 0
  in thorn Carpet, file /home/runner/work/tests/tests/master/configs/sim/build/Carpet/Comm.cc:103:
  ->[0m Synchronising group "GRHYDRO::DENS" in local mode
[1mWARNING level 2 from host runnervmmklqx.5h22ydpj3h3ejlrfk43sdsvwae.cx.internal.cloudapp.net process 0
  in thorn Carpet, file /home/runner/work/tests/tests/master/configs/sim/build/Carpet/Comm.cc:103:
  ->[0m Synchronising group "GRHYDRO::SCON" in local mode
[1mWARNING level 2 from host runnervmmklqx.5h22ydpj3h3ejlrfk43sdsvwae.cx.internal.cloudapp.net process 0
  in thorn Carpet, file /home/runner/work/tests/tests/master/configs/sim/build/Carpet/Comm.cc:103:
  ->[0m Synchronising group "GRHYDRO::BCONS" in local mode
[1mWARNING level 2 from host runnervmmklqx.5h22ydpj3h3ejlrfk43sdsvwae.cx.internal.cloudapp.net process 0
  in thorn Carpet, file /home/runner/work/tests/tests/master/configs/sim/build/Carpet/Comm.cc:103:
  ->[0m Synchronising group "GRHYDRO::TAU" in local mode
[1mWARNING level 2 from host runnervmmklqx.5h22ydpj3h3ejlrfk43sdsvwae.cx.internal.cloudapp.net process 0
  in thorn Carpet, file /home/runner/work/tests/tests/master/configs/sim/build/Carpet/Comm.cc:103:
  ->[0m Synchronising group "GRHYDRO::DENS" in local mode
[1mWARNING level 2 from host runnervmmklqx.5h22ydpj3h3ejlrfk43sdsvwae.cx.internal.cloudapp.net process 0
  in thorn Carpet, file /home/runner/work/tests/tests/master/configs/sim/build/Carpet/Comm.cc:103:
  ->[0m Synchronising group "GRHYDRO::SCON" in local mode
[1mWARNING level 2 from host runnervmmklqx.5h22ydpj3h3ejlrfk43sdsvwae.cx.internal.cloudapp.net process 0
  in thorn Carpet, file /home/runner/work/tests/tests/master/configs/sim/build/Carpet/Comm.cc:103:
  ->[0m Synchronising group "GRHYDRO::BCONS" in local mode
[1mWARNING level 2 from host runnervmmklqx.5h22ydpj3h3ejlrfk43sdsvwae.cx.internal.cloudapp.net process 0
  in thorn Carpet, file /home/runner/work/tests/tests/master/configs/sim/build/Carpet/Comm.cc:103:
  ->[0m Synchronising group "GRHYDRO::TAU" in local mode
[1mWARNING level 2 from host runnervmmklqx.5h22ydpj3h3ejlrfk43sdsvwae.cx.internal.cloudapp.net process 0
  in thorn Carpet, file /home/runner/work/tests/tests/master/configs/sim/build/Carpet/Comm.cc:103:
  ->[0m Synchronising group "GRHYDRO::DENS" in local mode
[1mWARNING level 2 from host runnervmmklqx.5h22ydpj3h3ejlrfk43sdsvwae.cx.internal.cloudapp.net process 0
  in thorn Carpet, file /home/runner/work/tests/tests/master/configs/sim/build/Carpet/Comm.cc:103:
  ->[0m Synchronising group "GRHYDRO::SCON" in local mode
[1mWARNING level 2 from host runnervmmklqx.5h22ydpj3h3ejlrfk43sdsvwae.cx.internal.cloudapp.net process 0
  in thorn Carpet, file /home/runner/work/tests/tests/master/configs/sim/build/Carpet/Comm.cc:103:
  ->[0m Synchronising group "GRHYDRO::BCONS" in local mode
[1mWARNING level 2 from host runnervmmklqx.5h22ydpj3h3ejlrfk43sdsvwae.cx.internal.cloudapp.net process 0
  in thorn Carpet, file /home/runner/work/tests/tests/master/configs/sim/build/Carpet/Comm.cc:103:
  ->[0m Synchronising group "GRHYDRO::TAU" in local mode
[1mWARNING level 2 from host runnervmmklqx.5h22ydpj3h3ejlrfk43sdsvwae.cx.internal.cloudapp.net process 0
  in thorn Carpet, file /home/runner/work/tests/tests/master/configs/sim/build/Carpet/Comm.cc:103:
  ->[0m Synchronising group "GRHYDRO::DENS" in local mode
[1mWARNING level 2 from host runnervmmklqx.5h22ydpj3h3ejlrfk43sdsvwae.cx.internal.cloudapp.net process 0
  in thorn Carpet, file /home/runner/work/tests/tests/master/configs/sim/build/Carpet/Comm.cc:103:
  ->[0m Synchronising group "GRHYDRO::SCON" in local mode
[1mWARNING level 2 from host runnervmmklqx.5h22ydpj3h3ejlrfk43sdsvwae.cx.internal.cloudapp.net process 0
  in thorn Carpet, file /home/runner/work/tests/tests/master/configs/sim/build/Carpet/Comm.cc:103:
  ->[0m Synchronising group "GRHYDRO::BCONS" in local mode
[1mWARNING level 2 from host runnervmmklqx.5h22ydpj3h3ejlrfk43sdsvwae.cx.internal.cloudapp.net process 0
  in thorn Carpet, file /home/runner/work/tests/tests/master/configs/sim/build/Carpet/Comm.cc:103:
  ->[0m Synchronising group "GRHYDRO::TAU" in local mode
[1mWARNING level 2 from host runnervmmklqx.5h22ydpj3h3ejlrfk43sdsvwae.cx.internal.cloudapp.net process 0
  in thorn Carpet, file /home/runner/work/tests/tests/master/configs/sim/build/Carpet/Comm.cc:103:
  ->[0m Synchronising group "GRHYDRO::DENS" in local mode
[1mWARNING level 2 from host runnervmmklqx.5h22ydpj3h3ejlrfk43sdsvwae.cx.internal.cloudapp.net process 0
  in thorn Carpet, file /home/runner/work/tests/tests/master/configs/sim/build/Carpet/Comm.cc:103:
  ->[0m Synchronising group "GRHYDRO::SCON" in local mode
[1mWARNING level 2 from host runnervmmklqx.5h22ydpj3h3ejlrfk43sdsvwae.cx.internal.cloudapp.net process 0
  in thorn Carpet, file /home/runner/work/tests/tests/master/configs/sim/build/Carpet/Comm.cc:103:
  ->[0m Synchronising group "GRHYDRO::BCONS" in local mode
        4     0.001 |   99.0000267 |   96.9999979 |    1.0035269 |   30.1061615 |        67
[1mWARNING level 2 from host runnervmmklqx.5h22ydpj3h3ejlrfk43sdsvwae.cx.internal.cloudapp.net process 0
  in thorn Carpet, file /home/runner/work/tests/tests/master/configs/sim/build/Carpet/Comm.cc:103:
  ->[0m Synchronising group "GRHYDRO::TAU" in local mode
[1mWARNING level 2 from host runnervmmklqx.5h22ydpj3h3ejlrfk43sdsvwae.cx.internal.cloudapp.net process 0
  in thorn Carpet, file /home/runner/work/tests/tests/master/configs/sim/build/Carpet/Comm.cc:103:
  ->[0m Synchronising group "GRHYDRO::DENS" in local mode
[1mWARNING level 2 from host runnervmmklqx.5h22ydpj3h3ejlrfk43sdsvwae.cx.internal.cloudapp.net process 0
  in thorn Carpet, file /home/runner/work/tests/tests/master/configs/sim/build/Carpet/Comm.cc:103:
  ->[0m Synchronising group "GRHYDRO::SCON" in local mode
[1mWARNING level 2 from host runnervmmklqx.5h22ydpj3h3ejlrfk43sdsvwae.cx.internal.cloudapp.net process 0
  in thorn Carpet, file /home/runner/work/tests/tests/master/configs/sim/build/Carpet/Comm.cc:103:
  ->[0m Synchronising group "GRHYDRO::BCONS" in local mode
[1mWARNING level 2 from host runnervmmklqx.5h22ydpj3h3ejlrfk43sdsvwae.cx.internal.cloudapp.net process 0
  in thorn Carpet, file /home/runner/work/tests/tests/master/configs/sim/build/Carpet/Comm.cc:103:
  ->[0m Synchronising group "GRHYDRO::TAU" in local mode
[1mWARNING level 2 from host runnervmmklqx.5h22ydpj3h3ejlrfk43sdsvwae.cx.internal.cloudapp.net process 0
  in thorn Carpet, file /home/runner/work/tests/tests/master/configs/sim/build/Carpet/Comm.cc:103:
  ->[0m Synchronising group "GRHYDRO::DENS" in local mode
[1mWARNING level 2 from host runnervmmklqx.5h22ydpj3h3ejlrfk43sdsvwae.cx.internal.cloudapp.net process 0
  in thorn Carpet, file /home/runner/work/tests/tests/master/configs/sim/build/Carpet/Comm.cc:103:
  ->[0m Synchronising group "GRHYDRO::SCON" in local mode
[1mWARNING level 2 from host runnervmmklqx.5h22ydpj3h3ejlrfk43sdsvwae.cx.internal.cloudapp.net process 0
  in thorn Carpet, file /home/runner/work/tests/tests/master/configs/sim/build/Carpet/Comm.cc:103:
  ->[0m Synchronising group "GRHYDRO::BCONS" in local mode
[1mWARNING level 2 from host runnervmmklqx.5h22ydpj3h3ejlrfk43sdsvwae.cx.internal.cloudapp.net process 0
  in thorn Carpet, file /home/runner/work/tests/tests/master/configs/sim/build/Carpet/Comm.cc:103:
  ->[0m Synchronising group "GRHYDRO::TAU" in local mode
[1mWARNING level 2 from host runnervmmklqx.5h22ydpj3h3ejlrfk43sdsvwae.cx.internal.cloudapp.net process 0
  in thorn Carpet, file /home/runner/work/tests/tests/master/configs/sim/build/Carpet/Comm.cc:103:
  ->[0m Synchronising group "GRHYDRO::DENS" in local mode
[1mWARNING level 2 from host runnervmmklqx.5h22ydpj3h3ejlrfk43sdsvwae.cx.internal.cloudapp.net process 0
  in thorn Carpet, file /home/runner/work/tests/tests/master/configs/sim/build/Carpet/Comm.cc:103:
  ->[0m Synchronising group "GRHYDRO::SCON" in local mode
[1mWARNING level 2 from host runnervmmklqx.5h22ydpj3h3ejlrfk43sdsvwae.cx.internal.cloudapp.net process 0
  in thorn Carpet, file /home/runner/work/tests/tests/master/configs/sim/build/Carpet/Comm.cc:103:
  ->[0m Synchronising group "GRHYDRO::BCONS" in local mode
[1mWARNING level 2 from host runnervmmklqx.5h22ydpj3h3ejlrfk43sdsvwae.cx.internal.cloudapp.net process 0
  in thorn Carpet, file /home/runner/work/tests/tests/master/configs/sim/build/Carpet/Comm.cc:103:
  ->[0m Synchronising group "GRHYDRO::TAU" in local mode
[1mWARNING level 2 from host runnervmmklqx.5h22ydpj3h3ejlrfk43sdsvwae.cx.internal.cloudapp.net process 0
  in thorn Carpet, file /home/runner/work/tests/tests/master/configs/sim/build/Carpet/Comm.cc:103:
  ->[0m Synchronising group "GRHYDRO::DENS" in local mode
[1mWARNING level 2 from host runnervmmklqx.5h22ydpj3h3ejlrfk43sdsvwae.cx.internal.cloudapp.net process 0
  in thorn Carpet, file /home/runner/work/tests/tests/master/configs/sim/build/Carpet/Comm.cc:103:
  ->[0m Synchronising group "GRHYDRO::SCON" in local mode
[1mWARNING level 2 from host runnervmmklqx.5h22ydpj3h3ejlrfk43sdsvwae.cx.internal.cloudapp.net process 0
  in thorn Carpet, file /home/runner/work/tests/tests/master/configs/sim/build/Carpet/Comm.cc:103:
  ->[0m Synchronising group "GRHYDRO::BCONS" in local mode
[1mWARNING level 2 from host runnervmmklqx.5h22ydpj3h3ejlrfk43sdsvwae.cx.internal.cloudapp.net process 0
  in thorn Carpet, file /home/runner/work/tests/tests/master/configs/sim/build/Carpet/Comm.cc:103:
  ->[0m Synchronising group "GRHYDRO::TAU" in local mode
[1mWARNING level 2 from host runnervmmklqx.5h22ydpj3h3ejlrfk43sdsvwae.cx.internal.cloudapp.net process 0
  in thorn Carpet, file /home/runner/work/tests/tests/master/configs/sim/build/Carpet/Comm.cc:103:
  ->[0m Synchronising group "GRHYDRO::DENS" in local mode
[1mWARNING level 2 from host runnervmmklqx.5h22ydpj3h3ejlrfk43sdsvwae.cx.internal.cloudapp.net process 0
  in thorn Carpet, file /home/runner/work/tests/tests/master/configs/sim/build/Carpet/Comm.cc:103:
  ->[0m Synchronising group "GRHYDRO::SCON" in local mode
[1mWARNING level 2 from host runnervmmklqx.5h22ydpj3h3ejlrfk43sdsvwae.cx.internal.cloudapp.net process 0
  in thorn Carpet, file /home/runner/work/tests/tests/master/configs/sim/build/Carpet/Comm.cc:103:
  ->[0m Synchronising group "GRHYDRO::BCONS" in local mode
[1mWARNING level 2 from host runnervmmklqx.5h22ydpj3h3ejlrfk43sdsvwae.cx.internal.cloudapp.net process 0
  in thorn Carpet, file /home/runner/work/tests/tests/master/configs/sim/build/Carpet/Comm.cc:103:
  ->[0m Synchronising group "GRHYDRO::TAU" in local mode
[1mWARNING level 2 from host runnervmmklqx.5h22ydpj3h3ejlrfk43sdsvwae.cx.internal.cloudapp.net process 0
  in thorn Carpet, file /home/runner/work/tests/tests/master/configs/sim/build/Carpet/Comm.cc:103:
  ->[0m Synchronising group "GRHYDRO::DENS" in local mode
[1mWARNING level 2 from host runnervmmklqx.5h22ydpj3h3ejlrfk43sdsvwae.cx.internal.cloudapp.net process 0
  in thorn Carpet, file /home/runner/work/tests/tests/master/configs/sim/build/Carpet/Comm.cc:103:
  ->[0m Synchronising group "GRHYDRO::SCON" in local mode
[1mWARNING level 2 from host runnervmmklqx.5h22ydpj3h3ejlrfk43sdsvwae.cx.internal.cloudapp.net process 0
  in thorn Carpet, file /home/runner/work/tests/tests/master/configs/sim/build/Carpet/Comm.cc:103:
  ->[0m Synchronising group "GRHYDRO::BCONS" in local mode
[1mWARNING level 2 from host runnervmmklqx.5h22ydpj3h3ejlrfk43sdsvwae.cx.internal.cloudapp.net process 0
  in thorn Carpet, file /home/runner/work/tests/tests/master/configs/sim/build/Carpet/Comm.cc:103:
  ->[0m Synchronising group "GRHYDRO::TAU" in local mode
[1mWARNING level 2 from host runnervmmklqx.5h22ydpj3h3ejlrfk43sdsvwae.cx.internal.cloudapp.net process 0
  in thorn Carpet, file /home/runner/work/tests/tests/master/configs/sim/build/Carpet/Comm.cc:103:
  ->[0m Synchronising group "GRHYDRO::DENS" in local mode
[1mWARNING level 2 from host runnervmmklqx.5h22ydpj3h3ejlrfk43sdsvwae.cx.internal.cloudapp.net process 0
  in thorn Carpet, file /home/runner/work/tests/tests/master/configs/sim/build/Carpet/Comm.cc:103:
  ->[0m Synchronising group "GRHYDRO::SCON" in local mode
[1mWARNING level 2 from host runnervmmklqx.5h22ydpj3h3ejlrfk43sdsvwae.cx.internal.cloudapp.net process 0
  in thorn Carpet, file /home/runner/work/tests/tests/master/configs/sim/build/Carpet/Comm.cc:103:
  ->[0m Synchronising group "GRHYDRO::BCONS" in local mode
[1mWARNING level 2 from host runnervmmklqx.5h22ydpj3h3ejlrfk43sdsvwae.cx.internal.cloudapp.net process 0
  in thorn Carpet, file /home/runner/work/tests/tests/master/configs/sim/build/Carpet/Comm.cc:103:
  ->[0m Synchronising group "GRHYDRO::TAU" in local mode
[1mWARNING level 2 from host runnervmmklqx.5h22ydpj3h3ejlrfk43sdsvwae.cx.internal.cloudapp.net process 0
  in thorn Carpet, file /home/runner/work/tests/tests/master/configs/sim/build/Carpet/Comm.cc:103:
  ->[0m Synchronising group "GRHYDRO::DENS" in local mode
[1mWARNING level 2 from host runnervmmklqx.5h22ydpj3h3ejlrfk43sdsvwae.cx.internal.cloudapp.net process 0
  in thorn Carpet, file /home/runner/work/tests/tests/master/configs/sim/build/Carpet/Comm.cc:103:
  ->[0m Synchronising group "GRHYDRO::SCON" in local mode
[1mWARNING level 2 from host runnervmmklqx.5h22ydpj3h3ejlrfk43sdsvwae.cx.internal.cloudapp.net process 0
  in thorn Carpet, file /home/runner/work/tests/tests/master/configs/sim/build/Carpet/Comm.cc:103:
  ->[0m Synchronising group "GRHYDRO::BCONS" in local mode
[1mWARNING level 2 from host runnervmmklqx.5h22ydpj3h3ejlrfk43sdsvwae.cx.internal.cloudapp.net process 0
  in thorn Carpet, file /home/runner/work/tests/tests/master/configs/sim/build/Carpet/Comm.cc:103:
  ->[0m Synchronising group "GRHYDRO::TAU" in local mode
[1mWARNING level 2 from host runnervmmklqx.5h22ydpj3h3ejlrfk43sdsvwae.cx.internal.cloudapp.net process 0
  in thorn Carpet, file /home/runner/work/tests/tests/master/configs/sim/build/Carpet/Comm.cc:103:
  ->[0m Synchronising group "GRHYDRO::DENS" in local mode
[1mWARNING level 2 from host runnervmmklqx.5h22ydpj3h3ejlrfk43sdsvwae.cx.internal.cloudapp.net process 0
  in thorn Carpet, file /home/runner/work/tests/tests/master/configs/sim/build/Carpet/Comm.cc:103:
  ->[0m Synchronising group "GRHYDRO::SCON" in local mode
[1mWARNING level 2 from host runnervmmklqx.5h22ydpj3h3ejlrfk43sdsvwae.cx.internal.cloudapp.net process 0
  in thorn Carpet, file /home/runner/work/tests/tests/master/configs/sim/build/Carpet/Comm.cc:103:
  ->[0m Synchronising group "GRHYDRO::BCONS" in local mode
[1mWARNING level 2 from host runnervmmklqx.5h22ydpj3h3ejlrfk43sdsvwae.cx.internal.cloudapp.net process 0
  in thorn Carpet, file /home/runner/work/tests/tests/master/configs/sim/build/Carpet/Comm.cc:103:
  ->[0m Synchronising group "GRHYDRO::TAU" in local mode
[1mWARNING level 2 from host runnervmmklqx.5h22ydpj3h3ejlrfk43sdsvwae.cx.internal.cloudapp.net process 0
  in thorn Carpet, file /home/runner/work/tests/tests/master/configs/sim/build/Carpet/Comm.cc:103:
  ->[0m Synchronising group "GRHYDRO::DENS" in local mode
[1mWARNING level 2 from host runnervmmklqx.5h22ydpj3h3ejlrfk43sdsvwae.cx.internal.cloudapp.net process 0
  in thorn Carpet, file /home/runner/work/tests/tests/master/configs/sim/build/Carpet/Comm.cc:103:
  ->[0m Synchronising group "GRHYDRO::SCON" in local mode
[1mWARNING level 2 from host runnervmmklqx.5h22ydpj3h3ejlrfk43sdsvwae.cx.internal.cloudapp.net process 0
  in thorn Carpet, file /home/runner/work/tests/tests/master/configs/sim/build/Carpet/Comm.cc:103:
  ->[0m Synchronising group "GRHYDRO::BCONS" in local mode
[1mWARNING level 2 from host runnervmmklqx.5h22ydpj3h3ejlrfk43sdsvwae.cx.internal.cloudapp.net process 0
  in thorn Carpet, file /home/runner/work/tests/tests/master/configs/sim/build/Carpet/Comm.cc:103:
  ->[0m Synchronising group "GRHYDRO::TAU" in local mode
[1mWARNING level 2 from host runnervmmklqx.5h22ydpj3h3ejlrfk43sdsvwae.cx.internal.cloudapp.net process 0
  in thorn Carpet, file /home/runner/work/tests/tests/master/configs/sim/build/Carpet/Comm.cc:103:
  ->[0m Synchronising group "GRHYDRO::DENS" in local mode
[1mWARNING level 2 from host runnervmmklqx.5h22ydpj3h3ejlrfk43sdsvwae.cx.internal.cloudapp.net process 0
  in thorn Carpet, file /home/runner/work/tests/tests/master/configs/sim/build/Carpet/Comm.cc:103:
  ->[0m Synchronising group "GRHYDRO::SCON" in local mode
[1mWARNING level 2 from host runnervmmklqx.5h22ydpj3h3ejlrfk43sdsvwae.cx.internal.cloudapp.net process 0
  in thorn Carpet, file /home/runner/work/tests/tests/master/configs/sim/build/Carpet/Comm.cc:103:
  ->[0m Synchronising group "GRHYDRO::BCONS" in local mode
[1mWARNING level 2 from host runnervmmklqx.5h22ydpj3h3ejlrfk43sdsvwae.cx.internal.cloudapp.net process 0
  in thorn Carpet, file /home/runner/work/tests/tests/master/configs/sim/build/Carpet/Comm.cc:103:
  ->[0m Synchronising group "GRHYDRO::TAU" in local mode
[1mWARNING level 2 from host runnervmmklqx.5h22ydpj3h3ejlrfk43sdsvwae.cx.internal.cloudapp.net process 0
  in thorn Carpet, file /home/runner/work/tests/tests/master/configs/sim/build/Carpet/Comm.cc:103:
  ->[0m Synchronising group "GRHYDRO::DENS" in local mode
[1mWARNING level 2 from host runnervmmklqx.5h22ydpj3h3ejlrfk43sdsvwae.cx.internal.cloudapp.net process 0
  in thorn Carpet, file /home/runner/work/tests/tests/master/configs/sim/build/Carpet/Comm.cc:103:
  ->[0m Synchronising group "GRHYDRO::SCON" in local mode
[1mWARNING level 2 from host runnervmmklqx.5h22ydpj3h3ejlrfk43sdsvwae.cx.internal.cloudapp.net process 0
  in thorn Carpet, file /home/runner/work/tests/tests/master/configs/sim/build/Carpet/Comm.cc:103:
  ->[0m Synchronising group "GRHYDRO::BCONS" in local mode
[1mWARNING level 2 from host runnervmmklqx.5h22ydpj3h3ejlrfk43sdsvwae.cx.internal.cloudapp.net process 0
  in thorn Carpet, file /home/runner/work/tests/tests/master/configs/sim/build/Carpet/Comm.cc:103:
  ->[0m Synchronising group "GRHYDRO::TAU" in local mode
[1mWARNING level 2 from host runnervmmklqx.5h22ydpj3h3ejlrfk43sdsvwae.cx.internal.cloudapp.net process 0
  in thorn Carpet, file /home/runner/work/tests/tests/master/configs/sim/build/Carpet/Comm.cc:103:
  ->[0m Synchronising group "GRHYDRO::DENS" in local mode
[1mWARNING level 2 from host runnervmmklqx.5h22ydpj3h3ejlrfk43sdsvwae.cx.internal.cloudapp.net process 0
  in thorn Carpet, file /home/runner/work/tests/tests/master/configs/sim/build/Carpet/Comm.cc:103:
  ->[0m Synchronising group "GRHYDRO::SCON" in local mode
[1mWARNING level 2 from host runnervmmklqx.5h22ydpj3h3ejlrfk43sdsvwae.cx.internal.cloudapp.net process 0
  in thorn Carpet, file /home/runner/work/tests/tests/master/configs/sim/build/Carpet/Comm.cc:103:
  ->[0m Synchronising group "GRHYDRO::BCONS" in local mode
[1mWARNING level 2 from host runnervmmklqx.5h22ydpj3h3ejlrfk43sdsvwae.cx.internal.cloudapp.net process 0
  in thorn Carpet, file /home/runner/work/tests/tests/master/configs/sim/build/Carpet/Comm.cc:103:
  ->[0m Synchronising group "GRHYDRO::TAU" in local mode
[1mWARNING level 2 from host runnervmmklqx.5h22ydpj3h3ejlrfk43sdsvwae.cx.internal.cloudapp.net process 0
  in thorn Carpet, file /home/runner/work/tests/tests/master/configs/sim/build/Carpet/Comm.cc:103:
  ->[0m Synchronising group "GRHYDRO::DENS" in local mode
[1mWARNING level 2 from host runnervmmklqx.5h22ydpj3h3ejlrfk43sdsvwae.cx.internal.cloudapp.net process 0
  in thorn Carpet, file /home/runner/work/tests/tests/master/configs/sim/build/Carpet/Comm.cc:103:
  ->[0m Synchronising group "GRHYDRO::SCON" in local mode
[1mWARNING level 2 from host runnervmmklqx.5h22ydpj3h3ejlrfk43sdsvwae.cx.internal.cloudapp.net process 0
  in thorn Carpet, file /home/runner/work/tests/tests/master/configs/sim/build/Carpet/Comm.cc:103:
  ->[0m Synchronising group "GRHYDRO::BCONS" in local mode
        5     0.002 |   99.7003922 |   96.9999979 |    1.0050474 |   30.1339889 |        67
[1mWARNING level 2 from host runnervmmklqx.5h22ydpj3h3ejlrfk43sdsvwae.cx.internal.cloudapp.net process 0
  in thorn Carpet, file /home/runner/work/tests/tests/master/configs/sim/build/Carpet/Comm.cc:103:
  ->[0m Synchronising group "GRHYDRO::TAU" in local mode
[1mWARNING level 2 from host runnervmmklqx.5h22ydpj3h3ejlrfk43sdsvwae.cx.internal.cloudapp.net process 0
  in thorn Carpet, file /home/runner/work/tests/tests/master/configs/sim/build/Carpet/Comm.cc:103:
  ->[0m Synchronising group "GRHYDRO::DENS" in local mode
[1mWARNING level 2 from host runnervmmklqx.5h22ydpj3h3ejlrfk43sdsvwae.cx.internal.cloudapp.net process 0
  in thorn Carpet, file /home/runner/work/tests/tests/master/configs/sim/build/Carpet/Comm.cc:103:
  ->[0m Synchronising group "GRHYDRO::SCON" in local mode
[1mWARNING level 2 from host runnervmmklqx.5h22ydpj3h3ejlrfk43sdsvwae.cx.internal.cloudapp.net process 0
  in thorn Carpet, file /home/runner/work/tests/tests/master/configs/sim/build/Carpet/Comm.cc:103:
  ->[0m Synchronising group "GRHYDRO::BCONS" in local mode
[1mWARNING level 2 from host runnervmmklqx.5h22ydpj3h3ejlrfk43sdsvwae.cx.internal.cloudapp.net process 0
  in thorn Carpet, file /home/runner/work/tests/tests/master/configs/sim/build/Carpet/Comm.cc:103:
  ->[0m Synchronising group "GRHYDRO::TAU" in local mode
[1mWARNING level 2 from host runnervmmklqx.5h22ydpj3h3ejlrfk43sdsvwae.cx.internal.cloudapp.net process 0
  in thorn Carpet, file /home/runner/work/tests/tests/master/configs/sim/build/Carpet/Comm.cc:103:
  ->[0m Synchronising group "GRHYDRO::DENS" in local mode
[1mWARNING level 2 from host runnervmmklqx.5h22ydpj3h3ejlrfk43sdsvwae.cx.internal.cloudapp.net process 0
  in thorn Carpet, file /home/runner/work/tests/tests/master/configs/sim/build/Carpet/Comm.cc:103:
  ->[0m Synchronising group "GRHYDRO::SCON" in local mode
[1mWARNING level 2 from host runnervmmklqx.5h22ydpj3h3ejlrfk43sdsvwae.cx.internal.cloudapp.net process 0
  in thorn Carpet, file /home/runner/work/tests/tests/master/configs/sim/build/Carpet/Comm.cc:103:
  ->[0m Synchronising group "GRHYDRO::BCONS" in local mode
[1mWARNING level 2 from host runnervmmklqx.5h22ydpj3h3ejlrfk43sdsvwae.cx.internal.cloudapp.net process 0
  in thorn Carpet, file /home/runner/work/tests/tests/master/configs/sim/build/Carpet/Comm.cc:103:
  ->[0m Synchronising group "GRHYDRO::TAU" in local mode
[1mWARNING level 2 from host runnervmmklqx.5h22ydpj3h3ejlrfk43sdsvwae.cx.internal.cloudapp.net process 0
  in thorn Carpet, file /home/runner/work/tests/tests/master/configs/sim/build/Carpet/Comm.cc:103:
  ->[0m Synchronising group "GRHYDRO::DENS" in local mode
[1mWARNING level 2 from host runnervmmklqx.5h22ydpj3h3ejlrfk43sdsvwae.cx.internal.cloudapp.net process 0
  in thorn Carpet, file /home/runner/work/tests/tests/master/configs/sim/build/Carpet/Comm.cc:103:
  ->[0m Synchronising group "GRHYDRO::SCON" in local mode
[1mWARNING level 2 from host runnervmmklqx.5h22ydpj3h3ejlrfk43sdsvwae.cx.internal.cloudapp.net process 0
  in thorn Carpet, file /home/runner/work/tests/tests/master/configs/sim/build/Carpet/Comm.cc:103:
  ->[0m Synchronising group "GRHYDRO::BCONS" in local mode
[1mWARNING level 2 from host runnervmmklqx.5h22ydpj3h3ejlrfk43sdsvwae.cx.internal.cloudapp.net process 0
  in thorn Carpet, file /home/runner/work/tests/tests/master/configs/sim/build/Carpet/Comm.cc:103:
  ->[0m Synchronising group "GRHYDRO::TAU" in local mode
[1mWARNING level 2 from host runnervmmklqx.5h22ydpj3h3ejlrfk43sdsvwae.cx.internal.cloudapp.net process 0
  in thorn Carpet, file /home/runner/work/tests/tests/master/configs/sim/build/Carpet/Comm.cc:103:
  ->[0m Synchronising group "GRHYDRO::DENS" in local mode
[1mWARNING level 2 from host runnervmmklqx.5h22ydpj3h3ejlrfk43sdsvwae.cx.internal.cloudapp.net process 0
  in thorn Carpet, file /home/runner/work/tests/tests/master/configs/sim/build/Carpet/Comm.cc:103:
  ->[0m Synchronising group "GRHYDRO::SCON" in local mode
[1mWARNING level 2 from host runnervmmklqx.5h22ydpj3h3ejlrfk43sdsvwae.cx.internal.cloudapp.net process 0
  in thorn Carpet, file /home/runner/work/tests/tests/master/configs/sim/build/Carpet/Comm.cc:103:
  ->[0m Synchronising group "GRHYDRO::BCONS" in local mode
[1mWARNING level 2 from host runnervmmklqx.5h22ydpj3h3ejlrfk43sdsvwae.cx.internal.cloudapp.net process 0
  in thorn Carpet, file /home/runner/work/tests/tests/master/configs/sim/build/Carpet/Comm.cc:103:
  ->[0m Synchronising group "GRHYDRO::TAU" in local mode
[1mWARNING level 2 from host runnervmmklqx.5h22ydpj3h3ejlrfk43sdsvwae.cx.internal.cloudapp.net process 0
  in thorn Carpet, file /home/runner/work/tests/tests/master/configs/sim/build/Carpet/Comm.cc:103:
  ->[0m Synchronising group "GRHYDRO::DENS" in local mode
[1mWARNING level 2 from host runnervmmklqx.5h22ydpj3h3ejlrfk43sdsvwae.cx.internal.cloudapp.net process 0
  in thorn Carpet, file /home/runner/work/tests/tests/master/configs/sim/build/Carpet/Comm.cc:103:
  ->[0m Synchronising group "GRHYDRO::SCON" in local mode
[1mWARNING level 2 from host runnervmmklqx.5h22ydpj3h3ejlrfk43sdsvwae.cx.internal.cloudapp.net process 0
  in thorn Carpet, file /home/runner/work/tests/tests/master/configs/sim/build/Carpet/Comm.cc:103:
  ->[0m Synchronising group "GRHYDRO::BCONS" in local mode
[1mWARNING level 2 from host runnervmmklqx.5h22ydpj3h3ejlrfk43sdsvwae.cx.internal.cloudapp.net process 0
  in thorn Carpet, file /home/runner/work/tests/tests/master/configs/sim/build/Carpet/Comm.cc:103:
  ->[0m Synchronising group "GRHYDRO::TAU" in local mode
[1mWARNING level 2 from host runnervmmklqx.5h22ydpj3h3ejlrfk43sdsvwae.cx.internal.cloudapp.net process 0
  in thorn Carpet, file /home/runner/work/tests/tests/master/configs/sim/build/Carpet/Comm.cc:103:
  ->[0m Synchronising group "GRHYDRO::DENS" in local mode
[1mWARNING level 2 from host runnervmmklqx.5h22ydpj3h3ejlrfk43sdsvwae.cx.internal.cloudapp.net process 0
  in thorn Carpet, file /home/runner/work/tests/tests/master/configs/sim/build/Carpet/Comm.cc:103:
  ->[0m Synchronising group "GRHYDRO::SCON" in local mode
[1mWARNING level 2 from host runnervmmklqx.5h22ydpj3h3ejlrfk43sdsvwae.cx.internal.cloudapp.net process 0
  in thorn Carpet, file /home/runner/work/tests/tests/master/configs/sim/build/Carpet/Comm.cc:103:
  ->[0m Synchronising group "GRHYDRO::BCONS" in local mode
[1mWARNING level 2 from host runnervmmklqx.5h22ydpj3h3ejlrfk43sdsvwae.cx.internal.cloudapp.net process 0
  in thorn Carpet, file /home/runner/work/tests/tests/master/configs/sim/build/Carpet/Comm.cc:103:
  ->[0m Synchronising group "GRHYDRO::TAU" in local mode
[1mWARNING level 2 from host runnervmmklqx.5h22ydpj3h3ejlrfk43sdsvwae.cx.internal.cloudapp.net process 0
  in thorn Carpet, file /home/runner/work/tests/tests/master/configs/sim/build/Carpet/Comm.cc:103:
  ->[0m Synchronising group "GRHYDRO::DENS" in local mode
[1mWARNING level 2 from host runnervmmklqx.5h22ydpj3h3ejlrfk43sdsvwae.cx.internal.cloudapp.net process 0
  in thorn Carpet, file /home/runner/work/tests/tests/master/configs/sim/build/Carpet/Comm.cc:103:
  ->[0m Synchronising group "GRHYDRO::SCON" in local mode
[1mWARNING level 2 from host runnervmmklqx.5h22ydpj3h3ejlrfk43sdsvwae.cx.internal.cloudapp.net process 0
  in thorn Carpet, file /home/runner/work/tests/tests/master/configs/sim/build/Carpet/Comm.cc:103:
  ->[0m Synchronising group "GRHYDRO::BCONS" in local mode
[1mWARNING level 2 from host runnervmmklqx.5h22ydpj3h3ejlrfk43sdsvwae.cx.internal.cloudapp.net process 0
  in thorn Carpet, file /home/runner/work/tests/tests/master/configs/sim/build/Carpet/Comm.cc:103:
  ->[0m Synchronising group "GRHYDRO::TAU" in local mode
[1mWARNING level 2 from host runnervmmklqx.5h22ydpj3h3ejlrfk43sdsvwae.cx.internal.cloudapp.net process 0
  in thorn Carpet, file /home/runner/work/tests/tests/master/configs/sim/build/Carpet/Comm.cc:103:
  ->[0m Synchronising group "GRHYDRO::DENS" in local mode
[1mWARNING level 2 from host runnervmmklqx.5h22ydpj3h3ejlrfk43sdsvwae.cx.internal.cloudapp.net process 0
  in thorn Carpet, file /home/runner/work/tests/tests/master/configs/sim/build/Carpet/Comm.cc:103:
  ->[0m Synchronising group "GRHYDRO::SCON" in local mode
[1mWARNING level 2 from host runnervmmklqx.5h22ydpj3h3ejlrfk43sdsvwae.cx.internal.cloudapp.net process 0
  in thorn Carpet, file /home/runner/work/tests/tests/master/configs/sim/build/Carpet/Comm.cc:103:
  ->[0m Synchronising group "GRHYDRO::BCONS" in local mode
[1mWARNING level 2 from host runnervmmklqx.5h22ydpj3h3ejlrfk43sdsvwae.cx.internal.cloudapp.net process 0
  in thorn Carpet, file /home/runner/work/tests/tests/master/configs/sim/build/Carpet/Comm.cc:103:
  ->[0m Synchronising group "GRHYDRO::TAU" in local mode
[1mWARNING level 2 from host runnervmmklqx.5h22ydpj3h3ejlrfk43sdsvwae.cx.internal.cloudapp.net process 0
  in thorn Carpet, file /home/runner/work/tests/tests/master/configs/sim/build/Carpet/Comm.cc:103:
  ->[0m Synchronising group "GRHYDRO::DENS" in local mode
[1mWARNING level 2 from host runnervmmklqx.5h22ydpj3h3ejlrfk43sdsvwae.cx.internal.cloudapp.net process 0
  in thorn Carpet, file /home/runner/work/tests/tests/master/configs/sim/build/Carpet/Comm.cc:103:
  ->[0m Synchronising group "GRHYDRO::SCON" in local mode
[1mWARNING level 2 from host runnervmmklqx.5h22ydpj3h3ejlrfk43sdsvwae.cx.internal.cloudapp.net process 0
  in thorn Carpet, file /home/runner/work/tests/tests/master/configs/sim/build/Carpet/Comm.cc:103:
  ->[0m Synchronising group "GRHYDRO::BCONS" in local mode
[1mWARNING level 2 from host runnervmmklqx.5h22ydpj3h3ejlrfk43sdsvwae.cx.internal.cloudapp.net process 0
  in thorn Carpet, file /home/runner/work/tests/tests/master/configs/sim/build/Carpet/Comm.cc:103:
  ->[0m Synchronising group "GRHYDRO::TAU" in local mode
[1mWARNING level 2 from host runnervmmklqx.5h22ydpj3h3ejlrfk43sdsvwae.cx.internal.cloudapp.net process 0
  in thorn Carpet, file /home/runner/work/tests/tests/master/configs/sim/build/Carpet/Comm.cc:103:
  ->[0m Synchronising group "GRHYDRO::DENS" in local mode
[1mWARNING level 2 from host runnervmmklqx.5h22ydpj3h3ejlrfk43sdsvwae.cx.internal.cloudapp.net process 0
  in thorn Carpet, file /home/runner/work/tests/tests/master/configs/sim/build/Carpet/Comm.cc:103:
  ->[0m Synchronising group "GRHYDRO::SCON" in local mode
[1mWARNING level 2 from host runnervmmklqx.5h22ydpj3h3ejlrfk43sdsvwae.cx.internal.cloudapp.net process 0
  in thorn Carpet, file /home/runner/work/tests/tests/master/configs/sim/build/Carpet/Comm.cc:103:
  ->[0m Synchronising group "GRHYDRO::BCONS" in local mode
[1mWARNING level 2 from host runnervmmklqx.5h22ydpj3h3ejlrfk43sdsvwae.cx.internal.cloudapp.net process 0
  in thorn Carpet, file /home/runner/work/tests/tests/master/configs/sim/build/Carpet/Comm.cc:103:
  ->[0m Synchronising group "GRHYDRO::TAU" in local mode
[1mWARNING level 2 from host runnervmmklqx.5h22ydpj3h3ejlrfk43sdsvwae.cx.internal.cloudapp.net process 0
  in thorn Carpet, file /home/runner/work/tests/tests/master/configs/sim/build/Carpet/Comm.cc:103:
  ->[0m Synchronising group "GRHYDRO::DENS" in local mode
[1mWARNING level 2 from host runnervmmklqx.5h22ydpj3h3ejlrfk43sdsvwae.cx.internal.cloudapp.net process 0
  in thorn Carpet, file /home/runner/work/tests/tests/master/configs/sim/build/Carpet/Comm.cc:103:
  ->[0m Synchronising group "GRHYDRO::SCON" in local mode
[1mWARNING level 2 from host runnervmmklqx.5h22ydpj3h3ejlrfk43sdsvwae.cx.internal.cloudapp.net process 0
  in thorn Carpet, file /home/runner/work/tests/tests/master/configs/sim/build/Carpet/Comm.cc:103:
  ->[0m Synchronising group "GRHYDRO::BCONS" in local mode
[1mWARNING level 2 from host runnervmmklqx.5h22ydpj3h3ejlrfk43sdsvwae.cx.internal.cloudapp.net process 0
  in thorn Carpet, file /home/runner/work/tests/tests/master/configs/sim/build/Carpet/Comm.cc:103:
  ->[0m Synchronising group "GRHYDRO::TAU" in local mode
[1mWARNING level 2 from host runnervmmklqx.5h22ydpj3h3ejlrfk43sdsvwae.cx.internal.cloudapp.net process 0
  in thorn Carpet, file /home/runner/work/tests/tests/master/configs/sim/build/Carpet/Comm.cc:103:
  ->[0m Synchronising group "GRHYDRO::DENS" in local mode
[1mWARNING level 2 from host runnervmmklqx.5h22ydpj3h3ejlrfk43sdsvwae.cx.internal.cloudapp.net process 0
  in thorn Carpet, file /home/runner/work/tests/tests/master/configs/sim/build/Carpet/Comm.cc:103:
  ->[0m Synchronising group "GRHYDRO::SCON" in local mode
[1mWARNING level 2 from host runnervmmklqx.5h22ydpj3h3ejlrfk43sdsvwae.cx.internal.cloudapp.net process 0
  in thorn Carpet, file /home/runner/work/tests/tests/master/configs/sim/build/Carpet/Comm.cc:103:
  ->[0m Synchronising group "GRHYDRO::BCONS" in local mode
[1mWARNING level 2 from host runnervmmklqx.5h22ydpj3h3ejlrfk43sdsvwae.cx.internal.cloudapp.net process 0
  in thorn Carpet, file /home/runner/work/tests/tests/master/configs/sim/build/Carpet/Comm.cc:103:
  ->[0m Synchronising group "GRHYDRO::TAU" in local mode
[1mWARNING level 2 from host runnervmmklqx.5h22ydpj3h3ejlrfk43sdsvwae.cx.internal.cloudapp.net process 0
  in thorn Carpet, file /home/runner/work/tests/tests/master/configs/sim/build/Carpet/Comm.cc:103:
  ->[0m Synchronising group "GRHYDRO::DENS" in local mode
[1mWARNING level 2 from host runnervmmklqx.5h22ydpj3h3ejlrfk43sdsvwae.cx.internal.cloudapp.net process 0
  in thorn Carpet, file /home/runner/work/tests/tests/master/configs/sim/build/Carpet/Comm.cc:103:
  ->[0m Synchronising group "GRHYDRO::SCON" in local mode
[1mWARNING level 2 from host runnervmmklqx.5h22ydpj3h3ejlrfk43sdsvwae.cx.internal.cloudapp.net process 0
  in thorn Carpet, file /home/runner/work/tests/tests/master/configs/sim/build/Carpet/Comm.cc:103:
  ->[0m Synchronising group "GRHYDRO::BCONS" in local mode
[1mWARNING level 2 from host runnervmmklqx.5h22ydpj3h3ejlrfk43sdsvwae.cx.internal.cloudapp.net process 0
  in thorn Carpet, file /home/runner/work/tests/tests/master/configs/sim/build/Carpet/Comm.cc:103:
  ->[0m Synchronising group "GRHYDRO::TAU" in local mode
[1mWARNING level 2 from host runnervmmklqx.5h22ydpj3h3ejlrfk43sdsvwae.cx.internal.cloudapp.net process 0
  in thorn Carpet, file /home/runner/work/tests/tests/master/configs/sim/build/Carpet/Comm.cc:103:
  ->[0m Synchronising group "GRHYDRO::DENS" in local mode
[1mWARNING level 2 from host runnervmmklqx.5h22ydpj3h3ejlrfk43sdsvwae.cx.internal.cloudapp.net process 0
  in thorn Carpet, file /home/runner/work/tests/tests/master/configs/sim/build/Carpet/Comm.cc:103:
  ->[0m Synchronising group "GRHYDRO::SCON" in local mode
[1mWARNING level 2 from host runnervmmklqx.5h22ydpj3h3ejlrfk43sdsvwae.cx.internal.cloudapp.net process 0
  in thorn Carpet, file /home/runner/work/tests/tests/master/configs/sim/build/Carpet/Comm.cc:103:
  ->[0m Synchronising group "GRHYDRO::BCONS" in local mode
        6     0.002 |  100.3727909 |   96.9999979 |    1.0067148 |   30.1624220 |        67
[1mWARNING level 2 from host runnervmmklqx.5h22ydpj3h3ejlrfk43sdsvwae.cx.internal.cloudapp.net process 0
  in thorn Carpet, file /home/runner/work/tests/tests/master/configs/sim/build/Carpet/Comm.cc:103:
  ->[0m Synchronising group "GRHYDRO::TAU" in local mode
[1mWARNING level 2 from host runnervmmklqx.5h22ydpj3h3ejlrfk43sdsvwae.cx.internal.cloudapp.net process 0
  in thorn Carpet, file /home/runner/work/tests/tests/master/configs/sim/build/Carpet/Comm.cc:103:
  ->[0m Synchronising group "GRHYDRO::DENS" in local mode
[1mWARNING level 2 from host runnervmmklqx.5h22ydpj3h3ejlrfk43sdsvwae.cx.internal.cloudapp.net process 0
  in thorn Carpet, file /home/runner/work/tests/tests/master/configs/sim/build/Carpet/Comm.cc:103:
  ->[0m Synchronising group "GRHYDRO::SCON" in local mode
[1mWARNING level 2 from host runnervmmklqx.5h22ydpj3h3ejlrfk43sdsvwae.cx.internal.cloudapp.net process 0
  in thorn Carpet, file /home/runner/work/tests/tests/master/configs/sim/build/Carpet/Comm.cc:103:
  ->[0m Synchronising group "GRHYDRO::BCONS" in local mode
[1mWARNING level 2 from host runnervmmklqx.5h22ydpj3h3ejlrfk43sdsvwae.cx.internal.cloudapp.net process 0
  in thorn Carpet, file /home/runner/work/tests/tests/master/configs/sim/build/Carpet/Comm.cc:103:
  ->[0m Synchronising group "GRHYDRO::TAU" in local mode
[1mWARNING level 2 from host runnervmmklqx.5h22ydpj3h3ejlrfk43sdsvwae.cx.internal.cloudapp.net process 0
  in thorn Carpet, file /home/runner/work/tests/tests/master/configs/sim/build/Carpet/Comm.cc:103:
  ->[0m Synchronising group "GRHYDRO::DENS" in local mode
[1mWARNING level 2 from host runnervmmklqx.5h22ydpj3h3ejlrfk43sdsvwae.cx.internal.cloudapp.net process 0
  in thorn Carpet, file /home/runner/work/tests/tests/master/configs/sim/build/Carpet/Comm.cc:103:
  ->[0m Synchronising group "GRHYDRO::SCON" in local mode
[1mWARNING level 2 from host runnervmmklqx.5h22ydpj3h3ejlrfk43sdsvwae.cx.internal.cloudapp.net process 0
  in thorn Carpet, file /home/runner/work/tests/tests/master/configs/sim/build/Carpet/Comm.cc:103:
  ->[0m Synchronising group "GRHYDRO::BCONS" in local mode
[1mWARNING level 2 from host runnervmmklqx.5h22ydpj3h3ejlrfk43sdsvwae.cx.internal.cloudapp.net process 0
  in thorn Carpet, file /home/runner/work/tests/tests/master/configs/sim/build/Carpet/Comm.cc:103:
  ->[0m Synchronising group "GRHYDRO::TAU" in local mode
[1mWARNING level 2 from host runnervmmklqx.5h22ydpj3h3ejlrfk43sdsvwae.cx.internal.cloudapp.net process 0
  in thorn Carpet, file /home/runner/work/tests/tests/master/configs/sim/build/Carpet/Comm.cc:103:
  ->[0m Synchronising group "GRHYDRO::DENS" in local mode
[1mWARNING level 2 from host runnervmmklqx.5h22ydpj3h3ejlrfk43sdsvwae.cx.internal.cloudapp.net process 0
  in thorn Carpet, file /home/runner/work/tests/tests/master/configs/sim/build/Carpet/Comm.cc:103:
  ->[0m Synchronising group "GRHYDRO::SCON" in local mode
[1mWARNING level 2 from host runnervmmklqx.5h22ydpj3h3ejlrfk43sdsvwae.cx.internal.cloudapp.net process 0
  in thorn Carpet, file /home/runner/work/tests/tests/master/configs/sim/build/Carpet/Comm.cc:103:
  ->[0m Synchronising group "GRHYDRO::BCONS" in local mode
[1mWARNING level 2 from host runnervmmklqx.5h22ydpj3h3ejlrfk43sdsvwae.cx.internal.cloudapp.net process 0
  in thorn Carpet, file /home/runner/work/tests/tests/master/configs/sim/build/Carpet/Comm.cc:103:
  ->[0m Synchronising group "GRHYDRO::TAU" in local mode
[1mWARNING level 2 from host runnervmmklqx.5h22ydpj3h3ejlrfk43sdsvwae.cx.internal.cloudapp.net process 0
  in thorn Carpet, file /home/runner/work/tests/tests/master/configs/sim/build/Carpet/Comm.cc:103:
  ->[0m Synchronising group "GRHYDRO::DENS" in local mode
[1mWARNING level 2 from host runnervmmklqx.5h22ydpj3h3ejlrfk43sdsvwae.cx.internal.cloudapp.net process 0
  in thorn Carpet, file /home/runner/work/tests/tests/master/configs/sim/build/Carpet/Comm.cc:103:
  ->[0m Synchronising group "GRHYDRO::SCON" in local mode
[1mWARNING level 2 from host runnervmmklqx.5h22ydpj3h3ejlrfk43sdsvwae.cx.internal.cloudapp.net process 0
  in thorn Carpet, file /home/runner/work/tests/tests/master/configs/sim/build/Carpet/Comm.cc:103:
  ->[0m Synchronising group "GRHYDRO::BCONS" in local mode
[1mWARNING level 2 from host runnervmmklqx.5h22ydpj3h3ejlrfk43sdsvwae.cx.internal.cloudapp.net process 0
  in thorn Carpet, file /home/runner/work/tests/tests/master/configs/sim/build/Carpet/Comm.cc:103:
  ->[0m Synchronising group "GRHYDRO::TAU" in local mode
[1mWARNING level 2 from host runnervmmklqx.5h22ydpj3h3ejlrfk43sdsvwae.cx.internal.cloudapp.net process 0
  in thorn Carpet, file /home/runner/work/tests/tests/master/configs/sim/build/Carpet/Comm.cc:103:
  ->[0m Synchronising group "GRHYDRO::DENS" in local mode
[1mWARNING level 2 from host runnervmmklqx.5h22ydpj3h3ejlrfk43sdsvwae.cx.internal.cloudapp.net process 0
  in thorn Carpet, file /home/runner/work/tests/tests/master/configs/sim/build/Carpet/Comm.cc:103:
  ->[0m Synchronising group "GRHYDRO::SCON" in local mode
[1mWARNING level 2 from host runnervmmklqx.5h22ydpj3h3ejlrfk43sdsvwae.cx.internal.cloudapp.net process 0
  in thorn Carpet, file /home/runner/work/tests/tests/master/configs/sim/build/Carpet/Comm.cc:103:
  ->[0m Synchronising group "GRHYDRO::BCONS" in local mode
[1mWARNING level 2 from host runnervmmklqx.5h22ydpj3h3ejlrfk43sdsvwae.cx.internal.cloudapp.net process 0
  in thorn Carpet, file /home/runner/work/tests/tests/master/configs/sim/build/Carpet/Comm.cc:103:
  ->[0m Synchronising group "GRHYDRO::TAU" in local mode
[1mWARNING level 2 from host runnervmmklqx.5h22ydpj3h3ejlrfk43sdsvwae.cx.internal.cloudapp.net process 0
  in thorn Carpet, file /home/runner/work/tests/tests/master/configs/sim/build/Carpet/Comm.cc:103:
  ->[0m Synchronising group "GRHYDRO::DENS" in local mode
[1mWARNING level 2 from host runnervmmklqx.5h22ydpj3h3ejlrfk43sdsvwae.cx.internal.cloudapp.net process 0
  in thorn Carpet, file /home/runner/work/tests/tests/master/configs/sim/build/Carpet/Comm.cc:103:
  ->[0m Synchronising group "GRHYDRO::SCON" in local mode
[1mWARNING level 2 from host runnervmmklqx.5h22ydpj3h3ejlrfk43sdsvwae.cx.internal.cloudapp.net process 0
  in thorn Carpet, file /home/runner/work/tests/tests/master/configs/sim/build/Carpet/Comm.cc:103:
  ->[0m Synchronising group "GRHYDRO::BCONS" in local mode
[1mWARNING level 2 from host runnervmmklqx.5h22ydpj3h3ejlrfk43sdsvwae.cx.internal.cloudapp.net process 0
  in thorn Carpet, file /home/runner/work/tests/tests/master/configs/sim/build/Carpet/Comm.cc:103:
  ->[0m Synchronising group "GRHYDRO::TAU" in local mode
[1mWARNING level 2 from host runnervmmklqx.5h22ydpj3h3ejlrfk43sdsvwae.cx.internal.cloudapp.net process 0
  in thorn Carpet, file /home/runner/work/tests/tests/master/configs/sim/build/Carpet/Comm.cc:103:
  ->[0m Synchronising group "GRHYDRO::DENS" in local mode
[1mWARNING level 2 from host runnervmmklqx.5h22ydpj3h3ejlrfk43sdsvwae.cx.internal.cloudapp.net process 0
  in thorn Carpet, file /home/runner/work/tests/tests/master/configs/sim/build/Carpet/Comm.cc:103:
  ->[0m Synchronising group "GRHYDRO::SCON" in local mode
[1mWARNING level 2 from host runnervmmklqx.5h22ydpj3h3ejlrfk43sdsvwae.cx.internal.cloudapp.net process 0
  in thorn Carpet, file /home/runner/work/tests/tests/master/configs/sim/build/Carpet/Comm.cc:103:
  ->[0m Synchronising group "GRHYDRO::BCONS" in local mode
[1mWARNING level 2 from host runnervmmklqx.5h22ydpj3h3ejlrfk43sdsvwae.cx.internal.cloudapp.net process 0
  in thorn Carpet, file /home/runner/work/tests/tests/master/configs/sim/build/Carpet/Comm.cc:103:
  ->[0m Synchronising group "GRHYDRO::TAU" in local mode
[1mWARNING level 2 from host runnervmmklqx.5h22ydpj3h3ejlrfk43sdsvwae.cx.internal.cloudapp.net process 0
  in thorn Carpet, file /home/runner/work/tests/tests/master/configs/sim/build/Carpet/Comm.cc:103:
  ->[0m Synchronising group "GRHYDRO::DENS" in local mode
[1mWARNING level 2 from host runnervmmklqx.5h22ydpj3h3ejlrfk43sdsvwae.cx.internal.cloudapp.net process 0
  in thorn Carpet, file /home/runner/work/tests/tests/master/configs/sim/build/Carpet/Comm.cc:103:
  ->[0m Synchronising group "GRHYDRO::SCON" in local mode
[1mWARNING level 2 from host runnervmmklqx.5h22ydpj3h3ejlrfk43sdsvwae.cx.internal.cloudapp.net process 0
  in thorn Carpet, file /home/runner/work/tests/tests/master/configs/sim/build/Carpet/Comm.cc:103:
  ->[0m Synchronising group "GRHYDRO::BCONS" in local mode
[1mWARNING level 2 from host runnervmmklqx.5h22ydpj3h3ejlrfk43sdsvwae.cx.internal.cloudapp.net process 0
  in thorn Carpet, file /home/runner/work/tests/tests/master/configs/sim/build/Carpet/Comm.cc:103:
  ->[0m Synchronising group "GRHYDRO::TAU" in local mode
[1mWARNING level 2 from host runnervmmklqx.5h22ydpj3h3ejlrfk43sdsvwae.cx.internal.cloudapp.net process 0
  in thorn Carpet, file /home/runner/work/tests/tests/master/configs/sim/build/Carpet/Comm.cc:103:
  ->[0m Synchronising group "GRHYDRO::DENS" in local mode
[1mWARNING level 2 from host runnervmmklqx.5h22ydpj3h3ejlrfk43sdsvwae.cx.internal.cloudapp.net process 0
  in thorn Carpet, file /home/runner/work/tests/tests/master/configs/sim/build/Carpet/Comm.cc:103:
  ->[0m Synchronising group "GRHYDRO::SCON" in local mode
[1mWARNING level 2 from host runnervmmklqx.5h22ydpj3h3ejlrfk43sdsvwae.cx.internal.cloudapp.net process 0
  in thorn Carpet, file /home/runner/work/tests/tests/master/configs/sim/build/Carpet/Comm.cc:103:
  ->[0m Synchronising group "GRHYDRO::BCONS" in local mode
[1mWARNING level 2 from host runnervmmklqx.5h22ydpj3h3ejlrfk43sdsvwae.cx.internal.cloudapp.net process 0
  in thorn Carpet, file /home/runner/work/tests/tests/master/configs/sim/build/Carpet/Comm.cc:103:
  ->[0m Synchronising group "GRHYDRO::TAU" in local mode
[1mWARNING level 2 from host runnervmmklqx.5h22ydpj3h3ejlrfk43sdsvwae.cx.internal.cloudapp.net process 0
  in thorn Carpet, file /home/runner/work/tests/tests/master/configs/sim/build/Carpet/Comm.cc:103:
  ->[0m Synchronising group "GRHYDRO::DENS" in local mode
[1mWARNING level 2 from host runnervmmklqx.5h22ydpj3h3ejlrfk43sdsvwae.cx.internal.cloudapp.net process 0
  in thorn Carpet, file /home/runner/work/tests/tests/master/configs/sim/build/Carpet/Comm.cc:103:
  ->[0m Synchronising group "GRHYDRO::SCON" in local mode
[1mWARNING level 2 from host runnervmmklqx.5h22ydpj3h3ejlrfk43sdsvwae.cx.internal.cloudapp.net process 0
  in thorn Carpet, file /home/runner/work/tests/tests/master/configs/sim/build/Carpet/Comm.cc:103:
  ->[0m Synchronising group "GRHYDRO::BCONS" in local mode
[1mWARNING level 2 from host runnervmmklqx.5h22ydpj3h3ejlrfk43sdsvwae.cx.internal.cloudapp.net process 0
  in thorn Carpet, file /home/runner/work/tests/tests/master/configs/sim/build/Carpet/Comm.cc:103:
  ->[0m Synchronising group "GRHYDRO::TAU" in local mode
[1mWARNING level 2 from host runnervmmklqx.5h22ydpj3h3ejlrfk43sdsvwae.cx.internal.cloudapp.net process 0
  in thorn Carpet, file /home/runner/work/tests/tests/master/configs/sim/build/Carpet/Comm.cc:103:
  ->[0m Synchronising group "GRHYDRO::DENS" in local mode
[1mWARNING level 2 from host runnervmmklqx.5h22ydpj3h3ejlrfk43sdsvwae.cx.internal.cloudapp.net process 0
  in thorn Carpet, file /home/runner/work/tests/tests/master/configs/sim/build/Carpet/Comm.cc:103:
  ->[0m Synchronising group "GRHYDRO::SCON" in local mode
[1mWARNING level 2 from host runnervmmklqx.5h22ydpj3h3ejlrfk43sdsvwae.cx.internal.cloudapp.net process 0
  in thorn Carpet, file /home/runner/work/tests/tests/master/configs/sim/build/Carpet/Comm.cc:103:
  ->[0m Synchronising group "GRHYDRO::BCONS" in local mode
[1mWARNING level 2 from host runnervmmklqx.5h22ydpj3h3ejlrfk43sdsvwae.cx.internal.cloudapp.net process 0
  in thorn Carpet, file /home/runner/work/tests/tests/master/configs/sim/build/Carpet/Comm.cc:103:
  ->[0m Synchronising group "GRHYDRO::TAU" in local mode
[1mWARNING level 2 from host runnervmmklqx.5h22ydpj3h3ejlrfk43sdsvwae.cx.internal.cloudapp.net process 0
  in thorn Carpet, file /home/runner/work/tests/tests/master/configs/sim/build/Carpet/Comm.cc:103:
  ->[0m Synchronising group "GRHYDRO::DENS" in local mode
[1mWARNING level 2 from host runnervmmklqx.5h22ydpj3h3ejlrfk43sdsvwae.cx.internal.cloudapp.net process 0
  in thorn Carpet, file /home/runner/work/tests/tests/master/configs/sim/build/Carpet/Comm.cc:103:
  ->[0m Synchronising group "GRHYDRO::SCON" in local mode
[1mWARNING level 2 from host runnervmmklqx.5h22ydpj3h3ejlrfk43sdsvwae.cx.internal.cloudapp.net process 0
  in thorn Carpet, file /home/runner/work/tests/tests/master/configs/sim/build/Carpet/Comm.cc:103:
  ->[0m Synchronising group "GRHYDRO::BCONS" in local mode
[1mWARNING level 2 from host runnervmmklqx.5h22ydpj3h3ejlrfk43sdsvwae.cx.internal.cloudapp.net process 0
  in thorn Carpet, file /home/runner/work/tests/tests/master/configs/sim/build/Carpet/Comm.cc:103:
  ->[0m Synchronising group "GRHYDRO::TAU" in local mode
[1mWARNING level 2 from host runnervmmklqx.5h22ydpj3h3ejlrfk43sdsvwae.cx.internal.cloudapp.net process 0
  in thorn Carpet, file /home/runner/work/tests/tests/master/configs/sim/build/Carpet/Comm.cc:103:
  ->[0m Synchronising group "GRHYDRO::DENS" in local mode
[1mWARNING level 2 from host runnervmmklqx.5h22ydpj3h3ejlrfk43sdsvwae.cx.internal.cloudapp.net process 0
  in thorn Carpet, file /home/runner/work/tests/tests/master/configs/sim/build/Carpet/Comm.cc:103:
  ->[0m Synchronising group "GRHYDRO::SCON" in local mode
[1mWARNING level 2 from host runnervmmklqx.5h22ydpj3h3ejlrfk43sdsvwae.cx.internal.cloudapp.net process 0
  in thorn Carpet, file /home/runner/work/tests/tests/master/configs/sim/build/Carpet/Comm.cc:103:
  ->[0m Synchronising group "GRHYDRO::BCONS" in local mode
[1mWARNING level 2 from host runnervmmklqx.5h22ydpj3h3ejlrfk43sdsvwae.cx.internal.cloudapp.net process 0
  in thorn Carpet, file /home/runner/work/tests/tests/master/configs/sim/build/Carpet/Comm.cc:103:
  ->[0m Synchronising group "GRHYDRO::TAU" in local mode
[1mWARNING level 2 from host runnervmmklqx.5h22ydpj3h3ejlrfk43sdsvwae.cx.internal.cloudapp.net process 0
  in thorn Carpet, file /home/runner/work/tests/tests/master/configs/sim/build/Carpet/Comm.cc:103:
  ->[0m Synchronising group "GRHYDRO::DENS" in local mode
[1mWARNING level 2 from host runnervmmklqx.5h22ydpj3h3ejlrfk43sdsvwae.cx.internal.cloudapp.net process 0
  in thorn Carpet, file /home/runner/work/tests/tests/master/configs/sim/build/Carpet/Comm.cc:103:
  ->[0m Synchronising group "GRHYDRO::SCON" in local mode
[1mWARNING level 2 from host runnervmmklqx.5h22ydpj3h3ejlrfk43sdsvwae.cx.internal.cloudapp.net process 0
  in thorn Carpet, file /home/runner/work/tests/tests/master/configs/sim/build/Carpet/Comm.cc:103:
  ->[0m Synchronising group "GRHYDRO::BCONS" in local mode
        7     0.002 |  100.6513826 |   96.9999979 |    1.0085049 |   30.1914067 |        67
[1mWARNING level 2 from host runnervmmklqx.5h22ydpj3h3ejlrfk43sdsvwae.cx.internal.cloudapp.net process 0
  in thorn Carpet, file /home/runner/work/tests/tests/master/configs/sim/build/Carpet/Comm.cc:103:
  ->[0m Synchronising group "GRHYDRO::TAU" in local mode
[1mWARNING level 2 from host runnervmmklqx.5h22ydpj3h3ejlrfk43sdsvwae.cx.internal.cloudapp.net process 0
  in thorn Carpet, file /home/runner/work/tests/tests/master/configs/sim/build/Carpet/Comm.cc:103:
  ->[0m Synchronising group "GRHYDRO::DENS" in local mode
[1mWARNING level 2 from host runnervmmklqx.5h22ydpj3h3ejlrfk43sdsvwae.cx.internal.cloudapp.net process 0
  in thorn Carpet, file /home/runner/work/tests/tests/master/configs/sim/build/Carpet/Comm.cc:103:
  ->[0m Synchronising group "GRHYDRO::SCON" in local mode
[1mWARNING level 2 from host runnervmmklqx.5h22ydpj3h3ejlrfk43sdsvwae.cx.internal.cloudapp.net process 0
  in thorn Carpet, file /home/runner/work/tests/tests/master/configs/sim/build/Carpet/Comm.cc:103:
  ->[0m Synchronising group "GRHYDRO::BCONS" in local mode
[1mWARNING level 2 from host runnervmmklqx.5h22ydpj3h3ejlrfk43sdsvwae.cx.internal.cloudapp.net process 0
  in thorn Carpet, file /home/runner/work/tests/tests/master/configs/sim/build/Carpet/Comm.cc:103:
  ->[0m Synchronising group "GRHYDRO::TAU" in local mode
[1mWARNING level 2 from host runnervmmklqx.5h22ydpj3h3ejlrfk43sdsvwae.cx.internal.cloudapp.net process 0
  in thorn Carpet, file /home/runner/work/tests/tests/master/configs/sim/build/Carpet/Comm.cc:103:
  ->[0m Synchronising group "GRHYDRO::DENS" in local mode
[1mWARNING level 2 from host runnervmmklqx.5h22ydpj3h3ejlrfk43sdsvwae.cx.internal.cloudapp.net process 0
  in thorn Carpet, file /home/runner/work/tests/tests/master/configs/sim/build/Carpet/Comm.cc:103:
  ->[0m Synchronising group "GRHYDRO::SCON" in local mode
[1mWARNING level 2 from host runnervmmklqx.5h22ydpj3h3ejlrfk43sdsvwae.cx.internal.cloudapp.net process 0
  in thorn Carpet, file /home/runner/work/tests/tests/master/configs/sim/build/Carpet/Comm.cc:103:
  ->[0m Synchronising group "GRHYDRO::BCONS" in local mode
[1mWARNING level 2 from host runnervmmklqx.5h22ydpj3h3ejlrfk43sdsvwae.cx.internal.cloudapp.net process 0
  in thorn Carpet, file /home/runner/work/tests/tests/master/configs/sim/build/Carpet/Comm.cc:103:
  ->[0m Synchronising group "GRHYDRO::TAU" in local mode
[1mWARNING level 2 from host runnervmmklqx.5h22ydpj3h3ejlrfk43sdsvwae.cx.internal.cloudapp.net process 0
  in thorn Carpet, file /home/runner/work/tests/tests/master/configs/sim/build/Carpet/Comm.cc:103:
  ->[0m Synchronising group "GRHYDRO::DENS" in local mode
[1mWARNING level 2 from host runnervmmklqx.5h22ydpj3h3ejlrfk43sdsvwae.cx.internal.cloudapp.net process 0
  in thorn Carpet, file /home/runner/work/tests/tests/master/configs/sim/build/Carpet/Comm.cc:103:
  ->[0m Synchronising group "GRHYDRO::SCON" in local mode
[1mWARNING level 2 from host runnervmmklqx.5h22ydpj3h3ejlrfk43sdsvwae.cx.internal.cloudapp.net process 0
  in thorn Carpet, file /home/runner/work/tests/tests/master/configs/sim/build/Carpet/Comm.cc:103:
  ->[0m Synchronising group "GRHYDRO::BCONS" in local mode
[1mWARNING level 2 from host runnervmmklqx.5h22ydpj3h3ejlrfk43sdsvwae.cx.internal.cloudapp.net process 0
  in thorn Carpet, file /home/runner/work/tests/tests/master/configs/sim/build/Carpet/Comm.cc:103:
  ->[0m Synchronising group "GRHYDRO::TAU" in local mode
[1mWARNING level 2 from host runnervmmklqx.5h22ydpj3h3ejlrfk43sdsvwae.cx.internal.cloudapp.net process 0
  in thorn Carpet, file /home/runner/work/tests/tests/master/configs/sim/build/Carpet/Comm.cc:103:
  ->[0m Synchronising group "GRHYDRO::DENS" in local mode
[1mWARNING level 2 from host runnervmmklqx.5h22ydpj3h3ejlrfk43sdsvwae.cx.internal.cloudapp.net process 0
  in thorn Carpet, file /home/runner/work/tests/tests/master/configs/sim/build/Carpet/Comm.cc:103:
  ->[0m Synchronising group "GRHYDRO::SCON" in local mode
[1mWARNING level 2 from host runnervmmklqx.5h22ydpj3h3ejlrfk43sdsvwae.cx.internal.cloudapp.net process 0
  in thorn Carpet, file /home/runner/work/tests/tests/master/configs/sim/build/Carpet/Comm.cc:103:
  ->[0m Synchronising group "GRHYDRO::BCONS" in local mode
[1mWARNING level 2 from host runnervmmklqx.5h22ydpj3h3ejlrfk43sdsvwae.cx.internal.cloudapp.net process 0
  in thorn Carpet, file /home/runner/work/tests/tests/master/configs/sim/build/Carpet/Comm.cc:103:
  ->[0m Synchronising group "GRHYDRO::TAU" in local mode
[1mWARNING level 2 from host runnervmmklqx.5h22ydpj3h3ejlrfk43sdsvwae.cx.internal.cloudapp.net process 0
  in thorn Carpet, file /home/runner/work/tests/tests/master/configs/sim/build/Carpet/Comm.cc:103:
  ->[0m Synchronising group "GRHYDRO::DENS" in local mode
[1mWARNING level 2 from host runnervmmklqx.5h22ydpj3h3ejlrfk43sdsvwae.cx.internal.cloudapp.net process 0
  in thorn Carpet, file /home/runner/work/tests/tests/master/configs/sim/build/Carpet/Comm.cc:103:
  ->[0m Synchronising group "GRHYDRO::SCON" in local mode
[1mWARNING level 2 from host runnervmmklqx.5h22ydpj3h3ejlrfk43sdsvwae.cx.internal.cloudapp.net process 0
  in thorn Carpet, file /home/runner/work/tests/tests/master/configs/sim/build/Carpet/Comm.cc:103:
  ->[0m Synchronising group "GRHYDRO::BCONS" in local mode
[1mWARNING level 2 from host runnervmmklqx.5h22ydpj3h3ejlrfk43sdsvwae.cx.internal.cloudapp.net process 0
  in thorn Carpet, file /home/runner/work/tests/tests/master/configs/sim/build/Carpet/Comm.cc:103:
  ->[0m Synchronising group "GRHYDRO::TAU" in local mode
[1mWARNING level 2 from host runnervmmklqx.5h22ydpj3h3ejlrfk43sdsvwae.cx.internal.cloudapp.net process 0
  in thorn Carpet, file /home/runner/work/tests/tests/master/configs/sim/build/Carpet/Comm.cc:103:
  ->[0m Synchronising group "GRHYDRO::DENS" in local mode
[1mWARNING level 2 from host runnervmmklqx.5h22ydpj3h3ejlrfk43sdsvwae.cx.internal.cloudapp.net process 0
  in thorn Carpet, file /home/runner/work/tests/tests/master/configs/sim/build/Carpet/Comm.cc:103:
  ->[0m Synchronising group "GRHYDRO::SCON" in local mode
[1mWARNING level 2 from host runnervmmklqx.5h22ydpj3h3ejlrfk43sdsvwae.cx.internal.cloudapp.net process 0
  in thorn Carpet, file /home/runner/work/tests/tests/master/configs/sim/build/Carpet/Comm.cc:103:
  ->[0m Synchronising group "GRHYDRO::BCONS" in local mode
[1mWARNING level 2 from host runnervmmklqx.5h22ydpj3h3ejlrfk43sdsvwae.cx.internal.cloudapp.net process 0
  in thorn Carpet, file /home/runner/work/tests/tests/master/configs/sim/build/Carpet/Comm.cc:103:
  ->[0m Synchronising group "GRHYDRO::TAU" in local mode
[1mWARNING level 2 from host runnervmmklqx.5h22ydpj3h3ejlrfk43sdsvwae.cx.internal.cloudapp.net process 0
  in thorn Carpet, file /home/runner/work/tests/tests/master/configs/sim/build/Carpet/Comm.cc:103:
  ->[0m Synchronising group "GRHYDRO::DENS" in local mode
[1mWARNING level 2 from host runnervmmklqx.5h22ydpj3h3ejlrfk43sdsvwae.cx.internal.cloudapp.net process 0
  in thorn Carpet, file /home/runner/work/tests/tests/master/configs/sim/build/Carpet/Comm.cc:103:
  ->[0m Synchronising group "GRHYDRO::SCON" in local mode
[1mWARNING level 2 from host runnervmmklqx.5h22ydpj3h3ejlrfk43sdsvwae.cx.internal.cloudapp.net process 0
  in thorn Carpet, file /home/runner/work/tests/tests/master/configs/sim/build/Carpet/Comm.cc:103:
  ->[0m Synchronising group "GRHYDRO::BCONS" in local mode
[1mWARNING level 2 from host runnervmmklqx.5h22ydpj3h3ejlrfk43sdsvwae.cx.internal.cloudapp.net process 0
  in thorn Carpet, file /home/runner/work/tests/tests/master/configs/sim/build/Carpet/Comm.cc:103:
  ->[0m Synchronising group "GRHYDRO::TAU" in local mode
[1mWARNING level 2 from host runnervmmklqx.5h22ydpj3h3ejlrfk43sdsvwae.cx.internal.cloudapp.net process 0
  in thorn Carpet, file /home/runner/work/tests/tests/master/configs/sim/build/Carpet/Comm.cc:103:
  ->[0m Synchronising group "GRHYDRO::DENS" in local mode
[1mWARNING level 2 from host runnervmmklqx.5h22ydpj3h3ejlrfk43sdsvwae.cx.internal.cloudapp.net process 0
  in thorn Carpet, file /home/runner/work/tests/tests/master/configs/sim/build/Carpet/Comm.cc:103:
  ->[0m Synchronising group "GRHYDRO::SCON" in local mode
[1mWARNING level 2 from host runnervmmklqx.5h22ydpj3h3ejlrfk43sdsvwae.cx.internal.cloudapp.net process 0
  in thorn Carpet, file /home/runner/work/tests/tests/master/configs/sim/build/Carpet/Comm.cc:103:
  ->[0m Synchronising group "GRHYDRO::BCONS" in local mode
[1mWARNING level 2 from host runnervmmklqx.5h22ydpj3h3ejlrfk43sdsvwae.cx.internal.cloudapp.net process 0
  in thorn Carpet, file /home/runner/work/tests/tests/master/configs/sim/build/Carpet/Comm.cc:103:
  ->[0m Synchronising group "GRHYDRO::TAU" in local mode
[1mWARNING level 2 from host runnervmmklqx.5h22ydpj3h3ejlrfk43sdsvwae.cx.internal.cloudapp.net process 0
  in thorn Carpet, file /home/runner/work/tests/tests/master/configs/sim/build/Carpet/Comm.cc:103:
  ->[0m Synchronising group "GRHYDRO::DENS" in local mode
[1mWARNING level 2 from host runnervmmklqx.5h22ydpj3h3ejlrfk43sdsvwae.cx.internal.cloudapp.net process 0
  in thorn Carpet, file /home/runner/work/tests/tests/master/configs/sim/build/Carpet/Comm.cc:103:
  ->[0m Synchronising group "GRHYDRO::SCON" in local mode
[1mWARNING level 2 from host runnervmmklqx.5h22ydpj3h3ejlrfk43sdsvwae.cx.internal.cloudapp.net process 0
  in thorn Carpet, file /home/runner/work/tests/tests/master/configs/sim/build/Carpet/Comm.cc:103:
  ->[0m Synchronising group "GRHYDRO::BCONS" in local mode
[1mWARNING level 2 from host runnervmmklqx.5h22ydpj3h3ejlrfk43sdsvwae.cx.internal.cloudapp.net process 0
  in thorn Carpet, file /home/runner/work/tests/tests/master/configs/sim/build/Carpet/Comm.cc:103:
  ->[0m Synchronising group "GRHYDRO::TAU" in local mode
[1mWARNING level 2 from host runnervmmklqx.5h22ydpj3h3ejlrfk43sdsvwae.cx.internal.cloudapp.net process 0
  in thorn Carpet, file /home/runner/work/tests/tests/master/configs/sim/build/Carpet/Comm.cc:103:
  ->[0m Synchronising group "GRHYDRO::DENS" in local mode
[1mWARNING level 2 from host runnervmmklqx.5h22ydpj3h3ejlrfk43sdsvwae.cx.internal.cloudapp.net process 0
  in thorn Carpet, file /home/runner/work/tests/tests/master/configs/sim/build/Carpet/Comm.cc:103:
  ->[0m Synchronising group "GRHYDRO::SCON" in local mode
[1mWARNING level 2 from host runnervmmklqx.5h22ydpj3h3ejlrfk43sdsvwae.cx.internal.cloudapp.net process 0
  in thorn Carpet, file /home/runner/work/tests/tests/master/configs/sim/build/Carpet/Comm.cc:103:
  ->[0m Synchronising group "GRHYDRO::BCONS" in local mode
[1mWARNING level 2 from host runnervmmklqx.5h22ydpj3h3ejlrfk43sdsvwae.cx.internal.cloudapp.net process 0
  in thorn Carpet, file /home/runner/work/tests/tests/master/configs/sim/build/Carpet/Comm.cc:103:
  ->[0m Synchronising group "GRHYDRO::TAU" in local mode
[1mWARNING level 2 from host runnervmmklqx.5h22ydpj3h3ejlrfk43sdsvwae.cx.internal.cloudapp.net process 0
  in thorn Carpet, file /home/runner/work/tests/tests/master/configs/sim/build/Carpet/Comm.cc:103:
  ->[0m Synchronising group "GRHYDRO::DENS" in local mode
[1mWARNING level 2 from host runnervmmklqx.5h22ydpj3h3ejlrfk43sdsvwae.cx.internal.cloudapp.net process 0
  in thorn Carpet, file /home/runner/work/tests/tests/master/configs/sim/build/Carpet/Comm.cc:103:
  ->[0m Synchronising group "GRHYDRO::SCON" in local mode
[1mWARNING level 2 from host runnervmmklqx.5h22ydpj3h3ejlrfk43sdsvwae.cx.internal.cloudapp.net process 0
  in thorn Carpet, file /home/runner/work/tests/tests/master/configs/sim/build/Carpet/Comm.cc:103:
  ->[0m Synchronising group "GRHYDRO::BCONS" in local mode
[1mWARNING level 2 from host runnervmmklqx.5h22ydpj3h3ejlrfk43sdsvwae.cx.internal.cloudapp.net process 0
  in thorn Carpet, file /home/runner/work/tests/tests/master/configs/sim/build/Carpet/Comm.cc:103:
  ->[0m Synchronising group "GRHYDRO::TAU" in local mode
[1mWARNING level 2 from host runnervmmklqx.5h22ydpj3h3ejlrfk43sdsvwae.cx.internal.cloudapp.net process 0
  in thorn Carpet, file /home/runner/work/tests/tests/master/configs/sim/build/Carpet/Comm.cc:103:
  ->[0m Synchronising group "GRHYDRO::DENS" in local mode
[1mWARNING level 2 from host runnervmmklqx.5h22ydpj3h3ejlrfk43sdsvwae.cx.internal.cloudapp.net process 0
  in thorn Carpet, file /home/runner/work/tests/tests/master/configs/sim/build/Carpet/Comm.cc:103:
  ->[0m Synchronising group "GRHYDRO::SCON" in local mode
[1mWARNING level 2 from host runnervmmklqx.5h22ydpj3h3ejlrfk43sdsvwae.cx.internal.cloudapp.net process 0
  in thorn Carpet, file /home/runner/work/tests/tests/master/configs/sim/build/Carpet/Comm.cc:103:
  ->[0m Synchronising group "GRHYDRO::BCONS" in local mode
[1mWARNING level 2 from host runnervmmklqx.5h22ydpj3h3ejlrfk43sdsvwae.cx.internal.cloudapp.net process 0
  in thorn Carpet, file /home/runner/work/tests/tests/master/configs/sim/build/Carpet/Comm.cc:103:
  ->[0m Synchronising group "GRHYDRO::TAU" in local mode
[1mWARNING level 2 from host runnervmmklqx.5h22ydpj3h3ejlrfk43sdsvwae.cx.internal.cloudapp.net process 0
  in thorn Carpet, file /home/runner/work/tests/tests/master/configs/sim/build/Carpet/Comm.cc:103:
  ->[0m Synchronising group "GRHYDRO::DENS" in local mode
[1mWARNING level 2 from host runnervmmklqx.5h22ydpj3h3ejlrfk43sdsvwae.cx.internal.cloudapp.net process 0
  in thorn Carpet, file /home/runner/work/tests/tests/master/configs/sim/build/Carpet/Comm.cc:103:
  ->[0m Synchronising group "GRHYDRO::SCON" in local mode
[1mWARNING level 2 from host runnervmmklqx.5h22ydpj3h3ejlrfk43sdsvwae.cx.internal.cloudapp.net process 0
  in thorn Carpet, file /home/runner/work/tests/tests/master/configs/sim/build/Carpet/Comm.cc:103:
  ->[0m Synchronising group "GRHYDRO::BCONS" in local mode
[1mWARNING level 2 from host runnervmmklqx.5h22ydpj3h3ejlrfk43sdsvwae.cx.internal.cloudapp.net process 0
  in thorn Carpet, file /home/runner/work/tests/tests/master/configs/sim/build/Carpet/Comm.cc:103:
  ->[0m Synchronising group "GRHYDRO::TAU" in local mode
[1mWARNING level 2 from host runnervmmklqx.5h22ydpj3h3ejlrfk43sdsvwae.cx.internal.cloudapp.net process 0
  in thorn Carpet, file /home/runner/work/tests/tests/master/configs/sim/build/Carpet/Comm.cc:103:
  ->[0m Synchronising group "GRHYDRO::DENS" in local mode
[1mWARNING level 2 from host runnervmmklqx.5h22ydpj3h3ejlrfk43sdsvwae.cx.internal.cloudapp.net process 0
  in thorn Carpet, file /home/runner/work/tests/tests/master/configs/sim/build/Carpet/Comm.cc:103:
  ->[0m Synchronising group "GRHYDRO::SCON" in local mode
[1mWARNING level 2 from host runnervmmklqx.5h22ydpj3h3ejlrfk43sdsvwae.cx.internal.cloudapp.net process 0
  in thorn Carpet, file /home/runner/work/tests/tests/master/configs/sim/build/Carpet/Comm.cc:103:
  ->[0m Synchronising group "GRHYDRO::BCONS" in local mode
        8     0.003 |  100.9152055 |   96.9999979 |    1.0103996 |   30.2207862 |        67
[1mWARNING level 2 from host runnervmmklqx.5h22ydpj3h3ejlrfk43sdsvwae.cx.internal.cloudapp.net process 0
  in thorn Carpet, file /home/runner/work/tests/tests/master/configs/sim/build/Carpet/Comm.cc:103:
  ->[0m Synchronising group "GRHYDRO::TAU" in local mode
[1mWARNING level 2 from host runnervmmklqx.5h22ydpj3h3ejlrfk43sdsvwae.cx.internal.cloudapp.net process 0
  in thorn Carpet, file /home/runner/work/tests/tests/master/configs/sim/build/Carpet/Comm.cc:103:
  ->[0m Synchronising group "GRHYDRO::DENS" in local mode
[1mWARNING level 2 from host runnervmmklqx.5h22ydpj3h3ejlrfk43sdsvwae.cx.internal.cloudapp.net process 0
  in thorn Carpet, file /home/runner/work/tests/tests/master/configs/sim/build/Carpet/Comm.cc:103:
  ->[0m Synchronising group "GRHYDRO::SCON" in local mode
[1mWARNING level 2 from host runnervmmklqx.5h22ydpj3h3ejlrfk43sdsvwae.cx.internal.cloudapp.net process 0
  in thorn Carpet, file /home/runner/work/tests/tests/master/configs/sim/build/Carpet/Comm.cc:103:
  ->[0m Synchronising group "GRHYDRO::BCONS" in local mode
[1mWARNING level 2 from host runnervmmklqx.5h22ydpj3h3ejlrfk43sdsvwae.cx.internal.cloudapp.net process 0
  in thorn Carpet, file /home/runner/work/tests/tests/master/configs/sim/build/Carpet/Comm.cc:103:
  ->[0m Synchronising group "GRHYDRO::TAU" in local mode
[1mWARNING level 2 from host runnervmmklqx.5h22ydpj3h3ejlrfk43sdsvwae.cx.internal.cloudapp.net process 0
  in thorn Carpet, file /home/runner/work/tests/tests/master/configs/sim/build/Carpet/Comm.cc:103:
  ->[0m Synchronising group "GRHYDRO::DENS" in local mode
[1mWARNING level 2 from host runnervmmklqx.5h22ydpj3h3ejlrfk43sdsvwae.cx.internal.cloudapp.net process 0
  in thorn Carpet, file /home/runner/work/tests/tests/master/configs/sim/build/Carpet/Comm.cc:103:
  ->[0m Synchronising group "GRHYDRO::SCON" in local mode
[1mWARNING level 2 from host runnervmmklqx.5h22ydpj3h3ejlrfk43sdsvwae.cx.internal.cloudapp.net process 0
  in thorn Carpet, file /home/runner/work/tests/tests/master/configs/sim/build/Carpet/Comm.cc:103:
  ->[0m Synchronising group "GRHYDRO::BCONS" in local mode
[1mWARNING level 2 from host runnervmmklqx.5h22ydpj3h3ejlrfk43sdsvwae.cx.internal.cloudapp.net process 0
  in thorn Carpet, file /home/runner/work/tests/tests/master/configs/sim/build/Carpet/Comm.cc:103:
  ->[0m Synchronising group "GRHYDRO::TAU" in local mode
[1mWARNING level 2 from host runnervmmklqx.5h22ydpj3h3ejlrfk43sdsvwae.cx.internal.cloudapp.net process 0
  in thorn Carpet, file /home/runner/work/tests/tests/master/configs/sim/build/Carpet/Comm.cc:103:
  ->[0m Synchronising group "GRHYDRO::DENS" in local mode
[1mWARNING level 2 from host runnervmmklqx.5h22ydpj3h3ejlrfk43sdsvwae.cx.internal.cloudapp.net process 0
  in thorn Carpet, file /home/runner/work/tests/tests/master/configs/sim/build/Carpet/Comm.cc:103:
  ->[0m Synchronising group "GRHYDRO::SCON" in local mode
[1mWARNING level 2 from host runnervmmklqx.5h22ydpj3h3ejlrfk43sdsvwae.cx.internal.cloudapp.net process 0
  in thorn Carpet, file /home/runner/work/tests/tests/master/configs/sim/build/Carpet/Comm.cc:103:
  ->[0m Synchronising group "GRHYDRO::BCONS" in local mode
[1mWARNING level 2 from host runnervmmklqx.5h22ydpj3h3ejlrfk43sdsvwae.cx.internal.cloudapp.net process 0
  in thorn Carpet, file /home/runner/work/tests/tests/master/configs/sim/build/Carpet/Comm.cc:103:
  ->[0m Synchronising group "GRHYDRO::TAU" in local mode
[1mWARNING level 2 from host runnervmmklqx.5h22ydpj3h3ejlrfk43sdsvwae.cx.internal.cloudapp.net process 0
  in thorn Carpet, file /home/runner/work/tests/tests/master/configs/sim/build/Carpet/Comm.cc:103:
  ->[0m Synchronising group "GRHYDRO::DENS" in local mode
[1mWARNING level 2 from host runnervmmklqx.5h22ydpj3h3ejlrfk43sdsvwae.cx.internal.cloudapp.net process 0
  in thorn Carpet, file /home/runner/work/tests/tests/master/configs/sim/build/Carpet/Comm.cc:103:
  ->[0m Synchronising group "GRHYDRO::SCON" in local mode
[1mWARNING level 2 from host runnervmmklqx.5h22ydpj3h3ejlrfk43sdsvwae.cx.internal.cloudapp.net process 0
  in thorn Carpet, file /home/runner/work/tests/tests/master/configs/sim/build/Carpet/Comm.cc:103:
  ->[0m Synchronising group "GRHYDRO::BCONS" in local mode
[1mWARNING level 2 from host runnervmmklqx.5h22ydpj3h3ejlrfk43sdsvwae.cx.internal.cloudapp.net process 0
  in thorn Carpet, file /home/runner/work/tests/tests/master/configs/sim/build/Carpet/Comm.cc:103:
  ->[0m Synchronising group "GRHYDRO::TAU" in local mode
[1mWARNING level 2 from host runnervmmklqx.5h22ydpj3h3ejlrfk43sdsvwae.cx.internal.cloudapp.net process 0
  in thorn Carpet, file /home/runner/work/tests/tests/master/configs/sim/build/Carpet/Comm.cc:103:
  ->[0m Synchronising group "GRHYDRO::DENS" in local mode
[1mWARNING level 2 from host runnervmmklqx.5h22ydpj3h3ejlrfk43sdsvwae.cx.internal.cloudapp.net process 0
  in thorn Carpet, file /home/runner/work/tests/tests/master/configs/sim/build/Carpet/Comm.cc:103:
  ->[0m Synchronising group "GRHYDRO::SCON" in local mode
[1mWARNING level 2 from host runnervmmklqx.5h22ydpj3h3ejlrfk43sdsvwae.cx.internal.cloudapp.net process 0
  in thorn Carpet, file /home/runner/work/tests/tests/master/configs/sim/build/Carpet/Comm.cc:103:
  ->[0m Synchronising group "GRHYDRO::BCONS" in local mode
[1mWARNING level 2 from host runnervmmklqx.5h22ydpj3h3ejlrfk43sdsvwae.cx.internal.cloudapp.net process 0
  in thorn Carpet, file /home/runner/work/tests/tests/master/configs/sim/build/Carpet/Comm.cc:103:
  ->[0m Synchronising group "GRHYDRO::TAU" in local mode
[1mWARNING level 2 from host runnervmmklqx.5h22ydpj3h3ejlrfk43sdsvwae.cx.internal.cloudapp.net process 0
  in thorn Carpet, file /home/runner/work/tests/tests/master/configs/sim/build/Carpet/Comm.cc:103:
  ->[0m Synchronising group "GRHYDRO::DENS" in local mode
[1mWARNING level 2 from host runnervmmklqx.5h22ydpj3h3ejlrfk43sdsvwae.cx.internal.cloudapp.net process 0
  in thorn Carpet, file /home/runner/work/tests/tests/master/configs/sim/build/Carpet/Comm.cc:103:
  ->[0m Synchronising group "GRHYDRO::SCON" in local mode
[1mWARNING level 2 from host runnervmmklqx.5h22ydpj3h3ejlrfk43sdsvwae.cx.internal.cloudapp.net process 0
  in thorn Carpet, file /home/runner/work/tests/tests/master/configs/sim/build/Carpet/Comm.cc:103:
  ->[0m Synchronising group "GRHYDRO::BCONS" in local mode
[1mWARNING level 2 from host runnervmmklqx.5h22ydpj3h3ejlrfk43sdsvwae.cx.internal.cloudapp.net process 0
  in thorn Carpet, file /home/runner/work/tests/tests/master/configs/sim/build/Carpet/Comm.cc:103:
  ->[0m Synchronising group "GRHYDRO::TAU" in local mode
[1mWARNING level 2 from host runnervmmklqx.5h22ydpj3h3ejlrfk43sdsvwae.cx.internal.cloudapp.net process 0
  in thorn Carpet, file /home/runner/work/tests/tests/master/configs/sim/build/Carpet/Comm.cc:103:
  ->[0m Synchronising group "GRHYDRO::DENS" in local mode
[1mWARNING level 2 from host runnervmmklqx.5h22ydpj3h3ejlrfk43sdsvwae.cx.internal.cloudapp.net process 0
  in thorn Carpet, file /home/runner/work/tests/tests/master/configs/sim/build/Carpet/Comm.cc:103:
  ->[0m Synchronising group "GRHYDRO::SCON" in local mode
[1mWARNING level 2 from host runnervmmklqx.5h22ydpj3h3ejlrfk43sdsvwae.cx.internal.cloudapp.net process 0
  in thorn Carpet, file /home/runner/work/tests/tests/master/configs/sim/build/Carpet/Comm.cc:103:
  ->[0m Synchronising group "GRHYDRO::BCONS" in local mode
[1mWARNING level 2 from host runnervmmklqx.5h22ydpj3h3ejlrfk43sdsvwae.cx.internal.cloudapp.net process 0
  in thorn Carpet, file /home/runner/work/tests/tests/master/configs/sim/build/Carpet/Comm.cc:103:
  ->[0m Synchronising group "GRHYDRO::TAU" in local mode
[1mWARNING level 2 from host runnervmmklqx.5h22ydpj3h3ejlrfk43sdsvwae.cx.internal.cloudapp.net process 0
  in thorn Carpet, file /home/runner/work/tests/tests/master/configs/sim/build/Carpet/Comm.cc:103:
  ->[0m Synchronising group "GRHYDRO::DENS" in local mode
[1mWARNING level 2 from host runnervmmklqx.5h22ydpj3h3ejlrfk43sdsvwae.cx.internal.cloudapp.net process 0
  in thorn Carpet, file /home/runner/work/tests/tests/master/configs/sim/build/Carpet/Comm.cc:103:
  ->[0m Synchronising group "GRHYDRO::SCON" in local mode
[1mWARNING level 2 from host runnervmmklqx.5h22ydpj3h3ejlrfk43sdsvwae.cx.internal.cloudapp.net process 0
  in thorn Carpet, file /home/runner/work/tests/tests/master/configs/sim/build/Carpet/Comm.cc:103:
  ->[0m Synchronising group "GRHYDRO::BCONS" in local mode
[1mWARNING level 2 from host runnervmmklqx.5h22ydpj3h3ejlrfk43sdsvwae.cx.internal.cloudapp.net process 0
  in thorn Carpet, file /home/runner/work/tests/tests/master/configs/sim/build/Carpet/Comm.cc:103:
  ->[0m Synchronising group "GRHYDRO::TAU" in local mode
[1mWARNING level 2 from host runnervmmklqx.5h22ydpj3h3ejlrfk43sdsvwae.cx.internal.cloudapp.net process 0
  in thorn Carpet, file /home/runner/work/tests/tests/master/configs/sim/build/Carpet/Comm.cc:103:
  ->[0m Synchronising group "GRHYDRO::DENS" in local mode
[1mWARNING level 2 from host runnervmmklqx.5h22ydpj3h3ejlrfk43sdsvwae.cx.internal.cloudapp.net process 0
  in thorn Carpet, file /home/runner/work/tests/tests/master/configs/sim/build/Carpet/Comm.cc:103:
  ->[0m Synchronising group "GRHYDRO::SCON" in local mode
[1mWARNING level 2 from host runnervmmklqx.5h22ydpj3h3ejlrfk43sdsvwae.cx.internal.cloudapp.net process 0
  in thorn Carpet, file /home/runner/work/tests/tests/master/configs/sim/build/Carpet/Comm.cc:103:
  ->[0m Synchronising group "GRHYDRO::BCONS" in local mode
[1mWARNING level 2 from host runnervmmklqx.5h22ydpj3h3ejlrfk43sdsvwae.cx.internal.cloudapp.net process 0
  in thorn Carpet, file /home/runner/work/tests/tests/master/configs/sim/build/Carpet/Comm.cc:103:
  ->[0m Synchronising group "GRHYDRO::TAU" in local mode
[1mWARNING level 2 from host runnervmmklqx.5h22ydpj3h3ejlrfk43sdsvwae.cx.internal.cloudapp.net process 0
  in thorn Carpet, file /home/runner/work/tests/tests/master/configs/sim/build/Carpet/Comm.cc:103:
  ->[0m Synchronising group "GRHYDRO::DENS" in local mode
[1mWARNING level 2 from host runnervmmklqx.5h22ydpj3h3ejlrfk43sdsvwae.cx.internal.cloudapp.net process 0
  in thorn Carpet, file /home/runner/work/tests/tests/master/configs/sim/build/Carpet/Comm.cc:103:
  ->[0m Synchronising group "GRHYDRO::SCON" in local mode
[1mWARNING level 2 from host runnervmmklqx.5h22ydpj3h3ejlrfk43sdsvwae.cx.internal.cloudapp.net process 0
  in thorn Carpet, file /home/runner/work/tests/tests/master/configs/sim/build/Carpet/Comm.cc:103:
  ->[0m Synchronising group "GRHYDRO::BCONS" in local mode
[1mWARNING level 2 from host runnervmmklqx.5h22ydpj3h3ejlrfk43sdsvwae.cx.internal.cloudapp.net process 0
  in thorn Carpet, file /home/runner/work/tests/tests/master/configs/sim/build/Carpet/Comm.cc:103:
  ->[0m Synchronising group "GRHYDRO::TAU" in local mode
[1mWARNING level 2 from host runnervmmklqx.5h22ydpj3h3ejlrfk43sdsvwae.cx.internal.cloudapp.net process 0
  in thorn Carpet, file /home/runner/work/tests/tests/master/configs/sim/build/Carpet/Comm.cc:103:
  ->[0m Synchronising group "GRHYDRO::DENS" in local mode
[1mWARNING level 2 from host runnervmmklqx.5h22ydpj3h3ejlrfk43sdsvwae.cx.internal.cloudapp.net process 0
  in thorn Carpet, file /home/runner/work/tests/tests/master/configs/sim/build/Carpet/Comm.cc:103:
  ->[0m Synchronising group "GRHYDRO::SCON" in local mode
[1mWARNING level 2 from host runnervmmklqx.5h22ydpj3h3ejlrfk43sdsvwae.cx.internal.cloudapp.net process 0
  in thorn Carpet, file /home/runner/work/tests/tests/master/configs/sim/build/Carpet/Comm.cc:103:
  ->[0m Synchronising group "GRHYDRO::BCONS" in local mode
[1mWARNING level 2 from host runnervmmklqx.5h22ydpj3h3ejlrfk43sdsvwae.cx.internal.cloudapp.net process 0
  in thorn Carpet, file /home/runner/work/tests/tests/master/configs/sim/build/Carpet/Comm.cc:103:
  ->[0m Synchronising group "GRHYDRO::TAU" in local mode
[1mWARNING level 2 from host runnervmmklqx.5h22ydpj3h3ejlrfk43sdsvwae.cx.internal.cloudapp.net process 0
  in thorn Carpet, file /home/runner/work/tests/tests/master/configs/sim/build/Carpet/Comm.cc:103:
  ->[0m Synchronising group "GRHYDRO::DENS" in local mode
[1mWARNING level 2 from host runnervmmklqx.5h22ydpj3h3ejlrfk43sdsvwae.cx.internal.cloudapp.net process 0
  in thorn Carpet, file /home/runner/work/tests/tests/master/configs/sim/build/Carpet/Comm.cc:103:
  ->[0m Synchronising group "GRHYDRO::SCON" in local mode
[1mWARNING level 2 from host runnervmmklqx.5h22ydpj3h3ejlrfk43sdsvwae.cx.internal.cloudapp.net process 0
  in thorn Carpet, file /home/runner/work/tests/tests/master/configs/sim/build/Carpet/Comm.cc:103:
  ->[0m Synchronising group "GRHYDRO::BCONS" in local mode
[1mWARNING level 2 from host runnervmmklqx.5h22ydpj3h3ejlrfk43sdsvwae.cx.internal.cloudapp.net process 0
  in thorn Carpet, file /home/runner/work/tests/tests/master/configs/sim/build/Carpet/Comm.cc:103:
  ->[0m Synchronising group "GRHYDRO::TAU" in local mode
[1mWARNING level 2 from host runnervmmklqx.5h22ydpj3h3ejlrfk43sdsvwae.cx.internal.cloudapp.net process 0
  in thorn Carpet, file /home/runner/work/tests/tests/master/configs/sim/build/Carpet/Comm.cc:103:
  ->[0m Synchronising group "GRHYDRO::DENS" in local mode
[1mWARNING level 2 from host runnervmmklqx.5h22ydpj3h3ejlrfk43sdsvwae.cx.internal.cloudapp.net process 0
  in thorn Carpet, file /home/runner/work/tests/tests/master/configs/sim/build/Carpet/Comm.cc:103:
  ->[0m Synchronising group "GRHYDRO::SCON" in local mode
[1mWARNING level 2 from host runnervmmklqx.5h22ydpj3h3ejlrfk43sdsvwae.cx.internal.cloudapp.net process 0
  in thorn Carpet, file /home/runner/work/tests/tests/master/configs/sim/build/Carpet/Comm.cc:103:
  ->[0m Synchronising group "GRHYDRO::BCONS" in local mode
[1mWARNING level 2 from host runnervmmklqx.5h22ydpj3h3ejlrfk43sdsvwae.cx.internal.cloudapp.net process 0
  in thorn Carpet, file /home/runner/work/tests/tests/master/configs/sim/build/Carpet/Comm.cc:103:
  ->[0m Synchronising group "GRHYDRO::TAU" in local mode
[1mWARNING level 2 from host runnervmmklqx.5h22ydpj3h3ejlrfk43sdsvwae.cx.internal.cloudapp.net process 0
  in thorn Carpet, file /home/runner/work/tests/tests/master/configs/sim/build/Carpet/Comm.cc:103:
  ->[0m Synchronising group "GRHYDRO::DENS" in local mode
[1mWARNING level 2 from host runnervmmklqx.5h22ydpj3h3ejlrfk43sdsvwae.cx.internal.cloudapp.net process 0
  in thorn Carpet, file /home/runner/work/tests/tests/master/configs/sim/build/Carpet/Comm.cc:103:
  ->[0m Synchronising group "GRHYDRO::SCON" in local mode
[1mWARNING level 2 from host runnervmmklqx.5h22ydpj3h3ejlrfk43sdsvwae.cx.internal.cloudapp.net process 0
  in thorn Carpet, file /home/runner/work/tests/tests/master/configs/sim/build/Carpet/Comm.cc:103:
  ->[0m Synchronising group "GRHYDRO::BCONS" in local mode
        9     0.003 |  101.1526543 |   96.9999979 |    1.0123857 |   30.2504446 |        67
[1mWARNING level 2 from host runnervmmklqx.5h22ydpj3h3ejlrfk43sdsvwae.cx.internal.cloudapp.net process 0
  in thorn Carpet, file /home/runner/work/tests/tests/master/configs/sim/build/Carpet/Comm.cc:103:
  ->[0m Synchronising group "GRHYDRO::TAU" in local mode
[1mWARNING level 2 from host runnervmmklqx.5h22ydpj3h3ejlrfk43sdsvwae.cx.internal.cloudapp.net process 0
  in thorn Carpet, file /home/runner/work/tests/tests/master/configs/sim/build/Carpet/Comm.cc:103:
  ->[0m Synchronising group "GRHYDRO::DENS" in local mode
[1mWARNING level 2 from host runnervmmklqx.5h22ydpj3h3ejlrfk43sdsvwae.cx.internal.cloudapp.net process 0
  in thorn Carpet, file /home/runner/work/tests/tests/master/configs/sim/build/Carpet/Comm.cc:103:
  ->[0m Synchronising group "GRHYDRO::SCON" in local mode
[1mWARNING level 2 from host runnervmmklqx.5h22ydpj3h3ejlrfk43sdsvwae.cx.internal.cloudapp.net process 0
  in thorn Carpet, file /home/runner/work/tests/tests/master/configs/sim/build/Carpet/Comm.cc:103:
  ->[0m Synchronising group "GRHYDRO::BCONS" in local mode
[1mWARNING level 2 from host runnervmmklqx.5h22ydpj3h3ejlrfk43sdsvwae.cx.internal.cloudapp.net process 0
  in thorn Carpet, file /home/runner/work/tests/tests/master/configs/sim/build/Carpet/Comm.cc:103:
  ->[0m Synchronising group "GRHYDRO::TAU" in local mode
[1mWARNING level 2 from host runnervmmklqx.5h22ydpj3h3ejlrfk43sdsvwae.cx.internal.cloudapp.net process 0
  in thorn Carpet, file /home/runner/work/tests/tests/master/configs/sim/build/Carpet/Comm.cc:103:
  ->[0m Synchronising group "GRHYDRO::DENS" in local mode
[1mWARNING level 2 from host runnervmmklqx.5h22ydpj3h3ejlrfk43sdsvwae.cx.internal.cloudapp.net process 0
  in thorn Carpet, file /home/runner/work/tests/tests/master/configs/sim/build/Carpet/Comm.cc:103:
  ->[0m Synchronising group "GRHYDRO::SCON" in local mode
[1mWARNING level 2 from host runnervmmklqx.5h22ydpj3h3ejlrfk43sdsvwae.cx.internal.cloudapp.net process 0
  in thorn Carpet, file /home/runner/work/tests/tests/master/configs/sim/build/Carpet/Comm.cc:103:
  ->[0m Synchronising group "GRHYDRO::BCONS" in local mode
[1mWARNING level 2 from host runnervmmklqx.5h22ydpj3h3ejlrfk43sdsvwae.cx.internal.cloudapp.net process 0
  in thorn Carpet, file /home/runner/work/tests/tests/master/configs/sim/build/Carpet/Comm.cc:103:
  ->[0m Synchronising group "GRHYDRO::TAU" in local mode
[1mWARNING level 2 from host runnervmmklqx.5h22ydpj3h3ejlrfk43sdsvwae.cx.internal.cloudapp.net process 0
  in thorn Carpet, file /home/runner/work/tests/tests/master/configs/sim/build/Carpet/Comm.cc:103:
  ->[0m Synchronising group "GRHYDRO::DENS" in local mode
[1mWARNING level 2 from host runnervmmklqx.5h22ydpj3h3ejlrfk43sdsvwae.cx.internal.cloudapp.net process 0
  in thorn Carpet, file /home/runner/work/tests/tests/master/configs/sim/build/Carpet/Comm.cc:103:
  ->[0m Synchronising group "GRHYDRO::SCON" in local mode
[1mWARNING level 2 from host runnervmmklqx.5h22ydpj3h3ejlrfk43sdsvwae.cx.internal.cloudapp.net process 0
  in thorn Carpet, file /home/runner/work/tests/tests/master/configs/sim/build/Carpet/Comm.cc:103:
  ->[0m Synchronising group "GRHYDRO::BCONS" in local mode
[1mWARNING level 2 from host runnervmmklqx.5h22ydpj3h3ejlrfk43sdsvwae.cx.internal.cloudapp.net process 0
  in thorn Carpet, file /home/runner/work/tests/tests/master/configs/sim/build/Carpet/Comm.cc:103:
  ->[0m Synchronising group "GRHYDRO::TAU" in local mode
[1mWARNING level 2 from host runnervmmklqx.5h22ydpj3h3ejlrfk43sdsvwae.cx.internal.cloudapp.net process 0
  in thorn Carpet, file /home/runner/work/tests/tests/master/configs/sim/build/Carpet/Comm.cc:103:
  ->[0m Synchronising group "GRHYDRO::DENS" in local mode
[1mWARNING level 2 from host runnervmmklqx.5h22ydpj3h3ejlrfk43sdsvwae.cx.internal.cloudapp.net process 0
  in thorn Carpet, file /home/runner/work/tests/tests/master/configs/sim/build/Carpet/Comm.cc:103:
  ->[0m Synchronising group "GRHYDRO::SCON" in local mode
[1mWARNING level 2 from host runnervmmklqx.5h22ydpj3h3ejlrfk43sdsvwae.cx.internal.cloudapp.net process 0
  in thorn Carpet, file /home/runner/work/tests/tests/master/configs/sim/build/Carpet/Comm.cc:103:
  ->[0m Synchronising group "GRHYDRO::BCONS" in local mode
[1mWARNING level 2 from host runnervmmklqx.5h22ydpj3h3ejlrfk43sdsvwae.cx.internal.cloudapp.net process 0
  in thorn Carpet, file /home/runner/work/tests/tests/master/configs/sim/build/Carpet/Comm.cc:103:
  ->[0m Synchronising group "GRHYDRO::TAU" in local mode
[1mWARNING level 2 from host runnervmmklqx.5h22ydpj3h3ejlrfk43sdsvwae.cx.internal.cloudapp.net process 0
  in thorn Carpet, file /home/runner/work/tests/tests/master/configs/sim/build/Carpet/Comm.cc:103:
  ->[0m Synchronising group "GRHYDRO::DENS" in local mode
[1mWARNING level 2 from host runnervmmklqx.5h22ydpj3h3ejlrfk43sdsvwae.cx.internal.cloudapp.net process 0
  in thorn Carpet, file /home/runner/work/tests/tests/master/configs/sim/build/Carpet/Comm.cc:103:
  ->[0m Synchronising group "GRHYDRO::SCON" in local mode
[1mWARNING level 2 from host runnervmmklqx.5h22ydpj3h3ejlrfk43sdsvwae.cx.internal.cloudapp.net process 0
  in thorn Carpet, file /home/runner/work/tests/tests/master/configs/sim/build/Carpet/Comm.cc:103:
  ->[0m Synchronising group "GRHYDRO::BCONS" in local mode
[1mWARNING level 2 from host runnervmmklqx.5h22ydpj3h3ejlrfk43sdsvwae.cx.internal.cloudapp.net process 0
  in thorn Carpet, file /home/runner/work/tests/tests/master/configs/sim/build/Carpet/Comm.cc:103:
  ->[0m Synchronising group "GRHYDRO::TAU" in local mode
[1mWARNING level 2 from host runnervmmklqx.5h22ydpj3h3ejlrfk43sdsvwae.cx.internal.cloudapp.net process 0
  in thorn Carpet, file /home/runner/work/tests/tests/master/configs/sim/build/Carpet/Comm.cc:103:
  ->[0m Synchronising group "GRHYDRO::DENS" in local mode
[1mWARNING level 2 from host runnervmmklqx.5h22ydpj3h3ejlrfk43sdsvwae.cx.internal.cloudapp.net process 0
  in thorn Carpet, file /home/runner/work/tests/tests/master/configs/sim/build/Carpet/Comm.cc:103:
  ->[0m Synchronising group "GRHYDRO::SCON" in local mode
[1mWARNING level 2 from host runnervmmklqx.5h22ydpj3h3ejlrfk43sdsvwae.cx.internal.cloudapp.net process 0
  in thorn Carpet, file /home/runner/work/tests/tests/master/configs/sim/build/Carpet/Comm.cc:103:
  ->[0m Synchronising group "GRHYDRO::BCONS" in local mode
[1mWARNING level 2 from host runnervmmklqx.5h22ydpj3h3ejlrfk43sdsvwae.cx.internal.cloudapp.net process 0
  in thorn Carpet, file /home/runner/work/tests/tests/master/configs/sim/build/Carpet/Comm.cc:103:
  ->[0m Synchronising group "GRHYDRO::TAU" in local mode
[1mWARNING level 2 from host runnervmmklqx.5h22ydpj3h3ejlrfk43sdsvwae.cx.internal.cloudapp.net process 0
  in thorn Carpet, file /home/runner/work/tests/tests/master/configs/sim/build/Carpet/Comm.cc:103:
  ->[0m Synchronising group "GRHYDRO::DENS" in local mode
[1mWARNING level 2 from host runnervmmklqx.5h22ydpj3h3ejlrfk43sdsvwae.cx.internal.cloudapp.net process 0
  in thorn Carpet, file /home/runner/work/tests/tests/master/configs/sim/build/Carpet/Comm.cc:103:
  ->[0m Synchronising group "GRHYDRO::SCON" in local mode
[1mWARNING level 2 from host runnervmmklqx.5h22ydpj3h3ejlrfk43sdsvwae.cx.internal.cloudapp.net process 0
  in thorn Carpet, file /home/runner/work/tests/tests/master/configs/sim/build/Carpet/Comm.cc:103:
  ->[0m Synchronising group "GRHYDRO::BCONS" in local mode
[1mWARNING level 2 from host runnervmmklqx.5h22ydpj3h3ejlrfk43sdsvwae.cx.internal.cloudapp.net process 0
  in thorn Carpet, file /home/runner/work/tests/tests/master/configs/sim/build/Carpet/Comm.cc:103:
  ->[0m Synchronising group "GRHYDRO::TAU" in local mode
[1mWARNING level 2 from host runnervmmklqx.5h22ydpj3h3ejlrfk43sdsvwae.cx.internal.cloudapp.net process 0
  in thorn Carpet, file /home/runner/work/tests/tests/master/configs/sim/build/Carpet/Comm.cc:103:
  ->[0m Synchronising group "GRHYDRO::DENS" in local mode
[1mWARNING level 2 from host runnervmmklqx.5h22ydpj3h3ejlrfk43sdsvwae.cx.internal.cloudapp.net process 0
  in thorn Carpet, file /home/runner/work/tests/tests/master/configs/sim/build/Carpet/Comm.cc:103:
  ->[0m Synchronising group "GRHYDRO::SCON" in local mode
[1mWARNING level 2 from host runnervmmklqx.5h22ydpj3h3ejlrfk43sdsvwae.cx.internal.cloudapp.net process 0
  in thorn Carpet, file /home/runner/work/tests/tests/master/configs/sim/build/Carpet/Comm.cc:103:
  ->[0m Synchronising group "GRHYDRO::BCONS" in local mode
[1mWARNING level 2 from host runnervmmklqx.5h22ydpj3h3ejlrfk43sdsvwae.cx.internal.cloudapp.net process 0
  in thorn Carpet, file /home/runner/work/tests/tests/master/configs/sim/build/Carpet/Comm.cc:103:
  ->[0m Synchronising group "GRHYDRO::TAU" in local mode
[1mWARNING level 2 from host runnervmmklqx.5h22ydpj3h3ejlrfk43sdsvwae.cx.internal.cloudapp.net process 0
  in thorn Carpet, file /home/runner/work/tests/tests/master/configs/sim/build/Carpet/Comm.cc:103:
  ->[0m Synchronising group "GRHYDRO::DENS" in local mode
[1mWARNING level 2 from host runnervmmklqx.5h22ydpj3h3ejlrfk43sdsvwae.cx.internal.cloudapp.net process 0
  in thorn Carpet, file /home/runner/work/tests/tests/master/configs/sim/build/Carpet/Comm.cc:103:
  ->[0m Synchronising group "GRHYDRO::SCON" in local mode
[1mWARNING level 2 from host runnervmmklqx.5h22ydpj3h3ejlrfk43sdsvwae.cx.internal.cloudapp.net process 0
  in thorn Carpet, file /home/runner/work/tests/tests/master/configs/sim/build/Carpet/Comm.cc:103:
  ->[0m Synchronising group "GRHYDRO::BCONS" in local mode
[1mWARNING level 2 from host runnervmmklqx.5h22ydpj3h3ejlrfk43sdsvwae.cx.internal.cloudapp.net process 0
  in thorn Carpet, file /home/runner/work/tests/tests/master/configs/sim/build/Carpet/Comm.cc:103:
  ->[0m Synchronising group "GRHYDRO::TAU" in local mode
[1mWARNING level 2 from host runnervmmklqx.5h22ydpj3h3ejlrfk43sdsvwae.cx.internal.cloudapp.net process 0
  in thorn Carpet, file /home/runner/work/tests/tests/master/configs/sim/build/Carpet/Comm.cc:103:
  ->[0m Synchronising group "GRHYDRO::DENS" in local mode
[1mWARNING level 2 from host runnervmmklqx.5h22ydpj3h3ejlrfk43sdsvwae.cx.internal.cloudapp.net process 0
  in thorn Carpet, file /home/runner/work/tests/tests/master/configs/sim/build/Carpet/Comm.cc:103:
  ->[0m Synchronising group "GRHYDRO::SCON" in local mode
[1mWARNING level 2 from host runnervmmklqx.5h22ydpj3h3ejlrfk43sdsvwae.cx.internal.cloudapp.net process 0
  in thorn Carpet, file /home/runner/work/tests/tests/master/configs/sim/build/Carpet/Comm.cc:103:
  ->[0m Synchronising group "GRHYDRO::BCONS" in local mode
[1mWARNING level 2 from host runnervmmklqx.5h22ydpj3h3ejlrfk43sdsvwae.cx.internal.cloudapp.net process 0
  in thorn Carpet, file /home/runner/work/tests/tests/master/configs/sim/build/Carpet/Comm.cc:103:
  ->[0m Synchronising group "GRHYDRO::TAU" in local mode
[1mWARNING level 2 from host runnervmmklqx.5h22ydpj3h3ejlrfk43sdsvwae.cx.internal.cloudapp.net process 0
  in thorn Carpet, file /home/runner/work/tests/tests/master/configs/sim/build/Carpet/Comm.cc:103:
  ->[0m Synchronising group "GRHYDRO::DENS" in local mode
[1mWARNING level 2 from host runnervmmklqx.5h22ydpj3h3ejlrfk43sdsvwae.cx.internal.cloudapp.net process 0
  in thorn Carpet, file /home/runner/work/tests/tests/master/configs/sim/build/Carpet/Comm.cc:103:
  ->[0m Synchronising group "GRHYDRO::SCON" in local mode
[1mWARNING level 2 from host runnervmmklqx.5h22ydpj3h3ejlrfk43sdsvwae.cx.internal.cloudapp.net process 0
  in thorn Carpet, file /home/runner/work/tests/tests/master/configs/sim/build/Carpet/Comm.cc:103:
  ->[0m Synchronising group "GRHYDRO::BCONS" in local mode
[1mWARNING level 2 from host runnervmmklqx.5h22ydpj3h3ejlrfk43sdsvwae.cx.internal.cloudapp.net process 0
  in thorn Carpet, file /home/runner/work/tests/tests/master/configs/sim/build/Carpet/Comm.cc:103:
  ->[0m Synchronising group "GRHYDRO::TAU" in local mode
[1mWARNING level 2 from host runnervmmklqx.5h22ydpj3h3ejlrfk43sdsvwae.cx.internal.cloudapp.net process 0
  in thorn Carpet, file /home/runner/work/tests/tests/master/configs/sim/build/Carpet/Comm.cc:103:
  ->[0m Synchronising group "GRHYDRO::DENS" in local mode
[1mWARNING level 2 from host runnervmmklqx.5h22ydpj3h3ejlrfk43sdsvwae.cx.internal.cloudapp.net process 0
  in thorn Carpet, file /home/runner/work/tests/tests/master/configs/sim/build/Carpet/Comm.cc:103:
  ->[0m Synchronising group "GRHYDRO::SCON" in local mode
[1mWARNING level 2 from host runnervmmklqx.5h22ydpj3h3ejlrfk43sdsvwae.cx.internal.cloudapp.net process 0
  in thorn Carpet, file /home/runner/work/tests/tests/master/configs/sim/build/Carpet/Comm.cc:103:
  ->[0m Synchronising group "GRHYDRO::BCONS" in local mode
[1mWARNING level 2 from host runnervmmklqx.5h22ydpj3h3ejlrfk43sdsvwae.cx.internal.cloudapp.net process 0
  in thorn Carpet, file /home/runner/work/tests/tests/master/configs/sim/build/Carpet/Comm.cc:103:
  ->[0m Synchronising group "GRHYDRO::TAU" in local mode
[1mWARNING level 2 from host runnervmmklqx.5h22ydpj3h3ejlrfk43sdsvwae.cx.internal.cloudapp.net process 0
  in thorn Carpet, file /home/runner/work/tests/tests/master/configs/sim/build/Carpet/Comm.cc:103:
  ->[0m Synchronising group "GRHYDRO::DENS" in local mode
[1mWARNING level 2 from host runnervmmklqx.5h22ydpj3h3ejlrfk43sdsvwae.cx.internal.cloudapp.net process 0
  in thorn Carpet, file /home/runner/work/tests/tests/master/configs/sim/build/Carpet/Comm.cc:103:
  ->[0m Synchronising group "GRHYDRO::SCON" in local mode
[1mWARNING level 2 from host runnervmmklqx.5h22ydpj3h3ejlrfk43sdsvwae.cx.internal.cloudapp.net process 0
  in thorn Carpet, file /home/runner/work/tests/tests/master/configs/sim/build/Carpet/Comm.cc:103:
  ->[0m Synchronising group "GRHYDRO::BCONS" in local mode
[1mWARNING level 2 from host runnervmmklqx.5h22ydpj3h3ejlrfk43sdsvwae.cx.internal.cloudapp.net process 0
  in thorn Carpet, file /home/runner/work/tests/tests/master/configs/sim/build/Carpet/Comm.cc:103:
  ->[0m Synchronising group "GRHYDRO::TAU" in local mode
[1mWARNING level 2 from host runnervmmklqx.5h22ydpj3h3ejlrfk43sdsvwae.cx.internal.cloudapp.net process 0
  in thorn Carpet, file /home/runner/work/tests/tests/master/configs/sim/build/Carpet/Comm.cc:103:
  ->[0m Synchronising group "GRHYDRO::DENS" in local mode
[1mWARNING level 2 from host runnervmmklqx.5h22ydpj3h3ejlrfk43sdsvwae.cx.internal.cloudapp.net process 0
  in thorn Carpet, file /home/runner/work/tests/tests/master/configs/sim/build/Carpet/Comm.cc:103:
  ->[0m Synchronising group "GRHYDRO::SCON" in local mode
[1mWARNING level 2 from host runnervmmklqx.5h22ydpj3h3ejlrfk43sdsvwae.cx.internal.cloudapp.net process 0
  in thorn Carpet, file /home/runner/work/tests/tests/master/configs/sim/build/Carpet/Comm.cc:103:
  ->[0m Synchronising group "GRHYDRO::BCONS" in local mode
       10     0.004 |  101.4323799 |   96.9999979 |    1.0144526 |   30.2803465 |        67
INFO (TimerReport): Timer Report before terminating at iteration 10 time 0.00353553
==================================================================================================================================================================================================
Thorn           | Scheduled routine in time bin           | gettimeofday [secs] | getrusage [secs] | cycle [secs] | cycle[avg] [secs] | cycle[sdv] [secs] | cycle[min] [secs] | cycle[max] [secs] 
==================================================================================================================================================================================================
Carpet          | Multi-model Startup routine             |          0.00025600 |       0.00023900 |   0.00000000 |        0.00000000 |        0.00000000 |        0.00000000 |        0.00000000 
CycleClock      | Set up CycleClock                       |          0.10005100 |       0.10003800 |   0.00000450 |        0.00000450 |        0.00000000 |        0.00000450 |        0.00000450 
LoopControl     | Set up LoopControl                      |          0.00000200 |       0.00000200 |   0.00000251 |        0.00000251 |        0.00000000 |        0.00000251 |        0.00000251 
Timers          | Prepare hierarchical timers             |          0.00000600 |       0.00000600 |   0.00000576 |        0.00000576 |        0.00000000 |        0.00000576 |        0.00000576 
Carpet          | Startup routine                         |          0.00000400 |       0.00000300 |   0.00000352 |        0.00000352 |        0.00000000 |        0.00000352 |        0.00000352 
IOUtil          | Startup routine                         |          0.00000300 |       0.00000400 |   0.00000300 |        0.00000300 |        0.00000000 |        0.00000300 |        0.00000300 
CarpetIOScalar  | Startup routine                         |          0.00001600 |       0.00001600 |   0.00001620 |        0.00001620 |        0.00000000 |        0.00001620 |        0.00001620 
CarpetInterp    | Startup routine                         |          0.00000100 |       0.00000100 |   0.00000121 |        0.00000121 |        0.00000000 |        0.00000121 |        0.00000121 
CarpetReduce    | Startup routine                         |          0.00003100 |       0.00003100 |   0.00003183 |        0.00003183 |        0.00000000 |        0.00003183 |        0.00003183 
CartGrid3D      | Register GH Extension for GridSymmetry  |          0.00000100 |       0.00000200 |   0.00000166 |        0.00000166 |        0.00000000 |        0.00000166 |        0.00000166 
CoordBase       | Register a GH extension to store the coo|          0.00000100 |       0.00000100 |   0.00000133 |        0.00000133 |        0.00000000 |        0.00000133 |        0.00000133 
AEILocalInterp  | register CCTK_InterpLocalUniform() inter|          0.00000300 |       0.00000300 |   0.00000278 |        0.00000278 |        0.00000000 |        0.00000278 |        0.00000278 
EOS_Omni        | Set up conversion factors and other fun |          0.00001400 |       0.00001400 |   0.00001361 |        0.00001361 |        0.00000000 |        0.00001361 |        0.00001361 
EOS_Polytrope   | Setup the polytropic EOS                |          0.00000100 |       0.00000200 |   0.00000170 |        0.00000170 |        0.00000000 |        0.00000170 |        0.00000170 
GRHydro         | Startup banner                          |          0.00000400 |       0.00000400 |   0.00000402 |        0.00000402 |        0.00000000 |        0.00000402 |        0.00000402 
GRHydro         | Register the hydro masks                |          0.00000500 |       0.00000500 |   0.00000491 |        0.00000491 |        0.00000000 |        0.00000491 |        0.00000491 
HydroBase       | Startup banner                          |          0.00000200 |       0.00000200 |   0.00000128 |        0.00000128 |        0.00000000 |        0.00000128 |        0.00000128 
CarpetIOASCII   | Startup routine                         |          0.00002800 |       0.00002800 |   0.00002866 |        0.00002866 |        0.00000000 |        0.00002866 |        0.00002866 
LocalInterp     | register LocalInterp's interpolation ope|          0.00000200 |       0.00000200 |   0.00000133 |        0.00000133 |        0.00000000 |        0.00000133 |        0.00000133 
LocalReduce     | Startup routine                         |          0.00001600 |       0.00001600 |   0.00001605 |        0.00001605 |        0.00000000 |        0.00001605 |        0.00001605 
CarpetIOBasic   | Startup routine                         |          0.00000300 |       0.00000400 |   0.00000300 |        0.00000300 |        0.00000000 |        0.00000300 |        0.00000300 
MoL             | Startup banner                          |          0.00000200 |       0.00000200 |   0.00000156 |        0.00000156 |        0.00000000 |        0.00000156 |        0.00000156 
Slab            | Create MPI datatypes for complex variabl|          0.00000600 |       0.00000600 |   0.00000611 |        0.00000611 |        0.00000000 |        0.00000611 |        0.00000611 
SymBase         | Register GH Extension for SymBase       |          0.00000500 |       0.00000500 |   0.00000416 |        0.00000416 |        0.00000000 |        0.00000416 |        0.00000416 
TerminationTrigg| Start signal handler                    |          0.00002500 |       0.00002500 |   0.00002444 |        0.00002444 |        0.00000000 |        0.00002444 |        0.00002444 
CarpetIOHDF5    | Startup routine                         |          0.00002600 |       0.00002600 |   0.00002560 |        0.00002560 |        0.00000000 |        0.00002560 |        0.00002560 
Vectors         | Print startup message                   |          0.00001900 |       0.00001900 |   0.00001877 |        0.00001877 |        0.00000000 |        0.00001877 |        0.00001877 
hwloc           | Output hwloc version                    |          0.00000600 |       0.00000700 |   0.00000685 |        0.00000685 |        0.00000000 |        0.00000685 |        0.00000685 
--------------------------------------------------------------------------------------------------------------------------------------------------------------------------------------------------
                | Total time for CCTK_STARTUP             |          0.10053900 |       0.10051300 |   0.00023635 |        0.00023635 |        0.00000000 |        0.00023635 |        0.00023635 
==================================================================================================================================================================================================
ADMBase         | Set up GF symmetries                    |          0.00002800 |       0.00000000 |   0.00002789 |        0.00002789 |        0.00000000 |        0.00002789 |        0.00002789 
Boundary        | Register boundary conditions that this t|          0.00001300 |       0.00000000 |   0.00001321 |        0.00001321 |        0.00000000 |        0.00001321 |        0.00001321 
CartGrid3D      | Register coordinates for the Cartesian g|          0.00005500 |       0.00000000 |   0.00005490 |        0.00005490 |        0.00000000 |        0.00005490 |        0.00005490 
CoordGauge      | Initialize slicing, setup priorities for|          0.00001200 |       0.00000000 |   0.00001165 |        0.00001165 |        0.00000000 |        0.00001165 |        0.00001165 
CoordGauge      | Identify the slicing for the next iterat|          0.00002700 |       0.00000000 |   0.00002763 |        0.00002763 |        0.00000000 |        0.00002763 |        0.00002763 
GRHydro         | Initialize InLastMoLPostStep to zero    |          0.00002100 |       0.00000000 |   0.00002118 |        0.00002118 |        0.00000000 |        0.00002118 |        0.00002118 
MoL             | Set up the MoL bookkeeping index arrays |          0.00002700 |       0.00000000 |   0.00002740 |        0.00002740 |        0.00000000 |        0.00002740 |        0.00002740 
MoL             | Set the flag so it is ok to register wit|          0.00001400 |       0.00000000 |   0.00001328 |        0.00001328 |        0.00000000 |        0.00001328 |        0.00001328 
TmunuBase       | Set the stress_energy_state variable    |          0.00001800 |       0.00000000 |   0.00001779 |        0.00001779 |        0.00000000 |        0.00001779 |        0.00001779 
GRHydro         | Register variables for MoL              |          0.00004600 |       0.00000000 |   0.00004512 |        0.00004512 |        0.00000000 |        0.00004512 |        0.00004512 
Slab            | Initialise timers                       |          0.00002800 |       0.00000000 |   0.00002794 |        0.00002794 |        0.00000000 |        0.00002794 |        0.00002794 
SpaceMask       | Set grid symmetries for mask            |          0.00001200 |       0.00000000 |   0.00001186 |        0.00001186 |        0.00000000 |        0.00001186 |        0.00001186 
SpaceMask       | Set grid symmetries for emask (compatibi|          0.00001200 |       0.00000000 |   0.00001125 |        0.00001125 |        0.00000000 |        0.00001125 |        0.00001125 
CartGrid3D      | Register symmetry boundaries            |          0.00004100 |       0.00000000 |   0.00004055 |        0.00004055 |        0.00000000 |        0.00004055 |        0.00004055 
SymBase         | Print symmetry boundary face description|          0.00001500 |       0.00000000 |   0.00001396 |        0.00001396 |        0.00000000 |        0.00001396 |        0.00001396 
MoL             | Report how many of each type of variable|          0.00006900 |       0.00000000 |   0.00006897 |        0.00006897 |        0.00000000 |        0.00006897 |        0.00006897 
--------------------------------------------------------------------------------------------------------------------------------------------------------------------------------------------------
                | Total time for CCTK_WRAGH               |          0.00043800 |       0.00000000 |   0.00043456 |        0.00043456 |        0.00000000 |        0.00043456 |        0.00043456 
==================================================================================================================================================================================================
ADMBase         | Check consistency of parameters         |          0.00001600 |       0.00000000 |   0.00001489 |        0.00001489 |        0.00000000 |        0.00001489 |        0.00001489 
Boundary        | Check dimension of grid variables       |          0.00001000 |       0.00000000 |   0.00000954 |        0.00000954 |        0.00000000 |        0.00000954 |        0.00000954 
Carpet          | Parameter checking routine              |          0.00002100 |       0.00000000 |   0.00002038 |        0.00002038 |        0.00000000 |        0.00002038 |        0.00002038 
CarpetLib       | Test prolongation operators             |          0.00002000 |       0.00000000 |   0.00002073 |        0.00002073 |        0.00000000 |        0.00002073 |        0.00002073 
CartGrid3D      | Check coordinates for CartGrid3D        |          0.00001400 |       0.00000000 |   0.00001391 |        0.00001391 |        0.00000000 |        0.00001391 |        0.00001391 
Fortran         | Test whether Fortran parameters work cor|          0.00001000 |       0.00000000 |   0.00001008 |        0.00001008 |        0.00000000 |        0.00001008 |        0.00001008 
GRHydro         | Check parameters                        |          0.00003200 |       0.00000000 |   0.00003204 |        0.00003204 |        0.00000000 |        0.00003204 |        0.00003204 
GRHydro_InitData| Check parameters                        |          0.00001300 |       0.00000000 |   0.00001345 |        0.00001345 |        0.00000000 |        0.00001345 |        0.00001345 
MoL             | Basic parameter checking                |          0.00001300 |       0.00000000 |   0.00001289 |        0.00001289 |        0.00000000 |        0.00001289 |        0.00001289 
TerminationTrigg| Check consitency of parameters          |          0.00001000 |       0.00000000 |   0.00000967 |        0.00000967 |        0.00000000 |        0.00000967 |        0.00000967 
TmunuBase       | Check that no deprecated parameters are |          0.00001000 |       0.00000000 |   0.00000958 |        0.00000958 |        0.00000000 |        0.00000958 |        0.00000958 
Vectors         | Run correctness tests.                  |          0.00008300 |       0.00000000 |   0.00008393 |        0.00008393 |        0.00000000 |        0.00008393 |        0.00008393 
--------------------------------------------------------------------------------------------------------------------------------------------------------------------------------------------------
                | Total time for CCTK_PARAMCHECK          |          0.00025200 |       0.00000000 |   0.00025111 |        0.00025111 |        0.00000000 |        0.00025111 |        0.00025111 
==================================================================================================================================================================================================
ADMBase         | Set the shift_state variable to 1       |          0.00004100 |       0.00004000 |   0.00004077 |        0.00004077 |        0.00000000 |        0.00004077 |        0.00004077 
ADMBase         | Set the dtlapse_state variable to 0     |          0.00002900 |       0.00002900 |   0.00002855 |        0.00002855 |        0.00000000 |        0.00002855 |        0.00002855 
ADMBase         | Set the dtshift_state variable to 0     |          0.00002800 |       0.00002800 |   0.00002795 |        0.00002795 |        0.00000000 |        0.00002795 |        0.00002795 
ADMMacros       | Initialize the local_spatial_order      |          0.00002800 |       0.00002800 |   0.00002804 |        0.00002804 |        0.00000000 |        0.00002804 |        0.00002804 
CartGrid3D      | Set up ranges for spatial 3D Cartesian c|          0.00008200 |       0.00008300 |   0.00008245 |        0.00008245 |        0.00000000 |        0.00008245 |        0.00008245 
CartGrid3D      | Set up spatial 3D Cartesian coordinates |          0.00006900 |       0.00006400 |   0.00006811 |        0.00006811 |        0.00000000 |        0.00006811 |        0.00006811 
CarpetReduce    | Allocate the weight function            |          0.00007300 |       0.00006800 |   0.00007249 |        0.00007249 |        0.00000000 |        0.00007249 |        0.00007249 
CarpetReduce    | Initialise the weight function          |          0.00011100 |       0.00002400 |   0.00011163 |        0.00011163 |        0.00000000 |        0.00011163 |        0.00011163 
CarpetReduce    | Set up the outer boundaries of the weigh|          0.00010500 |       0.00000000 |   0.00010472 |        0.00010472 |        0.00000000 |        0.00010472 |        0.00010472 
CarpetReduce    | Set up the weight function for the restr|          0.00005100 |       0.00000000 |   0.00005063 |        0.00005063 |        0.00000000 |        0.00005063 |        0.00005063 
CarpetReduce    | Set the weight function                 |          0.00006400 |       0.00000000 |   0.00006355 |        0.00006355 |        0.00000000 |        0.00006355 |        0.00006355 
CarpetReduce    | Test the weight function                |          0.00007800 |       0.00000000 |   0.00007816 |        0.00007816 |        0.00000000 |        0.00007816 |        0.00007816 
GRHydro         | Initially set execution flags to 'YEAH, |          0.00001900 |       0.00000000 |   0.00001893 |        0.00001893 |        0.00000000 |        0.00001893 |        0.00001893 
GRHydro         | Schedule symmetries and check shift stat|          0.00006600 |       0.00000000 |   0.00006562 |        0.00006562 |        0.00000000 |        0.00006562 |        0.00006562 
GRHydro         | Initialise the mask function that contai|          0.00004400 |       0.00000000 |   0.00004353 |        0.00004353 |        0.00000000 |        0.00004353 |        0.00004353 
NaNChecker      | Reset the NaNChecker::NaNsFound counter |          0.00001900 |       0.00000000 |   0.00001925 |        0.00001925 |        0.00000000 |        0.00001925 |        0.00001925 
SpaceMask       | Initialise mask to zero                 |          0.00003100 |       0.00000000 |   0.00003105 |        0.00003105 |        0.00000000 |        0.00003105 |        0.00003105 
SpaceMask       | Set old style mask to one               |          0.00002900 |       0.00000000 |   0.00002930 |        0.00002930 |        0.00000000 |        0.00002930 |        0.00002930 
SymBase         | Check whether the driver set up the grid|          0.00002900 |       0.00000000 |   0.00002862 |        0.00002862 |        0.00000000 |        0.00002862 |        0.00002862 
TerminationTrigg| Clear trigger state                     |          0.00002900 |       0.00000000 |   0.00002867 |        0.00002867 |        0.00000000 |        0.00002867 |        0.00002867 
TerminationTrigg| Start timer                             |          0.00004000 |       0.00000000 |   0.00004041 |        0.00004041 |        0.00000000 |        0.00004041 |        0.00004041 
TerminationTrigg| Create termination file                 |          0.00008700 |       0.00000000 |   0.00008739 |        0.00008739 |        0.00000000 |        0.00008739 |        0.00008739 
Time            | Initialise Time variables               |          0.00002100 |       0.00000000 |   0.00002105 |        0.00002105 |        0.00000000 |        0.00002105 |        0.00002105 
Time            | Set timestep based on Courant condition |          0.00002500 |       0.00000000 |   0.00002474 |        0.00002474 |        0.00000000 |        0.00002474 |        0.00002474 
--------------------------------------------------------------------------------------------------------------------------------------------------------------------------------------------------
                | Total time for CCTK_BASEGRID            |          0.00119800 |       0.00036400 |   0.00119561 |        0.00119561 |        0.00000000 |        0.00119561 |        0.00119561 
==================================================================================================================================================================================================
StaticConformal | Set the conformal_state variable to 0   |          0.00004700 |       0.00000000 |   0.00004670 |        0.00004670 |        0.00000000 |        0.00004670 |        0.00004670 
ADMBase         | Set the metric and extrinsic curvature t|          0.00005300 |       0.00000100 |   0.00005216 |        0.00005216 |        0.00000000 |        0.00005216 |        0.00005216 
GRHydro         | Set the EOS number                      |          0.00005800 |       0.00005700 |   0.00005836 |        0.00005836 |        0.00000000 |        0.00005836 |        0.00005836 
CarpetIOASCII   | Initialisation routine                  |          0.00002600 |       0.00002700 |   0.00002605 |        0.00002605 |        0.00000000 |        0.00002605 |        0.00002605 
CarpetIOBasic   | Initialisation routine                  |          0.00001900 |       0.00001900 |   0.00001898 |        0.00001898 |        0.00000000 |        0.00001898 |        0.00001898 
CarpetIOHDF5    | Initialisation routine                  |          0.00001900 |       0.00001900 |   0.00001910 |        0.00001910 |        0.00000000 |        0.00001910 |        0.00001910 
CarpetIOScalar  | Initialisation routine                  |          0.00001900 |       0.00001900 |   0.00001897 |        0.00001897 |        0.00000000 |        0.00001897 |        0.00001897 
GRHydro         | Set up minimum for the rest-mass density|          0.00004600 |       0.00004500 |   0.00004575 |        0.00004575 |        0.00000000 |        0.00004575 |        0.00004575 
GRHydro         | Initialize the atmosphere mask          |          0.00004900 |       0.00004800 |   0.00004827 |        0.00004827 |        0.00000000 |        0.00004827 |        0.00004827 
GRHydro         | Calculate current refinement level      |          0.00005000 |       0.00005000 |   0.00005003 |        0.00005003 |        0.00000000 |        0.00005003 |        0.00005003 
ADMBase         | Set the lapse to 1 at all points        |          0.00003300 |       0.00003300 |   0.00003241 |        0.00003241 |        0.00000000 |        0.00003241 |        0.00003241 
ADMBase         | Set the shift to 0 at all points        |          0.00003300 |       0.00003300 |   0.00003251 |        0.00003251 |        0.00000000 |        0.00003251 |        0.00003251 
GRHydro         | Set divB initially to zero              |          0.00003900 |       0.00004000 |   0.00003944 |        0.00003944 |        0.00000000 |        0.00003944 |        0.00003944 
GRHydro_InitData| Shocktube initial data - MHD version    |          0.00072300 |       0.00072300 |   0.00072275 |        0.00072275 |        0.00000000 |        0.00072275 |        0.00072275 
HydroBase       | Initialize hydro excision mask to 'no ex|          0.00003500 |       0.00003600 |   0.00003523 |        0.00003523 |        0.00000000 |        0.00003523 |        0.00003523 
GRHydro         | Calculate sdetg                         |          0.00005100 |       0.00005100 |   0.00005063 |        0.00005063 |        0.00000000 |        0.00005063 |        0.00005063 
GRHydro         | Use mask to enforce atmosphere at initia|          0.00006800 |       0.00006700 |   0.00006733 |        0.00006733 |        0.00000000 |        0.00006733 |        0.00006733 
MoL             | Initialise the step size control        |          0.00001100 |       0.00001100 |   0.00001050 |        0.00001050 |        0.00000000 |        0.00001050 |        0.00001050 
GRHydro         | Convert initial data given in primive va|          0.00017100 |       0.00017100 |   0.00017085 |        0.00017085 |        0.00000000 |        0.00017085 |        0.00017085 
--------------------------------------------------------------------------------------------------------------------------------------------------------------------------------------------------
                | Total time for CCTK_INITIAL             |          0.00155000 |       0.00145000 |   0.00154600 |        0.00154600 |        0.00000000 |        0.00154600 |        0.00154600 
==================================================================================================================================================================================================
CarpetIOHDF5    | Close all filereader input files        |          0.00003100 |       0.00003100 |   0.00003064 |        0.00003064 |        0.00000000 |        0.00003064 |        0.00003064 
GRHydro         | Set up and check scalars for efficiency |          0.00004100 |       0.00004100 |   0.00004113 |        0.00004113 |        0.00000000 |        0.00004113 |        0.00004113 
ADMBase         | Select ADMBase boundary conditions - may|          0.00027900 |       0.00027800 |   0.00027813 |        0.00027813 |        0.00000000 |        0.00027813 |        0.00027813 
Boundary        | Apply all requested local physical bound|          0.00020500 |       0.00020600 |   0.00020556 |        0.00005139 |        0.00007118 |        0.00002954 |        0.00011299 
CartGrid3D      | Apply symmetry boundary conditions      |          0.00012900 |       0.00013000 |   0.00012978 |        0.00003244 |        0.00001655 |        0.00002675 |        0.00004674 
Boundary        | Unselect all grid variables for boundary|          0.00003400 |       0.00003500 |   0.00003502 |        0.00000876 |        0.00000264 |        0.00000787 |        0.00001103 
GRHydro_InitData| 2-D Diagonal shock boundary conditions  |          0.00141300 |       0.00141300 |   0.00141383 |        0.00035346 |        0.00006265 |        0.00030724 |        0.00039011 
GRHydro         | Calculate current refinement level      |          0.00004600 |       0.00004600 |   0.00004576 |        0.00004576 |        0.00000000 |        0.00004576 |        0.00004576 
GRHydro         | Set grid scalar InLastMoLPostStep if thi|          0.00001400 |       0.00001300 |   0.00001310 |        0.00001310 |        0.00000000 |        0.00001310 |        0.00001310 
GRHydro         | Select atmosphere mask for boundary cond|          0.00006400 |       0.00006400 |   0.00006406 |        0.00006406 |        0.00000000 |        0.00006406 |        0.00006406 
GRHydro         | Set integer atmosphere mask from synchro|          0.00007100 |       0.00007200 |   0.00007194 |        0.00007194 |        0.00000000 |        0.00007194 |        0.00007194 
GRHydro         | Reset the atmosphere - MHD version      |          0.00005300 |       0.00005300 |   0.00005219 |        0.00005219 |        0.00000000 |        0.00005219 |        0.00005219 
GRHydro         | Compute comoving magnetic field, pressur|          0.00011700 |       0.00011700 |   0.00011691 |        0.00011691 |        0.00000000 |        0.00011691 |        0.00011691 
GRHydro         | Select GRHydro boundary conditions      |          0.00024300 |       0.00024300 |   0.00024281 |        0.00024281 |        0.00000000 |        0.00024281 |        0.00024281 
GRHydro         | Calculate sdetg                         |          0.00005800 |       0.00005800 |   0.00005751 |        0.00005751 |        0.00000000 |        0.00005751 |        0.00005751 
GRHydro         | Convert back to primitive variables (gen|          0.00061300 |       0.00061400 |   0.00061325 |        0.00061325 |        0.00000000 |        0.00061325 |        0.00061325 
GRHydro         | Calculate divB                          |          0.00005400 |       0.00005400 |   0.00005400 |        0.00005400 |        0.00000000 |        0.00005400 |        0.00005400 
--------------------------------------------------------------------------------------------------------------------------------------------------------------------------------------------------
                | Total time for CCTK_POSTINITIAL         |          0.00346500 |       0.00346800 |   0.00346564 |        0.00212749 |        0.00015301 |        0.00205284 |        0.00224231 
==================================================================================================================================================================================================
GRHydro         | Set the value of the rest-mass density o|          0.00012100 |       0.00012200 |   0.00012149 |        0.00012149 |        0.00000000 |        0.00012149 |        0.00012149 
GRHydro         | Use mask to enforce atmosphere at initia|          0.00009900 |       0.00009800 |   0.00009834 |        0.00009834 |        0.00000000 |        0.00009834 |        0.00009834 
GRHydro         | Calculate sdetg                         |          0.00007100 |       0.00006900 |   0.00006768 |        0.00006768 |        0.00000000 |        0.00006768 |        0.00006768 
GRHydro         | Convert back to primitive variables (gen|          0.00061700 |       0.00061700 |   0.00061726 |        0.00061726 |        0.00000000 |        0.00061726 |        0.00061726 
--------------------------------------------------------------------------------------------------------------------------------------------------------------------------------------------------
                | Total time for CCTK_POSTPOSTINITIAL     |          0.00090800 |       0.00090600 |   0.00090477 |        0.00090477 |        0.00000000 |        0.00090477 |        0.00090477 
==================================================================================================================================================================================================
CarpetIOHDF5    | Initial data checkpoint routine         |          0.00007000 |       0.00007000 |   0.00006987 |        0.00006987 |        0.00000000 |        0.00006987 |        0.00006987 
--------------------------------------------------------------------------------------------------------------------------------------------------------------------------------------------------
                | Total time for CCTK_CPINITIAL           |          0.00007000 |       0.00007000 |   0.00006987 |        0.00006987 |        0.00000000 |        0.00006987 |        0.00006987 
==================================================================================================================================================================================================
ADMBase         | Copy the lapse to the current time level|          0.00031100 |       0.00020800 |   0.00030878 |        0.00003088 |        0.00001262 |        0.00002893 |        0.00004275 
ADMBase         | Copy the shift to the current time level|          0.00031400 |       0.00019900 |   0.00031198 |        0.00003120 |        0.00001250 |        0.00002894 |        0.00004197 
ADMBase         | Copy the metric and extrinsic curvature |          0.00037400 |       0.00021700 |   0.00037495 |        0.00003749 |        0.00000695 |        0.00003609 |        0.00004387 
CoordGauge      | Identify the slicing for the next iterat|          0.00031400 |       0.00014600 |   0.00031267 |        0.00003127 |        0.00002158 |        0.00002805 |        0.00005136 
GRHydro         | Reset the mask function that contains th|          0.00039100 |       0.00019100 |   0.00039097 |        0.00003910 |        0.00000567 |        0.00003816 |        0.00004441 
LoopControl     | Update LoopControl algorithm preferences|          0.00044600 |       0.00021900 |   0.00044503 |        0.00004450 |        0.00000653 |        0.00004244 |        0.00005024 
NaNChecker      | Reset the NaNChecker::NaNsFound counter |          0.00018400 |       0.00007800 |   0.00018404 |        0.00001840 |        0.00001318 |        0.00001627 |        0.00003033 
--------------------------------------------------------------------------------------------------------------------------------------------------------------------------------------------------
                | Total time for CCTK_PRESTEP             |          0.00233400 |       0.00125800 |   0.00232841 |        0.00023284 |        0.00007902 |        0.00021889 |        0.00030495 
==================================================================================================================================================================================================
MoL             | Initialise the step size control        |          0.00009500 |       0.00003200 |   0.00009198 |        0.00000920 |        0.00001108 |        0.00000786 |        0.00001971 
MoL             | Set the counter for the ODE method to lo|          0.00009400 |       0.00003500 |   0.00009296 |        0.00000930 |        0.00000368 |        0.00000872 |        0.00001276 
MoL             | Ensure the correct time and timestep are|          0.00008400 |       0.00003300 |   0.00008374 |        0.00000837 |        0.00000376 |        0.00000778 |        0.00001189 
MoL             | Allocate storage for scratch levels     |          0.00038900 |       0.00013100 |   0.00038800 |        0.00003880 |        0.00006047 |        0.00003046 |        0.00009602 
GRHydro         | Set up and check scalars for efficiency |          0.00040600 |       0.00015800 |   0.00040632 |        0.00004063 |        0.00000739 |        0.00003942 |        0.00004756 
MoL             | Allocate sufficient space for array scra|          0.00031600 |       0.00013300 |   0.00031539 |        0.00003154 |        0.00002401 |        0.00002677 |        0.00005050 
MoL             | Ensure the data is in the correct timele|          0.00086000 |       0.00033700 |   0.00085679 |        0.00008568 |        0.00001265 |        0.00008263 |        0.00009716 
MoL             | Initialise the RHS functions            |          0.00075500 |       0.00052000 |   0.00075483 |        0.00003774 |        0.00002860 |        0.00003472 |        0.00006524 
GRHydro         | Source term calculation                 |          0.00153400 |       0.00106400 |   0.00153256 |        0.00007663 |        0.00002284 |        0.00007299 |        0.00009365 
GRHydro         | Set the flux_direction variable         |          0.00036600 |       0.00025100 |   0.00036433 |        0.00001822 |        0.00000410 |        0.00001756 |        0.00002208 
GRHydro         | Calculate current refinement level      |          0.00240100 |       0.00176000 |   0.00240027 |        0.00004000 |        0.00003891 |        0.00003664 |        0.00006469 
GRHydro         | Reconstruct the functions at the cell bo|          0.01291800 |       0.01004700 |   0.01291484 |        0.00021525 |        0.00009691 |        0.00019777 |        0.00026586 
GRHydro         | Solve the local Riemann problems - MHD v|          0.00827500 |       0.00663300 |   0.00826097 |        0.00013768 |        0.00004986 |        0.00013079 |        0.00015944 
GRHydro         | Calculate the update term from the fluxe|          0.00294100 |       0.00236700 |   0.00293828 |        0.00004897 |        0.00002622 |        0.00004592 |        0.00006063 
GRHydro         | Decrement the flux_direction variable   |          0.00108900 |       0.00087600 |   0.00108409 |        0.00001807 |        0.00002913 |        0.00001681 |        0.00004499 
GRHydro         | Alter the update terms if inside the atm|          0.00085900 |       0.00071700 |   0.00085456 |        0.00004273 |        0.00002680 |        0.00003940 |        0.00006720 
MoL             | Updates calculated with the efficient Ru|          0.00084000 |       0.00070000 |   0.00084043 |        0.00004202 |        0.00002107 |        0.00003737 |        0.00005800 
MoL             | Alter the counter number                |          0.00018600 |       0.00014700 |   0.00018276 |        0.00000914 |        0.00000793 |        0.00000803 |        0.00001560 
MoL             | If necessary, change the time           |          0.00016800 |       0.00013700 |   0.00016719 |        0.00000836 |        0.00000473 |        0.00000780 |        0.00001213 
ADMBase         | Select ADMBase boundary conditions - may|          0.00270400 |       0.00193000 |   0.00270370 |        0.00013519 |        0.00009804 |        0.00012306 |        0.00022387 
Boundary        | Apply all requested local physical bound|          0.00397600 |       0.00248900 |   0.00398445 |        0.00005692 |        0.00033032 |        0.00002829 |        0.00012806 
CartGrid3D      | Apply symmetry boundary conditions      |          0.00198400 |       0.00117900 |   0.00198023 |        0.00002829 |        0.00001642 |        0.00002653 |        0.00003807 
Boundary        | Unselect all grid variables for boundary|          0.00060900 |       0.00035200 |   0.00060859 |        0.00000869 |        0.00002687 |        0.00000756 |        0.00002752 
GRHydro_InitData| 2-D Diagonal shock boundary conditions  |          0.02454600 |       0.01475900 |   0.02454511 |        0.00035064 |        0.00017875 |        0.00030972 |        0.00045060 
GRHydro         | Calculate current refinement level      |          0.00083500 |       0.00041300 |   0.00083703 |        0.00004185 |        0.00000525 |        0.00004056 |        0.00004552 
GRHydro         | Set grid scalar InLastMoLPostStep if thi|          0.00020100 |       0.00010500 |   0.00020296 |        0.00001015 |        0.00000625 |        0.00000938 |        0.00001611 
GRHydro         | Select atmosphere mask for boundary cond|          0.00120900 |       0.00057700 |   0.00120651 |        0.00006033 |        0.00003376 |        0.00005525 |        0.00008667 
GRHydro         | Set integer atmosphere mask from synchro|          0.00088300 |       0.00048800 |   0.00088208 |        0.00004410 |        0.00000615 |        0.00004294 |        0.00004953 
GRHydro         | Reset the atmosphere - MHD version      |          0.00044700 |       0.00027700 |   0.00044587 |        0.00004459 |        0.00001402 |        0.00004188 |        0.00005655 
GRHydro         | Compute comoving magnetic field, pressur|          0.00224600 |       0.00124800 |   0.00224696 |        0.00011235 |        0.00001446 |        0.00011063 |        0.00012508 
GRHydro         | Select GRHydro boundary conditions      |          0.00304200 |       0.00171600 |   0.00304066 |        0.00015203 |        0.00007536 |        0.00014078 |        0.00020062 
GRHydro         | Calculate sdetg                         |          0.00108200 |       0.00064100 |   0.00108049 |        0.00005402 |        0.00002349 |        0.00005099 |        0.00007246 
GRHydro         | Convert back to primitive variables (gen|          0.01298100 |       0.00900200 |   0.01298013 |        0.00064901 |        0.00005207 |        0.00062444 |        0.00066553 
GRHydro         | Reset InLastMoLPostStep to zero         |          0.00016900 |       0.00013300 |   0.00016850 |        0.00000842 |        0.00000479 |        0.00000797 |        0.00001307 
MoL             | If necessary, change the timestep       |          0.00016400 |       0.00012900 |   0.00016427 |        0.00000821 |        0.00000449 |        0.00000766 |        0.00001248 
MoL             | Control the step size                   |          0.00008700 |       0.00005700 |   0.00008633 |        0.00000863 |        0.00000556 |        0.00000767 |        0.00001388 
MoL             | Restoring the Save and Restore variables|          0.00058600 |       0.00037300 |   0.00058839 |        0.00005884 |        0.00001832 |        0.00005242 |        0.00007395 
MoL             | Free storage for scratch levels         |          0.00021300 |       0.00014400 |   0.00021411 |        0.00002141 |        0.00001408 |        0.00001912 |        0.00003402 
GRHydro         | Syncronise the mask function that contai|          0.00084200 |       0.00057800 |   0.00083981 |        0.00008398 |        0.00000533 |        0.00008178 |        0.00008792 
GRHydro         | Calculate divB                          |          0.00049300 |       0.00033700 |   0.00049191 |        0.00004919 |        0.00000474 |        0.00004820 |        0.00005358 
--------------------------------------------------------------------------------------------------------------------------------------------------------------------------------------------------
                | Total time for CCTK_EVOL                |          0.09387500 |       0.06300500 |   0.09382835 |        0.00290518 |        0.00141865 |        0.00268629 |        0.00374018 
==================================================================================================================================================================================================
GRHydro         | Calculate current refinement level (for |          0.00047600 |       0.00038600 |   0.00047270 |        0.00004297 |        0.00001527 |        0.00003973 |        0.00005572 
GRHydro         | Check the mask function that contains th|          0.00052100 |       0.00036900 |   0.00052152 |        0.00004741 |        0.00001391 |        0.00004337 |        0.00005903 
NaNChecker      | Prepare data structures to check for NaN|          0.00010300 |       0.00007400 |   0.00010104 |        0.00000919 |        0.00000518 |        0.00000819 |        0.00001312 
NaNChecker      | Check for NaNs                          |          0.00676000 |       0.00558000 |   0.00675837 |        0.00061440 |        0.00004254 |        0.00059632 |        0.00063647 
NaNChecker      | Count NaNs in NaNChecker::NaNsFound     |          0.00017200 |       0.00015300 |   0.00016981 |        0.00001544 |        0.00000536 |        0.00001398 |        0.00001990 
NaNChecker      | Output NaNChecker::NaNmask and take acti|          0.00031200 |       0.00028000 |   0.00031005 |        0.00002819 |        0.00000556 |        0.00002698 |        0.00003181 
SpaceMask       | Ensure that all mask values are legal   |          0.00035200 |       0.00031900 |   0.00035236 |        0.00003203 |        0.00000537 |        0.00003040 |        0.00003628 
--------------------------------------------------------------------------------------------------------------------------------------------------------------------------------------------------
                | Total time for CCTK_POSTSTEP            |          0.00869600 |       0.00716100 |   0.00868585 |        0.00078962 |        0.00009319 |        0.00075898 |        0.00085232 
==================================================================================================================================================================================================
CarpetIOHDF5    | Evolution checkpoint routine            |          0.00046900 |       0.00041700 |   0.00046823 |        0.00004682 |        0.00001369 |        0.00004419 |        0.00005961 
TimerReport     | Print the timer report                  |          0.00017100 |       0.00015200 |   0.00017083 |        0.00001708 |        0.00000460 |        0.00001642 |        0.00002141 
--------------------------------------------------------------------------------------------------------------------------------------------------------------------------------------------------
                | Total time for CCTK_CHECKPOINT          |          0.00064000 |       0.00056900 |   0.00063906 |        0.00006391 |        0.00001829 |        0.00006062 |        0.00008102 
==================================================================================================================================================================================================
CarpetLib       | Print timing statistics if desired      |          0.00021000 |       0.00019000 |   0.00020759 |        0.00001887 |        0.00001669 |        0.00001636 |        0.00003259 
CarpetLib       | Print memory statistics if desired      |          0.00048300 |       0.00046200 |   0.00048174 |        0.00004379 |        0.00028602 |        0.00001597 |        0.00031647 
LoopControl     | Output LoopControl statistics           |          0.00043000 |       0.00038700 |   0.00043080 |        0.00003916 |        0.00001234 |        0.00003690 |        0.00004965 
SystemStatistics| Collect system statistics               |          0.00136000 |       0.00117600 |   0.00135945 |        0.00012359 |        0.00003632 |        0.00011101 |        0.00014111 
TerminationTrigg| Check elapsed job walltime              |          0.00034300 |       0.00030400 |   0.00033711 |        0.00003065 |        0.00000730 |        0.00002883 |        0.00003484 
TerminationTrigg| Check if we received a termination signa|          0.00031000 |       0.00027800 |   0.00030908 |        0.00002810 |        0.00000789 |        0.00002646 |        0.00003362 
TerminationTrigg| Check termination file                  |          0.00039800 |       0.00035700 |   0.00040050 |        0.00003641 |        0.00000863 |        0.00003435 |        0.00004249 
TimerReport     | Print the timer report                  |          0.00019400 |       0.00017200 |   0.00019433 |        0.00001767 |        0.00000511 |        0.00001671 |        0.00002108 
--------------------------------------------------------------------------------------------------------------------------------------------------------------------------------------------------
                | Total time for CCTK_ANALYSIS            |          0.00372800 |       0.00332600 |   0.00372062 |        0.00033824 |        0.00038030 |        0.00028661 |        0.00067185 
==================================================================================================================================================================================================
CarpetIOHDF5    | Termination checkpoint routine          |          0.00005900 |       0.00005300 |   0.00005900 |        0.00005900 |        0.00000000 |        0.00005900 |        0.00005900 
LoopControl     | Output LoopControl statistics           |          0.00004400 |       0.00004000 |   0.00004421 |        0.00004421 |        0.00000000 |        0.00004421 |        0.00004421 
MoL             | Free the MoL bookkeeping index arrays   |          0.00003700 |       0.00003200 |   0.00003675 |        0.00003675 |        0.00000000 |        0.00003675 |        0.00003675 
TimerReport     | Print the timer report                  |          0.00000000 |       0.00000000 |   0.00000000 |        0.00000000 |        0.00000000 |        0.00000000 |        0.00000000 
--------------------------------------------------------------------------------------------------------------------------------------------------------------------------------------------------
                | Total time for CCTK_TERMINATE           |          0.00014000 |       0.00012500 |   0.00013996 |        0.00013996 |        0.00000000 |        0.00013996 |        0.00013996 
==================================================================================================================================================================================================
--------------------------------------------------------------------------------------------------------------------------------------------------------------------------------------------------
                | Total time for simulation               |          0.14759300 |       0.10439900 |   0.14759186 |        0.14759186 |        0.00000000 |        0.14759186 |        0.14759186 
==================================================================================================================================================================================================
INFO (TimerReport): Top timers at iteration 10 time 0.00353553
======================================================================
    %    Time/s   Min/s   Max/s   Timer (gettimeofday)
======================================================================
100.0   0.147107 0.146620 0.147593   CCTK total time
 93.7   0.137796 0.137552 0.138040   meta mode/meta mode/global mode
 90.2   0.132682 0.132501 0.132862   meta mode/meta mode/global mode/level(0)
 86.3   0.126991 0.126986 0.126995   main/Evolve
 72.3   0.106293 0.106244 0.106342   main/Evolve/CallEvol
 68.0   0.100036 0.100021 0.100051   [0001] CycleClock: CycleClock_Setup in CCTK_STARTUP
 67.6   0.099430 0.099394 0.099466   main/Evolve/CallEvol/CCTK_EVOL
 61.8   0.090927 0.090377 0.091477   main/Evolve/CallEvol/CCTK_EVOL/CallFunction
 45.4   0.066790 0.065536 0.068044   main/Evolve/CallEvol/CCTK_EVOL/CallFunction/thorns
 43.8   0.064487 0.064485 0.064489   meta mode
 30.2   0.044368 0.044353 0.044383   main/CarpetStartup
 29.0   0.042623 0.042614 0.042632   main/CarpetStartup/CarpetLib::gh::regrid
 28.8   0.042376 0.042369 0.042384   main/CarpetStartup/CarpetLib::gh::regrid/CarpetLib::dh::regrid
 16.8   0.024655 0.024546 0.024765   [0166] GRHydro_InitData: GRHydro_Diagshock2D_BoundaryM in CCTK_EVOL
 15.4   0.022677 0.022572 0.022782   main/Evolve/CallEvol/CCTK_EVOL/CallFunction/thorns/GRHydro_Diagshock2D_BoundaryM
 13.4   0.019753 0.019604 0.019902   main/Evolve/CallAnalysis
 13.4   0.019741 0.019721 0.019760   meta mode/meta mode
 11.3   0.016568 0.016556 0.016580   main/Initialise
 10.4   0.015231 0.011311 0.019151   main/Evolve/CallEvol/CCTK_EVOL/CallFunction/thorns/GRHydro_Diagshock2D_BoundaryM/Sync
  9.1   0.013443 0.013363 0.013523   main/CarpetStartup/CarpetLib::gh::regrid/CarpetLib::dh::regrid/test
  8.8   0.012949 0.012852 0.013046   main/CarpetStartup/CarpetLib::gh::regrid/CarpetLib::dh::regrid/buffers
  8.5   0.012564 0.012148 0.012981   [0174] GRHydro: Con2Prim in CCTK_EVOL
  8.5   0.012505 0.012093 0.012918   [0154] GRHydro: Reconstruct in CCTK_EVOL
  8.2   0.012008 0.011591 0.012425   main/Evolve/CallEvol/CCTK_EVOL/CallFunction/thorns/Con2Prim
  7.3   0.010732 0.010335 0.011130   main/Evolve/CallEvol/CCTK_EVOL/CallFunction/thorns/Reconstruct
  5.9   0.008613 0.008609 0.008618   meta mode/meta mode/global mode/level(0)/enter_local_mode
  5.5   0.008072 0.008047 0.008096   main/Evolve/CallAnalysis/CCTK_POSTSTEP
  5.4   0.007969 0.007663 0.008275   [0155] GRHydro: Riemann in CCTK_EVOL
  5.3   0.007766 0.007748 0.007784   main/Evolve/CallAnalysis/CCTK_POSTSTEP/CallFunction
  5.0   0.007418 0.007416 0.007421   main/Initialise/CallInitial
  4.6   0.006736 0.005968 0.007504   main/Evolve/CallEvol/CCTK_EVOL/CallFunction/syncs
  4.5   0.006583 0.006550 0.006617   main/Evolve/CallAnalysis/CCTK_POSTSTEP/CallFunction/thorns
  4.5   0.006568 0.006567 0.006568   main/CarpetStartup/CarpetLib::gh::regrid/CarpetLib::dh::regrid/bcast_comm
  4.4   0.006536 0.006312 0.006760   [0123] NaNChecker: NaNChecker_NaNCheck_Check in CCTK_POSTSTEP
  4.3   0.006346 0.005599 0.007094   main/Evolve/CallEvol/CCTK_EVOL/CallFunction/syncs/Sync
  4.1   0.006044 0.005733 0.006356   main/Evolve/CallEvol/CCTK_EVOL/CallFunction/thorns/Riemann
  4.0   0.005862 0.005705 0.006019   main/Evolve/CallAnalysis/OutputGH
  4.0   0.005828 0.005671 0.005985   main/Evolve/CallAnalysis/OutputGH/OutputGH
  3.9   0.005674 0.005469 0.005879   main/Evolve/CallAnalysis/CCTK_POSTSTEP/CallFunction/thorns/NaNChecker_NaNCheck_Check
  3.6   0.005304 0.001505 0.009103   main/Evolve/CallEvol/CCTK_EVOL/CallFunction/thorns/GRHydro_Diagshock2D_BoundaryM/Sync/comm_state[6].state_do_some_work.step
======================================================================
---------------------------------------------------------------------------------------------------------------------------------------------------------
Time      Time   Imblnc   Timer                                               gettimeof  getrusage      cycle  cycle[avg  cycle[sdv  cycle[min  cycle[max
percent   secs   percent                                                           secs       secs       secs       secs       secs       secs       secs
---------------------------------------------------------------------------------------------------------------------------------------------------------
 100.0%      0.1    0.0%  Evolve                                                  0.127    0.08887  3.297e+08  3.297e+08          0  3.297e+08  3.297e+08
  15.6%      0.0    0.7%  |_CallAnalysis                                         0.0199    0.01673  5.166e+07  5.166e+06  2.163e+06  4.768e+06  7.071e+06
   2.5%      0.0    1.6%  | |_CCTK_ANALYSIS                                    0.003225   0.002813  8.379e+06  8.379e+05  1.734e+05  7.861e+05  9.694e+05
   2.2%      0.0    1.8%  | | |_CallFunction                                   0.002896   0.002524  7.568e+06   9.46e+04  7.804e+05  3.635e+04  3.612e+05
   1.1%      0.0    2.8%  | | | |_thorns                                       0.001493   0.001277  3.866e+06  4.833e+04  8.132e+05       8554  3.318e+05
   1.1%      0.0          | | | |_untimed
   6.4%      0.0    0.3%  | |_CCTK_POSTSTEP                                    0.008047    0.00649  2.089e+07  2.089e+06  1.814e+05  2.008e+06  2.234e+06
   6.1%      0.0    0.2%  | | |_CallFunction                                   0.007748   0.006238  2.008e+07  2.868e+05  4.469e+06  1.617e+04  1.647e+06
   5.2%      0.0    0.5%  | | | |_thorns                                        0.00655   0.005289  1.701e+07   2.43e+05  4.414e+06       8918  1.587e+06
   4.5%      0.0    3.5%  | | | | |_NaNChecker_NaNCheck_Check                  0.005879   0.004759  1.527e+07  1.527e+06  1.031e+05  1.479e+06  1.571e+06
   4.6%      0.0    2.6%  | |_OutputGH                                         0.006019   0.005133  1.562e+07  1.562e+06  2.182e+06  1.261e+06  3.616e+06
   4.6%      0.0    2.6%  | | |_OutputGH                                       0.005985   0.005103  1.554e+07  1.554e+06  2.182e+06  1.254e+06   3.61e+06
   1.0%      0.0    1.5%  | | | |_IOASCII::IOASCII_1D [2]                      0.001345   0.000792  3.486e+06  3.486e+05  2.246e+06  9.318e+04  2.478e+06
   1.0%      0.0    1.9%  | | | | |_OutputGH<1>                                0.001308   0.000761  3.403e+06  3.403e+05  2.247e+06  8.645e+04   2.47e+06
   1.8%      0.0    5.8%  | | | |_IOBasic::CarpetIOBasic [5]                   0.002465   0.002346  6.403e+06  6.403e+05  1.061e+05   5.97e+05  6.944e+05
   1.8%      0.0    5.8%  | | | | |_OutputGH                                   0.002432   0.002319  6.323e+06  6.323e+05   1.01e+05  5.907e+05  6.865e+05
   1.5%      0.0          | |_untimed
  83.7%      0.1    0.0%  |_CallEvol                                             0.1063    0.07147  2.761e+08  2.761e+07  5.466e+06  2.676e+07  3.277e+07
  78.3%      0.1    0.0%  | |_CCTK_EVOL                                         0.09947    0.06679  2.582e+08  2.582e+07   5.16e+06  2.503e+07   3.07e+07
  71.6%      0.1    0.6%  | | |_CallFunction                                    0.09148    0.06143  2.378e+08  2.223e+05  1.014e+07  1.477e+04  1.723e+06
   5.3%      0.0   10.2%  | | | |_syncs                                        0.005968     0.0037  1.549e+07  2.214e+05  9.017e+05  8.915e+04  5.171e+05
   5.0%      0.0   10.5%  | | | | |_Sync                                       0.005599   0.003469  1.447e+07  2.068e+05  8.754e+05  8.154e+04  4.946e+05
   1.1%      0.0    0.0%  | | | | | |_comm_state[3].state_fill_send_buffers.   0.001335   0.000853  3.524e+06  5.034e+04  2.605e+05       9074  8.429e+04
   1.3%      0.0   31.9%  | | | | | |_comm_state[6].state_do_some_work.step    0.000865   0.000533  2.252e+06  3.217e+04  1.493e+05  1.292e+04  1.162e+05
  52.6%      0.1    1.8%  | | | |_thorns                                        0.06804    0.04614  1.766e+08  1.651e+05  9.836e+06       8840  1.664e+06
   1.5%      0.0    5.3%  | | | | |_Boundary_ApplyPhysicalBCs                  0.001977   0.001261  5.146e+06  7.351e+04  8.193e+05       9906  2.541e+05
   9.5%      0.0    3.4%  | | | | |_Con2Prim                                    0.01243   0.008627  3.227e+07  1.614e+06  1.383e+05  1.548e+06  1.657e+06
   1.3%      0.0    1.5%  | | | | |_GRHydro_CalcBcom                           0.001707   0.000949  4.452e+06  2.226e+05  3.546e+04  2.193e+05  2.569e+05
  17.9%      0.0    0.5%  | | | | |_GRHydro_Diagshock2D_BoundaryM               0.02257    0.01359  5.864e+07  8.377e+05  4.463e+05  7.354e+05  1.078e+06
  12.0%      0.0   20.5%  | | | | | |_Sync                                      0.01131   0.006968  2.934e+07  2.096e+05   2.58e+05  1.713e+05  3.341e+05
   2.3%      0.0    1.4%  | | | | | | |_comm_state[3].state_fill_send_buffer   0.002884   0.001799  7.563e+06  5.402e+04  1.167e+05  3.549e+04  9.391e+04
   4.2%      0.0   41.7%  | | | | | | |_comm_state[6].state_do_some_work.ste   0.001505   0.000909  3.901e+06  2.786e+04      7e+04  2.153e+04  7.202e+04
   1.5%      0.0    2.9%  | | | | | | |_comm_state[7].state_empty_recv_buffe   0.001865   0.001139  4.898e+06  3.498e+04  8.115e+04   3.05e+04  8.156e+04
   1.7%      0.0          | | | | | | |_untimed
   5.8%      0.0          | | | | | |_untimed
   8.5%      0.0    3.6%  | | | | |_Reconstruct                                 0.01113   0.008747  2.902e+07  4.837e+05  2.363e+05  4.404e+05  6.056e+05
   4.8%      0.0    4.9%  | | | | |_Riemann                                    0.006356   0.005142  1.658e+07  2.763e+05  1.133e+05    2.6e+05  3.349e+05
   2.3%      0.0          | | | | |_untimed
  13.7%      0.0          | | | |_untimed
   6.5%      0.0          | | |_untimed
   2.0%      0.0    0.1%  | |_CCTK_PRESTEP                                     0.002483   0.001338  6.447e+06  6.447e+05  1.723e+05   6.04e+05  7.988e+05
   1.7%      0.0    0.2%  | | |_CallFunction                                   0.002175   0.001176  5.673e+06  8.105e+04  1.865e+05  3.749e+04  1.282e+05
   2.9%      0.0    0.4%  | |_Poison                                           0.003755   0.002812  9.754e+06  9.754e+05  1.794e+05  9.162e+05  1.114e+06
---------------------------------------------------------------------------------------------------------------------------------------------------------
---------------------------------------------------------------------------------------------------------------------------------------------------------
Time      Time   Imblnc   Timer                                               gettimeof  getrusage      cycle  cycle[avg  cycle[sdv  cycle[min  cycle[max
percent   secs   percent                                                           secs       secs       secs       secs       secs       secs       secs
---------------------------------------------------------------------------------------------------------------------------------------------------------
 100.0%      0.2    0.0%  meta mode                                              0.1977     0.1465  5.132e+08  8.553e+07   3.22e+08  1.149e+04  3.457e+08
  77.4%      0.2    0.0%  |_meta mode                                            0.1529     0.1078   3.97e+08  6.616e+07  3.097e+08  1.058e+04  3.457e+08
  71.4%      0.1    1.0%  | |_global mode                                        0.1427     0.1005  3.704e+08  4.939e+06   7.46e+07  5.343e+04  3.084e+07
  67.1%      0.1    0.1%  | | |_level(0)                                         0.1329    0.09402  3.449e+08  1.232e+06  8.066e+07       4420  3.075e+07
   4.4%      0.0    0.1%  | | | |_enter_local_mode                             0.008609   0.006066  2.263e+07  1.911e+04  2.003e+05       2730  5.762e+04
   1.2%      0.0    0.8%  | | | |_enter_singlemap_mode                         0.002269   0.001548  5.917e+06       4993  5.263e+04       2756  5.223e+04
   2.2%      0.0    0.0%  | | | |_leave_local_mode                             0.004315   0.003035  1.133e+07       9563  1.138e+05       2730  5.252e+04
   1.1%      0.0    1.0%  | | | |_leave_singlemap_mode                          0.00226   0.001534  5.849e+06       4931  3.665e+04       2704  3.302e+04
  58.3%      0.1          | | | |_untimed
   3.7%      0.0          | | |_untimed
   5.0%      0.0          | |_untimed
  22.6%      0.0          | untimed
---------------------------------------------------------------------------------------------------------------------------------------------------------
--------------------------------------------------------------------------------
Done.
+ echo Stopping:
Stopping:
+ date
Sat Jun 27 07:23:39 UTC 2026
+ echo Done.
Done.
  Elapsed time: 1.0 s
