/home/runner/simulations/TestJob01_temp_2/output-0000/TEST/sim/GRHydro
Preparing:
+ set -e
+ cd output-0000-active
+ echo Checking:
Checking:
+ pwd
/home/runner/simulations/TestJob01_temp_2/output-0000/TEST/sim/GRHydro/output-0000-active
+ hostname
runnervmkkn4f
+ date
Thu Jul  9 00:08:39 UTC 2026
+ echo Environment:
Environment:
+ export CACTUS_NUM_PROCS=2
+ CACTUS_NUM_PROCS=2
+ export CACTUS_NUM_THREADS=1
+ CACTUS_NUM_THREADS=1
+ export GMON_OUT_PREFIX=gmon.out
+ GMON_OUT_PREFIX=gmon.out
+ export OMP_NUM_THREADS=1
+ OMP_NUM_THREADS=1
+ env
+ sort
+ echo Starting:
Starting:
++ date +%s
+ export CACTUS_STARTTIME=1783555719
+ CACTUS_STARTTIME=1783555719
+ '[' 2 = 1 ']'
+ mpirun -np 2 /home/runner/simulations/TestJob01_temp_2/SIMFACTORY/exe/cactus_sim -L 3 /home/runner/simulations/TestJob01_temp_2/output-0000/arrangements/EinsteinEvolve/GRHydro/test/balsara5_1d.par
INFO (Cactus): Increased logging level from 0 to 3
--------------------------------------------------------------------------------

       10                                  
  1   0101       ************************  
  01  1010 10      The Cactus Code V4.20.0    
 1010 1101 011      www.cactuscode.org     
  1001 100101    ************************  
    00010101                               
     100011     (c) Copyright The Authors  
      0100      GNU Licensed. No Warranty  
      0101                                 
--------------------------------------------------------------------------------

Cactus version:    4.20.0
Compile date:      Jul 08 2026 (23:37:01)
Run date:          Jul 09 2026 (00:08:40+0000)
Run host:          runnervmkkn4f.mjz10em2rcmehnadcvryxgeikc.yx.internal.cloudapp.net (pid=179632)
Working directory: /home/runner/simulations/TestJob01_temp_2/output-0000/TEST/sim/GRHydro
Executable:        /home/runner/simulations/TestJob01_temp_2/SIMFACTORY/exe/cactus_sim
Parameter file:    /home/runner/simulations/TestJob01_temp_2/output-0000/arrangements/EinsteinEvolve/GRHydro/test/balsara5_1d.par
--------------------------------------------------------------------------------

Activating thorn Cactus...Success -> active implementation Cactus
Activation requested for 
--->Boundary CartGrid3D CoordBase Fortran InitBase IOUtil LocalReduce SymBase Time AEILocalInterp LocalInterp MoL Slab SpaceMask Carpet CarpetInterp CarpetIOASCII CarpetIOHDF5 CarpetIOScalar CarpetLib CarpetIOBasic CarpetReduce CarpetSlab LoopControl NaNChecker TerminationTrigger TimerReport ADMbase ADMmacros CoordGauge StaticConformal Constants TmunuBase HydroBase EOS_Omni GRHydro GRHydro_InitData HDF5 SystemStatistics<---
Thorn Carpet requests automatic activation of MPI
Thorn Carpet requests automatic activation of Timers
Thorn CarpetLib requests automatic activation of Vectors
Thorn CarpetLib requests automatic activation of Boost
Thorn CarpetLib requests automatic activation of CycleClock
Thorn GRHydro requests automatic activation of EOS_Polytrope
Thorn HDF5 requests automatic activation of zlib
Thorn LoopControl requests automatic activation of hwloc
Thorn EOS_Polytrope requests automatic activation of EOS_Base
Activating thorn ADMbase...Success -> active implementation ADMBase
Activating thorn ADMmacros...Success -> active implementation ADMMacros
Activating thorn AEILocalInterp...Success -> active implementation AEILocalInterp
Activating thorn Boost...Success -> active implementation Boost
Activating thorn Boundary...Success -> active implementation boundary
Activating thorn Carpet...Success -> active implementation Driver
Activating thorn CarpetInterp...Success -> active implementation interp
Activating thorn CarpetIOASCII...Success -> active implementation IOASCII
Activating thorn CarpetIOBasic...Success -> active implementation IOBasic
Activating thorn CarpetIOHDF5...Success -> active implementation IOHDF5
Activating thorn CarpetIOScalar...Success -> active implementation IOScalar
Activating thorn CarpetLib...Success -> active implementation CarpetLib
Activating thorn CarpetReduce...Success -> active implementation reduce
Activating thorn CarpetSlab...Success -> active implementation Hyperslab
Activating thorn CartGrid3D...Success -> active implementation grid
Activating thorn Constants...Success -> active implementation Constants
Activating thorn CoordBase...Success -> active implementation CoordBase
Activating thorn CoordGauge...Success -> active implementation CoordGauge
Activating thorn CycleClock...Success -> active implementation CycleClock
Activating thorn EOS_Base...Success -> active implementation EOS_Base
Activating thorn EOS_Omni...Success -> active implementation EOS_Omni
Activating thorn EOS_Polytrope...Success -> active implementation EOS_2d_Polytrope
Activating thorn Fortran...Success -> active implementation Fortran
Activating thorn GRHydro...Success -> active implementation GRHydro
Activating thorn GRHydro_InitData...Success -> active implementation GRHydro_init_data
Activating thorn HDF5...Success -> active implementation HDF5
Activating thorn hwloc...Success -> active implementation hwloc
Activating thorn HydroBase...Success -> active implementation HydroBase
Activating thorn InitBase...Success -> active implementation InitBase
Activating thorn IOUtil...Success -> active implementation IO
Activating thorn LocalInterp...Success -> active implementation LocalInterp
Activating thorn LocalReduce...Success -> active implementation LocalReduce
Activating thorn LoopControl...Success -> active implementation LoopControl
Activating thorn MoL...Success -> active implementation MethodOfLines
Activating thorn MPI...Success -> active implementation MPI
Activating thorn NaNChecker...Success -> active implementation NaNChecker
Activating thorn Slab...Success -> active implementation Slab
Activating thorn SpaceMask...Success -> active implementation SpaceMask
Activating thorn StaticConformal...Success -> active implementation StaticConformal
Activating thorn SymBase...Success -> active implementation SymBase
Activating thorn SystemStatistics...Success -> active implementation SystemStatistics
Activating thorn TerminationTrigger...Success -> active implementation TerminationTrigger
Activating thorn Time...Success -> active implementation time
Activating thorn TimerReport...Success -> active implementation timerreport
Activating thorn Timers...Success -> active implementation Timers
Activating thorn TmunuBase...Success -> active implementation TmunuBase
Activating thorn Vectors...Success -> active implementation Vectors
Activating thorn zlib...Success -> active implementation zlib
--------------------------------------------------------------------------------
  if (recover initial data)
    Recover parameters
  endif

  Startup routines
    [CCTK_STARTUP]
      Carpet::MultiModel_Startup: Multi-model Startup routine
      CycleClock::CycleClock_Setup: Set up CycleClock
      LoopControl::LC_setup: Set up LoopControl
      Timers::Timer_Startup: Prepare hierarchical timers
      Carpet::Driver_Startup: Startup routine
      IOUtil::IOUtil_Startup: Startup routine
      CarpetIOScalar::CarpetIOScalarStartup: [global] Startup routine
      CarpetInterp::CarpetInterpStartup: Startup routine
      CarpetReduce::CarpetReduceStartup: Startup routine
      CartGrid3D::SymmetryStartup: Register GH Extension for GridSymmetry
      CoordBase::CoordBase_Startup: Register a GH extension to store the coordinate system handles
      AEILocalInterp::AEILocalInterp_U_Startup: register CCTK_InterpLocalUniform() interpolation operators
      EOS_Omni::EOS_Omni_Startup: [global] Set up conversion factors and other fun stuff
      EOS_Polytrope::EOS_Polytrope_Startup: Setup the polytropic EOS
      GRHydro::GRHydro_Startup: Startup banner
      GRHydro::GRHydro_RegisterMask: Register the hydro masks
      HydroBase::HydroBase_StartUp: Startup banner
      CarpetIOASCII::CarpetIOASCIIStartup: [global] Startup routine
      LocalInterp::LocalInterp_Startup: register LocalInterp's interpolation operators
      LocalReduce::LocalReduce_Startup: Startup routine
      CarpetIOBasic::CarpetIOBasicStartup: [global] Startup routine
      MoL::MoL_Startup: Startup banner
      Slab::Slab_InitMPIDatatypes: Create MPI datatypes for complex variables in C
      SymBase::SymBase_Startup: Register GH Extension for SymBase
      TerminationTrigger::TerminationTrigger_StartSignalHandler: Start signal handler
      CarpetIOHDF5::CarpetIOHDF5_Startup: Startup routine
      Vectors::Vectors_Startup: Print startup message
      GROUP hwloc_startup: hwloc startup group
        hwloc::hwloc_version: Output hwloc version

  Startup routines which need an existing grid hierarchy
    [CCTK_WRAGH]
      ADMBase::Einstein_InitSymBound: [global] Set up GF symmetries
      Boundary::Boundary_RegisterBCs: [global] Register boundary conditions that this thorn provides
      CartGrid3D::RegisterCartGrid3DCoords: [meta] Register coordinates for the Cartesian grid
      CoordGauge::Einstein_ActivateSlicing: Initialize slicing, setup priorities for mixed slicings
      CoordGauge::Einstein_SetNextSlicing: Identify the slicing for the next iteration
      GRHydro::GRHydro_ClearLastMoLPostStep: [global] Initialize InLastMoLPostStep to zero
      MoL::MoL_SetupIndexArrays: Set up the MoL bookkeeping index arrays
      MoL::MoL_SetScheduleStatus: [global] Set the flag so it is ok to register with MoL
      TmunuBase::TmunuBase_SetStressEnergyState: [global] Set the stress_energy_state variable
      GROUP MoL_Register: The group where physics thorns register variables with MoL
        GRHydro::GRHydro_Register: Register variables for MoL
      Slab::Slab_InitTimers: Initialise timers
      SpaceMask::MaskSym: [global] Set grid symmetries for mask
      SpaceMask::MaskSym_emask: [global] Set grid symmetries for emask (compatibility mode)
      GROUP SymBase_Wrapper: Wrapper group for SymBase
        GROUP SymmetryRegister: Register your symmetries here
          CartGrid3D::CartGrid3D_RegisterSymmetryBoundaries: [meta] Register symmetry boundaries
        SymBase::SymBase_Statistics: Print symmetry boundary face descriptions
      MoL::MoL_ReportNumberVariables: [meta] Report how many of each type of variable there are
  Parameter checking routines
    [CCTK_PARAMCHECK]
      ADMBase::ADMBase_ParamCheck: [global] Check consistency of parameters
      Boundary::Boundary_Check: Check dimension of grid variables
      Carpet::CarpetParamCheck: Parameter checking routine
      CarpetLib::CarpetLib_test_prolongate_3d_rf2: [global] Test prolongation operators
      CartGrid3D::ParamCheck_CartGrid3D: Check coordinates for CartGrid3D
      Fortran::CheckFortranParameters: Test whether Fortran parameters work correctly
      GRHydro::GRHydro_ParamCheck: Check parameters
      GRHydro_InitData::GRHydro_InitData_CheckParameters: Check parameters
      MoL::MoL_ParamCheck: Basic parameter checking
      TerminationTrigger::TerminationTrigger_ParamCheck: Check consitency of parameters
      TmunuBase::TmunuBase_ParamCheck: [global] Check that no deprecated parameters are used.
      Vectors::Vectors_Test: Run correctness tests.

  Initialisation
    if (NOT (recover initial data AND recovery_mode is 'strict'))
      [CCTK_PREREGRIDINITIAL]
      Set up grid hierarchy
      [CCTK_POSTREGRIDINITIAL]
        CartGrid3D::SpatialCoordinates: Set Coordinates after regridding
        GROUP MaskBase_SetupMask: Set up the weight function
          GROUP MaskBase_SetupMaskAll: Set up the weight function
            CarpetReduce::MaskBase_AllocateMask: [global] Allocate the weight function
            CarpetReduce::MaskBase_InitMask: [global] [loop-local] Initialise the weight function
            GROUP SetupIMaskInternal: Set up the integer weight function (schedule other routines in here)
              CarpetReduce::CoordBase_SetupMask: [global] [loop-local] Set up the outer boundaries of the weight function
              CarpetReduce::CarpetMaskSetup: [global] [loop-singlemap] Set up the weight function for the restriction regions
            GROUP SetupIMask: Set up the integer weight function (schedule other routines in here)
            CarpetReduce::MaskBase_SetMask: [global] [loop-local] Set the weight function
            GROUP SetupMask: Set up the real weight function (schedule other routines in here)
            CarpetReduce::MaskBase_TestMask: [global] Test the weight function
        SpaceMask::MaskZero: Initialise mask to zero
        GRHydro::GRHydro_RefinementLevel: Calculate current refinement level
        GROUP HydroBase_ExcisionMaskSetup: Set up hydro excision mask
          HydroBase::HydroBase_InitExcisionMask: Initialize hydro excision mask to 'no excision everywhere'
        GROUP MoL_PseudoEvolutionBoundaries: Apply boundary conditions to pseudo-evolved quantities
        SpaceMask::MaskOne: Set mask to one
        GRHydro::GRHydro_SetupMask: Initialize the atmosphere mask
      [CCTK_BASEGRID]
        ADMBase::ADMBase_SetShiftStateOn: Set the shift_state variable to 1
        ADMBase::ADMBase_SetDtLapseStateOff: Set the dtlapse_state variable to 0
        ADMBase::ADMBase_SetDtShiftStateOff: Set the dtshift_state variable to 0
        ADMMacros::ADMMacros_SetLocalSpatialOrder: Initialize the local_spatial_order
        CartGrid3D::SpatialSpacings: Set up ranges for spatial 3D Cartesian coordinates (on all grids)
        CartGrid3D::SpatialCoordinates: Set up spatial 3D Cartesian coordinates on the GH
        GROUP MaskBase_SetupMask: Set up the weight function
          GROUP MaskBase_SetupMaskAll: Set up the weight function
            CarpetReduce::MaskBase_AllocateMask: [global] Allocate the weight function
            CarpetReduce::MaskBase_InitMask: [global] [loop-local] Initialise the weight function
            GROUP SetupIMaskInternal: Set up the integer weight function (schedule other routines in here)
              CarpetReduce::CoordBase_SetupMask: [global] [loop-local] Set up the outer boundaries of the weight function
              CarpetReduce::CarpetMaskSetup: [global] [loop-singlemap] Set up the weight function for the restriction regions
            GROUP SetupIMask: Set up the integer weight function (schedule other routines in here)
            CarpetReduce::MaskBase_SetMask: [global] [loop-local] Set the weight function
            GROUP SetupMask: Set up the real weight function (schedule other routines in here)
            CarpetReduce::MaskBase_TestMask: [global] Test the weight function
        GRHydro::GRHydro_Reset_Execution_Flags: [global] Initially set execution flags to 'YEAH, Execute'!
        GRHydro::GRHydro_InitSymBound: Schedule symmetries and check shift state
        GRHydro::reset_GRHydro_C2P_failed: Initialise the mask function that contains the points where C2P has failed (at BASEGRID)
        NaNChecker::NaNChecker_ResetCounter: [global] Reset the NaNChecker::NaNsFound counter
        SpaceMask::MaskZero: Initialise mask to zero
        SpaceMask::MaskOne: Set old style mask to one
        SymBase::SymBase_Check: Check whether the driver set up the grid consistently
        TerminationTrigger::TerminationTrigger_ResetTrigger: Clear trigger state
        TerminationTrigger::TerminationTrigger_StartTimer: Start timer
        TerminationTrigger::TerminationTrigger_CreateFile: Create termination file
        Time::Time_Initialise: [global] Initialise Time variables
        Time::TemporalSpacings: [singlemap] Set timestep based on Courant condition (courant_static)
      [CCTK_INITIAL]
        StaticConformal::StaticConformal_InitialiseState: Set the conformal_state variable to 0
        GROUP ADMBase_InitialData: Schedule group for calculating ADM initial data
          ADMBase::ADMBase_CartesianMinkowski: Set the metric and extrinsic curvature to cartesian minkowski values
        GRHydro::GRHydro_EOSHandle: [global] Set the EOS number
        CarpetIOASCII::CarpetIOASCIIInit: [global] Initialisation routine
        CarpetIOBasic::CarpetIOBasicInit: [global] Initialisation routine
        CarpetIOHDF5::CarpetIOHDF5_Init: [global] Initialisation routine
        CarpetIOScalar::CarpetIOScalarInit: [global] Initialisation routine
        GRHydro::GRHydro_Rho_Minima_Setup: Set up minimum for the rest-mass density in the atmosphere (before intial data)
        GRHydro::GRHydro_SetupMask: Initialize the atmosphere mask
        GRHydro::GRHydro_RefinementLevel: Calculate current refinement level
        GROUP ADMBase_InitialGauge: Schedule group for the ADM initial gauge condition
          ADMBase::ADMBase_LapseOne: Set the lapse to 1 at all points
          ADMBase::ADMBase_ShiftZero: Set the shift to 0 at all points
        GROUP HydroBase_Initial: HydroBase initial data group
          GROUP GRHydro_Initial: GRHydro initial data group
          GRHydro::GRHydro_DivBInit: Set divB initially to zero
          GRHydro_InitData::GRHydro_shocktubeM: Shocktube initial data - MHD version
          GROUP HydroBase_ExcisionMaskSetup: Set up hydro excision mask
            HydroBase::HydroBase_InitExcisionMask: Initialize hydro excision mask to 'no excision everywhere'
        GROUP ADMBase_PostInitial: Schedule group for modifying the ADM initial data, such as e.g. adding noise
        GRHydro::GRHydro_SqrtSpatialDeterminant: Calculate sdetg
        GRHydro::GRHydro_InitialAtmosphereReset: Use mask to enforce atmosphere at initial time
        MoL::MoL_StartLoop: [level] Initialise the step size control
        GROUP HydroBase_Prim2ConInitial: Recover the conservative variables from the primitive variables
          GRHydro::Primitive2ConservativeCellsM: Convert initial data given in primive variables to conserved variables - MHD version
      [CCTK_POSTINITIAL]
        CarpetIOHDF5::CarpetIOHDF5_CloseFiles: [global] Close all filereader input files
        GRHydro::GRHydro_Scalar_Setup: Set up and check scalars for efficiency
        GROUP MoL_PostStepModify: The group for physics thorns to schedule enforcing constraints
        GROUP MoL_PostStep: Ensure that everything is correct after the initial data have been set up
          ADMBase::ADMBase_Boundaries: [level] Select ADMBase boundary conditions - may be required for mesh refinement
          GROUP ADMBase_ApplyBCs: Apply the boundary conditions of ADMBase
            GROUP BoundaryConditions: Execute all boundary conditions
              Boundary::Boundary_ApplyPhysicalBCs: Apply all requested local physical boundary conditions
              CartGrid3D::CartGrid3D_ApplyBC: Apply symmetry boundary conditions
            Boundary::Boundary_ClearSelection: [level] Unselect all grid variables for boundary conditions
          GROUP ADMBase_SetADMVars: Set the ADM variables before this group, and use them afterwards
          GRHydro::GRHydro_RefinementLevel: Calculate current refinement level
          GRHydro::GRHydro_SetLastMoLPostStep: [level] Set grid scalar InLastMoLPostStep if this is the last MoL PostStep call
          GROUP HydroBase_PostStep: Post step tasks for hydro thorns
            GROUP GRHydro_PostStep: Post step tasks for GRHydro
            GROUP GRHydro_AtmosphereMaskBoundaries: Apply boundary conditions to primitives
              GRHydro::GRHydro_SelectAtmosphereMaskBoundaries: [level] Select atmosphere mask for boundary conditions
              GROUP GRHydro_ApplyAtmosphereMaskBCs: Apply boundary conditions to real-valued atmosphere mask
                GROUP BoundaryConditions: Execute all boundary conditions
                  Boundary::Boundary_ApplyPhysicalBCs: Apply all requested local physical boundary conditions
                  CartGrid3D::CartGrid3D_ApplyBC: Apply symmetry boundary conditions
                Boundary::Boundary_ClearSelection: [level] Unselect all grid variables for boundary conditions
            GRHydro::GRHydroPostSyncAtmosphereMask: Set integer atmosphere mask from synchronized real atmosphere mask
            if (GRHydro::InLastMoLPostStep)
              GRHydro::GRHydro_AtmosphereResetM: Reset the atmosphere - MHD version
            GRHydro::GRHydro_CalcBcom: Compute comoving magnetic field, pressure, etc...
            GROUP HydroBase_Boundaries: HydroBase-internal Boundary conditions group
              GROUP Do_GRHydro_Boundaries: GRHydro Boundary conditions group
              GROUP HydroBase_Select_Boundaries: Group to schedule the boundary condition functions
                if (GRHydro::execute_MoL_PostStep)
                  GRHydro::GRHydro_Bound: [level] Select GRHydro boundary conditions
              GROUP HydroBase_ApplyBCs: Apply the boundary conditions of HydroBase
                GROUP BoundaryConditions: Execute all boundary conditions
                  Boundary::Boundary_ApplyPhysicalBCs: Apply all requested local physical boundary conditions
                  CartGrid3D::CartGrid3D_ApplyBC: Apply symmetry boundary conditions
                Boundary::Boundary_ClearSelection: [level] Unselect all grid variables for boundary conditions
            GROUP HydroBase_Con2Prim: Convert from conservative to primitive variables
              if (GRHydro::execute_MoL_Step)
                GRHydro::GRHydro_SqrtSpatialDeterminant: Calculate sdetg
              if (GRHydro::execute_MoL_PostStep)
                GRHydro::Con2Prim: Convert back to primitive variables (general) - MHD version
        GROUP MoL_PseudoEvolution: Calculate pseudo-evolved quantities
          GROUP ADMBase_SetADMVars: Set the ADM variables before this group, and use them afterwards
          GROUP GRHydroAnalysis: Calculate analysis quantities
            GRHydro::GRHydro_CalcDivB: Calculate divB
            GROUP GRHydro_ApplyDivBBCs: Apply boundary conditions to divB
              GROUP BoundaryConditions: Execute all boundary conditions
                Boundary::Boundary_ApplyPhysicalBCs: Apply all requested local physical boundary conditions
                CartGrid3D::CartGrid3D_ApplyBC: Apply symmetry boundary conditions
              Boundary::Boundary_ClearSelection: [level] Unselect all grid variables for boundary conditions
      Initialise finer grids recursively
      Restrict from finer grids
      [CCTK_POSTRESTRICTINITIAL]
        GROUP MoL_PostStep: Ensure that everything is correct after restriction
          ADMBase::ADMBase_Boundaries: [level] Select ADMBase boundary conditions - may be required for mesh refinement
          GROUP ADMBase_ApplyBCs: Apply the boundary conditions of ADMBase
            GROUP BoundaryConditions: Execute all boundary conditions
              Boundary::Boundary_ApplyPhysicalBCs: Apply all requested local physical boundary conditions
              CartGrid3D::CartGrid3D_ApplyBC: Apply symmetry boundary conditions
            Boundary::Boundary_ClearSelection: [level] Unselect all grid variables for boundary conditions
          GROUP ADMBase_SetADMVars: Set the ADM variables before this group, and use them afterwards
          GRHydro::GRHydro_RefinementLevel: Calculate current refinement level
          GRHydro::GRHydro_SetLastMoLPostStep: [level] Set grid scalar InLastMoLPostStep if this is the last MoL PostStep call
          GROUP HydroBase_PostStep: Post step tasks for hydro thorns
            GROUP GRHydro_PostStep: Post step tasks for GRHydro
            GROUP GRHydro_AtmosphereMaskBoundaries: Apply boundary conditions to primitives
              GRHydro::GRHydro_SelectAtmosphereMaskBoundaries: [level] Select atmosphere mask for boundary conditions
              GROUP GRHydro_ApplyAtmosphereMaskBCs: Apply boundary conditions to real-valued atmosphere mask
                GROUP BoundaryConditions: Execute all boundary conditions
                  Boundary::Boundary_ApplyPhysicalBCs: Apply all requested local physical boundary conditions
                  CartGrid3D::CartGrid3D_ApplyBC: Apply symmetry boundary conditions
                Boundary::Boundary_ClearSelection: [level] Unselect all grid variables for boundary conditions
            GRHydro::GRHydroPostSyncAtmosphereMask: Set integer atmosphere mask from synchronized real atmosphere mask
            if (GRHydro::InLastMoLPostStep)
              GRHydro::GRHydro_AtmosphereResetM: Reset the atmosphere - MHD version
            GRHydro::GRHydro_CalcBcom: Compute comoving magnetic field, pressure, etc...
            GROUP HydroBase_Boundaries: HydroBase-internal Boundary conditions group
              GROUP Do_GRHydro_Boundaries: GRHydro Boundary conditions group
              GROUP HydroBase_Select_Boundaries: Group to schedule the boundary condition functions
                if (GRHydro::execute_MoL_PostStep)
                  GRHydro::GRHydro_Bound: [level] Select GRHydro boundary conditions
              GROUP HydroBase_ApplyBCs: Apply the boundary conditions of HydroBase
                GROUP BoundaryConditions: Execute all boundary conditions
                  Boundary::Boundary_ApplyPhysicalBCs: Apply all requested local physical boundary conditions
                  CartGrid3D::CartGrid3D_ApplyBC: Apply symmetry boundary conditions
                Boundary::Boundary_ClearSelection: [level] Unselect all grid variables for boundary conditions
            GROUP HydroBase_Con2Prim: Convert from conservative to primitive variables
              if (GRHydro::execute_MoL_Step)
                GRHydro::GRHydro_SqrtSpatialDeterminant: Calculate sdetg
              if (GRHydro::execute_MoL_PostStep)
                GRHydro::Con2Prim: Convert back to primitive variables (general) - MHD version
        GROUP MoL_PseudoEvolutionBoundaries: Apply boundary conditions to pseudo-evolved quantities
      [CCTK_POSTPOSTINITIAL]
        GRHydro::GRHydro_Rho_Minima_Setup_Final: Set the value of the rest-mass density of the atmosphere which will be used during the evolution
        GRHydro::GRHydro_InitialAtmosphereResetM: Use mask to enforce atmosphere at initial time
        GROUP Con2Prim: Convert from conservative to primitive variables (might be redundant)
          if (GRHydro::execute_MoL_Step)
            GRHydro::GRHydro_SqrtSpatialDeterminant: Calculate sdetg
          if (GRHydro::execute_MoL_PostStep)
            GRHydro::Con2Prim: Convert back to primitive variables (general) - MHD version
        GROUP SetTmunu: Calculate the stress-energy tensor
        GROUP ADMConstraintsGroup: Evaluate ADM constraints, and perform symmetry boundary conditions
      [CCTK_POSTSTEP]
        GRHydro::GRHydro_RefinementLevel: Calculate current refinement level (for the check of the C2P mask)
        GRHydro::check_GRHydro_C2P_failed: Check the mask function that contains the points where C2P has failed and report an error in case a failure is found
        GROUP HydroBase_ExcisionHasBeenSet: Group to schedule thorns changing the mask before and thorns using the mask after
        GROUP zzz_NaNChecker_NaNCheck: Check for NaNs and count them in NaNChecker::NaNsFound
          NaNChecker::NaNChecker_NaNCheck_Prepare: [level] Prepare data structures to check for NaNs
          NaNChecker::NaNChecker_NaNCheck_Check: [local] Check for NaNs
          NaNChecker::NaNChecker_NaNCheck_Finish: [level] Count NaNs in NaNChecker::NaNsFound
        NaNChecker::NaNChecker_TakeAction: [global] [loop-level] Output NaNChecker::NaNmask and take action according to NaNChecker::action_if_found
        SpaceMask::CheckMask: Ensure that all mask values are legal
    endif
    if (recover initial data)
      [CCTK_BASEGRID]
        ADMBase::ADMBase_SetShiftStateOn: Set the shift_state variable to 1
        ADMBase::ADMBase_SetDtLapseStateOff: Set the dtlapse_state variable to 0
        ADMBase::ADMBase_SetDtShiftStateOff: Set the dtshift_state variable to 0
        ADMMacros::ADMMacros_SetLocalSpatialOrder: Initialize the local_spatial_order
        CartGrid3D::SpatialSpacings: Set up ranges for spatial 3D Cartesian coordinates (on all grids)
        CartGrid3D::SpatialCoordinates: Set up spatial 3D Cartesian coordinates on the GH
        GROUP MaskBase_SetupMask: Set up the weight function
          GROUP MaskBase_SetupMaskAll: Set up the weight function
            CarpetReduce::MaskBase_AllocateMask: [global] Allocate the weight function
            CarpetReduce::MaskBase_InitMask: [global] [loop-local] Initialise the weight function
            GROUP SetupIMaskInternal: Set up the integer weight function (schedule other routines in here)
              CarpetReduce::CoordBase_SetupMask: [global] [loop-local] Set up the outer boundaries of the weight function
              CarpetReduce::CarpetMaskSetup: [global] [loop-singlemap] Set up the weight function for the restriction regions
            GROUP SetupIMask: Set up the integer weight function (schedule other routines in here)
            CarpetReduce::MaskBase_SetMask: [global] [loop-local] Set the weight function
            GROUP SetupMask: Set up the real weight function (schedule other routines in here)
            CarpetReduce::MaskBase_TestMask: [global] Test the weight function
        GRHydro::GRHydro_Reset_Execution_Flags: [global] Initially set execution flags to 'YEAH, Execute'!
        GRHydro::GRHydro_InitSymBound: Schedule symmetries and check shift state
        GRHydro::reset_GRHydro_C2P_failed: Initialise the mask function that contains the points where C2P has failed (at BASEGRID)
        NaNChecker::NaNChecker_ResetCounter: [global] Reset the NaNChecker::NaNsFound counter
        SpaceMask::MaskZero: Initialise mask to zero
        SpaceMask::MaskOne: Set old style mask to one
        SymBase::SymBase_Check: Check whether the driver set up the grid consistently
        TerminationTrigger::TerminationTrigger_ResetTrigger: Clear trigger state
        TerminationTrigger::TerminationTrigger_StartTimer: Start timer
        TerminationTrigger::TerminationTrigger_CreateFile: Create termination file
        Time::Time_Initialise: [global] Initialise Time variables
        Time::TemporalSpacings: [singlemap] Set timestep based on Courant condition (courant_static)
      [CCTK_RECOVER_VARIABLES]
      [CCTK_POST_RECOVER_VARIABLES]
        CarpetIOHDF5::CarpetIOHDF5_InitCheckpointingIntervals: [global] Initialisation of checkpointing intervals after recovery
        GROUP MaskBase_SetupMask: Set up the weight function
          GROUP MaskBase_SetupMaskAll: Set up the weight function
            CarpetReduce::MaskBase_AllocateMask: [global] Allocate the weight function
            CarpetReduce::MaskBase_InitMask: [global] [loop-local] Initialise the weight function
            GROUP SetupIMaskInternal: Set up the integer weight function (schedule other routines in here)
              CarpetReduce::CoordBase_SetupMask: [global] [loop-local] Set up the outer boundaries of the weight function
              CarpetReduce::CarpetMaskSetup: [global] [loop-singlemap] Set up the weight function for the restriction regions
            GROUP SetupIMask: Set up the integer weight function (schedule other routines in here)
            CarpetReduce::MaskBase_SetMask: [global] [loop-local] Set the weight function
            GROUP SetupMask: Set up the real weight function (schedule other routines in here)
            CarpetReduce::MaskBase_TestMask: [global] Test the weight function
        GRHydro::GRHydro_EOSHandle: [global] Set the EOS number
        GRHydro::GRHydroCopyIntegerMask: Initialize the real valued atmosphere mask after checkpoint recovery
        GRHydro::GRHydro_SqrtSpatialDeterminant: Calculate sdetg
        GROUP HydroBase_ExcisionMaskSetup: Set up hydro excision mask
          HydroBase::HydroBase_InitExcisionMask: Initialize hydro excision mask to 'no excision everywhere'
        GROUP MoL_PostStep: Ensure that everything is correct after recovery
          ADMBase::ADMBase_Boundaries: [level] Select ADMBase boundary conditions - may be required for mesh refinement
          GROUP ADMBase_ApplyBCs: Apply the boundary conditions of ADMBase
            GROUP BoundaryConditions: Execute all boundary conditions
              Boundary::Boundary_ApplyPhysicalBCs: Apply all requested local physical boundary conditions
              CartGrid3D::CartGrid3D_ApplyBC: Apply symmetry boundary conditions
            Boundary::Boundary_ClearSelection: [level] Unselect all grid variables for boundary conditions
          GROUP ADMBase_SetADMVars: Set the ADM variables before this group, and use them afterwards
          GRHydro::GRHydro_RefinementLevel: Calculate current refinement level
          GRHydro::GRHydro_SetLastMoLPostStep: [level] Set grid scalar InLastMoLPostStep if this is the last MoL PostStep call
          GROUP HydroBase_PostStep: Post step tasks for hydro thorns
            GROUP GRHydro_PostStep: Post step tasks for GRHydro
            GROUP GRHydro_AtmosphereMaskBoundaries: Apply boundary conditions to primitives
              GRHydro::GRHydro_SelectAtmosphereMaskBoundaries: [level] Select atmosphere mask for boundary conditions
              GROUP GRHydro_ApplyAtmosphereMaskBCs: Apply boundary conditions to real-valued atmosphere mask
                GROUP BoundaryConditions: Execute all boundary conditions
                  Boundary::Boundary_ApplyPhysicalBCs: Apply all requested local physical boundary conditions
                  CartGrid3D::CartGrid3D_ApplyBC: Apply symmetry boundary conditions
                Boundary::Boundary_ClearSelection: [level] Unselect all grid variables for boundary conditions
            GRHydro::GRHydroPostSyncAtmosphereMask: Set integer atmosphere mask from synchronized real atmosphere mask
            if (GRHydro::InLastMoLPostStep)
              GRHydro::GRHydro_AtmosphereResetM: Reset the atmosphere - MHD version
            GRHydro::GRHydro_CalcBcom: Compute comoving magnetic field, pressure, etc...
            GROUP HydroBase_Boundaries: HydroBase-internal Boundary conditions group
              GROUP Do_GRHydro_Boundaries: GRHydro Boundary conditions group
              GROUP HydroBase_Select_Boundaries: Group to schedule the boundary condition functions
                if (GRHydro::execute_MoL_PostStep)
                  GRHydro::GRHydro_Bound: [level] Select GRHydro boundary conditions
              GROUP HydroBase_ApplyBCs: Apply the boundary conditions of HydroBase
                GROUP BoundaryConditions: Execute all boundary conditions
                  Boundary::Boundary_ApplyPhysicalBCs: Apply all requested local physical boundary conditions
                  CartGrid3D::CartGrid3D_ApplyBC: Apply symmetry boundary conditions
                Boundary::Boundary_ClearSelection: [level] Unselect all grid variables for boundary conditions
            GROUP HydroBase_Con2Prim: Convert from conservative to primitive variables
              if (GRHydro::execute_MoL_Step)
                GRHydro::GRHydro_SqrtSpatialDeterminant: Calculate sdetg
              if (GRHydro::execute_MoL_PostStep)
                GRHydro::Con2Prim: Convert back to primitive variables (general) - MHD version
        GROUP zzz_NaNChecker_NaNCheck: Check for NaNs and count them in NaNChecker::NaNsFound
          NaNChecker::NaNChecker_NaNCheck_Prepare: [level] Prepare data structures to check for NaNs
          NaNChecker::NaNChecker_NaNCheck_Check: [local] Check for NaNs
          NaNChecker::NaNChecker_NaNCheck_Finish: [level] Count NaNs in NaNChecker::NaNsFound
        NaNChecker::NaNChecker_TakeAction: [global] [loop-level] Output NaNChecker::NaNmask and take action according to NaNChecker::action_if_found
        TerminationTrigger::TerminationTrigger_ResetMinutes: [global] Reset Watchtime
    endif
    if (checkpoint initial data)
      [CCTK_CPINITIAL]
        CarpetIOHDF5::CarpetIOHDF5_InitialDataCheckpoint: [meta] Initial data checkpoint routine
    endif
    if (analysis)
      [CCTK_ANALYSIS]
        CarpetLib::CarpetLib_printtimestats: [global] Print timing statistics if desired
        CarpetLib::CarpetLib_printmemstats: [global] Print memory statistics if desired
        LoopControl::LC_statistics_analysis: [meta] Output LoopControl statistics
        SystemStatistics::SystemStatistics_Collect: [global] Collect system statistics
        TerminationTrigger::TerminationTrigger_CheckWalltime: Check elapsed job walltime
        TerminationTrigger::TerminationTrigger_CheckSignal: Check if we received a termination signal
        TerminationTrigger::TerminationTrigger_CheckFile: Check termination file
        TimerReport::zzz_TimerReport_Output: [global] Print the timer report
  endif
  Output grid variables

  do loop over timesteps
    [CCTK_PREREGRID]
    Change grid hierarchy
    [CCTK_POSTREGRID]
      CartGrid3D::SpatialCoordinates: Set Coordinates after regridding
      GROUP MaskBase_SetupMask: Set up the weight function
        GROUP MaskBase_SetupMaskAll: Set up the weight function
          CarpetReduce::MaskBase_AllocateMask: [global] Allocate the weight function
          CarpetReduce::MaskBase_InitMask: [global] [loop-local] Initialise the weight function
          GROUP SetupIMaskInternal: Set up the integer weight function (schedule other routines in here)
            CarpetReduce::CoordBase_SetupMask: [global] [loop-local] Set up the outer boundaries of the weight function
            CarpetReduce::CarpetMaskSetup: [global] [loop-singlemap] Set up the weight function for the restriction regions
          GROUP SetupIMask: Set up the integer weight function (schedule other routines in here)
          CarpetReduce::MaskBase_SetMask: [global] [loop-local] Set the weight function
          GROUP SetupMask: Set up the real weight function (schedule other routines in here)
          CarpetReduce::MaskBase_TestMask: [global] Test the weight function
      SpaceMask::MaskZero: Initialise mask to zero
      GROUP HydroBase_ExcisionMaskSetup: Set up hydro excision mask
        HydroBase::HydroBase_InitExcisionMask: Initialize hydro excision mask to 'no excision everywhere'
      SpaceMask::MaskOne: Set mask to one
      GRHydro::GRHydro_SetupMask: Initialize the atmosphere mask
      GROUP MoL_PostStep: Ensure that everything is correct after regridding
        ADMBase::ADMBase_Boundaries: [level] Select ADMBase boundary conditions - may be required for mesh refinement
        GROUP ADMBase_ApplyBCs: Apply the boundary conditions of ADMBase
          GROUP BoundaryConditions: Execute all boundary conditions
            Boundary::Boundary_ApplyPhysicalBCs: Apply all requested local physical boundary conditions
            CartGrid3D::CartGrid3D_ApplyBC: Apply symmetry boundary conditions
          Boundary::Boundary_ClearSelection: [level] Unselect all grid variables for boundary conditions
        GROUP ADMBase_SetADMVars: Set the ADM variables before this group, and use them afterwards
        GRHydro::GRHydro_RefinementLevel: Calculate current refinement level
        GRHydro::GRHydro_SetLastMoLPostStep: [level] Set grid scalar InLastMoLPostStep if this is the last MoL PostStep call
        GROUP HydroBase_PostStep: Post step tasks for hydro thorns
          GROUP GRHydro_PostStep: Post step tasks for GRHydro
          GROUP GRHydro_AtmosphereMaskBoundaries: Apply boundary conditions to primitives
            GRHydro::GRHydro_SelectAtmosphereMaskBoundaries: [level] Select atmosphere mask for boundary conditions
            GROUP GRHydro_ApplyAtmosphereMaskBCs: Apply boundary conditions to real-valued atmosphere mask
              GROUP BoundaryConditions: Execute all boundary conditions
                Boundary::Boundary_ApplyPhysicalBCs: Apply all requested local physical boundary conditions
                CartGrid3D::CartGrid3D_ApplyBC: Apply symmetry boundary conditions
              Boundary::Boundary_ClearSelection: [level] Unselect all grid variables for boundary conditions
          GRHydro::GRHydroPostSyncAtmosphereMask: Set integer atmosphere mask from synchronized real atmosphere mask
          if (GRHydro::InLastMoLPostStep)
            GRHydro::GRHydro_AtmosphereResetM: Reset the atmosphere - MHD version
          GRHydro::GRHydro_CalcBcom: Compute comoving magnetic field, pressure, etc...
          GROUP HydroBase_Boundaries: HydroBase-internal Boundary conditions group
            GROUP Do_GRHydro_Boundaries: GRHydro Boundary conditions group
            GROUP HydroBase_Select_Boundaries: Group to schedule the boundary condition functions
              if (GRHydro::execute_MoL_PostStep)
                GRHydro::GRHydro_Bound: [level] Select GRHydro boundary conditions
            GROUP HydroBase_ApplyBCs: Apply the boundary conditions of HydroBase
              GROUP BoundaryConditions: Execute all boundary conditions
                Boundary::Boundary_ApplyPhysicalBCs: Apply all requested local physical boundary conditions
                CartGrid3D::CartGrid3D_ApplyBC: Apply symmetry boundary conditions
              Boundary::Boundary_ClearSelection: [level] Unselect all grid variables for boundary conditions
          GROUP HydroBase_Con2Prim: Convert from conservative to primitive variables
            if (GRHydro::execute_MoL_Step)
              GRHydro::GRHydro_SqrtSpatialDeterminant: Calculate sdetg
            if (GRHydro::execute_MoL_PostStep)
              GRHydro::Con2Prim: Convert back to primitive variables (general) - MHD version
      GROUP MoL_PseudoEvolutionBoundaries: Apply boundary conditions to pseudo-evolved quantities
    Rotate timelevels
    iteration = iteration+1
    t = t+dt
    [CCTK_PRESTEP]
      ADMBase::ADMBase_LapseStatic: Copy the lapse to the current time level
      ADMBase::ADMBase_ShiftStatic: Copy the shift to the current time level
      ADMBase::ADMBase_Static: Copy the metric and extrinsic curvature to the current time level
      CoordGauge::Einstein_SetNextSlicing: Identify the slicing for the next iteration
      GRHydro::reset_GRHydro_C2P_failed: Reset the mask function that contains the points where C2P has failed (at PRESTEP)
      LoopControl::LC_steer: [meta] Update LoopControl algorithm preferences
      NaNChecker::NaNChecker_ResetCounter: [global] Reset the NaNChecker::NaNsFound counter
    [CCTK_EVOL]
      MoL::MoL_StartLoop: [level] Initialise the step size control
      while (MoL::MoL_Stepsize_Bad)
        GROUP MoL_Evolution: A single Cactus evolution step using MoL
          GROUP MoL_StartStep: MoL internal setup for the evolution step
            MoL::MoL_SetCounter: [level] Set the counter for the ODE method to loop over
            MoL::MoL_SetTime: [level] Ensure the correct time and timestep are used
            MoL::MoL_AllocateScratchSpace: [level] Allocate storage for scratch levels
          GROUP MoL_PreStep: Physics thorns can schedule preloop setup routines in here
            GRHydro::GRHydro_Scalar_Setup: Set up and check scalars for efficiency
          MoL::MoL_AllocateScratch: Allocate sufficient space for array scratch variables
          MoL::MoL_InitialCopy: Ensure the data is in the correct timelevel
          while (MoL::MoL_Intermediate_Step)
            GROUP MoL_Step: The loop over the intermediate steps for the ODE integrator
              MoL::MoL_InitRHS: Initialise the RHS functions
              GROUP MoL_CalcRHS: Physics thorns schedule the calculation of the discrete spatial operator in here
                GROUP HydroBase_RHS: Groups for scheduling tasks for calculating RHS of hydro variables
                  if (GRHydro::execute_MoL_Step)
                    GROUP GRHydroRHS: Calculate the update terms
                      GRHydro::SourceTerms: Source term calculation
                      GRHydro::GRHydroStartLoop: [level] Set the flux_direction variable
                      while (GRHydro::flux_direction)
                        GROUP FluxTerms: Calculation of intercell fluxes
                          GRHydro::GRHydro_RefinementLevel: Calculate current refinement level
                          GRHydro::Reconstruct: Reconstruct the functions at the cell boundaries
                          GRHydro::Riemann: Solve the local Riemann problems - MHD version
                          GRHydro::UpdateCalcul: Calculate the update term from the fluxes
                          GRHydro::GRHydroAdvanceLoop: [level] Decrement the flux_direction variable
                      end while
                      GRHydro::GRHydroUpdateAtmosphereMask: Alter the update terms if inside the atmosphere region
              GROUP MoL_PostRHS: Modify RHS functions
              GROUP MoL_RHSBoundaries: Any 'final' modifications to the RHS functions (boundaries etc.)
              MoL::MoL_Add: Updates calculated with the efficient Runge-Kutta 2 method
              MoL::MoL_DecrementCounter: [level] Alter the counter number
              MoL::MoL_ResetTime: [level] If necessary, change the time
              GROUP MoL_PostStepModify: The group for physics thorns to schedule enforcing constraints
              GROUP MoL_PostStep: The group for physics thorns to schedule boundary calls etc.
                ADMBase::ADMBase_Boundaries: [level] Select ADMBase boundary conditions - may be required for mesh refinement
                GROUP ADMBase_ApplyBCs: Apply the boundary conditions of ADMBase
                  GROUP BoundaryConditions: Execute all boundary conditions
                    Boundary::Boundary_ApplyPhysicalBCs: Apply all requested local physical boundary conditions
                    CartGrid3D::CartGrid3D_ApplyBC: Apply symmetry boundary conditions
                  Boundary::Boundary_ClearSelection: [level] Unselect all grid variables for boundary conditions
                GROUP ADMBase_SetADMVars: Set the ADM variables before this group, and use them afterwards
                GRHydro::GRHydro_RefinementLevel: Calculate current refinement level
                GRHydro::GRHydro_SetLastMoLPostStep: [level] Set grid scalar InLastMoLPostStep if this is the last MoL PostStep call
                GROUP HydroBase_PostStep: Post step tasks for hydro thorns
                  GROUP GRHydro_PostStep: Post step tasks for GRHydro
                  GROUP GRHydro_AtmosphereMaskBoundaries: Apply boundary conditions to primitives
                    GRHydro::GRHydro_SelectAtmosphereMaskBoundaries: [level] Select atmosphere mask for boundary conditions
                    GROUP GRHydro_ApplyAtmosphereMaskBCs: Apply boundary conditions to real-valued atmosphere mask
                      GROUP BoundaryConditions: Execute all boundary conditions
                        Boundary::Boundary_ApplyPhysicalBCs: Apply all requested local physical boundary conditions
                        CartGrid3D::CartGrid3D_ApplyBC: Apply symmetry boundary conditions
                      Boundary::Boundary_ClearSelection: [level] Unselect all grid variables for boundary conditions
                  GRHydro::GRHydroPostSyncAtmosphereMask: Set integer atmosphere mask from synchronized real atmosphere mask
                  if (GRHydro::InLastMoLPostStep)
                    GRHydro::GRHydro_AtmosphereResetM: Reset the atmosphere - MHD version
                  GRHydro::GRHydro_CalcBcom: Compute comoving magnetic field, pressure, etc...
                  GROUP HydroBase_Boundaries: HydroBase-internal Boundary conditions group
                    GROUP Do_GRHydro_Boundaries: GRHydro Boundary conditions group
                    GROUP HydroBase_Select_Boundaries: Group to schedule the boundary condition functions
                      if (GRHydro::execute_MoL_PostStep)
                        GRHydro::GRHydro_Bound: [level] Select GRHydro boundary conditions
                    GROUP HydroBase_ApplyBCs: Apply the boundary conditions of HydroBase
                      GROUP BoundaryConditions: Execute all boundary conditions
                        Boundary::Boundary_ApplyPhysicalBCs: Apply all requested local physical boundary conditions
                        CartGrid3D::CartGrid3D_ApplyBC: Apply symmetry boundary conditions
                      Boundary::Boundary_ClearSelection: [level] Unselect all grid variables for boundary conditions
                  GROUP HydroBase_Con2Prim: Convert from conservative to primitive variables
                    if (GRHydro::execute_MoL_Step)
                      GRHydro::GRHydro_SqrtSpatialDeterminant: Calculate sdetg
                    if (GRHydro::execute_MoL_PostStep)
                      GRHydro::Con2Prim: Convert back to primitive variables (general) - MHD version
              GRHydro::GRHydro_ClearLastMoLPostStep: [level] Reset InLastMoLPostStep to zero
              MoL::MoL_ResetDeltaTime: [level] If necessary, change the timestep
          end while
          MoL::MoL_FinishLoop: [level] Control the step size
          MoL::MoL_RestoreSandR: Restoring the Save and Restore variables to the original state
          MoL::MoL_FreeScratchSpace: [level] Free storage for scratch levels
      end while
      GRHydro::sync_GRHydro_C2P_failed: Syncronise the mask function that contains the points where C2P has failed
      GROUP MoL_PseudoEvolution: Calculate pseudo-evolved quantities
        GROUP ADMBase_SetADMVars: Set the ADM variables before this group, and use them afterwards
        GROUP GRHydroAnalysis: Calculate analysis quantities
          GRHydro::GRHydro_CalcDivB: Calculate divB
          GROUP GRHydro_ApplyDivBBCs: Apply boundary conditions to divB
            GROUP BoundaryConditions: Execute all boundary conditions
              Boundary::Boundary_ApplyPhysicalBCs: Apply all requested local physical boundary conditions
              CartGrid3D::CartGrid3D_ApplyBC: Apply symmetry boundary conditions
            Boundary::Boundary_ClearSelection: [level] Unselect all grid variables for boundary conditions
    Evolve finer grids recursively
    Restrict from finer grids
    [CCTK_POSTRESTRICT]
      GROUP MoL_PostStep: Ensure that everything is correct after restriction
        ADMBase::ADMBase_Boundaries: [level] Select ADMBase boundary conditions - may be required for mesh refinement
        GROUP ADMBase_ApplyBCs: Apply the boundary conditions of ADMBase
          GROUP BoundaryConditions: Execute all boundary conditions
            Boundary::Boundary_ApplyPhysicalBCs: Apply all requested local physical boundary conditions
            CartGrid3D::CartGrid3D_ApplyBC: Apply symmetry boundary conditions
          Boundary::Boundary_ClearSelection: [level] Unselect all grid variables for boundary conditions
        GROUP ADMBase_SetADMVars: Set the ADM variables before this group, and use them afterwards
        GRHydro::GRHydro_RefinementLevel: Calculate current refinement level
        GRHydro::GRHydro_SetLastMoLPostStep: [level] Set grid scalar InLastMoLPostStep if this is the last MoL PostStep call
        GROUP HydroBase_PostStep: Post step tasks for hydro thorns
          GROUP GRHydro_PostStep: Post step tasks for GRHydro
          GROUP GRHydro_AtmosphereMaskBoundaries: Apply boundary conditions to primitives
            GRHydro::GRHydro_SelectAtmosphereMaskBoundaries: [level] Select atmosphere mask for boundary conditions
            GROUP GRHydro_ApplyAtmosphereMaskBCs: Apply boundary conditions to real-valued atmosphere mask
              GROUP BoundaryConditions: Execute all boundary conditions
                Boundary::Boundary_ApplyPhysicalBCs: Apply all requested local physical boundary conditions
                CartGrid3D::CartGrid3D_ApplyBC: Apply symmetry boundary conditions
              Boundary::Boundary_ClearSelection: [level] Unselect all grid variables for boundary conditions
          GRHydro::GRHydroPostSyncAtmosphereMask: Set integer atmosphere mask from synchronized real atmosphere mask
          if (GRHydro::InLastMoLPostStep)
            GRHydro::GRHydro_AtmosphereResetM: Reset the atmosphere - MHD version
          GRHydro::GRHydro_CalcBcom: Compute comoving magnetic field, pressure, etc...
          GROUP HydroBase_Boundaries: HydroBase-internal Boundary conditions group
            GROUP Do_GRHydro_Boundaries: GRHydro Boundary conditions group
            GROUP HydroBase_Select_Boundaries: Group to schedule the boundary condition functions
              if (GRHydro::execute_MoL_PostStep)
                GRHydro::GRHydro_Bound: [level] Select GRHydro boundary conditions
            GROUP HydroBase_ApplyBCs: Apply the boundary conditions of HydroBase
              GROUP BoundaryConditions: Execute all boundary conditions
                Boundary::Boundary_ApplyPhysicalBCs: Apply all requested local physical boundary conditions
                CartGrid3D::CartGrid3D_ApplyBC: Apply symmetry boundary conditions
              Boundary::Boundary_ClearSelection: [level] Unselect all grid variables for boundary conditions
          GROUP HydroBase_Con2Prim: Convert from conservative to primitive variables
            if (GRHydro::execute_MoL_Step)
              GRHydro::GRHydro_SqrtSpatialDeterminant: Calculate sdetg
            if (GRHydro::execute_MoL_PostStep)
              GRHydro::Con2Prim: Convert back to primitive variables (general) - MHD version
      GROUP MoL_PseudoEvolutionBoundaries: Apply boundary conditions to pseudo-evolved quantities
    [CCTK_POSTSTEP]
      GRHydro::GRHydro_RefinementLevel: Calculate current refinement level (for the check of the C2P mask)
      GRHydro::check_GRHydro_C2P_failed: Check the mask function that contains the points where C2P has failed and report an error in case a failure is found
      GROUP HydroBase_ExcisionHasBeenSet: Group to schedule thorns changing the mask before and thorns using the mask after
      GROUP zzz_NaNChecker_NaNCheck: Check for NaNs and count them in NaNChecker::NaNsFound
        NaNChecker::NaNChecker_NaNCheck_Prepare: [level] Prepare data structures to check for NaNs
        NaNChecker::NaNChecker_NaNCheck_Check: [local] Check for NaNs
        NaNChecker::NaNChecker_NaNCheck_Finish: [level] Count NaNs in NaNChecker::NaNsFound
      NaNChecker::NaNChecker_TakeAction: [global] [loop-level] Output NaNChecker::NaNmask and take action according to NaNChecker::action_if_found
      SpaceMask::CheckMask: Ensure that all mask values are legal
    if (checkpoint)
      [CCTK_CHECKPOINT]
      CarpetIOHDF5::CarpetIOHDF5_EvolutionCheckpoint: [meta] Evolution checkpoint routine
      TimerReport::zzz_TimerReport_Checkpoint: [global] Print the timer report
    endif
    if (analysis)
      [CCTK_ANALYSIS]
      CarpetLib::CarpetLib_printtimestats: [global] Print timing statistics if desired
      CarpetLib::CarpetLib_printmemstats: [global] Print memory statistics if desired
      LoopControl::LC_statistics_analysis: [meta] Output LoopControl statistics
      SystemStatistics::SystemStatistics_Collect: [global] Collect system statistics
      TerminationTrigger::TerminationTrigger_CheckWalltime: Check elapsed job walltime
      TerminationTrigger::TerminationTrigger_CheckSignal: Check if we received a termination signal
      TerminationTrigger::TerminationTrigger_CheckFile: Check termination file
      TimerReport::zzz_TimerReport_Output: [global] Print the timer report
    endif
    Output grid variables
    enddo

  Termination routines
    [CCTK_TERMINATE]
      CarpetIOHDF5::CarpetIOHDF5_TerminationCheckpoint: [meta] Termination checkpoint routine
      LoopControl::LC_statistics_terminate: [meta] Output LoopControl statistics
      MoL::MoL_FreeIndexArrays: Free the MoL bookkeeping index arrays
      TimerReport::zzz_TimerReport_Output: [global] Print the timer report

  Shutdown routines
    [CCTK_SHUTDOWN]
      Timers::Timer_Shutdown: Prepare hierarchical timers

  Routines run after changing the grid hierarchy:
    [CCTK_POSTREGRID]
      CartGrid3D::SpatialCoordinates: Set Coordinates after regridding
      GROUP MaskBase_SetupMask: Set up the weight function
        GROUP MaskBase_SetupMaskAll: Set up the weight function
          CarpetReduce::MaskBase_AllocateMask: [global] Allocate the weight function
          CarpetReduce::MaskBase_InitMask: [global] [loop-local] Initialise the weight function
          GROUP SetupIMaskInternal: Set up the integer weight function (schedule other routines in here)
            CarpetReduce::CoordBase_SetupMask: [global] [loop-local] Set up the outer boundaries of the weight function
            CarpetReduce::CarpetMaskSetup: [global] [loop-singlemap] Set up the weight function for the restriction regions
          GROUP SetupIMask: Set up the integer weight function (schedule other routines in here)
          CarpetReduce::MaskBase_SetMask: [global] [loop-local] Set the weight function
          GROUP SetupMask: Set up the real weight function (schedule other routines in here)
          CarpetReduce::MaskBase_TestMask: [global] Test the weight function
      SpaceMask::MaskZero: Initialise mask to zero
      GROUP HydroBase_ExcisionMaskSetup: Set up hydro excision mask
        HydroBase::HydroBase_InitExcisionMask: Initialize hydro excision mask to 'no excision everywhere'
      SpaceMask::MaskOne: Set mask to one
      GRHydro::GRHydro_SetupMask: Initialize the atmosphere mask
      GROUP MoL_PostStep: Ensure that everything is correct after regridding
        ADMBase::ADMBase_Boundaries: [level] Select ADMBase boundary conditions - may be required for mesh refinement
        GROUP ADMBase_ApplyBCs: Apply the boundary conditions of ADMBase
          GROUP BoundaryConditions: Execute all boundary conditions
            Boundary::Boundary_ApplyPhysicalBCs: Apply all requested local physical boundary conditions
            CartGrid3D::CartGrid3D_ApplyBC: Apply symmetry boundary conditions
          Boundary::Boundary_ClearSelection: [level] Unselect all grid variables for boundary conditions
        GROUP ADMBase_SetADMVars: Set the ADM variables before this group, and use them afterwards
        GRHydro::GRHydro_RefinementLevel: Calculate current refinement level
        GRHydro::GRHydro_SetLastMoLPostStep: [level] Set grid scalar InLastMoLPostStep if this is the last MoL PostStep call
        GROUP HydroBase_PostStep: Post step tasks for hydro thorns
          GROUP GRHydro_PostStep: Post step tasks for GRHydro
          GROUP GRHydro_AtmosphereMaskBoundaries: Apply boundary conditions to primitives
            GRHydro::GRHydro_SelectAtmosphereMaskBoundaries: [level] Select atmosphere mask for boundary conditions
            GROUP GRHydro_ApplyAtmosphereMaskBCs: Apply boundary conditions to real-valued atmosphere mask
              GROUP BoundaryConditions: Execute all boundary conditions
                Boundary::Boundary_ApplyPhysicalBCs: Apply all requested local physical boundary conditions
                CartGrid3D::CartGrid3D_ApplyBC: Apply symmetry boundary conditions
              Boundary::Boundary_ClearSelection: [level] Unselect all grid variables for boundary conditions
          GRHydro::GRHydroPostSyncAtmosphereMask: Set integer atmosphere mask from synchronized real atmosphere mask
          if (GRHydro::InLastMoLPostStep)
            GRHydro::GRHydro_AtmosphereResetM: Reset the atmosphere - MHD version
          GRHydro::GRHydro_CalcBcom: Compute comoving magnetic field, pressure, etc...
          GROUP HydroBase_Boundaries: HydroBase-internal Boundary conditions group
            GROUP Do_GRHydro_Boundaries: GRHydro Boundary conditions group
            GROUP HydroBase_Select_Boundaries: Group to schedule the boundary condition functions
              if (GRHydro::execute_MoL_PostStep)
                GRHydro::GRHydro_Bound: [level] Select GRHydro boundary conditions
            GROUP HydroBase_ApplyBCs: Apply the boundary conditions of HydroBase
              GROUP BoundaryConditions: Execute all boundary conditions
                Boundary::Boundary_ApplyPhysicalBCs: Apply all requested local physical boundary conditions
                CartGrid3D::CartGrid3D_ApplyBC: Apply symmetry boundary conditions
              Boundary::Boundary_ClearSelection: [level] Unselect all grid variables for boundary conditions
          GROUP HydroBase_Con2Prim: Convert from conservative to primitive variables
            if (GRHydro::execute_MoL_Step)
              GRHydro::GRHydro_SqrtSpatialDeterminant: Calculate sdetg
            if (GRHydro::execute_MoL_PostStep)
              GRHydro::Con2Prim: Convert back to primitive variables (general) - MHD version
      GROUP MoL_PseudoEvolutionBoundaries: Apply boundary conditions to pseudo-evolved quantities
--------------------------------------------------------------------------------
INFO (Carpet): Multi-Model listing:
   model 0: "world"
INFO (Carpet): Multi-Model process distribution:
   processes 0-1: model 0 "world"
INFO (Carpet): Multi-Model: This is process 0, model 0 "world"
INFO (CarpetLib): Process startup time was 1.23 seconds
Current core file size limit: hard=[unlimited], soft=0 MB
Current addres space size limit: hard=[unlimited], soft=[unlimited]
Current data segment size limit: hard=[unlimited], soft=[unlimited]
Current resident set size limit: hard=[unlimited], soft=[unlimited]
INFO (CycleClock): Measuring CycleClock tick via OpenMP...
INFO (CycleClock): Calibrated CycleClock: 0.408909 ns per clock tick (2.44553 GHz)
INFO (Vectors): Using vector size 2 for architecture SSE2 (64-bit precision)
INFO (hwloc): library version 2.10.0, API version 0x20800
--------------------------------------------------------------------------------
AMR driver provided by Carpet
--------------------------------------------------------------------------------
AMR scalar I/O provided by CarpetIOScalar
--------------------------------------------------------------------------------
GRHydro: relativistic hydrodynamics, no ice.
--------------------------------------------------------------------------------
HydroBase: Let it flow.
--------------------------------------------------------------------------------
AMR 0D ASCII I/O provided by CarpetIOASCII
--------------------------------------------------------------------------------
AMR 1D ASCII I/O provided by CarpetIOASCII
--------------------------------------------------------------------------------
AMR 2D ASCII I/O provided by CarpetIOASCII
--------------------------------------------------------------------------------
AMR 3D ASCII I/O provided by CarpetIOASCII
--------------------------------------------------------------------------------
AMR info I/O provided by CarpetIOBasic
--------------------------------------------------------------------------------
MoL: Generalized time integration.
--------------------------------------------------------------------------------
AMR HDF5 I/O provided by CarpetIOHDF5
--------------------------------------------------------------------------------
AMR 0D HDF5 I/O provided by CarpetIOHDF5
--------------------------------------------------------------------------------
AMR 1D HDF5 I/O provided by CarpetIOHDF5
--------------------------------------------------------------------------------
AMR 2D HDF5 I/O provided by CarpetIOHDF5
--------------------------------------------------------------------------------
AMR 3D HDF5 I/O provided by CarpetIOHDF5
--------------------------------------------------------------------------------

INFO (Carpet): MPI is enabled
INFO (Carpet): Carpet is running on 2 processes
INFO (Carpet): This is process 0
INFO (Carpet): OpenMP is enabled
INFO (Carpet): This process contains 1 threads, this is thread 0
INFO (Carpet): There are 2 threads in total
INFO (Carpet): There are 1 threads per process
INFO (Carpet): This process runs on host runnervmkkn4f, pid=179632
INFO (Carpet): This process runs on 2 cores: 0-1
INFO (Carpet): Thread 0 runs on 2 cores: 0-1
INFO (Carpet): This simulation is running in 3 dimensions
INFO (Carpet): Boundary specification for map 0:
   nboundaryzones: [[1,1,1],[1,1,1]]
   is_internal   : [[0,0,0],[0,0,0]]
   is_staggered  : [[0,0,0],[0,0,0]]
   shiftout      : [[0,0,0],[0,0,0]]
INFO (Carpet): CoordBase domain specification for map 0:
   physical extent: [-0.5,-0.0025,-0.0025] : [0.5,0.0025,0.0025]   ([1,0.005,0.005])
   interior extent: [-0.45,-0.001875,-0.001875] : [0.45,0.001875,0.001875]   ([0.9,0.00375,0.00375])
   exterior extent: [-0.5,-0.0025,-0.0025] : [0.5,0.0025,0.0025]   ([1,0.005,0.005])
   base_spacing   : [0.05,0.000625,0.000625]
INFO (Carpet): Adapted domain specification for map 0:
   convergence factor: 2
   convergence level : 0
   physical extent   : [-0.5,-0.0025,-0.0025] : [0.5,0.0025,0.0025]   ([1,0.005,0.005])
   interior extent   : [-0.45,-0.001875,-0.001875] : [0.45,0.001875,0.001875]   ([0.9,0.00375,0.00375])
   exterior extent   : [-0.5,-0.0025,-0.0025] : [0.5,0.0025,0.0025]   ([1,0.005,0.005])
   spacing           : [0.05,0.000625,0.000625]
INFO (Carpet): Base grid specification for map 0:
   number of grid points             : [21,9,9]
   number of coarse grid ghost points: [[3,3,3],[3,3,3]]
INFO (Carpet): Buffer zone counts (excluding ghosts):
   [0]: [[0,0,0],[0,0,0]]
INFO (Carpet): Overlap zone counts:
   [0]: [[0,0,0],[0,0,0]]
INFO (Carpet): Group and variable statistics:
INFO (Carpet):    There are 607 grid functions in 108 groups
INFO (Carpet):    There are 131 grid scalars in 56 groups
INFO (Carpet):    There are 60 1-dimensional grid arrays in 10 groups
INFO (Carpet):    There are 1 2-dimensional grid arrays in 1 groups
INFO (Carpet):    There are 0 3-dimensional grid arrays in 0 groups
INFO (Carpet):    (The number of variables counts all time levels)
INFO (CarpetIOASCII): I/O Method 'IOASCII_0D' registered: 0D AMR output of grid variables to ASCII files
INFO (CarpetIOASCII): Periodic 0D AMR output requested for:
   CARPET::physical_time_per_hour
   CARPET::current_physical_time_per_hour
   CARPET::time_total
   CARPET::time_evolution
   CARPET::time_computing
   CARPET::time_communicating
   CARPET::time_io
   CARPET::evolution_steps_count
   CARPET::local_grid_points_per_second
   CARPET::total_grid_points_per_second
   CARPET::local_grid_point_updates_count
   CARPET::total_grid_point_updates_count
   CARPET::local_interior_points_per_second
   CARPET::total_interior_points_per_second
   CARPET::local_interior_point_updates_count
   CARPET::total_interior_point_updates_count
   CARPET::io_per_second
   CARPET::io_bytes_per_second
   CARPET::io_bytes_ascii_per_second
   CARPET::io_bytes_binary_per_second
   CARPET::io_count
   CARPET::io_bytes_count
   CARPET::io_bytes_ascii_count
   CARPET::io_bytes_binary_count
   CARPET::comm_per_second
   CARPET::comm_bytes_per_second
   CARPET::comm_count
   CARPET::comm_bytes_count
   CARPET::time_levels
   CARPET::current_walltime
   CARPET::syncs_count
INFO (CarpetIOASCII): I/O Method 'IOASCII_1D' registered: 1D AMR output of grid variables to ASCII files
INFO (CarpetIOASCII): Periodic 1D AMR output requested for:
   GRHYDRO::divB
   HYDROBASE::rho
   HYDROBASE::press
   HYDROBASE::eps
   HYDROBASE::vel[0]
   HYDROBASE::vel[1]
   HYDROBASE::vel[2]
   HYDROBASE::w_lorentz
   HYDROBASE::Bvec[0]
   HYDROBASE::Bvec[1]
   HYDROBASE::Bvec[2]
INFO (CarpetIOASCII): I/O Method 'IOASCII_2D' registered: 2D AMR output of grid variables to ASCII files
INFO (CarpetIOASCII): I/O Method 'IOASCII_3D' registered: 3D AMR output of grid variables to ASCII files
INFO (CarpetIOHDF5): I/O Method 'IOHDF5' registered: AMR output of grid variables to HDF5 files
INFO (CarpetIOHDF5): I/O Method 'IOHDF5_0D' registered: 0D AMR output of grid variables to HDF5 files
INFO (CarpetIOHDF5): I/O Method 'IOHDF5_1D' registered: 1D AMR output of grid variables to HDF5 files
INFO (CarpetIOHDF5): I/O Method 'IOHDF5_2D' registered: 2D AMR output of grid variables to HDF5 files
INFO (CarpetIOHDF5): Periodic 2D AMR output requested for:
   GRHYDRO::dens
   GRHYDRO::tau
   GRHYDRO::scon[0]
   GRHYDRO::scon[1]
   GRHYDRO::scon[2]
   GRHYDRO::Bcons[0]
   GRHYDRO::Bcons[1]
   GRHYDRO::Bcons[2]
   GRHYDRO::psidc
   GRHYDRO::divB
   GRHYDRO::bcom[0]
   GRHYDRO::bcom[1]
   GRHYDRO::bcom[2]
   GRHYDRO::bcom0
   GRHYDRO::bcom_sq
   HYDROBASE::rho
   HYDROBASE::press
   HYDROBASE::eps
   HYDROBASE::vel[0]
   HYDROBASE::vel[1]
   HYDROBASE::vel[2]
   HYDROBASE::w_lorentz
   HYDROBASE::Bvec[0]
   HYDROBASE::Bvec[1]
   HYDROBASE::Bvec[2]
INFO (CarpetIOHDF5): I/O Method 'IOHDF5_3D' registered: 3D AMR output of grid variables to HDF5 files
INFO (CarpetIOHDF5): Periodic 3D AMR output requested for:
   GRHYDRO::divB
   GRHYDRO::bcom[0]
   GRHYDRO::bcom[1]
   GRHYDRO::bcom[2]
   GRHYDRO::bcom0
   GRHYDRO::bcom_sq
   HYDROBASE::rho
   HYDROBASE::press
   HYDROBASE::eps
   HYDROBASE::vel[0]
   HYDROBASE::vel[1]
   HYDROBASE::vel[2]
   HYDROBASE::w_lorentz
   HYDROBASE::Bvec[0]
   HYDROBASE::Bvec[1]
   HYDROBASE::Bvec[2]
INFO (MoL): Using Runge-Kutta 2 as the time integrator.
INFO (MoL): The maximum number of evolved variables is 439. 8 are registered.
INFO (MoL): The maximum number of slow evolved variables is 439. 0 are registered.
INFO (MoL): The maximum number of constrained variables is 439. 10 are registered.
INFO (MoL): The maximum number of SandR variables is 439. 16 are registered.
INFO (MoL): The maximum number of evolved array variables is 439. 0 are registered.
INFO (MoL): The maximum number of constrained array variables is 439. 0 are registered.
INFO (MoL): The maximum number of SandR array variables is 439. 0 are registered.
INFO (MoL): The maximum size of any array variables is 0.
INFO (Vectors): Testing vectorisation... [errors may result in segfaults]
INFO (Vectors): 375/375 tests passed 
INFO (CartGrid3D): Grid Spacings:
INFO (CartGrid3D): dx=>5.0000000e-02  dy=>6.2500000e-04  dz=>6.2500000e-04
INFO (CartGrid3D): Computational Coordinates:
INFO (CartGrid3D): x=>[-0.500, 0.500]  y=>[-0.003, 0.003]  z=>[-0.003, 0.003]
INFO (CartGrid3D): Indices of Physical Coordinates:
INFO (CartGrid3D): x=>[0,20]  y=>[0,8]  z=>[0,8]
INFO (TerminationTrigger): Reminding you every 60 minutes about remaining walltime
INFO (Time): Timestep set to 0.0005 (courant_static)
INFO (GRHydro): Trying to get EOS handles
INFO (GRHydro): Trying to get EOS handles
INFO (GRHydro): GRHydro will use the Ideal_Fluid equation of state.
INFO (GRHydro): Setting up the atmosphere mask: all points are not_atmosphere
      GRHydro_InitialAtmosphereReset
Memory statistics from CarpetLib:
   Current number of objects: 206
   Current allocated memory:  0.919 MB
   Maximum number of objects: 208
   Maximum allocated memory:  0.932 MB
   Current administrative memory: 0.756 MB
   Total allocated used system memory: 13.5 MB
   Total allocated free system memory: 0.316 MB
   gh::allmemory:    51184
   dh::allmemory:    598608
   th::allmemory:    13920
   ggf::allmemory:   78024
   gdata::allmemory: 14048
-------------------------------------------------------------------------------------------
Iteration      Time | *me_per_hour | *RO::bcom_sq | *ROBASE::rho | *BASE::press | *axrss_mb
                    |              |      maximum |      maximum |      maximum |   maximum
-------------------------------------------------------------------------------------------
        0     0.000 |    0.0000000 |    3.8703000 |    1.0800000 |    1.0000000 |        61
---------------------------------------------------------------------------------------------------------------------------------------------------------
Time      Time   Imblnc   Timer                                               gettimeof  getrusage      cycle  cycle[avg  cycle[sdv  cycle[min  cycle[max
percent   secs   percent                                                           secs       secs       secs       secs       secs       secs       secs
---------------------------------------------------------------------------------------------------------------------------------------------------------
  99.8%      0.0    0.2%  Initialise                                            0.01141   0.007303   2.79e+07   2.79e+07          0   2.79e+07   2.79e+07
  18.1%      0.0    1.0%  |_CallAnalysis                                       0.002092   0.002092  5.115e+06  5.115e+06          0  5.115e+06  5.115e+06
   5.5%      0.0    1.7%  | |_CCTK_ANALYSIS                                    0.000639   0.000639  1.562e+06  1.562e+06          0  1.562e+06  1.562e+06
   4.9%      0.0    3.5%  | | |_CallFunction                                   0.000583    0.00058  1.421e+06  1.776e+05  5.865e+05  4.001e+04  6.961e+05
   3.4%      0.0    7.0%  | | | |_thorns                                       0.000417   0.000418  1.023e+06  1.279e+05  5.981e+05  1.357e+04  6.544e+05
   2.0%      0.0   11.9%  | | | | |_CarpetLib_printmemstats                    0.000261   0.000262  6.418e+05  6.418e+05          0  6.418e+05  6.418e+05
   1.5%      0.0          | | | |_untimed
  11.1%      0.0    1.1%  | |_OutputGH                                          0.00129    0.00129  3.153e+06  3.153e+06          0  3.153e+06  3.153e+06
  11.1%      0.0    1.2%  | | |_OutputGH                                       0.001285   0.001284   3.14e+06   3.14e+06          0   3.14e+06   3.14e+06
   6.8%      0.0    1.1%  | | | |_IOASCII::IOASCII_1D [2]                      0.000787   0.000787  1.924e+06  1.924e+06          0  1.924e+06  1.924e+06
   6.7%      0.0    1.2%  | | | | |_OutputGH<1>                                 0.00078   0.000781  1.909e+06  1.909e+06          0  1.909e+06  1.909e+06
   2.1%      0.0    6.2%  | | | |_IOBasic::CarpetIOBasic [5]                   0.000258   0.000257  6.288e+05  6.288e+05          0  6.288e+05  6.288e+05
   2.1%      0.0    6.2%  | | | | |_OutputGH                                   0.000252   0.000252  6.163e+05  6.163e+05          0  6.163e+05  6.163e+05
  42.5%      0.0    0.2%  |_CallInitial                                         0.00487   0.002417  1.191e+07  1.191e+07          0  1.191e+07  1.191e+07
  10.6%      0.0    2.7%  | |_CCTK_BASEGRID                                    0.001244   0.000616  3.044e+06  3.044e+06          0  3.044e+06  3.044e+06
   9.4%      0.0    3.6%  | | |_CallFunction                                   0.001113   0.000549   2.72e+06  1.133e+05  3.566e+05  3.812e+04  3.219e+05
   4.5%      0.0   10.4%  | | | |_thorns                                       0.000576   0.000291  1.404e+06   5.85e+04  3.162e+05  1.188e+04  2.972e+05
   0.7%      0.0   27.6%  | | | | |_MaskBase_TestMask                          0.000116   0.000116  2.858e+05  2.858e+05          0  2.858e+05  2.858e+05
   4.9%      0.0          | | | |_untimed
   1.2%      0.0          | | |_untimed
  10.0%      0.0    0.1%  | |_CCTK_INITIAL                                     0.001144   0.000338  2.797e+06  2.797e+06          0  2.797e+06  2.797e+06
   8.9%      0.0    0.0%  | | |_CallFunction                                   0.001021   0.000273  2.449e+06  1.289e+05  7.132e+05  1.928e+04  7.966e+05
   5.5%      0.0    0.2%  | | | |_thorns                                       0.000627   0.000119  1.534e+06  8.071e+04  6.984e+05  1.286e+04  7.434e+05
   2.6%      0.0    1.8%  | | | | |_GRHydro_shocktubeM                         0.000299          0  7.321e+05  7.321e+05          0  7.321e+05  7.321e+05
   3.4%      0.0          | | | |_untimed
   1.1%      0.0          | | |_untimed
  14.7%      0.0    0.4%  | |_CCTK_POSTINITIAL                                 0.001676   0.001444  4.098e+06  4.098e+06          0  4.098e+06  4.098e+06
  13.4%      0.0    0.3%  | | |_CallFunction                                   0.001531   0.001321  3.741e+06  1.497e+05  8.258e+05  1.181e+04  6.419e+05
   3.5%      0.0    3.4%  | | | |_syncs                                        0.000384    0.00027  9.398e+05  3.133e+05  3.026e+05  8.898e+04  5.152e+05
   3.3%      0.0    3.6%  | | | | |_Sync                                       0.000362   0.000258  8.877e+05  2.959e+05  2.922e+05  7.835e+04  4.894e+05
   6.4%      0.0    1.2%  | | | |_thorns                                       0.000739   0.000689  1.807e+06  7.228e+04  6.138e+05       6982  5.856e+05
   1.7%      0.0    1.8%  | | | | |_Boundary_ApplyPhysicalBCs                  0.000193   0.000182  4.739e+05  1.185e+05  2.365e+05  2.501e+04  3.145e+05
   2.0%      0.0    3.0%  | | | | |_Con2Prim                                   0.000234   0.000234  5.729e+05  5.729e+05          0  5.729e+05  5.729e+05
   3.6%      0.0          | | | |_untimed
   1.3%      0.0          | | |_untimed
   5.8%      0.0    2.5%  | |_Poison                                           0.000645          0  1.578e+06  1.578e+06          0  1.578e+06  1.578e+06
  10.3%      0.0    0.8%  |_CallPostInitial                                    0.001167   0.001167  2.854e+06  2.854e+06          0  2.854e+06  2.854e+06
   5.1%      0.0    0.9%  | |_CCTK_POSTPOSTINITIAL                             0.000593   0.000593  1.451e+06  1.451e+06          0  1.451e+06  1.451e+06
   4.7%      0.0    1.6%  | | |_CallFunction                                   0.000551   0.000551  1.348e+06   3.37e+05   4.65e+05  1.775e+05  7.376e+05
   3.8%      0.0    2.6%  | | | |_thorns                                       0.000444   0.000443  1.086e+06  2.715e+05  4.631e+05  9.349e+04  6.689e+05
   2.2%      0.0    4.1%  | | | | |_Con2Prim                                   0.000267   0.000268  6.553e+05  6.553e+05          0  6.553e+05  6.553e+05
   4.7%      0.0    2.7%  | |_CCTK_POSTSTEP                                    0.000527   0.000526  1.288e+06  1.288e+06          0  1.288e+06  1.288e+06
   4.3%      0.0    3.1%  | | |_CallFunction                                   0.000478   0.000478  1.171e+06  1.673e+05  6.596e+05   2.06e+04  7.732e+05
   3.3%      0.0    4.2%  | | | |_thorns                                       0.000363   0.000366  8.922e+05  1.275e+05  6.416e+05  1.406e+04  7.203e+05
   2.5%      0.0    2.6%  | | | | |_NaNChecker_NaNCheck_Check                   0.00029   0.000289  7.088e+05  7.088e+05          0  7.088e+05  7.088e+05
  11.2%      0.0    1.5%  |_CallSetup                                          0.001259          0  3.081e+06  3.081e+06          0  3.081e+06  3.081e+06
   2.4%      0.0    4.0%  | |_CCTK_PARAMCHECK                                  0.000287          0  7.032e+05  7.032e+05          0  7.032e+05  7.032e+05
   1.8%      0.0    5.8%  | | |_CallFunction                                   0.000223          0  5.386e+05  4.488e+04  1.855e+05   1.61e+04   2.15e+05
   1.6%      0.0    5.7%  | | | |_thorns                                       0.000193          0  4.672e+05  3.893e+04  1.859e+05  1.115e+04  2.093e+05
   4.1%      0.0    6.5%  | |_CCTK_WRAGH                                       0.000497          0  1.214e+06  1.214e+06          0  1.214e+06  1.214e+06
   3.2%      0.0    4.6%  | | |_CallFunction                                   0.000381          0   9.86e+05  6.162e+04  2.117e+05  1.784e+04  2.102e+05
   2.1%      0.0    5.9%  | | | |_thorns                                       0.000254          0  6.219e+05  3.887e+04  1.368e+05  1.294e+04  1.272e+05
   1.1%      0.0          | | | |_untimed
   3.6%      0.0    0.0%  | |_Poison                                           0.000409          0      1e+06      1e+06          0      1e+06      1e+06
   1.1%      0.0          | |_untimed
   2.1%      0.0    0.2%  |_CarpetLib::ggf::recompose_allocate                 0.000236   0.000182  5.766e+05       2733       8921       2548       6885
   2.3%      0.0    4.1%  |_CarpetLib::ggf::recompose_crop                     0.000249   0.000188  5.435e+05       2576  1.194e+04       2352       9849
   1.8%      0.0    0.7%  |_dh::recompose_free_old                             0.000202   0.000156  4.972e+05       2356       9794       2205  1.009e+04
  11.7%      0.0          | untimed
---------------------------------------------------------------------------------------------------------------------------------------------------------
---------------------------------------------------------------------------------------------------------------------------------------------------------
Time      Time   Imblnc   Timer                                               gettimeof  getrusage      cycle  cycle[avg  cycle[sdv  cycle[min  cycle[max
percent   secs   percent                                                           secs       secs       secs       secs       secs       secs       secs
---------------------------------------------------------------------------------------------------------------------------------------------------------
 100.0%      0.1    0.0%  meta mode                                             0.05795    0.04393  1.417e+08  4.724e+07  1.157e+08  1.235e+04  1.417e+08
  25.1%      0.0    0.1%  |_meta mode                                           0.01453   0.008635  3.553e+07  1.184e+07  2.896e+07  1.847e+04  3.549e+07
  15.5%      0.0    0.6%  | |_global mode                                      0.009008   0.005543  2.202e+07  1.835e+06  9.423e+06  5.241e+04      1e+07
  12.7%      0.0    0.1%  | | |_level(0)                                       0.007377   0.004719  1.804e+07  3.921e+05  5.528e+06       3993  4.015e+06
   1.4%      0.0    0.8%  | | | |_enter_local_mode                             0.000846   0.000397   2.06e+06  1.383e+04  1.276e+05       2156  7.326e+04
   9.7%      0.0          | | | |_untimed
   2.4%      0.0          | | |_untimed
   9.2%      0.0          | |_untimed
  74.9%      0.0          | untimed
---------------------------------------------------------------------------------------------------------------------------------------------------------
        1     0.001 |  223.4909328 |    3.8745549 |    1.0955314 |    1.0248340 |        63
        2     0.001 |  234.8471016 |    3.8784208 |    1.1101670 |    1.0484846 |        63
        3     0.002 |  240.7061119 |    3.8956812 |    1.1240263 |    1.0809232 |        63
        4     0.002 |  243.8430696 |    3.9134029 |    1.1372026 |    1.1210392 |        63
        5     0.003 |  245.9809986 |    3.9303772 |    1.1497598 |    1.1595877 |        63
        6     0.003 |  247.2516659 |    3.9466902 |    1.1617595 |    1.1966735 |        63
        7     0.004 |  247.7624701 |    3.9623767 |    1.1732652 |    1.2324359 |        63
        8     0.004 |  248.5707837 |    3.9774102 |    1.1843319 |    1.2669961 |        63
        9     0.005 |  249.1272913 |    3.9919024 |    1.1950089 |    1.3004486 |        63
       10     0.005 |  249.6948065 |    4.0059107 |    1.2053379 |    1.3328762 |        63
INFO (TimerReport): Timer Report before terminating at iteration 10 time 0.005
==================================================================================================================================================================================================
Thorn           | Scheduled routine in time bin           | gettimeofday [secs] | getrusage [secs] | cycle [secs] | cycle[avg] [secs] | cycle[sdv] [secs] | cycle[min] [secs] | cycle[max] [secs] 
==================================================================================================================================================================================================
Carpet          | Multi-model Startup routine             |          0.00020500 |       0.00018900 |   0.00000000 |        0.00000000 |        0.00000000 |        0.00000000 |        0.00000000 
CycleClock      | Set up CycleClock                       |          0.10003000 |       0.10002600 |   0.00000270 |        0.00000270 |        0.00000000 |        0.00000270 |        0.00000270 
LoopControl     | Set up LoopControl                      |          0.00000300 |       0.00000200 |   0.00000175 |        0.00000175 |        0.00000000 |        0.00000175 |        0.00000175 
Timers          | Prepare hierarchical timers             |          0.00000700 |       0.00000600 |   0.00000617 |        0.00000617 |        0.00000000 |        0.00000617 |        0.00000617 
Carpet          | Startup routine                         |          0.00000200 |       0.00000100 |   0.00000176 |        0.00000176 |        0.00000000 |        0.00000176 |        0.00000176 
IOUtil          | Startup routine                         |          0.00000100 |       0.00000200 |   0.00000178 |        0.00000178 |        0.00000000 |        0.00000178 |        0.00000178 
CarpetIOScalar  | Startup routine                         |          0.00000600 |       0.00000700 |   0.00000633 |        0.00000633 |        0.00000000 |        0.00000633 |        0.00000633 
CarpetInterp    | Startup routine                         |          0.00000100 |       0.00000100 |   0.00000092 |        0.00000092 |        0.00000000 |        0.00000092 |        0.00000092 
CarpetReduce    | Startup routine                         |          0.00003300 |       0.00003400 |   0.00003463 |        0.00003463 |        0.00000000 |        0.00003463 |        0.00003463 
CartGrid3D      | Register GH Extension for GridSymmetry  |          0.00000200 |       0.00000100 |   0.00000147 |        0.00000147 |        0.00000000 |        0.00000147 |        0.00000147 
CoordBase       | Register a GH extension to store the coo|          0.00000200 |       0.00000100 |   0.00000113 |        0.00000113 |        0.00000000 |        0.00000113 |        0.00000113 
AEILocalInterp  | register CCTK_InterpLocalUniform() inter|          0.00000200 |       0.00000200 |   0.00000221 |        0.00000221 |        0.00000000 |        0.00000221 |        0.00000221 
EOS_Omni        | Set up conversion factors and other fun |          0.00001100 |       0.00001200 |   0.00001162 |        0.00001162 |        0.00000000 |        0.00001162 |        0.00001162 
EOS_Polytrope   | Setup the polytropic EOS                |          0.00000100 |       0.00000200 |   0.00000151 |        0.00000151 |        0.00000000 |        0.00000151 |        0.00000151 
GRHydro         | Startup banner                          |          0.00000400 |       0.00000300 |   0.00000348 |        0.00000348 |        0.00000000 |        0.00000348 |        0.00000348 
GRHydro         | Register the hydro masks                |          0.00000400 |       0.00000400 |   0.00000396 |        0.00000396 |        0.00000000 |        0.00000396 |        0.00000396 
HydroBase       | Startup banner                          |          0.00000100 |       0.00000200 |   0.00000114 |        0.00000114 |        0.00000000 |        0.00000114 |        0.00000114 
CarpetIOASCII   | Startup routine                         |          0.00001600 |       0.00001600 |   0.00001650 |        0.00001650 |        0.00000000 |        0.00001650 |        0.00001650 
LocalInterp     | register LocalInterp's interpolation ope|          0.00000200 |       0.00000100 |   0.00000125 |        0.00000125 |        0.00000000 |        0.00000125 |        0.00000125 
LocalReduce     | Startup routine                         |          0.00000900 |       0.00000900 |   0.00000881 |        0.00000881 |        0.00000000 |        0.00000881 |        0.00000881 
CarpetIOBasic   | Startup routine                         |          0.00000300 |       0.00000200 |   0.00000269 |        0.00000269 |        0.00000000 |        0.00000269 |        0.00000269 
MoL             | Startup banner                          |          0.00000200 |       0.00000100 |   0.00000119 |        0.00000119 |        0.00000000 |        0.00000119 |        0.00000119 
Slab            | Create MPI datatypes for complex variabl|          0.00000300 |       0.00000300 |   0.00000308 |        0.00000308 |        0.00000000 |        0.00000308 |        0.00000308 
SymBase         | Register GH Extension for SymBase       |          0.00000400 |       0.00000300 |   0.00000323 |        0.00000323 |        0.00000000 |        0.00000323 |        0.00000323 
TerminationTrigg| Start signal handler                    |          0.00001700 |       0.00001700 |   0.00001724 |        0.00001724 |        0.00000000 |        0.00001724 |        0.00001724 
CarpetIOHDF5    | Startup routine                         |          0.00001600 |       0.00001600 |   0.00001563 |        0.00001563 |        0.00000000 |        0.00001563 |        0.00001563 
Vectors         | Print startup message                   |          0.00001200 |       0.00001300 |   0.00001320 |        0.00001320 |        0.00000000 |        0.00001320 |        0.00001320 
hwloc           | Output hwloc version                    |          0.00000500 |       0.00000600 |   0.00000545 |        0.00000545 |        0.00000000 |        0.00000545 |        0.00000545 
--------------------------------------------------------------------------------------------------------------------------------------------------------------------------------------------------
                | Total time for CCTK_STARTUP             |          0.10040400 |       0.10038200 |   0.00017086 |        0.00017086 |        0.00000000 |        0.00017086 |        0.00017086 
==================================================================================================================================================================================================
ADMBase         | Set up GF symmetries                    |          0.00002100 |       0.00000000 |   0.00002115 |        0.00002115 |        0.00000000 |        0.00002115 |        0.00002115 
Boundary        | Register boundary conditions that this t|          0.00001100 |       0.00000000 |   0.00001112 |        0.00001112 |        0.00000000 |        0.00001112 |        0.00001112 
CartGrid3D      | Register coordinates for the Cartesian g|          0.00005200 |       0.00000000 |   0.00005191 |        0.00005191 |        0.00000000 |        0.00005191 |        0.00005191 
CoordGauge      | Initialize slicing, setup priorities for|          0.00001000 |       0.00000000 |   0.00001013 |        0.00001013 |        0.00000000 |        0.00001013 |        0.00001013 
CoordGauge      | Identify the slicing for the next iterat|          0.00000900 |       0.00000000 |   0.00000904 |        0.00000904 |        0.00000000 |        0.00000904 |        0.00000904 
GRHydro         | Initialize InLastMoLPostStep to zero    |          0.00001300 |       0.00000000 |   0.00001264 |        0.00001264 |        0.00000000 |        0.00001264 |        0.00001264 
MoL             | Set up the MoL bookkeeping index arrays |          0.00003500 |       0.00000000 |   0.00003473 |        0.00003473 |        0.00000000 |        0.00003473 |        0.00003473 
MoL             | Set the flag so it is ok to register wit|          0.00001400 |       0.00000000 |   0.00001395 |        0.00001395 |        0.00000000 |        0.00001395 |        0.00001395 
TmunuBase       | Set the stress_energy_state variable    |          0.00003400 |       0.00000000 |   0.00003335 |        0.00003335 |        0.00000000 |        0.00003335 |        0.00003335 
GRHydro         | Register variables for MoL              |          0.00005700 |       0.00000000 |   0.00005690 |        0.00005690 |        0.00000000 |        0.00005690 |        0.00005690 
Slab            | Initialise timers                       |          0.00002400 |       0.00000000 |   0.00002395 |        0.00002395 |        0.00000000 |        0.00002395 |        0.00002395 
SpaceMask       | Set grid symmetries for mask            |          0.00001000 |       0.00000000 |   0.00001033 |        0.00001033 |        0.00000000 |        0.00001033 |        0.00001033 
SpaceMask       | Set grid symmetries for emask (compatibi|          0.00001000 |       0.00000000 |   0.00000977 |        0.00000977 |        0.00000000 |        0.00000977 |        0.00000977 
CartGrid3D      | Register symmetry boundaries            |          0.00003700 |       0.00000000 |   0.00003749 |        0.00003749 |        0.00000000 |        0.00003749 |        0.00003749 
SymBase         | Print symmetry boundary face description|          0.00001200 |       0.00000000 |   0.00001208 |        0.00001208 |        0.00000000 |        0.00001208 |        0.00001208 
MoL             | Report how many of each type of variable|          0.00008800 |       0.00000000 |   0.00008810 |        0.00008810 |        0.00000000 |        0.00008810 |        0.00008810 
--------------------------------------------------------------------------------------------------------------------------------------------------------------------------------------------------
                | Total time for CCTK_WRAGH               |          0.00043700 |       0.00000000 |   0.00043665 |        0.00043665 |        0.00000000 |        0.00043665 |        0.00043665 
==================================================================================================================================================================================================
ADMBase         | Check consistency of parameters         |          0.00001800 |       0.00000000 |   0.00001818 |        0.00001818 |        0.00000000 |        0.00001818 |        0.00001818 
Boundary        | Check dimension of grid variables       |          0.00000900 |       0.00000000 |   0.00000842 |        0.00000842 |        0.00000000 |        0.00000842 |        0.00000842 
Carpet          | Parameter checking routine              |          0.00001400 |       0.00000000 |   0.00001400 |        0.00001400 |        0.00000000 |        0.00001400 |        0.00001400 
CarpetLib       | Test prolongation operators             |          0.00001800 |       0.00000000 |   0.00001734 |        0.00001734 |        0.00000000 |        0.00001734 |        0.00001734 
CartGrid3D      | Check coordinates for CartGrid3D        |          0.00001200 |       0.00000000 |   0.00001197 |        0.00001197 |        0.00000000 |        0.00001197 |        0.00001197 
Fortran         | Test whether Fortran parameters work cor|          0.00000900 |       0.00000000 |   0.00000866 |        0.00000866 |        0.00000000 |        0.00000866 |        0.00000866 
GRHydro         | Check parameters                        |          0.00003200 |       0.00000000 |   0.00003203 |        0.00003203 |        0.00000000 |        0.00003203 |        0.00003203 
GRHydro_InitData| Check parameters                        |          0.00001200 |       0.00000000 |   0.00001141 |        0.00001141 |        0.00000000 |        0.00001141 |        0.00001141 
MoL             | Basic parameter checking                |          0.00001600 |       0.00000000 |   0.00001598 |        0.00001598 |        0.00000000 |        0.00001598 |        0.00001598 
TerminationTrigg| Check consitency of parameters          |          0.00000900 |       0.00000000 |   0.00000849 |        0.00000849 |        0.00000000 |        0.00000849 |        0.00000849 
TmunuBase       | Check that no deprecated parameters are |          0.00000900 |       0.00000000 |   0.00000830 |        0.00000830 |        0.00000000 |        0.00000830 |        0.00000830 
Vectors         | Run correctness tests.                  |          0.00009000 |       0.00000000 |   0.00008996 |        0.00008996 |        0.00000000 |        0.00008996 |        0.00008996 
--------------------------------------------------------------------------------------------------------------------------------------------------------------------------------------------------
                | Total time for CCTK_PARAMCHECK          |          0.00024800 |       0.00000000 |   0.00024474 |        0.00024474 |        0.00000000 |        0.00024474 |        0.00024474 
==================================================================================================================================================================================================
ADMBase         | Set the shift_state variable to 1       |          0.00003800 |       0.00000000 |   0.00003780 |        0.00003780 |        0.00000000 |        0.00003780 |        0.00003780 
ADMBase         | Set the dtlapse_state variable to 0     |          0.00002800 |       0.00000000 |   0.00002710 |        0.00002710 |        0.00000000 |        0.00002710 |        0.00002710 
ADMBase         | Set the dtshift_state variable to 0     |          0.00002600 |       0.00000000 |   0.00002602 |        0.00002602 |        0.00000000 |        0.00002602 |        0.00002602 
ADMMacros       | Initialize the local_spatial_order      |          0.00002700 |       0.00000000 |   0.00002634 |        0.00002634 |        0.00000000 |        0.00002634 |        0.00002634 
CartGrid3D      | Set up ranges for spatial 3D Cartesian c|          0.00008500 |       0.00000000 |   0.00008579 |        0.00008579 |        0.00000000 |        0.00008579 |        0.00008579 
CartGrid3D      | Set up spatial 3D Cartesian coordinates |          0.00005000 |       0.00000000 |   0.00004952 |        0.00004952 |        0.00000000 |        0.00004952 |        0.00004952 
CarpetReduce    | Allocate the weight function            |          0.00005300 |       0.00000000 |   0.00005228 |        0.00005228 |        0.00000000 |        0.00005228 |        0.00005228 
CarpetReduce    | Initialise the weight function          |          0.00008600 |       0.00000000 |   0.00008512 |        0.00008512 |        0.00000000 |        0.00008512 |        0.00008512 
CarpetReduce    | Set up the outer boundaries of the weigh|          0.00009600 |       0.00000000 |   0.00009552 |        0.00009552 |        0.00000000 |        0.00009552 |        0.00009552 
CarpetReduce    | Set up the weight function for the restr|          0.00004800 |       0.00000000 |   0.00004791 |        0.00004791 |        0.00000000 |        0.00004791 |        0.00004791 
CarpetReduce    | Set the weight function                 |          0.00008200 |       0.00004400 |   0.00008202 |        0.00008202 |        0.00000000 |        0.00008202 |        0.00008202 
CarpetReduce    | Test the weight function                |          0.00013400 |       0.00013400 |   0.00013345 |        0.00013345 |        0.00000000 |        0.00013345 |        0.00013345 
GRHydro         | Initially set execution flags to 'YEAH, |          0.00001700 |       0.00001700 |   0.00001737 |        0.00001737 |        0.00000000 |        0.00001737 |        0.00001737 
GRHydro         | Schedule symmetries and check shift stat|          0.00006300 |       0.00006300 |   0.00006250 |        0.00006250 |        0.00000000 |        0.00006250 |        0.00006250 
GRHydro         | Initialise the mask function that contai|          0.00004100 |       0.00004100 |   0.00004112 |        0.00004112 |        0.00000000 |        0.00004112 |        0.00004112 
NaNChecker      | Reset the NaNChecker::NaNsFound counter |          0.00001800 |       0.00001800 |   0.00001782 |        0.00001782 |        0.00000000 |        0.00001782 |        0.00001782 
SpaceMask       | Initialise mask to zero                 |          0.00002900 |       0.00002900 |   0.00002902 |        0.00002902 |        0.00000000 |        0.00002902 |        0.00002902 
SpaceMask       | Set old style mask to one               |          0.00002700 |       0.00002700 |   0.00002693 |        0.00002693 |        0.00000000 |        0.00002693 |        0.00002693 
SymBase         | Check whether the driver set up the grid|          0.00002600 |       0.00002600 |   0.00002670 |        0.00002670 |        0.00000000 |        0.00002670 |        0.00002670 
TerminationTrigg| Clear trigger state                     |          0.00002700 |       0.00002700 |   0.00002676 |        0.00002676 |        0.00000000 |        0.00002676 |        0.00002676 
TerminationTrigg| Start timer                             |          0.00003800 |       0.00003500 |   0.00003790 |        0.00003790 |        0.00000000 |        0.00003790 |        0.00003790 
TerminationTrigg| Create termination file                 |          0.00007900 |       0.00007300 |   0.00007904 |        0.00007904 |        0.00000000 |        0.00007904 |        0.00007904 
Time            | Initialise Time variables               |          0.00002100 |       0.00001900 |   0.00002063 |        0.00002063 |        0.00000000 |        0.00002063 |        0.00002063 
Time            | Set timestep based on Courant condition |          0.00002400 |       0.00002200 |   0.00002357 |        0.00002357 |        0.00000000 |        0.00002357 |        0.00002357 
--------------------------------------------------------------------------------------------------------------------------------------------------------------------------------------------------
                | Total time for CCTK_BASEGRID            |          0.00116300 |       0.00057500 |   0.00115822 |        0.00115822 |        0.00000000 |        0.00115822 |        0.00115822 
==================================================================================================================================================================================================
StaticConformal | Set the conformal_state variable to 0   |          0.00005900 |       0.00005400 |   0.00005790 |        0.00005790 |        0.00000000 |        0.00005790 |        0.00005790 
ADMBase         | Set the metric and extrinsic curvature t|          0.00004200 |       0.00003800 |   0.00004179 |        0.00004179 |        0.00000000 |        0.00004179 |        0.00004179 
GRHydro         | Set the EOS number                      |          0.00004200 |       0.00003900 |   0.00004150 |        0.00004150 |        0.00000000 |        0.00004150 |        0.00004150 
CarpetIOASCII   | Initialisation routine                  |          0.00002800 |       0.00002600 |   0.00002771 |        0.00002771 |        0.00000000 |        0.00002771 |        0.00002771 
CarpetIOBasic   | Initialisation routine                  |          0.00002300 |       0.00002100 |   0.00002243 |        0.00002243 |        0.00000000 |        0.00002243 |        0.00002243 
CarpetIOHDF5    | Initialisation routine                  |          0.00001700 |       0.00001500 |   0.00001655 |        0.00001655 |        0.00000000 |        0.00001655 |        0.00001655 
CarpetIOScalar  | Initialisation routine                  |          0.00001600 |       0.00001500 |   0.00001640 |        0.00001640 |        0.00000000 |        0.00001640 |        0.00001640 
GRHydro         | Set up minimum for the rest-mass density|          0.00004600 |       0.00004300 |   0.00004603 |        0.00004603 |        0.00000000 |        0.00004603 |        0.00004603 
GRHydro         | Initialize the atmosphere mask          |          0.00005200 |       0.00004800 |   0.00005218 |        0.00005218 |        0.00000000 |        0.00005218 |        0.00005218 
GRHydro         | Calculate current refinement level      |          0.00007700 |       0.00000100 |   0.00007731 |        0.00007731 |        0.00000000 |        0.00007731 |        0.00007731 
ADMBase         | Set the lapse to 1 at all points        |          0.00003200 |       0.00000000 |   0.00003178 |        0.00003178 |        0.00000000 |        0.00003178 |        0.00003178 
ADMBase         | Set the shift to 0 at all points        |          0.00003000 |       0.00000000 |   0.00002959 |        0.00002959 |        0.00000000 |        0.00002959 |        0.00002959 
GRHydro         | Set divB initially to zero              |          0.00003700 |       0.00000000 |   0.00003711 |        0.00003711 |        0.00000000 |        0.00003711 |        0.00003711 
GRHydro_InitData| Shocktube initial data - MHD version    |          0.00032800 |       0.00000000 |   0.00032757 |        0.00032757 |        0.00000000 |        0.00032757 |        0.00032757 
HydroBase       | Initialize hydro excision mask to 'no ex|          0.00003500 |       0.00000000 |   0.00003537 |        0.00003537 |        0.00000000 |        0.00003537 |        0.00003537 
GRHydro         | Calculate sdetg                         |          0.00004500 |       0.00000000 |   0.00004474 |        0.00004474 |        0.00000000 |        0.00004474 |        0.00004474 
GRHydro         | Use mask to enforce atmosphere at initia|          0.00005500 |       0.00000000 |   0.00005507 |        0.00005507 |        0.00000000 |        0.00005507 |        0.00005507 
MoL             | Initialise the step size control        |          0.00001000 |       0.00000000 |   0.00000965 |        0.00000965 |        0.00000000 |        0.00000965 |        0.00000965 
GRHydro         | Convert initial data given in primive va|          0.00009300 |       0.00000000 |   0.00009307 |        0.00009307 |        0.00000000 |        0.00009307 |        0.00009307 
--------------------------------------------------------------------------------------------------------------------------------------------------------------------------------------------------
                | Total time for CCTK_INITIAL             |          0.00106700 |       0.00030000 |   0.00106374 |        0.00106374 |        0.00000000 |        0.00106374 |        0.00106374 
==================================================================================================================================================================================================
CarpetIOHDF5    | Close all filereader input files        |          0.00003400 |       0.00000000 |   0.00003395 |        0.00003395 |        0.00000000 |        0.00003395 |        0.00003395 
GRHydro         | Set up and check scalars for efficiency |          0.00003900 |       0.00000000 |   0.00003982 |        0.00003982 |        0.00000000 |        0.00003982 |        0.00003982 
ADMBase         | Select ADMBase boundary conditions - may|          0.00022800 |       0.00009900 |   0.00022816 |        0.00022816 |        0.00000000 |        0.00022816 |        0.00022816 
Boundary        | Apply all requested local physical bound|          0.00030900 |       0.00029700 |   0.00030842 |        0.00007711 |        0.00010054 |        0.00003416 |        0.00015892 
CartGrid3D      | Apply symmetry boundary conditions      |          0.00010800 |       0.00010500 |   0.00010757 |        0.00002689 |        0.00000612 |        0.00002430 |        0.00003197 
Boundary        | Unselect all grid variables for boundary|          0.00003000 |       0.00002900 |   0.00002953 |        0.00000738 |        0.00000260 |        0.00000653 |        0.00000963 
GRHydro         | Calculate current refinement level      |          0.00003800 |       0.00003900 |   0.00003876 |        0.00003876 |        0.00000000 |        0.00003876 |        0.00003876 
GRHydro         | Set grid scalar InLastMoLPostStep if thi|          0.00001200 |       0.00001200 |   0.00001137 |        0.00001137 |        0.00000000 |        0.00001137 |        0.00001137 
GRHydro         | Select atmosphere mask for boundary cond|          0.00006200 |       0.00006100 |   0.00006131 |        0.00006131 |        0.00000000 |        0.00006131 |        0.00006131 
GRHydro         | Set integer atmosphere mask from synchro|          0.00003900 |       0.00003900 |   0.00003874 |        0.00003874 |        0.00000000 |        0.00003874 |        0.00003874 
GRHydro         | Reset the atmosphere - MHD version      |          0.00004600 |       0.00004600 |   0.00004605 |        0.00004605 |        0.00000000 |        0.00004605 |        0.00004605 
GRHydro         | Compute comoving magnetic field, pressur|          0.00008200 |       0.00008300 |   0.00008207 |        0.00008207 |        0.00000000 |        0.00008207 |        0.00008207 
GRHydro         | Select GRHydro boundary conditions      |          0.00017000 |       0.00016900 |   0.00016980 |        0.00016980 |        0.00000000 |        0.00016980 |        0.00016980 
GRHydro         | Calculate sdetg                         |          0.00007200 |       0.00007200 |   0.00007147 |        0.00007147 |        0.00000000 |        0.00007147 |        0.00007147 
GRHydro         | Convert back to primitive variables (gen|          0.00026400 |       0.00026500 |   0.00026434 |        0.00026434 |        0.00000000 |        0.00026434 |        0.00026434 
GRHydro         | Calculate divB                          |          0.00004600 |       0.00004600 |   0.00004603 |        0.00004603 |        0.00000000 |        0.00004603 |        0.00004603 
--------------------------------------------------------------------------------------------------------------------------------------------------------------------------------------------------
                | Total time for CCTK_POSTINITIAL         |          0.00157900 |       0.00136200 |   0.00157741 |        0.00124327 |        0.00010927 |        0.00119688 |        0.00133240 
==================================================================================================================================================================================================
GRHydro         | Set the value of the rest-mass density o|          0.00010300 |       0.00010300 |   0.00010284 |        0.00010284 |        0.00000000 |        0.00010284 |        0.00010284 
GRHydro         | Use mask to enforce atmosphere at initia|          0.00008100 |       0.00008000 |   0.00008034 |        0.00008034 |        0.00000000 |        0.00008034 |        0.00008034 
GRHydro         | Calculate sdetg                         |          0.00007400 |       0.00007500 |   0.00007440 |        0.00007440 |        0.00000000 |        0.00007440 |        0.00007440 
GRHydro         | Convert back to primitive variables (gen|          0.00030400 |       0.00030400 |   0.00030363 |        0.00030363 |        0.00000000 |        0.00030363 |        0.00030363 
--------------------------------------------------------------------------------------------------------------------------------------------------------------------------------------------------
                | Total time for CCTK_POSTPOSTINITIAL     |          0.00056200 |       0.00056200 |   0.00056120 |        0.00056120 |        0.00000000 |        0.00056120 |        0.00056120 
==================================================================================================================================================================================================
CarpetIOHDF5    | Initial data checkpoint routine         |          0.00004800 |       0.00004800 |   0.00004750 |        0.00004750 |        0.00000000 |        0.00004750 |        0.00004750 
--------------------------------------------------------------------------------------------------------------------------------------------------------------------------------------------------
                | Total time for CCTK_CPINITIAL           |          0.00004800 |       0.00004800 |   0.00004750 |        0.00004750 |        0.00000000 |        0.00004750 |        0.00004750 
==================================================================================================================================================================================================
ADMBase         | Copy the lapse to the current time level|          0.00028000 |       0.00022400 |   0.00027857 |        0.00002786 |        0.00001258 |        0.00002639 |        0.00003979 
ADMBase         | Copy the shift to the current time level|          0.00026500 |       0.00020800 |   0.00026493 |        0.00002649 |        0.00000525 |        0.00002574 |        0.00003146 
ADMBase         | Copy the metric and extrinsic curvature |          0.00033700 |       0.00022600 |   0.00033771 |        0.00003377 |        0.00002074 |        0.00003035 |        0.00005297 
CoordGauge      | Identify the slicing for the next iterat|          0.00027300 |       0.00019300 |   0.00027253 |        0.00002725 |        0.00000658 |        0.00002572 |        0.00003264 
GRHydro         | Reset the mask function that contains th|          0.00035300 |       0.00024800 |   0.00035241 |        0.00003524 |        0.00000424 |        0.00003455 |        0.00003922 
LoopControl     | Update LoopControl algorithm preferences|          0.00041000 |       0.00028600 |   0.00041126 |        0.00004113 |        0.00000881 |        0.00003900 |        0.00004689 
NaNChecker      | Reset the NaNChecker::NaNsFound counter |          0.00014500 |       0.00010200 |   0.00014573 |        0.00001457 |        0.00000348 |        0.00001409 |        0.00001786 
--------------------------------------------------------------------------------------------------------------------------------------------------------------------------------------------------
                | Total time for CCTK_PRESTEP             |          0.00206300 |       0.00148700 |   0.00206314 |        0.00020631 |        0.00006169 |        0.00019583 |        0.00026083 
==================================================================================================================================================================================================
MoL             | Initialise the step size control        |          0.00009500 |       0.00005800 |   0.00009327 |        0.00000933 |        0.00001722 |        0.00000656 |        0.00002200 
MoL             | Set the counter for the ODE method to lo|          0.00007700 |       0.00004500 |   0.00007618 |        0.00000762 |        0.00000334 |        0.00000718 |        0.00001078 
MoL             | Ensure the correct time and timestep are|          0.00006900 |       0.00004300 |   0.00006873 |        0.00000687 |        0.00000299 |        0.00000652 |        0.00000971 
MoL             | Allocate storage for scratch levels     |          0.00027400 |       0.00018700 |   0.00027362 |        0.00002736 |        0.00005587 |        0.00002111 |        0.00008037 
GRHydro         | Set up and check scalars for efficiency |          0.00038600 |       0.00023200 |   0.00038776 |        0.00003878 |        0.00000743 |        0.00003731 |        0.00004577 
MoL             | Allocate sufficient space for array scra|          0.00027400 |       0.00013000 |   0.00025957 |        0.00002596 |        0.00000549 |        0.00002416 |        0.00003005 
MoL             | Ensure the data is in the correct timele|          0.00066100 |       0.00033200 |   0.00066055 |        0.00006605 |        0.00001052 |        0.00005819 |        0.00007189 
MoL             | Initialise the RHS functions            |          0.00065800 |       0.00048900 |   0.00065537 |        0.00003277 |        0.00002561 |        0.00003030 |        0.00005725 
GRHydro         | Source term calculation                 |          0.00081000 |       0.00053900 |   0.00080999 |        0.00004050 |        0.00002912 |        0.00003777 |        0.00006869 
GRHydro         | Set the flux_direction variable         |          0.00033500 |       0.00023000 |   0.00033361 |        0.00001668 |        0.00000798 |        0.00001586 |        0.00002336 
GRHydro         | Calculate current refinement level      |          0.00236200 |       0.00180100 |   0.00235117 |        0.00003919 |        0.00004362 |        0.00003539 |        0.00006542 
GRHydro         | Reconstruct the functions at the cell bo|          0.00595800 |       0.00464800 |   0.00595894 |        0.00009932 |        0.00006564 |        0.00009169 |        0.00013134 
GRHydro         | Solve the local Riemann problems - MHD v|          0.00428800 |       0.00361300 |   0.00426416 |        0.00007107 |        0.00005424 |        0.00006735 |        0.00009966 
GRHydro         | Calculate the update term from the fluxe|          0.00253500 |       0.00220300 |   0.00252432 |        0.00004207 |        0.00001998 |        0.00004008 |        0.00005774 
GRHydro         | Decrement the flux_direction variable   |          0.00097400 |       0.00081900 |   0.00097483 |        0.00001625 |        0.00001699 |        0.00001546 |        0.00003119 
GRHydro         | Alter the update terms if inside the atm|          0.00080500 |       0.00072100 |   0.00080077 |        0.00004004 |        0.00001732 |        0.00003794 |        0.00005494 
MoL             | Updates calculated with the efficient Ru|          0.00071500 |       0.00063400 |   0.00071241 |        0.00003562 |        0.00002394 |        0.00003177 |        0.00005779 
MoL             | Alter the counter number                |          0.00014700 |       0.00012600 |   0.00016187 |        0.00000809 |        0.00001559 |        0.00000678 |        0.00002272 
MoL             | If necessary, change the time           |          0.00013800 |       0.00011600 |   0.00013756 |        0.00000688 |        0.00000430 |        0.00000642 |        0.00001101 
ADMBase         | Select ADMBase boundary conditions - may|          0.00231800 |       0.00195700 |   0.00231855 |        0.00011593 |        0.00005504 |        0.00010728 |        0.00015356 
Boundary        | Apply all requested local physical bound|          0.00580200 |       0.00472600 |   0.00579658 |        0.00008281 |        0.00042993 |        0.00003347 |        0.00018626 
CartGrid3D      | Apply symmetry boundary conditions      |          0.00190600 |       0.00162900 |   0.00191220 |        0.00002732 |        0.00002271 |        0.00002392 |        0.00004504 
Boundary        | Unselect all grid variables for boundary|          0.00047100 |       0.00039700 |   0.00046989 |        0.00000671 |        0.00000427 |        0.00000640 |        0.00001078 
GRHydro         | Calculate current refinement level      |          0.00073800 |       0.00059400 |   0.00073751 |        0.00003688 |        0.00003123 |        0.00003347 |        0.00005978 
GRHydro         | Set grid scalar InLastMoLPostStep if thi|          0.00016800 |       0.00013100 |   0.00016798 |        0.00000840 |        0.00000525 |        0.00000787 |        0.00001215 
GRHydro         | Select atmosphere mask for boundary cond|          0.00109500 |       0.00087700 |   0.00109593 |        0.00005480 |        0.00002839 |        0.00004820 |        0.00007181 
GRHydro         | Set integer atmosphere mask from synchro|          0.00072400 |       0.00060200 |   0.00072264 |        0.00003613 |        0.00000670 |        0.00003490 |        0.00004202 
GRHydro         | Reset the atmosphere - MHD version      |          0.00041400 |       0.00031100 |   0.00039098 |        0.00003910 |        0.00000772 |        0.00003736 |        0.00004475 
GRHydro         | Compute comoving magnetic field, pressur|          0.00160100 |       0.00127200 |   0.00159719 |        0.00007986 |        0.00002049 |        0.00007763 |        0.00009884 
GRHydro         | Select GRHydro boundary conditions      |          0.00275700 |       0.00221500 |   0.00275616 |        0.00013781 |        0.00004297 |        0.00012836 |        0.00016406 
GRHydro         | Calculate sdetg                         |          0.00083600 |       0.00070900 |   0.00083552 |        0.00004178 |        0.00000729 |        0.00004015 |        0.00004581 
GRHydro         | Convert back to primitive variables (gen|          0.00569800 |       0.00533900 |   0.00569538 |        0.00028477 |        0.00005382 |        0.00026689 |        0.00030799 
GRHydro         | Reset InLastMoLPostStep to zero         |          0.00014500 |       0.00013300 |   0.00014151 |        0.00000708 |        0.00000643 |        0.00000665 |        0.00001333 
MoL             | If necessary, change the timestep       |          0.00013800 |       0.00012800 |   0.00013756 |        0.00000688 |        0.00000408 |        0.00000651 |        0.00001083 
MoL             | Control the step size                   |          0.00006800 |       0.00006300 |   0.00007020 |        0.00000702 |        0.00000495 |        0.00000643 |        0.00001171 
MoL             | Restoring the Save and Restore variables|          0.00041900 |       0.00037800 |   0.00041719 |        0.00004172 |        0.00000721 |        0.00003897 |        0.00004606 
MoL             | Free storage for scratch levels         |          0.00017200 |       0.00015600 |   0.00017211 |        0.00001721 |        0.00000465 |        0.00001645 |        0.00002160 
GRHydro         | Syncronise the mask function that contai|          0.00071500 |       0.00064400 |   0.00071481 |        0.00007148 |        0.00000517 |        0.00006926 |        0.00007471 
GRHydro         | Calculate divB                          |          0.00046700 |       0.00043000 |   0.00046595 |        0.00004660 |        0.00001951 |        0.00004144 |        0.00005757 
--------------------------------------------------------------------------------------------------------------------------------------------------------------------------------------------------
                | Total time for CCTK_EVOL                |          0.04821300 |       0.03965700 |   0.04812049 |        0.00178070 |        0.00119500 |        0.00160947 |        0.00243034 
==================================================================================================================================================================================================
GRHydro         | Calculate current refinement level (for |          0.00044500 |       0.00042800 |   0.00044452 |        0.00004041 |        0.00003185 |        0.00003556 |        0.00006890 
GRHydro         | Check the mask function that contains th|          0.00046500 |       0.00036700 |   0.00046652 |        0.00004241 |        0.00002365 |        0.00003729 |        0.00006244 
NaNChecker      | Prepare data structures to check for NaN|          0.00008300 |       0.00006600 |   0.00008191 |        0.00000745 |        0.00000484 |        0.00000670 |        0.00001090 
NaNChecker      | Check for NaNs                          |          0.00349800 |       0.00286300 |   0.00351573 |        0.00031961 |        0.00002982 |        0.00031181 |        0.00033559 
NaNChecker      | Count NaNs in NaNChecker::NaNsFound     |          0.00014100 |       0.00009700 |   0.00013871 |        0.00001261 |        0.00000623 |        0.00001074 |        0.00001573 
NaNChecker      | Output NaNChecker::NaNmask and take acti|          0.00026500 |       0.00018900 |   0.00026427 |        0.00002402 |        0.00000523 |        0.00002274 |        0.00002775 
SpaceMask       | Ensure that all mask values are legal   |          0.00033100 |       0.00024200 |   0.00033241 |        0.00003022 |        0.00001582 |        0.00002698 |        0.00004448 
--------------------------------------------------------------------------------------------------------------------------------------------------------------------------------------------------
                | Total time for CCTK_POSTSTEP            |          0.00522800 |       0.00425200 |   0.00524407 |        0.00047673 |        0.00011745 |        0.00045181 |        0.00056579 
==================================================================================================================================================================================================
CarpetIOHDF5    | Evolution checkpoint routine            |          0.00041500 |       0.00028100 |   0.00041507 |        0.00004151 |        0.00001371 |        0.00003963 |        0.00005447 
TimerReport     | Print the timer report                  |          0.00014700 |       0.00010000 |   0.00014624 |        0.00001462 |        0.00000437 |        0.00001397 |        0.00001856 
--------------------------------------------------------------------------------------------------------------------------------------------------------------------------------------------------
                | Total time for CCTK_CHECKPOINT          |          0.00056200 |       0.00038100 |   0.00056130 |        0.00005613 |        0.00001808 |        0.00005360 |        0.00007303 
==================================================================================================================================================================================================
CarpetLib       | Print timing statistics if desired      |          0.00017900 |       0.00012200 |   0.00017817 |        0.00001620 |        0.00001482 |        0.00001375 |        0.00002805 
CarpetLib       | Print memory statistics if desired      |          0.00044600 |       0.00037300 |   0.00044920 |        0.00004084 |        0.00025875 |        0.00001368 |        0.00028678 
LoopControl     | Output LoopControl statistics           |          0.00043600 |       0.00027800 |   0.00043314 |        0.00003938 |        0.00001926 |        0.00003587 |        0.00005674 
SystemStatistics| Collect system statistics               |          0.00109000 |       0.00061400 |   0.00109258 |        0.00009933 |        0.00002360 |        0.00009467 |        0.00011591 
TerminationTrigg| Check elapsed job walltime              |          0.00033800 |       0.00018300 |   0.00033653 |        0.00003059 |        0.00000587 |        0.00002845 |        0.00003409 
TerminationTrigg| Check if we received a termination signa|          0.00029600 |       0.00015900 |   0.00029608 |        0.00002692 |        0.00000573 |        0.00002464 |        0.00003072 
TerminationTrigg| Check termination file                  |          0.00036700 |       0.00019900 |   0.00036675 |        0.00003334 |        0.00000800 |        0.00003107 |        0.00003930 
TimerReport     | Print the timer report                  |          0.00017000 |       0.00008900 |   0.00016820 |        0.00001529 |        0.00000502 |        0.00001437 |        0.00001876 
--------------------------------------------------------------------------------------------------------------------------------------------------------------------------------------------------
                | Total time for CCTK_ANALYSIS            |          0.00332200 |       0.00201700 |   0.00332066 |        0.00030188 |        0.00034105 |        0.00025650 |        0.00061036 
==================================================================================================================================================================================================
CarpetIOHDF5    | Termination checkpoint routine          |          0.00005500 |       0.00005600 |   0.00005553 |        0.00005553 |        0.00000000 |        0.00005553 |        0.00005553 
LoopControl     | Output LoopControl statistics           |          0.00004600 |       0.00004600 |   0.00004626 |        0.00004626 |        0.00000000 |        0.00004626 |        0.00004626 
MoL             | Free the MoL bookkeeping index arrays   |          0.00003600 |       0.00003500 |   0.00003528 |        0.00003528 |        0.00000000 |        0.00003528 |        0.00003528 
TimerReport     | Print the timer report                  |          0.00000000 |       0.00000000 |   0.00000000 |        0.00000000 |        0.00000000 |        0.00000000 |        0.00000000 
--------------------------------------------------------------------------------------------------------------------------------------------------------------------------------------------------
                | Total time for CCTK_TERMINATE           |          0.00013700 |       0.00013700 |   0.00013708 |        0.00013708 |        0.00000000 |        0.00013708 |        0.00013708 
==================================================================================================================================================================================================
--------------------------------------------------------------------------------------------------------------------------------------------------------------------------------------------------
                | Total time for simulation               |          0.08882500 |       0.06756600 |   0.08882123 |        0.08882123 |        0.00000000 |        0.08882123 |        0.08882123 
==================================================================================================================================================================================================
INFO (TimerReport): Top timers at iteration 10 time 0.005
======================================================================
    %    Time/s   Min/s   Max/s   Timer (gettimeofday)
======================================================================
100.0   0.100019 0.100008 0.100030   [0001] CycleClock: CycleClock_Setup in CCTK_STARTUP
 88.3   0.088278 0.087731 0.088825   CCTK total time
 80.1   0.080136 0.079993 0.080280   meta mode/meta mode/global mode
 75.7   0.075715 0.075684 0.075747   meta mode/meta mode/global mode/level(0)
 73.0   0.073047 0.073044 0.073050   main/Evolve
 58.3   0.058262 0.058223 0.058302   main/Evolve/CallEvol
 58.0   0.057966 0.057953 0.057978   meta mode
 52.0   0.052044 0.051912 0.052176   main/Evolve/CallEvol/CCTK_EVOL
 46.0   0.046037 0.045790 0.046285   main/Evolve/CallEvol/CCTK_EVOL/CallFunction
 43.1   0.043109 0.043107 0.043112   main/CarpetStartup
 41.5   0.041482 0.041477 0.041486   main/CarpetStartup/CarpetLib::gh::regrid
 41.2   0.041242 0.041234 0.041250   main/CarpetStartup/CarpetLib::gh::regrid/CarpetLib::dh::regrid
 25.1   0.025142 0.024690 0.025593   main/Evolve/CallEvol/CCTK_EVOL/CallFunction/thorns
 14.5   0.014548 0.014529 0.014567   meta mode/meta mode
 14.0   0.013995 0.013933 0.014058   main/Evolve/CallAnalysis
 13.5   0.013546 0.013546 0.013546   main/CarpetStartup/CarpetLib::gh::regrid/CarpetLib::dh::regrid/test
 13.0   0.013043 0.012992 0.013094   main/CarpetStartup/CarpetLib::gh::regrid/CarpetLib::dh::regrid/buffers
 11.4   0.011430 0.011409 0.011452   main/Initialise
  9.2   0.009205 0.009091 0.009319   meta mode/meta mode/global mode/level(0)/enter_local_mode
  5.9   0.005864 0.005770 0.005958   [0153] GRHydro: Reconstruct in CCTK_EVOL
  5.7   0.005738 0.005674 0.005802   [0162] Boundary: Boundary_ApplyPhysicalBCs in CCTK_EVOL
  5.6   0.005620 0.005606 0.005634   main/CarpetStartup/CarpetLib::gh::regrid/CarpetLib::dh::regrid/bcast_comm
  5.5   0.005530 0.005363 0.005698   [0172] GRHydro: Con2Prim in CCTK_EVOL
  5.3   0.005281 0.005271 0.005290   main/Evolve/CallEvol/CCTK_EVOL/CallFunction/syncs
  5.0   0.004971 0.004811 0.005131   main/Evolve/CallEvol/CCTK_EVOL/CallFunction/thorns/Con2Prim
  4.9   0.004944 0.004941 0.004947   main/Evolve/CallEvol/CCTK_EVOL/CallFunction/syncs/Sync
  4.9   0.004894 0.004873 0.004915   main/CarpetStartup/CarpetLib::gh::regrid/CarpetLib::dh::regrid/region
  4.9   0.004880 0.004858 0.004902   main/Evolve/CallAnalysis/CCTK_POSTSTEP
  4.9   0.004861 0.004853 0.004870   main/Initialise/CallInitial
  4.6   0.004624 0.004579 0.004668   main/Evolve/CallAnalysis/CCTK_POSTSTEP/CallFunction
  4.5   0.004550 0.004477 0.004624   main/Evolve/CallAnalysis/OutputGH
  4.5   0.004509 0.004446 0.004572   main/Evolve/CallAnalysis/OutputGH/OutputGH
  4.2   0.004228 0.004169 0.004288   [0154] GRHydro: Riemann in CCTK_EVOL
  4.2   0.004195 0.004083 0.004307   main/Evolve/CallEvol/CCTK_EVOL/CallFunction/thorns/Reconstruct
  4.2   0.004181 0.004101 0.004261   meta mode/meta mode/global mode/level(0)/leave_local_mode
  3.7   0.003713 0.003631 0.003795   main/Evolve/CallEvol/CCTK_EVOL/CallFunction/thorns/Boundary_ApplyPhysicalBCs
  3.5   0.003484 0.003469 0.003500   main/Evolve/CallAnalysis/CCTK_POSTSTEP/CallFunction/thorns
  3.4   0.003432 0.003367 0.003498   [0122] NaNChecker: NaNChecker_NaNCheck_Check in CCTK_POSTSTEP
  3.4   0.003392 0.003349 0.003435   main/Evolve/CallEvol/Poison
  2.9   0.002858 0.002794 0.002923   main/Evolve/CallAnalysis/CCTK_POSTSTEP/CallFunction/thorns/NaNChecker_NaNCheck_Check
======================================================================
---------------------------------------------------------------------------------------------------------------------------------------------------------
Time      Time   Imblnc   Timer                                               gettimeof  getrusage      cycle  cycle[avg  cycle[sdv  cycle[min  cycle[max
percent   secs   percent                                                           secs       secs       secs       secs       secs       secs       secs
---------------------------------------------------------------------------------------------------------------------------------------------------------
 100.0%      0.1    0.0%  Evolve                                                0.07305    0.05689  1.786e+08  1.786e+08          0  1.786e+08  1.786e+08
  19.2%      0.0    0.4%  |_CallAnalysis                                        0.01406     0.0097  3.437e+07  3.437e+06  1.156e+06  3.221e+06  4.363e+06
   3.8%      0.0    0.9%  | |_CCTK_ANALYSIS                                    0.002829   0.001483  6.921e+06  6.921e+05  1.265e+05  6.621e+05  7.868e+05
   3.5%      0.0    1.0%  | | |_CallFunction                                   0.002575   0.001341  6.301e+06  7.876e+04  5.648e+05  2.925e+04  2.791e+05
   1.6%      0.0    3.3%  | | | |_thorns                                       0.001202   0.000597  2.927e+06  3.658e+04  5.929e+05       6762  2.508e+05
   1.1%      0.0    0.2%  | | | | |_SystemStatistics_Collect                   0.000831   0.000428  2.043e+06  2.043e+05  4.472e+04  1.973e+05  2.458e+05
   1.9%      0.0          | | | |_untimed
   6.7%      0.0    0.4%  | |_CCTK_POSTSTEP                                    0.004858   0.003839  1.188e+07  1.188e+06  1.504e+05  1.137e+06  1.301e+06
   6.3%      0.0    1.0%  | | |_CallFunction                                   0.004579   0.003652  1.126e+07  1.609e+05   2.11e+06   1.22e+04  8.163e+05
   4.8%      0.0    0.4%  | | | |_thorns                                       0.003469   0.002751  8.434e+06  1.205e+05  2.055e+06       7105  7.617e+05
   3.9%      0.0    2.2%  | | | | |_NaNChecker_NaNCheck_Check                  0.002923   0.002345  7.154e+06  7.154e+05  6.424e+04   7.04e+05  7.568e+05
   1.6%      0.0          | | | |_untimed
   6.2%      0.0    1.6%  | |_OutputGH                                         0.004624    0.00325  1.129e+07  1.129e+06  1.124e+06  9.554e+05  2.159e+06
   6.2%      0.0    1.4%  | | |_OutputGH                                       0.004572   0.003214  1.118e+07  1.118e+06  1.074e+06  9.505e+05  2.101e+06
   1.1%      0.0    1.2%  | | | |_IOASCII::IOASCII_1D [2]                      0.000823   0.000687  2.014e+06  2.014e+05  1.063e+06  8.291e+04  1.209e+06
   1.1%      0.0    1.3%  | | | | |_OutputGH<1>                                0.000797   0.000669   1.95e+06   1.95e+05  1.063e+06  7.752e+04  1.203e+06
   2.6%      0.0    5.0%  | | | |_IOBasic::CarpetIOBasic [5]                   0.001967   0.001317  4.803e+06  4.803e+05  8.049e+04   4.61e+05   5.44e+05
   2.5%      0.0    5.0%  | | | | |_OutputGH                                    0.00194     0.0013  4.744e+06  4.744e+05  7.951e+04  4.559e+05  5.391e+05
   1.6%      0.0          | |_untimed
  79.8%      0.1    0.1%  |_CallEvol                                             0.0583    0.04669  1.426e+08  1.426e+07  2.901e+06  1.385e+07    1.7e+07
  71.2%      0.1    0.3%  | |_CCTK_EVOL                                         0.05218    0.04231  1.276e+08  1.276e+07  2.658e+06  1.237e+07  1.527e+07
  63.0%      0.0    0.5%  | | |_CallFunction                                    0.04628    0.03814  1.132e+08  1.132e+05  3.782e+06  1.147e+04  7.487e+05
   7.2%      0.0    0.2%  | | | |_syncs                                         0.00529   0.004371  1.292e+07  1.846e+05  7.399e+05  7.235e+04  3.292e+05
   6.8%      0.0    0.1%  | | | | |_Sync                                       0.004947   0.004092   1.21e+07  1.729e+05  7.189e+05  6.456e+04  3.136e+05
   1.8%      0.0    1.2%  | | | | | |_comm_state[3].state_fill_send_buffers.   0.001298    0.00107  3.196e+06  4.565e+04  2.538e+05  1.029e+04  1.445e+05
   1.6%      0.0    0.7%  | | | | | |_comm_state[7].state_empty_recv_buffers   0.001141   0.000948  2.821e+06  4.031e+04  2.518e+05       6345  1.085e+05
   1.1%      0.0          | | | | | |_untimed
  34.4%      0.0    1.8%  | | | |_thorns                                        0.02559    0.02125  6.259e+07  6.259e+04  3.223e+06       6738  6.907e+05
   5.1%      0.0    2.2%  | | | | |_Boundary_ApplyPhysicalBCs                  0.003795    0.00307  9.309e+06   1.33e+05  1.034e+06  2.386e+04  3.823e+05
   6.8%      0.0    3.1%  | | | | |_Con2Prim                                   0.005131    0.00484  1.256e+07  6.282e+05  1.127e+05  5.918e+05  6.856e+05
   1.5%      0.0    2.4%  | | | | |_GRHydro_CalcBcom                           0.001086   0.000876  2.671e+06  1.336e+05   4.55e+04  1.304e+05  1.778e+05
   1.2%      0.0    0.9%  | | | | |_GRHydro_RefinementLevel                    0.000836   0.000651  2.078e+06  2.597e+04   2.28e+04   2.45e+04  4.687e+04
   5.7%      0.0    2.6%  | | | | |_Reconstruct                                0.004307   0.003356  1.059e+07  1.765e+05   1.36e+05  1.601e+05  2.422e+05
   3.3%      0.0    3.5%  | | | | |_Riemann                                    0.002473   0.002102  6.087e+06  1.015e+05  1.044e+05  9.452e+04    1.6e+05
   1.1%      0.0    1.5%  | | | | |_UpdateCalcul                               0.000845   0.000742  2.091e+06  3.486e+04  4.312e+04  3.217e+04  7.321e+04
   3.1%      0.0          | | | | |_untimed
  21.4%      0.0          | | | |_untimed
   8.0%      0.0          | | |_untimed
   3.0%      0.0    1.7%  | |_CCTK_PRESTEP                                     0.002186   0.001583  5.346e+06  5.346e+05  1.622e+05  5.068e+05  6.747e+05
   2.7%      0.0    2.1%  | | |_CallFunction                                    0.00193   0.001389  4.736e+06  6.766e+04  1.722e+05  3.026e+04  1.252e+05
   4.6%      0.0    1.3%  | |_Poison                                           0.003349   0.002322  8.154e+06  8.154e+05  1.047e+05  7.802e+05  8.723e+05
---------------------------------------------------------------------------------------------------------------------------------------------------------
---------------------------------------------------------------------------------------------------------------------------------------------------------
Time      Time   Imblnc   Timer                                               gettimeof  getrusage      cycle  cycle[avg  cycle[sdv  cycle[min  cycle[max
percent   secs   percent                                                           secs       secs       secs       secs       secs       secs       secs
---------------------------------------------------------------------------------------------------------------------------------------------------------
 100.0%      0.1    0.0%  meta mode                                              0.1372      0.107  3.355e+08  5.591e+07  1.971e+08  1.235e+04  1.937e+08
  68.3%      0.1    0.0%  |_meta mode                                           0.09375    0.07168  2.293e+08  3.821e+07  1.733e+08   1.24e+04  1.937e+08
  60.9%      0.1    1.5%  | |_global mode                                       0.08476    0.06563  2.073e+08  2.764e+06  3.743e+07  5.064e+04  1.538e+07
  55.2%      0.1    0.0%  | | |_level(0)                                        0.07575    0.05853  1.853e+08  6.616e+05  3.986e+07       3748  1.531e+07
   6.7%      0.0    1.2%  | | | |_enter_local_mode                             0.009091    0.00683  2.236e+07  2.015e+04  2.562e+05       2156  9.381e+04
   1.4%      0.0    1.0%  | | | |_enter_singlemap_mode                         0.001869   0.001367  4.668e+06       4202  5.734e+04       2156   5.51e+04
   3.0%      0.0    1.9%  | | | |_leave_local_mode                             0.004101   0.003104  1.013e+07       9116  1.262e+05       2156  7.362e+04
   1.4%      0.0    1.6%  | | | |_leave_singlemap_mode                         0.001874   0.001396  4.613e+06       4148  6.577e+04       2156   5.41e+04
  42.7%      0.1          | | | |_untimed
   5.0%      0.0          | | |_untimed
   6.3%      0.0          | |_untimed
  31.7%      0.0          | untimed
---------------------------------------------------------------------------------------------------------------------------------------------------------
--------------------------------------------------------------------------------
Done.
+ echo Stopping:
Stopping:
+ date
Thu Jul  9 00:08:40 UTC 2026
+ echo Done.
Done.
  Elapsed time: 1.0 s
