/home/runner/simulations/TestJob01_temp_2/output-0000/TEST/sim/GRHydro
Preparing:
+ set -e
+ cd output-0000-active
+ echo Checking:
Checking:
+ pwd
/home/runner/simulations/TestJob01_temp_2/output-0000/TEST/sim/GRHydro/output-0000-active
+ hostname
runnervmrw5os
+ date
Thu May 21 06:17:53 UTC 2026
+ echo Environment:
Environment:
+ export CACTUS_NUM_PROCS=2
+ CACTUS_NUM_PROCS=2
+ export CACTUS_NUM_THREADS=1
+ CACTUS_NUM_THREADS=1
+ export GMON_OUT_PREFIX=gmon.out
+ GMON_OUT_PREFIX=gmon.out
+ export OMP_NUM_THREADS=1
+ OMP_NUM_THREADS=1
+ env
+ sort
+ echo Starting:
Starting:
++ date +%s
+ export CACTUS_STARTTIME=1779344273
+ CACTUS_STARTTIME=1779344273
+ '[' 2 = 1 ']'
+ mpirun -np 2 /home/runner/simulations/TestJob01_temp_2/SIMFACTORY/exe/cactus_sim -L 3 /home/runner/simulations/TestJob01_temp_2/output-0000/arrangements/EinsteinEvolve/GRHydro/test/balsara5_1d.par
INFO (Cactus): Increased logging level from 0 to 3
--------------------------------------------------------------------------------

       10                                  
  1   0101       ************************  
  01  1010 10      The Cactus Code V4.18.0    
 1010 1101 011      www.cactuscode.org     
  1001 100101    ************************  
    00010101                               
     100011     (c) Copyright The Authors  
      0100      GNU Licensed. No Warranty  
      0101                                 
--------------------------------------------------------------------------------

Cactus version:    4.18.0
Compile date:      May 21 2026 (05:46:45)
Run date:          May 21 2026 (06:17:54+0000)
Run host:          runnervmrw5os.ewmzc0bqkruufhf1y4x1ywmkfc.ex.internal.cloudapp.net (pid=178554)
Working directory: /home/runner/simulations/TestJob01_temp_2/output-0000/TEST/sim/GRHydro
Executable:        /home/runner/simulations/TestJob01_temp_2/SIMFACTORY/exe/cactus_sim
Parameter file:    /home/runner/simulations/TestJob01_temp_2/output-0000/arrangements/EinsteinEvolve/GRHydro/test/balsara5_1d.par
--------------------------------------------------------------------------------

Activating thorn Cactus...Success -> active implementation Cactus
Activation requested for 
--->Boundary CartGrid3D CoordBase Fortran InitBase IOUtil LocalReduce SymBase Time AEILocalInterp LocalInterp MoL Slab SpaceMask Carpet CarpetInterp CarpetIOASCII CarpetIOHDF5 CarpetIOScalar CarpetLib CarpetIOBasic CarpetReduce CarpetSlab LoopControl NaNChecker TerminationTrigger TimerReport ADMbase ADMmacros CoordGauge StaticConformal Constants TmunuBase HydroBase EOS_Omni GRHydro GRHydro_InitData HDF5 SystemStatistics<---
Thorn Carpet requests automatic activation of MPI
Thorn Carpet requests automatic activation of Timers
Thorn CarpetLib requests automatic activation of Vectors
Thorn CarpetLib requests automatic activation of Boost
Thorn CarpetLib requests automatic activation of CycleClock
Thorn GRHydro requests automatic activation of EOS_Polytrope
Thorn HDF5 requests automatic activation of zlib
Thorn LoopControl requests automatic activation of hwloc
Thorn EOS_Polytrope requests automatic activation of EOS_Base
Activating thorn ADMbase...Success -> active implementation ADMBase
Activating thorn ADMmacros...Success -> active implementation ADMMacros
Activating thorn AEILocalInterp...Success -> active implementation AEILocalInterp
Activating thorn Boost...Success -> active implementation Boost
Activating thorn Boundary...Success -> active implementation boundary
Activating thorn Carpet...Success -> active implementation Driver
Activating thorn CarpetInterp...Success -> active implementation interp
Activating thorn CarpetIOASCII...Success -> active implementation IOASCII
Activating thorn CarpetIOBasic...Success -> active implementation IOBasic
Activating thorn CarpetIOHDF5...Success -> active implementation IOHDF5
Activating thorn CarpetIOScalar...Success -> active implementation IOScalar
Activating thorn CarpetLib...Success -> active implementation CarpetLib
Activating thorn CarpetReduce...Success -> active implementation reduce
Activating thorn CarpetSlab...Success -> active implementation Hyperslab
Activating thorn CartGrid3D...Success -> active implementation grid
Activating thorn Constants...Success -> active implementation Constants
Activating thorn CoordBase...Success -> active implementation CoordBase
Activating thorn CoordGauge...Success -> active implementation CoordGauge
Activating thorn CycleClock...Success -> active implementation CycleClock
Activating thorn EOS_Base...Success -> active implementation EOS_Base
Activating thorn EOS_Omni...Success -> active implementation EOS_Omni
Activating thorn EOS_Polytrope...Success -> active implementation EOS_2d_Polytrope
Activating thorn Fortran...Success -> active implementation Fortran
Activating thorn GRHydro...Success -> active implementation GRHydro
Activating thorn GRHydro_InitData...Success -> active implementation GRHydro_init_data
Activating thorn HDF5...Success -> active implementation HDF5
Activating thorn hwloc...Success -> active implementation hwloc
Activating thorn HydroBase...Success -> active implementation HydroBase
Activating thorn InitBase...Success -> active implementation InitBase
Activating thorn IOUtil...Success -> active implementation IO
Activating thorn LocalInterp...Success -> active implementation LocalInterp
Activating thorn LocalReduce...Success -> active implementation LocalReduce
Activating thorn LoopControl...Success -> active implementation LoopControl
Activating thorn MoL...Success -> active implementation MethodOfLines
Activating thorn MPI...Success -> active implementation MPI
Activating thorn NaNChecker...Success -> active implementation NaNChecker
Activating thorn Slab...Success -> active implementation Slab
Activating thorn SpaceMask...Success -> active implementation SpaceMask
Activating thorn StaticConformal...Success -> active implementation StaticConformal
Activating thorn SymBase...Success -> active implementation SymBase
Activating thorn SystemStatistics...Success -> active implementation SystemStatistics
Activating thorn TerminationTrigger...Success -> active implementation TerminationTrigger
Activating thorn Time...Success -> active implementation time
Activating thorn TimerReport...Success -> active implementation timerreport
Activating thorn Timers...Success -> active implementation Timers
Activating thorn TmunuBase...Success -> active implementation TmunuBase
Activating thorn Vectors...Success -> active implementation Vectors
Activating thorn zlib...Success -> active implementation zlib
--------------------------------------------------------------------------------
  if (recover initial data)
    Recover parameters
  endif

  Startup routines
    [CCTK_STARTUP]
      Carpet::MultiModel_Startup: Multi-model Startup routine
      CycleClock::CycleClock_Setup: Set up CycleClock
      LoopControl::LC_setup: Set up LoopControl
      Timers::Timer_Startup: Prepare hierarchical timers
      Carpet::Driver_Startup: Startup routine
      IOUtil::IOUtil_Startup: Startup routine
      CarpetIOScalar::CarpetIOScalarStartup: [global] Startup routine
      CarpetInterp::CarpetInterpStartup: Startup routine
      CarpetReduce::CarpetReduceStartup: Startup routine
      CartGrid3D::SymmetryStartup: Register GH Extension for GridSymmetry
      CoordBase::CoordBase_Startup: Register a GH extension to store the coordinate system handles
      AEILocalInterp::AEILocalInterp_U_Startup: register CCTK_InterpLocalUniform() interpolation operators
      EOS_Omni::EOS_Omni_Startup: [global] Set up conversion factors and other fun stuff
      EOS_Polytrope::EOS_Polytrope_Startup: Setup the polytropic EOS
      GRHydro::GRHydro_Startup: Startup banner
      GRHydro::GRHydro_RegisterMask: Register the hydro masks
      HydroBase::HydroBase_StartUp: Startup banner
      CarpetIOASCII::CarpetIOASCIIStartup: [global] Startup routine
      LocalInterp::LocalInterp_Startup: register LocalInterp's interpolation operators
      LocalReduce::LocalReduce_Startup: Startup routine
      CarpetIOBasic::CarpetIOBasicStartup: [global] Startup routine
      MoL::MoL_Startup: Startup banner
      Slab::Slab_InitMPIDatatypes: Create MPI datatypes for complex variables in C
      SymBase::SymBase_Startup: Register GH Extension for SymBase
      TerminationTrigger::TerminationTrigger_StartSignalHandler: Start signal handler
      CarpetIOHDF5::CarpetIOHDF5_Startup: Startup routine
      Vectors::Vectors_Startup: Print startup message
      GROUP hwloc_startup: hwloc startup group
        hwloc::hwloc_version: Output hwloc version

  Startup routines which need an existing grid hierarchy
    [CCTK_WRAGH]
      ADMBase::Einstein_InitSymBound: [global] Set up GF symmetries
      Boundary::Boundary_RegisterBCs: [global] Register boundary conditions that this thorn provides
      CartGrid3D::RegisterCartGrid3DCoords: [meta] Register coordinates for the Cartesian grid
      CoordGauge::Einstein_ActivateSlicing: Initialize slicing, setup priorities for mixed slicings
      CoordGauge::Einstein_SetNextSlicing: Identify the slicing for the next iteration
      GRHydro::GRHydro_ClearLastMoLPostStep: [global] Initialize InLastMoLPostStep to zero
      MoL::MoL_SetupIndexArrays: Set up the MoL bookkeeping index arrays
      MoL::MoL_SetScheduleStatus: [global] Set the flag so it is ok to register with MoL
      TmunuBase::TmunuBase_SetStressEnergyState: [global] Set the stress_energy_state variable
      GROUP MoL_Register: The group where physics thorns register variables with MoL
        GRHydro::GRHydro_Register: Register variables for MoL
      Slab::Slab_InitTimers: Initialise timers
      SpaceMask::MaskSym: [global] Set grid symmetries for mask
      SpaceMask::MaskSym_emask: [global] Set grid symmetries for emask (compatibility mode)
      GROUP SymBase_Wrapper: Wrapper group for SymBase
        GROUP SymmetryRegister: Register your symmetries here
          CartGrid3D::CartGrid3D_RegisterSymmetryBoundaries: [meta] Register symmetry boundaries
        SymBase::SymBase_Statistics: Print symmetry boundary face descriptions
      MoL::MoL_ReportNumberVariables: [meta] Report how many of each type of variable there are
  Parameter checking routines
    [CCTK_PARAMCHECK]
      ADMBase::ADMBase_ParamCheck: [global] Check consistency of parameters
      Boundary::Boundary_Check: Check dimension of grid variables
      Carpet::CarpetParamCheck: Parameter checking routine
      CarpetLib::CarpetLib_test_prolongate_3d_rf2: [global] Test prolongation operators
      CartGrid3D::ParamCheck_CartGrid3D: Check coordinates for CartGrid3D
      Fortran::CheckFortranParameters: Test whether Fortran parameters work correctly
      GRHydro::GRHydro_ParamCheck: Check parameters
      GRHydro_InitData::GRHydro_InitData_CheckParameters: Check parameters
      MoL::MoL_ParamCheck: Basic parameter checking
      TerminationTrigger::TerminationTrigger_ParamCheck: Check consitency of parameters
      TmunuBase::TmunuBase_ParamCheck: [global] Check that no deprecated parameters are used.
      Vectors::Vectors_Test: Run correctness tests.

  Initialisation
    if (NOT (recover initial data AND recovery_mode is 'strict'))
      [CCTK_PREREGRIDINITIAL]
      Set up grid hierarchy
      [CCTK_POSTREGRIDINITIAL]
        CartGrid3D::SpatialCoordinates: Set Coordinates after regridding
        GROUP MaskBase_SetupMask: Set up the weight function
          GROUP MaskBase_SetupMaskAll: Set up the weight function
            CarpetReduce::MaskBase_AllocateMask: [global] Allocate the weight function
            CarpetReduce::MaskBase_InitMask: [global] [loop-local] Initialise the weight function
            GROUP SetupIMaskInternal: Set up the integer weight function (schedule other routines in here)
              CarpetReduce::CoordBase_SetupMask: [global] [loop-local] Set up the outer boundaries of the weight function
              CarpetReduce::CarpetMaskSetup: [global] [loop-singlemap] Set up the weight function for the restriction regions
            GROUP SetupIMask: Set up the integer weight function (schedule other routines in here)
            CarpetReduce::MaskBase_SetMask: [global] [loop-local] Set the weight function
            GROUP SetupMask: Set up the real weight function (schedule other routines in here)
            CarpetReduce::MaskBase_TestMask: [global] Test the weight function
        SpaceMask::MaskZero: Initialise mask to zero
        GRHydro::GRHydro_RefinementLevel: Calculate current refinement level
        GROUP HydroBase_ExcisionMaskSetup: Set up hydro excision mask
          HydroBase::HydroBase_InitExcisionMask: Initialize hydro excision mask to 'no excision everywhere'
        GROUP MoL_PseudoEvolutionBoundaries: Apply boundary conditions to pseudo-evolved quantities
        SpaceMask::MaskOne: Set mask to one
        GRHydro::GRHydro_SetupMask: Initialize the atmosphere mask
      [CCTK_BASEGRID]
        ADMBase::ADMBase_SetShiftStateOn: Set the shift_state variable to 1
        ADMBase::ADMBase_SetDtLapseStateOff: Set the dtlapse_state variable to 0
        ADMBase::ADMBase_SetDtShiftStateOff: Set the dtshift_state variable to 0
        ADMMacros::ADMMacros_SetLocalSpatialOrder: Initialize the local_spatial_order
        CartGrid3D::SpatialSpacings: Set up ranges for spatial 3D Cartesian coordinates (on all grids)
        CartGrid3D::SpatialCoordinates: Set up spatial 3D Cartesian coordinates on the GH
        GROUP MaskBase_SetupMask: Set up the weight function
          GROUP MaskBase_SetupMaskAll: Set up the weight function
            CarpetReduce::MaskBase_AllocateMask: [global] Allocate the weight function
            CarpetReduce::MaskBase_InitMask: [global] [loop-local] Initialise the weight function
            GROUP SetupIMaskInternal: Set up the integer weight function (schedule other routines in here)
              CarpetReduce::CoordBase_SetupMask: [global] [loop-local] Set up the outer boundaries of the weight function
              CarpetReduce::CarpetMaskSetup: [global] [loop-singlemap] Set up the weight function for the restriction regions
            GROUP SetupIMask: Set up the integer weight function (schedule other routines in here)
            CarpetReduce::MaskBase_SetMask: [global] [loop-local] Set the weight function
            GROUP SetupMask: Set up the real weight function (schedule other routines in here)
            CarpetReduce::MaskBase_TestMask: [global] Test the weight function
        GRHydro::GRHydro_Reset_Execution_Flags: [global] Initially set execution flags to 'YEAH, Execute'!
        GRHydro::GRHydro_InitSymBound: Schedule symmetries and check shift state
        GRHydro::reset_GRHydro_C2P_failed: Initialise the mask function that contains the points where C2P has failed (at BASEGRID)
        NaNChecker::NaNChecker_ResetCounter: [global] Reset the NaNChecker::NaNsFound counter
        SpaceMask::MaskZero: Initialise mask to zero
        SpaceMask::MaskOne: Set old style mask to one
        SymBase::SymBase_Check: Check whether the driver set up the grid consistently
        TerminationTrigger::TerminationTrigger_ResetTrigger: Clear trigger state
        TerminationTrigger::TerminationTrigger_StartTimer: Start timer
        TerminationTrigger::TerminationTrigger_CreateFile: Create termination file
        Time::Time_Initialise: [global] Initialise Time variables
        Time::TemporalSpacings: [singlemap] Set timestep based on Courant condition (courant_static)
      [CCTK_INITIAL]
        StaticConformal::StaticConformal_InitialiseState: Set the conformal_state variable to 0
        GROUP ADMBase_InitialData: Schedule group for calculating ADM initial data
          ADMBase::ADMBase_CartesianMinkowski: Set the metric and extrinsic curvature to cartesian minkowski values
        GRHydro::GRHydro_EOSHandle: [global] Set the EOS number
        CarpetIOASCII::CarpetIOASCIIInit: [global] Initialisation routine
        CarpetIOBasic::CarpetIOBasicInit: [global] Initialisation routine
        CarpetIOHDF5::CarpetIOHDF5_Init: [global] Initialisation routine
        CarpetIOScalar::CarpetIOScalarInit: [global] Initialisation routine
        GRHydro::GRHydro_Rho_Minima_Setup: Set up minimum for the rest-mass density in the atmosphere (before intial data)
        GRHydro::GRHydro_SetupMask: Initialize the atmosphere mask
        GRHydro::GRHydro_RefinementLevel: Calculate current refinement level
        GROUP ADMBase_InitialGauge: Schedule group for the ADM initial gauge condition
          ADMBase::ADMBase_LapseOne: Set the lapse to 1 at all points
          ADMBase::ADMBase_ShiftZero: Set the shift to 0 at all points
        GROUP HydroBase_Initial: HydroBase initial data group
          GROUP GRHydro_Initial: GRHydro initial data group
          GRHydro::GRHydro_DivBInit: Set divB initially to zero
          GRHydro_InitData::GRHydro_shocktubeM: Shocktube initial data - MHD version
          GROUP HydroBase_ExcisionMaskSetup: Set up hydro excision mask
            HydroBase::HydroBase_InitExcisionMask: Initialize hydro excision mask to 'no excision everywhere'
        GROUP ADMBase_PostInitial: Schedule group for modifying the ADM initial data, such as e.g. adding noise
        GRHydro::GRHydro_SqrtSpatialDeterminant: Calculate sdetg
        GRHydro::GRHydro_InitialAtmosphereReset: Use mask to enforce atmosphere at initial time
        MoL::MoL_StartLoop: [level] Initialise the step size control
        GROUP HydroBase_Prim2ConInitial: Recover the conservative variables from the primitive variables
          GRHydro::Primitive2ConservativeCellsM: Convert initial data given in primive variables to conserved variables - MHD version
      [CCTK_POSTINITIAL]
        CarpetIOHDF5::CarpetIOHDF5_CloseFiles: [global] Close all filereader input files
        GRHydro::GRHydro_Scalar_Setup: Set up and check scalars for efficiency
        GROUP MoL_PostStepModify: The group for physics thorns to schedule enforcing constraints
        GROUP MoL_PostStep: Ensure that everything is correct after the initial data have been set up
          ADMBase::ADMBase_Boundaries: [level] Select ADMBase boundary conditions - may be required for mesh refinement
          GROUP ADMBase_ApplyBCs: Apply the boundary conditions of ADMBase
            GROUP BoundaryConditions: Execute all boundary conditions
              Boundary::Boundary_ApplyPhysicalBCs: Apply all requested local physical boundary conditions
              CartGrid3D::CartGrid3D_ApplyBC: Apply symmetry boundary conditions
            Boundary::Boundary_ClearSelection: [level] Unselect all grid variables for boundary conditions
          GROUP ADMBase_SetADMVars: Set the ADM variables before this group, and use them afterwards
          GRHydro::GRHydro_RefinementLevel: Calculate current refinement level
          GRHydro::GRHydro_SetLastMoLPostStep: [level] Set grid scalar InLastMoLPostStep if this is the last MoL PostStep call
          GROUP HydroBase_PostStep: Post step tasks for hydro thorns
            GROUP GRHydro_PostStep: Post step tasks for GRHydro
            GROUP GRHydro_AtmosphereMaskBoundaries: Apply boundary conditions to primitives
              GRHydro::GRHydro_SelectAtmosphereMaskBoundaries: [level] Select atmosphere mask for boundary conditions
              GROUP GRHydro_ApplyAtmosphereMaskBCs: Apply boundary conditions to real-valued atmosphere mask
                GROUP BoundaryConditions: Execute all boundary conditions
                  Boundary::Boundary_ApplyPhysicalBCs: Apply all requested local physical boundary conditions
                  CartGrid3D::CartGrid3D_ApplyBC: Apply symmetry boundary conditions
                Boundary::Boundary_ClearSelection: [level] Unselect all grid variables for boundary conditions
            GRHydro::GRHydroPostSyncAtmosphereMask: Set integer atmosphere mask from synchronized real atmosphere mask
            if (GRHydro::InLastMoLPostStep)
              GRHydro::GRHydro_AtmosphereResetM: Reset the atmosphere - MHD version
            GRHydro::GRHydro_CalcBcom: Compute comoving magnetic field, pressure, etc...
            GROUP HydroBase_Boundaries: HydroBase-internal Boundary conditions group
              GROUP Do_GRHydro_Boundaries: GRHydro Boundary conditions group
              GROUP HydroBase_Select_Boundaries: Group to schedule the boundary condition functions
                if (GRHydro::execute_MoL_PostStep)
                  GRHydro::GRHydro_Bound: [level] Select GRHydro boundary conditions
              GROUP HydroBase_ApplyBCs: Apply the boundary conditions of HydroBase
                GROUP BoundaryConditions: Execute all boundary conditions
                  Boundary::Boundary_ApplyPhysicalBCs: Apply all requested local physical boundary conditions
                  CartGrid3D::CartGrid3D_ApplyBC: Apply symmetry boundary conditions
                Boundary::Boundary_ClearSelection: [level] Unselect all grid variables for boundary conditions
            GROUP HydroBase_Con2Prim: Convert from conservative to primitive variables
              if (GRHydro::execute_MoL_Step)
                GRHydro::GRHydro_SqrtSpatialDeterminant: Calculate sdetg
              if (GRHydro::execute_MoL_PostStep)
                GRHydro::Con2Prim: Convert back to primitive variables (general) - MHD version
        GROUP MoL_PseudoEvolution: Calculate pseudo-evolved quantities
          GROUP ADMBase_SetADMVars: Set the ADM variables before this group, and use them afterwards
          GROUP GRHydroAnalysis: Calculate analysis quantities
            GRHydro::GRHydro_CalcDivB: Calculate divB
            GROUP GRHydro_ApplyDivBBCs: Apply boundary conditions to divB
              GROUP BoundaryConditions: Execute all boundary conditions
                Boundary::Boundary_ApplyPhysicalBCs: Apply all requested local physical boundary conditions
                CartGrid3D::CartGrid3D_ApplyBC: Apply symmetry boundary conditions
              Boundary::Boundary_ClearSelection: [level] Unselect all grid variables for boundary conditions
      Initialise finer grids recursively
      Restrict from finer grids
      [CCTK_POSTRESTRICTINITIAL]
        GROUP MoL_PostStep: Ensure that everything is correct after restriction
          ADMBase::ADMBase_Boundaries: [level] Select ADMBase boundary conditions - may be required for mesh refinement
          GROUP ADMBase_ApplyBCs: Apply the boundary conditions of ADMBase
            GROUP BoundaryConditions: Execute all boundary conditions
              Boundary::Boundary_ApplyPhysicalBCs: Apply all requested local physical boundary conditions
              CartGrid3D::CartGrid3D_ApplyBC: Apply symmetry boundary conditions
            Boundary::Boundary_ClearSelection: [level] Unselect all grid variables for boundary conditions
          GROUP ADMBase_SetADMVars: Set the ADM variables before this group, and use them afterwards
          GRHydro::GRHydro_RefinementLevel: Calculate current refinement level
          GRHydro::GRHydro_SetLastMoLPostStep: [level] Set grid scalar InLastMoLPostStep if this is the last MoL PostStep call
          GROUP HydroBase_PostStep: Post step tasks for hydro thorns
            GROUP GRHydro_PostStep: Post step tasks for GRHydro
            GROUP GRHydro_AtmosphereMaskBoundaries: Apply boundary conditions to primitives
              GRHydro::GRHydro_SelectAtmosphereMaskBoundaries: [level] Select atmosphere mask for boundary conditions
              GROUP GRHydro_ApplyAtmosphereMaskBCs: Apply boundary conditions to real-valued atmosphere mask
                GROUP BoundaryConditions: Execute all boundary conditions
                  Boundary::Boundary_ApplyPhysicalBCs: Apply all requested local physical boundary conditions
                  CartGrid3D::CartGrid3D_ApplyBC: Apply symmetry boundary conditions
                Boundary::Boundary_ClearSelection: [level] Unselect all grid variables for boundary conditions
            GRHydro::GRHydroPostSyncAtmosphereMask: Set integer atmosphere mask from synchronized real atmosphere mask
            if (GRHydro::InLastMoLPostStep)
              GRHydro::GRHydro_AtmosphereResetM: Reset the atmosphere - MHD version
            GRHydro::GRHydro_CalcBcom: Compute comoving magnetic field, pressure, etc...
            GROUP HydroBase_Boundaries: HydroBase-internal Boundary conditions group
              GROUP Do_GRHydro_Boundaries: GRHydro Boundary conditions group
              GROUP HydroBase_Select_Boundaries: Group to schedule the boundary condition functions
                if (GRHydro::execute_MoL_PostStep)
                  GRHydro::GRHydro_Bound: [level] Select GRHydro boundary conditions
              GROUP HydroBase_ApplyBCs: Apply the boundary conditions of HydroBase
                GROUP BoundaryConditions: Execute all boundary conditions
                  Boundary::Boundary_ApplyPhysicalBCs: Apply all requested local physical boundary conditions
                  CartGrid3D::CartGrid3D_ApplyBC: Apply symmetry boundary conditions
                Boundary::Boundary_ClearSelection: [level] Unselect all grid variables for boundary conditions
            GROUP HydroBase_Con2Prim: Convert from conservative to primitive variables
              if (GRHydro::execute_MoL_Step)
                GRHydro::GRHydro_SqrtSpatialDeterminant: Calculate sdetg
              if (GRHydro::execute_MoL_PostStep)
                GRHydro::Con2Prim: Convert back to primitive variables (general) - MHD version
        GROUP MoL_PseudoEvolutionBoundaries: Apply boundary conditions to pseudo-evolved quantities
      [CCTK_POSTPOSTINITIAL]
        GRHydro::GRHydro_Rho_Minima_Setup_Final: Set the value of the rest-mass density of the atmosphere which will be used during the evolution
        GRHydro::GRHydro_InitialAtmosphereResetM: Use mask to enforce atmosphere at initial time
        GROUP Con2Prim: Convert from conservative to primitive variables (might be redundant)
          if (GRHydro::execute_MoL_Step)
            GRHydro::GRHydro_SqrtSpatialDeterminant: Calculate sdetg
          if (GRHydro::execute_MoL_PostStep)
            GRHydro::Con2Prim: Convert back to primitive variables (general) - MHD version
        GROUP SetTmunu: Calculate the stress-energy tensor
        GROUP ADMConstraintsGroup: Evaluate ADM constraints, and perform symmetry boundary conditions
      [CCTK_POSTSTEP]
        GRHydro::GRHydro_RefinementLevel: Calculate current refinement level (for the check of the C2P mask)
        GRHydro::check_GRHydro_C2P_failed: Check the mask function that contains the points where C2P has failed and report an error in case a failure is found
        GROUP HydroBase_ExcisionHasBeenSet: Group to schedule thorns changing the mask before and thorns using the mask after
        GROUP zzz_NaNChecker_NaNCheck: Check for NaNs and count them in NaNChecker::NaNsFound
          NaNChecker::NaNChecker_NaNCheck_Prepare: [level] Prepare data structures to check for NaNs
          NaNChecker::NaNChecker_NaNCheck_Check: [local] Check for NaNs
          NaNChecker::NaNChecker_NaNCheck_Finish: [level] Count NaNs in NaNChecker::NaNsFound
        NaNChecker::NaNChecker_TakeAction: [global] [loop-level] Output NaNChecker::NaNmask and take action according to NaNChecker::action_if_found
        SpaceMask::CheckMask: Ensure that all mask values are legal
    endif
    if (recover initial data)
      [CCTK_BASEGRID]
        ADMBase::ADMBase_SetShiftStateOn: Set the shift_state variable to 1
        ADMBase::ADMBase_SetDtLapseStateOff: Set the dtlapse_state variable to 0
        ADMBase::ADMBase_SetDtShiftStateOff: Set the dtshift_state variable to 0
        ADMMacros::ADMMacros_SetLocalSpatialOrder: Initialize the local_spatial_order
        CartGrid3D::SpatialSpacings: Set up ranges for spatial 3D Cartesian coordinates (on all grids)
        CartGrid3D::SpatialCoordinates: Set up spatial 3D Cartesian coordinates on the GH
        GROUP MaskBase_SetupMask: Set up the weight function
          GROUP MaskBase_SetupMaskAll: Set up the weight function
            CarpetReduce::MaskBase_AllocateMask: [global] Allocate the weight function
            CarpetReduce::MaskBase_InitMask: [global] [loop-local] Initialise the weight function
            GROUP SetupIMaskInternal: Set up the integer weight function (schedule other routines in here)
              CarpetReduce::CoordBase_SetupMask: [global] [loop-local] Set up the outer boundaries of the weight function
              CarpetReduce::CarpetMaskSetup: [global] [loop-singlemap] Set up the weight function for the restriction regions
            GROUP SetupIMask: Set up the integer weight function (schedule other routines in here)
            CarpetReduce::MaskBase_SetMask: [global] [loop-local] Set the weight function
            GROUP SetupMask: Set up the real weight function (schedule other routines in here)
            CarpetReduce::MaskBase_TestMask: [global] Test the weight function
        GRHydro::GRHydro_Reset_Execution_Flags: [global] Initially set execution flags to 'YEAH, Execute'!
        GRHydro::GRHydro_InitSymBound: Schedule symmetries and check shift state
        GRHydro::reset_GRHydro_C2P_failed: Initialise the mask function that contains the points where C2P has failed (at BASEGRID)
        NaNChecker::NaNChecker_ResetCounter: [global] Reset the NaNChecker::NaNsFound counter
        SpaceMask::MaskZero: Initialise mask to zero
        SpaceMask::MaskOne: Set old style mask to one
        SymBase::SymBase_Check: Check whether the driver set up the grid consistently
        TerminationTrigger::TerminationTrigger_ResetTrigger: Clear trigger state
        TerminationTrigger::TerminationTrigger_StartTimer: Start timer
        TerminationTrigger::TerminationTrigger_CreateFile: Create termination file
        Time::Time_Initialise: [global] Initialise Time variables
        Time::TemporalSpacings: [singlemap] Set timestep based on Courant condition (courant_static)
      [CCTK_RECOVER_VARIABLES]
      [CCTK_POST_RECOVER_VARIABLES]
        CarpetIOHDF5::CarpetIOHDF5_InitCheckpointingIntervals: [global] Initialisation of checkpointing intervals after recovery
        GROUP MaskBase_SetupMask: Set up the weight function
          GROUP MaskBase_SetupMaskAll: Set up the weight function
            CarpetReduce::MaskBase_AllocateMask: [global] Allocate the weight function
            CarpetReduce::MaskBase_InitMask: [global] [loop-local] Initialise the weight function
            GROUP SetupIMaskInternal: Set up the integer weight function (schedule other routines in here)
              CarpetReduce::CoordBase_SetupMask: [global] [loop-local] Set up the outer boundaries of the weight function
              CarpetReduce::CarpetMaskSetup: [global] [loop-singlemap] Set up the weight function for the restriction regions
            GROUP SetupIMask: Set up the integer weight function (schedule other routines in here)
            CarpetReduce::MaskBase_SetMask: [global] [loop-local] Set the weight function
            GROUP SetupMask: Set up the real weight function (schedule other routines in here)
            CarpetReduce::MaskBase_TestMask: [global] Test the weight function
        GRHydro::GRHydro_EOSHandle: [global] Set the EOS number
        GRHydro::GRHydroCopyIntegerMask: Initialize the real valued atmosphere mask after checkpoint recovery
        GRHydro::GRHydro_SqrtSpatialDeterminant: Calculate sdetg
        GROUP HydroBase_ExcisionMaskSetup: Set up hydro excision mask
          HydroBase::HydroBase_InitExcisionMask: Initialize hydro excision mask to 'no excision everywhere'
        GROUP MoL_PostStep: Ensure that everything is correct after recovery
          ADMBase::ADMBase_Boundaries: [level] Select ADMBase boundary conditions - may be required for mesh refinement
          GROUP ADMBase_ApplyBCs: Apply the boundary conditions of ADMBase
            GROUP BoundaryConditions: Execute all boundary conditions
              Boundary::Boundary_ApplyPhysicalBCs: Apply all requested local physical boundary conditions
              CartGrid3D::CartGrid3D_ApplyBC: Apply symmetry boundary conditions
            Boundary::Boundary_ClearSelection: [level] Unselect all grid variables for boundary conditions
          GROUP ADMBase_SetADMVars: Set the ADM variables before this group, and use them afterwards
          GRHydro::GRHydro_RefinementLevel: Calculate current refinement level
          GRHydro::GRHydro_SetLastMoLPostStep: [level] Set grid scalar InLastMoLPostStep if this is the last MoL PostStep call
          GROUP HydroBase_PostStep: Post step tasks for hydro thorns
            GROUP GRHydro_PostStep: Post step tasks for GRHydro
            GROUP GRHydro_AtmosphereMaskBoundaries: Apply boundary conditions to primitives
              GRHydro::GRHydro_SelectAtmosphereMaskBoundaries: [level] Select atmosphere mask for boundary conditions
              GROUP GRHydro_ApplyAtmosphereMaskBCs: Apply boundary conditions to real-valued atmosphere mask
                GROUP BoundaryConditions: Execute all boundary conditions
                  Boundary::Boundary_ApplyPhysicalBCs: Apply all requested local physical boundary conditions
                  CartGrid3D::CartGrid3D_ApplyBC: Apply symmetry boundary conditions
                Boundary::Boundary_ClearSelection: [level] Unselect all grid variables for boundary conditions
            GRHydro::GRHydroPostSyncAtmosphereMask: Set integer atmosphere mask from synchronized real atmosphere mask
            if (GRHydro::InLastMoLPostStep)
              GRHydro::GRHydro_AtmosphereResetM: Reset the atmosphere - MHD version
            GRHydro::GRHydro_CalcBcom: Compute comoving magnetic field, pressure, etc...
            GROUP HydroBase_Boundaries: HydroBase-internal Boundary conditions group
              GROUP Do_GRHydro_Boundaries: GRHydro Boundary conditions group
              GROUP HydroBase_Select_Boundaries: Group to schedule the boundary condition functions
                if (GRHydro::execute_MoL_PostStep)
                  GRHydro::GRHydro_Bound: [level] Select GRHydro boundary conditions
              GROUP HydroBase_ApplyBCs: Apply the boundary conditions of HydroBase
                GROUP BoundaryConditions: Execute all boundary conditions
                  Boundary::Boundary_ApplyPhysicalBCs: Apply all requested local physical boundary conditions
                  CartGrid3D::CartGrid3D_ApplyBC: Apply symmetry boundary conditions
                Boundary::Boundary_ClearSelection: [level] Unselect all grid variables for boundary conditions
            GROUP HydroBase_Con2Prim: Convert from conservative to primitive variables
              if (GRHydro::execute_MoL_Step)
                GRHydro::GRHydro_SqrtSpatialDeterminant: Calculate sdetg
              if (GRHydro::execute_MoL_PostStep)
                GRHydro::Con2Prim: Convert back to primitive variables (general) - MHD version
        GROUP zzz_NaNChecker_NaNCheck: Check for NaNs and count them in NaNChecker::NaNsFound
          NaNChecker::NaNChecker_NaNCheck_Prepare: [level] Prepare data structures to check for NaNs
          NaNChecker::NaNChecker_NaNCheck_Check: [local] Check for NaNs
          NaNChecker::NaNChecker_NaNCheck_Finish: [level] Count NaNs in NaNChecker::NaNsFound
        NaNChecker::NaNChecker_TakeAction: [global] [loop-level] Output NaNChecker::NaNmask and take action according to NaNChecker::action_if_found
        TerminationTrigger::TerminationTrigger_ResetMinutes: [global] Reset Watchtime
    endif
    if (checkpoint initial data)
      [CCTK_CPINITIAL]
        CarpetIOHDF5::CarpetIOHDF5_InitialDataCheckpoint: [meta] Initial data checkpoint routine
    endif
    if (analysis)
      [CCTK_ANALYSIS]
        CarpetLib::CarpetLib_printtimestats: [global] Print timing statistics if desired
        CarpetLib::CarpetLib_printmemstats: [global] Print memory statistics if desired
        LoopControl::LC_statistics_analysis: [meta] Output LoopControl statistics
        SystemStatistics::SystemStatistics_Collect: [global] Collect system statistics
        TerminationTrigger::TerminationTrigger_CheckWalltime: Check elapsed job walltime
        TerminationTrigger::TerminationTrigger_CheckSignal: Check if we received a termination signal
        TerminationTrigger::TerminationTrigger_CheckFile: Check termination file
        TimerReport::zzz_TimerReport_Output: [global] Print the timer report
  endif
  Output grid variables

  do loop over timesteps
    [CCTK_PREREGRID]
    Change grid hierarchy
    [CCTK_POSTREGRID]
      CartGrid3D::SpatialCoordinates: Set Coordinates after regridding
      GROUP MaskBase_SetupMask: Set up the weight function
        GROUP MaskBase_SetupMaskAll: Set up the weight function
          CarpetReduce::MaskBase_AllocateMask: [global] Allocate the weight function
          CarpetReduce::MaskBase_InitMask: [global] [loop-local] Initialise the weight function
          GROUP SetupIMaskInternal: Set up the integer weight function (schedule other routines in here)
            CarpetReduce::CoordBase_SetupMask: [global] [loop-local] Set up the outer boundaries of the weight function
            CarpetReduce::CarpetMaskSetup: [global] [loop-singlemap] Set up the weight function for the restriction regions
          GROUP SetupIMask: Set up the integer weight function (schedule other routines in here)
          CarpetReduce::MaskBase_SetMask: [global] [loop-local] Set the weight function
          GROUP SetupMask: Set up the real weight function (schedule other routines in here)
          CarpetReduce::MaskBase_TestMask: [global] Test the weight function
      SpaceMask::MaskZero: Initialise mask to zero
      GROUP HydroBase_ExcisionMaskSetup: Set up hydro excision mask
        HydroBase::HydroBase_InitExcisionMask: Initialize hydro excision mask to 'no excision everywhere'
      SpaceMask::MaskOne: Set mask to one
      GRHydro::GRHydro_SetupMask: Initialize the atmosphere mask
      GROUP MoL_PostStep: Ensure that everything is correct after regridding
        ADMBase::ADMBase_Boundaries: [level] Select ADMBase boundary conditions - may be required for mesh refinement
        GROUP ADMBase_ApplyBCs: Apply the boundary conditions of ADMBase
          GROUP BoundaryConditions: Execute all boundary conditions
            Boundary::Boundary_ApplyPhysicalBCs: Apply all requested local physical boundary conditions
            CartGrid3D::CartGrid3D_ApplyBC: Apply symmetry boundary conditions
          Boundary::Boundary_ClearSelection: [level] Unselect all grid variables for boundary conditions
        GROUP ADMBase_SetADMVars: Set the ADM variables before this group, and use them afterwards
        GRHydro::GRHydro_RefinementLevel: Calculate current refinement level
        GRHydro::GRHydro_SetLastMoLPostStep: [level] Set grid scalar InLastMoLPostStep if this is the last MoL PostStep call
        GROUP HydroBase_PostStep: Post step tasks for hydro thorns
          GROUP GRHydro_PostStep: Post step tasks for GRHydro
          GROUP GRHydro_AtmosphereMaskBoundaries: Apply boundary conditions to primitives
            GRHydro::GRHydro_SelectAtmosphereMaskBoundaries: [level] Select atmosphere mask for boundary conditions
            GROUP GRHydro_ApplyAtmosphereMaskBCs: Apply boundary conditions to real-valued atmosphere mask
              GROUP BoundaryConditions: Execute all boundary conditions
                Boundary::Boundary_ApplyPhysicalBCs: Apply all requested local physical boundary conditions
                CartGrid3D::CartGrid3D_ApplyBC: Apply symmetry boundary conditions
              Boundary::Boundary_ClearSelection: [level] Unselect all grid variables for boundary conditions
          GRHydro::GRHydroPostSyncAtmosphereMask: Set integer atmosphere mask from synchronized real atmosphere mask
          if (GRHydro::InLastMoLPostStep)
            GRHydro::GRHydro_AtmosphereResetM: Reset the atmosphere - MHD version
          GRHydro::GRHydro_CalcBcom: Compute comoving magnetic field, pressure, etc...
          GROUP HydroBase_Boundaries: HydroBase-internal Boundary conditions group
            GROUP Do_GRHydro_Boundaries: GRHydro Boundary conditions group
            GROUP HydroBase_Select_Boundaries: Group to schedule the boundary condition functions
              if (GRHydro::execute_MoL_PostStep)
                GRHydro::GRHydro_Bound: [level] Select GRHydro boundary conditions
            GROUP HydroBase_ApplyBCs: Apply the boundary conditions of HydroBase
              GROUP BoundaryConditions: Execute all boundary conditions
                Boundary::Boundary_ApplyPhysicalBCs: Apply all requested local physical boundary conditions
                CartGrid3D::CartGrid3D_ApplyBC: Apply symmetry boundary conditions
              Boundary::Boundary_ClearSelection: [level] Unselect all grid variables for boundary conditions
          GROUP HydroBase_Con2Prim: Convert from conservative to primitive variables
            if (GRHydro::execute_MoL_Step)
              GRHydro::GRHydro_SqrtSpatialDeterminant: Calculate sdetg
            if (GRHydro::execute_MoL_PostStep)
              GRHydro::Con2Prim: Convert back to primitive variables (general) - MHD version
      GROUP MoL_PseudoEvolutionBoundaries: Apply boundary conditions to pseudo-evolved quantities
    Rotate timelevels
    iteration = iteration+1
    t = t+dt
    [CCTK_PRESTEP]
      ADMBase::ADMBase_LapseStatic: Copy the lapse to the current time level
      ADMBase::ADMBase_ShiftStatic: Copy the shift to the current time level
      ADMBase::ADMBase_Static: Copy the metric and extrinsic curvature to the current time level
      CoordGauge::Einstein_SetNextSlicing: Identify the slicing for the next iteration
      GRHydro::reset_GRHydro_C2P_failed: Reset the mask function that contains the points where C2P has failed (at PRESTEP)
      LoopControl::LC_steer: [meta] Update LoopControl algorithm preferences
      NaNChecker::NaNChecker_ResetCounter: [global] Reset the NaNChecker::NaNsFound counter
    [CCTK_EVOL]
      MoL::MoL_StartLoop: [level] Initialise the step size control
      while (MoL::MoL_Stepsize_Bad)
        GROUP MoL_Evolution: A single Cactus evolution step using MoL
          GROUP MoL_StartStep: MoL internal setup for the evolution step
            MoL::MoL_SetCounter: [level] Set the counter for the ODE method to loop over
            MoL::MoL_SetTime: [level] Ensure the correct time and timestep are used
            MoL::MoL_AllocateScratchSpace: [level] Allocate storage for scratch levels
          GROUP MoL_PreStep: Physics thorns can schedule preloop setup routines in here
            GRHydro::GRHydro_Scalar_Setup: Set up and check scalars for efficiency
          MoL::MoL_AllocateScratch: Allocate sufficient space for array scratch variables
          MoL::MoL_InitialCopy: Ensure the data is in the correct timelevel
          while (MoL::MoL_Intermediate_Step)
            GROUP MoL_Step: The loop over the intermediate steps for the ODE integrator
              MoL::MoL_InitRHS: Initialise the RHS functions
              GROUP MoL_CalcRHS: Physics thorns schedule the calculation of the discrete spatial operator in here
                GROUP HydroBase_RHS: Groups for scheduling tasks for calculating RHS of hydro variables
                  if (GRHydro::execute_MoL_Step)
                    GROUP GRHydroRHS: Calculate the update terms
                      GRHydro::SourceTerms: Source term calculation
                      GRHydro::GRHydroStartLoop: [level] Set the flux_direction variable
                      while (GRHydro::flux_direction)
                        GROUP FluxTerms: Calculation of intercell fluxes
                          GRHydro::GRHydro_RefinementLevel: Calculate current refinement level
                          GRHydro::Reconstruct: Reconstruct the functions at the cell boundaries
                          GRHydro::Riemann: Solve the local Riemann problems - MHD version
                          GRHydro::UpdateCalcul: Calculate the update term from the fluxes
                          GRHydro::GRHydroAdvanceLoop: [level] Decrement the flux_direction variable
                      end while
                      GRHydro::GRHydroUpdateAtmosphereMask: Alter the update terms if inside the atmosphere region
              GROUP MoL_PostRHS: Modify RHS functions
              GROUP MoL_RHSBoundaries: Any 'final' modifications to the RHS functions (boundaries etc.)
              MoL::MoL_Add: Updates calculated with the efficient Runge-Kutta 2 method
              MoL::MoL_DecrementCounter: [level] Alter the counter number
              MoL::MoL_ResetTime: [level] If necessary, change the time
              GROUP MoL_PostStepModify: The group for physics thorns to schedule enforcing constraints
              GROUP MoL_PostStep: The group for physics thorns to schedule boundary calls etc.
                ADMBase::ADMBase_Boundaries: [level] Select ADMBase boundary conditions - may be required for mesh refinement
                GROUP ADMBase_ApplyBCs: Apply the boundary conditions of ADMBase
                  GROUP BoundaryConditions: Execute all boundary conditions
                    Boundary::Boundary_ApplyPhysicalBCs: Apply all requested local physical boundary conditions
                    CartGrid3D::CartGrid3D_ApplyBC: Apply symmetry boundary conditions
                  Boundary::Boundary_ClearSelection: [level] Unselect all grid variables for boundary conditions
                GROUP ADMBase_SetADMVars: Set the ADM variables before this group, and use them afterwards
                GRHydro::GRHydro_RefinementLevel: Calculate current refinement level
                GRHydro::GRHydro_SetLastMoLPostStep: [level] Set grid scalar InLastMoLPostStep if this is the last MoL PostStep call
                GROUP HydroBase_PostStep: Post step tasks for hydro thorns
                  GROUP GRHydro_PostStep: Post step tasks for GRHydro
                  GROUP GRHydro_AtmosphereMaskBoundaries: Apply boundary conditions to primitives
                    GRHydro::GRHydro_SelectAtmosphereMaskBoundaries: [level] Select atmosphere mask for boundary conditions
                    GROUP GRHydro_ApplyAtmosphereMaskBCs: Apply boundary conditions to real-valued atmosphere mask
                      GROUP BoundaryConditions: Execute all boundary conditions
                        Boundary::Boundary_ApplyPhysicalBCs: Apply all requested local physical boundary conditions
                        CartGrid3D::CartGrid3D_ApplyBC: Apply symmetry boundary conditions
                      Boundary::Boundary_ClearSelection: [level] Unselect all grid variables for boundary conditions
                  GRHydro::GRHydroPostSyncAtmosphereMask: Set integer atmosphere mask from synchronized real atmosphere mask
                  if (GRHydro::InLastMoLPostStep)
                    GRHydro::GRHydro_AtmosphereResetM: Reset the atmosphere - MHD version
                  GRHydro::GRHydro_CalcBcom: Compute comoving magnetic field, pressure, etc...
                  GROUP HydroBase_Boundaries: HydroBase-internal Boundary conditions group
                    GROUP Do_GRHydro_Boundaries: GRHydro Boundary conditions group
                    GROUP HydroBase_Select_Boundaries: Group to schedule the boundary condition functions
                      if (GRHydro::execute_MoL_PostStep)
                        GRHydro::GRHydro_Bound: [level] Select GRHydro boundary conditions
                    GROUP HydroBase_ApplyBCs: Apply the boundary conditions of HydroBase
                      GROUP BoundaryConditions: Execute all boundary conditions
                        Boundary::Boundary_ApplyPhysicalBCs: Apply all requested local physical boundary conditions
                        CartGrid3D::CartGrid3D_ApplyBC: Apply symmetry boundary conditions
                      Boundary::Boundary_ClearSelection: [level] Unselect all grid variables for boundary conditions
                  GROUP HydroBase_Con2Prim: Convert from conservative to primitive variables
                    if (GRHydro::execute_MoL_Step)
                      GRHydro::GRHydro_SqrtSpatialDeterminant: Calculate sdetg
                    if (GRHydro::execute_MoL_PostStep)
                      GRHydro::Con2Prim: Convert back to primitive variables (general) - MHD version
              GRHydro::GRHydro_ClearLastMoLPostStep: [level] Reset InLastMoLPostStep to zero
              MoL::MoL_ResetDeltaTime: [level] If necessary, change the timestep
          end while
          MoL::MoL_FinishLoop: [level] Control the step size
          MoL::MoL_RestoreSandR: Restoring the Save and Restore variables to the original state
          MoL::MoL_FreeScratchSpace: [level] Free storage for scratch levels
      end while
      GRHydro::sync_GRHydro_C2P_failed: Syncronise the mask function that contains the points where C2P has failed
      GROUP MoL_PseudoEvolution: Calculate pseudo-evolved quantities
        GROUP ADMBase_SetADMVars: Set the ADM variables before this group, and use them afterwards
        GROUP GRHydroAnalysis: Calculate analysis quantities
          GRHydro::GRHydro_CalcDivB: Calculate divB
          GROUP GRHydro_ApplyDivBBCs: Apply boundary conditions to divB
            GROUP BoundaryConditions: Execute all boundary conditions
              Boundary::Boundary_ApplyPhysicalBCs: Apply all requested local physical boundary conditions
              CartGrid3D::CartGrid3D_ApplyBC: Apply symmetry boundary conditions
            Boundary::Boundary_ClearSelection: [level] Unselect all grid variables for boundary conditions
    Evolve finer grids recursively
    Restrict from finer grids
    [CCTK_POSTRESTRICT]
      GROUP MoL_PostStep: Ensure that everything is correct after restriction
        ADMBase::ADMBase_Boundaries: [level] Select ADMBase boundary conditions - may be required for mesh refinement
        GROUP ADMBase_ApplyBCs: Apply the boundary conditions of ADMBase
          GROUP BoundaryConditions: Execute all boundary conditions
            Boundary::Boundary_ApplyPhysicalBCs: Apply all requested local physical boundary conditions
            CartGrid3D::CartGrid3D_ApplyBC: Apply symmetry boundary conditions
          Boundary::Boundary_ClearSelection: [level] Unselect all grid variables for boundary conditions
        GROUP ADMBase_SetADMVars: Set the ADM variables before this group, and use them afterwards
        GRHydro::GRHydro_RefinementLevel: Calculate current refinement level
        GRHydro::GRHydro_SetLastMoLPostStep: [level] Set grid scalar InLastMoLPostStep if this is the last MoL PostStep call
        GROUP HydroBase_PostStep: Post step tasks for hydro thorns
          GROUP GRHydro_PostStep: Post step tasks for GRHydro
          GROUP GRHydro_AtmosphereMaskBoundaries: Apply boundary conditions to primitives
            GRHydro::GRHydro_SelectAtmosphereMaskBoundaries: [level] Select atmosphere mask for boundary conditions
            GROUP GRHydro_ApplyAtmosphereMaskBCs: Apply boundary conditions to real-valued atmosphere mask
              GROUP BoundaryConditions: Execute all boundary conditions
                Boundary::Boundary_ApplyPhysicalBCs: Apply all requested local physical boundary conditions
                CartGrid3D::CartGrid3D_ApplyBC: Apply symmetry boundary conditions
              Boundary::Boundary_ClearSelection: [level] Unselect all grid variables for boundary conditions
          GRHydro::GRHydroPostSyncAtmosphereMask: Set integer atmosphere mask from synchronized real atmosphere mask
          if (GRHydro::InLastMoLPostStep)
            GRHydro::GRHydro_AtmosphereResetM: Reset the atmosphere - MHD version
          GRHydro::GRHydro_CalcBcom: Compute comoving magnetic field, pressure, etc...
          GROUP HydroBase_Boundaries: HydroBase-internal Boundary conditions group
            GROUP Do_GRHydro_Boundaries: GRHydro Boundary conditions group
            GROUP HydroBase_Select_Boundaries: Group to schedule the boundary condition functions
              if (GRHydro::execute_MoL_PostStep)
                GRHydro::GRHydro_Bound: [level] Select GRHydro boundary conditions
            GROUP HydroBase_ApplyBCs: Apply the boundary conditions of HydroBase
              GROUP BoundaryConditions: Execute all boundary conditions
                Boundary::Boundary_ApplyPhysicalBCs: Apply all requested local physical boundary conditions
                CartGrid3D::CartGrid3D_ApplyBC: Apply symmetry boundary conditions
              Boundary::Boundary_ClearSelection: [level] Unselect all grid variables for boundary conditions
          GROUP HydroBase_Con2Prim: Convert from conservative to primitive variables
            if (GRHydro::execute_MoL_Step)
              GRHydro::GRHydro_SqrtSpatialDeterminant: Calculate sdetg
            if (GRHydro::execute_MoL_PostStep)
              GRHydro::Con2Prim: Convert back to primitive variables (general) - MHD version
      GROUP MoL_PseudoEvolutionBoundaries: Apply boundary conditions to pseudo-evolved quantities
    [CCTK_POSTSTEP]
      GRHydro::GRHydro_RefinementLevel: Calculate current refinement level (for the check of the C2P mask)
      GRHydro::check_GRHydro_C2P_failed: Check the mask function that contains the points where C2P has failed and report an error in case a failure is found
      GROUP HydroBase_ExcisionHasBeenSet: Group to schedule thorns changing the mask before and thorns using the mask after
      GROUP zzz_NaNChecker_NaNCheck: Check for NaNs and count them in NaNChecker::NaNsFound
        NaNChecker::NaNChecker_NaNCheck_Prepare: [level] Prepare data structures to check for NaNs
        NaNChecker::NaNChecker_NaNCheck_Check: [local] Check for NaNs
        NaNChecker::NaNChecker_NaNCheck_Finish: [level] Count NaNs in NaNChecker::NaNsFound
      NaNChecker::NaNChecker_TakeAction: [global] [loop-level] Output NaNChecker::NaNmask and take action according to NaNChecker::action_if_found
      SpaceMask::CheckMask: Ensure that all mask values are legal
    if (checkpoint)
      [CCTK_CHECKPOINT]
      CarpetIOHDF5::CarpetIOHDF5_EvolutionCheckpoint: [meta] Evolution checkpoint routine
      TimerReport::zzz_TimerReport_Checkpoint: [global] Print the timer report
    endif
    if (analysis)
      [CCTK_ANALYSIS]
      CarpetLib::CarpetLib_printtimestats: [global] Print timing statistics if desired
      CarpetLib::CarpetLib_printmemstats: [global] Print memory statistics if desired
      LoopControl::LC_statistics_analysis: [meta] Output LoopControl statistics
      SystemStatistics::SystemStatistics_Collect: [global] Collect system statistics
      TerminationTrigger::TerminationTrigger_CheckWalltime: Check elapsed job walltime
      TerminationTrigger::TerminationTrigger_CheckSignal: Check if we received a termination signal
      TerminationTrigger::TerminationTrigger_CheckFile: Check termination file
      TimerReport::zzz_TimerReport_Output: [global] Print the timer report
    endif
    Output grid variables
    enddo

  Termination routines
    [CCTK_TERMINATE]
      CarpetIOHDF5::CarpetIOHDF5_TerminationCheckpoint: [meta] Termination checkpoint routine
      LoopControl::LC_statistics_terminate: [meta] Output LoopControl statistics
      MoL::MoL_FreeIndexArrays: Free the MoL bookkeeping index arrays
      TimerReport::zzz_TimerReport_Output: [global] Print the timer report

  Shutdown routines
    [CCTK_SHUTDOWN]
      Timers::Timer_Shutdown: Prepare hierarchical timers

  Routines run after changing the grid hierarchy:
    [CCTK_POSTREGRID]
      CartGrid3D::SpatialCoordinates: Set Coordinates after regridding
      GROUP MaskBase_SetupMask: Set up the weight function
        GROUP MaskBase_SetupMaskAll: Set up the weight function
          CarpetReduce::MaskBase_AllocateMask: [global] Allocate the weight function
          CarpetReduce::MaskBase_InitMask: [global] [loop-local] Initialise the weight function
          GROUP SetupIMaskInternal: Set up the integer weight function (schedule other routines in here)
            CarpetReduce::CoordBase_SetupMask: [global] [loop-local] Set up the outer boundaries of the weight function
            CarpetReduce::CarpetMaskSetup: [global] [loop-singlemap] Set up the weight function for the restriction regions
          GROUP SetupIMask: Set up the integer weight function (schedule other routines in here)
          CarpetReduce::MaskBase_SetMask: [global] [loop-local] Set the weight function
          GROUP SetupMask: Set up the real weight function (schedule other routines in here)
          CarpetReduce::MaskBase_TestMask: [global] Test the weight function
      SpaceMask::MaskZero: Initialise mask to zero
      GROUP HydroBase_ExcisionMaskSetup: Set up hydro excision mask
        HydroBase::HydroBase_InitExcisionMask: Initialize hydro excision mask to 'no excision everywhere'
      SpaceMask::MaskOne: Set mask to one
      GRHydro::GRHydro_SetupMask: Initialize the atmosphere mask
      GROUP MoL_PostStep: Ensure that everything is correct after regridding
        ADMBase::ADMBase_Boundaries: [level] Select ADMBase boundary conditions - may be required for mesh refinement
        GROUP ADMBase_ApplyBCs: Apply the boundary conditions of ADMBase
          GROUP BoundaryConditions: Execute all boundary conditions
            Boundary::Boundary_ApplyPhysicalBCs: Apply all requested local physical boundary conditions
            CartGrid3D::CartGrid3D_ApplyBC: Apply symmetry boundary conditions
          Boundary::Boundary_ClearSelection: [level] Unselect all grid variables for boundary conditions
        GROUP ADMBase_SetADMVars: Set the ADM variables before this group, and use them afterwards
        GRHydro::GRHydro_RefinementLevel: Calculate current refinement level
        GRHydro::GRHydro_SetLastMoLPostStep: [level] Set grid scalar InLastMoLPostStep if this is the last MoL PostStep call
        GROUP HydroBase_PostStep: Post step tasks for hydro thorns
          GROUP GRHydro_PostStep: Post step tasks for GRHydro
          GROUP GRHydro_AtmosphereMaskBoundaries: Apply boundary conditions to primitives
            GRHydro::GRHydro_SelectAtmosphereMaskBoundaries: [level] Select atmosphere mask for boundary conditions
            GROUP GRHydro_ApplyAtmosphereMaskBCs: Apply boundary conditions to real-valued atmosphere mask
              GROUP BoundaryConditions: Execute all boundary conditions
                Boundary::Boundary_ApplyPhysicalBCs: Apply all requested local physical boundary conditions
                CartGrid3D::CartGrid3D_ApplyBC: Apply symmetry boundary conditions
              Boundary::Boundary_ClearSelection: [level] Unselect all grid variables for boundary conditions
          GRHydro::GRHydroPostSyncAtmosphereMask: Set integer atmosphere mask from synchronized real atmosphere mask
          if (GRHydro::InLastMoLPostStep)
            GRHydro::GRHydro_AtmosphereResetM: Reset the atmosphere - MHD version
          GRHydro::GRHydro_CalcBcom: Compute comoving magnetic field, pressure, etc...
          GROUP HydroBase_Boundaries: HydroBase-internal Boundary conditions group
            GROUP Do_GRHydro_Boundaries: GRHydro Boundary conditions group
            GROUP HydroBase_Select_Boundaries: Group to schedule the boundary condition functions
              if (GRHydro::execute_MoL_PostStep)
                GRHydro::GRHydro_Bound: [level] Select GRHydro boundary conditions
            GROUP HydroBase_ApplyBCs: Apply the boundary conditions of HydroBase
              GROUP BoundaryConditions: Execute all boundary conditions
                Boundary::Boundary_ApplyPhysicalBCs: Apply all requested local physical boundary conditions
                CartGrid3D::CartGrid3D_ApplyBC: Apply symmetry boundary conditions
              Boundary::Boundary_ClearSelection: [level] Unselect all grid variables for boundary conditions
          GROUP HydroBase_Con2Prim: Convert from conservative to primitive variables
            if (GRHydro::execute_MoL_Step)
              GRHydro::GRHydro_SqrtSpatialDeterminant: Calculate sdetg
            if (GRHydro::execute_MoL_PostStep)
              GRHydro::Con2Prim: Convert back to primitive variables (general) - MHD version
      GROUP MoL_PseudoEvolutionBoundaries: Apply boundary conditions to pseudo-evolved quantities
--------------------------------------------------------------------------------
INFO (Carpet): Multi-Model listing:
   model 0: "world"
INFO (Carpet): Multi-Model process distribution:
   processes 0-1: model 0 "world"
INFO (Carpet): Multi-Model: This is process 0, model 0 "world"
INFO (CarpetLib): Process startup time was 1.23 seconds
Current core file size limit: hard=[unlimited], soft=0 MB
Current addres space size limit: hard=[unlimited], soft=[unlimited]
Current data segment size limit: hard=[unlimited], soft=[unlimited]
Current resident set size limit: hard=[unlimited], soft=[unlimited]
INFO (CycleClock): Measuring CycleClock tick via OpenMP...
INFO (CycleClock): Calibrated CycleClock: 0.408912 ns per clock tick (2.44552 GHz)
INFO (Vectors): Using vector size 2 for architecture SSE2 (64-bit precision)
INFO (hwloc): library version 2.10.0, API version 0x20800
--------------------------------------------------------------------------------
AMR driver provided by Carpet
--------------------------------------------------------------------------------
AMR scalar I/O provided by CarpetIOScalar
--------------------------------------------------------------------------------
GRHydro: relativistic hydrodynamics, no ice.
--------------------------------------------------------------------------------
HydroBase: Let it flow.
--------------------------------------------------------------------------------
AMR 0D ASCII I/O provided by CarpetIOASCII
--------------------------------------------------------------------------------
AMR 1D ASCII I/O provided by CarpetIOASCII
--------------------------------------------------------------------------------
AMR 2D ASCII I/O provided by CarpetIOASCII
--------------------------------------------------------------------------------
AMR 3D ASCII I/O provided by CarpetIOASCII
--------------------------------------------------------------------------------
AMR info I/O provided by CarpetIOBasic
--------------------------------------------------------------------------------
MoL: Generalized time integration.
--------------------------------------------------------------------------------
AMR HDF5 I/O provided by CarpetIOHDF5
--------------------------------------------------------------------------------
AMR 0D HDF5 I/O provided by CarpetIOHDF5
--------------------------------------------------------------------------------
AMR 1D HDF5 I/O provided by CarpetIOHDF5
--------------------------------------------------------------------------------
AMR 2D HDF5 I/O provided by CarpetIOHDF5
--------------------------------------------------------------------------------
AMR 3D HDF5 I/O provided by CarpetIOHDF5
--------------------------------------------------------------------------------

INFO (Carpet): MPI is enabled
INFO (Carpet): Carpet is running on 2 processes
INFO (Carpet): This is process 0
INFO (Carpet): OpenMP is enabled
INFO (Carpet): This process contains 1 threads, this is thread 0
INFO (Carpet): There are 2 threads in total
INFO (Carpet): There are 1 threads per process
INFO (Carpet): This process runs on host runnervmrw5os, pid=178554
INFO (Carpet): This process runs on 2 cores: 0-1
INFO (Carpet): Thread 0 runs on 2 cores: 0-1
INFO (Carpet): This simulation is running in 3 dimensions
INFO (Carpet): Boundary specification for map 0:
   nboundaryzones: [[1,1,1],[1,1,1]]
   is_internal   : [[0,0,0],[0,0,0]]
   is_staggered  : [[0,0,0],[0,0,0]]
   shiftout      : [[0,0,0],[0,0,0]]
INFO (Carpet): CoordBase domain specification for map 0:
   physical extent: [-0.5,-0.0025,-0.0025] : [0.5,0.0025,0.0025]   ([1,0.005,0.005])
   interior extent: [-0.45,-0.001875,-0.001875] : [0.45,0.001875,0.001875]   ([0.9,0.00375,0.00375])
   exterior extent: [-0.5,-0.0025,-0.0025] : [0.5,0.0025,0.0025]   ([1,0.005,0.005])
   base_spacing   : [0.05,0.000625,0.000625]
INFO (Carpet): Adapted domain specification for map 0:
   convergence factor: 2
   convergence level : 0
   physical extent   : [-0.5,-0.0025,-0.0025] : [0.5,0.0025,0.0025]   ([1,0.005,0.005])
   interior extent   : [-0.45,-0.001875,-0.001875] : [0.45,0.001875,0.001875]   ([0.9,0.00375,0.00375])
   exterior extent   : [-0.5,-0.0025,-0.0025] : [0.5,0.0025,0.0025]   ([1,0.005,0.005])
   spacing           : [0.05,0.000625,0.000625]
INFO (Carpet): Base grid specification for map 0:
   number of grid points             : [21,9,9]
   number of coarse grid ghost points: [[3,3,3],[3,3,3]]
INFO (Carpet): Buffer zone counts (excluding ghosts):
   [0]: [[0,0,0],[0,0,0]]
INFO (Carpet): Overlap zone counts:
   [0]: [[0,0,0],[0,0,0]]
INFO (Carpet): Group and variable statistics:
INFO (Carpet):    There are 607 grid functions in 108 groups
INFO (Carpet):    There are 131 grid scalars in 56 groups
INFO (Carpet):    There are 60 1-dimensional grid arrays in 10 groups
INFO (Carpet):    There are 1 2-dimensional grid arrays in 1 groups
INFO (Carpet):    There are 0 3-dimensional grid arrays in 0 groups
INFO (Carpet):    (The number of variables counts all time levels)
INFO (CarpetIOASCII): I/O Method 'IOASCII_0D' registered: 0D AMR output of grid variables to ASCII files
INFO (CarpetIOASCII): Periodic 0D AMR output requested for:
   CARPET::physical_time_per_hour
   CARPET::current_physical_time_per_hour
   CARPET::time_total
   CARPET::time_evolution
   CARPET::time_computing
   CARPET::time_communicating
   CARPET::time_io
   CARPET::evolution_steps_count
   CARPET::local_grid_points_per_second
   CARPET::total_grid_points_per_second
   CARPET::local_grid_point_updates_count
   CARPET::total_grid_point_updates_count
   CARPET::local_interior_points_per_second
   CARPET::total_interior_points_per_second
   CARPET::local_interior_point_updates_count
   CARPET::total_interior_point_updates_count
   CARPET::io_per_second
   CARPET::io_bytes_per_second
   CARPET::io_bytes_ascii_per_second
   CARPET::io_bytes_binary_per_second
   CARPET::io_count
   CARPET::io_bytes_count
   CARPET::io_bytes_ascii_count
   CARPET::io_bytes_binary_count
   CARPET::comm_per_second
   CARPET::comm_bytes_per_second
   CARPET::comm_count
   CARPET::comm_bytes_count
   CARPET::time_levels
   CARPET::current_walltime
   CARPET::syncs_count
INFO (CarpetIOASCII): I/O Method 'IOASCII_1D' registered: 1D AMR output of grid variables to ASCII files
INFO (CarpetIOASCII): Periodic 1D AMR output requested for:
   GRHYDRO::divB
   HYDROBASE::rho
   HYDROBASE::press
   HYDROBASE::eps
   HYDROBASE::vel[0]
   HYDROBASE::vel[1]
   HYDROBASE::vel[2]
   HYDROBASE::w_lorentz
   HYDROBASE::Bvec[0]
   HYDROBASE::Bvec[1]
   HYDROBASE::Bvec[2]
INFO (CarpetIOASCII): I/O Method 'IOASCII_2D' registered: 2D AMR output of grid variables to ASCII files
INFO (CarpetIOASCII): I/O Method 'IOASCII_3D' registered: 3D AMR output of grid variables to ASCII files
INFO (CarpetIOHDF5): I/O Method 'IOHDF5' registered: AMR output of grid variables to HDF5 files
INFO (CarpetIOHDF5): I/O Method 'IOHDF5_0D' registered: 0D AMR output of grid variables to HDF5 files
INFO (CarpetIOHDF5): I/O Method 'IOHDF5_1D' registered: 1D AMR output of grid variables to HDF5 files
INFO (CarpetIOHDF5): I/O Method 'IOHDF5_2D' registered: 2D AMR output of grid variables to HDF5 files
INFO (CarpetIOHDF5): Periodic 2D AMR output requested for:
   GRHYDRO::dens
   GRHYDRO::tau
   GRHYDRO::scon[0]
   GRHYDRO::scon[1]
   GRHYDRO::scon[2]
   GRHYDRO::Bcons[0]
   GRHYDRO::Bcons[1]
   GRHYDRO::Bcons[2]
   GRHYDRO::psidc
   GRHYDRO::divB
   GRHYDRO::bcom[0]
   GRHYDRO::bcom[1]
   GRHYDRO::bcom[2]
   GRHYDRO::bcom0
   GRHYDRO::bcom_sq
   HYDROBASE::rho
   HYDROBASE::press
   HYDROBASE::eps
   HYDROBASE::vel[0]
   HYDROBASE::vel[1]
   HYDROBASE::vel[2]
   HYDROBASE::w_lorentz
   HYDROBASE::Bvec[0]
   HYDROBASE::Bvec[1]
   HYDROBASE::Bvec[2]
INFO (CarpetIOHDF5): I/O Method 'IOHDF5_3D' registered: 3D AMR output of grid variables to HDF5 files
INFO (CarpetIOHDF5): Periodic 3D AMR output requested for:
   GRHYDRO::divB
   GRHYDRO::bcom[0]
   GRHYDRO::bcom[1]
   GRHYDRO::bcom[2]
   GRHYDRO::bcom0
   GRHYDRO::bcom_sq
   HYDROBASE::rho
   HYDROBASE::press
   HYDROBASE::eps
   HYDROBASE::vel[0]
   HYDROBASE::vel[1]
   HYDROBASE::vel[2]
   HYDROBASE::w_lorentz
   HYDROBASE::Bvec[0]
   HYDROBASE::Bvec[1]
   HYDROBASE::Bvec[2]
INFO (MoL): Using Runge-Kutta 2 as the time integrator.
INFO (MoL): The maximum number of evolved variables is 439. 8 are registered.
INFO (MoL): The maximum number of slow evolved variables is 439. 0 are registered.
INFO (MoL): The maximum number of constrained variables is 439. 10 are registered.
INFO (MoL): The maximum number of SandR variables is 439. 16 are registered.
INFO (MoL): The maximum number of evolved array variables is 439. 0 are registered.
INFO (MoL): The maximum number of constrained array variables is 439. 0 are registered.
INFO (MoL): The maximum number of SandR array variables is 439. 0 are registered.
INFO (MoL): The maximum size of any array variables is 0.
INFO (Vectors): Testing vectorisation... [errors may result in segfaults]
INFO (Vectors): 375/375 tests passed 
INFO (CartGrid3D): Grid Spacings:
INFO (CartGrid3D): dx=>5.0000000e-02  dy=>6.2500000e-04  dz=>6.2500000e-04
INFO (CartGrid3D): Computational Coordinates:
INFO (CartGrid3D): x=>[-0.500, 0.500]  y=>[-0.003, 0.003]  z=>[-0.003, 0.003]
INFO (CartGrid3D): Indices of Physical Coordinates:
INFO (CartGrid3D): x=>[0,20]  y=>[0,8]  z=>[0,8]
INFO (TerminationTrigger): Reminding you every 60 minutes about remaining walltime
INFO (Time): Timestep set to 0.0005 (courant_static)
INFO (GRHydro): Trying to get EOS handles
INFO (GRHydro): Trying to get EOS handles
INFO (GRHydro): GRHydro will use the Ideal_Fluid equation of state.
INFO (GRHydro): Setting up the atmosphere mask: all points are not_atmosphere
      GRHydro_InitialAtmosphereReset
Memory statistics from CarpetLib:
   Current number of objects: 206
   Current allocated memory:  0.919 MB
   Maximum number of objects: 208
   Maximum allocated memory:  0.932 MB
   Current administrative memory: 0.756 MB
   Total allocated used system memory: 13.5 MB
   Total allocated free system memory: 0.314 MB
   gh::allmemory:    51184
   dh::allmemory:    598608
   th::allmemory:    13920
   ggf::allmemory:   78024
   gdata::allmemory: 14048
-------------------------------------------------------------------------------------------
Iteration      Time | *me_per_hour | *RO::bcom_sq | *ROBASE::rho | *BASE::press | *axrss_mb
                    |              |      maximum |      maximum |      maximum |   maximum
-------------------------------------------------------------------------------------------
        0     0.000 |    0.0000000 |    3.8703000 |    1.0800000 |    1.0000000 |        59
---------------------------------------------------------------------------------------------------------------------------------------------------------
Time      Time   Imblnc   Timer                                               gettimeof  getrusage      cycle  cycle[avg  cycle[sdv  cycle[min  cycle[max
percent   secs   percent                                                           secs       secs       secs       secs       secs       secs       secs
---------------------------------------------------------------------------------------------------------------------------------------------------------
  99.9%      0.0    0.1%  Initialise                                             0.0117   0.005563   2.86e+07   2.86e+07          0   2.86e+07   2.86e+07
  20.1%      0.0    1.3%  |_CallAnalysis                                        0.00239   0.001392  5.845e+06  5.845e+06          0  5.845e+06  5.845e+06
   5.9%      0.0    3.6%  | |_CCTK_ANALYSIS                                    0.000723   0.000478  1.769e+06  1.769e+06          0  1.769e+06  1.769e+06
   5.4%      0.0    5.7%  | | |_CallFunction                                   0.000669   0.000449  1.639e+06  2.048e+05  6.803e+05  4.153e+04  7.918e+05
   3.9%      0.0    7.4%  | | | |_thorns                                       0.000497   0.000367  1.218e+06  1.522e+05   7.05e+05  1.355e+04  7.597e+05
   2.4%      0.0    8.0%  | | | | |_CarpetLib_printmemstats                    0.000305   0.000306   7.48e+05   7.48e+05          0   7.48e+05   7.48e+05
   1.0%      0.0    6.5%  | | | | |_SystemStatistics_Collect                   0.000124    3.6e-05  3.043e+05  3.043e+05          0  3.043e+05  3.043e+05
   1.5%      0.0          | | | |_untimed
  12.8%      0.0    0.1%  | |_OutputGH                                           0.0015   0.000813  3.668e+06  3.668e+06          0  3.668e+06  3.668e+06
  12.7%      0.0    0.3%  | | |_OutputGH                                       0.001495   0.000812  3.656e+06  3.656e+06          0  3.656e+06  3.656e+06
   8.5%      0.0    1.4%  | | | |_IOASCII::IOASCII_1D [2]                      0.000988   0.000393  2.414e+06  2.414e+06          0  2.414e+06  2.414e+06
   8.5%      0.0    1.4%  | | | | |_OutputGH<1>                                 0.00098   0.000391  2.399e+06  2.399e+06          0  2.399e+06  2.399e+06
   2.1%      0.0    8.6%  | | | |_IOBasic::CarpetIOBasic [5]                   0.000263   0.000247  6.433e+05  6.433e+05          0  6.433e+05  6.433e+05
   2.0%      0.0    8.7%  | | | | |_OutputGH                                   0.000258   0.000242  6.309e+05  6.309e+05          0  6.309e+05  6.309e+05
  41.5%      0.0    0.4%  |_CallInitial                                        0.004886   0.002125  1.195e+07  1.195e+07          0  1.195e+07  1.195e+07
   9.9%      0.0    4.2%  | |_CCTK_BASEGRID                                    0.001213          0  2.966e+06  2.966e+06          0  2.966e+06  2.966e+06
   8.7%      0.0    5.0%  | | |_CallFunction                                   0.001078          0  2.634e+06  1.097e+05   2.61e+05  3.731e+04   2.17e+05
   4.0%      0.0    8.3%  | | | |_thorns                                       0.000515          0  1.261e+06  5.255e+04  2.194e+05  1.188e+04  1.627e+05
   4.7%      0.0          | | | |_untimed
   1.2%      0.0          | | |_untimed
   9.6%      0.0    0.5%  | |_CCTK_INITIAL                                     0.001133   0.000424   2.77e+06   2.77e+06          0   2.77e+06   2.77e+06
   8.6%      0.0    0.6%  | | |_CallFunction                                   0.001011   0.000394  2.471e+06  1.301e+05  7.292e+05  1.757e+04  8.119e+05
   5.3%      0.0    0.3%  | | | |_thorns                                       0.000629   0.000301  1.543e+06  8.123e+04   7.13e+05   1.24e+04  7.566e+05
   2.5%      0.0    2.1%  | | | | |_GRHydro_shocktubeM                         0.000305    0.00017  7.459e+05  7.459e+05          0  7.459e+05  7.459e+05
   3.2%      0.0          | | | |_untimed
   1.0%      0.0          | | |_untimed
  15.0%      0.0    2.3%  | |_CCTK_POSTINITIAL                                 0.001716   0.001682  4.196e+06  4.196e+06          0  4.196e+06  4.196e+06
  13.7%      0.0    2.5%  | | |_CallFunction                                    0.00157   0.001542  3.844e+06  1.538e+05  8.315e+05  1.144e+04   6.84e+05
   4.0%      0.0   13.7%  | | | |_syncs                                        0.000399   0.000387  9.744e+05  3.248e+05  1.955e+05  1.819e+05  4.578e+05
   3.9%      0.0   14.3%  | | | | |_Sync                                       0.000377   0.000366  9.241e+05   3.08e+05  1.861e+05  1.708e+05  4.333e+05
   1.1%      0.0   42.1%  | | | | | |_comm_state[6].state_do_some_work.step     3.6e-05    3.4e-05  8.844e+04  2.948e+04  2.782e+04  1.017e+04  4.949e+04
   6.3%      0.0    3.6%  | | | |_thorns                                       0.000767   0.000758  1.877e+06  7.508e+04  6.519e+05       6615  6.264e+05
   1.7%      0.0    2.2%  | | | | |_Boundary_ApplyPhysicalBCs                    0.0002   0.000197  4.927e+05  1.232e+05   2.42e+05  2.497e+04   3.23e+05
   2.0%      0.0    6.4%  | | | | |_Con2Prim                                   0.000251   0.000251  6.141e+05  6.141e+05          0  6.141e+05  6.141e+05
   3.4%      0.0          | | | |_untimed
   1.2%      0.0          | | |_untimed
   5.6%      0.0    1.1%  | |_Poison                                           0.000665          0  1.628e+06  1.628e+06          0  1.628e+06  1.628e+06
  10.2%      0.0    1.6%  |_CallPostInitial                                    0.001181   0.001181  2.889e+06  2.889e+06          0  2.889e+06  2.889e+06
   4.9%      0.0    2.4%  | |_CCTK_POSTPOSTINITIAL                             0.000563   0.000563  1.375e+06  1.375e+06          0  1.375e+06  1.375e+06
   4.5%      0.0    2.7%  | | |_CallFunction                                   0.000517   0.000518  1.265e+06  3.163e+05  3.801e+05  1.654e+05  6.415e+05
   3.6%      0.0    2.9%  | | | |_thorns                                       0.000409   0.000409  1.003e+06  2.507e+05  3.879e+05  8.279e+04  5.802e+05
   1.9%      0.0    3.7%  | | | | |_Con2Prim                                   0.000232   0.000232  5.675e+05  5.675e+05          0  5.675e+05  5.675e+05
   0.8%      0.0   19.5%  | | | | |_GRHydro_Rho_Minima_Setup_Final              7.2e-05    7.2e-05  1.768e+05  1.768e+05          0  1.768e+05  1.768e+05
   4.9%      0.0    0.8%  | |_CCTK_POSTSTEP                                    0.000574   0.000574  1.403e+06  1.403e+06          0  1.403e+06  1.403e+06
   4.5%      0.0    0.8%  | | |_CallFunction                                   0.000527   0.000528  1.288e+06   1.84e+05  7.652e+05  2.014e+04   8.89e+05
   3.5%      0.0    1.9%  | | | |_thorns                                       0.000407   0.000406  9.977e+05  1.425e+05  7.452e+05   1.46e+04  8.318e+05
   2.7%      0.0    6.3%  | | | | |_NaNChecker_NaNCheck_Check                  0.000335   0.000335  8.204e+05  8.204e+05          0  8.204e+05  8.204e+05
  10.3%      0.0    1.6%  |_CallSetup                                          0.001193          0  2.919e+06  2.919e+06          0  2.919e+06  2.919e+06
   2.3%      0.0    2.7%  | |_CCTK_PARAMCHECK                                  0.000262          0  6.401e+05  6.401e+05          0  6.401e+05  6.401e+05
   1.7%      0.0    1.0%  | | |_CallFunction                                   0.000195          0  4.802e+05  4.001e+04  1.396e+05  1.588e+04  1.657e+05
   1.4%      0.0    0.6%  | | | |_thorns                                       0.000168          0  4.107e+05  3.423e+04  1.399e+05   1.09e+04  1.601e+05
   3.7%      0.0    4.2%  | |_CCTK_WRAGH                                       0.000454          0  1.111e+06  1.111e+06          0  1.111e+06  1.111e+06
   2.9%      0.0    2.0%  | | |_CallFunction                                   0.000348          0  8.515e+05  5.322e+04   1.67e+05  1.649e+04  1.346e+05
   1.9%      0.0    3.7%  | | | |_thorns                                       0.000232          0   5.65e+05  3.531e+04  1.177e+05  1.154e+04  1.288e+05
   1.0%      0.0          | | | |_untimed
   3.4%      0.0    0.1%  | |_Poison                                           0.000394          0  9.635e+05  9.635e+05          0  9.635e+05  9.635e+05
   1.9%      0.0    0.9%  |_CarpetLib::ggf::recompose_allocate                 0.000226   0.000112  5.696e+05       2699  1.371e+04       2425  1.409e+04
   2.1%      0.0    6.5%  |_CarpetLib::ggf::recompose_crop                     0.000233   0.000113  5.167e+05       2449       9508       2254       7252
   1.7%      0.0    4.3%  |_dh::recompose_free_old                             0.000209     0.0001  4.633e+05       2196       1672       2107       3381
  11.9%      0.0          | untimed
---------------------------------------------------------------------------------------------------------------------------------------------------------
---------------------------------------------------------------------------------------------------------------------------------------------------------
Time      Time   Imblnc   Timer                                               gettimeof  getrusage      cycle  cycle[avg  cycle[sdv  cycle[min  cycle[max
percent   secs   percent                                                           secs       secs       secs       secs       secs       secs       secs
---------------------------------------------------------------------------------------------------------------------------------------------------------
 100.0%      0.1    0.0%  meta mode                                             0.05863    0.04864  1.434e+08  4.779e+07   1.17e+08  1.203e+04  1.433e+08
  25.9%      0.0    0.1%  |_meta mode                                           0.01516   0.008049  3.707e+07  1.236e+07  3.024e+07  1.066e+04  3.705e+07
  15.8%      0.0    0.3%  | |_global mode                                      0.009272   0.004588  2.267e+07   1.89e+06  9.583e+06   5.03e+04  9.995e+06
  13.1%      0.0    0.1%  | | |_level(0)                                        0.00767   0.004018  1.876e+07  4.078e+05  5.814e+06       4018  4.119e+06
   1.4%      0.0    3.4%  | | | |_enter_local_mode                             0.000878   0.000306  2.176e+06   1.46e+04   1.27e+05       2033  5.182e+04
  10.1%      0.0          | | | |_untimed
   2.4%      0.0          | | |_untimed
   9.6%      0.0          | |_untimed
  74.1%      0.0          | untimed
---------------------------------------------------------------------------------------------------------------------------------------------------------
        1     0.001 |  218.8459389 |    3.8745549 |    1.0955314 |    1.0248340 |        61
        2     0.001 |  229.5628187 |    3.8784208 |    1.1101670 |    1.0484846 |        61
        3     0.002 |  234.4981840 |    3.8956812 |    1.1240263 |    1.0809232 |        61
        4     0.002 |  237.6937332 |    3.9134029 |    1.1372026 |    1.1210392 |        61
        5     0.003 |  238.6124993 |    3.9303772 |    1.1497598 |    1.1595877 |        61
        6     0.003 |  239.7709301 |    3.9466902 |    1.1617595 |    1.1966735 |        61
        7     0.004 |  240.6743224 |    3.9623767 |    1.1732652 |    1.2324359 |        61
        8     0.004 |  241.3602046 |    3.9774102 |    1.1843319 |    1.2669961 |        61
        9     0.005 |  241.7517889 |    3.9919024 |    1.1950089 |    1.3004486 |        61
       10     0.005 |  242.1995406 |    4.0059107 |    1.2053379 |    1.3328762 |        61
INFO (TimerReport): Timer Report before terminating at iteration 10 time 0.005
==================================================================================================================================================================================================
Thorn           | Scheduled routine in time bin           | gettimeofday [secs] | getrusage [secs] | cycle [secs] | cycle[avg] [secs] | cycle[sdv] [secs] | cycle[min] [secs] | cycle[max] [secs] 
==================================================================================================================================================================================================
Carpet          | Multi-model Startup routine             |          0.00026300 |       0.00026300 |   0.00000000 |        0.00000000 |        0.00000000 |        0.00000000 |        0.00000000 
CycleClock      | Set up CycleClock                       |          0.10004400 |       0.10002200 |   0.00000444 |        0.00000444 |        0.00000000 |        0.00000444 |        0.00000444 
LoopControl     | Set up LoopControl                      |          0.00000200 |       0.00000200 |   0.00000152 |        0.00000152 |        0.00000000 |        0.00000152 |        0.00000152 
Timers          | Prepare hierarchical timers             |          0.00000700 |       0.00000700 |   0.00000696 |        0.00000696 |        0.00000000 |        0.00000696 |        0.00000696 
Carpet          | Startup routine                         |          0.00000300 |       0.00000300 |   0.00000302 |        0.00000302 |        0.00000000 |        0.00000302 |        0.00000302 
IOUtil          | Startup routine                         |          0.00000300 |       0.00000300 |   0.00000258 |        0.00000258 |        0.00000000 |        0.00000258 |        0.00000258 
CarpetIOScalar  | Startup routine                         |          0.00001300 |       0.00001300 |   0.00001266 |        0.00001266 |        0.00000000 |        0.00001266 |        0.00001266 
CarpetInterp    | Startup routine                         |          0.00000100 |       0.00000100 |   0.00000087 |        0.00000087 |        0.00000000 |        0.00000087 |        0.00000087 
CarpetReduce    | Startup routine                         |          0.00001900 |       0.00001900 |   0.00001903 |        0.00001903 |        0.00000000 |        0.00001903 |        0.00001903 
CartGrid3D      | Register GH Extension for GridSymmetry  |          0.00000100 |       0.00000200 |   0.00000136 |        0.00000136 |        0.00000000 |        0.00000136 |        0.00000136 
CoordBase       | Register a GH extension to store the coo|          0.00000100 |       0.00000200 |   0.00000183 |        0.00000183 |        0.00000000 |        0.00000183 |        0.00000183 
AEILocalInterp  | register CCTK_InterpLocalUniform() inter|          0.00000400 |       0.00000400 |   0.00000361 |        0.00000361 |        0.00000000 |        0.00000361 |        0.00000361 
EOS_Omni        | Set up conversion factors and other fun |          0.00001600 |       0.00001700 |   0.00001664 |        0.00001664 |        0.00000000 |        0.00001664 |        0.00001664 
EOS_Polytrope   | Setup the polytropic EOS                |          0.00000200 |       0.00000200 |   0.00000205 |        0.00000205 |        0.00000000 |        0.00000205 |        0.00000205 
GRHydro         | Startup banner                          |          0.00001100 |       0.00001100 |   0.00001118 |        0.00001118 |        0.00000000 |        0.00001118 |        0.00001118 
GRHydro         | Register the hydro masks                |          0.00000700 |       0.00000700 |   0.00000736 |        0.00000736 |        0.00000000 |        0.00000736 |        0.00000736 
HydroBase       | Startup banner                          |          0.00000100 |       0.00000100 |   0.00000118 |        0.00000118 |        0.00000000 |        0.00000118 |        0.00000118 
CarpetIOASCII   | Startup routine                         |          0.00002600 |       0.00002600 |   0.00002642 |        0.00002642 |        0.00000000 |        0.00002642 |        0.00002642 
LocalInterp     | register LocalInterp's interpolation ope|          0.00000100 |       0.00000100 |   0.00000119 |        0.00000119 |        0.00000000 |        0.00000119 |        0.00000119 
LocalReduce     | Startup routine                         |          0.00001500 |       0.00001500 |   0.00001462 |        0.00001462 |        0.00000000 |        0.00001462 |        0.00001462 
CarpetIOBasic   | Startup routine                         |          0.00000200 |       0.00000300 |   0.00000269 |        0.00000269 |        0.00000000 |        0.00000269 |        0.00000269 
MoL             | Startup banner                          |          0.00000200 |       0.00000200 |   0.00000136 |        0.00000136 |        0.00000000 |        0.00000136 |        0.00000136 
Slab            | Create MPI datatypes for complex variabl|          0.00000500 |       0.00000500 |   0.00000559 |        0.00000559 |        0.00000000 |        0.00000559 |        0.00000559 
SymBase         | Register GH Extension for SymBase       |          0.00000400 |       0.00000400 |   0.00000339 |        0.00000339 |        0.00000000 |        0.00000339 |        0.00000339 
TerminationTrigg| Start signal handler                    |          0.00002400 |       0.00002400 |   0.00002483 |        0.00002483 |        0.00000000 |        0.00002483 |        0.00002483 
CarpetIOHDF5    | Startup routine                         |          0.00001700 |       0.00001700 |   0.00001637 |        0.00001637 |        0.00000000 |        0.00001637 |        0.00001637 
Vectors         | Print startup message                   |          0.00001400 |       0.00001400 |   0.00001483 |        0.00001483 |        0.00000000 |        0.00001483 |        0.00001483 
hwloc           | Output hwloc version                    |          0.00000600 |       0.00000600 |   0.00000590 |        0.00000590 |        0.00000000 |        0.00000590 |        0.00000590 
--------------------------------------------------------------------------------------------------------------------------------------------------------------------------------------------------
                | Total time for CCTK_STARTUP             |          0.10051400 |       0.10049600 |   0.00021350 |        0.00021350 |        0.00000000 |        0.00021350 |        0.00021350 
==================================================================================================================================================================================================
ADMBase         | Set up GF symmetries                    |          0.00002500 |       0.00000000 |   0.00002491 |        0.00002491 |        0.00000000 |        0.00002491 |        0.00002491 
Boundary        | Register boundary conditions that this t|          0.00001200 |       0.00000000 |   0.00001149 |        0.00001149 |        0.00000000 |        0.00001149 |        0.00001149 
CartGrid3D      | Register coordinates for the Cartesian g|          0.00005300 |       0.00000000 |   0.00005281 |        0.00005281 |        0.00000000 |        0.00005281 |        0.00005281 
CoordGauge      | Initialize slicing, setup priorities for|          0.00001000 |       0.00000000 |   0.00001030 |        0.00001030 |        0.00000000 |        0.00001030 |        0.00001030 
CoordGauge      | Identify the slicing for the next iterat|          0.00000900 |       0.00000000 |   0.00000889 |        0.00000889 |        0.00000000 |        0.00000889 |        0.00000889 
GRHydro         | Initialize InLastMoLPostStep to zero    |          0.00001500 |       0.00000000 |   0.00001488 |        0.00001488 |        0.00000000 |        0.00001488 |        0.00001488 
MoL             | Set up the MoL bookkeeping index arrays |          0.00002600 |       0.00000000 |   0.00002616 |        0.00002616 |        0.00000000 |        0.00002616 |        0.00002616 
MoL             | Set the flag so it is ok to register wit|          0.00000900 |       0.00000000 |   0.00000839 |        0.00000839 |        0.00000000 |        0.00000839 |        0.00000839 
TmunuBase       | Set the stress_energy_state variable    |          0.00001200 |       0.00000000 |   0.00001167 |        0.00001167 |        0.00000000 |        0.00001167 |        0.00001167 
GRHydro         | Register variables for MoL              |          0.00005700 |       0.00000000 |   0.00005671 |        0.00005671 |        0.00000000 |        0.00005671 |        0.00005671 
Slab            | Initialise timers                       |          0.00002500 |       0.00000000 |   0.00002537 |        0.00002537 |        0.00000000 |        0.00002537 |        0.00002537 
SpaceMask       | Set grid symmetries for mask            |          0.00001000 |       0.00000000 |   0.00001033 |        0.00001033 |        0.00000000 |        0.00001033 |        0.00001033 
SpaceMask       | Set grid symmetries for emask (compatibi|          0.00000900 |       0.00000000 |   0.00000930 |        0.00000930 |        0.00000000 |        0.00000930 |        0.00000930 
CartGrid3D      | Register symmetry boundaries            |          0.00003800 |       0.00000000 |   0.00003834 |        0.00003834 |        0.00000000 |        0.00003834 |        0.00003834 
SymBase         | Print symmetry boundary face description|          0.00001200 |       0.00000000 |   0.00001183 |        0.00001183 |        0.00000000 |        0.00001183 |        0.00001183 
MoL             | Report how many of each type of variable|          0.00005500 |       0.00000000 |   0.00007522 |        0.00007522 |        0.00000000 |        0.00007522 |        0.00007522 
--------------------------------------------------------------------------------------------------------------------------------------------------------------------------------------------------
                | Total time for CCTK_WRAGH               |          0.00037700 |       0.00000000 |   0.00039658 |        0.00039658 |        0.00000000 |        0.00039658 |        0.00039658 
==================================================================================================================================================================================================
ADMBase         | Check consistency of parameters         |          0.00001900 |       0.00000000 |   0.00001862 |        0.00001862 |        0.00000000 |        0.00001862 |        0.00001862 
Boundary        | Check dimension of grid variables       |          0.00000900 |       0.00000000 |   0.00000853 |        0.00000853 |        0.00000000 |        0.00000853 |        0.00000853 
Carpet          | Parameter checking routine              |          0.00001800 |       0.00000000 |   0.00001794 |        0.00001794 |        0.00000000 |        0.00001794 |        0.00001794 
CarpetLib       | Test prolongation operators             |          0.00001700 |       0.00000000 |   0.00001744 |        0.00001744 |        0.00000000 |        0.00001744 |        0.00001744 
CartGrid3D      | Check coordinates for CartGrid3D        |          0.00001200 |       0.00000000 |   0.00001229 |        0.00001229 |        0.00000000 |        0.00001229 |        0.00001229 
Fortran         | Test whether Fortran parameters work cor|          0.00000800 |       0.00000000 |   0.00000833 |        0.00000833 |        0.00000000 |        0.00000833 |        0.00000833 
GRHydro         | Check parameters                        |          0.00002900 |       0.00000000 |   0.00002826 |        0.00002826 |        0.00000000 |        0.00002826 |        0.00002826 
GRHydro_InitData| Check parameters                        |          0.00001100 |       0.00000000 |   0.00001133 |        0.00001133 |        0.00000000 |        0.00001133 |        0.00001133 
MoL             | Basic parameter checking                |          0.00001100 |       0.00000000 |   0.00001093 |        0.00001093 |        0.00000000 |        0.00001093 |        0.00001093 
TerminationTrigg| Check consitency of parameters          |          0.00000900 |       0.00000000 |   0.00000832 |        0.00000832 |        0.00000000 |        0.00000832 |        0.00000832 
TmunuBase       | Check that no deprecated parameters are |          0.00000800 |       0.00000000 |   0.00000809 |        0.00000809 |        0.00000000 |        0.00000809 |        0.00000809 
Vectors         | Run correctness tests.                  |          0.00006900 |       0.00000000 |   0.00006970 |        0.00006970 |        0.00000000 |        0.00006970 |        0.00006970 
--------------------------------------------------------------------------------------------------------------------------------------------------------------------------------------------------
                | Total time for CCTK_PARAMCHECK          |          0.00022000 |       0.00000000 |   0.00021978 |        0.00021978 |        0.00000000 |        0.00021978 |        0.00021978 
==================================================================================================================================================================================================
ADMBase         | Set the shift_state variable to 1       |          0.00004000 |       0.00000000 |   0.00003902 |        0.00003902 |        0.00000000 |        0.00003902 |        0.00003902 
ADMBase         | Set the dtlapse_state variable to 0     |          0.00002800 |       0.00000000 |   0.00002783 |        0.00002783 |        0.00000000 |        0.00002783 |        0.00002783 
ADMBase         | Set the dtshift_state variable to 0     |          0.00002700 |       0.00000000 |   0.00002643 |        0.00002643 |        0.00000000 |        0.00002643 |        0.00002643 
ADMMacros       | Initialize the local_spatial_order      |          0.00002600 |       0.00000000 |   0.00002583 |        0.00002583 |        0.00000000 |        0.00002583 |        0.00002583 
CartGrid3D      | Set up ranges for spatial 3D Cartesian c|          0.00006800 |       0.00000000 |   0.00006729 |        0.00006729 |        0.00000000 |        0.00006729 |        0.00006729 
CartGrid3D      | Set up spatial 3D Cartesian coordinates |          0.00005900 |       0.00000000 |   0.00005885 |        0.00005885 |        0.00000000 |        0.00005885 |        0.00005885 
CarpetReduce    | Allocate the weight function            |          0.00005400 |       0.00000000 |   0.00005386 |        0.00005386 |        0.00000000 |        0.00005386 |        0.00005386 
CarpetReduce    | Initialise the weight function          |          0.00008000 |       0.00000000 |   0.00008017 |        0.00008017 |        0.00000000 |        0.00008017 |        0.00008017 
CarpetReduce    | Set up the outer boundaries of the weigh|          0.00009100 |       0.00000000 |   0.00009041 |        0.00009041 |        0.00000000 |        0.00009041 |        0.00009041 
CarpetReduce    | Set up the weight function for the restr|          0.00004800 |       0.00000000 |   0.00004771 |        0.00004771 |        0.00000000 |        0.00004771 |        0.00004771 
CarpetReduce    | Set the weight function                 |          0.00005300 |       0.00000000 |   0.00005320 |        0.00005320 |        0.00000000 |        0.00005320 |        0.00005320 
CarpetReduce    | Test the weight function                |          0.00007800 |       0.00000000 |   0.00007816 |        0.00007816 |        0.00000000 |        0.00007816 |        0.00007816 
GRHydro         | Initially set execution flags to 'YEAH, |          0.00001700 |       0.00000000 |   0.00001690 |        0.00001690 |        0.00000000 |        0.00001690 |        0.00001690 
GRHydro         | Schedule symmetries and check shift stat|          0.00006500 |       0.00000000 |   0.00006433 |        0.00006433 |        0.00000000 |        0.00006433 |        0.00006433 
GRHydro         | Initialise the mask function that contai|          0.00004200 |       0.00000000 |   0.00004263 |        0.00004263 |        0.00000000 |        0.00004263 |        0.00004263 
NaNChecker      | Reset the NaNChecker::NaNsFound counter |          0.00001700 |       0.00000000 |   0.00001699 |        0.00001699 |        0.00000000 |        0.00001699 |        0.00001699 
SpaceMask       | Initialise mask to zero                 |          0.00005300 |       0.00000000 |   0.00005325 |        0.00005325 |        0.00000000 |        0.00005325 |        0.00005325 
SpaceMask       | Set old style mask to one               |          0.00005300 |       0.00000000 |   0.00005277 |        0.00005277 |        0.00000000 |        0.00005277 |        0.00005277 
SymBase         | Check whether the driver set up the grid|          0.00003000 |       0.00000000 |   0.00002973 |        0.00002973 |        0.00000000 |        0.00002973 |        0.00002973 
TerminationTrigg| Clear trigger state                     |          0.00002800 |       0.00000000 |   0.00002774 |        0.00002774 |        0.00000000 |        0.00002774 |        0.00002774 
TerminationTrigg| Start timer                             |          0.00003900 |       0.00000000 |   0.00003887 |        0.00003887 |        0.00000000 |        0.00003887 |        0.00003887 
TerminationTrigg| Create termination file                 |          0.00008400 |       0.00000000 |   0.00008344 |        0.00008344 |        0.00000000 |        0.00008344 |        0.00008344 
Time            | Initialise Time variables               |          0.00002000 |       0.00000000 |   0.00001994 |        0.00001994 |        0.00000000 |        0.00001994 |        0.00001994 
Time            | Set timestep based on Courant condition |          0.00002500 |       0.00000000 |   0.00002450 |        0.00002450 |        0.00000000 |        0.00002450 |        0.00002450 
--------------------------------------------------------------------------------------------------------------------------------------------------------------------------------------------------
                | Total time for CCTK_BASEGRID            |          0.00112500 |       0.00000000 |   0.00111984 |        0.00111984 |        0.00000000 |        0.00111984 |        0.00111984 
==================================================================================================================================================================================================
StaticConformal | Set the conformal_state variable to 0   |          0.00005100 |       0.00000000 |   0.00005145 |        0.00005145 |        0.00000000 |        0.00005145 |        0.00005145 
ADMBase         | Set the metric and extrinsic curvature t|          0.00004600 |       0.00000000 |   0.00004490 |        0.00004490 |        0.00000000 |        0.00004490 |        0.00004490 
GRHydro         | Set the EOS number                      |          0.00004500 |       0.00000000 |   0.00004486 |        0.00004486 |        0.00000000 |        0.00004486 |        0.00004486 
CarpetIOASCII   | Initialisation routine                  |          0.00002000 |       0.00000000 |   0.00002099 |        0.00002099 |        0.00000000 |        0.00002099 |        0.00002099 
CarpetIOBasic   | Initialisation routine                  |          0.00002700 |       0.00000000 |   0.00002652 |        0.00002652 |        0.00000000 |        0.00002652 |        0.00002652 
CarpetIOHDF5    | Initialisation routine                  |          0.00001700 |       0.00000000 |   0.00001677 |        0.00001677 |        0.00000000 |        0.00001677 |        0.00001677 
CarpetIOScalar  | Initialisation routine                  |          0.00001600 |       0.00000000 |   0.00001595 |        0.00001595 |        0.00000000 |        0.00001595 |        0.00001595 
GRHydro         | Set up minimum for the rest-mass density|          0.00004300 |       0.00000000 |   0.00004275 |        0.00004275 |        0.00000000 |        0.00004275 |        0.00004275 
GRHydro         | Initialize the atmosphere mask          |          0.00005500 |       0.00000000 |   0.00005512 |        0.00005512 |        0.00000000 |        0.00005512 |        0.00005512 
GRHydro         | Calculate current refinement level      |          0.00005700 |       0.00000000 |   0.00005679 |        0.00005679 |        0.00000000 |        0.00005679 |        0.00005679 
ADMBase         | Set the lapse to 1 at all points        |          0.00003500 |       0.00000000 |   0.00003422 |        0.00003422 |        0.00000000 |        0.00003422 |        0.00003422 
ADMBase         | Set the shift to 0 at all points        |          0.00003200 |       0.00000000 |   0.00003192 |        0.00003192 |        0.00000000 |        0.00003192 |        0.00003192 
GRHydro         | Set divB initially to zero              |          0.00003900 |       0.00000000 |   0.00003845 |        0.00003845 |        0.00000000 |        0.00003845 |        0.00003845 
GRHydro_InitData| Shocktube initial data - MHD version    |          0.00033400 |       0.00018100 |   0.00033364 |        0.00033364 |        0.00000000 |        0.00033364 |        0.00033364 
HydroBase       | Initialize hydro excision mask to 'no ex|          0.00003300 |       0.00003100 |   0.00003281 |        0.00003281 |        0.00000000 |        0.00003281 |        0.00003281 
GRHydro         | Calculate sdetg                         |          0.00004600 |       0.00004300 |   0.00004546 |        0.00004546 |        0.00000000 |        0.00004546 |        0.00004546 
GRHydro         | Use mask to enforce atmosphere at initia|          0.00005300 |       0.00005100 |   0.00005351 |        0.00005351 |        0.00000000 |        0.00005351 |        0.00005351 
MoL             | Initialise the step size control        |          0.00000900 |       0.00000800 |   0.00000879 |        0.00000879 |        0.00000000 |        0.00000879 |        0.00000879 
GRHydro         | Convert initial data given in primive va|          0.00009600 |       0.00009000 |   0.00009558 |        0.00009558 |        0.00000000 |        0.00009558 |        0.00009558 
--------------------------------------------------------------------------------------------------------------------------------------------------------------------------------------------------
                | Total time for CCTK_INITIAL             |          0.00105400 |       0.00040400 |   0.00105049 |        0.00105049 |        0.00000000 |        0.00105049 |        0.00105049 
==================================================================================================================================================================================================
CarpetIOHDF5    | Close all filereader input files        |          0.00003200 |       0.00003000 |   0.00003164 |        0.00003164 |        0.00000000 |        0.00003164 |        0.00003164 
GRHydro         | Set up and check scalars for efficiency |          0.00004300 |       0.00004000 |   0.00004280 |        0.00004280 |        0.00000000 |        0.00004280 |        0.00004280 
ADMBase         | Select ADMBase boundary conditions - may|          0.00020500 |       0.00019200 |   0.00020462 |        0.00020462 |        0.00000000 |        0.00020462 |        0.00020462 
Boundary        | Apply all requested local physical bound|          0.00032200 |       0.00031700 |   0.00032229 |        0.00008057 |        0.00009757 |        0.00003506 |        0.00016010 
CartGrid3D      | Apply symmetry boundary conditions      |          0.00011300 |       0.00011000 |   0.00011154 |        0.00002789 |        0.00000499 |        0.00002483 |        0.00003178 
Boundary        | Unselect all grid variables for boundary|          0.00002800 |       0.00002900 |   0.00002832 |        0.00000708 |        0.00000270 |        0.00000625 |        0.00000942 
GRHydro         | Calculate current refinement level      |          0.00003900 |       0.00003600 |   0.00003841 |        0.00003841 |        0.00000000 |        0.00003841 |        0.00003841 
GRHydro         | Set grid scalar InLastMoLPostStep if thi|          0.00001100 |       0.00001000 |   0.00001097 |        0.00001097 |        0.00000000 |        0.00001097 |        0.00001097 
GRHydro         | Select atmosphere mask for boundary cond|          0.00010600 |       0.00010400 |   0.00010647 |        0.00010647 |        0.00000000 |        0.00010647 |        0.00010647 
GRHydro         | Set integer atmosphere mask from synchro|          0.00004300 |       0.00004300 |   0.00004292 |        0.00004292 |        0.00000000 |        0.00004292 |        0.00004292 
GRHydro         | Reset the atmosphere - MHD version      |          0.00004900 |       0.00004800 |   0.00004783 |        0.00004783 |        0.00000000 |        0.00004783 |        0.00004783 
GRHydro         | Compute comoving magnetic field, pressur|          0.00008400 |       0.00008500 |   0.00008450 |        0.00008450 |        0.00000000 |        0.00008450 |        0.00008450 
GRHydro         | Select GRHydro boundary conditions      |          0.00017000 |       0.00016900 |   0.00016974 |        0.00016974 |        0.00000000 |        0.00016974 |        0.00016974 
GRHydro         | Calculate sdetg                         |          0.00004600 |       0.00004600 |   0.00004636 |        0.00004636 |        0.00000000 |        0.00004636 |        0.00004636 
GRHydro         | Convert back to primitive variables (gen|          0.00028100 |       0.00028100 |   0.00028137 |        0.00028137 |        0.00000000 |        0.00028137 |        0.00028137 
GRHydro         | Calculate divB                          |          0.00004800 |       0.00004700 |   0.00004745 |        0.00004745 |        0.00000000 |        0.00004745 |        0.00004745 
--------------------------------------------------------------------------------------------------------------------------------------------------------------------------------------------------
                | Total time for CCTK_POSTINITIAL         |          0.00162000 |       0.00158700 |   0.00161722 |        0.00127060 |        0.00010526 |        0.00122121 |        0.00135636 
==================================================================================================================================================================================================
GRHydro         | Set the value of the rest-mass density o|          0.00010600 |       0.00010600 |   0.00010628 |        0.00010628 |        0.00000000 |        0.00010628 |        0.00010628 
GRHydro         | Use mask to enforce atmosphere at initia|          0.00008800 |       0.00008700 |   0.00008755 |        0.00008755 |        0.00000000 |        0.00008755 |        0.00008755 
GRHydro         | Calculate sdetg                         |          0.00007000 |       0.00007000 |   0.00006999 |        0.00006999 |        0.00000000 |        0.00006999 |        0.00006999 
GRHydro         | Convert back to primitive variables (gen|          0.00026400 |       0.00026400 |   0.00026418 |        0.00026418 |        0.00000000 |        0.00026418 |        0.00026418 
--------------------------------------------------------------------------------------------------------------------------------------------------------------------------------------------------
                | Total time for CCTK_POSTPOSTINITIAL     |          0.00052800 |       0.00052700 |   0.00052801 |        0.00052801 |        0.00000000 |        0.00052801 |        0.00052801 
==================================================================================================================================================================================================
CarpetIOHDF5    | Initial data checkpoint routine         |          0.00004900 |       0.00004900 |   0.00004859 |        0.00004859 |        0.00000000 |        0.00004859 |        0.00004859 
--------------------------------------------------------------------------------------------------------------------------------------------------------------------------------------------------
                | Total time for CCTK_CPINITIAL           |          0.00004900 |       0.00004900 |   0.00004859 |        0.00004859 |        0.00000000 |        0.00004859 |        0.00004859 
==================================================================================================================================================================================================
ADMBase         | Copy the lapse to the current time level|          0.00029300 |       0.00019200 |   0.00028831 |        0.00002883 |        0.00001338 |        0.00002694 |        0.00004142 
ADMBase         | Copy the shift to the current time level|          0.00032600 |       0.00014800 |   0.00032676 |        0.00003268 |        0.00003686 |        0.00002584 |        0.00006420 
ADMBase         | Copy the metric and extrinsic curvature |          0.00034700 |       0.00016700 |   0.00034369 |        0.00003437 |        0.00000922 |        0.00003149 |        0.00004146 
CoordGauge      | Identify the slicing for the next iterat|          0.00027300 |       0.00013500 |   0.00027472 |        0.00002747 |        0.00000459 |        0.00002617 |        0.00003124 
GRHydro         | Reset the mask function that contains th|          0.00036100 |       0.00017900 |   0.00036077 |        0.00003608 |        0.00000381 |        0.00003514 |        0.00003946 
LoopControl     | Update LoopControl algorithm preferences|          0.00044900 |       0.00027400 |   0.00045228 |        0.00004523 |        0.00003863 |        0.00003943 |        0.00008110 
NaNChecker      | Reset the NaNChecker::NaNsFound counter |          0.00014500 |       0.00008900 |   0.00014422 |        0.00001442 |        0.00000461 |        0.00001376 |        0.00001877 
--------------------------------------------------------------------------------------------------------------------------------------------------------------------------------------------------
                | Total time for CCTK_PRESTEP             |          0.00219400 |       0.00118400 |   0.00219075 |        0.00021907 |        0.00011110 |        0.00019876 |        0.00031764 
==================================================================================================================================================================================================
MoL             | Initialise the step size control        |          0.00007700 |       0.00004900 |   0.00007526 |        0.00000753 |        0.00000886 |        0.00000641 |        0.00001592 
MoL             | Set the counter for the ODE method to lo|          0.00007400 |       0.00004600 |   0.00007397 |        0.00000740 |        0.00000339 |        0.00000681 |        0.00001059 
MoL             | Ensure the correct time and timestep are|          0.00006900 |       0.00004200 |   0.00006713 |        0.00000671 |        0.00000355 |        0.00000623 |        0.00001007 
MoL             | Allocate storage for scratch levels     |          0.00029400 |       0.00020300 |   0.00029771 |        0.00002977 |        0.00005661 |        0.00002260 |        0.00008345 
GRHydro         | Set up and check scalars for efficiency |          0.00039200 |       0.00023600 |   0.00039206 |        0.00003921 |        0.00000769 |        0.00003764 |        0.00004619 
MoL             | Allocate sufficient space for array scra|          0.00025800 |       0.00015600 |   0.00025725 |        0.00002573 |        0.00000540 |        0.00002484 |        0.00003076 
MoL             | Ensure the data is in the correct timele|          0.00081800 |       0.00048000 |   0.00081790 |        0.00008179 |        0.00003860 |        0.00007106 |        0.00010612 
MoL             | Initialise the RHS functions            |          0.00066100 |       0.00049800 |   0.00065941 |        0.00003297 |        0.00000921 |        0.00003133 |        0.00004010 
GRHydro         | Source term calculation                 |          0.00086800 |       0.00065700 |   0.00086336 |        0.00004317 |        0.00003907 |        0.00003876 |        0.00008030 
GRHydro         | Set the flux_direction variable         |          0.00032600 |       0.00024500 |   0.00032714 |        0.00001636 |        0.00000351 |        0.00001581 |        0.00001927 
GRHydro         | Calculate current refinement level      |          0.00233500 |       0.00193600 |   0.00232312 |        0.00003872 |        0.00002122 |        0.00003625 |        0.00004878 
GRHydro         | Reconstruct the functions at the cell bo|          0.00617000 |       0.00515700 |   0.00618071 |        0.00010301 |        0.00008917 |        0.00009205 |        0.00013263 
GRHydro         | Solve the local Riemann problems - MHD v|          0.00431400 |       0.00384800 |   0.00430418 |        0.00007174 |        0.00004573 |        0.00006766 |        0.00010084 
GRHydro         | Calculate the update term from the fluxe|          0.00265300 |       0.00244100 |   0.00264018 |        0.00004400 |        0.00006561 |        0.00004040 |        0.00008262 
GRHydro         | Decrement the flux_direction variable   |          0.00099500 |       0.00091900 |   0.00099727 |        0.00001662 |        0.00004079 |        0.00001533 |        0.00004581 
GRHydro         | Alter the update terms if inside the atm|          0.00083400 |       0.00082900 |   0.00082784 |        0.00004139 |        0.00002885 |        0.00003777 |        0.00006796 
MoL             | Updates calculated with the efficient Ru|          0.00071600 |       0.00070900 |   0.00071160 |        0.00003558 |        0.00000727 |        0.00003310 |        0.00003957 
MoL             | Alter the counter number                |          0.00013900 |       0.00014000 |   0.00013957 |        0.00000698 |        0.00000372 |        0.00000644 |        0.00001049 
MoL             | If necessary, change the time           |          0.00013300 |       0.00013100 |   0.00013218 |        0.00000661 |        0.00000381 |        0.00000627 |        0.00001030 
ADMBase         | Select ADMBase boundary conditions - may|          0.00230200 |       0.00229300 |   0.00231351 |        0.00011568 |        0.00009133 |        0.00010499 |        0.00019499 
Boundary        | Apply all requested local physical bound|          0.00606200 |       0.00570900 |   0.00606091 |        0.00008658 |        0.00044864 |        0.00003367 |        0.00018825 
CartGrid3D      | Apply symmetry boundary conditions      |          0.00194800 |       0.00182300 |   0.00194273 |        0.00002775 |        0.00003777 |        0.00002450 |        0.00006097 
Boundary        | Unselect all grid variables for boundary|          0.00047600 |       0.00041700 |   0.00047506 |        0.00000679 |        0.00002482 |        0.00000606 |        0.00003071 
GRHydro         | Calculate current refinement level      |          0.00070300 |       0.00066000 |   0.00070418 |        0.00003521 |        0.00000334 |        0.00003435 |        0.00003701 
GRHydro         | Set grid scalar InLastMoLPostStep if thi|          0.00015900 |       0.00014900 |   0.00015561 |        0.00000778 |        0.00000369 |        0.00000745 |        0.00001136 
GRHydro         | Select atmosphere mask for boundary cond|          0.00099600 |       0.00092900 |   0.00099114 |        0.00004956 |        0.00001052 |        0.00004732 |        0.00005530 
GRHydro         | Set integer atmosphere mask from synchro|          0.00072100 |       0.00068000 |   0.00072166 |        0.00003608 |        0.00000552 |        0.00003522 |        0.00004115 
GRHydro         | Reset the atmosphere - MHD version      |          0.00039000 |       0.00034900 |   0.00038879 |        0.00003888 |        0.00000619 |        0.00003764 |        0.00004461 
GRHydro         | Compute comoving magnetic field, pressur|          0.00176800 |       0.00167900 |   0.00176945 |        0.00008847 |        0.00007355 |        0.00007751 |        0.00012992 
GRHydro         | Select GRHydro boundary conditions      |          0.00265400 |       0.00251800 |   0.00265246 |        0.00013262 |        0.00003179 |        0.00012603 |        0.00015176 
GRHydro         | Calculate sdetg                         |          0.00087100 |       0.00077900 |   0.00086961 |        0.00004348 |        0.00001876 |        0.00004057 |        0.00005782 
GRHydro         | Convert back to primitive variables (gen|          0.00571800 |       0.00534200 |   0.00571578 |        0.00028579 |        0.00005977 |        0.00027383 |        0.00031762 
GRHydro         | Reset InLastMoLPostStep to zero         |          0.00013700 |       0.00012800 |   0.00013491 |        0.00000675 |        0.00000420 |        0.00000635 |        0.00001072 
MoL             | If necessary, change the timestep       |          0.00013400 |       0.00012900 |   0.00013215 |        0.00000661 |        0.00000363 |        0.00000621 |        0.00001011 
MoL             | Control the step size                   |          0.00007000 |       0.00006900 |   0.00006824 |        0.00000682 |        0.00000594 |        0.00000609 |        0.00001245 
MoL             | Restoring the Save and Restore variables|          0.00044000 |       0.00043800 |   0.00044139 |        0.00004414 |        0.00000712 |        0.00004227 |        0.00004968 
MoL             | Free storage for scratch levels         |          0.00017400 |       0.00017100 |   0.00017067 |        0.00001707 |        0.00000472 |        0.00001641 |        0.00002153 
GRHydro         | Syncronise the mask function that contai|          0.00071400 |       0.00070800 |   0.00071130 |        0.00007113 |        0.00000667 |        0.00006851 |        0.00007566 
GRHydro         | Calculate divB                          |          0.00043700 |       0.00043000 |   0.00043325 |        0.00004333 |        0.00000685 |        0.00004172 |        0.00004968 
--------------------------------------------------------------------------------------------------------------------------------------------------------------------------------------------------
                | Total time for CCTK_EVOL                |          0.04900000 |       0.04412200 |   0.04894066 |        0.00180579 |        0.00133689 |        0.00163348 |        0.00253308 
==================================================================================================================================================================================================
GRHydro         | Calculate current refinement level (for |          0.00043100 |       0.00039100 |   0.00043048 |        0.00003913 |        0.00001559 |        0.00003582 |        0.00005143 
GRHydro         | Check the mask function that contains th|          0.00046500 |       0.00042200 |   0.00046658 |        0.00004242 |        0.00000821 |        0.00003995 |        0.00004828 
NaNChecker      | Prepare data structures to check for NaN|          0.00008100 |       0.00007200 |   0.00008042 |        0.00000731 |        0.00000453 |        0.00000643 |        0.00001051 
NaNChecker      | Check for NaNs                          |          0.00356100 |       0.00322800 |   0.00356162 |        0.00032378 |        0.00005482 |        0.00031077 |        0.00036515 
NaNChecker      | Count NaNs in NaNChecker::NaNsFound     |          0.00014500 |       0.00012800 |   0.00014097 |        0.00001282 |        0.00000496 |        0.00001141 |        0.00001594 
NaNChecker      | Output NaNChecker::NaNmask and take acti|          0.00028300 |       0.00026000 |   0.00028260 |        0.00002569 |        0.00002142 |        0.00002277 |        0.00004574 
SpaceMask       | Ensure that all mask values are legal   |          0.00033500 |       0.00030100 |   0.00033343 |        0.00003031 |        0.00000819 |        0.00002815 |        0.00003612 
--------------------------------------------------------------------------------------------------------------------------------------------------------------------------------------------------
                | Total time for CCTK_POSTSTEP            |          0.00530100 |       0.00480200 |   0.00529610 |        0.00048146 |        0.00011771 |        0.00045530 |        0.00057317 
==================================================================================================================================================================================================
CarpetIOHDF5    | Evolution checkpoint routine            |          0.00044200 |       0.00039400 |   0.00044125 |        0.00004412 |        0.00001272 |        0.00004098 |        0.00005487 
TimerReport     | Print the timer report                  |          0.00015800 |       0.00014500 |   0.00015912 |        0.00001591 |        0.00001730 |        0.00001354 |        0.00003194 
--------------------------------------------------------------------------------------------------------------------------------------------------------------------------------------------------
                | Total time for CCTK_CHECKPOINT          |          0.00060000 |       0.00053900 |   0.00060037 |        0.00006004 |        0.00003001 |        0.00005452 |        0.00008681 
==================================================================================================================================================================================================
CarpetLib       | Print timing statistics if desired      |          0.00017000 |       0.00015800 |   0.00016786 |        0.00001526 |        0.00001274 |        0.00001335 |        0.00002449 
CarpetLib       | Print memory statistics if desired      |          0.00046200 |       0.00044800 |   0.00049066 |        0.00004461 |        0.00029579 |        0.00001323 |        0.00032553 
LoopControl     | Output LoopControl statistics           |          0.00051100 |       0.00041400 |   0.00050761 |        0.00004615 |        0.00004731 |        0.00003656 |        0.00008147 
SystemStatistics| Collect system statistics               |          0.00118400 |       0.00087800 |   0.00118464 |        0.00010769 |        0.00004170 |        0.00009922 |        0.00014429 
TerminationTrigg| Check elapsed job walltime              |          0.00033900 |       0.00024400 |   0.00033842 |        0.00003077 |        0.00000737 |        0.00002864 |        0.00003579 
TerminationTrigg| Check if we received a termination signa|          0.00031300 |       0.00022500 |   0.00031152 |        0.00002832 |        0.00000782 |        0.00002654 |        0.00003297 
TerminationTrigg| Check termination file                  |          0.00038800 |       0.00027900 |   0.00038865 |        0.00003533 |        0.00000885 |        0.00003329 |        0.00004222 
TimerReport     | Print the timer report                  |          0.00016700 |       0.00012000 |   0.00016560 |        0.00001505 |        0.00000531 |        0.00001412 |        0.00001861 
--------------------------------------------------------------------------------------------------------------------------------------------------------------------------------------------------
                | Total time for CCTK_ANALYSIS            |          0.00353400 |       0.00276600 |   0.00355496 |        0.00032318 |        0.00042688 |        0.00026495 |        0.00070537 
==================================================================================================================================================================================================
CarpetIOHDF5    | Termination checkpoint routine          |          0.00005600 |       0.00005600 |   0.00005566 |        0.00005566 |        0.00000000 |        0.00005566 |        0.00005566 
LoopControl     | Output LoopControl statistics           |          0.00004500 |       0.00004500 |   0.00004442 |        0.00004442 |        0.00000000 |        0.00004442 |        0.00004442 
MoL             | Free the MoL bookkeeping index arrays   |          0.00003600 |       0.00003600 |   0.00003632 |        0.00003632 |        0.00000000 |        0.00003632 |        0.00003632 
TimerReport     | Print the timer report                  |          0.00000000 |       0.00000000 |   0.00000000 |        0.00000000 |        0.00000000 |        0.00000000 |        0.00000000 
--------------------------------------------------------------------------------------------------------------------------------------------------------------------------------------------------
                | Total time for CCTK_TERMINATE           |          0.00013700 |       0.00013700 |   0.00013640 |        0.00013640 |        0.00000000 |        0.00013640 |        0.00013640 
==================================================================================================================================================================================================
--------------------------------------------------------------------------------------------------------------------------------------------------------------------------------------------------
                | Total time for simulation               |          0.09187600 |       0.07563200 |   0.09187293 |        0.09187293 |        0.00000000 |        0.09187293 |        0.09187293 
==================================================================================================================================================================================================
INFO (TimerReport): Top timers at iteration 10 time 0.005
======================================================================
    %    Time/s   Min/s   Max/s   Timer (gettimeofday)
======================================================================
100.0   0.100033 0.100022 0.100044   [0001] CycleClock: CycleClock_Setup in CCTK_STARTUP
 91.3   0.091354 0.090832 0.091876   CCTK total time
 82.3   0.082369 0.082010 0.082728   meta mode/meta mode/global mode
 77.8   0.077874 0.077590 0.078157   meta mode/meta mode/global mode/level(0)
 75.4   0.075463 0.075462 0.075463   main/Evolve
 59.5   0.059505 0.059401 0.059608   main/Evolve/CallEvol
 58.6   0.058638 0.058629 0.058647   meta mode
 53.2   0.053181 0.053152 0.053210   main/Evolve/CallEvol/CCTK_EVOL
 47.1   0.047115 0.047006 0.047223   main/Evolve/CallEvol/CCTK_EVOL/CallFunction
 43.1   0.043122 0.043113 0.043132   main/CarpetStartup
 41.3   0.041325 0.041297 0.041353   main/CarpetStartup/CarpetLib::gh::regrid
 41.1   0.041106 0.041077 0.041134   main/CarpetStartup/CarpetLib::gh::regrid/CarpetLib::dh::regrid
 25.8   0.025783 0.025074 0.026492   main/Evolve/CallEvol/CCTK_EVOL/CallFunction/thorns
 15.2   0.015170 0.015159 0.015180   meta mode/meta mode
 14.9   0.014857 0.014577 0.015138   main/Evolve/CallAnalysis
 13.6   0.013560 0.013491 0.013629   main/CarpetStartup/CarpetLib::gh::regrid/CarpetLib::dh::regrid/test
 13.1   0.013108 0.013016 0.013200   main/CarpetStartup/CarpetLib::gh::regrid/CarpetLib::dh::regrid/buffers
 11.7   0.011711 0.011698 0.011724   main/Initialise
  9.2   0.009206 0.008838 0.009573   meta mode/meta mode/global mode/level(0)/enter_local_mode
  6.0   0.005995 0.005034 0.006957   main/Evolve/CallEvol/CCTK_EVOL/CallFunction/syncs
  6.0   0.005963 0.005864 0.006062   [0162] Boundary: Boundary_ApplyPhysicalBCs in CCTK_EVOL
  5.9   0.005869 0.005567 0.006170   [0153] GRHydro: Reconstruct in CCTK_EVOL
  5.7   0.005689 0.004724 0.006654   main/Evolve/CallEvol/CCTK_EVOL/CallFunction/syncs/Sync
  5.5   0.005496 0.005274 0.005718   [0172] GRHydro: Con2Prim in CCTK_EVOL
  5.3   0.005344 0.005327 0.005361   main/CarpetStartup/CarpetLib::gh::regrid/CarpetLib::dh::regrid/bcast_comm
  5.0   0.004971 0.004767 0.005174   main/Evolve/CallEvol/CCTK_EVOL/CallFunction/thorns/Con2Prim
  4.9   0.004934 0.004867 0.005001   main/Evolve/CallAnalysis/CCTK_POSTSTEP
  4.9   0.004910 0.004881 0.004940   main/CarpetStartup/CarpetLib::gh::regrid/CarpetLib::dh::regrid/region
  4.9   0.004865 0.004844 0.004886   main/Initialise/CallInitial
  4.7   0.004700 0.004632 0.004769   main/Evolve/CallAnalysis/CCTK_POSTSTEP/CallFunction
  4.6   0.004644 0.004433 0.004854   main/Evolve/CallAnalysis/OutputGH
  4.6   0.004614 0.004403 0.004825   main/Evolve/CallAnalysis/OutputGH/OutputGH
  4.3   0.004288 0.004262 0.004314   [0154] GRHydro: Riemann in CCTK_EVOL
  4.2   0.004218 0.003977 0.004459   main/Evolve/CallEvol/CCTK_EVOL/CallFunction/thorns/Reconstruct
  4.1   0.004079 0.003904 0.004254   meta mode/meta mode/global mode/level(0)/leave_local_mode
  4.0   0.003996 0.003903 0.004089   main/Evolve/CallEvol/CCTK_EVOL/CallFunction/thorns/Boundary_ApplyPhysicalBCs
  3.6   0.003595 0.003501 0.003688   main/Evolve/CallAnalysis/CCTK_POSTSTEP/CallFunction/thorns
  3.5   0.003453 0.003346 0.003561   [0122] NaNChecker: NaNChecker_NaNCheck_Check in CCTK_POSTSTEP
  3.4   0.003442 0.003361 0.003524   main/Evolve/CallEvol/Poison
  2.9   0.002902 0.002813 0.002992   main/Evolve/CallAnalysis/CCTK_ANALYSIS
======================================================================
---------------------------------------------------------------------------------------------------------------------------------------------------------
Time      Time   Imblnc   Timer                                               gettimeof  getrusage      cycle  cycle[avg  cycle[sdv  cycle[min  cycle[max
percent   secs   percent                                                           secs       secs       secs       secs       secs       secs       secs
---------------------------------------------------------------------------------------------------------------------------------------------------------
 100.0%      0.1    0.0%  Evolve                                                0.07546    0.06566  1.845e+08  1.845e+08          0  1.845e+08  1.845e+08
  19.7%      0.0    1.9%  |_CallAnalysis                                        0.01514     0.0132  3.702e+07  3.702e+06  1.407e+06  3.423e+06  4.941e+06
   3.8%      0.0    3.0%  | |_CCTK_ANALYSIS                                    0.002992   0.002401  7.319e+06  7.319e+05  1.663e+05  6.829e+05  8.244e+05
   3.5%      0.0    2.5%  | | |_CallFunction                                     0.0027   0.002182  6.614e+06  8.267e+04  6.203e+05  2.837e+04  2.814e+05
   1.6%      0.0    2.4%  | | | |_thorns                                       0.001251   0.001011  3.055e+06  3.819e+04  6.304e+05       6346  2.532e+05
   1.2%      0.0    1.9%  | | | | |_SystemStatistics_Collect                   0.000889   0.000709  2.178e+06  2.178e+05  3.153e+04  2.085e+05  2.399e+05
   1.9%      0.0          | | | |_untimed
   6.5%      0.0    1.3%  | |_CCTK_POSTSTEP                                    0.004867   0.004358  1.191e+07  1.191e+06  1.536e+05  1.144e+06  1.309e+06
   6.2%      0.0    1.4%  | | |_CallFunction                                   0.004632   0.004149  1.133e+07  1.618e+05   2.12e+06  1.181e+04  8.369e+05
   4.8%      0.0    2.5%  | | | |_thorns                                       0.003501   0.003132  8.557e+06  1.222e+05  2.065e+06       6835  7.838e+05
   3.8%      0.0    2.8%  | | | | |_NaNChecker_NaNCheck_Check                  0.002943   0.002633  7.199e+06  7.199e+05   8.15e+04  7.001e+05   7.79e+05
   1.5%      0.0          | | | |_untimed
   6.2%      0.0    4.3%  | |_OutputGH                                         0.004854   0.004265  1.186e+07  1.186e+06  1.346e+06  1.001e+06  2.447e+06
   6.1%      0.0    4.4%  | | |_OutputGH                                       0.004825    0.00424   1.18e+07   1.18e+06  1.346e+06  9.964e+05  2.442e+06
   1.2%      0.0    0.5%  | | | |_IOASCII::IOASCII_1D [2]                      0.000935   0.000898  2.291e+06  2.291e+05  1.345e+06  8.563e+04  1.505e+06
   1.2%      0.0    0.5%  | | | | |_OutputGH<1>                                 0.00091   0.000874  2.227e+06  2.227e+05  1.344e+06  8.014e+04  1.497e+06
   2.5%      0.0    8.8%  | | | |_IOBasic::CarpetIOBasic [5]                   0.002031   0.001783  4.966e+06  4.966e+05  5.387e+04   4.78e+05  5.388e+05
   2.4%      0.0    8.8%  | | | | |_OutputGH                                   0.002007   0.001759  4.907e+06  4.907e+05  5.351e+04  4.731e+05  5.336e+05
   2.3%      0.0          | |_untimed
  78.9%      0.1    0.2%  |_CallEvol                                            0.05961    0.05197  1.458e+08  1.458e+07  2.948e+06  1.419e+07  1.735e+07
  70.5%      0.1    0.1%  | |_CCTK_EVOL                                         0.05315    0.04783    1.3e+08    1.3e+07   2.73e+06  1.261e+07  1.555e+07
  62.4%      0.0    0.2%  | | |_CallFunction                                    0.04722    0.04257  1.155e+08  1.155e+05  3.849e+06  1.093e+04  7.714e+05
   7.9%      0.0   13.8%  | | | |_syncs                                        0.005034   0.004877   1.23e+07  1.757e+05  7.499e+05  6.992e+04  4.479e+05
   7.5%      0.0   14.5%  | | | | |_Sync                                       0.004724   0.004584  1.154e+07  1.648e+05  7.351e+05  6.233e+04  4.344e+05
   1.6%      0.0    0.4%  | | | | | |_comm_state[3].state_fill_send_buffers.   0.001235   0.001196   3.06e+06  4.372e+04  2.282e+05  1.046e+04   7.58e+04
   2.0%      0.0   37.4%  | | | | | |_comm_state[6].state_do_some_work.step    0.000618   0.000614   1.55e+06  2.214e+04  2.386e+05       5561  2.429e+05
   1.4%      0.0    0.4%  | | | | | |_comm_state[7].state_empty_recv_buffers   0.001066   0.001034  2.623e+06  3.748e+04  2.252e+05       6321  6.652e+04
  34.2%      0.0    2.7%  | | | |_thorns                                        0.02649    0.02376  6.469e+07  6.469e+04  3.297e+06       6419  7.047e+05
   5.3%      0.0    2.3%  | | | | |_Boundary_ApplyPhysicalBCs                  0.004089   0.003857   9.98e+06  1.426e+05  1.076e+06   2.43e+04  3.907e+05
   6.6%      0.0    3.9%  | | | | |_Con2Prim                                   0.005174   0.004839  1.267e+07  6.333e+05  1.369e+05  5.966e+05   6.99e+05
   1.5%      0.0    5.2%  | | | | |_GRHydro_CalcBcom                           0.001173   0.001113  2.873e+06  1.437e+05  1.161e+05  1.308e+05  2.143e+05
   1.1%      0.0    0.1%  | | | | |_GRHydro_RefinementLevel                     0.00085   0.000733   2.12e+06   2.65e+04  1.202e+04  2.502e+04  3.249e+04
   5.6%      0.0    5.4%  | | | | |_Reconstruct                                0.004459   0.003736  1.098e+07   1.83e+05  1.859e+05  1.612e+05  2.514e+05
   3.2%      0.0    1.2%  | | | | |_Riemann                                    0.002471   0.002228  6.083e+06  1.014e+05  6.936e+04  9.616e+04  1.515e+05
   1.1%      0.0    0.1%  | | | | |_UpdateCalcul                               0.000859   0.000799   2.14e+06  3.567e+04  3.651e+04  3.261e+04  6.375e+04
   2.9%      0.0          | | | | |_untimed
  20.3%      0.0          | | | |_untimed
   7.8%      0.0          | | |_untimed
   3.0%      0.0    1.8%  | |_CCTK_PRESTEP                                     0.002314   0.001247  5.658e+06  5.658e+05  2.361e+05  5.134e+05  7.671e+05
   2.7%      0.0    2.2%  | | |_CallFunction                                   0.002074   0.001113  5.064e+06  7.235e+04  2.246e+05  2.974e+04  1.943e+05
   4.6%      0.0    2.3%  | |_Poison                                           0.003524   0.002452  8.621e+06  8.621e+05  1.227e+05  8.243e+05  9.251e+05
---------------------------------------------------------------------------------------------------------------------------------------------------------
---------------------------------------------------------------------------------------------------------------------------------------------------------
Time      Time   Imblnc   Timer                                               gettimeof  getrusage      cycle  cycle[avg  cycle[sdv  cycle[min  cycle[max
percent   secs   percent                                                           secs       secs       secs       secs       secs       secs       secs
---------------------------------------------------------------------------------------------------------------------------------------------------------
 100.0%      0.1    0.0%  meta mode                                              0.1406     0.1205  3.439e+08  5.731e+07  2.025e+08       9163  2.005e+08
  69.1%      0.1    0.0%  |_meta mode                                           0.09713    0.07991  2.375e+08  3.959e+07  1.793e+08  1.029e+04  2.004e+08
   1.0%      0.0    0.9%  | |_enter_global_mode                                0.001456    0.00103  3.551e+06  4.798e+04  7.613e+04   3.81e+04   8.46e+04
  61.1%      0.1    1.8%  | |_global mode                                       0.08741    0.07341  2.137e+08   2.85e+06  3.813e+07  4.202e+04  1.567e+07
  55.4%      0.1    0.4%  | | |_level(0)                                        0.07817    0.06573  1.912e+08  6.827e+05  4.064e+07       3920  1.559e+07
   6.5%      0.0    3.8%  | | | |_enter_local_mode                             0.009573   0.007719  2.374e+07  2.139e+04  2.925e+05       2033  1.046e+05
   1.4%      0.0    1.0%  | | | |_enter_singlemap_mode                           0.0019   0.001484  4.777e+06       4300  7.921e+04       2082  6.466e+04
   2.9%      0.0    4.1%  | | | |_leave_local_mode                             0.004254   0.003387  1.046e+07       9411  1.542e+05       2058  8.918e+04
   1.3%      0.0    1.3%  | | | |_leave_singlemap_mode                         0.001815   0.001402  4.495e+06       4042  6.142e+04       2033  4.704e+04
  43.3%      0.1          | | | |_untimed
   4.9%      0.0          | | |_untimed
   6.7%      0.0          | |_untimed
  30.9%      0.0          | untimed
---------------------------------------------------------------------------------------------------------------------------------------------------------
--------------------------------------------------------------------------------
Done.
+ echo Stopping:
Stopping:
+ date
Thu May 21 06:17:54 UTC 2026
+ echo Done.
Done.
  Elapsed time: 1.0 s
