/home/runner/simulations/TestJob01_temp_2/output-0000/TEST/sim/GRHydro
Preparing:
+ set -e
+ cd output-0000-active
+ echo Checking:
Checking:
+ pwd
/home/runner/simulations/TestJob01_temp_2/output-0000/TEST/sim/GRHydro/output-0000-active
+ hostname
runnervmejwal
+ date
Mon Sep  7 21:24:09 UTC 2026
+ echo Environment:
Environment:
+ export CACTUS_NUM_PROCS=2
+ CACTUS_NUM_PROCS=2
+ export CACTUS_NUM_THREADS=1
+ CACTUS_NUM_THREADS=1
+ export GMON_OUT_PREFIX=gmon.out
+ GMON_OUT_PREFIX=gmon.out
+ export OMP_NUM_THREADS=1
+ OMP_NUM_THREADS=1
+ env
+ sort
+ echo Starting:
Starting:
++ date +%s
+ export CACTUS_STARTTIME=1788816249
+ CACTUS_STARTTIME=1788816249
+ '[' 2 = 1 ']'
+ mpirun -np 2 /home/runner/simulations/TestJob01_temp_2/SIMFACTORY/exe/cactus_sim -L 3 /home/runner/simulations/TestJob01_temp_2/output-0000/arrangements/EinsteinEvolve/GRHydro/test/balsara1_2d.par
INFO (Cactus): Increased logging level from 0 to 3
--------------------------------------------------------------------------------

       10                                  
  1   0101       ************************  
  01  1010 10      The Cactus Code V4.20.0    
 1010 1101 011      www.cactuscode.org     
  1001 100101    ************************  
    00010101                               
     100011     (c) Copyright The Authors  
      0100      GNU Licensed. No Warranty  
      0101                                 
--------------------------------------------------------------------------------

Cactus version:    4.20.0
Compile date:      Sep 07 2026 (20:51:35)
Run date:          Sep 07 2026 (21:24:10+0000)
Run host:          runnervmejwal.hgkdwdqozxjevm244zrubbhq3g.ex.internal.cloudapp.net (pid=178625)
Working directory: /home/runner/simulations/TestJob01_temp_2/output-0000/TEST/sim/GRHydro
Executable:        /home/runner/simulations/TestJob01_temp_2/SIMFACTORY/exe/cactus_sim
Parameter file:    /home/runner/simulations/TestJob01_temp_2/output-0000/arrangements/EinsteinEvolve/GRHydro/test/balsara1_2d.par
--------------------------------------------------------------------------------

Activating thorn Cactus...Success -> active implementation Cactus
Activation requested for 
--->Boundary CartGrid3D CoordBase Fortran InitBase IOUtil LocalReduce SymBase Time AEILocalInterp LocalInterp MoL Slab SpaceMask Carpet CarpetInterp CarpetIOASCII CarpetIOHDF5 CarpetIOScalar CarpetLib CarpetIOBasic CarpetReduce CarpetSlab LoopControl NaNChecker TerminationTrigger TimerReport ADMbase ADMmacros CoordGauge StaticConformal Constants TmunuBase HydroBase EOS_Omni GRHydro GRHydro_InitData HDF5 SystemStatistics<---
Thorn Carpet requests automatic activation of MPI
Thorn Carpet requests automatic activation of Timers
Thorn CarpetLib requests automatic activation of Vectors
Thorn CarpetLib requests automatic activation of Boost
Thorn CarpetLib requests automatic activation of CycleClock
Thorn GRHydro requests automatic activation of EOS_Polytrope
Thorn HDF5 requests automatic activation of zlib
Thorn LoopControl requests automatic activation of hwloc
Thorn EOS_Polytrope requests automatic activation of EOS_Base
Activating thorn ADMbase...Success -> active implementation ADMBase
Activating thorn ADMmacros...Success -> active implementation ADMMacros
Activating thorn AEILocalInterp...Success -> active implementation AEILocalInterp
Activating thorn Boost...Success -> active implementation Boost
Activating thorn Boundary...Success -> active implementation boundary
Activating thorn Carpet...Success -> active implementation Driver
Activating thorn CarpetInterp...Success -> active implementation interp
Activating thorn CarpetIOASCII...Success -> active implementation IOASCII
Activating thorn CarpetIOBasic...Success -> active implementation IOBasic
Activating thorn CarpetIOHDF5...Success -> active implementation IOHDF5
Activating thorn CarpetIOScalar...Success -> active implementation IOScalar
Activating thorn CarpetLib...Success -> active implementation CarpetLib
Activating thorn CarpetReduce...Success -> active implementation reduce
Activating thorn CarpetSlab...Success -> active implementation Hyperslab
Activating thorn CartGrid3D...Success -> active implementation grid
Activating thorn Constants...Success -> active implementation Constants
Activating thorn CoordBase...Success -> active implementation CoordBase
Activating thorn CoordGauge...Success -> active implementation CoordGauge
Activating thorn CycleClock...Success -> active implementation CycleClock
Activating thorn EOS_Base...Success -> active implementation EOS_Base
Activating thorn EOS_Omni...Success -> active implementation EOS_Omni
Activating thorn EOS_Polytrope...Success -> active implementation EOS_2d_Polytrope
Activating thorn Fortran...Success -> active implementation Fortran
Activating thorn GRHydro...Success -> active implementation GRHydro
Activating thorn GRHydro_InitData...Success -> active implementation GRHydro_init_data
Activating thorn HDF5...Success -> active implementation HDF5
Activating thorn hwloc...Success -> active implementation hwloc
Activating thorn HydroBase...Success -> active implementation HydroBase
Activating thorn InitBase...Success -> active implementation InitBase
Activating thorn IOUtil...Success -> active implementation IO
Activating thorn LocalInterp...Success -> active implementation LocalInterp
Activating thorn LocalReduce...Success -> active implementation LocalReduce
Activating thorn LoopControl...Success -> active implementation LoopControl
Activating thorn MoL...Success -> active implementation MethodOfLines
Activating thorn MPI...Success -> active implementation MPI
Activating thorn NaNChecker...Success -> active implementation NaNChecker
Activating thorn Slab...Success -> active implementation Slab
Activating thorn SpaceMask...Success -> active implementation SpaceMask
Activating thorn StaticConformal...Success -> active implementation StaticConformal
Activating thorn SymBase...Success -> active implementation SymBase
Activating thorn SystemStatistics...Success -> active implementation SystemStatistics
Activating thorn TerminationTrigger...Success -> active implementation TerminationTrigger
Activating thorn Time...Success -> active implementation time
Activating thorn TimerReport...Success -> active implementation timerreport
Activating thorn Timers...Success -> active implementation Timers
Activating thorn TmunuBase...Success -> active implementation TmunuBase
Activating thorn Vectors...Success -> active implementation Vectors
Activating thorn zlib...Success -> active implementation zlib
--------------------------------------------------------------------------------
  if (recover initial data)
    Recover parameters
  endif

  Startup routines
    [CCTK_STARTUP]
      Carpet::MultiModel_Startup: Multi-model Startup routine
      CycleClock::CycleClock_Setup: Set up CycleClock
      LoopControl::LC_setup: Set up LoopControl
      Timers::Timer_Startup: Prepare hierarchical timers
      Carpet::Driver_Startup: Startup routine
      IOUtil::IOUtil_Startup: Startup routine
      CarpetIOScalar::CarpetIOScalarStartup: [global] Startup routine
      CarpetInterp::CarpetInterpStartup: Startup routine
      CarpetReduce::CarpetReduceStartup: Startup routine
      CartGrid3D::SymmetryStartup: Register GH Extension for GridSymmetry
      CoordBase::CoordBase_Startup: Register a GH extension to store the coordinate system handles
      AEILocalInterp::AEILocalInterp_U_Startup: register CCTK_InterpLocalUniform() interpolation operators
      EOS_Omni::EOS_Omni_Startup: [global] Set up conversion factors and other fun stuff
      EOS_Polytrope::EOS_Polytrope_Startup: Setup the polytropic EOS
      GRHydro::GRHydro_Startup: Startup banner
      GRHydro::GRHydro_RegisterMask: Register the hydro masks
      HydroBase::HydroBase_StartUp: Startup banner
      CarpetIOASCII::CarpetIOASCIIStartup: [global] Startup routine
      LocalInterp::LocalInterp_Startup: register LocalInterp's interpolation operators
      LocalReduce::LocalReduce_Startup: Startup routine
      CarpetIOBasic::CarpetIOBasicStartup: [global] Startup routine
      MoL::MoL_Startup: Startup banner
      Slab::Slab_InitMPIDatatypes: Create MPI datatypes for complex variables in C
      SymBase::SymBase_Startup: Register GH Extension for SymBase
      TerminationTrigger::TerminationTrigger_StartSignalHandler: Start signal handler
      CarpetIOHDF5::CarpetIOHDF5_Startup: Startup routine
      Vectors::Vectors_Startup: Print startup message
      GROUP hwloc_startup: hwloc startup group
        hwloc::hwloc_version: Output hwloc version

  Startup routines which need an existing grid hierarchy
    [CCTK_WRAGH]
      ADMBase::Einstein_InitSymBound: [global] Set up GF symmetries
      Boundary::Boundary_RegisterBCs: [global] Register boundary conditions that this thorn provides
      CartGrid3D::RegisterCartGrid3DCoords: [meta] Register coordinates for the Cartesian grid
      CoordGauge::Einstein_ActivateSlicing: Initialize slicing, setup priorities for mixed slicings
      CoordGauge::Einstein_SetNextSlicing: Identify the slicing for the next iteration
      GRHydro::GRHydro_ClearLastMoLPostStep: [global] Initialize InLastMoLPostStep to zero
      MoL::MoL_SetupIndexArrays: Set up the MoL bookkeeping index arrays
      MoL::MoL_SetScheduleStatus: [global] Set the flag so it is ok to register with MoL
      TmunuBase::TmunuBase_SetStressEnergyState: [global] Set the stress_energy_state variable
      GROUP MoL_Register: The group where physics thorns register variables with MoL
        GRHydro::GRHydro_Register: Register variables for MoL
      Slab::Slab_InitTimers: Initialise timers
      SpaceMask::MaskSym: [global] Set grid symmetries for mask
      SpaceMask::MaskSym_emask: [global] Set grid symmetries for emask (compatibility mode)
      GROUP SymBase_Wrapper: Wrapper group for SymBase
        GROUP SymmetryRegister: Register your symmetries here
          CartGrid3D::CartGrid3D_RegisterSymmetryBoundaries: [meta] Register symmetry boundaries
        SymBase::SymBase_Statistics: Print symmetry boundary face descriptions
      MoL::MoL_ReportNumberVariables: [meta] Report how many of each type of variable there are
  Parameter checking routines
    [CCTK_PARAMCHECK]
      ADMBase::ADMBase_ParamCheck: [global] Check consistency of parameters
      Boundary::Boundary_Check: Check dimension of grid variables
      Carpet::CarpetParamCheck: Parameter checking routine
      CarpetLib::CarpetLib_test_prolongate_3d_rf2: [global] Test prolongation operators
      CartGrid3D::ParamCheck_CartGrid3D: Check coordinates for CartGrid3D
      Fortran::CheckFortranParameters: Test whether Fortran parameters work correctly
      GRHydro::GRHydro_ParamCheck: Check parameters
      GRHydro_InitData::GRHydro_InitData_CheckParameters: Check parameters
      MoL::MoL_ParamCheck: Basic parameter checking
      TerminationTrigger::TerminationTrigger_ParamCheck: Check consitency of parameters
      TmunuBase::TmunuBase_ParamCheck: [global] Check that no deprecated parameters are used.
      Vectors::Vectors_Test: Run correctness tests.

  Initialisation
    if (NOT (recover initial data AND recovery_mode is 'strict'))
      [CCTK_PREREGRIDINITIAL]
      Set up grid hierarchy
      [CCTK_POSTREGRIDINITIAL]
        CartGrid3D::SpatialCoordinates: Set Coordinates after regridding
        GROUP MaskBase_SetupMask: Set up the weight function
          GROUP MaskBase_SetupMaskAll: Set up the weight function
            CarpetReduce::MaskBase_AllocateMask: [global] Allocate the weight function
            CarpetReduce::MaskBase_InitMask: [global] [loop-local] Initialise the weight function
            GROUP SetupIMaskInternal: Set up the integer weight function (schedule other routines in here)
              CarpetReduce::CoordBase_SetupMask: [global] [loop-local] Set up the outer boundaries of the weight function
              CarpetReduce::CarpetMaskSetup: [global] [loop-singlemap] Set up the weight function for the restriction regions
            GROUP SetupIMask: Set up the integer weight function (schedule other routines in here)
            CarpetReduce::MaskBase_SetMask: [global] [loop-local] Set the weight function
            GROUP SetupMask: Set up the real weight function (schedule other routines in here)
            CarpetReduce::MaskBase_TestMask: [global] Test the weight function
        SpaceMask::MaskZero: Initialise mask to zero
        GRHydro::GRHydro_RefinementLevel: Calculate current refinement level
        GROUP HydroBase_ExcisionMaskSetup: Set up hydro excision mask
          HydroBase::HydroBase_InitExcisionMask: Initialize hydro excision mask to 'no excision everywhere'
        GROUP MoL_PseudoEvolutionBoundaries: Apply boundary conditions to pseudo-evolved quantities
        SpaceMask::MaskOne: Set mask to one
        GRHydro::GRHydro_SetupMask: Initialize the atmosphere mask
      [CCTK_BASEGRID]
        ADMBase::ADMBase_SetShiftStateOn: Set the shift_state variable to 1
        ADMBase::ADMBase_SetDtLapseStateOff: Set the dtlapse_state variable to 0
        ADMBase::ADMBase_SetDtShiftStateOff: Set the dtshift_state variable to 0
        ADMMacros::ADMMacros_SetLocalSpatialOrder: Initialize the local_spatial_order
        CartGrid3D::SpatialSpacings: Set up ranges for spatial 3D Cartesian coordinates (on all grids)
        CartGrid3D::SpatialCoordinates: Set up spatial 3D Cartesian coordinates on the GH
        GROUP MaskBase_SetupMask: Set up the weight function
          GROUP MaskBase_SetupMaskAll: Set up the weight function
            CarpetReduce::MaskBase_AllocateMask: [global] Allocate the weight function
            CarpetReduce::MaskBase_InitMask: [global] [loop-local] Initialise the weight function
            GROUP SetupIMaskInternal: Set up the integer weight function (schedule other routines in here)
              CarpetReduce::CoordBase_SetupMask: [global] [loop-local] Set up the outer boundaries of the weight function
              CarpetReduce::CarpetMaskSetup: [global] [loop-singlemap] Set up the weight function for the restriction regions
            GROUP SetupIMask: Set up the integer weight function (schedule other routines in here)
            CarpetReduce::MaskBase_SetMask: [global] [loop-local] Set the weight function
            GROUP SetupMask: Set up the real weight function (schedule other routines in here)
            CarpetReduce::MaskBase_TestMask: [global] Test the weight function
        GRHydro::GRHydro_Reset_Execution_Flags: [global] Initially set execution flags to 'YEAH, Execute'!
        GRHydro::GRHydro_InitSymBound: Schedule symmetries and check shift state
        GRHydro::reset_GRHydro_C2P_failed: Initialise the mask function that contains the points where C2P has failed (at BASEGRID)
        NaNChecker::NaNChecker_ResetCounter: [global] Reset the NaNChecker::NaNsFound counter
        SpaceMask::MaskZero: Initialise mask to zero
        SpaceMask::MaskOne: Set old style mask to one
        SymBase::SymBase_Check: Check whether the driver set up the grid consistently
        TerminationTrigger::TerminationTrigger_ResetTrigger: Clear trigger state
        TerminationTrigger::TerminationTrigger_StartTimer: Start timer
        TerminationTrigger::TerminationTrigger_CreateFile: Create termination file
        Time::Time_Initialise: [global] Initialise Time variables
        Time::TemporalSpacings: [singlemap] Set timestep based on Courant condition (courant_static)
      [CCTK_INITIAL]
        StaticConformal::StaticConformal_InitialiseState: Set the conformal_state variable to 0
        GROUP ADMBase_InitialData: Schedule group for calculating ADM initial data
          ADMBase::ADMBase_CartesianMinkowski: Set the metric and extrinsic curvature to cartesian minkowski values
        GRHydro::GRHydro_EOSHandle: [global] Set the EOS number
        CarpetIOASCII::CarpetIOASCIIInit: [global] Initialisation routine
        CarpetIOBasic::CarpetIOBasicInit: [global] Initialisation routine
        CarpetIOHDF5::CarpetIOHDF5_Init: [global] Initialisation routine
        CarpetIOScalar::CarpetIOScalarInit: [global] Initialisation routine
        GRHydro::GRHydro_Rho_Minima_Setup: Set up minimum for the rest-mass density in the atmosphere (before intial data)
        GRHydro::GRHydro_SetupMask: Initialize the atmosphere mask
        GRHydro::GRHydro_RefinementLevel: Calculate current refinement level
        GROUP ADMBase_InitialGauge: Schedule group for the ADM initial gauge condition
          ADMBase::ADMBase_LapseOne: Set the lapse to 1 at all points
          ADMBase::ADMBase_ShiftZero: Set the shift to 0 at all points
        GROUP HydroBase_Initial: HydroBase initial data group
          GROUP GRHydro_Initial: GRHydro initial data group
          GRHydro::GRHydro_DivBInit: Set divB initially to zero
          GRHydro_InitData::GRHydro_shocktubeM: Shocktube initial data - MHD version
          GROUP HydroBase_ExcisionMaskSetup: Set up hydro excision mask
            HydroBase::HydroBase_InitExcisionMask: Initialize hydro excision mask to 'no excision everywhere'
        GROUP ADMBase_PostInitial: Schedule group for modifying the ADM initial data, such as e.g. adding noise
        GRHydro::GRHydro_SqrtSpatialDeterminant: Calculate sdetg
        GRHydro::GRHydro_InitialAtmosphereReset: Use mask to enforce atmosphere at initial time
        MoL::MoL_StartLoop: [level] Initialise the step size control
        GROUP HydroBase_Prim2ConInitial: Recover the conservative variables from the primitive variables
          GRHydro::Primitive2ConservativeCellsM: Convert initial data given in primive variables to conserved variables - MHD version
      [CCTK_POSTINITIAL]
        CarpetIOHDF5::CarpetIOHDF5_CloseFiles: [global] Close all filereader input files
        GRHydro::GRHydro_Scalar_Setup: Set up and check scalars for efficiency
        GROUP MoL_PostStepModify: The group for physics thorns to schedule enforcing constraints
        GROUP MoL_PostStep: Ensure that everything is correct after the initial data have been set up
          ADMBase::ADMBase_Boundaries: [level] Select ADMBase boundary conditions - may be required for mesh refinement
          GROUP ADMBase_ApplyBCs: Apply the boundary conditions of ADMBase
            GROUP BoundaryConditions: Execute all boundary conditions
              Boundary::Boundary_ApplyPhysicalBCs: Apply all requested local physical boundary conditions
              CartGrid3D::CartGrid3D_ApplyBC: Apply symmetry boundary conditions
            Boundary::Boundary_ClearSelection: [level] Unselect all grid variables for boundary conditions
            GRHydro_InitData::GRHydro_Diagshock2D_BoundaryM: 2-D Diagonal shock boundary conditions
          GROUP ADMBase_SetADMVars: Set the ADM variables before this group, and use them afterwards
          GRHydro::GRHydro_RefinementLevel: Calculate current refinement level
          GRHydro::GRHydro_SetLastMoLPostStep: [level] Set grid scalar InLastMoLPostStep if this is the last MoL PostStep call
          GROUP HydroBase_PostStep: Post step tasks for hydro thorns
            GROUP GRHydro_PostStep: Post step tasks for GRHydro
            GROUP GRHydro_AtmosphereMaskBoundaries: Apply boundary conditions to primitives
              GRHydro::GRHydro_SelectAtmosphereMaskBoundaries: [level] Select atmosphere mask for boundary conditions
              GROUP GRHydro_ApplyAtmosphereMaskBCs: Apply boundary conditions to real-valued atmosphere mask
                GROUP BoundaryConditions: Execute all boundary conditions
                  Boundary::Boundary_ApplyPhysicalBCs: Apply all requested local physical boundary conditions
                  CartGrid3D::CartGrid3D_ApplyBC: Apply symmetry boundary conditions
                Boundary::Boundary_ClearSelection: [level] Unselect all grid variables for boundary conditions
                GRHydro_InitData::GRHydro_Diagshock2D_BoundaryM: 2-D Diagonal shock boundary conditions
            GRHydro::GRHydroPostSyncAtmosphereMask: Set integer atmosphere mask from synchronized real atmosphere mask
            if (GRHydro::InLastMoLPostStep)
              GRHydro::GRHydro_AtmosphereResetM: Reset the atmosphere - MHD version
            GRHydro::GRHydro_CalcBcom: Compute comoving magnetic field, pressure, etc...
            GROUP HydroBase_Boundaries: HydroBase-internal Boundary conditions group
              GROUP Do_GRHydro_Boundaries: GRHydro Boundary conditions group
              GROUP HydroBase_Select_Boundaries: Group to schedule the boundary condition functions
                if (GRHydro::execute_MoL_PostStep)
                  GRHydro::GRHydro_Bound: [level] Select GRHydro boundary conditions
              GROUP HydroBase_ApplyBCs: Apply the boundary conditions of HydroBase
                GROUP BoundaryConditions: Execute all boundary conditions
                  Boundary::Boundary_ApplyPhysicalBCs: Apply all requested local physical boundary conditions
                  CartGrid3D::CartGrid3D_ApplyBC: Apply symmetry boundary conditions
                Boundary::Boundary_ClearSelection: [level] Unselect all grid variables for boundary conditions
                GRHydro_InitData::GRHydro_Diagshock2D_BoundaryM: 2-D Diagonal shock boundary conditions
            GROUP HydroBase_Con2Prim: Convert from conservative to primitive variables
              if (GRHydro::execute_MoL_Step)
                GRHydro::GRHydro_SqrtSpatialDeterminant: Calculate sdetg
              if (GRHydro::execute_MoL_PostStep)
                GRHydro::Con2Prim: Convert back to primitive variables (general) - MHD version
        GROUP MoL_PseudoEvolution: Calculate pseudo-evolved quantities
          GROUP ADMBase_SetADMVars: Set the ADM variables before this group, and use them afterwards
          GROUP GRHydroAnalysis: Calculate analysis quantities
            GRHydro::GRHydro_CalcDivB: Calculate divB
            GROUP GRHydro_ApplyDivBBCs: Apply boundary conditions to divB
              GROUP BoundaryConditions: Execute all boundary conditions
                Boundary::Boundary_ApplyPhysicalBCs: Apply all requested local physical boundary conditions
                CartGrid3D::CartGrid3D_ApplyBC: Apply symmetry boundary conditions
              Boundary::Boundary_ClearSelection: [level] Unselect all grid variables for boundary conditions
              GRHydro_InitData::GRHydro_Diagshock2D_BoundaryM: 2-D Diagonal shock boundary conditions
      Initialise finer grids recursively
      Restrict from finer grids
      [CCTK_POSTRESTRICTINITIAL]
        GROUP MoL_PostStep: Ensure that everything is correct after restriction
          ADMBase::ADMBase_Boundaries: [level] Select ADMBase boundary conditions - may be required for mesh refinement
          GROUP ADMBase_ApplyBCs: Apply the boundary conditions of ADMBase
            GROUP BoundaryConditions: Execute all boundary conditions
              Boundary::Boundary_ApplyPhysicalBCs: Apply all requested local physical boundary conditions
              CartGrid3D::CartGrid3D_ApplyBC: Apply symmetry boundary conditions
            Boundary::Boundary_ClearSelection: [level] Unselect all grid variables for boundary conditions
            GRHydro_InitData::GRHydro_Diagshock2D_BoundaryM: 2-D Diagonal shock boundary conditions
          GROUP ADMBase_SetADMVars: Set the ADM variables before this group, and use them afterwards
          GRHydro::GRHydro_RefinementLevel: Calculate current refinement level
          GRHydro::GRHydro_SetLastMoLPostStep: [level] Set grid scalar InLastMoLPostStep if this is the last MoL PostStep call
          GROUP HydroBase_PostStep: Post step tasks for hydro thorns
            GROUP GRHydro_PostStep: Post step tasks for GRHydro
            GROUP GRHydro_AtmosphereMaskBoundaries: Apply boundary conditions to primitives
              GRHydro::GRHydro_SelectAtmosphereMaskBoundaries: [level] Select atmosphere mask for boundary conditions
              GROUP GRHydro_ApplyAtmosphereMaskBCs: Apply boundary conditions to real-valued atmosphere mask
                GROUP BoundaryConditions: Execute all boundary conditions
                  Boundary::Boundary_ApplyPhysicalBCs: Apply all requested local physical boundary conditions
                  CartGrid3D::CartGrid3D_ApplyBC: Apply symmetry boundary conditions
                Boundary::Boundary_ClearSelection: [level] Unselect all grid variables for boundary conditions
                GRHydro_InitData::GRHydro_Diagshock2D_BoundaryM: 2-D Diagonal shock boundary conditions
            GRHydro::GRHydroPostSyncAtmosphereMask: Set integer atmosphere mask from synchronized real atmosphere mask
            if (GRHydro::InLastMoLPostStep)
              GRHydro::GRHydro_AtmosphereResetM: Reset the atmosphere - MHD version
            GRHydro::GRHydro_CalcBcom: Compute comoving magnetic field, pressure, etc...
            GROUP HydroBase_Boundaries: HydroBase-internal Boundary conditions group
              GROUP Do_GRHydro_Boundaries: GRHydro Boundary conditions group
              GROUP HydroBase_Select_Boundaries: Group to schedule the boundary condition functions
                if (GRHydro::execute_MoL_PostStep)
                  GRHydro::GRHydro_Bound: [level] Select GRHydro boundary conditions
              GROUP HydroBase_ApplyBCs: Apply the boundary conditions of HydroBase
                GROUP BoundaryConditions: Execute all boundary conditions
                  Boundary::Boundary_ApplyPhysicalBCs: Apply all requested local physical boundary conditions
                  CartGrid3D::CartGrid3D_ApplyBC: Apply symmetry boundary conditions
                Boundary::Boundary_ClearSelection: [level] Unselect all grid variables for boundary conditions
                GRHydro_InitData::GRHydro_Diagshock2D_BoundaryM: 2-D Diagonal shock boundary conditions
            GROUP HydroBase_Con2Prim: Convert from conservative to primitive variables
              if (GRHydro::execute_MoL_Step)
                GRHydro::GRHydro_SqrtSpatialDeterminant: Calculate sdetg
              if (GRHydro::execute_MoL_PostStep)
                GRHydro::Con2Prim: Convert back to primitive variables (general) - MHD version
        GROUP MoL_PseudoEvolutionBoundaries: Apply boundary conditions to pseudo-evolved quantities
      [CCTK_POSTPOSTINITIAL]
        GRHydro::GRHydro_Rho_Minima_Setup_Final: Set the value of the rest-mass density of the atmosphere which will be used during the evolution
        GRHydro::GRHydro_InitialAtmosphereResetM: Use mask to enforce atmosphere at initial time
        GROUP Con2Prim: Convert from conservative to primitive variables (might be redundant)
          if (GRHydro::execute_MoL_Step)
            GRHydro::GRHydro_SqrtSpatialDeterminant: Calculate sdetg
          if (GRHydro::execute_MoL_PostStep)
            GRHydro::Con2Prim: Convert back to primitive variables (general) - MHD version
        GROUP SetTmunu: Calculate the stress-energy tensor
        GROUP ADMConstraintsGroup: Evaluate ADM constraints, and perform symmetry boundary conditions
      [CCTK_POSTSTEP]
        GRHydro::GRHydro_RefinementLevel: Calculate current refinement level (for the check of the C2P mask)
        GRHydro::check_GRHydro_C2P_failed: Check the mask function that contains the points where C2P has failed and report an error in case a failure is found
        GROUP HydroBase_ExcisionHasBeenSet: Group to schedule thorns changing the mask before and thorns using the mask after
        GROUP zzz_NaNChecker_NaNCheck: Check for NaNs and count them in NaNChecker::NaNsFound
          NaNChecker::NaNChecker_NaNCheck_Prepare: [level] Prepare data structures to check for NaNs
          NaNChecker::NaNChecker_NaNCheck_Check: [local] Check for NaNs
          NaNChecker::NaNChecker_NaNCheck_Finish: [level] Count NaNs in NaNChecker::NaNsFound
        NaNChecker::NaNChecker_TakeAction: [global] [loop-level] Output NaNChecker::NaNmask and take action according to NaNChecker::action_if_found
        SpaceMask::CheckMask: Ensure that all mask values are legal
    endif
    if (recover initial data)
      [CCTK_BASEGRID]
        ADMBase::ADMBase_SetShiftStateOn: Set the shift_state variable to 1
        ADMBase::ADMBase_SetDtLapseStateOff: Set the dtlapse_state variable to 0
        ADMBase::ADMBase_SetDtShiftStateOff: Set the dtshift_state variable to 0
        ADMMacros::ADMMacros_SetLocalSpatialOrder: Initialize the local_spatial_order
        CartGrid3D::SpatialSpacings: Set up ranges for spatial 3D Cartesian coordinates (on all grids)
        CartGrid3D::SpatialCoordinates: Set up spatial 3D Cartesian coordinates on the GH
        GROUP MaskBase_SetupMask: Set up the weight function
          GROUP MaskBase_SetupMaskAll: Set up the weight function
            CarpetReduce::MaskBase_AllocateMask: [global] Allocate the weight function
            CarpetReduce::MaskBase_InitMask: [global] [loop-local] Initialise the weight function
            GROUP SetupIMaskInternal: Set up the integer weight function (schedule other routines in here)
              CarpetReduce::CoordBase_SetupMask: [global] [loop-local] Set up the outer boundaries of the weight function
              CarpetReduce::CarpetMaskSetup: [global] [loop-singlemap] Set up the weight function for the restriction regions
            GROUP SetupIMask: Set up the integer weight function (schedule other routines in here)
            CarpetReduce::MaskBase_SetMask: [global] [loop-local] Set the weight function
            GROUP SetupMask: Set up the real weight function (schedule other routines in here)
            CarpetReduce::MaskBase_TestMask: [global] Test the weight function
        GRHydro::GRHydro_Reset_Execution_Flags: [global] Initially set execution flags to 'YEAH, Execute'!
        GRHydro::GRHydro_InitSymBound: Schedule symmetries and check shift state
        GRHydro::reset_GRHydro_C2P_failed: Initialise the mask function that contains the points where C2P has failed (at BASEGRID)
        NaNChecker::NaNChecker_ResetCounter: [global] Reset the NaNChecker::NaNsFound counter
        SpaceMask::MaskZero: Initialise mask to zero
        SpaceMask::MaskOne: Set old style mask to one
        SymBase::SymBase_Check: Check whether the driver set up the grid consistently
        TerminationTrigger::TerminationTrigger_ResetTrigger: Clear trigger state
        TerminationTrigger::TerminationTrigger_StartTimer: Start timer
        TerminationTrigger::TerminationTrigger_CreateFile: Create termination file
        Time::Time_Initialise: [global] Initialise Time variables
        Time::TemporalSpacings: [singlemap] Set timestep based on Courant condition (courant_static)
      [CCTK_RECOVER_VARIABLES]
      [CCTK_POST_RECOVER_VARIABLES]
        CarpetIOHDF5::CarpetIOHDF5_InitCheckpointingIntervals: [global] Initialisation of checkpointing intervals after recovery
        GROUP MaskBase_SetupMask: Set up the weight function
          GROUP MaskBase_SetupMaskAll: Set up the weight function
            CarpetReduce::MaskBase_AllocateMask: [global] Allocate the weight function
            CarpetReduce::MaskBase_InitMask: [global] [loop-local] Initialise the weight function
            GROUP SetupIMaskInternal: Set up the integer weight function (schedule other routines in here)
              CarpetReduce::CoordBase_SetupMask: [global] [loop-local] Set up the outer boundaries of the weight function
              CarpetReduce::CarpetMaskSetup: [global] [loop-singlemap] Set up the weight function for the restriction regions
            GROUP SetupIMask: Set up the integer weight function (schedule other routines in here)
            CarpetReduce::MaskBase_SetMask: [global] [loop-local] Set the weight function
            GROUP SetupMask: Set up the real weight function (schedule other routines in here)
            CarpetReduce::MaskBase_TestMask: [global] Test the weight function
        GRHydro::GRHydro_EOSHandle: [global] Set the EOS number
        GRHydro::GRHydroCopyIntegerMask: Initialize the real valued atmosphere mask after checkpoint recovery
        GRHydro::GRHydro_SqrtSpatialDeterminant: Calculate sdetg
        GROUP HydroBase_ExcisionMaskSetup: Set up hydro excision mask
          HydroBase::HydroBase_InitExcisionMask: Initialize hydro excision mask to 'no excision everywhere'
        GROUP MoL_PostStep: Ensure that everything is correct after recovery
          ADMBase::ADMBase_Boundaries: [level] Select ADMBase boundary conditions - may be required for mesh refinement
          GROUP ADMBase_ApplyBCs: Apply the boundary conditions of ADMBase
            GROUP BoundaryConditions: Execute all boundary conditions
              Boundary::Boundary_ApplyPhysicalBCs: Apply all requested local physical boundary conditions
              CartGrid3D::CartGrid3D_ApplyBC: Apply symmetry boundary conditions
            Boundary::Boundary_ClearSelection: [level] Unselect all grid variables for boundary conditions
            GRHydro_InitData::GRHydro_Diagshock2D_BoundaryM: 2-D Diagonal shock boundary conditions
          GROUP ADMBase_SetADMVars: Set the ADM variables before this group, and use them afterwards
          GRHydro::GRHydro_RefinementLevel: Calculate current refinement level
          GRHydro::GRHydro_SetLastMoLPostStep: [level] Set grid scalar InLastMoLPostStep if this is the last MoL PostStep call
          GROUP HydroBase_PostStep: Post step tasks for hydro thorns
            GROUP GRHydro_PostStep: Post step tasks for GRHydro
            GROUP GRHydro_AtmosphereMaskBoundaries: Apply boundary conditions to primitives
              GRHydro::GRHydro_SelectAtmosphereMaskBoundaries: [level] Select atmosphere mask for boundary conditions
              GROUP GRHydro_ApplyAtmosphereMaskBCs: Apply boundary conditions to real-valued atmosphere mask
                GROUP BoundaryConditions: Execute all boundary conditions
                  Boundary::Boundary_ApplyPhysicalBCs: Apply all requested local physical boundary conditions
                  CartGrid3D::CartGrid3D_ApplyBC: Apply symmetry boundary conditions
                Boundary::Boundary_ClearSelection: [level] Unselect all grid variables for boundary conditions
                GRHydro_InitData::GRHydro_Diagshock2D_BoundaryM: 2-D Diagonal shock boundary conditions
            GRHydro::GRHydroPostSyncAtmosphereMask: Set integer atmosphere mask from synchronized real atmosphere mask
            if (GRHydro::InLastMoLPostStep)
              GRHydro::GRHydro_AtmosphereResetM: Reset the atmosphere - MHD version
            GRHydro::GRHydro_CalcBcom: Compute comoving magnetic field, pressure, etc...
            GROUP HydroBase_Boundaries: HydroBase-internal Boundary conditions group
              GROUP Do_GRHydro_Boundaries: GRHydro Boundary conditions group
              GROUP HydroBase_Select_Boundaries: Group to schedule the boundary condition functions
                if (GRHydro::execute_MoL_PostStep)
                  GRHydro::GRHydro_Bound: [level] Select GRHydro boundary conditions
              GROUP HydroBase_ApplyBCs: Apply the boundary conditions of HydroBase
                GROUP BoundaryConditions: Execute all boundary conditions
                  Boundary::Boundary_ApplyPhysicalBCs: Apply all requested local physical boundary conditions
                  CartGrid3D::CartGrid3D_ApplyBC: Apply symmetry boundary conditions
                Boundary::Boundary_ClearSelection: [level] Unselect all grid variables for boundary conditions
                GRHydro_InitData::GRHydro_Diagshock2D_BoundaryM: 2-D Diagonal shock boundary conditions
            GROUP HydroBase_Con2Prim: Convert from conservative to primitive variables
              if (GRHydro::execute_MoL_Step)
                GRHydro::GRHydro_SqrtSpatialDeterminant: Calculate sdetg
              if (GRHydro::execute_MoL_PostStep)
                GRHydro::Con2Prim: Convert back to primitive variables (general) - MHD version
        GROUP zzz_NaNChecker_NaNCheck: Check for NaNs and count them in NaNChecker::NaNsFound
          NaNChecker::NaNChecker_NaNCheck_Prepare: [level] Prepare data structures to check for NaNs
          NaNChecker::NaNChecker_NaNCheck_Check: [local] Check for NaNs
          NaNChecker::NaNChecker_NaNCheck_Finish: [level] Count NaNs in NaNChecker::NaNsFound
        NaNChecker::NaNChecker_TakeAction: [global] [loop-level] Output NaNChecker::NaNmask and take action according to NaNChecker::action_if_found
        TerminationTrigger::TerminationTrigger_ResetMinutes: [global] Reset Watchtime
    endif
    if (checkpoint initial data)
      [CCTK_CPINITIAL]
        CarpetIOHDF5::CarpetIOHDF5_InitialDataCheckpoint: [meta] Initial data checkpoint routine
    endif
    if (analysis)
      [CCTK_ANALYSIS]
        CarpetLib::CarpetLib_printtimestats: [global] Print timing statistics if desired
        CarpetLib::CarpetLib_printmemstats: [global] Print memory statistics if desired
        LoopControl::LC_statistics_analysis: [meta] Output LoopControl statistics
        SystemStatistics::SystemStatistics_Collect: [global] Collect system statistics
        TerminationTrigger::TerminationTrigger_CheckWalltime: Check elapsed job walltime
        TerminationTrigger::TerminationTrigger_CheckSignal: Check if we received a termination signal
        TerminationTrigger::TerminationTrigger_CheckFile: Check termination file
        TimerReport::zzz_TimerReport_Output: [global] Print the timer report
  endif
  Output grid variables

  do loop over timesteps
    [CCTK_PREREGRID]
    Change grid hierarchy
    [CCTK_POSTREGRID]
      CartGrid3D::SpatialCoordinates: Set Coordinates after regridding
      GROUP MaskBase_SetupMask: Set up the weight function
        GROUP MaskBase_SetupMaskAll: Set up the weight function
          CarpetReduce::MaskBase_AllocateMask: [global] Allocate the weight function
          CarpetReduce::MaskBase_InitMask: [global] [loop-local] Initialise the weight function
          GROUP SetupIMaskInternal: Set up the integer weight function (schedule other routines in here)
            CarpetReduce::CoordBase_SetupMask: [global] [loop-local] Set up the outer boundaries of the weight function
            CarpetReduce::CarpetMaskSetup: [global] [loop-singlemap] Set up the weight function for the restriction regions
          GROUP SetupIMask: Set up the integer weight function (schedule other routines in here)
          CarpetReduce::MaskBase_SetMask: [global] [loop-local] Set the weight function
          GROUP SetupMask: Set up the real weight function (schedule other routines in here)
          CarpetReduce::MaskBase_TestMask: [global] Test the weight function
      SpaceMask::MaskZero: Initialise mask to zero
      GROUP HydroBase_ExcisionMaskSetup: Set up hydro excision mask
        HydroBase::HydroBase_InitExcisionMask: Initialize hydro excision mask to 'no excision everywhere'
      SpaceMask::MaskOne: Set mask to one
      GRHydro::GRHydro_SetupMask: Initialize the atmosphere mask
      GROUP MoL_PostStep: Ensure that everything is correct after regridding
        ADMBase::ADMBase_Boundaries: [level] Select ADMBase boundary conditions - may be required for mesh refinement
        GROUP ADMBase_ApplyBCs: Apply the boundary conditions of ADMBase
          GROUP BoundaryConditions: Execute all boundary conditions
            Boundary::Boundary_ApplyPhysicalBCs: Apply all requested local physical boundary conditions
            CartGrid3D::CartGrid3D_ApplyBC: Apply symmetry boundary conditions
          Boundary::Boundary_ClearSelection: [level] Unselect all grid variables for boundary conditions
          GRHydro_InitData::GRHydro_Diagshock2D_BoundaryM: 2-D Diagonal shock boundary conditions
        GROUP ADMBase_SetADMVars: Set the ADM variables before this group, and use them afterwards
        GRHydro::GRHydro_RefinementLevel: Calculate current refinement level
        GRHydro::GRHydro_SetLastMoLPostStep: [level] Set grid scalar InLastMoLPostStep if this is the last MoL PostStep call
        GROUP HydroBase_PostStep: Post step tasks for hydro thorns
          GROUP GRHydro_PostStep: Post step tasks for GRHydro
          GROUP GRHydro_AtmosphereMaskBoundaries: Apply boundary conditions to primitives
            GRHydro::GRHydro_SelectAtmosphereMaskBoundaries: [level] Select atmosphere mask for boundary conditions
            GROUP GRHydro_ApplyAtmosphereMaskBCs: Apply boundary conditions to real-valued atmosphere mask
              GROUP BoundaryConditions: Execute all boundary conditions
                Boundary::Boundary_ApplyPhysicalBCs: Apply all requested local physical boundary conditions
                CartGrid3D::CartGrid3D_ApplyBC: Apply symmetry boundary conditions
              Boundary::Boundary_ClearSelection: [level] Unselect all grid variables for boundary conditions
              GRHydro_InitData::GRHydro_Diagshock2D_BoundaryM: 2-D Diagonal shock boundary conditions
          GRHydro::GRHydroPostSyncAtmosphereMask: Set integer atmosphere mask from synchronized real atmosphere mask
          if (GRHydro::InLastMoLPostStep)
            GRHydro::GRHydro_AtmosphereResetM: Reset the atmosphere - MHD version
          GRHydro::GRHydro_CalcBcom: Compute comoving magnetic field, pressure, etc...
          GROUP HydroBase_Boundaries: HydroBase-internal Boundary conditions group
            GROUP Do_GRHydro_Boundaries: GRHydro Boundary conditions group
            GROUP HydroBase_Select_Boundaries: Group to schedule the boundary condition functions
              if (GRHydro::execute_MoL_PostStep)
                GRHydro::GRHydro_Bound: [level] Select GRHydro boundary conditions
            GROUP HydroBase_ApplyBCs: Apply the boundary conditions of HydroBase
              GROUP BoundaryConditions: Execute all boundary conditions
                Boundary::Boundary_ApplyPhysicalBCs: Apply all requested local physical boundary conditions
                CartGrid3D::CartGrid3D_ApplyBC: Apply symmetry boundary conditions
              Boundary::Boundary_ClearSelection: [level] Unselect all grid variables for boundary conditions
              GRHydro_InitData::GRHydro_Diagshock2D_BoundaryM: 2-D Diagonal shock boundary conditions
          GROUP HydroBase_Con2Prim: Convert from conservative to primitive variables
            if (GRHydro::execute_MoL_Step)
              GRHydro::GRHydro_SqrtSpatialDeterminant: Calculate sdetg
            if (GRHydro::execute_MoL_PostStep)
              GRHydro::Con2Prim: Convert back to primitive variables (general) - MHD version
      GROUP MoL_PseudoEvolutionBoundaries: Apply boundary conditions to pseudo-evolved quantities
    Rotate timelevels
    iteration = iteration+1
    t = t+dt
    [CCTK_PRESTEP]
      ADMBase::ADMBase_LapseStatic: Copy the lapse to the current time level
      ADMBase::ADMBase_ShiftStatic: Copy the shift to the current time level
      ADMBase::ADMBase_Static: Copy the metric and extrinsic curvature to the current time level
      CoordGauge::Einstein_SetNextSlicing: Identify the slicing for the next iteration
      GRHydro::reset_GRHydro_C2P_failed: Reset the mask function that contains the points where C2P has failed (at PRESTEP)
      LoopControl::LC_steer: [meta] Update LoopControl algorithm preferences
      NaNChecker::NaNChecker_ResetCounter: [global] Reset the NaNChecker::NaNsFound counter
    [CCTK_EVOL]
      MoL::MoL_StartLoop: [level] Initialise the step size control
      while (MoL::MoL_Stepsize_Bad)
        GROUP MoL_Evolution: A single Cactus evolution step using MoL
          GROUP MoL_StartStep: MoL internal setup for the evolution step
            MoL::MoL_SetCounter: [level] Set the counter for the ODE method to loop over
            MoL::MoL_SetTime: [level] Ensure the correct time and timestep are used
            MoL::MoL_AllocateScratchSpace: [level] Allocate storage for scratch levels
          GROUP MoL_PreStep: Physics thorns can schedule preloop setup routines in here
            GRHydro::GRHydro_Scalar_Setup: Set up and check scalars for efficiency
          MoL::MoL_AllocateScratch: Allocate sufficient space for array scratch variables
          MoL::MoL_InitialCopy: Ensure the data is in the correct timelevel
          while (MoL::MoL_Intermediate_Step)
            GROUP MoL_Step: The loop over the intermediate steps for the ODE integrator
              MoL::MoL_InitRHS: Initialise the RHS functions
              GROUP MoL_CalcRHS: Physics thorns schedule the calculation of the discrete spatial operator in here
                GROUP HydroBase_RHS: Groups for scheduling tasks for calculating RHS of hydro variables
                  if (GRHydro::execute_MoL_Step)
                    GROUP GRHydroRHS: Calculate the update terms
                      GRHydro::SourceTerms: Source term calculation
                      GRHydro::GRHydroStartLoop: [level] Set the flux_direction variable
                      while (GRHydro::flux_direction)
                        GROUP FluxTerms: Calculation of intercell fluxes
                          GRHydro::GRHydro_RefinementLevel: Calculate current refinement level
                          GRHydro::Reconstruct: Reconstruct the functions at the cell boundaries
                          GRHydro::Riemann: Solve the local Riemann problems - MHD version
                          GRHydro::UpdateCalcul: Calculate the update term from the fluxes
                          GRHydro::GRHydroAdvanceLoop: [level] Decrement the flux_direction variable
                      end while
                      GRHydro::GRHydroUpdateAtmosphereMask: Alter the update terms if inside the atmosphere region
              GROUP MoL_PostRHS: Modify RHS functions
              GROUP MoL_RHSBoundaries: Any 'final' modifications to the RHS functions (boundaries etc.)
              MoL::MoL_Add: Updates calculated with the efficient Runge-Kutta 2 method
              MoL::MoL_DecrementCounter: [level] Alter the counter number
              MoL::MoL_ResetTime: [level] If necessary, change the time
              GROUP MoL_PostStepModify: The group for physics thorns to schedule enforcing constraints
              GROUP MoL_PostStep: The group for physics thorns to schedule boundary calls etc.
                ADMBase::ADMBase_Boundaries: [level] Select ADMBase boundary conditions - may be required for mesh refinement
                GROUP ADMBase_ApplyBCs: Apply the boundary conditions of ADMBase
                  GROUP BoundaryConditions: Execute all boundary conditions
                    Boundary::Boundary_ApplyPhysicalBCs: Apply all requested local physical boundary conditions
                    CartGrid3D::CartGrid3D_ApplyBC: Apply symmetry boundary conditions
                  Boundary::Boundary_ClearSelection: [level] Unselect all grid variables for boundary conditions
                  GRHydro_InitData::GRHydro_Diagshock2D_BoundaryM: 2-D Diagonal shock boundary conditions
                GROUP ADMBase_SetADMVars: Set the ADM variables before this group, and use them afterwards
                GRHydro::GRHydro_RefinementLevel: Calculate current refinement level
                GRHydro::GRHydro_SetLastMoLPostStep: [level] Set grid scalar InLastMoLPostStep if this is the last MoL PostStep call
                GROUP HydroBase_PostStep: Post step tasks for hydro thorns
                  GROUP GRHydro_PostStep: Post step tasks for GRHydro
                  GROUP GRHydro_AtmosphereMaskBoundaries: Apply boundary conditions to primitives
                    GRHydro::GRHydro_SelectAtmosphereMaskBoundaries: [level] Select atmosphere mask for boundary conditions
                    GROUP GRHydro_ApplyAtmosphereMaskBCs: Apply boundary conditions to real-valued atmosphere mask
                      GROUP BoundaryConditions: Execute all boundary conditions
                        Boundary::Boundary_ApplyPhysicalBCs: Apply all requested local physical boundary conditions
                        CartGrid3D::CartGrid3D_ApplyBC: Apply symmetry boundary conditions
                      Boundary::Boundary_ClearSelection: [level] Unselect all grid variables for boundary conditions
                      GRHydro_InitData::GRHydro_Diagshock2D_BoundaryM: 2-D Diagonal shock boundary conditions
                  GRHydro::GRHydroPostSyncAtmosphereMask: Set integer atmosphere mask from synchronized real atmosphere mask
                  if (GRHydro::InLastMoLPostStep)
                    GRHydro::GRHydro_AtmosphereResetM: Reset the atmosphere - MHD version
                  GRHydro::GRHydro_CalcBcom: Compute comoving magnetic field, pressure, etc...
                  GROUP HydroBase_Boundaries: HydroBase-internal Boundary conditions group
                    GROUP Do_GRHydro_Boundaries: GRHydro Boundary conditions group
                    GROUP HydroBase_Select_Boundaries: Group to schedule the boundary condition functions
                      if (GRHydro::execute_MoL_PostStep)
                        GRHydro::GRHydro_Bound: [level] Select GRHydro boundary conditions
                    GROUP HydroBase_ApplyBCs: Apply the boundary conditions of HydroBase
                      GROUP BoundaryConditions: Execute all boundary conditions
                        Boundary::Boundary_ApplyPhysicalBCs: Apply all requested local physical boundary conditions
                        CartGrid3D::CartGrid3D_ApplyBC: Apply symmetry boundary conditions
                      Boundary::Boundary_ClearSelection: [level] Unselect all grid variables for boundary conditions
                      GRHydro_InitData::GRHydro_Diagshock2D_BoundaryM: 2-D Diagonal shock boundary conditions
                  GROUP HydroBase_Con2Prim: Convert from conservative to primitive variables
                    if (GRHydro::execute_MoL_Step)
                      GRHydro::GRHydro_SqrtSpatialDeterminant: Calculate sdetg
                    if (GRHydro::execute_MoL_PostStep)
                      GRHydro::Con2Prim: Convert back to primitive variables (general) - MHD version
              GRHydro::GRHydro_ClearLastMoLPostStep: [level] Reset InLastMoLPostStep to zero
              MoL::MoL_ResetDeltaTime: [level] If necessary, change the timestep
          end while
          MoL::MoL_FinishLoop: [level] Control the step size
          MoL::MoL_RestoreSandR: Restoring the Save and Restore variables to the original state
          MoL::MoL_FreeScratchSpace: [level] Free storage for scratch levels
      end while
      GRHydro::sync_GRHydro_C2P_failed: Syncronise the mask function that contains the points where C2P has failed
      GROUP MoL_PseudoEvolution: Calculate pseudo-evolved quantities
        GROUP ADMBase_SetADMVars: Set the ADM variables before this group, and use them afterwards
        GROUP GRHydroAnalysis: Calculate analysis quantities
          GRHydro::GRHydro_CalcDivB: Calculate divB
          GROUP GRHydro_ApplyDivBBCs: Apply boundary conditions to divB
            GROUP BoundaryConditions: Execute all boundary conditions
              Boundary::Boundary_ApplyPhysicalBCs: Apply all requested local physical boundary conditions
              CartGrid3D::CartGrid3D_ApplyBC: Apply symmetry boundary conditions
            Boundary::Boundary_ClearSelection: [level] Unselect all grid variables for boundary conditions
            GRHydro_InitData::GRHydro_Diagshock2D_BoundaryM: 2-D Diagonal shock boundary conditions
    Evolve finer grids recursively
    Restrict from finer grids
    [CCTK_POSTRESTRICT]
      GROUP MoL_PostStep: Ensure that everything is correct after restriction
        ADMBase::ADMBase_Boundaries: [level] Select ADMBase boundary conditions - may be required for mesh refinement
        GROUP ADMBase_ApplyBCs: Apply the boundary conditions of ADMBase
          GROUP BoundaryConditions: Execute all boundary conditions
            Boundary::Boundary_ApplyPhysicalBCs: Apply all requested local physical boundary conditions
            CartGrid3D::CartGrid3D_ApplyBC: Apply symmetry boundary conditions
          Boundary::Boundary_ClearSelection: [level] Unselect all grid variables for boundary conditions
          GRHydro_InitData::GRHydro_Diagshock2D_BoundaryM: 2-D Diagonal shock boundary conditions
        GROUP ADMBase_SetADMVars: Set the ADM variables before this group, and use them afterwards
        GRHydro::GRHydro_RefinementLevel: Calculate current refinement level
        GRHydro::GRHydro_SetLastMoLPostStep: [level] Set grid scalar InLastMoLPostStep if this is the last MoL PostStep call
        GROUP HydroBase_PostStep: Post step tasks for hydro thorns
          GROUP GRHydro_PostStep: Post step tasks for GRHydro
          GROUP GRHydro_AtmosphereMaskBoundaries: Apply boundary conditions to primitives
            GRHydro::GRHydro_SelectAtmosphereMaskBoundaries: [level] Select atmosphere mask for boundary conditions
            GROUP GRHydro_ApplyAtmosphereMaskBCs: Apply boundary conditions to real-valued atmosphere mask
              GROUP BoundaryConditions: Execute all boundary conditions
                Boundary::Boundary_ApplyPhysicalBCs: Apply all requested local physical boundary conditions
                CartGrid3D::CartGrid3D_ApplyBC: Apply symmetry boundary conditions
              Boundary::Boundary_ClearSelection: [level] Unselect all grid variables for boundary conditions
              GRHydro_InitData::GRHydro_Diagshock2D_BoundaryM: 2-D Diagonal shock boundary conditions
          GRHydro::GRHydroPostSyncAtmosphereMask: Set integer atmosphere mask from synchronized real atmosphere mask
          if (GRHydro::InLastMoLPostStep)
            GRHydro::GRHydro_AtmosphereResetM: Reset the atmosphere - MHD version
          GRHydro::GRHydro_CalcBcom: Compute comoving magnetic field, pressure, etc...
          GROUP HydroBase_Boundaries: HydroBase-internal Boundary conditions group
            GROUP Do_GRHydro_Boundaries: GRHydro Boundary conditions group
            GROUP HydroBase_Select_Boundaries: Group to schedule the boundary condition functions
              if (GRHydro::execute_MoL_PostStep)
                GRHydro::GRHydro_Bound: [level] Select GRHydro boundary conditions
            GROUP HydroBase_ApplyBCs: Apply the boundary conditions of HydroBase
              GROUP BoundaryConditions: Execute all boundary conditions
                Boundary::Boundary_ApplyPhysicalBCs: Apply all requested local physical boundary conditions
                CartGrid3D::CartGrid3D_ApplyBC: Apply symmetry boundary conditions
              Boundary::Boundary_ClearSelection: [level] Unselect all grid variables for boundary conditions
              GRHydro_InitData::GRHydro_Diagshock2D_BoundaryM: 2-D Diagonal shock boundary conditions
          GROUP HydroBase_Con2Prim: Convert from conservative to primitive variables
            if (GRHydro::execute_MoL_Step)
              GRHydro::GRHydro_SqrtSpatialDeterminant: Calculate sdetg
            if (GRHydro::execute_MoL_PostStep)
              GRHydro::Con2Prim: Convert back to primitive variables (general) - MHD version
      GROUP MoL_PseudoEvolutionBoundaries: Apply boundary conditions to pseudo-evolved quantities
    [CCTK_POSTSTEP]
      GRHydro::GRHydro_RefinementLevel: Calculate current refinement level (for the check of the C2P mask)
      GRHydro::check_GRHydro_C2P_failed: Check the mask function that contains the points where C2P has failed and report an error in case a failure is found
      GROUP HydroBase_ExcisionHasBeenSet: Group to schedule thorns changing the mask before and thorns using the mask after
      GROUP zzz_NaNChecker_NaNCheck: Check for NaNs and count them in NaNChecker::NaNsFound
        NaNChecker::NaNChecker_NaNCheck_Prepare: [level] Prepare data structures to check for NaNs
        NaNChecker::NaNChecker_NaNCheck_Check: [local] Check for NaNs
        NaNChecker::NaNChecker_NaNCheck_Finish: [level] Count NaNs in NaNChecker::NaNsFound
      NaNChecker::NaNChecker_TakeAction: [global] [loop-level] Output NaNChecker::NaNmask and take action according to NaNChecker::action_if_found
      SpaceMask::CheckMask: Ensure that all mask values are legal
    if (checkpoint)
      [CCTK_CHECKPOINT]
      CarpetIOHDF5::CarpetIOHDF5_EvolutionCheckpoint: [meta] Evolution checkpoint routine
      TimerReport::zzz_TimerReport_Checkpoint: [global] Print the timer report
    endif
    if (analysis)
      [CCTK_ANALYSIS]
      CarpetLib::CarpetLib_printtimestats: [global] Print timing statistics if desired
      CarpetLib::CarpetLib_printmemstats: [global] Print memory statistics if desired
      LoopControl::LC_statistics_analysis: [meta] Output LoopControl statistics
      SystemStatistics::SystemStatistics_Collect: [global] Collect system statistics
      TerminationTrigger::TerminationTrigger_CheckWalltime: Check elapsed job walltime
      TerminationTrigger::TerminationTrigger_CheckSignal: Check if we received a termination signal
      TerminationTrigger::TerminationTrigger_CheckFile: Check termination file
      TimerReport::zzz_TimerReport_Output: [global] Print the timer report
    endif
    Output grid variables
    enddo

  Termination routines
    [CCTK_TERMINATE]
      CarpetIOHDF5::CarpetIOHDF5_TerminationCheckpoint: [meta] Termination checkpoint routine
      LoopControl::LC_statistics_terminate: [meta] Output LoopControl statistics
      MoL::MoL_FreeIndexArrays: Free the MoL bookkeeping index arrays
      TimerReport::zzz_TimerReport_Output: [global] Print the timer report

  Shutdown routines
    [CCTK_SHUTDOWN]
      Timers::Timer_Shutdown: Prepare hierarchical timers

  Routines run after changing the grid hierarchy:
    [CCTK_POSTREGRID]
      CartGrid3D::SpatialCoordinates: Set Coordinates after regridding
      GROUP MaskBase_SetupMask: Set up the weight function
        GROUP MaskBase_SetupMaskAll: Set up the weight function
          CarpetReduce::MaskBase_AllocateMask: [global] Allocate the weight function
          CarpetReduce::MaskBase_InitMask: [global] [loop-local] Initialise the weight function
          GROUP SetupIMaskInternal: Set up the integer weight function (schedule other routines in here)
            CarpetReduce::CoordBase_SetupMask: [global] [loop-local] Set up the outer boundaries of the weight function
            CarpetReduce::CarpetMaskSetup: [global] [loop-singlemap] Set up the weight function for the restriction regions
          GROUP SetupIMask: Set up the integer weight function (schedule other routines in here)
          CarpetReduce::MaskBase_SetMask: [global] [loop-local] Set the weight function
          GROUP SetupMask: Set up the real weight function (schedule other routines in here)
          CarpetReduce::MaskBase_TestMask: [global] Test the weight function
      SpaceMask::MaskZero: Initialise mask to zero
      GROUP HydroBase_ExcisionMaskSetup: Set up hydro excision mask
        HydroBase::HydroBase_InitExcisionMask: Initialize hydro excision mask to 'no excision everywhere'
      SpaceMask::MaskOne: Set mask to one
      GRHydro::GRHydro_SetupMask: Initialize the atmosphere mask
      GROUP MoL_PostStep: Ensure that everything is correct after regridding
        ADMBase::ADMBase_Boundaries: [level] Select ADMBase boundary conditions - may be required for mesh refinement
        GROUP ADMBase_ApplyBCs: Apply the boundary conditions of ADMBase
          GROUP BoundaryConditions: Execute all boundary conditions
            Boundary::Boundary_ApplyPhysicalBCs: Apply all requested local physical boundary conditions
            CartGrid3D::CartGrid3D_ApplyBC: Apply symmetry boundary conditions
          Boundary::Boundary_ClearSelection: [level] Unselect all grid variables for boundary conditions
          GRHydro_InitData::GRHydro_Diagshock2D_BoundaryM: 2-D Diagonal shock boundary conditions
        GROUP ADMBase_SetADMVars: Set the ADM variables before this group, and use them afterwards
        GRHydro::GRHydro_RefinementLevel: Calculate current refinement level
        GRHydro::GRHydro_SetLastMoLPostStep: [level] Set grid scalar InLastMoLPostStep if this is the last MoL PostStep call
        GROUP HydroBase_PostStep: Post step tasks for hydro thorns
          GROUP GRHydro_PostStep: Post step tasks for GRHydro
          GROUP GRHydro_AtmosphereMaskBoundaries: Apply boundary conditions to primitives
            GRHydro::GRHydro_SelectAtmosphereMaskBoundaries: [level] Select atmosphere mask for boundary conditions
            GROUP GRHydro_ApplyAtmosphereMaskBCs: Apply boundary conditions to real-valued atmosphere mask
              GROUP BoundaryConditions: Execute all boundary conditions
                Boundary::Boundary_ApplyPhysicalBCs: Apply all requested local physical boundary conditions
                CartGrid3D::CartGrid3D_ApplyBC: Apply symmetry boundary conditions
              Boundary::Boundary_ClearSelection: [level] Unselect all grid variables for boundary conditions
              GRHydro_InitData::GRHydro_Diagshock2D_BoundaryM: 2-D Diagonal shock boundary conditions
          GRHydro::GRHydroPostSyncAtmosphereMask: Set integer atmosphere mask from synchronized real atmosphere mask
          if (GRHydro::InLastMoLPostStep)
            GRHydro::GRHydro_AtmosphereResetM: Reset the atmosphere - MHD version
          GRHydro::GRHydro_CalcBcom: Compute comoving magnetic field, pressure, etc...
          GROUP HydroBase_Boundaries: HydroBase-internal Boundary conditions group
            GROUP Do_GRHydro_Boundaries: GRHydro Boundary conditions group
            GROUP HydroBase_Select_Boundaries: Group to schedule the boundary condition functions
              if (GRHydro::execute_MoL_PostStep)
                GRHydro::GRHydro_Bound: [level] Select GRHydro boundary conditions
            GROUP HydroBase_ApplyBCs: Apply the boundary conditions of HydroBase
              GROUP BoundaryConditions: Execute all boundary conditions
                Boundary::Boundary_ApplyPhysicalBCs: Apply all requested local physical boundary conditions
                CartGrid3D::CartGrid3D_ApplyBC: Apply symmetry boundary conditions
              Boundary::Boundary_ClearSelection: [level] Unselect all grid variables for boundary conditions
              GRHydro_InitData::GRHydro_Diagshock2D_BoundaryM: 2-D Diagonal shock boundary conditions
          GROUP HydroBase_Con2Prim: Convert from conservative to primitive variables
            if (GRHydro::execute_MoL_Step)
              GRHydro::GRHydro_SqrtSpatialDeterminant: Calculate sdetg
            if (GRHydro::execute_MoL_PostStep)
              GRHydro::Con2Prim: Convert back to primitive variables (general) - MHD version
      GROUP MoL_PseudoEvolutionBoundaries: Apply boundary conditions to pseudo-evolved quantities
--------------------------------------------------------------------------------
INFO (Carpet): Multi-Model listing:
   model 0: "world"
INFO (Carpet): Multi-Model process distribution:
   processes 0-1: model 0 "world"
INFO (Carpet): Multi-Model: This is process 0, model 0 "world"
INFO (CarpetLib): Process startup time was 1.13 seconds
Current core file size limit: hard=[unlimited], soft=0 MB
Current addres space size limit: hard=[unlimited], soft=[unlimited]
Current data segment size limit: hard=[unlimited], soft=[unlimited]
Current resident set size limit: hard=[unlimited], soft=[unlimited]
INFO (CycleClock): Measuring CycleClock tick via OpenMP...
INFO (CycleClock): Calibrated CycleClock: 0.385175 ns per clock tick (2.59622 GHz)
INFO (Vectors): Using vector size 2 for architecture SSE2 (64-bit precision)
INFO (hwloc): library version 2.10.0, API version 0x20800
--------------------------------------------------------------------------------
AMR driver provided by Carpet
--------------------------------------------------------------------------------
AMR scalar I/O provided by CarpetIOScalar
--------------------------------------------------------------------------------
GRHydro: relativistic hydrodynamics, no ice.
--------------------------------------------------------------------------------
HydroBase: Let it flow.
--------------------------------------------------------------------------------
AMR 0D ASCII I/O provided by CarpetIOASCII
--------------------------------------------------------------------------------
AMR 1D ASCII I/O provided by CarpetIOASCII
--------------------------------------------------------------------------------
AMR 2D ASCII I/O provided by CarpetIOASCII
--------------------------------------------------------------------------------
AMR 3D ASCII I/O provided by CarpetIOASCII
--------------------------------------------------------------------------------
AMR info I/O provided by CarpetIOBasic
--------------------------------------------------------------------------------
MoL: Generalized time integration.
--------------------------------------------------------------------------------
AMR HDF5 I/O provided by CarpetIOHDF5
--------------------------------------------------------------------------------
AMR 0D HDF5 I/O provided by CarpetIOHDF5
--------------------------------------------------------------------------------
AMR 1D HDF5 I/O provided by CarpetIOHDF5
--------------------------------------------------------------------------------
AMR 2D HDF5 I/O provided by CarpetIOHDF5
--------------------------------------------------------------------------------
AMR 3D HDF5 I/O provided by CarpetIOHDF5
--------------------------------------------------------------------------------

INFO (Carpet): MPI is enabled
INFO (Carpet): Carpet is running on 2 processes
INFO (Carpet): This is process 0
INFO (Carpet): OpenMP is enabled
INFO (Carpet): This process contains 1 threads, this is thread 0
INFO (Carpet): There are 2 threads in total
INFO (Carpet): There are 1 threads per process
INFO (Carpet): This process runs on host runnervmejwal, pid=178625
INFO (Carpet): This process runs on 2 cores: 0-1
INFO (Carpet): Thread 0 runs on 2 cores: 0-1
INFO (Carpet): This simulation is running in 3 dimensions
INFO (Carpet): Boundary specification for map 0:
   nboundaryzones: [[1,1,1],[1,1,1]]
   is_internal   : [[0,0,0],[0,0,0]]
   is_staggered  : [[0,0,0],[0,0,0]]
   shiftout      : [[0,0,0],[0,0,0]]
INFO (Carpet): CoordBase domain specification for map 0:
   physical extent: [-0.353553,-0.353553,-0.00176777] : [0.353553,0.353553,0.00176777]   ([0.707107,0.707107,0.00353553])
   interior extent: [-0.318198,-0.318198,-0.00132583] : [0.318198,0.318198,0.00132583]   ([0.636396,0.636396,0.00265165])
   exterior extent: [-0.353553,-0.353553,-0.00176777] : [0.353553,0.353553,0.00176777]   ([0.707107,0.707107,0.00353553])
   base_spacing   : [0.0353553,0.0353553,0.000441942]
INFO (Carpet): Adapted domain specification for map 0:
   convergence factor: 2
   convergence level : 0
   physical extent   : [-0.353553,-0.353553,-0.00176777] : [0.353553,0.353553,0.00176777]   ([0.707107,0.707107,0.00353553])
   interior extent   : [-0.318198,-0.318198,-0.00132583] : [0.318198,0.318198,0.00132583]   ([0.636396,0.636396,0.00265165])
   exterior extent   : [-0.353553,-0.353553,-0.00176777] : [0.353553,0.353553,0.00176777]   ([0.707107,0.707107,0.00353553])
   spacing           : [0.0353553,0.0353553,0.000441942]
INFO (Carpet): Base grid specification for map 0:
   number of grid points             : [21,21,9]
   number of coarse grid ghost points: [[3,3,3],[3,3,3]]
INFO (Carpet): Buffer zone counts (excluding ghosts):
   [0]: [[0,0,0],[0,0,0]]
INFO (Carpet): Overlap zone counts:
   [0]: [[0,0,0],[0,0,0]]
INFO (Carpet): Group and variable statistics:
INFO (Carpet):    There are 607 grid functions in 108 groups
INFO (Carpet):    There are 131 grid scalars in 56 groups
INFO (Carpet):    There are 60 1-dimensional grid arrays in 10 groups
INFO (Carpet):    There are 1 2-dimensional grid arrays in 1 groups
INFO (Carpet):    There are 0 3-dimensional grid arrays in 0 groups
INFO (Carpet):    (The number of variables counts all time levels)
INFO (CarpetIOASCII): I/O Method 'IOASCII_0D' registered: 0D AMR output of grid variables to ASCII files
INFO (CarpetIOASCII): Periodic 0D AMR output requested for:
   CARPET::physical_time_per_hour
   CARPET::current_physical_time_per_hour
   CARPET::time_total
   CARPET::time_evolution
   CARPET::time_computing
   CARPET::time_communicating
   CARPET::time_io
   CARPET::evolution_steps_count
   CARPET::local_grid_points_per_second
   CARPET::total_grid_points_per_second
   CARPET::local_grid_point_updates_count
   CARPET::total_grid_point_updates_count
   CARPET::local_interior_points_per_second
   CARPET::total_interior_points_per_second
   CARPET::local_interior_point_updates_count
   CARPET::total_interior_point_updates_count
   CARPET::io_per_second
   CARPET::io_bytes_per_second
   CARPET::io_bytes_ascii_per_second
   CARPET::io_bytes_binary_per_second
   CARPET::io_count
   CARPET::io_bytes_count
   CARPET::io_bytes_ascii_count
   CARPET::io_bytes_binary_count
   CARPET::comm_per_second
   CARPET::comm_bytes_per_second
   CARPET::comm_count
   CARPET::comm_bytes_count
   CARPET::time_levels
   CARPET::current_walltime
   CARPET::syncs_count
INFO (CarpetIOASCII): I/O Method 'IOASCII_1D' registered: 1D AMR output of grid variables to ASCII files
INFO (CarpetIOASCII): Periodic 1D AMR output requested for:
   GRHYDRO::divB
   HYDROBASE::rho
   HYDROBASE::press
   HYDROBASE::eps
   HYDROBASE::vel[0]
   HYDROBASE::vel[1]
   HYDROBASE::vel[2]
   HYDROBASE::w_lorentz
   HYDROBASE::Bvec[0]
   HYDROBASE::Bvec[1]
   HYDROBASE::Bvec[2]
INFO (CarpetIOASCII): I/O Method 'IOASCII_2D' registered: 2D AMR output of grid variables to ASCII files
INFO (CarpetIOASCII): Periodic 2D AMR output requested for:
   GRHYDRO::dens
   GRHYDRO::tau
   GRHYDRO::scon[0]
   GRHYDRO::scon[1]
   GRHYDRO::scon[2]
   GRHYDRO::Bcons[0]
   GRHYDRO::Bcons[1]
   GRHYDRO::Bcons[2]
   GRHYDRO::psidc
   GRHYDRO::divB
   GRHYDRO::bcom[0]
   GRHYDRO::bcom[1]
   GRHYDRO::bcom[2]
   GRHYDRO::bcom0
   GRHYDRO::bcom_sq
   HYDROBASE::rho
   HYDROBASE::press
   HYDROBASE::eps
   HYDROBASE::vel[0]
   HYDROBASE::vel[1]
   HYDROBASE::vel[2]
   HYDROBASE::w_lorentz
   HYDROBASE::Bvec[0]
   HYDROBASE::Bvec[1]
   HYDROBASE::Bvec[2]
INFO (CarpetIOASCII): I/O Method 'IOASCII_3D' registered: 3D AMR output of grid variables to ASCII files
INFO (CarpetIOHDF5): I/O Method 'IOHDF5' registered: AMR output of grid variables to HDF5 files
INFO (CarpetIOHDF5): I/O Method 'IOHDF5_0D' registered: 0D AMR output of grid variables to HDF5 files
INFO (CarpetIOHDF5): I/O Method 'IOHDF5_1D' registered: 1D AMR output of grid variables to HDF5 files
INFO (CarpetIOHDF5): I/O Method 'IOHDF5_2D' registered: 2D AMR output of grid variables to HDF5 files
INFO (CarpetIOHDF5): Periodic 2D AMR output requested for:
   GRHYDRO::dens
   GRHYDRO::tau
   GRHYDRO::scon[0]
   GRHYDRO::scon[1]
   GRHYDRO::scon[2]
   GRHYDRO::Bcons[0]
   GRHYDRO::Bcons[1]
   GRHYDRO::Bcons[2]
   GRHYDRO::psidc
   GRHYDRO::divB
   GRHYDRO::bcom[0]
   GRHYDRO::bcom[1]
   GRHYDRO::bcom[2]
   GRHYDRO::bcom0
   GRHYDRO::bcom_sq
   HYDROBASE::rho
   HYDROBASE::press
   HYDROBASE::eps
   HYDROBASE::vel[0]
   HYDROBASE::vel[1]
   HYDROBASE::vel[2]
   HYDROBASE::w_lorentz
   HYDROBASE::Bvec[0]
   HYDROBASE::Bvec[1]
   HYDROBASE::Bvec[2]
INFO (CarpetIOHDF5): I/O Method 'IOHDF5_3D' registered: 3D AMR output of grid variables to HDF5 files
INFO (CarpetIOHDF5): Periodic 3D AMR output requested for:
   GRHYDRO::divB
   GRHYDRO::bcom[0]
   GRHYDRO::bcom[1]
   GRHYDRO::bcom[2]
   GRHYDRO::bcom0
   GRHYDRO::bcom_sq
   HYDROBASE::rho
   HYDROBASE::press
   HYDROBASE::eps
   HYDROBASE::vel[0]
   HYDROBASE::vel[1]
   HYDROBASE::vel[2]
   HYDROBASE::w_lorentz
   HYDROBASE::Bvec[0]
   HYDROBASE::Bvec[1]
   HYDROBASE::Bvec[2]
INFO (MoL): Using Runge-Kutta 2 as the time integrator.
INFO (MoL): The maximum number of evolved variables is 439. 8 are registered.
INFO (MoL): The maximum number of slow evolved variables is 439. 0 are registered.
INFO (MoL): The maximum number of constrained variables is 439. 10 are registered.
INFO (MoL): The maximum number of SandR variables is 439. 16 are registered.
INFO (MoL): The maximum number of evolved array variables is 439. 0 are registered.
INFO (MoL): The maximum number of constrained array variables is 439. 0 are registered.
INFO (MoL): The maximum number of SandR array variables is 439. 0 are registered.
INFO (MoL): The maximum size of any array variables is 0.
INFO (Vectors): Testing vectorisation... [errors may result in segfaults]
INFO (Vectors): 375/375 tests passed 
INFO (CartGrid3D): Grid Spacings:
INFO (CartGrid3D): dx=>3.5355339e-02  dy=>3.5355339e-02  dz=>4.4194174e-04
INFO (CartGrid3D): Computational Coordinates:
INFO (CartGrid3D): x=>[-0.354, 0.354]  y=>[-0.354, 0.354]  z=>[-0.002, 0.002]
INFO (CartGrid3D): Indices of Physical Coordinates:
INFO (CartGrid3D): x=>[0,20]  y=>[0,20]  z=>[0,8]
INFO (TerminationTrigger): Reminding you every 60 minutes about remaining walltime
INFO (Time): Timestep set to 0.000176777 (courant_static)
INFO (GRHydro): Trying to get EOS handles
INFO (GRHydro): Trying to get EOS handles
INFO (GRHydro): GRHydro will use the Ideal_Fluid equation of state.
INFO (GRHydro): Setting up the atmosphere mask: all points are not_atmosphere
[1mWARNING level 2 from host runnervmejwal.hgkdwdqozxjevm244zrubbhq3g.ex.internal.cloudapp.net process 0
  in thorn Carpet, file /home/runner/work/tests/tests/master/configs/sim/build/Carpet/Comm.cc:103:
  ->[0m Synchronising group "GRHYDRO::TAU" in local mode
[1mWARNING level 2 from host runnervmejwal.hgkdwdqozxjevm244zrubbhq3g.ex.internal.cloudapp.net process 0
  in thorn Carpet, file /home/runner/work/tests/tests/master/configs/sim/build/Carpet/Comm.cc:103:
  ->[0m Synchronising group "GRHYDRO::DENS" in local mode
[1mWARNING level 2 from host runnervmejwal.hgkdwdqozxjevm244zrubbhq3g.ex.internal.cloudapp.net process 0
  in thorn Carpet, file /home/runner/work/tests/tests/master/configs/sim/build/Carpet/Comm.cc:103:
  ->[0m Synchronising group "GRHYDRO::SCON" in local mode
[1mWARNING level 2 from host runnervmejwal.hgkdwdqozxjevm244zrubbhq3g.ex.internal.cloudapp.net process 0
  in thorn Carpet, file /home/runner/work/tests/tests/master/configs/sim/build/Carpet/Comm.cc:103:
  ->[0m Synchronising group "GRHYDRO::BCONS" in local mode
[1mWARNING level 2 from host runnervmejwal.hgkdwdqozxjevm244zrubbhq3g.ex.internal.cloudapp.net process 0
  in thorn Carpet, file /home/runner/work/tests/tests/master/configs/sim/build/Carpet/Comm.cc:103:
  ->[0m Synchronising group "GRHYDRO::TAU" in local mode
[1mWARNING level 2 from host runnervmejwal.hgkdwdqozxjevm244zrubbhq3g.ex.internal.cloudapp.net process 0
  in thorn Carpet, file /home/runner/work/tests/tests/master/configs/sim/build/Carpet/Comm.cc:103:
  ->[0m Synchronising group "GRHYDRO::DENS" in local mode
[1mWARNING level 2 from host runnervmejwal.hgkdwdqozxjevm244zrubbhq3g.ex.internal.cloudapp.net process 0
  in thorn Carpet, file /home/runner/work/tests/tests/master/configs/sim/build/Carpet/Comm.cc:103:
  ->[0m Synchronising group "GRHYDRO::SCON" in local mode
[1mWARNING level 2 from host runnervmejwal.hgkdwdqozxjevm244zrubbhq3g.ex.internal.cloudapp.net process 0
  in thorn Carpet, file /home/runner/work/tests/tests/master/configs/sim/build/Carpet/Comm.cc:103:
  ->[0m Synchronising group "GRHYDRO::BCONS" in local mode
[1mWARNING level 2 from host runnervmejwal.hgkdwdqozxjevm244zrubbhq3g.ex.internal.cloudapp.net process 0
  in thorn Carpet, file /home/runner/work/tests/tests/master/configs/sim/build/Carpet/Comm.cc:103:
  ->[0m Synchronising group "GRHYDRO::TAU" in local mode
[1mWARNING level 2 from host runnervmejwal.hgkdwdqozxjevm244zrubbhq3g.ex.internal.cloudapp.net process 0
  in thorn Carpet, file /home/runner/work/tests/tests/master/configs/sim/build/Carpet/Comm.cc:103:
  ->[0m Synchronising group "GRHYDRO::DENS" in local mode
[1mWARNING level 2 from host runnervmejwal.hgkdwdqozxjevm244zrubbhq3g.ex.internal.cloudapp.net process 0
  in thorn Carpet, file /home/runner/work/tests/tests/master/configs/sim/build/Carpet/Comm.cc:103:
  ->[0m Synchronising group "GRHYDRO::SCON" in local mode
[1mWARNING level 2 from host runnervmejwal.hgkdwdqozxjevm244zrubbhq3g.ex.internal.cloudapp.net process 0
  in thorn Carpet, file /home/runner/work/tests/tests/master/configs/sim/build/Carpet/Comm.cc:103:
  ->[0m Synchronising group "GRHYDRO::BCONS" in local mode
[1mWARNING level 2 from host runnervmejwal.hgkdwdqozxjevm244zrubbhq3g.ex.internal.cloudapp.net process 0
  in thorn Carpet, file /home/runner/work/tests/tests/master/configs/sim/build/Carpet/Comm.cc:103:
  ->[0m Synchronising group "GRHYDRO::TAU" in local mode
[1mWARNING level 2 from host runnervmejwal.hgkdwdqozxjevm244zrubbhq3g.ex.internal.cloudapp.net process 0
  in thorn Carpet, file /home/runner/work/tests/tests/master/configs/sim/build/Carpet/Comm.cc:103:
  ->[0m Synchronising group "GRHYDRO::DENS" in local mode
[1mWARNING level 2 from host runnervmejwal.hgkdwdqozxjevm244zrubbhq3g.ex.internal.cloudapp.net process 0
  in thorn Carpet, file /home/runner/work/tests/tests/master/configs/sim/build/Carpet/Comm.cc:103:
  ->[0m Synchronising group "GRHYDRO::SCON" in local mode
[1mWARNING level 2 from host runnervmejwal.hgkdwdqozxjevm244zrubbhq3g.ex.internal.cloudapp.net process 0
  in thorn Carpet, file /home/runner/work/tests/tests/master/configs/sim/build/Carpet/Comm.cc:103:
  ->[0m Synchronising group "GRHYDRO::BCONS" in local mode
[1mWARNING level 2 from host runnervmejwal.hgkdwdqozxjevm244zrubbhq3g.ex.internal.cloudapp.net process 0
  in thorn Carpet, file /home/runner/work/tests/tests/master/configs/sim/build/Carpet/Comm.cc:103:
  ->[0m Synchronising group "GRHYDRO::TAU" in local mode
[1mWARNING level 2 from host runnervmejwal.hgkdwdqozxjevm244zrubbhq3g.ex.internal.cloudapp.net process 0
  in thorn Carpet, file /home/runner/work/tests/tests/master/configs/sim/build/Carpet/Comm.cc:103:
  ->[0m Synchronising group "GRHYDRO::DENS" in local mode
[1mWARNING level 2 from host runnervmejwal.hgkdwdqozxjevm244zrubbhq3g.ex.internal.cloudapp.net process 0
  in thorn Carpet, file /home/runner/work/tests/tests/master/configs/sim/build/Carpet/Comm.cc:103:
  ->[0m Synchronising group "GRHYDRO::SCON" in local mode
[1mWARNING level 2 from host runnervmejwal.hgkdwdqozxjevm244zrubbhq3g.ex.internal.cloudapp.net process 0
  in thorn Carpet, file /home/runner/work/tests/tests/master/configs/sim/build/Carpet/Comm.cc:103:
  ->[0m Synchronising group "GRHYDRO::BCONS" in local mode
[1mWARNING level 2 from host runnervmejwal.hgkdwdqozxjevm244zrubbhq3g.ex.internal.cloudapp.net process 0
  in thorn Carpet, file /home/runner/work/tests/tests/master/configs/sim/build/Carpet/Comm.cc:103:
  ->[0m Synchronising group "GRHYDRO::TAU" in local mode
[1mWARNING level 2 from host runnervmejwal.hgkdwdqozxjevm244zrubbhq3g.ex.internal.cloudapp.net process 0
  in thorn Carpet, file /home/runner/work/tests/tests/master/configs/sim/build/Carpet/Comm.cc:103:
  ->[0m Synchronising group "GRHYDRO::DENS" in local mode
[1mWARNING level 2 from host runnervmejwal.hgkdwdqozxjevm244zrubbhq3g.ex.internal.cloudapp.net process 0
  in thorn Carpet, file /home/runner/work/tests/tests/master/configs/sim/build/Carpet/Comm.cc:103:
  ->[0m Synchronising group "GRHYDRO::SCON" in local mode
[1mWARNING level 2 from host runnervmejwal.hgkdwdqozxjevm244zrubbhq3g.ex.internal.cloudapp.net process 0
  in thorn Carpet, file /home/runner/work/tests/tests/master/configs/sim/build/Carpet/Comm.cc:103:
  ->[0m Synchronising group "GRHYDRO::BCONS" in local mode
[1mWARNING level 2 from host runnervmejwal.hgkdwdqozxjevm244zrubbhq3g.ex.internal.cloudapp.net process 0
  in thorn Carpet, file /home/runner/work/tests/tests/master/configs/sim/build/Carpet/Comm.cc:103:
  ->[0m Synchronising group "GRHYDRO::TAU" in local mode
[1mWARNING level 2 from host runnervmejwal.hgkdwdqozxjevm244zrubbhq3g.ex.internal.cloudapp.net process 0
  in thorn Carpet, file /home/runner/work/tests/tests/master/configs/sim/build/Carpet/Comm.cc:103:
  ->[0m Synchronising group "GRHYDRO::DENS" in local mode
[1mWARNING level 2 from host runnervmejwal.hgkdwdqozxjevm244zrubbhq3g.ex.internal.cloudapp.net process 0
  in thorn Carpet, file /home/runner/work/tests/tests/master/configs/sim/build/Carpet/Comm.cc:103:
  ->[0m Synchronising group "GRHYDRO::SCON" in local mode
[1mWARNING level 2 from host runnervmejwal.hgkdwdqozxjevm244zrubbhq3g.ex.internal.cloudapp.net process 0
  in thorn Carpet, file /home/runner/work/tests/tests/master/configs/sim/build/Carpet/Comm.cc:103:
  ->[0m Synchronising group "GRHYDRO::BCONS" in local mode
[1mWARNING level 2 from host runnervmejwal.hgkdwdqozxjevm244zrubbhq3g.ex.internal.cloudapp.net process 0
  in thorn Carpet, file /home/runner/work/tests/tests/master/configs/sim/build/Carpet/Comm.cc:103:
  ->[0m Synchronising group "GRHYDRO::TAU" in local mode
[1mWARNING level 2 from host runnervmejwal.hgkdwdqozxjevm244zrubbhq3g.ex.internal.cloudapp.net process 0
  in thorn Carpet, file /home/runner/work/tests/tests/master/configs/sim/build/Carpet/Comm.cc:103:
  ->[0m Synchronising group "GRHYDRO::DENS" in local mode
[1mWARNING level 2 from host runnervmejwal.hgkdwdqozxjevm244zrubbhq3g.ex.internal.cloudapp.net process 0
  in thorn Carpet, file /home/runner/work/tests/tests/master/configs/sim/build/Carpet/Comm.cc:103:
  ->[0m Synchronising group "GRHYDRO::SCON" in local mode
[1mWARNING level 2 from host runnervmejwal.hgkdwdqozxjevm244zrubbhq3g.ex.internal.cloudapp.net process 0
  in thorn Carpet, file /home/runner/work/tests/tests/master/configs/sim/build/Carpet/Comm.cc:103:
  ->[0m Synchronising group "GRHYDRO::BCONS" in local mode
      GRHydro_InitialAtmosphereReset
Memory statistics from CarpetLib:
   Current number of objects: 206
   Current allocated memory:  2.14 MB
   Maximum number of objects: 208
   Maximum allocated memory:  2.17 MB
   Current administrative memory: 0.756 MB
   Total allocated used system memory: 14.8 MB
   Total allocated free system memory: 0.313 MB
   gh::allmemory:    51184
   dh::allmemory:    598608
   th::allmemory:    13920
   ggf::allmemory:   78024
   gdata::allmemory: 14048
-------------------------------------------------------------------------------------------
Iteration      Time | *me_per_hour | *RO::bcom_sq | *ROBASE::rho | *BASE::press | *axrss_mb
                    |              |      maximum |      maximum |      maximum |   maximum
-------------------------------------------------------------------------------------------
        0     0.000 |    0.0000000 |    1.2500000 |    1.0000000 |    1.0000000 |        61
---------------------------------------------------------------------------------------------------------------------------------------------------------
Time      Time   Imblnc   Timer                                               gettimeof  getrusage      cycle  cycle[avg  cycle[sdv  cycle[min  cycle[max
percent   secs   percent                                                           secs       secs       secs       secs       secs       secs       secs
---------------------------------------------------------------------------------------------------------------------------------------------------------
 100.0%      0.0    0.0%  Initialise                                            0.01609    0.01203  4.177e+07  4.177e+07          0  4.177e+07  4.177e+07
  14.4%      0.0    2.3%  |_CallAnalysis                                       0.002367   0.002353  6.144e+06  6.144e+06          0  6.144e+06  6.144e+06
   4.2%      0.0    4.5%  | |_CCTK_ANALYSIS                                    0.000716   0.000702  1.857e+06  1.857e+06          0  1.857e+06  1.857e+06
   3.8%      0.0    5.1%  | | |_CallFunction                                   0.000652   0.000638  1.688e+06  2.111e+05   6.76e+05  4.971e+04  8.063e+05
   2.7%      0.0    9.1%  | | | |_thorns                                       0.000484   0.000475  1.257e+06  1.571e+05  6.929e+05  1.755e+04  7.633e+05
   1.5%      0.0   13.5%  | | | | |_CarpetLib_printmemstats                    0.000288   0.000288  7.488e+05  7.488e+05          0  7.488e+05  7.488e+05
   1.1%      0.0          | | | |_untimed
   9.0%      0.0    1.4%  | |_OutputGH                                         0.001474   0.001474  3.827e+06  3.827e+06          0  3.827e+06  3.827e+06
   9.0%      0.0    1.5%  | | |_OutputGH                                       0.001469   0.001468  3.812e+06  3.812e+06          0  3.812e+06  3.812e+06
   5.5%      0.0    1.4%  | | | |_IOASCII::IOASCII_1D [2]                      0.000878   0.000878  2.279e+06  2.279e+06          0  2.279e+06  2.279e+06
   5.5%      0.0    1.5%  | | | | |_OutputGH<1>                                 0.00087   0.000871  2.263e+06  2.263e+06          0  2.263e+06  2.263e+06
   1.7%      0.0   10.5%  | | | |_IOBasic::CarpetIOBasic [5]                   0.000306   0.000307  7.951e+05  7.951e+05          0  7.951e+05  7.951e+05
   1.7%      0.0   10.7%  | | | | |_OutputGH                                     0.0003     0.0003    7.8e+05    7.8e+05          0    7.8e+05    7.8e+05
  45.8%      0.0    0.0%  |_CallInitial                                        0.007374   0.003361  1.914e+07  1.914e+07          0  1.914e+07  1.914e+07
   8.3%      0.0    3.0%  | |_CCTK_BASEGRID                                    0.001373   0.000153  3.565e+06  3.565e+06          0  3.565e+06  3.565e+06
   7.3%      0.0    3.6%  | | |_CallFunction                                   0.001223   0.000125  3.173e+06  1.322e+05  3.803e+05  4.729e+04  3.085e+05
   3.8%      0.0    7.5%  | | | |_thorns                                        0.00066    2.7e-05  1.671e+06  6.962e+04  3.073e+05  1.438e+04   2.05e+05
   3.5%      0.0          | | | |_untimed
   9.0%      0.0    1.9%  | |_CCTK_INITIAL                                     0.001479   0.000709  3.839e+06  3.839e+06          0  3.839e+06  3.839e+06
   8.2%      0.0    2.3%  | | |_CallFunction                                   0.001355   0.000677  3.523e+06  1.854e+05  1.336e+06  2.288e+04  1.432e+06
   5.9%      0.0    2.9%  | | | |_thorns                                        0.00098   0.000582  2.537e+06  1.335e+05  1.323e+06  1.539e+04  1.373e+06
   3.1%      0.0    3.2%  | | | | |_GRHydro_shocktubeM                         0.000523   0.000353   1.36e+06   1.36e+06          0   1.36e+06   1.36e+06
   2.3%      0.0          | | | |_untimed
  23.2%      0.0    1.6%  | |_CCTK_POSTINITIAL                                 0.003674   0.001659   9.54e+06   9.54e+06          0   9.54e+06   9.54e+06
  22.0%      0.0    1.6%  | | |_CallFunction                                   0.003483   0.001564  9.035e+06  3.115e+05  2.191e+06  1.576e+04  1.566e+06
   3.5%      0.0    8.9%  | | | |_syncs                                        0.000507   0.000285  1.315e+06  4.384e+05  4.167e+05  1.055e+05  6.656e+05
   3.3%      0.0    9.7%  | | | | |_Sync                                       0.000476   0.000265  1.239e+06   4.13e+05   3.99e+05  9.199e+04  6.216e+05
   1.1%      0.0    1.1%  | | | | | |_comm_state[2].state_get_buffer_sizes.s   0.000179    7.6e-05  4.668e+05  1.556e+05  1.872e+05       5564  2.559e+05
  15.4%      0.0    0.3%  | | | |_thorns                                       0.002463   0.001039  6.386e+06  2.202e+05  2.093e+06       9464  1.506e+06
   3.4%      0.0    3.7%  | | | | |_Con2Prim                                   0.000574          0  1.491e+06  1.491e+06          0  1.491e+06  1.491e+06
   8.8%      0.0    1.8%  | | | | |_GRHydro_Diagshock2D_BoundaryM              0.001394   0.000828  3.619e+06  9.046e+05  9.314e+04  8.482e+05  9.775e+05
   5.8%      0.0   22.4%  | | | | | |_Sync                                     0.000664   0.000359  1.718e+06  2.147e+05  8.218e+04  1.816e+05  2.788e+05
   1.1%      0.0    5.5%  | | | | | | |_comm_state[3].state_fill_send_buffer   0.000162    7.2e-05  3.885e+05  4.856e+04  2.504e+04  3.806e+04  6.188e+04
   2.0%      0.0   42.5%  | | | | | | |_comm_state[6].state_do_some_work.ste    8.3e-05    4.6e-05  2.207e+05  2.759e+04  1.555e+04  2.239e+04  4.064e+04
   2.9%      0.0          | | | | | |_untimed
   3.2%      0.0          | | | |_untimed
   1.2%      0.0          | | |_untimed
   4.3%      0.0    0.7%  | |_Poison                                           0.000683   0.000682  1.772e+06  1.772e+06          0  1.772e+06  1.772e+06
  11.7%      0.0    0.3%  |_CallPostInitial                                     0.00188   0.001873   4.88e+06   4.88e+06          0   4.88e+06   4.88e+06
   5.7%      0.0    3.0%  | |_CCTK_POSTPOSTINITIAL                             0.000944   0.000938   2.45e+06   2.45e+06          0   2.45e+06   2.45e+06
   5.4%      0.0    3.0%  | | |_CallFunction                                   0.000894   0.000889  2.322e+06  5.804e+05  1.178e+06  1.633e+05  1.597e+06
   4.7%      0.0    3.1%  | | | |_thorns                                       0.000785   0.000784  2.041e+06  5.103e+05  1.163e+06  1.025e+05  1.514e+06
   3.5%      0.0    3.6%  | | | | |_Con2Prim                                   0.000578   0.000578    1.5e+06    1.5e+06          0    1.5e+06    1.5e+06
   5.6%      0.0    3.9%  | |_CCTK_POSTSTEP                                    0.000871    0.00087  2.259e+06  2.259e+06          0  2.259e+06  2.259e+06
   5.3%      0.0    4.0%  | | |_CallFunction                                   0.000816   0.000818  2.119e+06  3.026e+05  1.476e+06  2.545e+04  1.667e+06
   4.5%      0.0    4.2%  | | | |_thorns                                       0.000695   0.000697  1.805e+06  2.578e+05   1.46e+06  1.867e+04  1.609e+06
   3.7%      0.0    3.2%  | | | | |_NaNChecker_NaNCheck_Check                  0.000614   0.000614  1.595e+06  1.595e+06          0  1.595e+06  1.595e+06
   9.0%      0.0    2.9%  |_CallSetup                                          0.001412   0.001413  3.669e+06  3.669e+06          0  3.669e+06  3.669e+06
   1.9%      0.0    2.6%  | |_CCTK_PARAMCHECK                                  0.000309   0.000309  8.034e+05  8.034e+05          0  8.034e+05  8.034e+05
   1.4%      0.0    4.8%  | | |_CallFunction                                    0.00024   0.000239  6.152e+05  5.127e+04  2.021e+05  1.997e+04  2.381e+05
   1.2%      0.0    5.1%  | | | |_thorns                                       0.000205   0.000206  5.326e+05  4.438e+04   2.02e+05  1.365e+04  2.309e+05
   2.9%      0.0    5.3%  | |_CCTK_WRAGH                                         0.0005     0.0005  1.299e+06  1.299e+06          0  1.299e+06  1.299e+06
   2.3%      0.0    7.0%  | | |_CallFunction                                     0.0004   0.000395  1.027e+06  6.422e+04  2.145e+05  2.239e+04  2.236e+05
   1.5%      0.0    7.2%  | | | |_thorns                                       0.000258   0.000258  6.739e+05  4.212e+04  1.278e+05  1.607e+04  1.241e+05
   3.2%      0.0    0.2%  | |_Poison                                           0.000518   0.000518  1.345e+06  1.345e+06          0  1.345e+06  1.345e+06
   1.0%      0.0          | |_untimed
   1.8%      0.0    1.4%  |_CarpetLib::ggf::recompose_allocate                 0.000284    0.00029  7.731e+05       3664   3.18e+04       3224  3.208e+04
   1.9%      0.0    0.2%  |_CarpetLib::ggf::recompose_crop                     0.000302   0.000275   7.15e+05       3389  1.376e+04       3068  1.056e+04
   1.5%      0.0    0.4%  |_dh::recompose_free_old                              0.00025    0.00024  6.412e+05       3039  1.149e+04       2886  1.274e+04
  13.8%      0.0          | untimed
---------------------------------------------------------------------------------------------------------------------------------------------------------
---------------------------------------------------------------------------------------------------------------------------------------------------------
Time      Time   Imblnc   Timer                                               gettimeof  getrusage      cycle  cycle[avg  cycle[sdv  cycle[min  cycle[max
percent   secs   percent                                                           secs       secs       secs       secs       secs       secs       secs
---------------------------------------------------------------------------------------------------------------------------------------------------------
 100.0%      0.1    0.0%  meta mode                                             0.06404    0.05102  1.663e+08  5.542e+07  1.357e+08  1.045e+04  1.662e+08
  30.0%      0.0    0.1%  |_meta mode                                            0.0192    0.01339  4.984e+07  1.661e+07  4.067e+07  1.063e+04  4.982e+07
  19.6%      0.0    0.5%  | |_global mode                                       0.01264   0.008568  3.282e+07  2.735e+06  1.594e+07  6.396e+04  1.702e+07
  17.0%      0.0    0.2%  | | |_level(0)                                        0.01094   0.007211  2.838e+07   6.17e+05  1.081e+07       4602  9.459e+06
   1.2%      0.0    0.6%  | | | |_enter_local_mode                              0.00077   0.000528  1.995e+06  1.304e+04  1.074e+05       2860  6.536e+04
  14.2%      0.0          | | | |_untimed
   2.3%      0.0          | | |_untimed
   9.9%      0.0          | |_untimed
  70.0%      0.0          | untimed
---------------------------------------------------------------------------------------------------------------------------------------------------------
[1mWARNING level 2 from host runnervmejwal.hgkdwdqozxjevm244zrubbhq3g.ex.internal.cloudapp.net process 0
  in thorn Carpet, file /home/runner/work/tests/tests/master/configs/sim/build/Carpet/Comm.cc:103:
  ->[0m Synchronising group "GRHYDRO::TAU" in local mode
[1mWARNING level 2 from host runnervmejwal.hgkdwdqozxjevm244zrubbhq3g.ex.internal.cloudapp.net process 0
  in thorn Carpet, file /home/runner/work/tests/tests/master/configs/sim/build/Carpet/Comm.cc:103:
  ->[0m Synchronising group "GRHYDRO::DENS" in local mode
[1mWARNING level 2 from host runnervmejwal.hgkdwdqozxjevm244zrubbhq3g.ex.internal.cloudapp.net process 0
  in thorn Carpet, file /home/runner/work/tests/tests/master/configs/sim/build/Carpet/Comm.cc:103:
  ->[0m Synchronising group "GRHYDRO::SCON" in local mode
[1mWARNING level 2 from host runnervmejwal.hgkdwdqozxjevm244zrubbhq3g.ex.internal.cloudapp.net process 0
  in thorn Carpet, file /home/runner/work/tests/tests/master/configs/sim/build/Carpet/Comm.cc:103:
  ->[0m Synchronising group "GRHYDRO::BCONS" in local mode
[1mWARNING level 2 from host runnervmejwal.hgkdwdqozxjevm244zrubbhq3g.ex.internal.cloudapp.net process 0
  in thorn Carpet, file /home/runner/work/tests/tests/master/configs/sim/build/Carpet/Comm.cc:103:
  ->[0m Synchronising group "GRHYDRO::TAU" in local mode
[1mWARNING level 2 from host runnervmejwal.hgkdwdqozxjevm244zrubbhq3g.ex.internal.cloudapp.net process 0
  in thorn Carpet, file /home/runner/work/tests/tests/master/configs/sim/build/Carpet/Comm.cc:103:
  ->[0m Synchronising group "GRHYDRO::DENS" in local mode
[1mWARNING level 2 from host runnervmejwal.hgkdwdqozxjevm244zrubbhq3g.ex.internal.cloudapp.net process 0
  in thorn Carpet, file /home/runner/work/tests/tests/master/configs/sim/build/Carpet/Comm.cc:103:
  ->[0m Synchronising group "GRHYDRO::SCON" in local mode
[1mWARNING level 2 from host runnervmejwal.hgkdwdqozxjevm244zrubbhq3g.ex.internal.cloudapp.net process 0
  in thorn Carpet, file /home/runner/work/tests/tests/master/configs/sim/build/Carpet/Comm.cc:103:
  ->[0m Synchronising group "GRHYDRO::BCONS" in local mode
[1mWARNING level 2 from host runnervmejwal.hgkdwdqozxjevm244zrubbhq3g.ex.internal.cloudapp.net process 0
  in thorn Carpet, file /home/runner/work/tests/tests/master/configs/sim/build/Carpet/Comm.cc:103:
  ->[0m Synchronising group "GRHYDRO::TAU" in local mode
[1mWARNING level 2 from host runnervmejwal.hgkdwdqozxjevm244zrubbhq3g.ex.internal.cloudapp.net process 0
  in thorn Carpet, file /home/runner/work/tests/tests/master/configs/sim/build/Carpet/Comm.cc:103:
  ->[0m Synchronising group "GRHYDRO::DENS" in local mode
[1mWARNING level 2 from host runnervmejwal.hgkdwdqozxjevm244zrubbhq3g.ex.internal.cloudapp.net process 0
  in thorn Carpet, file /home/runner/work/tests/tests/master/configs/sim/build/Carpet/Comm.cc:103:
  ->[0m Synchronising group "GRHYDRO::SCON" in local mode
[1mWARNING level 2 from host runnervmejwal.hgkdwdqozxjevm244zrubbhq3g.ex.internal.cloudapp.net process 0
  in thorn Carpet, file /home/runner/work/tests/tests/master/configs/sim/build/Carpet/Comm.cc:103:
  ->[0m Synchronising group "GRHYDRO::BCONS" in local mode
[1mWARNING level 2 from host runnervmejwal.hgkdwdqozxjevm244zrubbhq3g.ex.internal.cloudapp.net process 0
  in thorn Carpet, file /home/runner/work/tests/tests/master/configs/sim/build/Carpet/Comm.cc:103:
  ->[0m Synchronising group "GRHYDRO::TAU" in local mode
[1mWARNING level 2 from host runnervmejwal.hgkdwdqozxjevm244zrubbhq3g.ex.internal.cloudapp.net process 0
  in thorn Carpet, file /home/runner/work/tests/tests/master/configs/sim/build/Carpet/Comm.cc:103:
  ->[0m Synchronising group "GRHYDRO::DENS" in local mode
[1mWARNING level 2 from host runnervmejwal.hgkdwdqozxjevm244zrubbhq3g.ex.internal.cloudapp.net process 0
  in thorn Carpet, file /home/runner/work/tests/tests/master/configs/sim/build/Carpet/Comm.cc:103:
  ->[0m Synchronising group "GRHYDRO::SCON" in local mode
[1mWARNING level 2 from host runnervmejwal.hgkdwdqozxjevm244zrubbhq3g.ex.internal.cloudapp.net process 0
  in thorn Carpet, file /home/runner/work/tests/tests/master/configs/sim/build/Carpet/Comm.cc:103:
  ->[0m Synchronising group "GRHYDRO::BCONS" in local mode
[1mWARNING level 2 from host runnervmejwal.hgkdwdqozxjevm244zrubbhq3g.ex.internal.cloudapp.net process 0
  in thorn Carpet, file /home/runner/work/tests/tests/master/configs/sim/build/Carpet/Comm.cc:103:
  ->[0m Synchronising group "GRHYDRO::TAU" in local mode
[1mWARNING level 2 from host runnervmejwal.hgkdwdqozxjevm244zrubbhq3g.ex.internal.cloudapp.net process 0
  in thorn Carpet, file /home/runner/work/tests/tests/master/configs/sim/build/Carpet/Comm.cc:103:
  ->[0m Synchronising group "GRHYDRO::DENS" in local mode
[1mWARNING level 2 from host runnervmejwal.hgkdwdqozxjevm244zrubbhq3g.ex.internal.cloudapp.net process 0
  in thorn Carpet, file /home/runner/work/tests/tests/master/configs/sim/build/Carpet/Comm.cc:103:
  ->[0m Synchronising group "GRHYDRO::SCON" in local mode
[1mWARNING level 2 from host runnervmejwal.hgkdwdqozxjevm244zrubbhq3g.ex.internal.cloudapp.net process 0
  in thorn Carpet, file /home/runner/work/tests/tests/master/configs/sim/build/Carpet/Comm.cc:103:
  ->[0m Synchronising group "GRHYDRO::BCONS" in local mode
[1mWARNING level 2 from host runnervmejwal.hgkdwdqozxjevm244zrubbhq3g.ex.internal.cloudapp.net process 0
  in thorn Carpet, file /home/runner/work/tests/tests/master/configs/sim/build/Carpet/Comm.cc:103:
  ->[0m Synchronising group "GRHYDRO::TAU" in local mode
[1mWARNING level 2 from host runnervmejwal.hgkdwdqozxjevm244zrubbhq3g.ex.internal.cloudapp.net process 0
  in thorn Carpet, file /home/runner/work/tests/tests/master/configs/sim/build/Carpet/Comm.cc:103:
  ->[0m Synchronising group "GRHYDRO::DENS" in local mode
[1mWARNING level 2 from host runnervmejwal.hgkdwdqozxjevm244zrubbhq3g.ex.internal.cloudapp.net process 0
  in thorn Carpet, file /home/runner/work/tests/tests/master/configs/sim/build/Carpet/Comm.cc:103:
  ->[0m Synchronising group "GRHYDRO::SCON" in local mode
[1mWARNING level 2 from host runnervmejwal.hgkdwdqozxjevm244zrubbhq3g.ex.internal.cloudapp.net process 0
  in thorn Carpet, file /home/runner/work/tests/tests/master/configs/sim/build/Carpet/Comm.cc:103:
  ->[0m Synchronising group "GRHYDRO::BCONS" in local mode
[1mWARNING level 2 from host runnervmejwal.hgkdwdqozxjevm244zrubbhq3g.ex.internal.cloudapp.net process 0
  in thorn Carpet, file /home/runner/work/tests/tests/master/configs/sim/build/Carpet/Comm.cc:103:
  ->[0m Synchronising group "GRHYDRO::TAU" in local mode
[1mWARNING level 2 from host runnervmejwal.hgkdwdqozxjevm244zrubbhq3g.ex.internal.cloudapp.net process 0
  in thorn Carpet, file /home/runner/work/tests/tests/master/configs/sim/build/Carpet/Comm.cc:103:
  ->[0m Synchronising group "GRHYDRO::DENS" in local mode
[1mWARNING level 2 from host runnervmejwal.hgkdwdqozxjevm244zrubbhq3g.ex.internal.cloudapp.net process 0
  in thorn Carpet, file /home/runner/work/tests/tests/master/configs/sim/build/Carpet/Comm.cc:103:
  ->[0m Synchronising group "GRHYDRO::SCON" in local mode
[1mWARNING level 2 from host runnervmejwal.hgkdwdqozxjevm244zrubbhq3g.ex.internal.cloudapp.net process 0
  in thorn Carpet, file /home/runner/work/tests/tests/master/configs/sim/build/Carpet/Comm.cc:103:
  ->[0m Synchronising group "GRHYDRO::BCONS" in local mode
[1mWARNING level 2 from host runnervmejwal.hgkdwdqozxjevm244zrubbhq3g.ex.internal.cloudapp.net process 0
  in thorn Carpet, file /home/runner/work/tests/tests/master/configs/sim/build/Carpet/Comm.cc:103:
  ->[0m Synchronising group "GRHYDRO::TAU" in local mode
[1mWARNING level 2 from host runnervmejwal.hgkdwdqozxjevm244zrubbhq3g.ex.internal.cloudapp.net process 0
  in thorn Carpet, file /home/runner/work/tests/tests/master/configs/sim/build/Carpet/Comm.cc:103:
  ->[0m Synchronising group "GRHYDRO::DENS" in local mode
[1mWARNING level 2 from host runnervmejwal.hgkdwdqozxjevm244zrubbhq3g.ex.internal.cloudapp.net process 0
  in thorn Carpet, file /home/runner/work/tests/tests/master/configs/sim/build/Carpet/Comm.cc:103:
  ->[0m Synchronising group "GRHYDRO::SCON" in local mode
[1mWARNING level 2 from host runnervmejwal.hgkdwdqozxjevm244zrubbhq3g.ex.internal.cloudapp.net process 0
  in thorn Carpet, file /home/runner/work/tests/tests/master/configs/sim/build/Carpet/Comm.cc:103:
  ->[0m Synchronising group "GRHYDRO::BCONS" in local mode
[1mWARNING level 2 from host runnervmejwal.hgkdwdqozxjevm244zrubbhq3g.ex.internal.cloudapp.net process 0
  in thorn Carpet, file /home/runner/work/tests/tests/master/configs/sim/build/Carpet/Comm.cc:103:
  ->[0m Synchronising group "GRHYDRO::TAU" in local mode
[1mWARNING level 2 from host runnervmejwal.hgkdwdqozxjevm244zrubbhq3g.ex.internal.cloudapp.net process 0
  in thorn Carpet, file /home/runner/work/tests/tests/master/configs/sim/build/Carpet/Comm.cc:103:
  ->[0m Synchronising group "GRHYDRO::DENS" in local mode
[1mWARNING level 2 from host runnervmejwal.hgkdwdqozxjevm244zrubbhq3g.ex.internal.cloudapp.net process 0
  in thorn Carpet, file /home/runner/work/tests/tests/master/configs/sim/build/Carpet/Comm.cc:103:
  ->[0m Synchronising group "GRHYDRO::SCON" in local mode
[1mWARNING level 2 from host runnervmejwal.hgkdwdqozxjevm244zrubbhq3g.ex.internal.cloudapp.net process 0
  in thorn Carpet, file /home/runner/work/tests/tests/master/configs/sim/build/Carpet/Comm.cc:103:
  ->[0m Synchronising group "GRHYDRO::BCONS" in local mode
[1mWARNING level 2 from host runnervmejwal.hgkdwdqozxjevm244zrubbhq3g.ex.internal.cloudapp.net process 0
  in thorn Carpet, file /home/runner/work/tests/tests/master/configs/sim/build/Carpet/Comm.cc:103:
  ->[0m Synchronising group "GRHYDRO::TAU" in local mode
[1mWARNING level 2 from host runnervmejwal.hgkdwdqozxjevm244zrubbhq3g.ex.internal.cloudapp.net process 0
  in thorn Carpet, file /home/runner/work/tests/tests/master/configs/sim/build/Carpet/Comm.cc:103:
  ->[0m Synchronising group "GRHYDRO::DENS" in local mode
[1mWARNING level 2 from host runnervmejwal.hgkdwdqozxjevm244zrubbhq3g.ex.internal.cloudapp.net process 0
  in thorn Carpet, file /home/runner/work/tests/tests/master/configs/sim/build/Carpet/Comm.cc:103:
  ->[0m Synchronising group "GRHYDRO::SCON" in local mode
[1mWARNING level 2 from host runnervmejwal.hgkdwdqozxjevm244zrubbhq3g.ex.internal.cloudapp.net process 0
  in thorn Carpet, file /home/runner/work/tests/tests/master/configs/sim/build/Carpet/Comm.cc:103:
  ->[0m Synchronising group "GRHYDRO::BCONS" in local mode
[1mWARNING level 2 from host runnervmejwal.hgkdwdqozxjevm244zrubbhq3g.ex.internal.cloudapp.net process 0
  in thorn Carpet, file /home/runner/work/tests/tests/master/configs/sim/build/Carpet/Comm.cc:103:
  ->[0m Synchronising group "GRHYDRO::TAU" in local mode
[1mWARNING level 2 from host runnervmejwal.hgkdwdqozxjevm244zrubbhq3g.ex.internal.cloudapp.net process 0
  in thorn Carpet, file /home/runner/work/tests/tests/master/configs/sim/build/Carpet/Comm.cc:103:
  ->[0m Synchronising group "GRHYDRO::DENS" in local mode
[1mWARNING level 2 from host runnervmejwal.hgkdwdqozxjevm244zrubbhq3g.ex.internal.cloudapp.net process 0
  in thorn Carpet, file /home/runner/work/tests/tests/master/configs/sim/build/Carpet/Comm.cc:103:
  ->[0m Synchronising group "GRHYDRO::SCON" in local mode
[1mWARNING level 2 from host runnervmejwal.hgkdwdqozxjevm244zrubbhq3g.ex.internal.cloudapp.net process 0
  in thorn Carpet, file /home/runner/work/tests/tests/master/configs/sim/build/Carpet/Comm.cc:103:
  ->[0m Synchronising group "GRHYDRO::BCONS" in local mode
[1mWARNING level 2 from host runnervmejwal.hgkdwdqozxjevm244zrubbhq3g.ex.internal.cloudapp.net process 0
  in thorn Carpet, file /home/runner/work/tests/tests/master/configs/sim/build/Carpet/Comm.cc:103:
  ->[0m Synchronising group "GRHYDRO::TAU" in local mode
[1mWARNING level 2 from host runnervmejwal.hgkdwdqozxjevm244zrubbhq3g.ex.internal.cloudapp.net process 0
  in thorn Carpet, file /home/runner/work/tests/tests/master/configs/sim/build/Carpet/Comm.cc:103:
  ->[0m Synchronising group "GRHYDRO::DENS" in local mode
[1mWARNING level 2 from host runnervmejwal.hgkdwdqozxjevm244zrubbhq3g.ex.internal.cloudapp.net process 0
  in thorn Carpet, file /home/runner/work/tests/tests/master/configs/sim/build/Carpet/Comm.cc:103:
  ->[0m Synchronising group "GRHYDRO::SCON" in local mode
[1mWARNING level 2 from host runnervmejwal.hgkdwdqozxjevm244zrubbhq3g.ex.internal.cloudapp.net process 0
  in thorn Carpet, file /home/runner/work/tests/tests/master/configs/sim/build/Carpet/Comm.cc:103:
  ->[0m Synchronising group "GRHYDRO::BCONS" in local mode
[1mWARNING level 2 from host runnervmejwal.hgkdwdqozxjevm244zrubbhq3g.ex.internal.cloudapp.net process 0
  in thorn Carpet, file /home/runner/work/tests/tests/master/configs/sim/build/Carpet/Comm.cc:103:
  ->[0m Synchronising group "GRHYDRO::TAU" in local mode
[1mWARNING level 2 from host runnervmejwal.hgkdwdqozxjevm244zrubbhq3g.ex.internal.cloudapp.net process 0
  in thorn Carpet, file /home/runner/work/tests/tests/master/configs/sim/build/Carpet/Comm.cc:103:
  ->[0m Synchronising group "GRHYDRO::DENS" in local mode
[1mWARNING level 2 from host runnervmejwal.hgkdwdqozxjevm244zrubbhq3g.ex.internal.cloudapp.net process 0
  in thorn Carpet, file /home/runner/work/tests/tests/master/configs/sim/build/Carpet/Comm.cc:103:
  ->[0m Synchronising group "GRHYDRO::SCON" in local mode
[1mWARNING level 2 from host runnervmejwal.hgkdwdqozxjevm244zrubbhq3g.ex.internal.cloudapp.net process 0
  in thorn Carpet, file /home/runner/work/tests/tests/master/configs/sim/build/Carpet/Comm.cc:103:
  ->[0m Synchronising group "GRHYDRO::BCONS" in local mode
[1mWARNING level 2 from host runnervmejwal.hgkdwdqozxjevm244zrubbhq3g.ex.internal.cloudapp.net process 0
  in thorn Carpet, file /home/runner/work/tests/tests/master/configs/sim/build/Carpet/Comm.cc:103:
  ->[0m Synchronising group "GRHYDRO::TAU" in local mode
[1mWARNING level 2 from host runnervmejwal.hgkdwdqozxjevm244zrubbhq3g.ex.internal.cloudapp.net process 0
  in thorn Carpet, file /home/runner/work/tests/tests/master/configs/sim/build/Carpet/Comm.cc:103:
  ->[0m Synchronising group "GRHYDRO::DENS" in local mode
[1mWARNING level 2 from host runnervmejwal.hgkdwdqozxjevm244zrubbhq3g.ex.internal.cloudapp.net process 0
  in thorn Carpet, file /home/runner/work/tests/tests/master/configs/sim/build/Carpet/Comm.cc:103:
  ->[0m Synchronising group "GRHYDRO::SCON" in local mode
[1mWARNING level 2 from host runnervmejwal.hgkdwdqozxjevm244zrubbhq3g.ex.internal.cloudapp.net process 0
  in thorn Carpet, file /home/runner/work/tests/tests/master/configs/sim/build/Carpet/Comm.cc:103:
  ->[0m Synchronising group "GRHYDRO::BCONS" in local mode
        1     0.000 |   45.9524286 |    1.2500000 |    1.0000000 |    1.0011969 |        65
[1mWARNING level 2 from host runnervmejwal.hgkdwdqozxjevm244zrubbhq3g.ex.internal.cloudapp.net process 0
  in thorn Carpet, file /home/runner/work/tests/tests/master/configs/sim/build/Carpet/Comm.cc:103:
  ->[0m Synchronising group "GRHYDRO::TAU" in local mode
[1mWARNING level 2 from host runnervmejwal.hgkdwdqozxjevm244zrubbhq3g.ex.internal.cloudapp.net process 0
  in thorn Carpet, file /home/runner/work/tests/tests/master/configs/sim/build/Carpet/Comm.cc:103:
  ->[0m Synchronising group "GRHYDRO::DENS" in local mode
[1mWARNING level 2 from host runnervmejwal.hgkdwdqozxjevm244zrubbhq3g.ex.internal.cloudapp.net process 0
  in thorn Carpet, file /home/runner/work/tests/tests/master/configs/sim/build/Carpet/Comm.cc:103:
  ->[0m Synchronising group "GRHYDRO::SCON" in local mode
[1mWARNING level 2 from host runnervmejwal.hgkdwdqozxjevm244zrubbhq3g.ex.internal.cloudapp.net process 0
  in thorn Carpet, file /home/runner/work/tests/tests/master/configs/sim/build/Carpet/Comm.cc:103:
  ->[0m Synchronising group "GRHYDRO::BCONS" in local mode
[1mWARNING level 2 from host runnervmejwal.hgkdwdqozxjevm244zrubbhq3g.ex.internal.cloudapp.net process 0
  in thorn Carpet, file /home/runner/work/tests/tests/master/configs/sim/build/Carpet/Comm.cc:103:
  ->[0m Synchronising group "GRHYDRO::TAU" in local mode
[1mWARNING level 2 from host runnervmejwal.hgkdwdqozxjevm244zrubbhq3g.ex.internal.cloudapp.net process 0
  in thorn Carpet, file /home/runner/work/tests/tests/master/configs/sim/build/Carpet/Comm.cc:103:
  ->[0m Synchronising group "GRHYDRO::DENS" in local mode
[1mWARNING level 2 from host runnervmejwal.hgkdwdqozxjevm244zrubbhq3g.ex.internal.cloudapp.net process 0
  in thorn Carpet, file /home/runner/work/tests/tests/master/configs/sim/build/Carpet/Comm.cc:103:
  ->[0m Synchronising group "GRHYDRO::SCON" in local mode
[1mWARNING level 2 from host runnervmejwal.hgkdwdqozxjevm244zrubbhq3g.ex.internal.cloudapp.net process 0
  in thorn Carpet, file /home/runner/work/tests/tests/master/configs/sim/build/Carpet/Comm.cc:103:
  ->[0m Synchronising group "GRHYDRO::BCONS" in local mode
[1mWARNING level 2 from host runnervmejwal.hgkdwdqozxjevm244zrubbhq3g.ex.internal.cloudapp.net process 0
  in thorn Carpet, file /home/runner/work/tests/tests/master/configs/sim/build/Carpet/Comm.cc:103:
  ->[0m Synchronising group "GRHYDRO::TAU" in local mode
[1mWARNING level 2 from host runnervmejwal.hgkdwdqozxjevm244zrubbhq3g.ex.internal.cloudapp.net process 0
  in thorn Carpet, file /home/runner/work/tests/tests/master/configs/sim/build/Carpet/Comm.cc:103:
  ->[0m Synchronising group "GRHYDRO::DENS" in local mode
[1mWARNING level 2 from host runnervmejwal.hgkdwdqozxjevm244zrubbhq3g.ex.internal.cloudapp.net process 0
  in thorn Carpet, file /home/runner/work/tests/tests/master/configs/sim/build/Carpet/Comm.cc:103:
  ->[0m Synchronising group "GRHYDRO::SCON" in local mode
[1mWARNING level 2 from host runnervmejwal.hgkdwdqozxjevm244zrubbhq3g.ex.internal.cloudapp.net process 0
  in thorn Carpet, file /home/runner/work/tests/tests/master/configs/sim/build/Carpet/Comm.cc:103:
  ->[0m Synchronising group "GRHYDRO::BCONS" in local mode
[1mWARNING level 2 from host runnervmejwal.hgkdwdqozxjevm244zrubbhq3g.ex.internal.cloudapp.net process 0
  in thorn Carpet, file /home/runner/work/tests/tests/master/configs/sim/build/Carpet/Comm.cc:103:
  ->[0m Synchronising group "GRHYDRO::TAU" in local mode
[1mWARNING level 2 from host runnervmejwal.hgkdwdqozxjevm244zrubbhq3g.ex.internal.cloudapp.net process 0
  in thorn Carpet, file /home/runner/work/tests/tests/master/configs/sim/build/Carpet/Comm.cc:103:
  ->[0m Synchronising group "GRHYDRO::DENS" in local mode
[1mWARNING level 2 from host runnervmejwal.hgkdwdqozxjevm244zrubbhq3g.ex.internal.cloudapp.net process 0
  in thorn Carpet, file /home/runner/work/tests/tests/master/configs/sim/build/Carpet/Comm.cc:103:
  ->[0m Synchronising group "GRHYDRO::SCON" in local mode
[1mWARNING level 2 from host runnervmejwal.hgkdwdqozxjevm244zrubbhq3g.ex.internal.cloudapp.net process 0
  in thorn Carpet, file /home/runner/work/tests/tests/master/configs/sim/build/Carpet/Comm.cc:103:
  ->[0m Synchronising group "GRHYDRO::BCONS" in local mode
[1mWARNING level 2 from host runnervmejwal.hgkdwdqozxjevm244zrubbhq3g.ex.internal.cloudapp.net process 0
  in thorn Carpet, file /home/runner/work/tests/tests/master/configs/sim/build/Carpet/Comm.cc:103:
  ->[0m Synchronising group "GRHYDRO::TAU" in local mode
[1mWARNING level 2 from host runnervmejwal.hgkdwdqozxjevm244zrubbhq3g.ex.internal.cloudapp.net process 0
  in thorn Carpet, file /home/runner/work/tests/tests/master/configs/sim/build/Carpet/Comm.cc:103:
  ->[0m Synchronising group "GRHYDRO::DENS" in local mode
[1mWARNING level 2 from host runnervmejwal.hgkdwdqozxjevm244zrubbhq3g.ex.internal.cloudapp.net process 0
  in thorn Carpet, file /home/runner/work/tests/tests/master/configs/sim/build/Carpet/Comm.cc:103:
  ->[0m Synchronising group "GRHYDRO::SCON" in local mode
[1mWARNING level 2 from host runnervmejwal.hgkdwdqozxjevm244zrubbhq3g.ex.internal.cloudapp.net process 0
  in thorn Carpet, file /home/runner/work/tests/tests/master/configs/sim/build/Carpet/Comm.cc:103:
  ->[0m Synchronising group "GRHYDRO::BCONS" in local mode
[1mWARNING level 2 from host runnervmejwal.hgkdwdqozxjevm244zrubbhq3g.ex.internal.cloudapp.net process 0
  in thorn Carpet, file /home/runner/work/tests/tests/master/configs/sim/build/Carpet/Comm.cc:103:
  ->[0m Synchronising group "GRHYDRO::TAU" in local mode
[1mWARNING level 2 from host runnervmejwal.hgkdwdqozxjevm244zrubbhq3g.ex.internal.cloudapp.net process 0
  in thorn Carpet, file /home/runner/work/tests/tests/master/configs/sim/build/Carpet/Comm.cc:103:
  ->[0m Synchronising group "GRHYDRO::DENS" in local mode
[1mWARNING level 2 from host runnervmejwal.hgkdwdqozxjevm244zrubbhq3g.ex.internal.cloudapp.net process 0
  in thorn Carpet, file /home/runner/work/tests/tests/master/configs/sim/build/Carpet/Comm.cc:103:
  ->[0m Synchronising group "GRHYDRO::SCON" in local mode
[1mWARNING level 2 from host runnervmejwal.hgkdwdqozxjevm244zrubbhq3g.ex.internal.cloudapp.net process 0
  in thorn Carpet, file /home/runner/work/tests/tests/master/configs/sim/build/Carpet/Comm.cc:103:
  ->[0m Synchronising group "GRHYDRO::BCONS" in local mode
[1mWARNING level 2 from host runnervmejwal.hgkdwdqozxjevm244zrubbhq3g.ex.internal.cloudapp.net process 0
  in thorn Carpet, file /home/runner/work/tests/tests/master/configs/sim/build/Carpet/Comm.cc:103:
  ->[0m Synchronising group "GRHYDRO::TAU" in local mode
[1mWARNING level 2 from host runnervmejwal.hgkdwdqozxjevm244zrubbhq3g.ex.internal.cloudapp.net process 0
  in thorn Carpet, file /home/runner/work/tests/tests/master/configs/sim/build/Carpet/Comm.cc:103:
  ->[0m Synchronising group "GRHYDRO::DENS" in local mode
[1mWARNING level 2 from host runnervmejwal.hgkdwdqozxjevm244zrubbhq3g.ex.internal.cloudapp.net process 0
  in thorn Carpet, file /home/runner/work/tests/tests/master/configs/sim/build/Carpet/Comm.cc:103:
  ->[0m Synchronising group "GRHYDRO::SCON" in local mode
[1mWARNING level 2 from host runnervmejwal.hgkdwdqozxjevm244zrubbhq3g.ex.internal.cloudapp.net process 0
  in thorn Carpet, file /home/runner/work/tests/tests/master/configs/sim/build/Carpet/Comm.cc:103:
  ->[0m Synchronising group "GRHYDRO::BCONS" in local mode
[1mWARNING level 2 from host runnervmejwal.hgkdwdqozxjevm244zrubbhq3g.ex.internal.cloudapp.net process 0
  in thorn Carpet, file /home/runner/work/tests/tests/master/configs/sim/build/Carpet/Comm.cc:103:
  ->[0m Synchronising group "GRHYDRO::TAU" in local mode
[1mWARNING level 2 from host runnervmejwal.hgkdwdqozxjevm244zrubbhq3g.ex.internal.cloudapp.net process 0
  in thorn Carpet, file /home/runner/work/tests/tests/master/configs/sim/build/Carpet/Comm.cc:103:
  ->[0m Synchronising group "GRHYDRO::DENS" in local mode
[1mWARNING level 2 from host runnervmejwal.hgkdwdqozxjevm244zrubbhq3g.ex.internal.cloudapp.net process 0
  in thorn Carpet, file /home/runner/work/tests/tests/master/configs/sim/build/Carpet/Comm.cc:103:
  ->[0m Synchronising group "GRHYDRO::SCON" in local mode
[1mWARNING level 2 from host runnervmejwal.hgkdwdqozxjevm244zrubbhq3g.ex.internal.cloudapp.net process 0
  in thorn Carpet, file /home/runner/work/tests/tests/master/configs/sim/build/Carpet/Comm.cc:103:
  ->[0m Synchronising group "GRHYDRO::BCONS" in local mode
[1mWARNING level 2 from host runnervmejwal.hgkdwdqozxjevm244zrubbhq3g.ex.internal.cloudapp.net process 0
  in thorn Carpet, file /home/runner/work/tests/tests/master/configs/sim/build/Carpet/Comm.cc:103:
  ->[0m Synchronising group "GRHYDRO::TAU" in local mode
[1mWARNING level 2 from host runnervmejwal.hgkdwdqozxjevm244zrubbhq3g.ex.internal.cloudapp.net process 0
  in thorn Carpet, file /home/runner/work/tests/tests/master/configs/sim/build/Carpet/Comm.cc:103:
  ->[0m Synchronising group "GRHYDRO::DENS" in local mode
[1mWARNING level 2 from host runnervmejwal.hgkdwdqozxjevm244zrubbhq3g.ex.internal.cloudapp.net process 0
  in thorn Carpet, file /home/runner/work/tests/tests/master/configs/sim/build/Carpet/Comm.cc:103:
  ->[0m Synchronising group "GRHYDRO::SCON" in local mode
[1mWARNING level 2 from host runnervmejwal.hgkdwdqozxjevm244zrubbhq3g.ex.internal.cloudapp.net process 0
  in thorn Carpet, file /home/runner/work/tests/tests/master/configs/sim/build/Carpet/Comm.cc:103:
  ->[0m Synchronising group "GRHYDRO::BCONS" in local mode
[1mWARNING level 2 from host runnervmejwal.hgkdwdqozxjevm244zrubbhq3g.ex.internal.cloudapp.net process 0
  in thorn Carpet, file /home/runner/work/tests/tests/master/configs/sim/build/Carpet/Comm.cc:103:
  ->[0m Synchronising group "GRHYDRO::TAU" in local mode
[1mWARNING level 2 from host runnervmejwal.hgkdwdqozxjevm244zrubbhq3g.ex.internal.cloudapp.net process 0
  in thorn Carpet, file /home/runner/work/tests/tests/master/configs/sim/build/Carpet/Comm.cc:103:
  ->[0m Synchronising group "GRHYDRO::DENS" in local mode
[1mWARNING level 2 from host runnervmejwal.hgkdwdqozxjevm244zrubbhq3g.ex.internal.cloudapp.net process 0
  in thorn Carpet, file /home/runner/work/tests/tests/master/configs/sim/build/Carpet/Comm.cc:103:
  ->[0m Synchronising group "GRHYDRO::SCON" in local mode
[1mWARNING level 2 from host runnervmejwal.hgkdwdqozxjevm244zrubbhq3g.ex.internal.cloudapp.net process 0
  in thorn Carpet, file /home/runner/work/tests/tests/master/configs/sim/build/Carpet/Comm.cc:103:
  ->[0m Synchronising group "GRHYDRO::BCONS" in local mode
[1mWARNING level 2 from host runnervmejwal.hgkdwdqozxjevm244zrubbhq3g.ex.internal.cloudapp.net process 0
  in thorn Carpet, file /home/runner/work/tests/tests/master/configs/sim/build/Carpet/Comm.cc:103:
  ->[0m Synchronising group "GRHYDRO::TAU" in local mode
[1mWARNING level 2 from host runnervmejwal.hgkdwdqozxjevm244zrubbhq3g.ex.internal.cloudapp.net process 0
  in thorn Carpet, file /home/runner/work/tests/tests/master/configs/sim/build/Carpet/Comm.cc:103:
  ->[0m Synchronising group "GRHYDRO::DENS" in local mode
[1mWARNING level 2 from host runnervmejwal.hgkdwdqozxjevm244zrubbhq3g.ex.internal.cloudapp.net process 0
  in thorn Carpet, file /home/runner/work/tests/tests/master/configs/sim/build/Carpet/Comm.cc:103:
  ->[0m Synchronising group "GRHYDRO::SCON" in local mode
[1mWARNING level 2 from host runnervmejwal.hgkdwdqozxjevm244zrubbhq3g.ex.internal.cloudapp.net process 0
  in thorn Carpet, file /home/runner/work/tests/tests/master/configs/sim/build/Carpet/Comm.cc:103:
  ->[0m Synchronising group "GRHYDRO::BCONS" in local mode
[1mWARNING level 2 from host runnervmejwal.hgkdwdqozxjevm244zrubbhq3g.ex.internal.cloudapp.net process 0
  in thorn Carpet, file /home/runner/work/tests/tests/master/configs/sim/build/Carpet/Comm.cc:103:
  ->[0m Synchronising group "GRHYDRO::TAU" in local mode
[1mWARNING level 2 from host runnervmejwal.hgkdwdqozxjevm244zrubbhq3g.ex.internal.cloudapp.net process 0
  in thorn Carpet, file /home/runner/work/tests/tests/master/configs/sim/build/Carpet/Comm.cc:103:
  ->[0m Synchronising group "GRHYDRO::DENS" in local mode
[1mWARNING level 2 from host runnervmejwal.hgkdwdqozxjevm244zrubbhq3g.ex.internal.cloudapp.net process 0
  in thorn Carpet, file /home/runner/work/tests/tests/master/configs/sim/build/Carpet/Comm.cc:103:
  ->[0m Synchronising group "GRHYDRO::SCON" in local mode
[1mWARNING level 2 from host runnervmejwal.hgkdwdqozxjevm244zrubbhq3g.ex.internal.cloudapp.net process 0
  in thorn Carpet, file /home/runner/work/tests/tests/master/configs/sim/build/Carpet/Comm.cc:103:
  ->[0m Synchronising group "GRHYDRO::BCONS" in local mode
[1mWARNING level 2 from host runnervmejwal.hgkdwdqozxjevm244zrubbhq3g.ex.internal.cloudapp.net process 0
  in thorn Carpet, file /home/runner/work/tests/tests/master/configs/sim/build/Carpet/Comm.cc:103:
  ->[0m Synchronising group "GRHYDRO::TAU" in local mode
[1mWARNING level 2 from host runnervmejwal.hgkdwdqozxjevm244zrubbhq3g.ex.internal.cloudapp.net process 0
  in thorn Carpet, file /home/runner/work/tests/tests/master/configs/sim/build/Carpet/Comm.cc:103:
  ->[0m Synchronising group "GRHYDRO::DENS" in local mode
[1mWARNING level 2 from host runnervmejwal.hgkdwdqozxjevm244zrubbhq3g.ex.internal.cloudapp.net process 0
  in thorn Carpet, file /home/runner/work/tests/tests/master/configs/sim/build/Carpet/Comm.cc:103:
  ->[0m Synchronising group "GRHYDRO::SCON" in local mode
[1mWARNING level 2 from host runnervmejwal.hgkdwdqozxjevm244zrubbhq3g.ex.internal.cloudapp.net process 0
  in thorn Carpet, file /home/runner/work/tests/tests/master/configs/sim/build/Carpet/Comm.cc:103:
  ->[0m Synchronising group "GRHYDRO::BCONS" in local mode
[1mWARNING level 2 from host runnervmejwal.hgkdwdqozxjevm244zrubbhq3g.ex.internal.cloudapp.net process 0
  in thorn Carpet, file /home/runner/work/tests/tests/master/configs/sim/build/Carpet/Comm.cc:103:
  ->[0m Synchronising group "GRHYDRO::TAU" in local mode
[1mWARNING level 2 from host runnervmejwal.hgkdwdqozxjevm244zrubbhq3g.ex.internal.cloudapp.net process 0
  in thorn Carpet, file /home/runner/work/tests/tests/master/configs/sim/build/Carpet/Comm.cc:103:
  ->[0m Synchronising group "GRHYDRO::DENS" in local mode
[1mWARNING level 2 from host runnervmejwal.hgkdwdqozxjevm244zrubbhq3g.ex.internal.cloudapp.net process 0
  in thorn Carpet, file /home/runner/work/tests/tests/master/configs/sim/build/Carpet/Comm.cc:103:
  ->[0m Synchronising group "GRHYDRO::SCON" in local mode
[1mWARNING level 2 from host runnervmejwal.hgkdwdqozxjevm244zrubbhq3g.ex.internal.cloudapp.net process 0
  in thorn Carpet, file /home/runner/work/tests/tests/master/configs/sim/build/Carpet/Comm.cc:103:
  ->[0m Synchronising group "GRHYDRO::BCONS" in local mode
        2     0.000 |   48.1403632 |    1.2500002 |    1.0000000 |    1.0023892 |        65
[1mWARNING level 2 from host runnervmejwal.hgkdwdqozxjevm244zrubbhq3g.ex.internal.cloudapp.net process 0
  in thorn Carpet, file /home/runner/work/tests/tests/master/configs/sim/build/Carpet/Comm.cc:103:
  ->[0m Synchronising group "GRHYDRO::TAU" in local mode
[1mWARNING level 2 from host runnervmejwal.hgkdwdqozxjevm244zrubbhq3g.ex.internal.cloudapp.net process 0
  in thorn Carpet, file /home/runner/work/tests/tests/master/configs/sim/build/Carpet/Comm.cc:103:
  ->[0m Synchronising group "GRHYDRO::DENS" in local mode
[1mWARNING level 2 from host runnervmejwal.hgkdwdqozxjevm244zrubbhq3g.ex.internal.cloudapp.net process 0
  in thorn Carpet, file /home/runner/work/tests/tests/master/configs/sim/build/Carpet/Comm.cc:103:
  ->[0m Synchronising group "GRHYDRO::SCON" in local mode
[1mWARNING level 2 from host runnervmejwal.hgkdwdqozxjevm244zrubbhq3g.ex.internal.cloudapp.net process 0
  in thorn Carpet, file /home/runner/work/tests/tests/master/configs/sim/build/Carpet/Comm.cc:103:
  ->[0m Synchronising group "GRHYDRO::BCONS" in local mode
[1mWARNING level 2 from host runnervmejwal.hgkdwdqozxjevm244zrubbhq3g.ex.internal.cloudapp.net process 0
  in thorn Carpet, file /home/runner/work/tests/tests/master/configs/sim/build/Carpet/Comm.cc:103:
  ->[0m Synchronising group "GRHYDRO::TAU" in local mode
[1mWARNING level 2 from host runnervmejwal.hgkdwdqozxjevm244zrubbhq3g.ex.internal.cloudapp.net process 0
  in thorn Carpet, file /home/runner/work/tests/tests/master/configs/sim/build/Carpet/Comm.cc:103:
  ->[0m Synchronising group "GRHYDRO::DENS" in local mode
[1mWARNING level 2 from host runnervmejwal.hgkdwdqozxjevm244zrubbhq3g.ex.internal.cloudapp.net process 0
  in thorn Carpet, file /home/runner/work/tests/tests/master/configs/sim/build/Carpet/Comm.cc:103:
  ->[0m Synchronising group "GRHYDRO::SCON" in local mode
[1mWARNING level 2 from host runnervmejwal.hgkdwdqozxjevm244zrubbhq3g.ex.internal.cloudapp.net process 0
  in thorn Carpet, file /home/runner/work/tests/tests/master/configs/sim/build/Carpet/Comm.cc:103:
  ->[0m Synchronising group "GRHYDRO::BCONS" in local mode
[1mWARNING level 2 from host runnervmejwal.hgkdwdqozxjevm244zrubbhq3g.ex.internal.cloudapp.net process 0
  in thorn Carpet, file /home/runner/work/tests/tests/master/configs/sim/build/Carpet/Comm.cc:103:
  ->[0m Synchronising group "GRHYDRO::TAU" in local mode
[1mWARNING level 2 from host runnervmejwal.hgkdwdqozxjevm244zrubbhq3g.ex.internal.cloudapp.net process 0
  in thorn Carpet, file /home/runner/work/tests/tests/master/configs/sim/build/Carpet/Comm.cc:103:
  ->[0m Synchronising group "GRHYDRO::DENS" in local mode
[1mWARNING level 2 from host runnervmejwal.hgkdwdqozxjevm244zrubbhq3g.ex.internal.cloudapp.net process 0
  in thorn Carpet, file /home/runner/work/tests/tests/master/configs/sim/build/Carpet/Comm.cc:103:
  ->[0m Synchronising group "GRHYDRO::SCON" in local mode
[1mWARNING level 2 from host runnervmejwal.hgkdwdqozxjevm244zrubbhq3g.ex.internal.cloudapp.net process 0
  in thorn Carpet, file /home/runner/work/tests/tests/master/configs/sim/build/Carpet/Comm.cc:103:
  ->[0m Synchronising group "GRHYDRO::BCONS" in local mode
[1mWARNING level 2 from host runnervmejwal.hgkdwdqozxjevm244zrubbhq3g.ex.internal.cloudapp.net process 0
  in thorn Carpet, file /home/runner/work/tests/tests/master/configs/sim/build/Carpet/Comm.cc:103:
  ->[0m Synchronising group "GRHYDRO::TAU" in local mode
[1mWARNING level 2 from host runnervmejwal.hgkdwdqozxjevm244zrubbhq3g.ex.internal.cloudapp.net process 0
  in thorn Carpet, file /home/runner/work/tests/tests/master/configs/sim/build/Carpet/Comm.cc:103:
  ->[0m Synchronising group "GRHYDRO::DENS" in local mode
[1mWARNING level 2 from host runnervmejwal.hgkdwdqozxjevm244zrubbhq3g.ex.internal.cloudapp.net process 0
  in thorn Carpet, file /home/runner/work/tests/tests/master/configs/sim/build/Carpet/Comm.cc:103:
  ->[0m Synchronising group "GRHYDRO::SCON" in local mode
[1mWARNING level 2 from host runnervmejwal.hgkdwdqozxjevm244zrubbhq3g.ex.internal.cloudapp.net process 0
  in thorn Carpet, file /home/runner/work/tests/tests/master/configs/sim/build/Carpet/Comm.cc:103:
  ->[0m Synchronising group "GRHYDRO::BCONS" in local mode
[1mWARNING level 2 from host runnervmejwal.hgkdwdqozxjevm244zrubbhq3g.ex.internal.cloudapp.net process 0
  in thorn Carpet, file /home/runner/work/tests/tests/master/configs/sim/build/Carpet/Comm.cc:103:
  ->[0m Synchronising group "GRHYDRO::TAU" in local mode
[1mWARNING level 2 from host runnervmejwal.hgkdwdqozxjevm244zrubbhq3g.ex.internal.cloudapp.net process 0
  in thorn Carpet, file /home/runner/work/tests/tests/master/configs/sim/build/Carpet/Comm.cc:103:
  ->[0m Synchronising group "GRHYDRO::DENS" in local mode
[1mWARNING level 2 from host runnervmejwal.hgkdwdqozxjevm244zrubbhq3g.ex.internal.cloudapp.net process 0
  in thorn Carpet, file /home/runner/work/tests/tests/master/configs/sim/build/Carpet/Comm.cc:103:
  ->[0m Synchronising group "GRHYDRO::SCON" in local mode
[1mWARNING level 2 from host runnervmejwal.hgkdwdqozxjevm244zrubbhq3g.ex.internal.cloudapp.net process 0
  in thorn Carpet, file /home/runner/work/tests/tests/master/configs/sim/build/Carpet/Comm.cc:103:
  ->[0m Synchronising group "GRHYDRO::BCONS" in local mode
[1mWARNING level 2 from host runnervmejwal.hgkdwdqozxjevm244zrubbhq3g.ex.internal.cloudapp.net process 0
  in thorn Carpet, file /home/runner/work/tests/tests/master/configs/sim/build/Carpet/Comm.cc:103:
  ->[0m Synchronising group "GRHYDRO::TAU" in local mode
[1mWARNING level 2 from host runnervmejwal.hgkdwdqozxjevm244zrubbhq3g.ex.internal.cloudapp.net process 0
  in thorn Carpet, file /home/runner/work/tests/tests/master/configs/sim/build/Carpet/Comm.cc:103:
  ->[0m Synchronising group "GRHYDRO::DENS" in local mode
[1mWARNING level 2 from host runnervmejwal.hgkdwdqozxjevm244zrubbhq3g.ex.internal.cloudapp.net process 0
  in thorn Carpet, file /home/runner/work/tests/tests/master/configs/sim/build/Carpet/Comm.cc:103:
  ->[0m Synchronising group "GRHYDRO::SCON" in local mode
[1mWARNING level 2 from host runnervmejwal.hgkdwdqozxjevm244zrubbhq3g.ex.internal.cloudapp.net process 0
  in thorn Carpet, file /home/runner/work/tests/tests/master/configs/sim/build/Carpet/Comm.cc:103:
  ->[0m Synchronising group "GRHYDRO::BCONS" in local mode
[1mWARNING level 2 from host runnervmejwal.hgkdwdqozxjevm244zrubbhq3g.ex.internal.cloudapp.net process 0
  in thorn Carpet, file /home/runner/work/tests/tests/master/configs/sim/build/Carpet/Comm.cc:103:
  ->[0m Synchronising group "GRHYDRO::TAU" in local mode
[1mWARNING level 2 from host runnervmejwal.hgkdwdqozxjevm244zrubbhq3g.ex.internal.cloudapp.net process 0
  in thorn Carpet, file /home/runner/work/tests/tests/master/configs/sim/build/Carpet/Comm.cc:103:
  ->[0m Synchronising group "GRHYDRO::DENS" in local mode
[1mWARNING level 2 from host runnervmejwal.hgkdwdqozxjevm244zrubbhq3g.ex.internal.cloudapp.net process 0
  in thorn Carpet, file /home/runner/work/tests/tests/master/configs/sim/build/Carpet/Comm.cc:103:
  ->[0m Synchronising group "GRHYDRO::SCON" in local mode
[1mWARNING level 2 from host runnervmejwal.hgkdwdqozxjevm244zrubbhq3g.ex.internal.cloudapp.net process 0
  in thorn Carpet, file /home/runner/work/tests/tests/master/configs/sim/build/Carpet/Comm.cc:103:
  ->[0m Synchronising group "GRHYDRO::BCONS" in local mode
[1mWARNING level 2 from host runnervmejwal.hgkdwdqozxjevm244zrubbhq3g.ex.internal.cloudapp.net process 0
  in thorn Carpet, file /home/runner/work/tests/tests/master/configs/sim/build/Carpet/Comm.cc:103:
  ->[0m Synchronising group "GRHYDRO::TAU" in local mode
[1mWARNING level 2 from host runnervmejwal.hgkdwdqozxjevm244zrubbhq3g.ex.internal.cloudapp.net process 0
  in thorn Carpet, file /home/runner/work/tests/tests/master/configs/sim/build/Carpet/Comm.cc:103:
  ->[0m Synchronising group "GRHYDRO::DENS" in local mode
[1mWARNING level 2 from host runnervmejwal.hgkdwdqozxjevm244zrubbhq3g.ex.internal.cloudapp.net process 0
  in thorn Carpet, file /home/runner/work/tests/tests/master/configs/sim/build/Carpet/Comm.cc:103:
  ->[0m Synchronising group "GRHYDRO::SCON" in local mode
[1mWARNING level 2 from host runnervmejwal.hgkdwdqozxjevm244zrubbhq3g.ex.internal.cloudapp.net process 0
  in thorn Carpet, file /home/runner/work/tests/tests/master/configs/sim/build/Carpet/Comm.cc:103:
  ->[0m Synchronising group "GRHYDRO::BCONS" in local mode
[1mWARNING level 2 from host runnervmejwal.hgkdwdqozxjevm244zrubbhq3g.ex.internal.cloudapp.net process 0
  in thorn Carpet, file /home/runner/work/tests/tests/master/configs/sim/build/Carpet/Comm.cc:103:
  ->[0m Synchronising group "GRHYDRO::TAU" in local mode
[1mWARNING level 2 from host runnervmejwal.hgkdwdqozxjevm244zrubbhq3g.ex.internal.cloudapp.net process 0
  in thorn Carpet, file /home/runner/work/tests/tests/master/configs/sim/build/Carpet/Comm.cc:103:
  ->[0m Synchronising group "GRHYDRO::DENS" in local mode
[1mWARNING level 2 from host runnervmejwal.hgkdwdqozxjevm244zrubbhq3g.ex.internal.cloudapp.net process 0
  in thorn Carpet, file /home/runner/work/tests/tests/master/configs/sim/build/Carpet/Comm.cc:103:
  ->[0m Synchronising group "GRHYDRO::SCON" in local mode
[1mWARNING level 2 from host runnervmejwal.hgkdwdqozxjevm244zrubbhq3g.ex.internal.cloudapp.net process 0
  in thorn Carpet, file /home/runner/work/tests/tests/master/configs/sim/build/Carpet/Comm.cc:103:
  ->[0m Synchronising group "GRHYDRO::BCONS" in local mode
[1mWARNING level 2 from host runnervmejwal.hgkdwdqozxjevm244zrubbhq3g.ex.internal.cloudapp.net process 0
  in thorn Carpet, file /home/runner/work/tests/tests/master/configs/sim/build/Carpet/Comm.cc:103:
  ->[0m Synchronising group "GRHYDRO::TAU" in local mode
[1mWARNING level 2 from host runnervmejwal.hgkdwdqozxjevm244zrubbhq3g.ex.internal.cloudapp.net process 0
  in thorn Carpet, file /home/runner/work/tests/tests/master/configs/sim/build/Carpet/Comm.cc:103:
  ->[0m Synchronising group "GRHYDRO::DENS" in local mode
[1mWARNING level 2 from host runnervmejwal.hgkdwdqozxjevm244zrubbhq3g.ex.internal.cloudapp.net process 0
  in thorn Carpet, file /home/runner/work/tests/tests/master/configs/sim/build/Carpet/Comm.cc:103:
  ->[0m Synchronising group "GRHYDRO::SCON" in local mode
[1mWARNING level 2 from host runnervmejwal.hgkdwdqozxjevm244zrubbhq3g.ex.internal.cloudapp.net process 0
  in thorn Carpet, file /home/runner/work/tests/tests/master/configs/sim/build/Carpet/Comm.cc:103:
  ->[0m Synchronising group "GRHYDRO::BCONS" in local mode
[1mWARNING level 2 from host runnervmejwal.hgkdwdqozxjevm244zrubbhq3g.ex.internal.cloudapp.net process 0
  in thorn Carpet, file /home/runner/work/tests/tests/master/configs/sim/build/Carpet/Comm.cc:103:
  ->[0m Synchronising group "GRHYDRO::TAU" in local mode
[1mWARNING level 2 from host runnervmejwal.hgkdwdqozxjevm244zrubbhq3g.ex.internal.cloudapp.net process 0
  in thorn Carpet, file /home/runner/work/tests/tests/master/configs/sim/build/Carpet/Comm.cc:103:
  ->[0m Synchronising group "GRHYDRO::DENS" in local mode
[1mWARNING level 2 from host runnervmejwal.hgkdwdqozxjevm244zrubbhq3g.ex.internal.cloudapp.net process 0
  in thorn Carpet, file /home/runner/work/tests/tests/master/configs/sim/build/Carpet/Comm.cc:103:
  ->[0m Synchronising group "GRHYDRO::SCON" in local mode
[1mWARNING level 2 from host runnervmejwal.hgkdwdqozxjevm244zrubbhq3g.ex.internal.cloudapp.net process 0
  in thorn Carpet, file /home/runner/work/tests/tests/master/configs/sim/build/Carpet/Comm.cc:103:
  ->[0m Synchronising group "GRHYDRO::BCONS" in local mode
[1mWARNING level 2 from host runnervmejwal.hgkdwdqozxjevm244zrubbhq3g.ex.internal.cloudapp.net process 0
  in thorn Carpet, file /home/runner/work/tests/tests/master/configs/sim/build/Carpet/Comm.cc:103:
  ->[0m Synchronising group "GRHYDRO::TAU" in local mode
[1mWARNING level 2 from host runnervmejwal.hgkdwdqozxjevm244zrubbhq3g.ex.internal.cloudapp.net process 0
  in thorn Carpet, file /home/runner/work/tests/tests/master/configs/sim/build/Carpet/Comm.cc:103:
  ->[0m Synchronising group "GRHYDRO::DENS" in local mode
[1mWARNING level 2 from host runnervmejwal.hgkdwdqozxjevm244zrubbhq3g.ex.internal.cloudapp.net process 0
  in thorn Carpet, file /home/runner/work/tests/tests/master/configs/sim/build/Carpet/Comm.cc:103:
  ->[0m Synchronising group "GRHYDRO::SCON" in local mode
[1mWARNING level 2 from host runnervmejwal.hgkdwdqozxjevm244zrubbhq3g.ex.internal.cloudapp.net process 0
  in thorn Carpet, file /home/runner/work/tests/tests/master/configs/sim/build/Carpet/Comm.cc:103:
  ->[0m Synchronising group "GRHYDRO::BCONS" in local mode
[1mWARNING level 2 from host runnervmejwal.hgkdwdqozxjevm244zrubbhq3g.ex.internal.cloudapp.net process 0
  in thorn Carpet, file /home/runner/work/tests/tests/master/configs/sim/build/Carpet/Comm.cc:103:
  ->[0m Synchronising group "GRHYDRO::TAU" in local mode
[1mWARNING level 2 from host runnervmejwal.hgkdwdqozxjevm244zrubbhq3g.ex.internal.cloudapp.net process 0
  in thorn Carpet, file /home/runner/work/tests/tests/master/configs/sim/build/Carpet/Comm.cc:103:
  ->[0m Synchronising group "GRHYDRO::DENS" in local mode
[1mWARNING level 2 from host runnervmejwal.hgkdwdqozxjevm244zrubbhq3g.ex.internal.cloudapp.net process 0
  in thorn Carpet, file /home/runner/work/tests/tests/master/configs/sim/build/Carpet/Comm.cc:103:
  ->[0m Synchronising group "GRHYDRO::SCON" in local mode
[1mWARNING level 2 from host runnervmejwal.hgkdwdqozxjevm244zrubbhq3g.ex.internal.cloudapp.net process 0
  in thorn Carpet, file /home/runner/work/tests/tests/master/configs/sim/build/Carpet/Comm.cc:103:
  ->[0m Synchronising group "GRHYDRO::BCONS" in local mode
[1mWARNING level 2 from host runnervmejwal.hgkdwdqozxjevm244zrubbhq3g.ex.internal.cloudapp.net process 0
  in thorn Carpet, file /home/runner/work/tests/tests/master/configs/sim/build/Carpet/Comm.cc:103:
  ->[0m Synchronising group "GRHYDRO::TAU" in local mode
[1mWARNING level 2 from host runnervmejwal.hgkdwdqozxjevm244zrubbhq3g.ex.internal.cloudapp.net process 0
  in thorn Carpet, file /home/runner/work/tests/tests/master/configs/sim/build/Carpet/Comm.cc:103:
  ->[0m Synchronising group "GRHYDRO::DENS" in local mode
[1mWARNING level 2 from host runnervmejwal.hgkdwdqozxjevm244zrubbhq3g.ex.internal.cloudapp.net process 0
  in thorn Carpet, file /home/runner/work/tests/tests/master/configs/sim/build/Carpet/Comm.cc:103:
  ->[0m Synchronising group "GRHYDRO::SCON" in local mode
[1mWARNING level 2 from host runnervmejwal.hgkdwdqozxjevm244zrubbhq3g.ex.internal.cloudapp.net process 0
  in thorn Carpet, file /home/runner/work/tests/tests/master/configs/sim/build/Carpet/Comm.cc:103:
  ->[0m Synchronising group "GRHYDRO::BCONS" in local mode
        3     0.001 |   49.0768119 |    1.2500005 |    1.0000000 |    1.0035768 |        65
[1mWARNING level 2 from host runnervmejwal.hgkdwdqozxjevm244zrubbhq3g.ex.internal.cloudapp.net process 0
  in thorn Carpet, file /home/runner/work/tests/tests/master/configs/sim/build/Carpet/Comm.cc:103:
  ->[0m Synchronising group "GRHYDRO::TAU" in local mode
[1mWARNING level 2 from host runnervmejwal.hgkdwdqozxjevm244zrubbhq3g.ex.internal.cloudapp.net process 0
  in thorn Carpet, file /home/runner/work/tests/tests/master/configs/sim/build/Carpet/Comm.cc:103:
  ->[0m Synchronising group "GRHYDRO::DENS" in local mode
[1mWARNING level 2 from host runnervmejwal.hgkdwdqozxjevm244zrubbhq3g.ex.internal.cloudapp.net process 0
  in thorn Carpet, file /home/runner/work/tests/tests/master/configs/sim/build/Carpet/Comm.cc:103:
  ->[0m Synchronising group "GRHYDRO::SCON" in local mode
[1mWARNING level 2 from host runnervmejwal.hgkdwdqozxjevm244zrubbhq3g.ex.internal.cloudapp.net process 0
  in thorn Carpet, file /home/runner/work/tests/tests/master/configs/sim/build/Carpet/Comm.cc:103:
  ->[0m Synchronising group "GRHYDRO::BCONS" in local mode
[1mWARNING level 2 from host runnervmejwal.hgkdwdqozxjevm244zrubbhq3g.ex.internal.cloudapp.net process 0
  in thorn Carpet, file /home/runner/work/tests/tests/master/configs/sim/build/Carpet/Comm.cc:103:
  ->[0m Synchronising group "GRHYDRO::TAU" in local mode
[1mWARNING level 2 from host runnervmejwal.hgkdwdqozxjevm244zrubbhq3g.ex.internal.cloudapp.net process 0
  in thorn Carpet, file /home/runner/work/tests/tests/master/configs/sim/build/Carpet/Comm.cc:103:
  ->[0m Synchronising group "GRHYDRO::DENS" in local mode
[1mWARNING level 2 from host runnervmejwal.hgkdwdqozxjevm244zrubbhq3g.ex.internal.cloudapp.net process 0
  in thorn Carpet, file /home/runner/work/tests/tests/master/configs/sim/build/Carpet/Comm.cc:103:
  ->[0m Synchronising group "GRHYDRO::SCON" in local mode
[1mWARNING level 2 from host runnervmejwal.hgkdwdqozxjevm244zrubbhq3g.ex.internal.cloudapp.net process 0
  in thorn Carpet, file /home/runner/work/tests/tests/master/configs/sim/build/Carpet/Comm.cc:103:
  ->[0m Synchronising group "GRHYDRO::BCONS" in local mode
[1mWARNING level 2 from host runnervmejwal.hgkdwdqozxjevm244zrubbhq3g.ex.internal.cloudapp.net process 0
  in thorn Carpet, file /home/runner/work/tests/tests/master/configs/sim/build/Carpet/Comm.cc:103:
  ->[0m Synchronising group "GRHYDRO::TAU" in local mode
[1mWARNING level 2 from host runnervmejwal.hgkdwdqozxjevm244zrubbhq3g.ex.internal.cloudapp.net process 0
  in thorn Carpet, file /home/runner/work/tests/tests/master/configs/sim/build/Carpet/Comm.cc:103:
  ->[0m Synchronising group "GRHYDRO::DENS" in local mode
[1mWARNING level 2 from host runnervmejwal.hgkdwdqozxjevm244zrubbhq3g.ex.internal.cloudapp.net process 0
  in thorn Carpet, file /home/runner/work/tests/tests/master/configs/sim/build/Carpet/Comm.cc:103:
  ->[0m Synchronising group "GRHYDRO::SCON" in local mode
[1mWARNING level 2 from host runnervmejwal.hgkdwdqozxjevm244zrubbhq3g.ex.internal.cloudapp.net process 0
  in thorn Carpet, file /home/runner/work/tests/tests/master/configs/sim/build/Carpet/Comm.cc:103:
  ->[0m Synchronising group "GRHYDRO::BCONS" in local mode
[1mWARNING level 2 from host runnervmejwal.hgkdwdqozxjevm244zrubbhq3g.ex.internal.cloudapp.net process 0
  in thorn Carpet, file /home/runner/work/tests/tests/master/configs/sim/build/Carpet/Comm.cc:103:
  ->[0m Synchronising group "GRHYDRO::TAU" in local mode
[1mWARNING level 2 from host runnervmejwal.hgkdwdqozxjevm244zrubbhq3g.ex.internal.cloudapp.net process 0
  in thorn Carpet, file /home/runner/work/tests/tests/master/configs/sim/build/Carpet/Comm.cc:103:
  ->[0m Synchronising group "GRHYDRO::DENS" in local mode
[1mWARNING level 2 from host runnervmejwal.hgkdwdqozxjevm244zrubbhq3g.ex.internal.cloudapp.net process 0
  in thorn Carpet, file /home/runner/work/tests/tests/master/configs/sim/build/Carpet/Comm.cc:103:
  ->[0m Synchronising group "GRHYDRO::SCON" in local mode
[1mWARNING level 2 from host runnervmejwal.hgkdwdqozxjevm244zrubbhq3g.ex.internal.cloudapp.net process 0
  in thorn Carpet, file /home/runner/work/tests/tests/master/configs/sim/build/Carpet/Comm.cc:103:
  ->[0m Synchronising group "GRHYDRO::BCONS" in local mode
[1mWARNING level 2 from host runnervmejwal.hgkdwdqozxjevm244zrubbhq3g.ex.internal.cloudapp.net process 0
  in thorn Carpet, file /home/runner/work/tests/tests/master/configs/sim/build/Carpet/Comm.cc:103:
  ->[0m Synchronising group "GRHYDRO::TAU" in local mode
[1mWARNING level 2 from host runnervmejwal.hgkdwdqozxjevm244zrubbhq3g.ex.internal.cloudapp.net process 0
  in thorn Carpet, file /home/runner/work/tests/tests/master/configs/sim/build/Carpet/Comm.cc:103:
  ->[0m Synchronising group "GRHYDRO::DENS" in local mode
[1mWARNING level 2 from host runnervmejwal.hgkdwdqozxjevm244zrubbhq3g.ex.internal.cloudapp.net process 0
  in thorn Carpet, file /home/runner/work/tests/tests/master/configs/sim/build/Carpet/Comm.cc:103:
  ->[0m Synchronising group "GRHYDRO::SCON" in local mode
[1mWARNING level 2 from host runnervmejwal.hgkdwdqozxjevm244zrubbhq3g.ex.internal.cloudapp.net process 0
  in thorn Carpet, file /home/runner/work/tests/tests/master/configs/sim/build/Carpet/Comm.cc:103:
  ->[0m Synchronising group "GRHYDRO::BCONS" in local mode
[1mWARNING level 2 from host runnervmejwal.hgkdwdqozxjevm244zrubbhq3g.ex.internal.cloudapp.net process 0
  in thorn Carpet, file /home/runner/work/tests/tests/master/configs/sim/build/Carpet/Comm.cc:103:
  ->[0m Synchronising group "GRHYDRO::TAU" in local mode
[1mWARNING level 2 from host runnervmejwal.hgkdwdqozxjevm244zrubbhq3g.ex.internal.cloudapp.net process 0
  in thorn Carpet, file /home/runner/work/tests/tests/master/configs/sim/build/Carpet/Comm.cc:103:
  ->[0m Synchronising group "GRHYDRO::DENS" in local mode
[1mWARNING level 2 from host runnervmejwal.hgkdwdqozxjevm244zrubbhq3g.ex.internal.cloudapp.net process 0
  in thorn Carpet, file /home/runner/work/tests/tests/master/configs/sim/build/Carpet/Comm.cc:103:
  ->[0m Synchronising group "GRHYDRO::SCON" in local mode
[1mWARNING level 2 from host runnervmejwal.hgkdwdqozxjevm244zrubbhq3g.ex.internal.cloudapp.net process 0
  in thorn Carpet, file /home/runner/work/tests/tests/master/configs/sim/build/Carpet/Comm.cc:103:
  ->[0m Synchronising group "GRHYDRO::BCONS" in local mode
[1mWARNING level 2 from host runnervmejwal.hgkdwdqozxjevm244zrubbhq3g.ex.internal.cloudapp.net process 0
  in thorn Carpet, file /home/runner/work/tests/tests/master/configs/sim/build/Carpet/Comm.cc:103:
  ->[0m Synchronising group "GRHYDRO::TAU" in local mode
[1mWARNING level 2 from host runnervmejwal.hgkdwdqozxjevm244zrubbhq3g.ex.internal.cloudapp.net process 0
  in thorn Carpet, file /home/runner/work/tests/tests/master/configs/sim/build/Carpet/Comm.cc:103:
  ->[0m Synchronising group "GRHYDRO::DENS" in local mode
[1mWARNING level 2 from host runnervmejwal.hgkdwdqozxjevm244zrubbhq3g.ex.internal.cloudapp.net process 0
  in thorn Carpet, file /home/runner/work/tests/tests/master/configs/sim/build/Carpet/Comm.cc:103:
  ->[0m Synchronising group "GRHYDRO::SCON" in local mode
[1mWARNING level 2 from host runnervmejwal.hgkdwdqozxjevm244zrubbhq3g.ex.internal.cloudapp.net process 0
  in thorn Carpet, file /home/runner/work/tests/tests/master/configs/sim/build/Carpet/Comm.cc:103:
  ->[0m Synchronising group "GRHYDRO::BCONS" in local mode
[1mWARNING level 2 from host runnervmejwal.hgkdwdqozxjevm244zrubbhq3g.ex.internal.cloudapp.net process 0
  in thorn Carpet, file /home/runner/work/tests/tests/master/configs/sim/build/Carpet/Comm.cc:103:
  ->[0m Synchronising group "GRHYDRO::TAU" in local mode
[1mWARNING level 2 from host runnervmejwal.hgkdwdqozxjevm244zrubbhq3g.ex.internal.cloudapp.net process 0
  in thorn Carpet, file /home/runner/work/tests/tests/master/configs/sim/build/Carpet/Comm.cc:103:
  ->[0m Synchronising group "GRHYDRO::DENS" in local mode
[1mWARNING level 2 from host runnervmejwal.hgkdwdqozxjevm244zrubbhq3g.ex.internal.cloudapp.net process 0
  in thorn Carpet, file /home/runner/work/tests/tests/master/configs/sim/build/Carpet/Comm.cc:103:
  ->[0m Synchronising group "GRHYDRO::SCON" in local mode
[1mWARNING level 2 from host runnervmejwal.hgkdwdqozxjevm244zrubbhq3g.ex.internal.cloudapp.net process 0
  in thorn Carpet, file /home/runner/work/tests/tests/master/configs/sim/build/Carpet/Comm.cc:103:
  ->[0m Synchronising group "GRHYDRO::BCONS" in local mode
[1mWARNING level 2 from host runnervmejwal.hgkdwdqozxjevm244zrubbhq3g.ex.internal.cloudapp.net process 0
  in thorn Carpet, file /home/runner/work/tests/tests/master/configs/sim/build/Carpet/Comm.cc:103:
  ->[0m Synchronising group "GRHYDRO::TAU" in local mode
[1mWARNING level 2 from host runnervmejwal.hgkdwdqozxjevm244zrubbhq3g.ex.internal.cloudapp.net process 0
  in thorn Carpet, file /home/runner/work/tests/tests/master/configs/sim/build/Carpet/Comm.cc:103:
  ->[0m Synchronising group "GRHYDRO::DENS" in local mode
[1mWARNING level 2 from host runnervmejwal.hgkdwdqozxjevm244zrubbhq3g.ex.internal.cloudapp.net process 0
  in thorn Carpet, file /home/runner/work/tests/tests/master/configs/sim/build/Carpet/Comm.cc:103:
  ->[0m Synchronising group "GRHYDRO::SCON" in local mode
[1mWARNING level 2 from host runnervmejwal.hgkdwdqozxjevm244zrubbhq3g.ex.internal.cloudapp.net process 0
  in thorn Carpet, file /home/runner/work/tests/tests/master/configs/sim/build/Carpet/Comm.cc:103:
  ->[0m Synchronising group "GRHYDRO::BCONS" in local mode
[1mWARNING level 2 from host runnervmejwal.hgkdwdqozxjevm244zrubbhq3g.ex.internal.cloudapp.net process 0
  in thorn Carpet, file /home/runner/work/tests/tests/master/configs/sim/build/Carpet/Comm.cc:103:
  ->[0m Synchronising group "GRHYDRO::TAU" in local mode
[1mWARNING level 2 from host runnervmejwal.hgkdwdqozxjevm244zrubbhq3g.ex.internal.cloudapp.net process 0
  in thorn Carpet, file /home/runner/work/tests/tests/master/configs/sim/build/Carpet/Comm.cc:103:
  ->[0m Synchronising group "GRHYDRO::DENS" in local mode
[1mWARNING level 2 from host runnervmejwal.hgkdwdqozxjevm244zrubbhq3g.ex.internal.cloudapp.net process 0
  in thorn Carpet, file /home/runner/work/tests/tests/master/configs/sim/build/Carpet/Comm.cc:103:
  ->[0m Synchronising group "GRHYDRO::SCON" in local mode
[1mWARNING level 2 from host runnervmejwal.hgkdwdqozxjevm244zrubbhq3g.ex.internal.cloudapp.net process 0
  in thorn Carpet, file /home/runner/work/tests/tests/master/configs/sim/build/Carpet/Comm.cc:103:
  ->[0m Synchronising group "GRHYDRO::BCONS" in local mode
[1mWARNING level 2 from host runnervmejwal.hgkdwdqozxjevm244zrubbhq3g.ex.internal.cloudapp.net process 0
  in thorn Carpet, file /home/runner/work/tests/tests/master/configs/sim/build/Carpet/Comm.cc:103:
  ->[0m Synchronising group "GRHYDRO::TAU" in local mode
[1mWARNING level 2 from host runnervmejwal.hgkdwdqozxjevm244zrubbhq3g.ex.internal.cloudapp.net process 0
  in thorn Carpet, file /home/runner/work/tests/tests/master/configs/sim/build/Carpet/Comm.cc:103:
  ->[0m Synchronising group "GRHYDRO::DENS" in local mode
[1mWARNING level 2 from host runnervmejwal.hgkdwdqozxjevm244zrubbhq3g.ex.internal.cloudapp.net process 0
  in thorn Carpet, file /home/runner/work/tests/tests/master/configs/sim/build/Carpet/Comm.cc:103:
  ->[0m Synchronising group "GRHYDRO::SCON" in local mode
[1mWARNING level 2 from host runnervmejwal.hgkdwdqozxjevm244zrubbhq3g.ex.internal.cloudapp.net process 0
  in thorn Carpet, file /home/runner/work/tests/tests/master/configs/sim/build/Carpet/Comm.cc:103:
  ->[0m Synchronising group "GRHYDRO::BCONS" in local mode
[1mWARNING level 2 from host runnervmejwal.hgkdwdqozxjevm244zrubbhq3g.ex.internal.cloudapp.net process 0
  in thorn Carpet, file /home/runner/work/tests/tests/master/configs/sim/build/Carpet/Comm.cc:103:
  ->[0m Synchronising group "GRHYDRO::TAU" in local mode
[1mWARNING level 2 from host runnervmejwal.hgkdwdqozxjevm244zrubbhq3g.ex.internal.cloudapp.net process 0
  in thorn Carpet, file /home/runner/work/tests/tests/master/configs/sim/build/Carpet/Comm.cc:103:
  ->[0m Synchronising group "GRHYDRO::DENS" in local mode
[1mWARNING level 2 from host runnervmejwal.hgkdwdqozxjevm244zrubbhq3g.ex.internal.cloudapp.net process 0
  in thorn Carpet, file /home/runner/work/tests/tests/master/configs/sim/build/Carpet/Comm.cc:103:
  ->[0m Synchronising group "GRHYDRO::SCON" in local mode
[1mWARNING level 2 from host runnervmejwal.hgkdwdqozxjevm244zrubbhq3g.ex.internal.cloudapp.net process 0
  in thorn Carpet, file /home/runner/work/tests/tests/master/configs/sim/build/Carpet/Comm.cc:103:
  ->[0m Synchronising group "GRHYDRO::BCONS" in local mode
[1mWARNING level 2 from host runnervmejwal.hgkdwdqozxjevm244zrubbhq3g.ex.internal.cloudapp.net process 0
  in thorn Carpet, file /home/runner/work/tests/tests/master/configs/sim/build/Carpet/Comm.cc:103:
  ->[0m Synchronising group "GRHYDRO::TAU" in local mode
[1mWARNING level 2 from host runnervmejwal.hgkdwdqozxjevm244zrubbhq3g.ex.internal.cloudapp.net process 0
  in thorn Carpet, file /home/runner/work/tests/tests/master/configs/sim/build/Carpet/Comm.cc:103:
  ->[0m Synchronising group "GRHYDRO::DENS" in local mode
[1mWARNING level 2 from host runnervmejwal.hgkdwdqozxjevm244zrubbhq3g.ex.internal.cloudapp.net process 0
  in thorn Carpet, file /home/runner/work/tests/tests/master/configs/sim/build/Carpet/Comm.cc:103:
  ->[0m Synchronising group "GRHYDRO::SCON" in local mode
[1mWARNING level 2 from host runnervmejwal.hgkdwdqozxjevm244zrubbhq3g.ex.internal.cloudapp.net process 0
  in thorn Carpet, file /home/runner/work/tests/tests/master/configs/sim/build/Carpet/Comm.cc:103:
  ->[0m Synchronising group "GRHYDRO::BCONS" in local mode
[1mWARNING level 2 from host runnervmejwal.hgkdwdqozxjevm244zrubbhq3g.ex.internal.cloudapp.net process 0
  in thorn Carpet, file /home/runner/work/tests/tests/master/configs/sim/build/Carpet/Comm.cc:103:
  ->[0m Synchronising group "GRHYDRO::TAU" in local mode
[1mWARNING level 2 from host runnervmejwal.hgkdwdqozxjevm244zrubbhq3g.ex.internal.cloudapp.net process 0
  in thorn Carpet, file /home/runner/work/tests/tests/master/configs/sim/build/Carpet/Comm.cc:103:
  ->[0m Synchronising group "GRHYDRO::DENS" in local mode
[1mWARNING level 2 from host runnervmejwal.hgkdwdqozxjevm244zrubbhq3g.ex.internal.cloudapp.net process 0
  in thorn Carpet, file /home/runner/work/tests/tests/master/configs/sim/build/Carpet/Comm.cc:103:
  ->[0m Synchronising group "GRHYDRO::SCON" in local mode
[1mWARNING level 2 from host runnervmejwal.hgkdwdqozxjevm244zrubbhq3g.ex.internal.cloudapp.net process 0
  in thorn Carpet, file /home/runner/work/tests/tests/master/configs/sim/build/Carpet/Comm.cc:103:
  ->[0m Synchronising group "GRHYDRO::BCONS" in local mode
        4     0.001 |   49.3627015 |    1.2500010 |    1.0000000 |    1.0047599 |        65
[1mWARNING level 2 from host runnervmejwal.hgkdwdqozxjevm244zrubbhq3g.ex.internal.cloudapp.net process 0
  in thorn Carpet, file /home/runner/work/tests/tests/master/configs/sim/build/Carpet/Comm.cc:103:
  ->[0m Synchronising group "GRHYDRO::TAU" in local mode
[1mWARNING level 2 from host runnervmejwal.hgkdwdqozxjevm244zrubbhq3g.ex.internal.cloudapp.net process 0
  in thorn Carpet, file /home/runner/work/tests/tests/master/configs/sim/build/Carpet/Comm.cc:103:
  ->[0m Synchronising group "GRHYDRO::DENS" in local mode
[1mWARNING level 2 from host runnervmejwal.hgkdwdqozxjevm244zrubbhq3g.ex.internal.cloudapp.net process 0
  in thorn Carpet, file /home/runner/work/tests/tests/master/configs/sim/build/Carpet/Comm.cc:103:
  ->[0m Synchronising group "GRHYDRO::SCON" in local mode
[1mWARNING level 2 from host runnervmejwal.hgkdwdqozxjevm244zrubbhq3g.ex.internal.cloudapp.net process 0
  in thorn Carpet, file /home/runner/work/tests/tests/master/configs/sim/build/Carpet/Comm.cc:103:
  ->[0m Synchronising group "GRHYDRO::BCONS" in local mode
[1mWARNING level 2 from host runnervmejwal.hgkdwdqozxjevm244zrubbhq3g.ex.internal.cloudapp.net process 0
  in thorn Carpet, file /home/runner/work/tests/tests/master/configs/sim/build/Carpet/Comm.cc:103:
  ->[0m Synchronising group "GRHYDRO::TAU" in local mode
[1mWARNING level 2 from host runnervmejwal.hgkdwdqozxjevm244zrubbhq3g.ex.internal.cloudapp.net process 0
  in thorn Carpet, file /home/runner/work/tests/tests/master/configs/sim/build/Carpet/Comm.cc:103:
  ->[0m Synchronising group "GRHYDRO::DENS" in local mode
[1mWARNING level 2 from host runnervmejwal.hgkdwdqozxjevm244zrubbhq3g.ex.internal.cloudapp.net process 0
  in thorn Carpet, file /home/runner/work/tests/tests/master/configs/sim/build/Carpet/Comm.cc:103:
  ->[0m Synchronising group "GRHYDRO::SCON" in local mode
[1mWARNING level 2 from host runnervmejwal.hgkdwdqozxjevm244zrubbhq3g.ex.internal.cloudapp.net process 0
  in thorn Carpet, file /home/runner/work/tests/tests/master/configs/sim/build/Carpet/Comm.cc:103:
  ->[0m Synchronising group "GRHYDRO::BCONS" in local mode
[1mWARNING level 2 from host runnervmejwal.hgkdwdqozxjevm244zrubbhq3g.ex.internal.cloudapp.net process 0
  in thorn Carpet, file /home/runner/work/tests/tests/master/configs/sim/build/Carpet/Comm.cc:103:
  ->[0m Synchronising group "GRHYDRO::TAU" in local mode
[1mWARNING level 2 from host runnervmejwal.hgkdwdqozxjevm244zrubbhq3g.ex.internal.cloudapp.net process 0
  in thorn Carpet, file /home/runner/work/tests/tests/master/configs/sim/build/Carpet/Comm.cc:103:
  ->[0m Synchronising group "GRHYDRO::DENS" in local mode
[1mWARNING level 2 from host runnervmejwal.hgkdwdqozxjevm244zrubbhq3g.ex.internal.cloudapp.net process 0
  in thorn Carpet, file /home/runner/work/tests/tests/master/configs/sim/build/Carpet/Comm.cc:103:
  ->[0m Synchronising group "GRHYDRO::SCON" in local mode
[1mWARNING level 2 from host runnervmejwal.hgkdwdqozxjevm244zrubbhq3g.ex.internal.cloudapp.net process 0
  in thorn Carpet, file /home/runner/work/tests/tests/master/configs/sim/build/Carpet/Comm.cc:103:
  ->[0m Synchronising group "GRHYDRO::BCONS" in local mode
[1mWARNING level 2 from host runnervmejwal.hgkdwdqozxjevm244zrubbhq3g.ex.internal.cloudapp.net process 0
  in thorn Carpet, file /home/runner/work/tests/tests/master/configs/sim/build/Carpet/Comm.cc:103:
  ->[0m Synchronising group "GRHYDRO::TAU" in local mode
[1mWARNING level 2 from host runnervmejwal.hgkdwdqozxjevm244zrubbhq3g.ex.internal.cloudapp.net process 0
  in thorn Carpet, file /home/runner/work/tests/tests/master/configs/sim/build/Carpet/Comm.cc:103:
  ->[0m Synchronising group "GRHYDRO::DENS" in local mode
[1mWARNING level 2 from host runnervmejwal.hgkdwdqozxjevm244zrubbhq3g.ex.internal.cloudapp.net process 0
  in thorn Carpet, file /home/runner/work/tests/tests/master/configs/sim/build/Carpet/Comm.cc:103:
  ->[0m Synchronising group "GRHYDRO::SCON" in local mode
[1mWARNING level 2 from host runnervmejwal.hgkdwdqozxjevm244zrubbhq3g.ex.internal.cloudapp.net process 0
  in thorn Carpet, file /home/runner/work/tests/tests/master/configs/sim/build/Carpet/Comm.cc:103:
  ->[0m Synchronising group "GRHYDRO::BCONS" in local mode
[1mWARNING level 2 from host runnervmejwal.hgkdwdqozxjevm244zrubbhq3g.ex.internal.cloudapp.net process 0
  in thorn Carpet, file /home/runner/work/tests/tests/master/configs/sim/build/Carpet/Comm.cc:103:
  ->[0m Synchronising group "GRHYDRO::TAU" in local mode
[1mWARNING level 2 from host runnervmejwal.hgkdwdqozxjevm244zrubbhq3g.ex.internal.cloudapp.net process 0
  in thorn Carpet, file /home/runner/work/tests/tests/master/configs/sim/build/Carpet/Comm.cc:103:
  ->[0m Synchronising group "GRHYDRO::DENS" in local mode
[1mWARNING level 2 from host runnervmejwal.hgkdwdqozxjevm244zrubbhq3g.ex.internal.cloudapp.net process 0
  in thorn Carpet, file /home/runner/work/tests/tests/master/configs/sim/build/Carpet/Comm.cc:103:
  ->[0m Synchronising group "GRHYDRO::SCON" in local mode
[1mWARNING level 2 from host runnervmejwal.hgkdwdqozxjevm244zrubbhq3g.ex.internal.cloudapp.net process 0
  in thorn Carpet, file /home/runner/work/tests/tests/master/configs/sim/build/Carpet/Comm.cc:103:
  ->[0m Synchronising group "GRHYDRO::BCONS" in local mode
[1mWARNING level 2 from host runnervmejwal.hgkdwdqozxjevm244zrubbhq3g.ex.internal.cloudapp.net process 0
  in thorn Carpet, file /home/runner/work/tests/tests/master/configs/sim/build/Carpet/Comm.cc:103:
  ->[0m Synchronising group "GRHYDRO::TAU" in local mode
[1mWARNING level 2 from host runnervmejwal.hgkdwdqozxjevm244zrubbhq3g.ex.internal.cloudapp.net process 0
  in thorn Carpet, file /home/runner/work/tests/tests/master/configs/sim/build/Carpet/Comm.cc:103:
  ->[0m Synchronising group "GRHYDRO::DENS" in local mode
[1mWARNING level 2 from host runnervmejwal.hgkdwdqozxjevm244zrubbhq3g.ex.internal.cloudapp.net process 0
  in thorn Carpet, file /home/runner/work/tests/tests/master/configs/sim/build/Carpet/Comm.cc:103:
  ->[0m Synchronising group "GRHYDRO::SCON" in local mode
[1mWARNING level 2 from host runnervmejwal.hgkdwdqozxjevm244zrubbhq3g.ex.internal.cloudapp.net process 0
  in thorn Carpet, file /home/runner/work/tests/tests/master/configs/sim/build/Carpet/Comm.cc:103:
  ->[0m Synchronising group "GRHYDRO::BCONS" in local mode
[1mWARNING level 2 from host runnervmejwal.hgkdwdqozxjevm244zrubbhq3g.ex.internal.cloudapp.net process 0
  in thorn Carpet, file /home/runner/work/tests/tests/master/configs/sim/build/Carpet/Comm.cc:103:
  ->[0m Synchronising group "GRHYDRO::TAU" in local mode
[1mWARNING level 2 from host runnervmejwal.hgkdwdqozxjevm244zrubbhq3g.ex.internal.cloudapp.net process 0
  in thorn Carpet, file /home/runner/work/tests/tests/master/configs/sim/build/Carpet/Comm.cc:103:
  ->[0m Synchronising group "GRHYDRO::DENS" in local mode
[1mWARNING level 2 from host runnervmejwal.hgkdwdqozxjevm244zrubbhq3g.ex.internal.cloudapp.net process 0
  in thorn Carpet, file /home/runner/work/tests/tests/master/configs/sim/build/Carpet/Comm.cc:103:
  ->[0m Synchronising group "GRHYDRO::SCON" in local mode
[1mWARNING level 2 from host runnervmejwal.hgkdwdqozxjevm244zrubbhq3g.ex.internal.cloudapp.net process 0
  in thorn Carpet, file /home/runner/work/tests/tests/master/configs/sim/build/Carpet/Comm.cc:103:
  ->[0m Synchronising group "GRHYDRO::BCONS" in local mode
[1mWARNING level 2 from host runnervmejwal.hgkdwdqozxjevm244zrubbhq3g.ex.internal.cloudapp.net process 0
  in thorn Carpet, file /home/runner/work/tests/tests/master/configs/sim/build/Carpet/Comm.cc:103:
  ->[0m Synchronising group "GRHYDRO::TAU" in local mode
[1mWARNING level 2 from host runnervmejwal.hgkdwdqozxjevm244zrubbhq3g.ex.internal.cloudapp.net process 0
  in thorn Carpet, file /home/runner/work/tests/tests/master/configs/sim/build/Carpet/Comm.cc:103:
  ->[0m Synchronising group "GRHYDRO::DENS" in local mode
[1mWARNING level 2 from host runnervmejwal.hgkdwdqozxjevm244zrubbhq3g.ex.internal.cloudapp.net process 0
  in thorn Carpet, file /home/runner/work/tests/tests/master/configs/sim/build/Carpet/Comm.cc:103:
  ->[0m Synchronising group "GRHYDRO::SCON" in local mode
[1mWARNING level 2 from host runnervmejwal.hgkdwdqozxjevm244zrubbhq3g.ex.internal.cloudapp.net process 0
  in thorn Carpet, file /home/runner/work/tests/tests/master/configs/sim/build/Carpet/Comm.cc:103:
  ->[0m Synchronising group "GRHYDRO::BCONS" in local mode
[1mWARNING level 2 from host runnervmejwal.hgkdwdqozxjevm244zrubbhq3g.ex.internal.cloudapp.net process 0
  in thorn Carpet, file /home/runner/work/tests/tests/master/configs/sim/build/Carpet/Comm.cc:103:
  ->[0m Synchronising group "GRHYDRO::TAU" in local mode
[1mWARNING level 2 from host runnervmejwal.hgkdwdqozxjevm244zrubbhq3g.ex.internal.cloudapp.net process 0
  in thorn Carpet, file /home/runner/work/tests/tests/master/configs/sim/build/Carpet/Comm.cc:103:
  ->[0m Synchronising group "GRHYDRO::DENS" in local mode
[1mWARNING level 2 from host runnervmejwal.hgkdwdqozxjevm244zrubbhq3g.ex.internal.cloudapp.net process 0
  in thorn Carpet, file /home/runner/work/tests/tests/master/configs/sim/build/Carpet/Comm.cc:103:
  ->[0m Synchronising group "GRHYDRO::SCON" in local mode
[1mWARNING level 2 from host runnervmejwal.hgkdwdqozxjevm244zrubbhq3g.ex.internal.cloudapp.net process 0
  in thorn Carpet, file /home/runner/work/tests/tests/master/configs/sim/build/Carpet/Comm.cc:103:
  ->[0m Synchronising group "GRHYDRO::BCONS" in local mode
[1mWARNING level 2 from host runnervmejwal.hgkdwdqozxjevm244zrubbhq3g.ex.internal.cloudapp.net process 0
  in thorn Carpet, file /home/runner/work/tests/tests/master/configs/sim/build/Carpet/Comm.cc:103:
  ->[0m Synchronising group "GRHYDRO::TAU" in local mode
[1mWARNING level 2 from host runnervmejwal.hgkdwdqozxjevm244zrubbhq3g.ex.internal.cloudapp.net process 0
  in thorn Carpet, file /home/runner/work/tests/tests/master/configs/sim/build/Carpet/Comm.cc:103:
  ->[0m Synchronising group "GRHYDRO::DENS" in local mode
[1mWARNING level 2 from host runnervmejwal.hgkdwdqozxjevm244zrubbhq3g.ex.internal.cloudapp.net process 0
  in thorn Carpet, file /home/runner/work/tests/tests/master/configs/sim/build/Carpet/Comm.cc:103:
  ->[0m Synchronising group "GRHYDRO::SCON" in local mode
[1mWARNING level 2 from host runnervmejwal.hgkdwdqozxjevm244zrubbhq3g.ex.internal.cloudapp.net process 0
  in thorn Carpet, file /home/runner/work/tests/tests/master/configs/sim/build/Carpet/Comm.cc:103:
  ->[0m Synchronising group "GRHYDRO::BCONS" in local mode
[1mWARNING level 2 from host runnervmejwal.hgkdwdqozxjevm244zrubbhq3g.ex.internal.cloudapp.net process 0
  in thorn Carpet, file /home/runner/work/tests/tests/master/configs/sim/build/Carpet/Comm.cc:103:
  ->[0m Synchronising group "GRHYDRO::TAU" in local mode
[1mWARNING level 2 from host runnervmejwal.hgkdwdqozxjevm244zrubbhq3g.ex.internal.cloudapp.net process 0
  in thorn Carpet, file /home/runner/work/tests/tests/master/configs/sim/build/Carpet/Comm.cc:103:
  ->[0m Synchronising group "GRHYDRO::DENS" in local mode
[1mWARNING level 2 from host runnervmejwal.hgkdwdqozxjevm244zrubbhq3g.ex.internal.cloudapp.net process 0
  in thorn Carpet, file /home/runner/work/tests/tests/master/configs/sim/build/Carpet/Comm.cc:103:
  ->[0m Synchronising group "GRHYDRO::SCON" in local mode
[1mWARNING level 2 from host runnervmejwal.hgkdwdqozxjevm244zrubbhq3g.ex.internal.cloudapp.net process 0
  in thorn Carpet, file /home/runner/work/tests/tests/master/configs/sim/build/Carpet/Comm.cc:103:
  ->[0m Synchronising group "GRHYDRO::BCONS" in local mode
[1mWARNING level 2 from host runnervmejwal.hgkdwdqozxjevm244zrubbhq3g.ex.internal.cloudapp.net process 0
  in thorn Carpet, file /home/runner/work/tests/tests/master/configs/sim/build/Carpet/Comm.cc:103:
  ->[0m Synchronising group "GRHYDRO::TAU" in local mode
[1mWARNING level 2 from host runnervmejwal.hgkdwdqozxjevm244zrubbhq3g.ex.internal.cloudapp.net process 0
  in thorn Carpet, file /home/runner/work/tests/tests/master/configs/sim/build/Carpet/Comm.cc:103:
  ->[0m Synchronising group "GRHYDRO::DENS" in local mode
[1mWARNING level 2 from host runnervmejwal.hgkdwdqozxjevm244zrubbhq3g.ex.internal.cloudapp.net process 0
  in thorn Carpet, file /home/runner/work/tests/tests/master/configs/sim/build/Carpet/Comm.cc:103:
  ->[0m Synchronising group "GRHYDRO::SCON" in local mode
[1mWARNING level 2 from host runnervmejwal.hgkdwdqozxjevm244zrubbhq3g.ex.internal.cloudapp.net process 0
  in thorn Carpet, file /home/runner/work/tests/tests/master/configs/sim/build/Carpet/Comm.cc:103:
  ->[0m Synchronising group "GRHYDRO::BCONS" in local mode
[1mWARNING level 2 from host runnervmejwal.hgkdwdqozxjevm244zrubbhq3g.ex.internal.cloudapp.net process 0
  in thorn Carpet, file /home/runner/work/tests/tests/master/configs/sim/build/Carpet/Comm.cc:103:
  ->[0m Synchronising group "GRHYDRO::TAU" in local mode
[1mWARNING level 2 from host runnervmejwal.hgkdwdqozxjevm244zrubbhq3g.ex.internal.cloudapp.net process 0
  in thorn Carpet, file /home/runner/work/tests/tests/master/configs/sim/build/Carpet/Comm.cc:103:
  ->[0m Synchronising group "GRHYDRO::DENS" in local mode
[1mWARNING level 2 from host runnervmejwal.hgkdwdqozxjevm244zrubbhq3g.ex.internal.cloudapp.net process 0
  in thorn Carpet, file /home/runner/work/tests/tests/master/configs/sim/build/Carpet/Comm.cc:103:
  ->[0m Synchronising group "GRHYDRO::SCON" in local mode
[1mWARNING level 2 from host runnervmejwal.hgkdwdqozxjevm244zrubbhq3g.ex.internal.cloudapp.net process 0
  in thorn Carpet, file /home/runner/work/tests/tests/master/configs/sim/build/Carpet/Comm.cc:103:
  ->[0m Synchronising group "GRHYDRO::BCONS" in local mode
[1mWARNING level 2 from host runnervmejwal.hgkdwdqozxjevm244zrubbhq3g.ex.internal.cloudapp.net process 0
  in thorn Carpet, file /home/runner/work/tests/tests/master/configs/sim/build/Carpet/Comm.cc:103:
  ->[0m Synchronising group "GRHYDRO::TAU" in local mode
[1mWARNING level 2 from host runnervmejwal.hgkdwdqozxjevm244zrubbhq3g.ex.internal.cloudapp.net process 0
  in thorn Carpet, file /home/runner/work/tests/tests/master/configs/sim/build/Carpet/Comm.cc:103:
  ->[0m Synchronising group "GRHYDRO::DENS" in local mode
[1mWARNING level 2 from host runnervmejwal.hgkdwdqozxjevm244zrubbhq3g.ex.internal.cloudapp.net process 0
  in thorn Carpet, file /home/runner/work/tests/tests/master/configs/sim/build/Carpet/Comm.cc:103:
  ->[0m Synchronising group "GRHYDRO::SCON" in local mode
[1mWARNING level 2 from host runnervmejwal.hgkdwdqozxjevm244zrubbhq3g.ex.internal.cloudapp.net process 0
  in thorn Carpet, file /home/runner/work/tests/tests/master/configs/sim/build/Carpet/Comm.cc:103:
  ->[0m Synchronising group "GRHYDRO::BCONS" in local mode
        5     0.001 |   49.6539735 |    1.2500016 |    1.0000000 |    1.0059387 |        65
[1mWARNING level 2 from host runnervmejwal.hgkdwdqozxjevm244zrubbhq3g.ex.internal.cloudapp.net process 0
  in thorn Carpet, file /home/runner/work/tests/tests/master/configs/sim/build/Carpet/Comm.cc:103:
  ->[0m Synchronising group "GRHYDRO::TAU" in local mode
[1mWARNING level 2 from host runnervmejwal.hgkdwdqozxjevm244zrubbhq3g.ex.internal.cloudapp.net process 0
  in thorn Carpet, file /home/runner/work/tests/tests/master/configs/sim/build/Carpet/Comm.cc:103:
  ->[0m Synchronising group "GRHYDRO::DENS" in local mode
[1mWARNING level 2 from host runnervmejwal.hgkdwdqozxjevm244zrubbhq3g.ex.internal.cloudapp.net process 0
  in thorn Carpet, file /home/runner/work/tests/tests/master/configs/sim/build/Carpet/Comm.cc:103:
  ->[0m Synchronising group "GRHYDRO::SCON" in local mode
[1mWARNING level 2 from host runnervmejwal.hgkdwdqozxjevm244zrubbhq3g.ex.internal.cloudapp.net process 0
  in thorn Carpet, file /home/runner/work/tests/tests/master/configs/sim/build/Carpet/Comm.cc:103:
  ->[0m Synchronising group "GRHYDRO::BCONS" in local mode
[1mWARNING level 2 from host runnervmejwal.hgkdwdqozxjevm244zrubbhq3g.ex.internal.cloudapp.net process 0
  in thorn Carpet, file /home/runner/work/tests/tests/master/configs/sim/build/Carpet/Comm.cc:103:
  ->[0m Synchronising group "GRHYDRO::TAU" in local mode
[1mWARNING level 2 from host runnervmejwal.hgkdwdqozxjevm244zrubbhq3g.ex.internal.cloudapp.net process 0
  in thorn Carpet, file /home/runner/work/tests/tests/master/configs/sim/build/Carpet/Comm.cc:103:
  ->[0m Synchronising group "GRHYDRO::DENS" in local mode
[1mWARNING level 2 from host runnervmejwal.hgkdwdqozxjevm244zrubbhq3g.ex.internal.cloudapp.net process 0
  in thorn Carpet, file /home/runner/work/tests/tests/master/configs/sim/build/Carpet/Comm.cc:103:
  ->[0m Synchronising group "GRHYDRO::SCON" in local mode
[1mWARNING level 2 from host runnervmejwal.hgkdwdqozxjevm244zrubbhq3g.ex.internal.cloudapp.net process 0
  in thorn Carpet, file /home/runner/work/tests/tests/master/configs/sim/build/Carpet/Comm.cc:103:
  ->[0m Synchronising group "GRHYDRO::BCONS" in local mode
[1mWARNING level 2 from host runnervmejwal.hgkdwdqozxjevm244zrubbhq3g.ex.internal.cloudapp.net process 0
  in thorn Carpet, file /home/runner/work/tests/tests/master/configs/sim/build/Carpet/Comm.cc:103:
  ->[0m Synchronising group "GRHYDRO::TAU" in local mode
[1mWARNING level 2 from host runnervmejwal.hgkdwdqozxjevm244zrubbhq3g.ex.internal.cloudapp.net process 0
  in thorn Carpet, file /home/runner/work/tests/tests/master/configs/sim/build/Carpet/Comm.cc:103:
  ->[0m Synchronising group "GRHYDRO::DENS" in local mode
[1mWARNING level 2 from host runnervmejwal.hgkdwdqozxjevm244zrubbhq3g.ex.internal.cloudapp.net process 0
  in thorn Carpet, file /home/runner/work/tests/tests/master/configs/sim/build/Carpet/Comm.cc:103:
  ->[0m Synchronising group "GRHYDRO::SCON" in local mode
[1mWARNING level 2 from host runnervmejwal.hgkdwdqozxjevm244zrubbhq3g.ex.internal.cloudapp.net process 0
  in thorn Carpet, file /home/runner/work/tests/tests/master/configs/sim/build/Carpet/Comm.cc:103:
  ->[0m Synchronising group "GRHYDRO::BCONS" in local mode
[1mWARNING level 2 from host runnervmejwal.hgkdwdqozxjevm244zrubbhq3g.ex.internal.cloudapp.net process 0
  in thorn Carpet, file /home/runner/work/tests/tests/master/configs/sim/build/Carpet/Comm.cc:103:
  ->[0m Synchronising group "GRHYDRO::TAU" in local mode
[1mWARNING level 2 from host runnervmejwal.hgkdwdqozxjevm244zrubbhq3g.ex.internal.cloudapp.net process 0
  in thorn Carpet, file /home/runner/work/tests/tests/master/configs/sim/build/Carpet/Comm.cc:103:
  ->[0m Synchronising group "GRHYDRO::DENS" in local mode
[1mWARNING level 2 from host runnervmejwal.hgkdwdqozxjevm244zrubbhq3g.ex.internal.cloudapp.net process 0
  in thorn Carpet, file /home/runner/work/tests/tests/master/configs/sim/build/Carpet/Comm.cc:103:
  ->[0m Synchronising group "GRHYDRO::SCON" in local mode
[1mWARNING level 2 from host runnervmejwal.hgkdwdqozxjevm244zrubbhq3g.ex.internal.cloudapp.net process 0
  in thorn Carpet, file /home/runner/work/tests/tests/master/configs/sim/build/Carpet/Comm.cc:103:
  ->[0m Synchronising group "GRHYDRO::BCONS" in local mode
[1mWARNING level 2 from host runnervmejwal.hgkdwdqozxjevm244zrubbhq3g.ex.internal.cloudapp.net process 0
  in thorn Carpet, file /home/runner/work/tests/tests/master/configs/sim/build/Carpet/Comm.cc:103:
  ->[0m Synchronising group "GRHYDRO::TAU" in local mode
[1mWARNING level 2 from host runnervmejwal.hgkdwdqozxjevm244zrubbhq3g.ex.internal.cloudapp.net process 0
  in thorn Carpet, file /home/runner/work/tests/tests/master/configs/sim/build/Carpet/Comm.cc:103:
  ->[0m Synchronising group "GRHYDRO::DENS" in local mode
[1mWARNING level 2 from host runnervmejwal.hgkdwdqozxjevm244zrubbhq3g.ex.internal.cloudapp.net process 0
  in thorn Carpet, file /home/runner/work/tests/tests/master/configs/sim/build/Carpet/Comm.cc:103:
  ->[0m Synchronising group "GRHYDRO::SCON" in local mode
[1mWARNING level 2 from host runnervmejwal.hgkdwdqozxjevm244zrubbhq3g.ex.internal.cloudapp.net process 0
  in thorn Carpet, file /home/runner/work/tests/tests/master/configs/sim/build/Carpet/Comm.cc:103:
  ->[0m Synchronising group "GRHYDRO::BCONS" in local mode
[1mWARNING level 2 from host runnervmejwal.hgkdwdqozxjevm244zrubbhq3g.ex.internal.cloudapp.net process 0
  in thorn Carpet, file /home/runner/work/tests/tests/master/configs/sim/build/Carpet/Comm.cc:103:
  ->[0m Synchronising group "GRHYDRO::TAU" in local mode
[1mWARNING level 2 from host runnervmejwal.hgkdwdqozxjevm244zrubbhq3g.ex.internal.cloudapp.net process 0
  in thorn Carpet, file /home/runner/work/tests/tests/master/configs/sim/build/Carpet/Comm.cc:103:
  ->[0m Synchronising group "GRHYDRO::DENS" in local mode
[1mWARNING level 2 from host runnervmejwal.hgkdwdqozxjevm244zrubbhq3g.ex.internal.cloudapp.net process 0
  in thorn Carpet, file /home/runner/work/tests/tests/master/configs/sim/build/Carpet/Comm.cc:103:
  ->[0m Synchronising group "GRHYDRO::SCON" in local mode
[1mWARNING level 2 from host runnervmejwal.hgkdwdqozxjevm244zrubbhq3g.ex.internal.cloudapp.net process 0
  in thorn Carpet, file /home/runner/work/tests/tests/master/configs/sim/build/Carpet/Comm.cc:103:
  ->[0m Synchronising group "GRHYDRO::BCONS" in local mode
[1mWARNING level 2 from host runnervmejwal.hgkdwdqozxjevm244zrubbhq3g.ex.internal.cloudapp.net process 0
  in thorn Carpet, file /home/runner/work/tests/tests/master/configs/sim/build/Carpet/Comm.cc:103:
  ->[0m Synchronising group "GRHYDRO::TAU" in local mode
[1mWARNING level 2 from host runnervmejwal.hgkdwdqozxjevm244zrubbhq3g.ex.internal.cloudapp.net process 0
  in thorn Carpet, file /home/runner/work/tests/tests/master/configs/sim/build/Carpet/Comm.cc:103:
  ->[0m Synchronising group "GRHYDRO::DENS" in local mode
[1mWARNING level 2 from host runnervmejwal.hgkdwdqozxjevm244zrubbhq3g.ex.internal.cloudapp.net process 0
  in thorn Carpet, file /home/runner/work/tests/tests/master/configs/sim/build/Carpet/Comm.cc:103:
  ->[0m Synchronising group "GRHYDRO::SCON" in local mode
[1mWARNING level 2 from host runnervmejwal.hgkdwdqozxjevm244zrubbhq3g.ex.internal.cloudapp.net process 0
  in thorn Carpet, file /home/runner/work/tests/tests/master/configs/sim/build/Carpet/Comm.cc:103:
  ->[0m Synchronising group "GRHYDRO::BCONS" in local mode
[1mWARNING level 2 from host runnervmejwal.hgkdwdqozxjevm244zrubbhq3g.ex.internal.cloudapp.net process 0
  in thorn Carpet, file /home/runner/work/tests/tests/master/configs/sim/build/Carpet/Comm.cc:103:
  ->[0m Synchronising group "GRHYDRO::TAU" in local mode
[1mWARNING level 2 from host runnervmejwal.hgkdwdqozxjevm244zrubbhq3g.ex.internal.cloudapp.net process 0
  in thorn Carpet, file /home/runner/work/tests/tests/master/configs/sim/build/Carpet/Comm.cc:103:
  ->[0m Synchronising group "GRHYDRO::DENS" in local mode
[1mWARNING level 2 from host runnervmejwal.hgkdwdqozxjevm244zrubbhq3g.ex.internal.cloudapp.net process 0
  in thorn Carpet, file /home/runner/work/tests/tests/master/configs/sim/build/Carpet/Comm.cc:103:
  ->[0m Synchronising group "GRHYDRO::SCON" in local mode
[1mWARNING level 2 from host runnervmejwal.hgkdwdqozxjevm244zrubbhq3g.ex.internal.cloudapp.net process 0
  in thorn Carpet, file /home/runner/work/tests/tests/master/configs/sim/build/Carpet/Comm.cc:103:
  ->[0m Synchronising group "GRHYDRO::BCONS" in local mode
[1mWARNING level 2 from host runnervmejwal.hgkdwdqozxjevm244zrubbhq3g.ex.internal.cloudapp.net process 0
  in thorn Carpet, file /home/runner/work/tests/tests/master/configs/sim/build/Carpet/Comm.cc:103:
  ->[0m Synchronising group "GRHYDRO::TAU" in local mode
[1mWARNING level 2 from host runnervmejwal.hgkdwdqozxjevm244zrubbhq3g.ex.internal.cloudapp.net process 0
  in thorn Carpet, file /home/runner/work/tests/tests/master/configs/sim/build/Carpet/Comm.cc:103:
  ->[0m Synchronising group "GRHYDRO::DENS" in local mode
[1mWARNING level 2 from host runnervmejwal.hgkdwdqozxjevm244zrubbhq3g.ex.internal.cloudapp.net process 0
  in thorn Carpet, file /home/runner/work/tests/tests/master/configs/sim/build/Carpet/Comm.cc:103:
  ->[0m Synchronising group "GRHYDRO::SCON" in local mode
[1mWARNING level 2 from host runnervmejwal.hgkdwdqozxjevm244zrubbhq3g.ex.internal.cloudapp.net process 0
  in thorn Carpet, file /home/runner/work/tests/tests/master/configs/sim/build/Carpet/Comm.cc:103:
  ->[0m Synchronising group "GRHYDRO::BCONS" in local mode
[1mWARNING level 2 from host runnervmejwal.hgkdwdqozxjevm244zrubbhq3g.ex.internal.cloudapp.net process 0
  in thorn Carpet, file /home/runner/work/tests/tests/master/configs/sim/build/Carpet/Comm.cc:103:
  ->[0m Synchronising group "GRHYDRO::TAU" in local mode
[1mWARNING level 2 from host runnervmejwal.hgkdwdqozxjevm244zrubbhq3g.ex.internal.cloudapp.net process 0
  in thorn Carpet, file /home/runner/work/tests/tests/master/configs/sim/build/Carpet/Comm.cc:103:
  ->[0m Synchronising group "GRHYDRO::DENS" in local mode
[1mWARNING level 2 from host runnervmejwal.hgkdwdqozxjevm244zrubbhq3g.ex.internal.cloudapp.net process 0
  in thorn Carpet, file /home/runner/work/tests/tests/master/configs/sim/build/Carpet/Comm.cc:103:
  ->[0m Synchronising group "GRHYDRO::SCON" in local mode
[1mWARNING level 2 from host runnervmejwal.hgkdwdqozxjevm244zrubbhq3g.ex.internal.cloudapp.net process 0
  in thorn Carpet, file /home/runner/work/tests/tests/master/configs/sim/build/Carpet/Comm.cc:103:
  ->[0m Synchronising group "GRHYDRO::BCONS" in local mode
[1mWARNING level 2 from host runnervmejwal.hgkdwdqozxjevm244zrubbhq3g.ex.internal.cloudapp.net process 0
  in thorn Carpet, file /home/runner/work/tests/tests/master/configs/sim/build/Carpet/Comm.cc:103:
  ->[0m Synchronising group "GRHYDRO::TAU" in local mode
[1mWARNING level 2 from host runnervmejwal.hgkdwdqozxjevm244zrubbhq3g.ex.internal.cloudapp.net process 0
  in thorn Carpet, file /home/runner/work/tests/tests/master/configs/sim/build/Carpet/Comm.cc:103:
  ->[0m Synchronising group "GRHYDRO::DENS" in local mode
[1mWARNING level 2 from host runnervmejwal.hgkdwdqozxjevm244zrubbhq3g.ex.internal.cloudapp.net process 0
  in thorn Carpet, file /home/runner/work/tests/tests/master/configs/sim/build/Carpet/Comm.cc:103:
  ->[0m Synchronising group "GRHYDRO::SCON" in local mode
[1mWARNING level 2 from host runnervmejwal.hgkdwdqozxjevm244zrubbhq3g.ex.internal.cloudapp.net process 0
  in thorn Carpet, file /home/runner/work/tests/tests/master/configs/sim/build/Carpet/Comm.cc:103:
  ->[0m Synchronising group "GRHYDRO::BCONS" in local mode
[1mWARNING level 2 from host runnervmejwal.hgkdwdqozxjevm244zrubbhq3g.ex.internal.cloudapp.net process 0
  in thorn Carpet, file /home/runner/work/tests/tests/master/configs/sim/build/Carpet/Comm.cc:103:
  ->[0m Synchronising group "GRHYDRO::TAU" in local mode
[1mWARNING level 2 from host runnervmejwal.hgkdwdqozxjevm244zrubbhq3g.ex.internal.cloudapp.net process 0
  in thorn Carpet, file /home/runner/work/tests/tests/master/configs/sim/build/Carpet/Comm.cc:103:
  ->[0m Synchronising group "GRHYDRO::DENS" in local mode
[1mWARNING level 2 from host runnervmejwal.hgkdwdqozxjevm244zrubbhq3g.ex.internal.cloudapp.net process 0
  in thorn Carpet, file /home/runner/work/tests/tests/master/configs/sim/build/Carpet/Comm.cc:103:
  ->[0m Synchronising group "GRHYDRO::SCON" in local mode
[1mWARNING level 2 from host runnervmejwal.hgkdwdqozxjevm244zrubbhq3g.ex.internal.cloudapp.net process 0
  in thorn Carpet, file /home/runner/work/tests/tests/master/configs/sim/build/Carpet/Comm.cc:103:
  ->[0m Synchronising group "GRHYDRO::BCONS" in local mode
[1mWARNING level 2 from host runnervmejwal.hgkdwdqozxjevm244zrubbhq3g.ex.internal.cloudapp.net process 0
  in thorn Carpet, file /home/runner/work/tests/tests/master/configs/sim/build/Carpet/Comm.cc:103:
  ->[0m Synchronising group "GRHYDRO::TAU" in local mode
[1mWARNING level 2 from host runnervmejwal.hgkdwdqozxjevm244zrubbhq3g.ex.internal.cloudapp.net process 0
  in thorn Carpet, file /home/runner/work/tests/tests/master/configs/sim/build/Carpet/Comm.cc:103:
  ->[0m Synchronising group "GRHYDRO::DENS" in local mode
[1mWARNING level 2 from host runnervmejwal.hgkdwdqozxjevm244zrubbhq3g.ex.internal.cloudapp.net process 0
  in thorn Carpet, file /home/runner/work/tests/tests/master/configs/sim/build/Carpet/Comm.cc:103:
  ->[0m Synchronising group "GRHYDRO::SCON" in local mode
[1mWARNING level 2 from host runnervmejwal.hgkdwdqozxjevm244zrubbhq3g.ex.internal.cloudapp.net process 0
  in thorn Carpet, file /home/runner/work/tests/tests/master/configs/sim/build/Carpet/Comm.cc:103:
  ->[0m Synchronising group "GRHYDRO::BCONS" in local mode
[1mWARNING level 2 from host runnervmejwal.hgkdwdqozxjevm244zrubbhq3g.ex.internal.cloudapp.net process 0
  in thorn Carpet, file /home/runner/work/tests/tests/master/configs/sim/build/Carpet/Comm.cc:103:
  ->[0m Synchronising group "GRHYDRO::TAU" in local mode
[1mWARNING level 2 from host runnervmejwal.hgkdwdqozxjevm244zrubbhq3g.ex.internal.cloudapp.net process 0
  in thorn Carpet, file /home/runner/work/tests/tests/master/configs/sim/build/Carpet/Comm.cc:103:
  ->[0m Synchronising group "GRHYDRO::DENS" in local mode
[1mWARNING level 2 from host runnervmejwal.hgkdwdqozxjevm244zrubbhq3g.ex.internal.cloudapp.net process 0
  in thorn Carpet, file /home/runner/work/tests/tests/master/configs/sim/build/Carpet/Comm.cc:103:
  ->[0m Synchronising group "GRHYDRO::SCON" in local mode
[1mWARNING level 2 from host runnervmejwal.hgkdwdqozxjevm244zrubbhq3g.ex.internal.cloudapp.net process 0
  in thorn Carpet, file /home/runner/work/tests/tests/master/configs/sim/build/Carpet/Comm.cc:103:
  ->[0m Synchronising group "GRHYDRO::BCONS" in local mode
        6     0.001 |   49.9147042 |    1.2500023 |    1.0000000 |    1.0071132 |        65
[1mWARNING level 2 from host runnervmejwal.hgkdwdqozxjevm244zrubbhq3g.ex.internal.cloudapp.net process 0
  in thorn Carpet, file /home/runner/work/tests/tests/master/configs/sim/build/Carpet/Comm.cc:103:
  ->[0m Synchronising group "GRHYDRO::TAU" in local mode
[1mWARNING level 2 from host runnervmejwal.hgkdwdqozxjevm244zrubbhq3g.ex.internal.cloudapp.net process 0
  in thorn Carpet, file /home/runner/work/tests/tests/master/configs/sim/build/Carpet/Comm.cc:103:
  ->[0m Synchronising group "GRHYDRO::DENS" in local mode
[1mWARNING level 2 from host runnervmejwal.hgkdwdqozxjevm244zrubbhq3g.ex.internal.cloudapp.net process 0
  in thorn Carpet, file /home/runner/work/tests/tests/master/configs/sim/build/Carpet/Comm.cc:103:
  ->[0m Synchronising group "GRHYDRO::SCON" in local mode
[1mWARNING level 2 from host runnervmejwal.hgkdwdqozxjevm244zrubbhq3g.ex.internal.cloudapp.net process 0
  in thorn Carpet, file /home/runner/work/tests/tests/master/configs/sim/build/Carpet/Comm.cc:103:
  ->[0m Synchronising group "GRHYDRO::BCONS" in local mode
[1mWARNING level 2 from host runnervmejwal.hgkdwdqozxjevm244zrubbhq3g.ex.internal.cloudapp.net process 0
  in thorn Carpet, file /home/runner/work/tests/tests/master/configs/sim/build/Carpet/Comm.cc:103:
  ->[0m Synchronising group "GRHYDRO::TAU" in local mode
[1mWARNING level 2 from host runnervmejwal.hgkdwdqozxjevm244zrubbhq3g.ex.internal.cloudapp.net process 0
  in thorn Carpet, file /home/runner/work/tests/tests/master/configs/sim/build/Carpet/Comm.cc:103:
  ->[0m Synchronising group "GRHYDRO::DENS" in local mode
[1mWARNING level 2 from host runnervmejwal.hgkdwdqozxjevm244zrubbhq3g.ex.internal.cloudapp.net process 0
  in thorn Carpet, file /home/runner/work/tests/tests/master/configs/sim/build/Carpet/Comm.cc:103:
  ->[0m Synchronising group "GRHYDRO::SCON" in local mode
[1mWARNING level 2 from host runnervmejwal.hgkdwdqozxjevm244zrubbhq3g.ex.internal.cloudapp.net process 0
  in thorn Carpet, file /home/runner/work/tests/tests/master/configs/sim/build/Carpet/Comm.cc:103:
  ->[0m Synchronising group "GRHYDRO::BCONS" in local mode
[1mWARNING level 2 from host runnervmejwal.hgkdwdqozxjevm244zrubbhq3g.ex.internal.cloudapp.net process 0
  in thorn Carpet, file /home/runner/work/tests/tests/master/configs/sim/build/Carpet/Comm.cc:103:
  ->[0m Synchronising group "GRHYDRO::TAU" in local mode
[1mWARNING level 2 from host runnervmejwal.hgkdwdqozxjevm244zrubbhq3g.ex.internal.cloudapp.net process 0
  in thorn Carpet, file /home/runner/work/tests/tests/master/configs/sim/build/Carpet/Comm.cc:103:
  ->[0m Synchronising group "GRHYDRO::DENS" in local mode
[1mWARNING level 2 from host runnervmejwal.hgkdwdqozxjevm244zrubbhq3g.ex.internal.cloudapp.net process 0
  in thorn Carpet, file /home/runner/work/tests/tests/master/configs/sim/build/Carpet/Comm.cc:103:
  ->[0m Synchronising group "GRHYDRO::SCON" in local mode
[1mWARNING level 2 from host runnervmejwal.hgkdwdqozxjevm244zrubbhq3g.ex.internal.cloudapp.net process 0
  in thorn Carpet, file /home/runner/work/tests/tests/master/configs/sim/build/Carpet/Comm.cc:103:
  ->[0m Synchronising group "GRHYDRO::BCONS" in local mode
[1mWARNING level 2 from host runnervmejwal.hgkdwdqozxjevm244zrubbhq3g.ex.internal.cloudapp.net process 0
  in thorn Carpet, file /home/runner/work/tests/tests/master/configs/sim/build/Carpet/Comm.cc:103:
  ->[0m Synchronising group "GRHYDRO::TAU" in local mode
[1mWARNING level 2 from host runnervmejwal.hgkdwdqozxjevm244zrubbhq3g.ex.internal.cloudapp.net process 0
  in thorn Carpet, file /home/runner/work/tests/tests/master/configs/sim/build/Carpet/Comm.cc:103:
  ->[0m Synchronising group "GRHYDRO::DENS" in local mode
[1mWARNING level 2 from host runnervmejwal.hgkdwdqozxjevm244zrubbhq3g.ex.internal.cloudapp.net process 0
  in thorn Carpet, file /home/runner/work/tests/tests/master/configs/sim/build/Carpet/Comm.cc:103:
  ->[0m Synchronising group "GRHYDRO::SCON" in local mode
[1mWARNING level 2 from host runnervmejwal.hgkdwdqozxjevm244zrubbhq3g.ex.internal.cloudapp.net process 0
  in thorn Carpet, file /home/runner/work/tests/tests/master/configs/sim/build/Carpet/Comm.cc:103:
  ->[0m Synchronising group "GRHYDRO::BCONS" in local mode
[1mWARNING level 2 from host runnervmejwal.hgkdwdqozxjevm244zrubbhq3g.ex.internal.cloudapp.net process 0
  in thorn Carpet, file /home/runner/work/tests/tests/master/configs/sim/build/Carpet/Comm.cc:103:
  ->[0m Synchronising group "GRHYDRO::TAU" in local mode
[1mWARNING level 2 from host runnervmejwal.hgkdwdqozxjevm244zrubbhq3g.ex.internal.cloudapp.net process 0
  in thorn Carpet, file /home/runner/work/tests/tests/master/configs/sim/build/Carpet/Comm.cc:103:
  ->[0m Synchronising group "GRHYDRO::DENS" in local mode
[1mWARNING level 2 from host runnervmejwal.hgkdwdqozxjevm244zrubbhq3g.ex.internal.cloudapp.net process 0
  in thorn Carpet, file /home/runner/work/tests/tests/master/configs/sim/build/Carpet/Comm.cc:103:
  ->[0m Synchronising group "GRHYDRO::SCON" in local mode
[1mWARNING level 2 from host runnervmejwal.hgkdwdqozxjevm244zrubbhq3g.ex.internal.cloudapp.net process 0
  in thorn Carpet, file /home/runner/work/tests/tests/master/configs/sim/build/Carpet/Comm.cc:103:
  ->[0m Synchronising group "GRHYDRO::BCONS" in local mode
[1mWARNING level 2 from host runnervmejwal.hgkdwdqozxjevm244zrubbhq3g.ex.internal.cloudapp.net process 0
  in thorn Carpet, file /home/runner/work/tests/tests/master/configs/sim/build/Carpet/Comm.cc:103:
  ->[0m Synchronising group "GRHYDRO::TAU" in local mode
[1mWARNING level 2 from host runnervmejwal.hgkdwdqozxjevm244zrubbhq3g.ex.internal.cloudapp.net process 0
  in thorn Carpet, file /home/runner/work/tests/tests/master/configs/sim/build/Carpet/Comm.cc:103:
  ->[0m Synchronising group "GRHYDRO::DENS" in local mode
[1mWARNING level 2 from host runnervmejwal.hgkdwdqozxjevm244zrubbhq3g.ex.internal.cloudapp.net process 0
  in thorn Carpet, file /home/runner/work/tests/tests/master/configs/sim/build/Carpet/Comm.cc:103:
  ->[0m Synchronising group "GRHYDRO::SCON" in local mode
[1mWARNING level 2 from host runnervmejwal.hgkdwdqozxjevm244zrubbhq3g.ex.internal.cloudapp.net process 0
  in thorn Carpet, file /home/runner/work/tests/tests/master/configs/sim/build/Carpet/Comm.cc:103:
  ->[0m Synchronising group "GRHYDRO::BCONS" in local mode
[1mWARNING level 2 from host runnervmejwal.hgkdwdqozxjevm244zrubbhq3g.ex.internal.cloudapp.net process 0
  in thorn Carpet, file /home/runner/work/tests/tests/master/configs/sim/build/Carpet/Comm.cc:103:
  ->[0m Synchronising group "GRHYDRO::TAU" in local mode
[1mWARNING level 2 from host runnervmejwal.hgkdwdqozxjevm244zrubbhq3g.ex.internal.cloudapp.net process 0
  in thorn Carpet, file /home/runner/work/tests/tests/master/configs/sim/build/Carpet/Comm.cc:103:
  ->[0m Synchronising group "GRHYDRO::DENS" in local mode
[1mWARNING level 2 from host runnervmejwal.hgkdwdqozxjevm244zrubbhq3g.ex.internal.cloudapp.net process 0
  in thorn Carpet, file /home/runner/work/tests/tests/master/configs/sim/build/Carpet/Comm.cc:103:
  ->[0m Synchronising group "GRHYDRO::SCON" in local mode
[1mWARNING level 2 from host runnervmejwal.hgkdwdqozxjevm244zrubbhq3g.ex.internal.cloudapp.net process 0
  in thorn Carpet, file /home/runner/work/tests/tests/master/configs/sim/build/Carpet/Comm.cc:103:
  ->[0m Synchronising group "GRHYDRO::BCONS" in local mode
[1mWARNING level 2 from host runnervmejwal.hgkdwdqozxjevm244zrubbhq3g.ex.internal.cloudapp.net process 0
  in thorn Carpet, file /home/runner/work/tests/tests/master/configs/sim/build/Carpet/Comm.cc:103:
  ->[0m Synchronising group "GRHYDRO::TAU" in local mode
[1mWARNING level 2 from host runnervmejwal.hgkdwdqozxjevm244zrubbhq3g.ex.internal.cloudapp.net process 0
  in thorn Carpet, file /home/runner/work/tests/tests/master/configs/sim/build/Carpet/Comm.cc:103:
  ->[0m Synchronising group "GRHYDRO::DENS" in local mode
[1mWARNING level 2 from host runnervmejwal.hgkdwdqozxjevm244zrubbhq3g.ex.internal.cloudapp.net process 0
  in thorn Carpet, file /home/runner/work/tests/tests/master/configs/sim/build/Carpet/Comm.cc:103:
  ->[0m Synchronising group "GRHYDRO::SCON" in local mode
[1mWARNING level 2 from host runnervmejwal.hgkdwdqozxjevm244zrubbhq3g.ex.internal.cloudapp.net process 0
  in thorn Carpet, file /home/runner/work/tests/tests/master/configs/sim/build/Carpet/Comm.cc:103:
  ->[0m Synchronising group "GRHYDRO::BCONS" in local mode
[1mWARNING level 2 from host runnervmejwal.hgkdwdqozxjevm244zrubbhq3g.ex.internal.cloudapp.net process 0
  in thorn Carpet, file /home/runner/work/tests/tests/master/configs/sim/build/Carpet/Comm.cc:103:
  ->[0m Synchronising group "GRHYDRO::TAU" in local mode
[1mWARNING level 2 from host runnervmejwal.hgkdwdqozxjevm244zrubbhq3g.ex.internal.cloudapp.net process 0
  in thorn Carpet, file /home/runner/work/tests/tests/master/configs/sim/build/Carpet/Comm.cc:103:
  ->[0m Synchronising group "GRHYDRO::DENS" in local mode
[1mWARNING level 2 from host runnervmejwal.hgkdwdqozxjevm244zrubbhq3g.ex.internal.cloudapp.net process 0
  in thorn Carpet, file /home/runner/work/tests/tests/master/configs/sim/build/Carpet/Comm.cc:103:
  ->[0m Synchronising group "GRHYDRO::SCON" in local mode
[1mWARNING level 2 from host runnervmejwal.hgkdwdqozxjevm244zrubbhq3g.ex.internal.cloudapp.net process 0
  in thorn Carpet, file /home/runner/work/tests/tests/master/configs/sim/build/Carpet/Comm.cc:103:
  ->[0m Synchronising group "GRHYDRO::BCONS" in local mode
[1mWARNING level 2 from host runnervmejwal.hgkdwdqozxjevm244zrubbhq3g.ex.internal.cloudapp.net process 0
  in thorn Carpet, file /home/runner/work/tests/tests/master/configs/sim/build/Carpet/Comm.cc:103:
  ->[0m Synchronising group "GRHYDRO::TAU" in local mode
[1mWARNING level 2 from host runnervmejwal.hgkdwdqozxjevm244zrubbhq3g.ex.internal.cloudapp.net process 0
  in thorn Carpet, file /home/runner/work/tests/tests/master/configs/sim/build/Carpet/Comm.cc:103:
  ->[0m Synchronising group "GRHYDRO::DENS" in local mode
[1mWARNING level 2 from host runnervmejwal.hgkdwdqozxjevm244zrubbhq3g.ex.internal.cloudapp.net process 0
  in thorn Carpet, file /home/runner/work/tests/tests/master/configs/sim/build/Carpet/Comm.cc:103:
  ->[0m Synchronising group "GRHYDRO::SCON" in local mode
[1mWARNING level 2 from host runnervmejwal.hgkdwdqozxjevm244zrubbhq3g.ex.internal.cloudapp.net process 0
  in thorn Carpet, file /home/runner/work/tests/tests/master/configs/sim/build/Carpet/Comm.cc:103:
  ->[0m Synchronising group "GRHYDRO::BCONS" in local mode
[1mWARNING level 2 from host runnervmejwal.hgkdwdqozxjevm244zrubbhq3g.ex.internal.cloudapp.net process 0
  in thorn Carpet, file /home/runner/work/tests/tests/master/configs/sim/build/Carpet/Comm.cc:103:
  ->[0m Synchronising group "GRHYDRO::TAU" in local mode
[1mWARNING level 2 from host runnervmejwal.hgkdwdqozxjevm244zrubbhq3g.ex.internal.cloudapp.net process 0
  in thorn Carpet, file /home/runner/work/tests/tests/master/configs/sim/build/Carpet/Comm.cc:103:
  ->[0m Synchronising group "GRHYDRO::DENS" in local mode
[1mWARNING level 2 from host runnervmejwal.hgkdwdqozxjevm244zrubbhq3g.ex.internal.cloudapp.net process 0
  in thorn Carpet, file /home/runner/work/tests/tests/master/configs/sim/build/Carpet/Comm.cc:103:
  ->[0m Synchronising group "GRHYDRO::SCON" in local mode
[1mWARNING level 2 from host runnervmejwal.hgkdwdqozxjevm244zrubbhq3g.ex.internal.cloudapp.net process 0
  in thorn Carpet, file /home/runner/work/tests/tests/master/configs/sim/build/Carpet/Comm.cc:103:
  ->[0m Synchronising group "GRHYDRO::BCONS" in local mode
[1mWARNING level 2 from host runnervmejwal.hgkdwdqozxjevm244zrubbhq3g.ex.internal.cloudapp.net process 0
  in thorn Carpet, file /home/runner/work/tests/tests/master/configs/sim/build/Carpet/Comm.cc:103:
  ->[0m Synchronising group "GRHYDRO::TAU" in local mode
[1mWARNING level 2 from host runnervmejwal.hgkdwdqozxjevm244zrubbhq3g.ex.internal.cloudapp.net process 0
  in thorn Carpet, file /home/runner/work/tests/tests/master/configs/sim/build/Carpet/Comm.cc:103:
  ->[0m Synchronising group "GRHYDRO::DENS" in local mode
[1mWARNING level 2 from host runnervmejwal.hgkdwdqozxjevm244zrubbhq3g.ex.internal.cloudapp.net process 0
  in thorn Carpet, file /home/runner/work/tests/tests/master/configs/sim/build/Carpet/Comm.cc:103:
  ->[0m Synchronising group "GRHYDRO::SCON" in local mode
[1mWARNING level 2 from host runnervmejwal.hgkdwdqozxjevm244zrubbhq3g.ex.internal.cloudapp.net process 0
  in thorn Carpet, file /home/runner/work/tests/tests/master/configs/sim/build/Carpet/Comm.cc:103:
  ->[0m Synchronising group "GRHYDRO::BCONS" in local mode
[1mWARNING level 2 from host runnervmejwal.hgkdwdqozxjevm244zrubbhq3g.ex.internal.cloudapp.net process 0
  in thorn Carpet, file /home/runner/work/tests/tests/master/configs/sim/build/Carpet/Comm.cc:103:
  ->[0m Synchronising group "GRHYDRO::TAU" in local mode
[1mWARNING level 2 from host runnervmejwal.hgkdwdqozxjevm244zrubbhq3g.ex.internal.cloudapp.net process 0
  in thorn Carpet, file /home/runner/work/tests/tests/master/configs/sim/build/Carpet/Comm.cc:103:
  ->[0m Synchronising group "GRHYDRO::DENS" in local mode
[1mWARNING level 2 from host runnervmejwal.hgkdwdqozxjevm244zrubbhq3g.ex.internal.cloudapp.net process 0
  in thorn Carpet, file /home/runner/work/tests/tests/master/configs/sim/build/Carpet/Comm.cc:103:
  ->[0m Synchronising group "GRHYDRO::SCON" in local mode
[1mWARNING level 2 from host runnervmejwal.hgkdwdqozxjevm244zrubbhq3g.ex.internal.cloudapp.net process 0
  in thorn Carpet, file /home/runner/work/tests/tests/master/configs/sim/build/Carpet/Comm.cc:103:
  ->[0m Synchronising group "GRHYDRO::BCONS" in local mode
[1mWARNING level 2 from host runnervmejwal.hgkdwdqozxjevm244zrubbhq3g.ex.internal.cloudapp.net process 0
  in thorn Carpet, file /home/runner/work/tests/tests/master/configs/sim/build/Carpet/Comm.cc:103:
  ->[0m Synchronising group "GRHYDRO::TAU" in local mode
[1mWARNING level 2 from host runnervmejwal.hgkdwdqozxjevm244zrubbhq3g.ex.internal.cloudapp.net process 0
  in thorn Carpet, file /home/runner/work/tests/tests/master/configs/sim/build/Carpet/Comm.cc:103:
  ->[0m Synchronising group "GRHYDRO::DENS" in local mode
[1mWARNING level 2 from host runnervmejwal.hgkdwdqozxjevm244zrubbhq3g.ex.internal.cloudapp.net process 0
  in thorn Carpet, file /home/runner/work/tests/tests/master/configs/sim/build/Carpet/Comm.cc:103:
  ->[0m Synchronising group "GRHYDRO::SCON" in local mode
[1mWARNING level 2 from host runnervmejwal.hgkdwdqozxjevm244zrubbhq3g.ex.internal.cloudapp.net process 0
  in thorn Carpet, file /home/runner/work/tests/tests/master/configs/sim/build/Carpet/Comm.cc:103:
  ->[0m Synchronising group "GRHYDRO::BCONS" in local mode
        7     0.001 |   50.0913403 |    1.2500031 |    1.0000000 |    1.0082836 |        65
[1mWARNING level 2 from host runnervmejwal.hgkdwdqozxjevm244zrubbhq3g.ex.internal.cloudapp.net process 0
  in thorn Carpet, file /home/runner/work/tests/tests/master/configs/sim/build/Carpet/Comm.cc:103:
  ->[0m Synchronising group "GRHYDRO::TAU" in local mode
[1mWARNING level 2 from host runnervmejwal.hgkdwdqozxjevm244zrubbhq3g.ex.internal.cloudapp.net process 0
  in thorn Carpet, file /home/runner/work/tests/tests/master/configs/sim/build/Carpet/Comm.cc:103:
  ->[0m Synchronising group "GRHYDRO::DENS" in local mode
[1mWARNING level 2 from host runnervmejwal.hgkdwdqozxjevm244zrubbhq3g.ex.internal.cloudapp.net process 0
  in thorn Carpet, file /home/runner/work/tests/tests/master/configs/sim/build/Carpet/Comm.cc:103:
  ->[0m Synchronising group "GRHYDRO::SCON" in local mode
[1mWARNING level 2 from host runnervmejwal.hgkdwdqozxjevm244zrubbhq3g.ex.internal.cloudapp.net process 0
  in thorn Carpet, file /home/runner/work/tests/tests/master/configs/sim/build/Carpet/Comm.cc:103:
  ->[0m Synchronising group "GRHYDRO::BCONS" in local mode
[1mWARNING level 2 from host runnervmejwal.hgkdwdqozxjevm244zrubbhq3g.ex.internal.cloudapp.net process 0
  in thorn Carpet, file /home/runner/work/tests/tests/master/configs/sim/build/Carpet/Comm.cc:103:
  ->[0m Synchronising group "GRHYDRO::TAU" in local mode
[1mWARNING level 2 from host runnervmejwal.hgkdwdqozxjevm244zrubbhq3g.ex.internal.cloudapp.net process 0
  in thorn Carpet, file /home/runner/work/tests/tests/master/configs/sim/build/Carpet/Comm.cc:103:
  ->[0m Synchronising group "GRHYDRO::DENS" in local mode
[1mWARNING level 2 from host runnervmejwal.hgkdwdqozxjevm244zrubbhq3g.ex.internal.cloudapp.net process 0
  in thorn Carpet, file /home/runner/work/tests/tests/master/configs/sim/build/Carpet/Comm.cc:103:
  ->[0m Synchronising group "GRHYDRO::SCON" in local mode
[1mWARNING level 2 from host runnervmejwal.hgkdwdqozxjevm244zrubbhq3g.ex.internal.cloudapp.net process 0
  in thorn Carpet, file /home/runner/work/tests/tests/master/configs/sim/build/Carpet/Comm.cc:103:
  ->[0m Synchronising group "GRHYDRO::BCONS" in local mode
[1mWARNING level 2 from host runnervmejwal.hgkdwdqozxjevm244zrubbhq3g.ex.internal.cloudapp.net process 0
  in thorn Carpet, file /home/runner/work/tests/tests/master/configs/sim/build/Carpet/Comm.cc:103:
  ->[0m Synchronising group "GRHYDRO::TAU" in local mode
[1mWARNING level 2 from host runnervmejwal.hgkdwdqozxjevm244zrubbhq3g.ex.internal.cloudapp.net process 0
  in thorn Carpet, file /home/runner/work/tests/tests/master/configs/sim/build/Carpet/Comm.cc:103:
  ->[0m Synchronising group "GRHYDRO::DENS" in local mode
[1mWARNING level 2 from host runnervmejwal.hgkdwdqozxjevm244zrubbhq3g.ex.internal.cloudapp.net process 0
  in thorn Carpet, file /home/runner/work/tests/tests/master/configs/sim/build/Carpet/Comm.cc:103:
  ->[0m Synchronising group "GRHYDRO::SCON" in local mode
[1mWARNING level 2 from host runnervmejwal.hgkdwdqozxjevm244zrubbhq3g.ex.internal.cloudapp.net process 0
  in thorn Carpet, file /home/runner/work/tests/tests/master/configs/sim/build/Carpet/Comm.cc:103:
  ->[0m Synchronising group "GRHYDRO::BCONS" in local mode
[1mWARNING level 2 from host runnervmejwal.hgkdwdqozxjevm244zrubbhq3g.ex.internal.cloudapp.net process 0
  in thorn Carpet, file /home/runner/work/tests/tests/master/configs/sim/build/Carpet/Comm.cc:103:
  ->[0m Synchronising group "GRHYDRO::TAU" in local mode
[1mWARNING level 2 from host runnervmejwal.hgkdwdqozxjevm244zrubbhq3g.ex.internal.cloudapp.net process 0
  in thorn Carpet, file /home/runner/work/tests/tests/master/configs/sim/build/Carpet/Comm.cc:103:
  ->[0m Synchronising group "GRHYDRO::DENS" in local mode
[1mWARNING level 2 from host runnervmejwal.hgkdwdqozxjevm244zrubbhq3g.ex.internal.cloudapp.net process 0
  in thorn Carpet, file /home/runner/work/tests/tests/master/configs/sim/build/Carpet/Comm.cc:103:
  ->[0m Synchronising group "GRHYDRO::SCON" in local mode
[1mWARNING level 2 from host runnervmejwal.hgkdwdqozxjevm244zrubbhq3g.ex.internal.cloudapp.net process 0
  in thorn Carpet, file /home/runner/work/tests/tests/master/configs/sim/build/Carpet/Comm.cc:103:
  ->[0m Synchronising group "GRHYDRO::BCONS" in local mode
[1mWARNING level 2 from host runnervmejwal.hgkdwdqozxjevm244zrubbhq3g.ex.internal.cloudapp.net process 0
  in thorn Carpet, file /home/runner/work/tests/tests/master/configs/sim/build/Carpet/Comm.cc:103:
  ->[0m Synchronising group "GRHYDRO::TAU" in local mode
[1mWARNING level 2 from host runnervmejwal.hgkdwdqozxjevm244zrubbhq3g.ex.internal.cloudapp.net process 0
  in thorn Carpet, file /home/runner/work/tests/tests/master/configs/sim/build/Carpet/Comm.cc:103:
  ->[0m Synchronising group "GRHYDRO::DENS" in local mode
[1mWARNING level 2 from host runnervmejwal.hgkdwdqozxjevm244zrubbhq3g.ex.internal.cloudapp.net process 0
  in thorn Carpet, file /home/runner/work/tests/tests/master/configs/sim/build/Carpet/Comm.cc:103:
  ->[0m Synchronising group "GRHYDRO::SCON" in local mode
[1mWARNING level 2 from host runnervmejwal.hgkdwdqozxjevm244zrubbhq3g.ex.internal.cloudapp.net process 0
  in thorn Carpet, file /home/runner/work/tests/tests/master/configs/sim/build/Carpet/Comm.cc:103:
  ->[0m Synchronising group "GRHYDRO::BCONS" in local mode
[1mWARNING level 2 from host runnervmejwal.hgkdwdqozxjevm244zrubbhq3g.ex.internal.cloudapp.net process 0
  in thorn Carpet, file /home/runner/work/tests/tests/master/configs/sim/build/Carpet/Comm.cc:103:
  ->[0m Synchronising group "GRHYDRO::TAU" in local mode
[1mWARNING level 2 from host runnervmejwal.hgkdwdqozxjevm244zrubbhq3g.ex.internal.cloudapp.net process 0
  in thorn Carpet, file /home/runner/work/tests/tests/master/configs/sim/build/Carpet/Comm.cc:103:
  ->[0m Synchronising group "GRHYDRO::DENS" in local mode
[1mWARNING level 2 from host runnervmejwal.hgkdwdqozxjevm244zrubbhq3g.ex.internal.cloudapp.net process 0
  in thorn Carpet, file /home/runner/work/tests/tests/master/configs/sim/build/Carpet/Comm.cc:103:
  ->[0m Synchronising group "GRHYDRO::SCON" in local mode
[1mWARNING level 2 from host runnervmejwal.hgkdwdqozxjevm244zrubbhq3g.ex.internal.cloudapp.net process 0
  in thorn Carpet, file /home/runner/work/tests/tests/master/configs/sim/build/Carpet/Comm.cc:103:
  ->[0m Synchronising group "GRHYDRO::BCONS" in local mode
[1mWARNING level 2 from host runnervmejwal.hgkdwdqozxjevm244zrubbhq3g.ex.internal.cloudapp.net process 0
  in thorn Carpet, file /home/runner/work/tests/tests/master/configs/sim/build/Carpet/Comm.cc:103:
  ->[0m Synchronising group "GRHYDRO::TAU" in local mode
[1mWARNING level 2 from host runnervmejwal.hgkdwdqozxjevm244zrubbhq3g.ex.internal.cloudapp.net process 0
  in thorn Carpet, file /home/runner/work/tests/tests/master/configs/sim/build/Carpet/Comm.cc:103:
  ->[0m Synchronising group "GRHYDRO::DENS" in local mode
[1mWARNING level 2 from host runnervmejwal.hgkdwdqozxjevm244zrubbhq3g.ex.internal.cloudapp.net process 0
  in thorn Carpet, file /home/runner/work/tests/tests/master/configs/sim/build/Carpet/Comm.cc:103:
  ->[0m Synchronising group "GRHYDRO::SCON" in local mode
[1mWARNING level 2 from host runnervmejwal.hgkdwdqozxjevm244zrubbhq3g.ex.internal.cloudapp.net process 0
  in thorn Carpet, file /home/runner/work/tests/tests/master/configs/sim/build/Carpet/Comm.cc:103:
  ->[0m Synchronising group "GRHYDRO::BCONS" in local mode
[1mWARNING level 2 from host runnervmejwal.hgkdwdqozxjevm244zrubbhq3g.ex.internal.cloudapp.net process 0
  in thorn Carpet, file /home/runner/work/tests/tests/master/configs/sim/build/Carpet/Comm.cc:103:
  ->[0m Synchronising group "GRHYDRO::TAU" in local mode
[1mWARNING level 2 from host runnervmejwal.hgkdwdqozxjevm244zrubbhq3g.ex.internal.cloudapp.net process 0
  in thorn Carpet, file /home/runner/work/tests/tests/master/configs/sim/build/Carpet/Comm.cc:103:
  ->[0m Synchronising group "GRHYDRO::DENS" in local mode
[1mWARNING level 2 from host runnervmejwal.hgkdwdqozxjevm244zrubbhq3g.ex.internal.cloudapp.net process 0
  in thorn Carpet, file /home/runner/work/tests/tests/master/configs/sim/build/Carpet/Comm.cc:103:
  ->[0m Synchronising group "GRHYDRO::SCON" in local mode
[1mWARNING level 2 from host runnervmejwal.hgkdwdqozxjevm244zrubbhq3g.ex.internal.cloudapp.net process 0
  in thorn Carpet, file /home/runner/work/tests/tests/master/configs/sim/build/Carpet/Comm.cc:103:
  ->[0m Synchronising group "GRHYDRO::BCONS" in local mode
[1mWARNING level 2 from host runnervmejwal.hgkdwdqozxjevm244zrubbhq3g.ex.internal.cloudapp.net process 0
  in thorn Carpet, file /home/runner/work/tests/tests/master/configs/sim/build/Carpet/Comm.cc:103:
  ->[0m Synchronising group "GRHYDRO::TAU" in local mode
[1mWARNING level 2 from host runnervmejwal.hgkdwdqozxjevm244zrubbhq3g.ex.internal.cloudapp.net process 0
  in thorn Carpet, file /home/runner/work/tests/tests/master/configs/sim/build/Carpet/Comm.cc:103:
  ->[0m Synchronising group "GRHYDRO::DENS" in local mode
[1mWARNING level 2 from host runnervmejwal.hgkdwdqozxjevm244zrubbhq3g.ex.internal.cloudapp.net process 0
  in thorn Carpet, file /home/runner/work/tests/tests/master/configs/sim/build/Carpet/Comm.cc:103:
  ->[0m Synchronising group "GRHYDRO::SCON" in local mode
[1mWARNING level 2 from host runnervmejwal.hgkdwdqozxjevm244zrubbhq3g.ex.internal.cloudapp.net process 0
  in thorn Carpet, file /home/runner/work/tests/tests/master/configs/sim/build/Carpet/Comm.cc:103:
  ->[0m Synchronising group "GRHYDRO::BCONS" in local mode
[1mWARNING level 2 from host runnervmejwal.hgkdwdqozxjevm244zrubbhq3g.ex.internal.cloudapp.net process 0
  in thorn Carpet, file /home/runner/work/tests/tests/master/configs/sim/build/Carpet/Comm.cc:103:
  ->[0m Synchronising group "GRHYDRO::TAU" in local mode
[1mWARNING level 2 from host runnervmejwal.hgkdwdqozxjevm244zrubbhq3g.ex.internal.cloudapp.net process 0
  in thorn Carpet, file /home/runner/work/tests/tests/master/configs/sim/build/Carpet/Comm.cc:103:
  ->[0m Synchronising group "GRHYDRO::DENS" in local mode
[1mWARNING level 2 from host runnervmejwal.hgkdwdqozxjevm244zrubbhq3g.ex.internal.cloudapp.net process 0
  in thorn Carpet, file /home/runner/work/tests/tests/master/configs/sim/build/Carpet/Comm.cc:103:
  ->[0m Synchronising group "GRHYDRO::SCON" in local mode
[1mWARNING level 2 from host runnervmejwal.hgkdwdqozxjevm244zrubbhq3g.ex.internal.cloudapp.net process 0
  in thorn Carpet, file /home/runner/work/tests/tests/master/configs/sim/build/Carpet/Comm.cc:103:
  ->[0m Synchronising group "GRHYDRO::BCONS" in local mode
[1mWARNING level 2 from host runnervmejwal.hgkdwdqozxjevm244zrubbhq3g.ex.internal.cloudapp.net process 0
  in thorn Carpet, file /home/runner/work/tests/tests/master/configs/sim/build/Carpet/Comm.cc:103:
  ->[0m Synchronising group "GRHYDRO::TAU" in local mode
[1mWARNING level 2 from host runnervmejwal.hgkdwdqozxjevm244zrubbhq3g.ex.internal.cloudapp.net process 0
  in thorn Carpet, file /home/runner/work/tests/tests/master/configs/sim/build/Carpet/Comm.cc:103:
  ->[0m Synchronising group "GRHYDRO::DENS" in local mode
[1mWARNING level 2 from host runnervmejwal.hgkdwdqozxjevm244zrubbhq3g.ex.internal.cloudapp.net process 0
  in thorn Carpet, file /home/runner/work/tests/tests/master/configs/sim/build/Carpet/Comm.cc:103:
  ->[0m Synchronising group "GRHYDRO::SCON" in local mode
[1mWARNING level 2 from host runnervmejwal.hgkdwdqozxjevm244zrubbhq3g.ex.internal.cloudapp.net process 0
  in thorn Carpet, file /home/runner/work/tests/tests/master/configs/sim/build/Carpet/Comm.cc:103:
  ->[0m Synchronising group "GRHYDRO::BCONS" in local mode
[1mWARNING level 2 from host runnervmejwal.hgkdwdqozxjevm244zrubbhq3g.ex.internal.cloudapp.net process 0
  in thorn Carpet, file /home/runner/work/tests/tests/master/configs/sim/build/Carpet/Comm.cc:103:
  ->[0m Synchronising group "GRHYDRO::TAU" in local mode
[1mWARNING level 2 from host runnervmejwal.hgkdwdqozxjevm244zrubbhq3g.ex.internal.cloudapp.net process 0
  in thorn Carpet, file /home/runner/work/tests/tests/master/configs/sim/build/Carpet/Comm.cc:103:
  ->[0m Synchronising group "GRHYDRO::DENS" in local mode
[1mWARNING level 2 from host runnervmejwal.hgkdwdqozxjevm244zrubbhq3g.ex.internal.cloudapp.net process 0
  in thorn Carpet, file /home/runner/work/tests/tests/master/configs/sim/build/Carpet/Comm.cc:103:
  ->[0m Synchronising group "GRHYDRO::SCON" in local mode
[1mWARNING level 2 from host runnervmejwal.hgkdwdqozxjevm244zrubbhq3g.ex.internal.cloudapp.net process 0
  in thorn Carpet, file /home/runner/work/tests/tests/master/configs/sim/build/Carpet/Comm.cc:103:
  ->[0m Synchronising group "GRHYDRO::BCONS" in local mode
[1mWARNING level 2 from host runnervmejwal.hgkdwdqozxjevm244zrubbhq3g.ex.internal.cloudapp.net process 0
  in thorn Carpet, file /home/runner/work/tests/tests/master/configs/sim/build/Carpet/Comm.cc:103:
  ->[0m Synchronising group "GRHYDRO::TAU" in local mode
[1mWARNING level 2 from host runnervmejwal.hgkdwdqozxjevm244zrubbhq3g.ex.internal.cloudapp.net process 0
  in thorn Carpet, file /home/runner/work/tests/tests/master/configs/sim/build/Carpet/Comm.cc:103:
  ->[0m Synchronising group "GRHYDRO::DENS" in local mode
[1mWARNING level 2 from host runnervmejwal.hgkdwdqozxjevm244zrubbhq3g.ex.internal.cloudapp.net process 0
  in thorn Carpet, file /home/runner/work/tests/tests/master/configs/sim/build/Carpet/Comm.cc:103:
  ->[0m Synchronising group "GRHYDRO::SCON" in local mode
[1mWARNING level 2 from host runnervmejwal.hgkdwdqozxjevm244zrubbhq3g.ex.internal.cloudapp.net process 0
  in thorn Carpet, file /home/runner/work/tests/tests/master/configs/sim/build/Carpet/Comm.cc:103:
  ->[0m Synchronising group "GRHYDRO::BCONS" in local mode
[1mWARNING level 2 from host runnervmejwal.hgkdwdqozxjevm244zrubbhq3g.ex.internal.cloudapp.net process 0
  in thorn Carpet, file /home/runner/work/tests/tests/master/configs/sim/build/Carpet/Comm.cc:103:
  ->[0m Synchronising group "GRHYDRO::TAU" in local mode
[1mWARNING level 2 from host runnervmejwal.hgkdwdqozxjevm244zrubbhq3g.ex.internal.cloudapp.net process 0
  in thorn Carpet, file /home/runner/work/tests/tests/master/configs/sim/build/Carpet/Comm.cc:103:
  ->[0m Synchronising group "GRHYDRO::DENS" in local mode
[1mWARNING level 2 from host runnervmejwal.hgkdwdqozxjevm244zrubbhq3g.ex.internal.cloudapp.net process 0
  in thorn Carpet, file /home/runner/work/tests/tests/master/configs/sim/build/Carpet/Comm.cc:103:
  ->[0m Synchronising group "GRHYDRO::SCON" in local mode
[1mWARNING level 2 from host runnervmejwal.hgkdwdqozxjevm244zrubbhq3g.ex.internal.cloudapp.net process 0
  in thorn Carpet, file /home/runner/work/tests/tests/master/configs/sim/build/Carpet/Comm.cc:103:
  ->[0m Synchronising group "GRHYDRO::BCONS" in local mode
        8     0.001 |   50.2255851 |    1.2500040 |    1.0000000 |    1.0094500 |        65
[1mWARNING level 2 from host runnervmejwal.hgkdwdqozxjevm244zrubbhq3g.ex.internal.cloudapp.net process 0
  in thorn Carpet, file /home/runner/work/tests/tests/master/configs/sim/build/Carpet/Comm.cc:103:
  ->[0m Synchronising group "GRHYDRO::TAU" in local mode
[1mWARNING level 2 from host runnervmejwal.hgkdwdqozxjevm244zrubbhq3g.ex.internal.cloudapp.net process 0
  in thorn Carpet, file /home/runner/work/tests/tests/master/configs/sim/build/Carpet/Comm.cc:103:
  ->[0m Synchronising group "GRHYDRO::DENS" in local mode
[1mWARNING level 2 from host runnervmejwal.hgkdwdqozxjevm244zrubbhq3g.ex.internal.cloudapp.net process 0
  in thorn Carpet, file /home/runner/work/tests/tests/master/configs/sim/build/Carpet/Comm.cc:103:
  ->[0m Synchronising group "GRHYDRO::SCON" in local mode
[1mWARNING level 2 from host runnervmejwal.hgkdwdqozxjevm244zrubbhq3g.ex.internal.cloudapp.net process 0
  in thorn Carpet, file /home/runner/work/tests/tests/master/configs/sim/build/Carpet/Comm.cc:103:
  ->[0m Synchronising group "GRHYDRO::BCONS" in local mode
[1mWARNING level 2 from host runnervmejwal.hgkdwdqozxjevm244zrubbhq3g.ex.internal.cloudapp.net process 0
  in thorn Carpet, file /home/runner/work/tests/tests/master/configs/sim/build/Carpet/Comm.cc:103:
  ->[0m Synchronising group "GRHYDRO::TAU" in local mode
[1mWARNING level 2 from host runnervmejwal.hgkdwdqozxjevm244zrubbhq3g.ex.internal.cloudapp.net process 0
  in thorn Carpet, file /home/runner/work/tests/tests/master/configs/sim/build/Carpet/Comm.cc:103:
  ->[0m Synchronising group "GRHYDRO::DENS" in local mode
[1mWARNING level 2 from host runnervmejwal.hgkdwdqozxjevm244zrubbhq3g.ex.internal.cloudapp.net process 0
  in thorn Carpet, file /home/runner/work/tests/tests/master/configs/sim/build/Carpet/Comm.cc:103:
  ->[0m Synchronising group "GRHYDRO::SCON" in local mode
[1mWARNING level 2 from host runnervmejwal.hgkdwdqozxjevm244zrubbhq3g.ex.internal.cloudapp.net process 0
  in thorn Carpet, file /home/runner/work/tests/tests/master/configs/sim/build/Carpet/Comm.cc:103:
  ->[0m Synchronising group "GRHYDRO::BCONS" in local mode
[1mWARNING level 2 from host runnervmejwal.hgkdwdqozxjevm244zrubbhq3g.ex.internal.cloudapp.net process 0
  in thorn Carpet, file /home/runner/work/tests/tests/master/configs/sim/build/Carpet/Comm.cc:103:
  ->[0m Synchronising group "GRHYDRO::TAU" in local mode
[1mWARNING level 2 from host runnervmejwal.hgkdwdqozxjevm244zrubbhq3g.ex.internal.cloudapp.net process 0
  in thorn Carpet, file /home/runner/work/tests/tests/master/configs/sim/build/Carpet/Comm.cc:103:
  ->[0m Synchronising group "GRHYDRO::DENS" in local mode
[1mWARNING level 2 from host runnervmejwal.hgkdwdqozxjevm244zrubbhq3g.ex.internal.cloudapp.net process 0
  in thorn Carpet, file /home/runner/work/tests/tests/master/configs/sim/build/Carpet/Comm.cc:103:
  ->[0m Synchronising group "GRHYDRO::SCON" in local mode
[1mWARNING level 2 from host runnervmejwal.hgkdwdqozxjevm244zrubbhq3g.ex.internal.cloudapp.net process 0
  in thorn Carpet, file /home/runner/work/tests/tests/master/configs/sim/build/Carpet/Comm.cc:103:
  ->[0m Synchronising group "GRHYDRO::BCONS" in local mode
[1mWARNING level 2 from host runnervmejwal.hgkdwdqozxjevm244zrubbhq3g.ex.internal.cloudapp.net process 0
  in thorn Carpet, file /home/runner/work/tests/tests/master/configs/sim/build/Carpet/Comm.cc:103:
  ->[0m Synchronising group "GRHYDRO::TAU" in local mode
[1mWARNING level 2 from host runnervmejwal.hgkdwdqozxjevm244zrubbhq3g.ex.internal.cloudapp.net process 0
  in thorn Carpet, file /home/runner/work/tests/tests/master/configs/sim/build/Carpet/Comm.cc:103:
  ->[0m Synchronising group "GRHYDRO::DENS" in local mode
[1mWARNING level 2 from host runnervmejwal.hgkdwdqozxjevm244zrubbhq3g.ex.internal.cloudapp.net process 0
  in thorn Carpet, file /home/runner/work/tests/tests/master/configs/sim/build/Carpet/Comm.cc:103:
  ->[0m Synchronising group "GRHYDRO::SCON" in local mode
[1mWARNING level 2 from host runnervmejwal.hgkdwdqozxjevm244zrubbhq3g.ex.internal.cloudapp.net process 0
  in thorn Carpet, file /home/runner/work/tests/tests/master/configs/sim/build/Carpet/Comm.cc:103:
  ->[0m Synchronising group "GRHYDRO::BCONS" in local mode
[1mWARNING level 2 from host runnervmejwal.hgkdwdqozxjevm244zrubbhq3g.ex.internal.cloudapp.net process 0
  in thorn Carpet, file /home/runner/work/tests/tests/master/configs/sim/build/Carpet/Comm.cc:103:
  ->[0m Synchronising group "GRHYDRO::TAU" in local mode
[1mWARNING level 2 from host runnervmejwal.hgkdwdqozxjevm244zrubbhq3g.ex.internal.cloudapp.net process 0
  in thorn Carpet, file /home/runner/work/tests/tests/master/configs/sim/build/Carpet/Comm.cc:103:
  ->[0m Synchronising group "GRHYDRO::DENS" in local mode
[1mWARNING level 2 from host runnervmejwal.hgkdwdqozxjevm244zrubbhq3g.ex.internal.cloudapp.net process 0
  in thorn Carpet, file /home/runner/work/tests/tests/master/configs/sim/build/Carpet/Comm.cc:103:
  ->[0m Synchronising group "GRHYDRO::SCON" in local mode
[1mWARNING level 2 from host runnervmejwal.hgkdwdqozxjevm244zrubbhq3g.ex.internal.cloudapp.net process 0
  in thorn Carpet, file /home/runner/work/tests/tests/master/configs/sim/build/Carpet/Comm.cc:103:
  ->[0m Synchronising group "GRHYDRO::BCONS" in local mode
[1mWARNING level 2 from host runnervmejwal.hgkdwdqozxjevm244zrubbhq3g.ex.internal.cloudapp.net process 0
  in thorn Carpet, file /home/runner/work/tests/tests/master/configs/sim/build/Carpet/Comm.cc:103:
  ->[0m Synchronising group "GRHYDRO::TAU" in local mode
[1mWARNING level 2 from host runnervmejwal.hgkdwdqozxjevm244zrubbhq3g.ex.internal.cloudapp.net process 0
  in thorn Carpet, file /home/runner/work/tests/tests/master/configs/sim/build/Carpet/Comm.cc:103:
  ->[0m Synchronising group "GRHYDRO::DENS" in local mode
[1mWARNING level 2 from host runnervmejwal.hgkdwdqozxjevm244zrubbhq3g.ex.internal.cloudapp.net process 0
  in thorn Carpet, file /home/runner/work/tests/tests/master/configs/sim/build/Carpet/Comm.cc:103:
  ->[0m Synchronising group "GRHYDRO::SCON" in local mode
[1mWARNING level 2 from host runnervmejwal.hgkdwdqozxjevm244zrubbhq3g.ex.internal.cloudapp.net process 0
  in thorn Carpet, file /home/runner/work/tests/tests/master/configs/sim/build/Carpet/Comm.cc:103:
  ->[0m Synchronising group "GRHYDRO::BCONS" in local mode
[1mWARNING level 2 from host runnervmejwal.hgkdwdqozxjevm244zrubbhq3g.ex.internal.cloudapp.net process 0
  in thorn Carpet, file /home/runner/work/tests/tests/master/configs/sim/build/Carpet/Comm.cc:103:
  ->[0m Synchronising group "GRHYDRO::TAU" in local mode
[1mWARNING level 2 from host runnervmejwal.hgkdwdqozxjevm244zrubbhq3g.ex.internal.cloudapp.net process 0
  in thorn Carpet, file /home/runner/work/tests/tests/master/configs/sim/build/Carpet/Comm.cc:103:
  ->[0m Synchronising group "GRHYDRO::DENS" in local mode
[1mWARNING level 2 from host runnervmejwal.hgkdwdqozxjevm244zrubbhq3g.ex.internal.cloudapp.net process 0
  in thorn Carpet, file /home/runner/work/tests/tests/master/configs/sim/build/Carpet/Comm.cc:103:
  ->[0m Synchronising group "GRHYDRO::SCON" in local mode
[1mWARNING level 2 from host runnervmejwal.hgkdwdqozxjevm244zrubbhq3g.ex.internal.cloudapp.net process 0
  in thorn Carpet, file /home/runner/work/tests/tests/master/configs/sim/build/Carpet/Comm.cc:103:
  ->[0m Synchronising group "GRHYDRO::BCONS" in local mode
[1mWARNING level 2 from host runnervmejwal.hgkdwdqozxjevm244zrubbhq3g.ex.internal.cloudapp.net process 0
  in thorn Carpet, file /home/runner/work/tests/tests/master/configs/sim/build/Carpet/Comm.cc:103:
  ->[0m Synchronising group "GRHYDRO::TAU" in local mode
[1mWARNING level 2 from host runnervmejwal.hgkdwdqozxjevm244zrubbhq3g.ex.internal.cloudapp.net process 0
  in thorn Carpet, file /home/runner/work/tests/tests/master/configs/sim/build/Carpet/Comm.cc:103:
  ->[0m Synchronising group "GRHYDRO::DENS" in local mode
[1mWARNING level 2 from host runnervmejwal.hgkdwdqozxjevm244zrubbhq3g.ex.internal.cloudapp.net process 0
  in thorn Carpet, file /home/runner/work/tests/tests/master/configs/sim/build/Carpet/Comm.cc:103:
  ->[0m Synchronising group "GRHYDRO::SCON" in local mode
[1mWARNING level 2 from host runnervmejwal.hgkdwdqozxjevm244zrubbhq3g.ex.internal.cloudapp.net process 0
  in thorn Carpet, file /home/runner/work/tests/tests/master/configs/sim/build/Carpet/Comm.cc:103:
  ->[0m Synchronising group "GRHYDRO::BCONS" in local mode
[1mWARNING level 2 from host runnervmejwal.hgkdwdqozxjevm244zrubbhq3g.ex.internal.cloudapp.net process 0
  in thorn Carpet, file /home/runner/work/tests/tests/master/configs/sim/build/Carpet/Comm.cc:103:
  ->[0m Synchronising group "GRHYDRO::TAU" in local mode
[1mWARNING level 2 from host runnervmejwal.hgkdwdqozxjevm244zrubbhq3g.ex.internal.cloudapp.net process 0
  in thorn Carpet, file /home/runner/work/tests/tests/master/configs/sim/build/Carpet/Comm.cc:103:
  ->[0m Synchronising group "GRHYDRO::DENS" in local mode
[1mWARNING level 2 from host runnervmejwal.hgkdwdqozxjevm244zrubbhq3g.ex.internal.cloudapp.net process 0
  in thorn Carpet, file /home/runner/work/tests/tests/master/configs/sim/build/Carpet/Comm.cc:103:
  ->[0m Synchronising group "GRHYDRO::SCON" in local mode
[1mWARNING level 2 from host runnervmejwal.hgkdwdqozxjevm244zrubbhq3g.ex.internal.cloudapp.net process 0
  in thorn Carpet, file /home/runner/work/tests/tests/master/configs/sim/build/Carpet/Comm.cc:103:
  ->[0m Synchronising group "GRHYDRO::BCONS" in local mode
[1mWARNING level 2 from host runnervmejwal.hgkdwdqozxjevm244zrubbhq3g.ex.internal.cloudapp.net process 0
  in thorn Carpet, file /home/runner/work/tests/tests/master/configs/sim/build/Carpet/Comm.cc:103:
  ->[0m Synchronising group "GRHYDRO::TAU" in local mode
[1mWARNING level 2 from host runnervmejwal.hgkdwdqozxjevm244zrubbhq3g.ex.internal.cloudapp.net process 0
  in thorn Carpet, file /home/runner/work/tests/tests/master/configs/sim/build/Carpet/Comm.cc:103:
  ->[0m Synchronising group "GRHYDRO::DENS" in local mode
[1mWARNING level 2 from host runnervmejwal.hgkdwdqozxjevm244zrubbhq3g.ex.internal.cloudapp.net process 0
  in thorn Carpet, file /home/runner/work/tests/tests/master/configs/sim/build/Carpet/Comm.cc:103:
  ->[0m Synchronising group "GRHYDRO::SCON" in local mode
[1mWARNING level 2 from host runnervmejwal.hgkdwdqozxjevm244zrubbhq3g.ex.internal.cloudapp.net process 0
  in thorn Carpet, file /home/runner/work/tests/tests/master/configs/sim/build/Carpet/Comm.cc:103:
  ->[0m Synchronising group "GRHYDRO::BCONS" in local mode
[1mWARNING level 2 from host runnervmejwal.hgkdwdqozxjevm244zrubbhq3g.ex.internal.cloudapp.net process 0
  in thorn Carpet, file /home/runner/work/tests/tests/master/configs/sim/build/Carpet/Comm.cc:103:
  ->[0m Synchronising group "GRHYDRO::TAU" in local mode
[1mWARNING level 2 from host runnervmejwal.hgkdwdqozxjevm244zrubbhq3g.ex.internal.cloudapp.net process 0
  in thorn Carpet, file /home/runner/work/tests/tests/master/configs/sim/build/Carpet/Comm.cc:103:
  ->[0m Synchronising group "GRHYDRO::DENS" in local mode
[1mWARNING level 2 from host runnervmejwal.hgkdwdqozxjevm244zrubbhq3g.ex.internal.cloudapp.net process 0
  in thorn Carpet, file /home/runner/work/tests/tests/master/configs/sim/build/Carpet/Comm.cc:103:
  ->[0m Synchronising group "GRHYDRO::SCON" in local mode
[1mWARNING level 2 from host runnervmejwal.hgkdwdqozxjevm244zrubbhq3g.ex.internal.cloudapp.net process 0
  in thorn Carpet, file /home/runner/work/tests/tests/master/configs/sim/build/Carpet/Comm.cc:103:
  ->[0m Synchronising group "GRHYDRO::BCONS" in local mode
[1mWARNING level 2 from host runnervmejwal.hgkdwdqozxjevm244zrubbhq3g.ex.internal.cloudapp.net process 0
  in thorn Carpet, file /home/runner/work/tests/tests/master/configs/sim/build/Carpet/Comm.cc:103:
  ->[0m Synchronising group "GRHYDRO::TAU" in local mode
[1mWARNING level 2 from host runnervmejwal.hgkdwdqozxjevm244zrubbhq3g.ex.internal.cloudapp.net process 0
  in thorn Carpet, file /home/runner/work/tests/tests/master/configs/sim/build/Carpet/Comm.cc:103:
  ->[0m Synchronising group "GRHYDRO::DENS" in local mode
[1mWARNING level 2 from host runnervmejwal.hgkdwdqozxjevm244zrubbhq3g.ex.internal.cloudapp.net process 0
  in thorn Carpet, file /home/runner/work/tests/tests/master/configs/sim/build/Carpet/Comm.cc:103:
  ->[0m Synchronising group "GRHYDRO::SCON" in local mode
[1mWARNING level 2 from host runnervmejwal.hgkdwdqozxjevm244zrubbhq3g.ex.internal.cloudapp.net process 0
  in thorn Carpet, file /home/runner/work/tests/tests/master/configs/sim/build/Carpet/Comm.cc:103:
  ->[0m Synchronising group "GRHYDRO::BCONS" in local mode
[1mWARNING level 2 from host runnervmejwal.hgkdwdqozxjevm244zrubbhq3g.ex.internal.cloudapp.net process 0
  in thorn Carpet, file /home/runner/work/tests/tests/master/configs/sim/build/Carpet/Comm.cc:103:
  ->[0m Synchronising group "GRHYDRO::TAU" in local mode
[1mWARNING level 2 from host runnervmejwal.hgkdwdqozxjevm244zrubbhq3g.ex.internal.cloudapp.net process 0
  in thorn Carpet, file /home/runner/work/tests/tests/master/configs/sim/build/Carpet/Comm.cc:103:
  ->[0m Synchronising group "GRHYDRO::DENS" in local mode
[1mWARNING level 2 from host runnervmejwal.hgkdwdqozxjevm244zrubbhq3g.ex.internal.cloudapp.net process 0
  in thorn Carpet, file /home/runner/work/tests/tests/master/configs/sim/build/Carpet/Comm.cc:103:
  ->[0m Synchronising group "GRHYDRO::SCON" in local mode
[1mWARNING level 2 from host runnervmejwal.hgkdwdqozxjevm244zrubbhq3g.ex.internal.cloudapp.net process 0
  in thorn Carpet, file /home/runner/work/tests/tests/master/configs/sim/build/Carpet/Comm.cc:103:
  ->[0m Synchronising group "GRHYDRO::BCONS" in local mode
[1mWARNING level 2 from host runnervmejwal.hgkdwdqozxjevm244zrubbhq3g.ex.internal.cloudapp.net process 0
  in thorn Carpet, file /home/runner/work/tests/tests/master/configs/sim/build/Carpet/Comm.cc:103:
  ->[0m Synchronising group "GRHYDRO::TAU" in local mode
[1mWARNING level 2 from host runnervmejwal.hgkdwdqozxjevm244zrubbhq3g.ex.internal.cloudapp.net process 0
  in thorn Carpet, file /home/runner/work/tests/tests/master/configs/sim/build/Carpet/Comm.cc:103:
  ->[0m Synchronising group "GRHYDRO::DENS" in local mode
[1mWARNING level 2 from host runnervmejwal.hgkdwdqozxjevm244zrubbhq3g.ex.internal.cloudapp.net process 0
  in thorn Carpet, file /home/runner/work/tests/tests/master/configs/sim/build/Carpet/Comm.cc:103:
  ->[0m Synchronising group "GRHYDRO::SCON" in local mode
[1mWARNING level 2 from host runnervmejwal.hgkdwdqozxjevm244zrubbhq3g.ex.internal.cloudapp.net process 0
  in thorn Carpet, file /home/runner/work/tests/tests/master/configs/sim/build/Carpet/Comm.cc:103:
  ->[0m Synchronising group "GRHYDRO::BCONS" in local mode
        9     0.002 |   50.3407266 |    1.2500050 |    1.0000000 |    1.0106124 |        65
[1mWARNING level 2 from host runnervmejwal.hgkdwdqozxjevm244zrubbhq3g.ex.internal.cloudapp.net process 0
  in thorn Carpet, file /home/runner/work/tests/tests/master/configs/sim/build/Carpet/Comm.cc:103:
  ->[0m Synchronising group "GRHYDRO::TAU" in local mode
[1mWARNING level 2 from host runnervmejwal.hgkdwdqozxjevm244zrubbhq3g.ex.internal.cloudapp.net process 0
  in thorn Carpet, file /home/runner/work/tests/tests/master/configs/sim/build/Carpet/Comm.cc:103:
  ->[0m Synchronising group "GRHYDRO::DENS" in local mode
[1mWARNING level 2 from host runnervmejwal.hgkdwdqozxjevm244zrubbhq3g.ex.internal.cloudapp.net process 0
  in thorn Carpet, file /home/runner/work/tests/tests/master/configs/sim/build/Carpet/Comm.cc:103:
  ->[0m Synchronising group "GRHYDRO::SCON" in local mode
[1mWARNING level 2 from host runnervmejwal.hgkdwdqozxjevm244zrubbhq3g.ex.internal.cloudapp.net process 0
  in thorn Carpet, file /home/runner/work/tests/tests/master/configs/sim/build/Carpet/Comm.cc:103:
  ->[0m Synchronising group "GRHYDRO::BCONS" in local mode
[1mWARNING level 2 from host runnervmejwal.hgkdwdqozxjevm244zrubbhq3g.ex.internal.cloudapp.net process 0
  in thorn Carpet, file /home/runner/work/tests/tests/master/configs/sim/build/Carpet/Comm.cc:103:
  ->[0m Synchronising group "GRHYDRO::TAU" in local mode
[1mWARNING level 2 from host runnervmejwal.hgkdwdqozxjevm244zrubbhq3g.ex.internal.cloudapp.net process 0
  in thorn Carpet, file /home/runner/work/tests/tests/master/configs/sim/build/Carpet/Comm.cc:103:
  ->[0m Synchronising group "GRHYDRO::DENS" in local mode
[1mWARNING level 2 from host runnervmejwal.hgkdwdqozxjevm244zrubbhq3g.ex.internal.cloudapp.net process 0
  in thorn Carpet, file /home/runner/work/tests/tests/master/configs/sim/build/Carpet/Comm.cc:103:
  ->[0m Synchronising group "GRHYDRO::SCON" in local mode
[1mWARNING level 2 from host runnervmejwal.hgkdwdqozxjevm244zrubbhq3g.ex.internal.cloudapp.net process 0
  in thorn Carpet, file /home/runner/work/tests/tests/master/configs/sim/build/Carpet/Comm.cc:103:
  ->[0m Synchronising group "GRHYDRO::BCONS" in local mode
[1mWARNING level 2 from host runnervmejwal.hgkdwdqozxjevm244zrubbhq3g.ex.internal.cloudapp.net process 0
  in thorn Carpet, file /home/runner/work/tests/tests/master/configs/sim/build/Carpet/Comm.cc:103:
  ->[0m Synchronising group "GRHYDRO::TAU" in local mode
[1mWARNING level 2 from host runnervmejwal.hgkdwdqozxjevm244zrubbhq3g.ex.internal.cloudapp.net process 0
  in thorn Carpet, file /home/runner/work/tests/tests/master/configs/sim/build/Carpet/Comm.cc:103:
  ->[0m Synchronising group "GRHYDRO::DENS" in local mode
[1mWARNING level 2 from host runnervmejwal.hgkdwdqozxjevm244zrubbhq3g.ex.internal.cloudapp.net process 0
  in thorn Carpet, file /home/runner/work/tests/tests/master/configs/sim/build/Carpet/Comm.cc:103:
  ->[0m Synchronising group "GRHYDRO::SCON" in local mode
[1mWARNING level 2 from host runnervmejwal.hgkdwdqozxjevm244zrubbhq3g.ex.internal.cloudapp.net process 0
  in thorn Carpet, file /home/runner/work/tests/tests/master/configs/sim/build/Carpet/Comm.cc:103:
  ->[0m Synchronising group "GRHYDRO::BCONS" in local mode
[1mWARNING level 2 from host runnervmejwal.hgkdwdqozxjevm244zrubbhq3g.ex.internal.cloudapp.net process 0
  in thorn Carpet, file /home/runner/work/tests/tests/master/configs/sim/build/Carpet/Comm.cc:103:
  ->[0m Synchronising group "GRHYDRO::TAU" in local mode
[1mWARNING level 2 from host runnervmejwal.hgkdwdqozxjevm244zrubbhq3g.ex.internal.cloudapp.net process 0
  in thorn Carpet, file /home/runner/work/tests/tests/master/configs/sim/build/Carpet/Comm.cc:103:
  ->[0m Synchronising group "GRHYDRO::DENS" in local mode
[1mWARNING level 2 from host runnervmejwal.hgkdwdqozxjevm244zrubbhq3g.ex.internal.cloudapp.net process 0
  in thorn Carpet, file /home/runner/work/tests/tests/master/configs/sim/build/Carpet/Comm.cc:103:
  ->[0m Synchronising group "GRHYDRO::SCON" in local mode
[1mWARNING level 2 from host runnervmejwal.hgkdwdqozxjevm244zrubbhq3g.ex.internal.cloudapp.net process 0
  in thorn Carpet, file /home/runner/work/tests/tests/master/configs/sim/build/Carpet/Comm.cc:103:
  ->[0m Synchronising group "GRHYDRO::BCONS" in local mode
[1mWARNING level 2 from host runnervmejwal.hgkdwdqozxjevm244zrubbhq3g.ex.internal.cloudapp.net process 0
  in thorn Carpet, file /home/runner/work/tests/tests/master/configs/sim/build/Carpet/Comm.cc:103:
  ->[0m Synchronising group "GRHYDRO::TAU" in local mode
[1mWARNING level 2 from host runnervmejwal.hgkdwdqozxjevm244zrubbhq3g.ex.internal.cloudapp.net process 0
  in thorn Carpet, file /home/runner/work/tests/tests/master/configs/sim/build/Carpet/Comm.cc:103:
  ->[0m Synchronising group "GRHYDRO::DENS" in local mode
[1mWARNING level 2 from host runnervmejwal.hgkdwdqozxjevm244zrubbhq3g.ex.internal.cloudapp.net process 0
  in thorn Carpet, file /home/runner/work/tests/tests/master/configs/sim/build/Carpet/Comm.cc:103:
  ->[0m Synchronising group "GRHYDRO::SCON" in local mode
[1mWARNING level 2 from host runnervmejwal.hgkdwdqozxjevm244zrubbhq3g.ex.internal.cloudapp.net process 0
  in thorn Carpet, file /home/runner/work/tests/tests/master/configs/sim/build/Carpet/Comm.cc:103:
  ->[0m Synchronising group "GRHYDRO::BCONS" in local mode
[1mWARNING level 2 from host runnervmejwal.hgkdwdqozxjevm244zrubbhq3g.ex.internal.cloudapp.net process 0
  in thorn Carpet, file /home/runner/work/tests/tests/master/configs/sim/build/Carpet/Comm.cc:103:
  ->[0m Synchronising group "GRHYDRO::TAU" in local mode
[1mWARNING level 2 from host runnervmejwal.hgkdwdqozxjevm244zrubbhq3g.ex.internal.cloudapp.net process 0
  in thorn Carpet, file /home/runner/work/tests/tests/master/configs/sim/build/Carpet/Comm.cc:103:
  ->[0m Synchronising group "GRHYDRO::DENS" in local mode
[1mWARNING level 2 from host runnervmejwal.hgkdwdqozxjevm244zrubbhq3g.ex.internal.cloudapp.net process 0
  in thorn Carpet, file /home/runner/work/tests/tests/master/configs/sim/build/Carpet/Comm.cc:103:
  ->[0m Synchronising group "GRHYDRO::SCON" in local mode
[1mWARNING level 2 from host runnervmejwal.hgkdwdqozxjevm244zrubbhq3g.ex.internal.cloudapp.net process 0
  in thorn Carpet, file /home/runner/work/tests/tests/master/configs/sim/build/Carpet/Comm.cc:103:
  ->[0m Synchronising group "GRHYDRO::BCONS" in local mode
[1mWARNING level 2 from host runnervmejwal.hgkdwdqozxjevm244zrubbhq3g.ex.internal.cloudapp.net process 0
  in thorn Carpet, file /home/runner/work/tests/tests/master/configs/sim/build/Carpet/Comm.cc:103:
  ->[0m Synchronising group "GRHYDRO::TAU" in local mode
[1mWARNING level 2 from host runnervmejwal.hgkdwdqozxjevm244zrubbhq3g.ex.internal.cloudapp.net process 0
  in thorn Carpet, file /home/runner/work/tests/tests/master/configs/sim/build/Carpet/Comm.cc:103:
  ->[0m Synchronising group "GRHYDRO::DENS" in local mode
[1mWARNING level 2 from host runnervmejwal.hgkdwdqozxjevm244zrubbhq3g.ex.internal.cloudapp.net process 0
  in thorn Carpet, file /home/runner/work/tests/tests/master/configs/sim/build/Carpet/Comm.cc:103:
  ->[0m Synchronising group "GRHYDRO::SCON" in local mode
[1mWARNING level 2 from host runnervmejwal.hgkdwdqozxjevm244zrubbhq3g.ex.internal.cloudapp.net process 0
  in thorn Carpet, file /home/runner/work/tests/tests/master/configs/sim/build/Carpet/Comm.cc:103:
  ->[0m Synchronising group "GRHYDRO::BCONS" in local mode
[1mWARNING level 2 from host runnervmejwal.hgkdwdqozxjevm244zrubbhq3g.ex.internal.cloudapp.net process 0
  in thorn Carpet, file /home/runner/work/tests/tests/master/configs/sim/build/Carpet/Comm.cc:103:
  ->[0m Synchronising group "GRHYDRO::TAU" in local mode
[1mWARNING level 2 from host runnervmejwal.hgkdwdqozxjevm244zrubbhq3g.ex.internal.cloudapp.net process 0
  in thorn Carpet, file /home/runner/work/tests/tests/master/configs/sim/build/Carpet/Comm.cc:103:
  ->[0m Synchronising group "GRHYDRO::DENS" in local mode
[1mWARNING level 2 from host runnervmejwal.hgkdwdqozxjevm244zrubbhq3g.ex.internal.cloudapp.net process 0
  in thorn Carpet, file /home/runner/work/tests/tests/master/configs/sim/build/Carpet/Comm.cc:103:
  ->[0m Synchronising group "GRHYDRO::SCON" in local mode
[1mWARNING level 2 from host runnervmejwal.hgkdwdqozxjevm244zrubbhq3g.ex.internal.cloudapp.net process 0
  in thorn Carpet, file /home/runner/work/tests/tests/master/configs/sim/build/Carpet/Comm.cc:103:
  ->[0m Synchronising group "GRHYDRO::BCONS" in local mode
[1mWARNING level 2 from host runnervmejwal.hgkdwdqozxjevm244zrubbhq3g.ex.internal.cloudapp.net process 0
  in thorn Carpet, file /home/runner/work/tests/tests/master/configs/sim/build/Carpet/Comm.cc:103:
  ->[0m Synchronising group "GRHYDRO::TAU" in local mode
[1mWARNING level 2 from host runnervmejwal.hgkdwdqozxjevm244zrubbhq3g.ex.internal.cloudapp.net process 0
  in thorn Carpet, file /home/runner/work/tests/tests/master/configs/sim/build/Carpet/Comm.cc:103:
  ->[0m Synchronising group "GRHYDRO::DENS" in local mode
[1mWARNING level 2 from host runnervmejwal.hgkdwdqozxjevm244zrubbhq3g.ex.internal.cloudapp.net process 0
  in thorn Carpet, file /home/runner/work/tests/tests/master/configs/sim/build/Carpet/Comm.cc:103:
  ->[0m Synchronising group "GRHYDRO::SCON" in local mode
[1mWARNING level 2 from host runnervmejwal.hgkdwdqozxjevm244zrubbhq3g.ex.internal.cloudapp.net process 0
  in thorn Carpet, file /home/runner/work/tests/tests/master/configs/sim/build/Carpet/Comm.cc:103:
  ->[0m Synchronising group "GRHYDRO::BCONS" in local mode
[1mWARNING level 2 from host runnervmejwal.hgkdwdqozxjevm244zrubbhq3g.ex.internal.cloudapp.net process 0
  in thorn Carpet, file /home/runner/work/tests/tests/master/configs/sim/build/Carpet/Comm.cc:103:
  ->[0m Synchronising group "GRHYDRO::TAU" in local mode
[1mWARNING level 2 from host runnervmejwal.hgkdwdqozxjevm244zrubbhq3g.ex.internal.cloudapp.net process 0
  in thorn Carpet, file /home/runner/work/tests/tests/master/configs/sim/build/Carpet/Comm.cc:103:
  ->[0m Synchronising group "GRHYDRO::DENS" in local mode
[1mWARNING level 2 from host runnervmejwal.hgkdwdqozxjevm244zrubbhq3g.ex.internal.cloudapp.net process 0
  in thorn Carpet, file /home/runner/work/tests/tests/master/configs/sim/build/Carpet/Comm.cc:103:
  ->[0m Synchronising group "GRHYDRO::SCON" in local mode
[1mWARNING level 2 from host runnervmejwal.hgkdwdqozxjevm244zrubbhq3g.ex.internal.cloudapp.net process 0
  in thorn Carpet, file /home/runner/work/tests/tests/master/configs/sim/build/Carpet/Comm.cc:103:
  ->[0m Synchronising group "GRHYDRO::BCONS" in local mode
[1mWARNING level 2 from host runnervmejwal.hgkdwdqozxjevm244zrubbhq3g.ex.internal.cloudapp.net process 0
  in thorn Carpet, file /home/runner/work/tests/tests/master/configs/sim/build/Carpet/Comm.cc:103:
  ->[0m Synchronising group "GRHYDRO::TAU" in local mode
[1mWARNING level 2 from host runnervmejwal.hgkdwdqozxjevm244zrubbhq3g.ex.internal.cloudapp.net process 0
  in thorn Carpet, file /home/runner/work/tests/tests/master/configs/sim/build/Carpet/Comm.cc:103:
  ->[0m Synchronising group "GRHYDRO::DENS" in local mode
[1mWARNING level 2 from host runnervmejwal.hgkdwdqozxjevm244zrubbhq3g.ex.internal.cloudapp.net process 0
  in thorn Carpet, file /home/runner/work/tests/tests/master/configs/sim/build/Carpet/Comm.cc:103:
  ->[0m Synchronising group "GRHYDRO::SCON" in local mode
[1mWARNING level 2 from host runnervmejwal.hgkdwdqozxjevm244zrubbhq3g.ex.internal.cloudapp.net process 0
  in thorn Carpet, file /home/runner/work/tests/tests/master/configs/sim/build/Carpet/Comm.cc:103:
  ->[0m Synchronising group "GRHYDRO::BCONS" in local mode
[1mWARNING level 2 from host runnervmejwal.hgkdwdqozxjevm244zrubbhq3g.ex.internal.cloudapp.net process 0
  in thorn Carpet, file /home/runner/work/tests/tests/master/configs/sim/build/Carpet/Comm.cc:103:
  ->[0m Synchronising group "GRHYDRO::TAU" in local mode
[1mWARNING level 2 from host runnervmejwal.hgkdwdqozxjevm244zrubbhq3g.ex.internal.cloudapp.net process 0
  in thorn Carpet, file /home/runner/work/tests/tests/master/configs/sim/build/Carpet/Comm.cc:103:
  ->[0m Synchronising group "GRHYDRO::DENS" in local mode
[1mWARNING level 2 from host runnervmejwal.hgkdwdqozxjevm244zrubbhq3g.ex.internal.cloudapp.net process 0
  in thorn Carpet, file /home/runner/work/tests/tests/master/configs/sim/build/Carpet/Comm.cc:103:
  ->[0m Synchronising group "GRHYDRO::SCON" in local mode
[1mWARNING level 2 from host runnervmejwal.hgkdwdqozxjevm244zrubbhq3g.ex.internal.cloudapp.net process 0
  in thorn Carpet, file /home/runner/work/tests/tests/master/configs/sim/build/Carpet/Comm.cc:103:
  ->[0m Synchronising group "GRHYDRO::BCONS" in local mode
[1mWARNING level 2 from host runnervmejwal.hgkdwdqozxjevm244zrubbhq3g.ex.internal.cloudapp.net process 0
  in thorn Carpet, file /home/runner/work/tests/tests/master/configs/sim/build/Carpet/Comm.cc:103:
  ->[0m Synchronising group "GRHYDRO::TAU" in local mode
[1mWARNING level 2 from host runnervmejwal.hgkdwdqozxjevm244zrubbhq3g.ex.internal.cloudapp.net process 0
  in thorn Carpet, file /home/runner/work/tests/tests/master/configs/sim/build/Carpet/Comm.cc:103:
  ->[0m Synchronising group "GRHYDRO::DENS" in local mode
[1mWARNING level 2 from host runnervmejwal.hgkdwdqozxjevm244zrubbhq3g.ex.internal.cloudapp.net process 0
  in thorn Carpet, file /home/runner/work/tests/tests/master/configs/sim/build/Carpet/Comm.cc:103:
  ->[0m Synchronising group "GRHYDRO::SCON" in local mode
[1mWARNING level 2 from host runnervmejwal.hgkdwdqozxjevm244zrubbhq3g.ex.internal.cloudapp.net process 0
  in thorn Carpet, file /home/runner/work/tests/tests/master/configs/sim/build/Carpet/Comm.cc:103:
  ->[0m Synchronising group "GRHYDRO::BCONS" in local mode
[1mWARNING level 2 from host runnervmejwal.hgkdwdqozxjevm244zrubbhq3g.ex.internal.cloudapp.net process 0
  in thorn Carpet, file /home/runner/work/tests/tests/master/configs/sim/build/Carpet/Comm.cc:103:
  ->[0m Synchronising group "GRHYDRO::TAU" in local mode
[1mWARNING level 2 from host runnervmejwal.hgkdwdqozxjevm244zrubbhq3g.ex.internal.cloudapp.net process 0
  in thorn Carpet, file /home/runner/work/tests/tests/master/configs/sim/build/Carpet/Comm.cc:103:
  ->[0m Synchronising group "GRHYDRO::DENS" in local mode
[1mWARNING level 2 from host runnervmejwal.hgkdwdqozxjevm244zrubbhq3g.ex.internal.cloudapp.net process 0
  in thorn Carpet, file /home/runner/work/tests/tests/master/configs/sim/build/Carpet/Comm.cc:103:
  ->[0m Synchronising group "GRHYDRO::SCON" in local mode
[1mWARNING level 2 from host runnervmejwal.hgkdwdqozxjevm244zrubbhq3g.ex.internal.cloudapp.net process 0
  in thorn Carpet, file /home/runner/work/tests/tests/master/configs/sim/build/Carpet/Comm.cc:103:
  ->[0m Synchronising group "GRHYDRO::BCONS" in local mode
       10     0.002 |   50.3972268 |    1.2500061 |    1.0000000 |    1.0117710 |        65
INFO (TimerReport): Timer Report before terminating at iteration 10 time 0.00176777
==================================================================================================================================================================================================
Thorn           | Scheduled routine in time bin           | gettimeofday [secs] | getrusage [secs] | cycle [secs] | cycle[avg] [secs] | cycle[sdv] [secs] | cycle[min] [secs] | cycle[max] [secs] 
==================================================================================================================================================================================================
Carpet          | Multi-model Startup routine             |          0.00022000 |       0.00020400 |   0.00000000 |        0.00000000 |        0.00000000 |        0.00000000 |        0.00000000 
CycleClock      | Set up CycleClock                       |          0.10003600 |       0.10003700 |   0.00000422 |        0.00000422 |        0.00000000 |        0.00000422 |        0.00000422 
LoopControl     | Set up LoopControl                      |          0.00000200 |       0.00000200 |   0.00000185 |        0.00000185 |        0.00000000 |        0.00000185 |        0.00000185 
Timers          | Prepare hierarchical timers             |          0.00000700 |       0.00000700 |   0.00000699 |        0.00000699 |        0.00000000 |        0.00000699 |        0.00000699 
Carpet          | Startup routine                         |          0.00000200 |       0.00000300 |   0.00000241 |        0.00000241 |        0.00000000 |        0.00000241 |        0.00000241 
IOUtil          | Startup routine                         |          0.00000200 |       0.00000200 |   0.00000238 |        0.00000238 |        0.00000000 |        0.00000238 |        0.00000238 
CarpetIOScalar  | Startup routine                         |          0.00001400 |       0.00001300 |   0.00001396 |        0.00001396 |        0.00000000 |        0.00001396 |        0.00001396 
CarpetInterp    | Startup routine                         |          0.00000100 |       0.00000200 |   0.00000125 |        0.00000125 |        0.00000000 |        0.00000125 |        0.00000125 
CarpetReduce    | Startup routine                         |          0.00002400 |       0.00002500 |   0.00002463 |        0.00002463 |        0.00000000 |        0.00002463 |        0.00002463 
CartGrid3D      | Register GH Extension for GridSymmetry  |          0.00000200 |       0.00000100 |   0.00000173 |        0.00000173 |        0.00000000 |        0.00000173 |        0.00000173 
CoordBase       | Register a GH extension to store the coo|          0.00000100 |       0.00000200 |   0.00000147 |        0.00000147 |        0.00000000 |        0.00000147 |        0.00000147 
AEILocalInterp  | register CCTK_InterpLocalUniform() inter|          0.00000300 |       0.00000300 |   0.00000264 |        0.00000264 |        0.00000000 |        0.00000264 |        0.00000264 
EOS_Omni        | Set up conversion factors and other fun |          0.00001200 |       0.00001300 |   0.00001231 |        0.00001231 |        0.00000000 |        0.00001231 |        0.00001231 
EOS_Polytrope   | Setup the polytropic EOS                |          0.00000200 |       0.00000200 |   0.00000184 |        0.00000184 |        0.00000000 |        0.00000184 |        0.00000184 
GRHydro         | Startup banner                          |          0.00000400 |       0.00000400 |   0.00000407 |        0.00000407 |        0.00000000 |        0.00000407 |        0.00000407 
GRHydro         | Register the hydro masks                |          0.00000500 |       0.00000500 |   0.00000464 |        0.00000464 |        0.00000000 |        0.00000464 |        0.00000464 
HydroBase       | Startup banner                          |          0.00000100 |       0.00000200 |   0.00000142 |        0.00000142 |        0.00000000 |        0.00000142 |        0.00000142 
CarpetIOASCII   | Startup routine                         |          0.00002500 |       0.00002500 |   0.00002497 |        0.00002497 |        0.00000000 |        0.00002497 |        0.00002497 
LocalInterp     | register LocalInterp's interpolation ope|          0.00000200 |       0.00000100 |   0.00000155 |        0.00000155 |        0.00000000 |        0.00000155 |        0.00000155 
LocalReduce     | Startup routine                         |          0.00001400 |       0.00001400 |   0.00001436 |        0.00001436 |        0.00000000 |        0.00001436 |        0.00001436 
CarpetIOBasic   | Startup routine                         |          0.00000300 |       0.00000300 |   0.00000298 |        0.00000298 |        0.00000000 |        0.00000298 |        0.00000298 
MoL             | Startup banner                          |          0.00000400 |       0.00000400 |   0.00000395 |        0.00000395 |        0.00000000 |        0.00000395 |        0.00000395 
Slab            | Create MPI datatypes for complex variabl|          0.00000400 |       0.00000500 |   0.00000504 |        0.00000504 |        0.00000000 |        0.00000504 |        0.00000504 
SymBase         | Register GH Extension for SymBase       |          0.00000400 |       0.00000500 |   0.00000419 |        0.00000419 |        0.00000000 |        0.00000419 |        0.00000419 
TerminationTrigg| Start signal handler                    |          0.00002400 |       0.00002400 |   0.00002422 |        0.00002422 |        0.00000000 |        0.00002422 |        0.00002422 
CarpetIOHDF5    | Startup routine                         |          0.00002000 |       0.00001900 |   0.00001945 |        0.00001945 |        0.00000000 |        0.00001945 |        0.00001945 
Vectors         | Print startup message                   |          0.00001200 |       0.00001200 |   0.00001246 |        0.00001246 |        0.00000000 |        0.00001246 |        0.00001246 
hwloc           | Output hwloc version                    |          0.00000900 |       0.00000900 |   0.00000874 |        0.00000874 |        0.00000000 |        0.00000874 |        0.00000874 
--------------------------------------------------------------------------------------------------------------------------------------------------------------------------------------------------
                | Total time for CCTK_STARTUP             |          0.10045900 |       0.10044800 |   0.00020971 |        0.00020971 |        0.00000000 |        0.00020971 |        0.00020971 
==================================================================================================================================================================================================
ADMBase         | Set up GF symmetries                    |          0.00003300 |       0.00003200 |   0.00003262 |        0.00003262 |        0.00000000 |        0.00003262 |        0.00003262 
Boundary        | Register boundary conditions that this t|          0.00001400 |       0.00001400 |   0.00001344 |        0.00001344 |        0.00000000 |        0.00001344 |        0.00001344 
CartGrid3D      | Register coordinates for the Cartesian g|          0.00005500 |       0.00005500 |   0.00005461 |        0.00005461 |        0.00000000 |        0.00005461 |        0.00005461 
CoordGauge      | Initialize slicing, setup priorities for|          0.00001200 |       0.00001200 |   0.00001183 |        0.00001183 |        0.00000000 |        0.00001183 |        0.00001183 
CoordGauge      | Identify the slicing for the next iterat|          0.00001100 |       0.00001100 |   0.00001079 |        0.00001079 |        0.00000000 |        0.00001079 |        0.00001079 
GRHydro         | Initialize InLastMoLPostStep to zero    |          0.00001600 |       0.00001700 |   0.00001670 |        0.00001670 |        0.00000000 |        0.00001670 |        0.00001670 
MoL             | Set up the MoL bookkeeping index arrays |          0.00003200 |       0.00003200 |   0.00003237 |        0.00003237 |        0.00000000 |        0.00003237 |        0.00003237 
MoL             | Set the flag so it is ok to register wit|          0.00001400 |       0.00001400 |   0.00001353 |        0.00001353 |        0.00000000 |        0.00001353 |        0.00001353 
TmunuBase       | Set the stress_energy_state variable    |          0.00001400 |       0.00001300 |   0.00001353 |        0.00001353 |        0.00000000 |        0.00001353 |        0.00001353 
GRHydro         | Register variables for MoL              |          0.00004900 |       0.00004800 |   0.00004793 |        0.00004793 |        0.00000000 |        0.00004793 |        0.00004793 
Slab            | Initialise timers                       |          0.00002500 |       0.00002500 |   0.00002477 |        0.00002477 |        0.00000000 |        0.00002477 |        0.00002477 
SpaceMask       | Set grid symmetries for mask            |          0.00001200 |       0.00001200 |   0.00001225 |        0.00001225 |        0.00000000 |        0.00001225 |        0.00001225 
SpaceMask       | Set grid symmetries for emask (compatibi|          0.00001200 |       0.00001200 |   0.00001138 |        0.00001138 |        0.00000000 |        0.00001138 |        0.00001138 
CartGrid3D      | Register symmetry boundaries            |          0.00003900 |       0.00004000 |   0.00003931 |        0.00003931 |        0.00000000 |        0.00003931 |        0.00003931 
SymBase         | Print symmetry boundary face description|          0.00001400 |       0.00001400 |   0.00001390 |        0.00001390 |        0.00000000 |        0.00001390 |        0.00001390 
MoL             | Report how many of each type of variable|          0.00008800 |       0.00008800 |   0.00008853 |        0.00008853 |        0.00000000 |        0.00008853 |        0.00008853 
--------------------------------------------------------------------------------------------------------------------------------------------------------------------------------------------------
                | Total time for CCTK_WRAGH               |          0.00044000 |       0.00043900 |   0.00043747 |        0.00043747 |        0.00000000 |        0.00043747 |        0.00043747 
==================================================================================================================================================================================================
ADMBase         | Check consistency of parameters         |          0.00001500 |       0.00001500 |   0.00001461 |        0.00001461 |        0.00000000 |        0.00001461 |        0.00001461 
Boundary        | Check dimension of grid variables       |          0.00001000 |       0.00001000 |   0.00000995 |        0.00000995 |        0.00000000 |        0.00000995 |        0.00000995 
Carpet          | Parameter checking routine              |          0.00002000 |       0.00002000 |   0.00001982 |        0.00001982 |        0.00000000 |        0.00001982 |        0.00001982 
CarpetLib       | Test prolongation operators             |          0.00002000 |       0.00001900 |   0.00001972 |        0.00001972 |        0.00000000 |        0.00001972 |        0.00001972 
CartGrid3D      | Check coordinates for CartGrid3D        |          0.00001800 |       0.00001800 |   0.00001768 |        0.00001768 |        0.00000000 |        0.00001768 |        0.00001768 
Fortran         | Test whether Fortran parameters work cor|          0.00001000 |       0.00001000 |   0.00001029 |        0.00001029 |        0.00000000 |        0.00001029 |        0.00001029 
GRHydro         | Check parameters                        |          0.00003100 |       0.00003100 |   0.00003094 |        0.00003094 |        0.00000000 |        0.00003094 |        0.00003094 
GRHydro_InitData| Check parameters                        |          0.00001500 |       0.00001400 |   0.00001459 |        0.00001459 |        0.00000000 |        0.00001459 |        0.00001459 
MoL             | Basic parameter checking                |          0.00001300 |       0.00001400 |   0.00001344 |        0.00001344 |        0.00000000 |        0.00001344 |        0.00001344 
TerminationTrigg| Check consitency of parameters          |          0.00001100 |       0.00001000 |   0.00001024 |        0.00001024 |        0.00000000 |        0.00001024 |        0.00001024 
TmunuBase       | Check that no deprecated parameters are |          0.00001000 |       0.00001000 |   0.00001010 |        0.00001010 |        0.00000000 |        0.00001010 |        0.00001010 
Vectors         | Run correctness tests.                  |          0.00009400 |       0.00009400 |   0.00009418 |        0.00009418 |        0.00000000 |        0.00009418 |        0.00009418 
--------------------------------------------------------------------------------------------------------------------------------------------------------------------------------------------------
                | Total time for CCTK_PARAMCHECK          |          0.00026700 |       0.00026500 |   0.00026558 |        0.00026558 |        0.00000000 |        0.00026558 |        0.00026558 
==================================================================================================================================================================================================
ADMBase         | Set the shift_state variable to 1       |          0.00003800 |       0.00003800 |   0.00003801 |        0.00003801 |        0.00000000 |        0.00003801 |        0.00003801 
ADMBase         | Set the dtlapse_state variable to 0     |          0.00002900 |       0.00002900 |   0.00002897 |        0.00002897 |        0.00000000 |        0.00002897 |        0.00002897 
ADMBase         | Set the dtshift_state variable to 0     |          0.00002800 |       0.00002800 |   0.00002840 |        0.00002840 |        0.00000000 |        0.00002840 |        0.00002840 
ADMMacros       | Initialize the local_spatial_order      |          0.00002900 |       0.00002900 |   0.00002891 |        0.00002891 |        0.00000000 |        0.00002891 |        0.00002891 
CartGrid3D      | Set up ranges for spatial 3D Cartesian c|          0.00012100 |       0.00001200 |   0.00012163 |        0.00012163 |        0.00000000 |        0.00012163 |        0.00012163 
CartGrid3D      | Set up spatial 3D Cartesian coordinates |          0.00006800 |       0.00000000 |   0.00006776 |        0.00006776 |        0.00000000 |        0.00006776 |        0.00006776 
CarpetReduce    | Allocate the weight function            |          0.00007100 |       0.00000000 |   0.00007145 |        0.00007145 |        0.00000000 |        0.00007145 |        0.00007145 
CarpetReduce    | Initialise the weight function          |          0.00009400 |       0.00000000 |   0.00009430 |        0.00009430 |        0.00000000 |        0.00009430 |        0.00009430 
CarpetReduce    | Set up the outer boundaries of the weigh|          0.00012100 |       0.00000000 |   0.00012101 |        0.00012101 |        0.00000000 |        0.00012101 |        0.00012101 
CarpetReduce    | Set up the weight function for the restr|          0.00005200 |       0.00000000 |   0.00005219 |        0.00005219 |        0.00000000 |        0.00005219 |        0.00005219 
CarpetReduce    | Set the weight function                 |          0.00006700 |       0.00000000 |   0.00006693 |        0.00006693 |        0.00000000 |        0.00006693 |        0.00006693 
CarpetReduce    | Test the weight function                |          0.00007900 |       0.00000000 |   0.00007834 |        0.00007834 |        0.00000000 |        0.00007834 |        0.00007834 
GRHydro         | Initially set execution flags to 'YEAH, |          0.00002100 |       0.00000000 |   0.00002045 |        0.00002045 |        0.00000000 |        0.00002045 |        0.00002045 
GRHydro         | Schedule symmetries and check shift stat|          0.00006800 |       0.00000000 |   0.00006774 |        0.00006774 |        0.00000000 |        0.00006774 |        0.00006774 
GRHydro         | Initialise the mask function that contai|          0.00004400 |       0.00000000 |   0.00004413 |        0.00004413 |        0.00000000 |        0.00004413 |        0.00004413 
NaNChecker      | Reset the NaNChecker::NaNsFound counter |          0.00002000 |       0.00000000 |   0.00002053 |        0.00002053 |        0.00000000 |        0.00002053 |        0.00002053 
SpaceMask       | Initialise mask to zero                 |          0.00003200 |       0.00000000 |   0.00003147 |        0.00003147 |        0.00000000 |        0.00003147 |        0.00003147 
SpaceMask       | Set old style mask to one               |          0.00003100 |       0.00000000 |   0.00003044 |        0.00003044 |        0.00000000 |        0.00003044 |        0.00003044 
SymBase         | Check whether the driver set up the grid|          0.00003000 |       0.00000000 |   0.00002972 |        0.00002972 |        0.00000000 |        0.00002972 |        0.00002972 
TerminationTrigg| Clear trigger state                     |          0.00002900 |       0.00000000 |   0.00002920 |        0.00002920 |        0.00000000 |        0.00002920 |        0.00002920 
TerminationTrigg| Start timer                             |          0.00007700 |       0.00000000 |   0.00007719 |        0.00007719 |        0.00000000 |        0.00007719 |        0.00007719 
TerminationTrigg| Create termination file                 |          0.00007800 |       0.00000000 |   0.00007672 |        0.00007672 |        0.00000000 |        0.00007672 |        0.00007672 
Time            | Initialise Time variables               |          0.00002200 |       0.00000000 |   0.00002180 |        0.00002180 |        0.00000000 |        0.00002180 |        0.00002180 
Time            | Set timestep based on Courant condition |          0.00003100 |       0.00000000 |   0.00003163 |        0.00003163 |        0.00000000 |        0.00003163 |        0.00003163 
--------------------------------------------------------------------------------------------------------------------------------------------------------------------------------------------------
                | Total time for CCTK_BASEGRID            |          0.00128000 |       0.00013600 |   0.00127892 |        0.00127892 |        0.00000000 |        0.00127892 |        0.00127892 
==================================================================================================================================================================================================
StaticConformal | Set the conformal_state variable to 0   |          0.00004800 |       0.00000000 |   0.00004783 |        0.00004783 |        0.00000000 |        0.00004783 |        0.00004783 
ADMBase         | Set the metric and extrinsic curvature t|          0.00005300 |       0.00000000 |   0.00005265 |        0.00005265 |        0.00000000 |        0.00005265 |        0.00005265 
GRHydro         | Set the EOS number                      |          0.00005100 |       0.00000000 |   0.00005051 |        0.00005051 |        0.00000000 |        0.00005051 |        0.00005051 
CarpetIOASCII   | Initialisation routine                  |          0.00002900 |       0.00000000 |   0.00002934 |        0.00002934 |        0.00000000 |        0.00002934 |        0.00002934 
CarpetIOBasic   | Initialisation routine                  |          0.00002000 |       0.00000000 |   0.00001983 |        0.00001983 |        0.00000000 |        0.00001983 |        0.00001983 
CarpetIOHDF5    | Initialisation routine                  |          0.00002000 |       0.00000000 |   0.00001999 |        0.00001999 |        0.00000000 |        0.00001999 |        0.00001999 
CarpetIOScalar  | Initialisation routine                  |          0.00002000 |       0.00000000 |   0.00001980 |        0.00001980 |        0.00000000 |        0.00001980 |        0.00001980 
GRHydro         | Set up minimum for the rest-mass density|          0.00004800 |       0.00000000 |   0.00004713 |        0.00004713 |        0.00000000 |        0.00004713 |        0.00004713 
GRHydro         | Initialize the atmosphere mask          |          0.00005800 |       0.00000000 |   0.00005826 |        0.00005826 |        0.00000000 |        0.00005826 |        0.00005826 
GRHydro         | Calculate current refinement level      |          0.00005400 |       0.00000000 |   0.00005417 |        0.00005417 |        0.00000000 |        0.00005417 |        0.00005417 
ADMBase         | Set the lapse to 1 at all points        |          0.00003300 |       0.00000000 |   0.00003268 |        0.00003268 |        0.00000000 |        0.00003268 |        0.00003268 
ADMBase         | Set the shift to 0 at all points        |          0.00003200 |       0.00000000 |   0.00003275 |        0.00003275 |        0.00000000 |        0.00003275 |        0.00003275 
GRHydro         | Set divB initially to zero              |          0.00004000 |       0.00000000 |   0.00004002 |        0.00004002 |        0.00000000 |        0.00004002 |        0.00004002 
GRHydro_InitData| Shocktube initial data - MHD version    |          0.00055400 |       0.00036600 |   0.00055368 |        0.00055368 |        0.00000000 |        0.00055368 |        0.00055368 
HydroBase       | Initialize hydro excision mask to 'no ex|          0.00003600 |       0.00003400 |   0.00003615 |        0.00003615 |        0.00000000 |        0.00003615 |        0.00003615 
GRHydro         | Calculate sdetg                         |          0.00005300 |       0.00005000 |   0.00005253 |        0.00005253 |        0.00000000 |        0.00005253 |        0.00005253 
GRHydro         | Use mask to enforce atmosphere at initia|          0.00007100 |       0.00006600 |   0.00007092 |        0.00007092 |        0.00000000 |        0.00007092 |        0.00007092 
MoL             | Initialise the step size control        |          0.00001200 |       0.00001100 |   0.00001105 |        0.00001105 |        0.00000000 |        0.00001105 |        0.00001105 
GRHydro         | Convert initial data given in primive va|          0.00017500 |       0.00016300 |   0.00017444 |        0.00017444 |        0.00000000 |        0.00017444 |        0.00017444 
--------------------------------------------------------------------------------------------------------------------------------------------------------------------------------------------------
                | Total time for CCTK_INITIAL             |          0.00140700 |       0.00069000 |   0.00140373 |        0.00140373 |        0.00000000 |        0.00140373 |        0.00140373 
==================================================================================================================================================================================================
CarpetIOHDF5    | Close all filereader input files        |          0.00002900 |       0.00002700 |   0.00002869 |        0.00002869 |        0.00000000 |        0.00002869 |        0.00002869 
GRHydro         | Set up and check scalars for efficiency |          0.00004200 |       0.00003900 |   0.00004165 |        0.00004165 |        0.00000000 |        0.00004165 |        0.00004165 
ADMBase         | Select ADMBase boundary conditions - may|          0.00027600 |       0.00026300 |   0.00027620 |        0.00027620 |        0.00000000 |        0.00027620 |        0.00027620 
Boundary        | Apply all requested local physical bound|          0.00020800 |       0.00014300 |   0.00020773 |        0.00005193 |        0.00007008 |        0.00002986 |        0.00011257 
CartGrid3D      | Apply symmetry boundary conditions      |          0.00011700 |       0.00006100 |   0.00011719 |        0.00002930 |        0.00000458 |        0.00002757 |        0.00003319 
Boundary        | Unselect all grid variables for boundary|          0.00003500 |       0.00002100 |   0.00003631 |        0.00000908 |        0.00000249 |        0.00000824 |        0.00001123 
GRHydro_InitData| 2-D Diagonal shock boundary conditions  |          0.00153200 |       0.00092000 |   0.00153168 |        0.00038292 |        0.00004318 |        0.00035389 |        0.00041284 
GRHydro         | Calculate current refinement level      |          0.00004600 |       0.00004500 |   0.00004561 |        0.00004561 |        0.00000000 |        0.00004561 |        0.00004561 
GRHydro         | Set grid scalar InLastMoLPostStep if thi|          0.00001400 |       0.00001400 |   0.00001385 |        0.00001385 |        0.00000000 |        0.00001385 |        0.00001385 
GRHydro         | Select atmosphere mask for boundary cond|          0.00006600 |       0.00006600 |   0.00006605 |        0.00006605 |        0.00000000 |        0.00006605 |        0.00006605 
GRHydro         | Set integer atmosphere mask from synchro|          0.00004900 |       0.00000000 |   0.00004900 |        0.00004900 |        0.00000000 |        0.00004900 |        0.00004900 
GRHydro         | Reset the atmosphere - MHD version      |          0.00005200 |       0.00000000 |   0.00005194 |        0.00005194 |        0.00000000 |        0.00005194 |        0.00005194 
GRHydro         | Compute comoving magnetic field, pressur|          0.00011600 |       0.00000000 |   0.00011650 |        0.00011650 |        0.00000000 |        0.00011650 |        0.00011650 
GRHydro         | Select GRHydro boundary conditions      |          0.00024700 |       0.00000000 |   0.00024673 |        0.00024673 |        0.00000000 |        0.00024673 |        0.00024673 
GRHydro         | Calculate sdetg                         |          0.00005800 |       0.00000000 |   0.00005780 |        0.00005780 |        0.00000000 |        0.00005780 |        0.00005780 
GRHydro         | Convert back to primitive variables (gen|          0.00060500 |       0.00000000 |   0.00060532 |        0.00060532 |        0.00000000 |        0.00060532 |        0.00060532 
GRHydro         | Calculate divB                          |          0.00005600 |       0.00000000 |   0.00005536 |        0.00005536 |        0.00000000 |        0.00005536 |        0.00005536 
--------------------------------------------------------------------------------------------------------------------------------------------------------------------------------------------------
                | Total time for CCTK_POSTINITIAL         |          0.00354800 |       0.00159900 |   0.00354761 |        0.00212792 |        0.00012032 |        0.00207426 |        0.00222452 
==================================================================================================================================================================================================
GRHydro         | Set the value of the rest-mass density o|          0.00012200 |       0.00012100 |   0.00012136 |        0.00012136 |        0.00000000 |        0.00012136 |        0.00012136 
GRHydro         | Use mask to enforce atmosphere at initia|          0.00010200 |       0.00010300 |   0.00010249 |        0.00010249 |        0.00000000 |        0.00010249 |        0.00010249 
GRHydro         | Calculate sdetg                         |          0.00006600 |       0.00006200 |   0.00006524 |        0.00006524 |        0.00000000 |        0.00006524 |        0.00006524 
GRHydro         | Convert back to primitive variables (gen|          0.00061700 |       0.00061700 |   0.00061755 |        0.00061755 |        0.00000000 |        0.00061755 |        0.00061755 
--------------------------------------------------------------------------------------------------------------------------------------------------------------------------------------------------
                | Total time for CCTK_POSTPOSTINITIAL     |          0.00090700 |       0.00090300 |   0.00090664 |        0.00090664 |        0.00000000 |        0.00090664 |        0.00090664 
==================================================================================================================================================================================================
CarpetIOHDF5    | Initial data checkpoint routine         |          0.00004900 |       0.00004900 |   0.00004915 |        0.00004915 |        0.00000000 |        0.00004915 |        0.00004915 
--------------------------------------------------------------------------------------------------------------------------------------------------------------------------------------------------
                | Total time for CCTK_CPINITIAL           |          0.00004900 |       0.00004900 |   0.00004915 |        0.00004915 |        0.00000000 |        0.00004915 |        0.00004915 
==================================================================================================================================================================================================
ADMBase         | Copy the lapse to the current time level|          0.00032600 |       0.00025000 |   0.00032592 |        0.00003259 |        0.00001535 |        0.00002945 |        0.00004297 
ADMBase         | Copy the shift to the current time level|          0.00030600 |       0.00024400 |   0.00030560 |        0.00003056 |        0.00000485 |        0.00002953 |        0.00003497 
ADMBase         | Copy the metric and extrinsic curvature |          0.00038800 |       0.00031300 |   0.00038829 |        0.00003883 |        0.00000897 |        0.00003663 |        0.00004585 
CoordGauge      | Identify the slicing for the next iterat|          0.00029400 |       0.00023200 |   0.00029268 |        0.00002927 |        0.00000405 |        0.00002837 |        0.00003301 
GRHydro         | Reset the mask function that contains th|          0.00040100 |       0.00032000 |   0.00040003 |        0.00004000 |        0.00000543 |        0.00003890 |        0.00004357 
LoopControl     | Update LoopControl algorithm preferences|          0.00045000 |       0.00035700 |   0.00044781 |        0.00004478 |        0.00000562 |        0.00004311 |        0.00004968 
NaNChecker      | Reset the NaNChecker::NaNsFound counter |          0.00018000 |       0.00014100 |   0.00017823 |        0.00001782 |        0.00000380 |        0.00001724 |        0.00002141 
--------------------------------------------------------------------------------------------------------------------------------------------------------------------------------------------------
                | Total time for CCTK_PRESTEP             |          0.00234500 |       0.00185700 |   0.00233857 |        0.00023386 |        0.00004807 |        0.00022323 |        0.00027146 
==================================================================================================================================================================================================
MoL             | Initialise the step size control        |          0.00009800 |       0.00008000 |   0.00009607 |        0.00000961 |        0.00000929 |        0.00000832 |        0.00001834 
MoL             | Set the counter for the ODE method to lo|          0.00009500 |       0.00007600 |   0.00009429 |        0.00000943 |        0.00000336 |        0.00000890 |        0.00001259 
MoL             | Ensure the correct time and timestep are|          0.00008600 |       0.00006800 |   0.00008573 |        0.00000857 |        0.00000314 |        0.00000807 |        0.00001151 
MoL             | Allocate storage for scratch levels     |          0.00036600 |       0.00030400 |   0.00036587 |        0.00003659 |        0.00005378 |        0.00002882 |        0.00008734 
GRHydro         | Set up and check scalars for efficiency |          0.00044000 |       0.00029100 |   0.00044006 |        0.00004401 |        0.00002374 |        0.00004051 |        0.00006578 
MoL             | Allocate sufficient space for array scra|          0.00028500 |       0.00019600 |   0.00028176 |        0.00002818 |        0.00000577 |        0.00002694 |        0.00003355 
MoL             | Ensure the data is in the correct timele|          0.00090900 |       0.00065100 |   0.00090899 |        0.00009090 |        0.00002757 |        0.00008185 |        0.00010846 
MoL             | Initialise the RHS functions            |          0.00076300 |       0.00055200 |   0.00076221 |        0.00003811 |        0.00002235 |        0.00003512 |        0.00005746 
GRHydro         | Source term calculation                 |          0.00154600 |       0.00117900 |   0.00154166 |        0.00007708 |        0.00001750 |        0.00007307 |        0.00008653 
GRHydro         | Set the flux_direction variable         |          0.00038100 |       0.00027900 |   0.00037783 |        0.00001889 |        0.00000332 |        0.00001839 |        0.00002207 
GRHydro         | Calculate current refinement level      |          0.00242900 |       0.00205000 |   0.00241058 |        0.00004018 |        0.00002408 |        0.00003733 |        0.00005138 
GRHydro         | Reconstruct the functions at the cell bo|          0.01285300 |       0.01134900 |   0.01285037 |        0.00021417 |        0.00010040 |        0.00019942 |        0.00025928 
GRHydro         | Solve the local Riemann problems - MHD v|          0.00836900 |       0.00755900 |   0.00835616 |        0.00013927 |        0.00006082 |        0.00013129 |        0.00017160 
GRHydro         | Calculate the update term from the fluxe|          0.00306000 |       0.00276400 |   0.00305423 |        0.00005090 |        0.00004408 |        0.00004724 |        0.00007510 
GRHydro         | Decrement the flux_direction variable   |          0.00114200 |       0.00103500 |   0.00113741 |        0.00001896 |        0.00002984 |        0.00001777 |        0.00004231 
GRHydro         | Alter the update terms if inside the atm|          0.00088100 |       0.00079000 |   0.00087707 |        0.00004385 |        0.00002303 |        0.00004084 |        0.00006463 
MoL             | Updates calculated with the efficient Ru|          0.00082600 |       0.00073500 |   0.00082284 |        0.00004114 |        0.00001266 |        0.00003724 |        0.00004573 
MoL             | Alter the counter number                |          0.00018300 |       0.00016300 |   0.00018190 |        0.00000910 |        0.00000374 |        0.00000837 |        0.00001246 
MoL             | If necessary, change the time           |          0.00017200 |       0.00015200 |   0.00017068 |        0.00000853 |        0.00000386 |        0.00000811 |        0.00001225 
ADMBase         | Select ADMBase boundary conditions - may|          0.00300800 |       0.00264900 |   0.00300760 |        0.00015038 |        0.00030660 |        0.00012643 |        0.00044551 
Boundary        | Apply all requested local physical bound|          0.00396900 |       0.00278700 |   0.00396343 |        0.00005662 |        0.00032196 |        0.00002901 |        0.00013517 
CartGrid3D      | Apply symmetry boundary conditions      |          0.00205900 |       0.00126700 |   0.00206274 |        0.00002947 |        0.00002190 |        0.00002723 |        0.00004155 
Boundary        | Unselect all grid variables for boundary|          0.00060900 |       0.00035700 |   0.00059379 |        0.00000848 |        0.00000535 |        0.00000805 |        0.00001229 
GRHydro_InitData| 2-D Diagonal shock boundary conditions  |          0.02506800 |       0.01371000 |   0.02506987 |        0.00035814 |        0.00014004 |        0.00032867 |        0.00041628 
GRHydro         | Calculate current refinement level      |          0.00085100 |       0.00059600 |   0.00085090 |        0.00004254 |        0.00000335 |        0.00004122 |        0.00004444 
GRHydro         | Set grid scalar InLastMoLPostStep if thi|          0.00021800 |       0.00015100 |   0.00021808 |        0.00001090 |        0.00000828 |        0.00001000 |        0.00001645 
GRHydro         | Select atmosphere mask for boundary cond|          0.00127300 |       0.00078000 |   0.00127299 |        0.00006365 |        0.00003173 |        0.00005867 |        0.00008289 
GRHydro         | Set integer atmosphere mask from synchro|          0.00089900 |       0.00035700 |   0.00089714 |        0.00004486 |        0.00000653 |        0.00004340 |        0.00005061 
GRHydro         | Reset the atmosphere - MHD version      |          0.00044900 |       0.00027000 |   0.00044723 |        0.00004472 |        0.00000665 |        0.00004314 |        0.00005007 
GRHydro         | Compute comoving magnetic field, pressur|          0.00233600 |       0.00100000 |   0.00231883 |        0.00011594 |        0.00004060 |        0.00011128 |        0.00014711 
GRHydro         | Select GRHydro boundary conditions      |          0.00307600 |       0.00125600 |   0.00307441 |        0.00015372 |        0.00003146 |        0.00014832 |        0.00017436 
GRHydro         | Calculate sdetg                         |          0.00107900 |       0.00046300 |   0.00108781 |        0.00005439 |        0.00002381 |        0.00005190 |        0.00007095 
GRHydro         | Convert back to primitive variables (gen|          0.01290100 |       0.00851200 |   0.01289357 |        0.00064468 |        0.00004544 |        0.00062474 |        0.00065792 
GRHydro         | Reset InLastMoLPostStep to zero         |          0.00020000 |       0.00012700 |   0.00017998 |        0.00000900 |        0.00000470 |        0.00000842 |        0.00001317 
MoL             | If necessary, change the timestep       |          0.00017300 |       0.00011800 |   0.00017128 |        0.00000856 |        0.00000402 |        0.00000818 |        0.00001243 
MoL             | Control the step size                   |          0.00008700 |       0.00006900 |   0.00008766 |        0.00000877 |        0.00000595 |        0.00000806 |        0.00001440 
MoL             | Restoring the Save and Restore variables|          0.00055000 |       0.00040200 |   0.00054745 |        0.00005474 |        0.00001595 |        0.00005127 |        0.00006861 
MoL             | Free storage for scratch levels         |          0.00021100 |       0.00014500 |   0.00021066 |        0.00002107 |        0.00000494 |        0.00002024 |        0.00002571 
GRHydro         | Syncronise the mask function that contai|          0.00087100 |       0.00065400 |   0.00087135 |        0.00008713 |        0.00002181 |        0.00008348 |        0.00010744 
GRHydro         | Calculate divB                          |          0.00050600 |       0.00039800 |   0.00050575 |        0.00005057 |        0.00000521 |        0.00004949 |        0.00005493 
--------------------------------------------------------------------------------------------------------------------------------------------------------------------------------------------------
                | Total time for CCTK_EVOL                |          0.09527700 |       0.06634100 |   0.09514822 |        0.00294582 |        0.00152860 |        0.00273882 |        0.00388064 
==================================================================================================================================================================================================
GRHydro         | Calculate current refinement level (for |          0.00048200 |       0.00039600 |   0.00048196 |        0.00004381 |        0.00001543 |        0.00004107 |        0.00005719 
GRHydro         | Check the mask function that contains th|          0.00049400 |       0.00040500 |   0.00049620 |        0.00004511 |        0.00000596 |        0.00004336 |        0.00004951 
NaNChecker      | Prepare data structures to check for NaN|          0.00010500 |       0.00008900 |   0.00010431 |        0.00000948 |        0.00000465 |        0.00000843 |        0.00001277 
NaNChecker      | Check for NaNs                          |          0.00706000 |       0.00677000 |   0.00705906 |        0.00064173 |        0.00002987 |        0.00062773 |        0.00065534 
NaNChecker      | Count NaNs in NaNChecker::NaNsFound     |          0.00018000 |       0.00017600 |   0.00017702 |        0.00001609 |        0.00001107 |        0.00001362 |        0.00002539 
NaNChecker      | Output NaNChecker::NaNmask and take acti|          0.00032300 |       0.00031100 |   0.00032058 |        0.00002914 |        0.00000486 |        0.00002801 |        0.00003255 
SpaceMask       | Ensure that all mask values are legal   |          0.00039300 |       0.00038700 |   0.00039459 |        0.00003587 |        0.00002142 |        0.00003106 |        0.00005244 
--------------------------------------------------------------------------------------------------------------------------------------------------------------------------------------------------
                | Total time for CCTK_POSTSTEP            |          0.00903700 |       0.00853400 |   0.00903372 |        0.00082125 |        0.00009324 |        0.00079328 |        0.00088519 
==================================================================================================================================================================================================
CarpetIOHDF5    | Evolution checkpoint routine            |          0.00048000 |       0.00047000 |   0.00047789 |        0.00004779 |        0.00001325 |        0.00004399 |        0.00005926 
TimerReport     | Print the timer report                  |          0.00018600 |       0.00017500 |   0.00018704 |        0.00001870 |        0.00001454 |        0.00001696 |        0.00003249 
--------------------------------------------------------------------------------------------------------------------------------------------------------------------------------------------------
                | Total time for CCTK_CHECKPOINT          |          0.00066600 |       0.00064500 |   0.00066494 |        0.00006649 |        0.00002778 |        0.00006096 |        0.00009174 
==================================================================================================================================================================================================
CarpetLib       | Print timing statistics if desired      |          0.00021800 |       0.00018300 |   0.00021556 |        0.00001960 |        0.00001618 |        0.00001714 |        0.00003203 
CarpetLib       | Print memory statistics if desired      |          0.00048600 |       0.00046200 |   0.00048708 |        0.00004428 |        0.00028203 |        0.00001667 |        0.00031316 
LoopControl     | Output LoopControl statistics           |          0.00044200 |       0.00038900 |   0.00043939 |        0.00003994 |        0.00001305 |        0.00003769 |        0.00005097 
SystemStatistics| Collect system statistics               |          0.00129900 |       0.00114900 |   0.00129635 |        0.00011785 |        0.00001764 |        0.00011155 |        0.00012739 
TerminationTrigg| Check elapsed job walltime              |          0.00034400 |       0.00029800 |   0.00034129 |        0.00003103 |        0.00000657 |        0.00002937 |        0.00003521 
TerminationTrigg| Check if we received a termination signa|          0.00034400 |       0.00026900 |   0.00034604 |        0.00003146 |        0.00002588 |        0.00002710 |        0.00005381 
TerminationTrigg| Check termination file                  |          0.00040600 |       0.00031800 |   0.00040685 |        0.00003699 |        0.00000864 |        0.00003520 |        0.00004379 
TimerReport     | Print the timer report                  |          0.00021300 |       0.00014000 |   0.00021266 |        0.00001933 |        0.00001102 |        0.00001743 |        0.00002835 
--------------------------------------------------------------------------------------------------------------------------------------------------------------------------------------------------
                | Total time for CCTK_ANALYSIS            |          0.00375200 |       0.00320800 |   0.00374522 |        0.00034047 |        0.00038100 |        0.00029216 |        0.00068471 
==================================================================================================================================================================================================
CarpetIOHDF5    | Termination checkpoint routine          |          0.00007100 |       0.00000700 |   0.00007093 |        0.00007093 |        0.00000000 |        0.00007093 |        0.00007093 
LoopControl     | Output LoopControl statistics           |          0.00004600 |       0.00000000 |   0.00004489 |        0.00004489 |        0.00000000 |        0.00004489 |        0.00004489 
MoL             | Free the MoL bookkeeping index arrays   |          0.00003900 |       0.00000000 |   0.00003839 |        0.00003839 |        0.00000000 |        0.00003839 |        0.00003839 
TimerReport     | Print the timer report                  |          0.00000000 |       0.00000000 |   0.00000000 |        0.00000000 |        0.00000000 |        0.00000000 |        0.00000000 
--------------------------------------------------------------------------------------------------------------------------------------------------------------------------------------------------
                | Total time for CCTK_TERMINATE           |          0.00015600 |       0.00000700 |   0.00015420 |        0.00015420 |        0.00000000 |        0.00015420 |        0.00015420 
==================================================================================================================================================================================================
--------------------------------------------------------------------------------------------------------------------------------------------------------------------------------------------------
                | Total time for simulation               |          0.14770700 |       0.10547800 |   0.14770339 |        0.14770339 |        0.00000000 |        0.14770339 |        0.14770339 
==================================================================================================================================================================================================
INFO (TimerReport): Top timers at iteration 10 time 0.00176777
======================================================================
    %    Time/s   Min/s   Max/s   Timer (gettimeofday)
======================================================================
100.0   0.147072 0.146436 0.147707   CCTK total time
 93.7   0.137840 0.137570 0.138110   meta mode/meta mode/global mode
 90.3   0.132815 0.132645 0.132985   meta mode/meta mode/global mode/level(0)
 86.6   0.127406 0.127402 0.127409   main/Evolve
 72.8   0.107088 0.107037 0.107139   main/Evolve/CallEvol
 68.2   0.100260 0.100202 0.100318   main/Evolve/CallEvol/CCTK_EVOL
 68.0   0.100026 0.100016 0.100036   [0001] CycleClock: CycleClock_Setup in CCTK_STARTUP
 62.5   0.091925 0.091162 0.092687   main/Evolve/CallEvol/CCTK_EVOL/CallFunction
 45.7   0.067179 0.065882 0.068476   main/Evolve/CallEvol/CCTK_EVOL/CallFunction/thorns
 43.5   0.064048 0.064041 0.064054   meta mode
 30.2   0.044444 0.044431 0.044458   main/CarpetStartup
 29.0   0.042683 0.042647 0.042719   main/CarpetStartup/CarpetLib::gh::regrid
 28.9   0.042431 0.042396 0.042466   main/CarpetStartup/CarpetLib::gh::regrid/CarpetLib::dh::regrid
 17.0   0.025013 0.024958 0.025068   [0166] GRHydro_InitData: GRHydro_Diagshock2D_BoundaryM in CCTK_EVOL
 15.6   0.022994 0.022954 0.023034   main/Evolve/CallEvol/CCTK_EVOL/CallFunction/thorns/GRHydro_Diagshock2D_BoundaryM
 13.2   0.019355 0.019201 0.019510   main/Evolve/CallAnalysis
 13.1   0.019221 0.019201 0.019242   meta mode/meta mode
 10.9   0.016087 0.016084 0.016089   main/Initialise
 10.1   0.014925 0.010868 0.018981   main/Evolve/CallEvol/CCTK_EVOL/CallFunction/thorns/GRHydro_Diagshock2D_BoundaryM/Sync
  9.0   0.013291 0.013264 0.013318   main/CarpetStartup/CarpetLib::gh::regrid/CarpetLib::dh::regrid/test
  8.7   0.012853 0.012802 0.012904   main/CarpetStartup/CarpetLib::gh::regrid/CarpetLib::dh::regrid/buffers
  8.5   0.012507 0.012114 0.012901   [0174] GRHydro: Con2Prim in CCTK_EVOL
  8.4   0.012427 0.012001 0.012853   [0154] GRHydro: Reconstruct in CCTK_EVOL
  8.1   0.011905 0.011498 0.012312   main/Evolve/CallEvol/CCTK_EVOL/CallFunction/thorns/Con2Prim
  7.2   0.010660 0.010230 0.011091   main/Evolve/CallEvol/CCTK_EVOL/CallFunction/thorns/Reconstruct
  5.9   0.008623 0.008566 0.008680   meta mode/meta mode/global mode/level(0)/enter_local_mode
  5.7   0.008377 0.008340 0.008415   main/Evolve/CallAnalysis/CCTK_POSTSTEP
  5.5   0.008109 0.007848 0.008369   [0155] GRHydro: Riemann in CCTK_EVOL
  5.5   0.008070 0.008035 0.008105   main/Evolve/CallAnalysis/CCTK_POSTSTEP/CallFunction
  5.0   0.007371 0.007367 0.007374   main/Initialise/CallInitial
  4.7   0.006894 0.006891 0.006897   main/CarpetStartup/CarpetLib::gh::regrid/CarpetLib::dh::regrid/bcast_comm
  4.7   0.006847 0.006633 0.007060   [0123] NaNChecker: NaNChecker_NaNCheck_Check in CCTK_POSTSTEP
  4.6   0.006816 0.006803 0.006828   main/Evolve/CallAnalysis/CCTK_POSTSTEP/CallFunction/thorns
  4.6   0.006801 0.006308 0.007294   main/Evolve/CallEvol/CCTK_EVOL/CallFunction/syncs
  4.4   0.006413 0.005929 0.006897   main/Evolve/CallEvol/CCTK_EVOL/CallFunction/syncs/Sync
  4.2   0.006115 0.005847 0.006383   main/Evolve/CallEvol/CCTK_EVOL/CallFunction/thorns/Riemann
  4.0   0.005938 0.005739 0.006136   main/Evolve/CallAnalysis/CCTK_POSTSTEP/CallFunction/thorns/NaNChecker_NaNCheck_Check
  3.7   0.005487 0.005303 0.005670   main/Evolve/CallAnalysis/OutputGH
  3.7   0.005448 0.005263 0.005632   main/Evolve/CallAnalysis/OutputGH/OutputGH
  3.4   0.005004 0.001360 0.008647   main/Evolve/CallEvol/CCTK_EVOL/CallFunction/thorns/GRHydro_Diagshock2D_BoundaryM/Sync/comm_state[6].state_do_some_work.step
======================================================================
---------------------------------------------------------------------------------------------------------------------------------------------------------
Time      Time   Imblnc   Timer                                               gettimeof  getrusage      cycle  cycle[avg  cycle[sdv  cycle[min  cycle[max
percent   secs   percent                                                           secs       secs       secs       secs       secs       secs       secs
---------------------------------------------------------------------------------------------------------------------------------------------------------
 100.0%      0.1    0.0%  Evolve                                                 0.1274    0.09214  3.308e+08  3.308e+08          0  3.308e+08  3.308e+08
  15.2%      0.0    0.8%  |_CallAnalysis                                        0.01951    0.01598  5.065e+07  5.065e+06  1.354e+06  4.772e+06  6.201e+06
   2.5%      0.0    1.1%  | |_CCTK_ANALYSIS                                    0.003224   0.002679   8.37e+06   8.37e+05  1.235e+05  8.067e+05  9.319e+05
   2.2%      0.0    1.5%  | | |_CallFunction                                    0.00289   0.002403  7.482e+06  9.353e+04  7.157e+05  3.767e+04  3.248e+05
   1.1%      0.0    4.4%  | | | |_thorns                                       0.001425   0.001202  3.693e+06  4.616e+04  7.532e+05       8892  2.946e+05
   1.2%      0.0          | | | |_untimed
   6.6%      0.0    0.4%  | |_CCTK_POSTSTEP                                     0.00834   0.007817  2.166e+07  2.166e+06  1.002e+05  2.116e+06  2.227e+06
   6.3%      0.0    0.4%  | | |_CallFunction                                   0.008035   0.007554  2.086e+07  2.981e+05  4.659e+06  1.628e+04  1.696e+06
   5.3%      0.0    0.2%  | | | |_thorns                                       0.006803    0.00645  1.766e+07  2.523e+05   4.61e+06       9282  1.636e+06
   4.7%      0.0    3.2%  | | | | |_NaNChecker_NaNCheck_Check                  0.006136   0.005876  1.594e+07  1.594e+06  7.832e+04  1.559e+06  1.629e+06
   4.3%      0.0    3.2%  | |_OutputGH                                          0.00567   0.003678   1.47e+07   1.47e+06  1.274e+06  1.273e+06  2.651e+06
   4.3%      0.0    3.3%  | | |_OutputGH                                       0.005632   0.003657  1.462e+07  1.462e+06  1.272e+06  1.267e+06  2.643e+06
   1.8%      0.0    6.3%  | | | |_IOBasic::CarpetIOBasic [5]                   0.002444   0.001469  6.361e+06  6.361e+05   4.03e+04  6.204e+05  6.554e+05
   1.8%      0.0    6.4%  | | | | |_OutputGH                                   0.002413    0.00145  6.276e+06  6.276e+05  3.943e+04  6.131e+05  6.479e+05
   1.2%      0.0          | |_untimed
  84.1%      0.1    0.0%  |_CallEvol                                             0.1071    0.07562  2.781e+08  2.781e+07  4.434e+06  2.718e+07    3.2e+07
  78.7%      0.1    0.1%  | |_CCTK_EVOL                                          0.1003    0.07034  2.604e+08  2.604e+07  4.164e+06  2.546e+07  2.998e+07
  72.1%      0.1    0.8%  | | |_CallFunction                                    0.09269    0.06454  2.407e+08  2.249e+05  1.022e+07  1.526e+04  1.702e+06
   5.3%      0.0    6.8%  | | | |_syncs                                        0.006308   0.004183  1.637e+07  2.339e+05  1.208e+06  9.521e+04  1.096e+06
   5.0%      0.0    7.0%  | | | | |_Sync                                       0.005929   0.003924  1.538e+07  2.198e+05  1.192e+06  8.437e+04  1.077e+06
   1.1%      0.0    0.4%  | | | | | |_comm_state[3].state_fill_send_buffers.    0.00141    0.00091  3.683e+06  5.262e+04  2.941e+05       9516  1.399e+05
   1.3%      0.0   21.9%  | | | | | |_comm_state[6].state_do_some_work.step    0.001148   0.000826  3.019e+06  4.312e+04  7.202e+05  1.277e+04   7.38e+05
  52.7%      0.1    1.9%  | | | |_thorns                                        0.06848    0.04743  1.776e+08   1.66e+05  9.869e+06       9178   1.64e+06
   1.5%      0.0    1.6%  | | | | |_Boundary_ApplyPhysicalBCs                  0.001901   0.001468   4.96e+06  7.085e+04  7.897e+05       9906  2.703e+05
   9.3%      0.0    3.3%  | | | | |_Con2Prim                                    0.01231   0.008173  3.199e+07  1.599e+06  1.289e+05  1.522e+06  1.632e+06
   1.3%      0.0    2.7%  | | | | |_GRHydro_CalcBcom                           0.001728   0.000777  4.507e+06  2.254e+05  5.816e+04    2.2e+05  2.816e+05
  18.0%      0.0    0.2%  | | | | |_GRHydro_Diagshock2D_BoundaryM               0.02303    0.01252  5.984e+07  8.549e+05  3.395e+05  7.839e+05  9.959e+05
  11.7%      0.0   21.4%  | | | | | |_Sync                                      0.01087   0.005892  2.807e+07  2.005e+05  2.541e+05  1.752e+05  3.141e+05
   2.2%      0.0    7.9%  | | | | | | |_comm_state[3].state_fill_send_buffer   0.002615   0.001431   6.88e+06  4.914e+04  1.407e+05  3.682e+04  9.935e+04
   3.9%      0.0   42.1%  | | | | | | |_comm_state[6].state_do_some_work.ste    0.00136   0.000756  3.581e+06  2.558e+04   4.82e+04  2.067e+04  5.192e+04
   1.5%      0.0    3.9%  | | | | | | |_comm_state[7].state_empty_recv_buffe   0.001886   0.001035  4.949e+06  3.535e+04  3.096e+04  3.388e+04  6.461e+04
   1.7%      0.0          | | | | | | |_untimed
   6.2%      0.0          | | | | | |_untimed
   8.4%      0.0    3.9%  | | | | |_Reconstruct                                 0.01109    0.00983   2.89e+07  4.816e+05  2.494e+05  4.456e+05  5.865e+05
   4.8%      0.0    4.2%  | | | | |_Riemann                                    0.006383   0.005799  1.665e+07  2.775e+05  1.301e+05  2.598e+05  3.402e+05
   2.4%      0.0          | | | | |_untimed
  14.1%      0.0          | | | |_untimed
   6.4%      0.0          | | |_untimed
   2.0%      0.0    0.1%  | |_CCTK_PRESTEP                                     0.002495   0.001983  6.472e+06  6.472e+05  1.559e+05  6.194e+05   7.92e+05
   1.7%      0.0    0.3%  | | |_CallFunction                                   0.002185    0.00173   5.66e+06  8.085e+04  1.854e+05   3.91e+04  1.231e+05
   2.9%      0.0    0.1%  | |_Poison                                           0.003713   0.002837  9.645e+06  9.645e+05  1.153e+05  9.196e+05  1.037e+06
---------------------------------------------------------------------------------------------------------------------------------------------------------
---------------------------------------------------------------------------------------------------------------------------------------------------------
Time      Time   Imblnc   Timer                                               gettimeof  getrusage      cycle  cycle[avg  cycle[sdv  cycle[min  cycle[max
percent   secs   percent                                                           secs       secs       secs       secs       secs       secs       secs
---------------------------------------------------------------------------------------------------------------------------------------------------------
 100.0%      0.2    0.0%  meta mode                                              0.1977     0.1474  5.132e+08  8.553e+07  3.226e+08  1.045e+04  3.469e+08
  77.3%      0.2    0.0%  |_meta mode                                            0.1528     0.1097  3.968e+08  6.613e+07  3.108e+08  1.063e+04  3.469e+08
  71.5%      0.1    1.0%  | |_global mode                                        0.1429      0.102  3.709e+08  4.945e+06  7.516e+07  5.569e+04  3.011e+07
  67.2%      0.1    0.1%  | | |_level(0)                                          0.133    0.09507  3.453e+08  1.233e+06  8.123e+07       4576  3.002e+07
   4.4%      0.0    0.7%  | | | |_enter_local_mode                             0.008566   0.006271  2.234e+07  1.887e+04  2.304e+05       2860  7.608e+04
   1.2%      0.0    0.3%  | | | |_enter_singlemap_mode                         0.002463    0.00175  6.279e+06       5299  6.495e+04       2912  4.742e+04
   2.2%      0.0    0.4%  | | | |_leave_local_mode                             0.004434   0.003297   1.16e+07       9792  1.447e+05       2860  6.027e+04
   1.2%      0.0    0.4%  | | | |_leave_singlemap_mode                         0.002363    0.00178  6.256e+06       5275    7.9e+04       2860  5.403e+04
  58.2%      0.1          | | | |_untimed
   3.8%      0.0          | | |_untimed
   4.9%      0.0          | |_untimed
  22.7%      0.0          | untimed
---------------------------------------------------------------------------------------------------------------------------------------------------------
--------------------------------------------------------------------------------
Done.
+ echo Stopping:
Stopping:
+ date
Mon Sep  7 21:24:10 UTC 2026
+ echo Done.
Done.
  Elapsed time: 1.0 s
