/home/runner/simulations/TestJob01_temp_2/output-0000/TEST/sim/GRHydro
Preparing:
+ set -e
+ cd output-0000-active
+ echo Checking:
Checking:
+ pwd
/home/runner/simulations/TestJob01_temp_2/output-0000/TEST/sim/GRHydro/output-0000-active
+ hostname
runnervmmprz5
+ date
Fri Oct  9 02:14:40 UTC 2026
+ echo Environment:
Environment:
+ export CACTUS_NUM_PROCS=2
+ CACTUS_NUM_PROCS=2
+ export CACTUS_NUM_THREADS=1
+ CACTUS_NUM_THREADS=1
+ export GMON_OUT_PREFIX=gmon.out
+ GMON_OUT_PREFIX=gmon.out
+ export OMP_NUM_THREADS=1
+ OMP_NUM_THREADS=1
+ env
+ sort
+ echo Starting:
Starting:
++ date +%s
+ export CACTUS_STARTTIME=1791512080
+ CACTUS_STARTTIME=1791512080
+ '[' 2 = 1 ']'
+ mpirun -np 2 /home/runner/simulations/TestJob01_temp_2/SIMFACTORY/exe/cactus_sim -L 3 /home/runner/simulations/TestJob01_temp_2/output-0000/arrangements/EinsteinEvolve/GRHydro/test/balsara2_2d.par
INFO (Cactus): Increased logging level from 0 to 3
--------------------------------------------------------------------------------

       10                                  
  1   0101       ************************  
  01  1010 10      The Cactus Code V4.20.0    
 1010 1101 011      www.cactuscode.org     
  1001 100101    ************************  
    00010101                               
     100011     (c) Copyright The Authors  
      0100      GNU Licensed. No Warranty  
      0101                                 
--------------------------------------------------------------------------------

Cactus version:    4.20.0
Compile date:      Oct 09 2026 (01:42:05)
Run date:          Oct 09 2026 (02:14:41+0000)
Run host:          runnervmmprz5.ywk1ih4da4xu3m2ljf0f0mebkf.cx.internal.cloudapp.net (pid=175591)
Working directory: /home/runner/simulations/TestJob01_temp_2/output-0000/TEST/sim/GRHydro
Executable:        /home/runner/simulations/TestJob01_temp_2/SIMFACTORY/exe/cactus_sim
Parameter file:    /home/runner/simulations/TestJob01_temp_2/output-0000/arrangements/EinsteinEvolve/GRHydro/test/balsara2_2d.par
--------------------------------------------------------------------------------

Activating thorn Cactus...Success -> active implementation Cactus
Activation requested for 
--->Boundary CartGrid3D CoordBase Fortran InitBase IOUtil LocalReduce SymBase Time AEILocalInterp LocalInterp MoL Slab SpaceMask Carpet CarpetInterp CarpetIOASCII CarpetIOHDF5 CarpetIOScalar CarpetLib CarpetIOBasic CarpetReduce CarpetSlab LoopControl NaNChecker TerminationTrigger TimerReport ADMbase ADMmacros CoordGauge StaticConformal Constants TmunuBase HydroBase EOS_Omni GRHydro GRHydro_InitData HDF5 SystemStatistics<---
Thorn Carpet requests automatic activation of MPI
Thorn Carpet requests automatic activation of Timers
Thorn CarpetLib requests automatic activation of Vectors
Thorn CarpetLib requests automatic activation of Boost
Thorn CarpetLib requests automatic activation of CycleClock
Thorn GRHydro requests automatic activation of EOS_Polytrope
Thorn HDF5 requests automatic activation of zlib
Thorn LoopControl requests automatic activation of hwloc
Thorn EOS_Polytrope requests automatic activation of EOS_Base
Activating thorn ADMbase...Success -> active implementation ADMBase
Activating thorn ADMmacros...Success -> active implementation ADMMacros
Activating thorn AEILocalInterp...Success -> active implementation AEILocalInterp
Activating thorn Boost...Success -> active implementation Boost
Activating thorn Boundary...Success -> active implementation boundary
Activating thorn Carpet...Success -> active implementation Driver
Activating thorn CarpetInterp...Success -> active implementation interp
Activating thorn CarpetIOASCII...Success -> active implementation IOASCII
Activating thorn CarpetIOBasic...Success -> active implementation IOBasic
Activating thorn CarpetIOHDF5...Success -> active implementation IOHDF5
Activating thorn CarpetIOScalar...Success -> active implementation IOScalar
Activating thorn CarpetLib...Success -> active implementation CarpetLib
Activating thorn CarpetReduce...Success -> active implementation reduce
Activating thorn CarpetSlab...Success -> active implementation Hyperslab
Activating thorn CartGrid3D...Success -> active implementation grid
Activating thorn Constants...Success -> active implementation Constants
Activating thorn CoordBase...Success -> active implementation CoordBase
Activating thorn CoordGauge...Success -> active implementation CoordGauge
Activating thorn CycleClock...Success -> active implementation CycleClock
Activating thorn EOS_Base...Success -> active implementation EOS_Base
Activating thorn EOS_Omni...Success -> active implementation EOS_Omni
Activating thorn EOS_Polytrope...Success -> active implementation EOS_2d_Polytrope
Activating thorn Fortran...Success -> active implementation Fortran
Activating thorn GRHydro...Success -> active implementation GRHydro
Activating thorn GRHydro_InitData...Success -> active implementation GRHydro_init_data
Activating thorn HDF5...Success -> active implementation HDF5
Activating thorn hwloc...Success -> active implementation hwloc
Activating thorn HydroBase...Success -> active implementation HydroBase
Activating thorn InitBase...Success -> active implementation InitBase
Activating thorn IOUtil...Success -> active implementation IO
Activating thorn LocalInterp...Success -> active implementation LocalInterp
Activating thorn LocalReduce...Success -> active implementation LocalReduce
Activating thorn LoopControl...Success -> active implementation LoopControl
Activating thorn MoL...Success -> active implementation MethodOfLines
Activating thorn MPI...Success -> active implementation MPI
Activating thorn NaNChecker...Success -> active implementation NaNChecker
Activating thorn Slab...Success -> active implementation Slab
Activating thorn SpaceMask...Success -> active implementation SpaceMask
Activating thorn StaticConformal...Success -> active implementation StaticConformal
Activating thorn SymBase...Success -> active implementation SymBase
Activating thorn SystemStatistics...Success -> active implementation SystemStatistics
Activating thorn TerminationTrigger...Success -> active implementation TerminationTrigger
Activating thorn Time...Success -> active implementation time
Activating thorn TimerReport...Success -> active implementation timerreport
Activating thorn Timers...Success -> active implementation Timers
Activating thorn TmunuBase...Success -> active implementation TmunuBase
Activating thorn Vectors...Success -> active implementation Vectors
Activating thorn zlib...Success -> active implementation zlib
--------------------------------------------------------------------------------
  if (recover initial data)
    Recover parameters
  endif

  Startup routines
    [CCTK_STARTUP]
      Carpet::MultiModel_Startup: Multi-model Startup routine
      CycleClock::CycleClock_Setup: Set up CycleClock
      LoopControl::LC_setup: Set up LoopControl
      Timers::Timer_Startup: Prepare hierarchical timers
      Carpet::Driver_Startup: Startup routine
      IOUtil::IOUtil_Startup: Startup routine
      CarpetIOScalar::CarpetIOScalarStartup: [global] Startup routine
      CarpetInterp::CarpetInterpStartup: Startup routine
      CarpetReduce::CarpetReduceStartup: Startup routine
      CartGrid3D::SymmetryStartup: Register GH Extension for GridSymmetry
      CoordBase::CoordBase_Startup: Register a GH extension to store the coordinate system handles
      AEILocalInterp::AEILocalInterp_U_Startup: register CCTK_InterpLocalUniform() interpolation operators
      EOS_Omni::EOS_Omni_Startup: [global] Set up conversion factors and other fun stuff
      EOS_Polytrope::EOS_Polytrope_Startup: Setup the polytropic EOS
      GRHydro::GRHydro_Startup: Startup banner
      GRHydro::GRHydro_RegisterMask: Register the hydro masks
      HydroBase::HydroBase_StartUp: Startup banner
      CarpetIOASCII::CarpetIOASCIIStartup: [global] Startup routine
      LocalInterp::LocalInterp_Startup: register LocalInterp's interpolation operators
      LocalReduce::LocalReduce_Startup: Startup routine
      CarpetIOBasic::CarpetIOBasicStartup: [global] Startup routine
      MoL::MoL_Startup: Startup banner
      Slab::Slab_InitMPIDatatypes: Create MPI datatypes for complex variables in C
      SymBase::SymBase_Startup: Register GH Extension for SymBase
      TerminationTrigger::TerminationTrigger_StartSignalHandler: Start signal handler
      CarpetIOHDF5::CarpetIOHDF5_Startup: Startup routine
      Vectors::Vectors_Startup: Print startup message
      GROUP hwloc_startup: hwloc startup group
        hwloc::hwloc_version: Output hwloc version

  Startup routines which need an existing grid hierarchy
    [CCTK_WRAGH]
      ADMBase::Einstein_InitSymBound: [global] Set up GF symmetries
      Boundary::Boundary_RegisterBCs: [global] Register boundary conditions that this thorn provides
      CartGrid3D::RegisterCartGrid3DCoords: [meta] Register coordinates for the Cartesian grid
      CoordGauge::Einstein_ActivateSlicing: Initialize slicing, setup priorities for mixed slicings
      CoordGauge::Einstein_SetNextSlicing: Identify the slicing for the next iteration
      GRHydro::GRHydro_ClearLastMoLPostStep: [global] Initialize InLastMoLPostStep to zero
      MoL::MoL_SetupIndexArrays: Set up the MoL bookkeeping index arrays
      MoL::MoL_SetScheduleStatus: [global] Set the flag so it is ok to register with MoL
      TmunuBase::TmunuBase_SetStressEnergyState: [global] Set the stress_energy_state variable
      GROUP MoL_Register: The group where physics thorns register variables with MoL
        GRHydro::GRHydro_Register: Register variables for MoL
      Slab::Slab_InitTimers: Initialise timers
      SpaceMask::MaskSym: [global] Set grid symmetries for mask
      SpaceMask::MaskSym_emask: [global] Set grid symmetries for emask (compatibility mode)
      GROUP SymBase_Wrapper: Wrapper group for SymBase
        GROUP SymmetryRegister: Register your symmetries here
          CartGrid3D::CartGrid3D_RegisterSymmetryBoundaries: [meta] Register symmetry boundaries
        SymBase::SymBase_Statistics: Print symmetry boundary face descriptions
      MoL::MoL_ReportNumberVariables: [meta] Report how many of each type of variable there are
  Parameter checking routines
    [CCTK_PARAMCHECK]
      ADMBase::ADMBase_ParamCheck: [global] Check consistency of parameters
      Boundary::Boundary_Check: Check dimension of grid variables
      Carpet::CarpetParamCheck: Parameter checking routine
      CarpetLib::CarpetLib_test_prolongate_3d_rf2: [global] Test prolongation operators
      CartGrid3D::ParamCheck_CartGrid3D: Check coordinates for CartGrid3D
      Fortran::CheckFortranParameters: Test whether Fortran parameters work correctly
      GRHydro::GRHydro_ParamCheck: Check parameters
      GRHydro_InitData::GRHydro_InitData_CheckParameters: Check parameters
      MoL::MoL_ParamCheck: Basic parameter checking
      TerminationTrigger::TerminationTrigger_ParamCheck: Check consitency of parameters
      TmunuBase::TmunuBase_ParamCheck: [global] Check that no deprecated parameters are used.
      Vectors::Vectors_Test: Run correctness tests.

  Initialisation
    if (NOT (recover initial data AND recovery_mode is 'strict'))
      [CCTK_PREREGRIDINITIAL]
      Set up grid hierarchy
      [CCTK_POSTREGRIDINITIAL]
        CartGrid3D::SpatialCoordinates: Set Coordinates after regridding
        GROUP MaskBase_SetupMask: Set up the weight function
          GROUP MaskBase_SetupMaskAll: Set up the weight function
            CarpetReduce::MaskBase_AllocateMask: [global] Allocate the weight function
            CarpetReduce::MaskBase_InitMask: [global] [loop-local] Initialise the weight function
            GROUP SetupIMaskInternal: Set up the integer weight function (schedule other routines in here)
              CarpetReduce::CoordBase_SetupMask: [global] [loop-local] Set up the outer boundaries of the weight function
              CarpetReduce::CarpetMaskSetup: [global] [loop-singlemap] Set up the weight function for the restriction regions
            GROUP SetupIMask: Set up the integer weight function (schedule other routines in here)
            CarpetReduce::MaskBase_SetMask: [global] [loop-local] Set the weight function
            GROUP SetupMask: Set up the real weight function (schedule other routines in here)
            CarpetReduce::MaskBase_TestMask: [global] Test the weight function
        SpaceMask::MaskZero: Initialise mask to zero
        GRHydro::GRHydro_RefinementLevel: Calculate current refinement level
        GROUP HydroBase_ExcisionMaskSetup: Set up hydro excision mask
          HydroBase::HydroBase_InitExcisionMask: Initialize hydro excision mask to 'no excision everywhere'
        GROUP MoL_PseudoEvolutionBoundaries: Apply boundary conditions to pseudo-evolved quantities
        SpaceMask::MaskOne: Set mask to one
        GRHydro::GRHydro_SetupMask: Initialize the atmosphere mask
      [CCTK_BASEGRID]
        ADMBase::ADMBase_SetShiftStateOn: Set the shift_state variable to 1
        ADMBase::ADMBase_SetDtLapseStateOff: Set the dtlapse_state variable to 0
        ADMBase::ADMBase_SetDtShiftStateOff: Set the dtshift_state variable to 0
        ADMMacros::ADMMacros_SetLocalSpatialOrder: Initialize the local_spatial_order
        CartGrid3D::SpatialSpacings: Set up ranges for spatial 3D Cartesian coordinates (on all grids)
        CartGrid3D::SpatialCoordinates: Set up spatial 3D Cartesian coordinates on the GH
        GROUP MaskBase_SetupMask: Set up the weight function
          GROUP MaskBase_SetupMaskAll: Set up the weight function
            CarpetReduce::MaskBase_AllocateMask: [global] Allocate the weight function
            CarpetReduce::MaskBase_InitMask: [global] [loop-local] Initialise the weight function
            GROUP SetupIMaskInternal: Set up the integer weight function (schedule other routines in here)
              CarpetReduce::CoordBase_SetupMask: [global] [loop-local] Set up the outer boundaries of the weight function
              CarpetReduce::CarpetMaskSetup: [global] [loop-singlemap] Set up the weight function for the restriction regions
            GROUP SetupIMask: Set up the integer weight function (schedule other routines in here)
            CarpetReduce::MaskBase_SetMask: [global] [loop-local] Set the weight function
            GROUP SetupMask: Set up the real weight function (schedule other routines in here)
            CarpetReduce::MaskBase_TestMask: [global] Test the weight function
        GRHydro::GRHydro_Reset_Execution_Flags: [global] Initially set execution flags to 'YEAH, Execute'!
        GRHydro::GRHydro_InitSymBound: Schedule symmetries and check shift state
        GRHydro::reset_GRHydro_C2P_failed: Initialise the mask function that contains the points where C2P has failed (at BASEGRID)
        NaNChecker::NaNChecker_ResetCounter: [global] Reset the NaNChecker::NaNsFound counter
        SpaceMask::MaskZero: Initialise mask to zero
        SpaceMask::MaskOne: Set old style mask to one
        SymBase::SymBase_Check: Check whether the driver set up the grid consistently
        TerminationTrigger::TerminationTrigger_ResetTrigger: Clear trigger state
        TerminationTrigger::TerminationTrigger_StartTimer: Start timer
        TerminationTrigger::TerminationTrigger_CreateFile: Create termination file
        Time::Time_Initialise: [global] Initialise Time variables
        Time::TemporalSpacings: [singlemap] Set timestep based on Courant condition (courant_static)
      [CCTK_INITIAL]
        StaticConformal::StaticConformal_InitialiseState: Set the conformal_state variable to 0
        GROUP ADMBase_InitialData: Schedule group for calculating ADM initial data
          ADMBase::ADMBase_CartesianMinkowski: Set the metric and extrinsic curvature to cartesian minkowski values
        GRHydro::GRHydro_EOSHandle: [global] Set the EOS number
        CarpetIOASCII::CarpetIOASCIIInit: [global] Initialisation routine
        CarpetIOBasic::CarpetIOBasicInit: [global] Initialisation routine
        CarpetIOHDF5::CarpetIOHDF5_Init: [global] Initialisation routine
        CarpetIOScalar::CarpetIOScalarInit: [global] Initialisation routine
        GRHydro::GRHydro_Rho_Minima_Setup: Set up minimum for the rest-mass density in the atmosphere (before intial data)
        GRHydro::GRHydro_SetupMask: Initialize the atmosphere mask
        GRHydro::GRHydro_RefinementLevel: Calculate current refinement level
        GROUP ADMBase_InitialGauge: Schedule group for the ADM initial gauge condition
          ADMBase::ADMBase_LapseOne: Set the lapse to 1 at all points
          ADMBase::ADMBase_ShiftZero: Set the shift to 0 at all points
        GROUP HydroBase_Initial: HydroBase initial data group
          GROUP GRHydro_Initial: GRHydro initial data group
          GRHydro::GRHydro_DivBInit: Set divB initially to zero
          GRHydro_InitData::GRHydro_shocktubeM: Shocktube initial data - MHD version
          GROUP HydroBase_ExcisionMaskSetup: Set up hydro excision mask
            HydroBase::HydroBase_InitExcisionMask: Initialize hydro excision mask to 'no excision everywhere'
        GROUP ADMBase_PostInitial: Schedule group for modifying the ADM initial data, such as e.g. adding noise
        GRHydro::GRHydro_SqrtSpatialDeterminant: Calculate sdetg
        GRHydro::GRHydro_InitialAtmosphereReset: Use mask to enforce atmosphere at initial time
        MoL::MoL_StartLoop: [level] Initialise the step size control
        GROUP HydroBase_Prim2ConInitial: Recover the conservative variables from the primitive variables
          GRHydro::Primitive2ConservativeCellsM: Convert initial data given in primive variables to conserved variables - MHD version
      [CCTK_POSTINITIAL]
        CarpetIOHDF5::CarpetIOHDF5_CloseFiles: [global] Close all filereader input files
        GRHydro::GRHydro_Scalar_Setup: Set up and check scalars for efficiency
        GROUP MoL_PostStepModify: The group for physics thorns to schedule enforcing constraints
        GROUP MoL_PostStep: Ensure that everything is correct after the initial data have been set up
          ADMBase::ADMBase_Boundaries: [level] Select ADMBase boundary conditions - may be required for mesh refinement
          GROUP ADMBase_ApplyBCs: Apply the boundary conditions of ADMBase
            GROUP BoundaryConditions: Execute all boundary conditions
              Boundary::Boundary_ApplyPhysicalBCs: Apply all requested local physical boundary conditions
              CartGrid3D::CartGrid3D_ApplyBC: Apply symmetry boundary conditions
            Boundary::Boundary_ClearSelection: [level] Unselect all grid variables for boundary conditions
            GRHydro_InitData::GRHydro_Diagshock2D_BoundaryM: 2-D Diagonal shock boundary conditions
          GROUP ADMBase_SetADMVars: Set the ADM variables before this group, and use them afterwards
          GRHydro::GRHydro_RefinementLevel: Calculate current refinement level
          GRHydro::GRHydro_SetLastMoLPostStep: [level] Set grid scalar InLastMoLPostStep if this is the last MoL PostStep call
          GROUP HydroBase_PostStep: Post step tasks for hydro thorns
            GROUP GRHydro_PostStep: Post step tasks for GRHydro
            GROUP GRHydro_AtmosphereMaskBoundaries: Apply boundary conditions to primitives
              GRHydro::GRHydro_SelectAtmosphereMaskBoundaries: [level] Select atmosphere mask for boundary conditions
              GROUP GRHydro_ApplyAtmosphereMaskBCs: Apply boundary conditions to real-valued atmosphere mask
                GROUP BoundaryConditions: Execute all boundary conditions
                  Boundary::Boundary_ApplyPhysicalBCs: Apply all requested local physical boundary conditions
                  CartGrid3D::CartGrid3D_ApplyBC: Apply symmetry boundary conditions
                Boundary::Boundary_ClearSelection: [level] Unselect all grid variables for boundary conditions
                GRHydro_InitData::GRHydro_Diagshock2D_BoundaryM: 2-D Diagonal shock boundary conditions
            GRHydro::GRHydroPostSyncAtmosphereMask: Set integer atmosphere mask from synchronized real atmosphere mask
            if (GRHydro::InLastMoLPostStep)
              GRHydro::GRHydro_AtmosphereResetM: Reset the atmosphere - MHD version
            GRHydro::GRHydro_CalcBcom: Compute comoving magnetic field, pressure, etc...
            GROUP HydroBase_Boundaries: HydroBase-internal Boundary conditions group
              GROUP Do_GRHydro_Boundaries: GRHydro Boundary conditions group
              GROUP HydroBase_Select_Boundaries: Group to schedule the boundary condition functions
                if (GRHydro::execute_MoL_PostStep)
                  GRHydro::GRHydro_Bound: [level] Select GRHydro boundary conditions
              GROUP HydroBase_ApplyBCs: Apply the boundary conditions of HydroBase
                GROUP BoundaryConditions: Execute all boundary conditions
                  Boundary::Boundary_ApplyPhysicalBCs: Apply all requested local physical boundary conditions
                  CartGrid3D::CartGrid3D_ApplyBC: Apply symmetry boundary conditions
                Boundary::Boundary_ClearSelection: [level] Unselect all grid variables for boundary conditions
                GRHydro_InitData::GRHydro_Diagshock2D_BoundaryM: 2-D Diagonal shock boundary conditions
            GROUP HydroBase_Con2Prim: Convert from conservative to primitive variables
              if (GRHydro::execute_MoL_Step)
                GRHydro::GRHydro_SqrtSpatialDeterminant: Calculate sdetg
              if (GRHydro::execute_MoL_PostStep)
                GRHydro::Con2Prim: Convert back to primitive variables (general) - MHD version
        GROUP MoL_PseudoEvolution: Calculate pseudo-evolved quantities
          GROUP ADMBase_SetADMVars: Set the ADM variables before this group, and use them afterwards
          GROUP GRHydroAnalysis: Calculate analysis quantities
            GRHydro::GRHydro_CalcDivB: Calculate divB
            GROUP GRHydro_ApplyDivBBCs: Apply boundary conditions to divB
              GROUP BoundaryConditions: Execute all boundary conditions
                Boundary::Boundary_ApplyPhysicalBCs: Apply all requested local physical boundary conditions
                CartGrid3D::CartGrid3D_ApplyBC: Apply symmetry boundary conditions
              Boundary::Boundary_ClearSelection: [level] Unselect all grid variables for boundary conditions
              GRHydro_InitData::GRHydro_Diagshock2D_BoundaryM: 2-D Diagonal shock boundary conditions
      Initialise finer grids recursively
      Restrict from finer grids
      [CCTK_POSTRESTRICTINITIAL]
        GROUP MoL_PostStep: Ensure that everything is correct after restriction
          ADMBase::ADMBase_Boundaries: [level] Select ADMBase boundary conditions - may be required for mesh refinement
          GROUP ADMBase_ApplyBCs: Apply the boundary conditions of ADMBase
            GROUP BoundaryConditions: Execute all boundary conditions
              Boundary::Boundary_ApplyPhysicalBCs: Apply all requested local physical boundary conditions
              CartGrid3D::CartGrid3D_ApplyBC: Apply symmetry boundary conditions
            Boundary::Boundary_ClearSelection: [level] Unselect all grid variables for boundary conditions
            GRHydro_InitData::GRHydro_Diagshock2D_BoundaryM: 2-D Diagonal shock boundary conditions
          GROUP ADMBase_SetADMVars: Set the ADM variables before this group, and use them afterwards
          GRHydro::GRHydro_RefinementLevel: Calculate current refinement level
          GRHydro::GRHydro_SetLastMoLPostStep: [level] Set grid scalar InLastMoLPostStep if this is the last MoL PostStep call
          GROUP HydroBase_PostStep: Post step tasks for hydro thorns
            GROUP GRHydro_PostStep: Post step tasks for GRHydro
            GROUP GRHydro_AtmosphereMaskBoundaries: Apply boundary conditions to primitives
              GRHydro::GRHydro_SelectAtmosphereMaskBoundaries: [level] Select atmosphere mask for boundary conditions
              GROUP GRHydro_ApplyAtmosphereMaskBCs: Apply boundary conditions to real-valued atmosphere mask
                GROUP BoundaryConditions: Execute all boundary conditions
                  Boundary::Boundary_ApplyPhysicalBCs: Apply all requested local physical boundary conditions
                  CartGrid3D::CartGrid3D_ApplyBC: Apply symmetry boundary conditions
                Boundary::Boundary_ClearSelection: [level] Unselect all grid variables for boundary conditions
                GRHydro_InitData::GRHydro_Diagshock2D_BoundaryM: 2-D Diagonal shock boundary conditions
            GRHydro::GRHydroPostSyncAtmosphereMask: Set integer atmosphere mask from synchronized real atmosphere mask
            if (GRHydro::InLastMoLPostStep)
              GRHydro::GRHydro_AtmosphereResetM: Reset the atmosphere - MHD version
            GRHydro::GRHydro_CalcBcom: Compute comoving magnetic field, pressure, etc...
            GROUP HydroBase_Boundaries: HydroBase-internal Boundary conditions group
              GROUP Do_GRHydro_Boundaries: GRHydro Boundary conditions group
              GROUP HydroBase_Select_Boundaries: Group to schedule the boundary condition functions
                if (GRHydro::execute_MoL_PostStep)
                  GRHydro::GRHydro_Bound: [level] Select GRHydro boundary conditions
              GROUP HydroBase_ApplyBCs: Apply the boundary conditions of HydroBase
                GROUP BoundaryConditions: Execute all boundary conditions
                  Boundary::Boundary_ApplyPhysicalBCs: Apply all requested local physical boundary conditions
                  CartGrid3D::CartGrid3D_ApplyBC: Apply symmetry boundary conditions
                Boundary::Boundary_ClearSelection: [level] Unselect all grid variables for boundary conditions
                GRHydro_InitData::GRHydro_Diagshock2D_BoundaryM: 2-D Diagonal shock boundary conditions
            GROUP HydroBase_Con2Prim: Convert from conservative to primitive variables
              if (GRHydro::execute_MoL_Step)
                GRHydro::GRHydro_SqrtSpatialDeterminant: Calculate sdetg
              if (GRHydro::execute_MoL_PostStep)
                GRHydro::Con2Prim: Convert back to primitive variables (general) - MHD version
        GROUP MoL_PseudoEvolutionBoundaries: Apply boundary conditions to pseudo-evolved quantities
      [CCTK_POSTPOSTINITIAL]
        GRHydro::GRHydro_Rho_Minima_Setup_Final: Set the value of the rest-mass density of the atmosphere which will be used during the evolution
        GRHydro::GRHydro_InitialAtmosphereResetM: Use mask to enforce atmosphere at initial time
        GROUP Con2Prim: Convert from conservative to primitive variables (might be redundant)
          if (GRHydro::execute_MoL_Step)
            GRHydro::GRHydro_SqrtSpatialDeterminant: Calculate sdetg
          if (GRHydro::execute_MoL_PostStep)
            GRHydro::Con2Prim: Convert back to primitive variables (general) - MHD version
        GROUP SetTmunu: Calculate the stress-energy tensor
        GROUP ADMConstraintsGroup: Evaluate ADM constraints, and perform symmetry boundary conditions
      [CCTK_POSTSTEP]
        GRHydro::GRHydro_RefinementLevel: Calculate current refinement level (for the check of the C2P mask)
        GRHydro::check_GRHydro_C2P_failed: Check the mask function that contains the points where C2P has failed and report an error in case a failure is found
        GROUP HydroBase_ExcisionHasBeenSet: Group to schedule thorns changing the mask before and thorns using the mask after
        GROUP zzz_NaNChecker_NaNCheck: Check for NaNs and count them in NaNChecker::NaNsFound
          NaNChecker::NaNChecker_NaNCheck_Prepare: [level] Prepare data structures to check for NaNs
          NaNChecker::NaNChecker_NaNCheck_Check: [local] Check for NaNs
          NaNChecker::NaNChecker_NaNCheck_Finish: [level] Count NaNs in NaNChecker::NaNsFound
        NaNChecker::NaNChecker_TakeAction: [global] [loop-level] Output NaNChecker::NaNmask and take action according to NaNChecker::action_if_found
        SpaceMask::CheckMask: Ensure that all mask values are legal
    endif
    if (recover initial data)
      [CCTK_BASEGRID]
        ADMBase::ADMBase_SetShiftStateOn: Set the shift_state variable to 1
        ADMBase::ADMBase_SetDtLapseStateOff: Set the dtlapse_state variable to 0
        ADMBase::ADMBase_SetDtShiftStateOff: Set the dtshift_state variable to 0
        ADMMacros::ADMMacros_SetLocalSpatialOrder: Initialize the local_spatial_order
        CartGrid3D::SpatialSpacings: Set up ranges for spatial 3D Cartesian coordinates (on all grids)
        CartGrid3D::SpatialCoordinates: Set up spatial 3D Cartesian coordinates on the GH
        GROUP MaskBase_SetupMask: Set up the weight function
          GROUP MaskBase_SetupMaskAll: Set up the weight function
            CarpetReduce::MaskBase_AllocateMask: [global] Allocate the weight function
            CarpetReduce::MaskBase_InitMask: [global] [loop-local] Initialise the weight function
            GROUP SetupIMaskInternal: Set up the integer weight function (schedule other routines in here)
              CarpetReduce::CoordBase_SetupMask: [global] [loop-local] Set up the outer boundaries of the weight function
              CarpetReduce::CarpetMaskSetup: [global] [loop-singlemap] Set up the weight function for the restriction regions
            GROUP SetupIMask: Set up the integer weight function (schedule other routines in here)
            CarpetReduce::MaskBase_SetMask: [global] [loop-local] Set the weight function
            GROUP SetupMask: Set up the real weight function (schedule other routines in here)
            CarpetReduce::MaskBase_TestMask: [global] Test the weight function
        GRHydro::GRHydro_Reset_Execution_Flags: [global] Initially set execution flags to 'YEAH, Execute'!
        GRHydro::GRHydro_InitSymBound: Schedule symmetries and check shift state
        GRHydro::reset_GRHydro_C2P_failed: Initialise the mask function that contains the points where C2P has failed (at BASEGRID)
        NaNChecker::NaNChecker_ResetCounter: [global] Reset the NaNChecker::NaNsFound counter
        SpaceMask::MaskZero: Initialise mask to zero
        SpaceMask::MaskOne: Set old style mask to one
        SymBase::SymBase_Check: Check whether the driver set up the grid consistently
        TerminationTrigger::TerminationTrigger_ResetTrigger: Clear trigger state
        TerminationTrigger::TerminationTrigger_StartTimer: Start timer
        TerminationTrigger::TerminationTrigger_CreateFile: Create termination file
        Time::Time_Initialise: [global] Initialise Time variables
        Time::TemporalSpacings: [singlemap] Set timestep based on Courant condition (courant_static)
      [CCTK_RECOVER_VARIABLES]
      [CCTK_POST_RECOVER_VARIABLES]
        CarpetIOHDF5::CarpetIOHDF5_InitCheckpointingIntervals: [global] Initialisation of checkpointing intervals after recovery
        GROUP MaskBase_SetupMask: Set up the weight function
          GROUP MaskBase_SetupMaskAll: Set up the weight function
            CarpetReduce::MaskBase_AllocateMask: [global] Allocate the weight function
            CarpetReduce::MaskBase_InitMask: [global] [loop-local] Initialise the weight function
            GROUP SetupIMaskInternal: Set up the integer weight function (schedule other routines in here)
              CarpetReduce::CoordBase_SetupMask: [global] [loop-local] Set up the outer boundaries of the weight function
              CarpetReduce::CarpetMaskSetup: [global] [loop-singlemap] Set up the weight function for the restriction regions
            GROUP SetupIMask: Set up the integer weight function (schedule other routines in here)
            CarpetReduce::MaskBase_SetMask: [global] [loop-local] Set the weight function
            GROUP SetupMask: Set up the real weight function (schedule other routines in here)
            CarpetReduce::MaskBase_TestMask: [global] Test the weight function
        GRHydro::GRHydro_EOSHandle: [global] Set the EOS number
        GRHydro::GRHydroCopyIntegerMask: Initialize the real valued atmosphere mask after checkpoint recovery
        GRHydro::GRHydro_SqrtSpatialDeterminant: Calculate sdetg
        GROUP HydroBase_ExcisionMaskSetup: Set up hydro excision mask
          HydroBase::HydroBase_InitExcisionMask: Initialize hydro excision mask to 'no excision everywhere'
        GROUP MoL_PostStep: Ensure that everything is correct after recovery
          ADMBase::ADMBase_Boundaries: [level] Select ADMBase boundary conditions - may be required for mesh refinement
          GROUP ADMBase_ApplyBCs: Apply the boundary conditions of ADMBase
            GROUP BoundaryConditions: Execute all boundary conditions
              Boundary::Boundary_ApplyPhysicalBCs: Apply all requested local physical boundary conditions
              CartGrid3D::CartGrid3D_ApplyBC: Apply symmetry boundary conditions
            Boundary::Boundary_ClearSelection: [level] Unselect all grid variables for boundary conditions
            GRHydro_InitData::GRHydro_Diagshock2D_BoundaryM: 2-D Diagonal shock boundary conditions
          GROUP ADMBase_SetADMVars: Set the ADM variables before this group, and use them afterwards
          GRHydro::GRHydro_RefinementLevel: Calculate current refinement level
          GRHydro::GRHydro_SetLastMoLPostStep: [level] Set grid scalar InLastMoLPostStep if this is the last MoL PostStep call
          GROUP HydroBase_PostStep: Post step tasks for hydro thorns
            GROUP GRHydro_PostStep: Post step tasks for GRHydro
            GROUP GRHydro_AtmosphereMaskBoundaries: Apply boundary conditions to primitives
              GRHydro::GRHydro_SelectAtmosphereMaskBoundaries: [level] Select atmosphere mask for boundary conditions
              GROUP GRHydro_ApplyAtmosphereMaskBCs: Apply boundary conditions to real-valued atmosphere mask
                GROUP BoundaryConditions: Execute all boundary conditions
                  Boundary::Boundary_ApplyPhysicalBCs: Apply all requested local physical boundary conditions
                  CartGrid3D::CartGrid3D_ApplyBC: Apply symmetry boundary conditions
                Boundary::Boundary_ClearSelection: [level] Unselect all grid variables for boundary conditions
                GRHydro_InitData::GRHydro_Diagshock2D_BoundaryM: 2-D Diagonal shock boundary conditions
            GRHydro::GRHydroPostSyncAtmosphereMask: Set integer atmosphere mask from synchronized real atmosphere mask
            if (GRHydro::InLastMoLPostStep)
              GRHydro::GRHydro_AtmosphereResetM: Reset the atmosphere - MHD version
            GRHydro::GRHydro_CalcBcom: Compute comoving magnetic field, pressure, etc...
            GROUP HydroBase_Boundaries: HydroBase-internal Boundary conditions group
              GROUP Do_GRHydro_Boundaries: GRHydro Boundary conditions group
              GROUP HydroBase_Select_Boundaries: Group to schedule the boundary condition functions
                if (GRHydro::execute_MoL_PostStep)
                  GRHydro::GRHydro_Bound: [level] Select GRHydro boundary conditions
              GROUP HydroBase_ApplyBCs: Apply the boundary conditions of HydroBase
                GROUP BoundaryConditions: Execute all boundary conditions
                  Boundary::Boundary_ApplyPhysicalBCs: Apply all requested local physical boundary conditions
                  CartGrid3D::CartGrid3D_ApplyBC: Apply symmetry boundary conditions
                Boundary::Boundary_ClearSelection: [level] Unselect all grid variables for boundary conditions
                GRHydro_InitData::GRHydro_Diagshock2D_BoundaryM: 2-D Diagonal shock boundary conditions
            GROUP HydroBase_Con2Prim: Convert from conservative to primitive variables
              if (GRHydro::execute_MoL_Step)
                GRHydro::GRHydro_SqrtSpatialDeterminant: Calculate sdetg
              if (GRHydro::execute_MoL_PostStep)
                GRHydro::Con2Prim: Convert back to primitive variables (general) - MHD version
        GROUP zzz_NaNChecker_NaNCheck: Check for NaNs and count them in NaNChecker::NaNsFound
          NaNChecker::NaNChecker_NaNCheck_Prepare: [level] Prepare data structures to check for NaNs
          NaNChecker::NaNChecker_NaNCheck_Check: [local] Check for NaNs
          NaNChecker::NaNChecker_NaNCheck_Finish: [level] Count NaNs in NaNChecker::NaNsFound
        NaNChecker::NaNChecker_TakeAction: [global] [loop-level] Output NaNChecker::NaNmask and take action according to NaNChecker::action_if_found
        TerminationTrigger::TerminationTrigger_ResetMinutes: [global] Reset Watchtime
    endif
    if (checkpoint initial data)
      [CCTK_CPINITIAL]
        CarpetIOHDF5::CarpetIOHDF5_InitialDataCheckpoint: [meta] Initial data checkpoint routine
    endif
    if (analysis)
      [CCTK_ANALYSIS]
        CarpetLib::CarpetLib_printtimestats: [global] Print timing statistics if desired
        CarpetLib::CarpetLib_printmemstats: [global] Print memory statistics if desired
        LoopControl::LC_statistics_analysis: [meta] Output LoopControl statistics
        SystemStatistics::SystemStatistics_Collect: [global] Collect system statistics
        TerminationTrigger::TerminationTrigger_CheckWalltime: Check elapsed job walltime
        TerminationTrigger::TerminationTrigger_CheckSignal: Check if we received a termination signal
        TerminationTrigger::TerminationTrigger_CheckFile: Check termination file
        TimerReport::zzz_TimerReport_Output: [global] Print the timer report
  endif
  Output grid variables

  do loop over timesteps
    [CCTK_PREREGRID]
    Change grid hierarchy
    [CCTK_POSTREGRID]
      CartGrid3D::SpatialCoordinates: Set Coordinates after regridding
      GROUP MaskBase_SetupMask: Set up the weight function
        GROUP MaskBase_SetupMaskAll: Set up the weight function
          CarpetReduce::MaskBase_AllocateMask: [global] Allocate the weight function
          CarpetReduce::MaskBase_InitMask: [global] [loop-local] Initialise the weight function
          GROUP SetupIMaskInternal: Set up the integer weight function (schedule other routines in here)
            CarpetReduce::CoordBase_SetupMask: [global] [loop-local] Set up the outer boundaries of the weight function
            CarpetReduce::CarpetMaskSetup: [global] [loop-singlemap] Set up the weight function for the restriction regions
          GROUP SetupIMask: Set up the integer weight function (schedule other routines in here)
          CarpetReduce::MaskBase_SetMask: [global] [loop-local] Set the weight function
          GROUP SetupMask: Set up the real weight function (schedule other routines in here)
          CarpetReduce::MaskBase_TestMask: [global] Test the weight function
      SpaceMask::MaskZero: Initialise mask to zero
      GROUP HydroBase_ExcisionMaskSetup: Set up hydro excision mask
        HydroBase::HydroBase_InitExcisionMask: Initialize hydro excision mask to 'no excision everywhere'
      SpaceMask::MaskOne: Set mask to one
      GRHydro::GRHydro_SetupMask: Initialize the atmosphere mask
      GROUP MoL_PostStep: Ensure that everything is correct after regridding
        ADMBase::ADMBase_Boundaries: [level] Select ADMBase boundary conditions - may be required for mesh refinement
        GROUP ADMBase_ApplyBCs: Apply the boundary conditions of ADMBase
          GROUP BoundaryConditions: Execute all boundary conditions
            Boundary::Boundary_ApplyPhysicalBCs: Apply all requested local physical boundary conditions
            CartGrid3D::CartGrid3D_ApplyBC: Apply symmetry boundary conditions
          Boundary::Boundary_ClearSelection: [level] Unselect all grid variables for boundary conditions
          GRHydro_InitData::GRHydro_Diagshock2D_BoundaryM: 2-D Diagonal shock boundary conditions
        GROUP ADMBase_SetADMVars: Set the ADM variables before this group, and use them afterwards
        GRHydro::GRHydro_RefinementLevel: Calculate current refinement level
        GRHydro::GRHydro_SetLastMoLPostStep: [level] Set grid scalar InLastMoLPostStep if this is the last MoL PostStep call
        GROUP HydroBase_PostStep: Post step tasks for hydro thorns
          GROUP GRHydro_PostStep: Post step tasks for GRHydro
          GROUP GRHydro_AtmosphereMaskBoundaries: Apply boundary conditions to primitives
            GRHydro::GRHydro_SelectAtmosphereMaskBoundaries: [level] Select atmosphere mask for boundary conditions
            GROUP GRHydro_ApplyAtmosphereMaskBCs: Apply boundary conditions to real-valued atmosphere mask
              GROUP BoundaryConditions: Execute all boundary conditions
                Boundary::Boundary_ApplyPhysicalBCs: Apply all requested local physical boundary conditions
                CartGrid3D::CartGrid3D_ApplyBC: Apply symmetry boundary conditions
              Boundary::Boundary_ClearSelection: [level] Unselect all grid variables for boundary conditions
              GRHydro_InitData::GRHydro_Diagshock2D_BoundaryM: 2-D Diagonal shock boundary conditions
          GRHydro::GRHydroPostSyncAtmosphereMask: Set integer atmosphere mask from synchronized real atmosphere mask
          if (GRHydro::InLastMoLPostStep)
            GRHydro::GRHydro_AtmosphereResetM: Reset the atmosphere - MHD version
          GRHydro::GRHydro_CalcBcom: Compute comoving magnetic field, pressure, etc...
          GROUP HydroBase_Boundaries: HydroBase-internal Boundary conditions group
            GROUP Do_GRHydro_Boundaries: GRHydro Boundary conditions group
            GROUP HydroBase_Select_Boundaries: Group to schedule the boundary condition functions
              if (GRHydro::execute_MoL_PostStep)
                GRHydro::GRHydro_Bound: [level] Select GRHydro boundary conditions
            GROUP HydroBase_ApplyBCs: Apply the boundary conditions of HydroBase
              GROUP BoundaryConditions: Execute all boundary conditions
                Boundary::Boundary_ApplyPhysicalBCs: Apply all requested local physical boundary conditions
                CartGrid3D::CartGrid3D_ApplyBC: Apply symmetry boundary conditions
              Boundary::Boundary_ClearSelection: [level] Unselect all grid variables for boundary conditions
              GRHydro_InitData::GRHydro_Diagshock2D_BoundaryM: 2-D Diagonal shock boundary conditions
          GROUP HydroBase_Con2Prim: Convert from conservative to primitive variables
            if (GRHydro::execute_MoL_Step)
              GRHydro::GRHydro_SqrtSpatialDeterminant: Calculate sdetg
            if (GRHydro::execute_MoL_PostStep)
              GRHydro::Con2Prim: Convert back to primitive variables (general) - MHD version
      GROUP MoL_PseudoEvolutionBoundaries: Apply boundary conditions to pseudo-evolved quantities
    Rotate timelevels
    iteration = iteration+1
    t = t+dt
    [CCTK_PRESTEP]
      ADMBase::ADMBase_LapseStatic: Copy the lapse to the current time level
      ADMBase::ADMBase_ShiftStatic: Copy the shift to the current time level
      ADMBase::ADMBase_Static: Copy the metric and extrinsic curvature to the current time level
      CoordGauge::Einstein_SetNextSlicing: Identify the slicing for the next iteration
      GRHydro::reset_GRHydro_C2P_failed: Reset the mask function that contains the points where C2P has failed (at PRESTEP)
      LoopControl::LC_steer: [meta] Update LoopControl algorithm preferences
      NaNChecker::NaNChecker_ResetCounter: [global] Reset the NaNChecker::NaNsFound counter
    [CCTK_EVOL]
      MoL::MoL_StartLoop: [level] Initialise the step size control
      while (MoL::MoL_Stepsize_Bad)
        GROUP MoL_Evolution: A single Cactus evolution step using MoL
          GROUP MoL_StartStep: MoL internal setup for the evolution step
            MoL::MoL_SetCounter: [level] Set the counter for the ODE method to loop over
            MoL::MoL_SetTime: [level] Ensure the correct time and timestep are used
            MoL::MoL_AllocateScratchSpace: [level] Allocate storage for scratch levels
          GROUP MoL_PreStep: Physics thorns can schedule preloop setup routines in here
            GRHydro::GRHydro_Scalar_Setup: Set up and check scalars for efficiency
          MoL::MoL_AllocateScratch: Allocate sufficient space for array scratch variables
          MoL::MoL_InitialCopy: Ensure the data is in the correct timelevel
          while (MoL::MoL_Intermediate_Step)
            GROUP MoL_Step: The loop over the intermediate steps for the ODE integrator
              MoL::MoL_InitRHS: Initialise the RHS functions
              GROUP MoL_CalcRHS: Physics thorns schedule the calculation of the discrete spatial operator in here
                GROUP HydroBase_RHS: Groups for scheduling tasks for calculating RHS of hydro variables
                  if (GRHydro::execute_MoL_Step)
                    GROUP GRHydroRHS: Calculate the update terms
                      GRHydro::SourceTerms: Source term calculation
                      GRHydro::GRHydroStartLoop: [level] Set the flux_direction variable
                      while (GRHydro::flux_direction)
                        GROUP FluxTerms: Calculation of intercell fluxes
                          GRHydro::GRHydro_RefinementLevel: Calculate current refinement level
                          GRHydro::Reconstruct: Reconstruct the functions at the cell boundaries
                          GRHydro::Riemann: Solve the local Riemann problems - MHD version
                          GRHydro::UpdateCalcul: Calculate the update term from the fluxes
                          GRHydro::GRHydroAdvanceLoop: [level] Decrement the flux_direction variable
                      end while
                      GRHydro::GRHydroUpdateAtmosphereMask: Alter the update terms if inside the atmosphere region
              GROUP MoL_PostRHS: Modify RHS functions
              GROUP MoL_RHSBoundaries: Any 'final' modifications to the RHS functions (boundaries etc.)
              MoL::MoL_Add: Updates calculated with the efficient Runge-Kutta 2 method
              MoL::MoL_DecrementCounter: [level] Alter the counter number
              MoL::MoL_ResetTime: [level] If necessary, change the time
              GROUP MoL_PostStepModify: The group for physics thorns to schedule enforcing constraints
              GROUP MoL_PostStep: The group for physics thorns to schedule boundary calls etc.
                ADMBase::ADMBase_Boundaries: [level] Select ADMBase boundary conditions - may be required for mesh refinement
                GROUP ADMBase_ApplyBCs: Apply the boundary conditions of ADMBase
                  GROUP BoundaryConditions: Execute all boundary conditions
                    Boundary::Boundary_ApplyPhysicalBCs: Apply all requested local physical boundary conditions
                    CartGrid3D::CartGrid3D_ApplyBC: Apply symmetry boundary conditions
                  Boundary::Boundary_ClearSelection: [level] Unselect all grid variables for boundary conditions
                  GRHydro_InitData::GRHydro_Diagshock2D_BoundaryM: 2-D Diagonal shock boundary conditions
                GROUP ADMBase_SetADMVars: Set the ADM variables before this group, and use them afterwards
                GRHydro::GRHydro_RefinementLevel: Calculate current refinement level
                GRHydro::GRHydro_SetLastMoLPostStep: [level] Set grid scalar InLastMoLPostStep if this is the last MoL PostStep call
                GROUP HydroBase_PostStep: Post step tasks for hydro thorns
                  GROUP GRHydro_PostStep: Post step tasks for GRHydro
                  GROUP GRHydro_AtmosphereMaskBoundaries: Apply boundary conditions to primitives
                    GRHydro::GRHydro_SelectAtmosphereMaskBoundaries: [level] Select atmosphere mask for boundary conditions
                    GROUP GRHydro_ApplyAtmosphereMaskBCs: Apply boundary conditions to real-valued atmosphere mask
                      GROUP BoundaryConditions: Execute all boundary conditions
                        Boundary::Boundary_ApplyPhysicalBCs: Apply all requested local physical boundary conditions
                        CartGrid3D::CartGrid3D_ApplyBC: Apply symmetry boundary conditions
                      Boundary::Boundary_ClearSelection: [level] Unselect all grid variables for boundary conditions
                      GRHydro_InitData::GRHydro_Diagshock2D_BoundaryM: 2-D Diagonal shock boundary conditions
                  GRHydro::GRHydroPostSyncAtmosphereMask: Set integer atmosphere mask from synchronized real atmosphere mask
                  if (GRHydro::InLastMoLPostStep)
                    GRHydro::GRHydro_AtmosphereResetM: Reset the atmosphere - MHD version
                  GRHydro::GRHydro_CalcBcom: Compute comoving magnetic field, pressure, etc...
                  GROUP HydroBase_Boundaries: HydroBase-internal Boundary conditions group
                    GROUP Do_GRHydro_Boundaries: GRHydro Boundary conditions group
                    GROUP HydroBase_Select_Boundaries: Group to schedule the boundary condition functions
                      if (GRHydro::execute_MoL_PostStep)
                        GRHydro::GRHydro_Bound: [level] Select GRHydro boundary conditions
                    GROUP HydroBase_ApplyBCs: Apply the boundary conditions of HydroBase
                      GROUP BoundaryConditions: Execute all boundary conditions
                        Boundary::Boundary_ApplyPhysicalBCs: Apply all requested local physical boundary conditions
                        CartGrid3D::CartGrid3D_ApplyBC: Apply symmetry boundary conditions
                      Boundary::Boundary_ClearSelection: [level] Unselect all grid variables for boundary conditions
                      GRHydro_InitData::GRHydro_Diagshock2D_BoundaryM: 2-D Diagonal shock boundary conditions
                  GROUP HydroBase_Con2Prim: Convert from conservative to primitive variables
                    if (GRHydro::execute_MoL_Step)
                      GRHydro::GRHydro_SqrtSpatialDeterminant: Calculate sdetg
                    if (GRHydro::execute_MoL_PostStep)
                      GRHydro::Con2Prim: Convert back to primitive variables (general) - MHD version
              GRHydro::GRHydro_ClearLastMoLPostStep: [level] Reset InLastMoLPostStep to zero
              MoL::MoL_ResetDeltaTime: [level] If necessary, change the timestep
          end while
          MoL::MoL_FinishLoop: [level] Control the step size
          MoL::MoL_RestoreSandR: Restoring the Save and Restore variables to the original state
          MoL::MoL_FreeScratchSpace: [level] Free storage for scratch levels
      end while
      GRHydro::sync_GRHydro_C2P_failed: Syncronise the mask function that contains the points where C2P has failed
      GROUP MoL_PseudoEvolution: Calculate pseudo-evolved quantities
        GROUP ADMBase_SetADMVars: Set the ADM variables before this group, and use them afterwards
        GROUP GRHydroAnalysis: Calculate analysis quantities
          GRHydro::GRHydro_CalcDivB: Calculate divB
          GROUP GRHydro_ApplyDivBBCs: Apply boundary conditions to divB
            GROUP BoundaryConditions: Execute all boundary conditions
              Boundary::Boundary_ApplyPhysicalBCs: Apply all requested local physical boundary conditions
              CartGrid3D::CartGrid3D_ApplyBC: Apply symmetry boundary conditions
            Boundary::Boundary_ClearSelection: [level] Unselect all grid variables for boundary conditions
            GRHydro_InitData::GRHydro_Diagshock2D_BoundaryM: 2-D Diagonal shock boundary conditions
    Evolve finer grids recursively
    Restrict from finer grids
    [CCTK_POSTRESTRICT]
      GROUP MoL_PostStep: Ensure that everything is correct after restriction
        ADMBase::ADMBase_Boundaries: [level] Select ADMBase boundary conditions - may be required for mesh refinement
        GROUP ADMBase_ApplyBCs: Apply the boundary conditions of ADMBase
          GROUP BoundaryConditions: Execute all boundary conditions
            Boundary::Boundary_ApplyPhysicalBCs: Apply all requested local physical boundary conditions
            CartGrid3D::CartGrid3D_ApplyBC: Apply symmetry boundary conditions
          Boundary::Boundary_ClearSelection: [level] Unselect all grid variables for boundary conditions
          GRHydro_InitData::GRHydro_Diagshock2D_BoundaryM: 2-D Diagonal shock boundary conditions
        GROUP ADMBase_SetADMVars: Set the ADM variables before this group, and use them afterwards
        GRHydro::GRHydro_RefinementLevel: Calculate current refinement level
        GRHydro::GRHydro_SetLastMoLPostStep: [level] Set grid scalar InLastMoLPostStep if this is the last MoL PostStep call
        GROUP HydroBase_PostStep: Post step tasks for hydro thorns
          GROUP GRHydro_PostStep: Post step tasks for GRHydro
          GROUP GRHydro_AtmosphereMaskBoundaries: Apply boundary conditions to primitives
            GRHydro::GRHydro_SelectAtmosphereMaskBoundaries: [level] Select atmosphere mask for boundary conditions
            GROUP GRHydro_ApplyAtmosphereMaskBCs: Apply boundary conditions to real-valued atmosphere mask
              GROUP BoundaryConditions: Execute all boundary conditions
                Boundary::Boundary_ApplyPhysicalBCs: Apply all requested local physical boundary conditions
                CartGrid3D::CartGrid3D_ApplyBC: Apply symmetry boundary conditions
              Boundary::Boundary_ClearSelection: [level] Unselect all grid variables for boundary conditions
              GRHydro_InitData::GRHydro_Diagshock2D_BoundaryM: 2-D Diagonal shock boundary conditions
          GRHydro::GRHydroPostSyncAtmosphereMask: Set integer atmosphere mask from synchronized real atmosphere mask
          if (GRHydro::InLastMoLPostStep)
            GRHydro::GRHydro_AtmosphereResetM: Reset the atmosphere - MHD version
          GRHydro::GRHydro_CalcBcom: Compute comoving magnetic field, pressure, etc...
          GROUP HydroBase_Boundaries: HydroBase-internal Boundary conditions group
            GROUP Do_GRHydro_Boundaries: GRHydro Boundary conditions group
            GROUP HydroBase_Select_Boundaries: Group to schedule the boundary condition functions
              if (GRHydro::execute_MoL_PostStep)
                GRHydro::GRHydro_Bound: [level] Select GRHydro boundary conditions
            GROUP HydroBase_ApplyBCs: Apply the boundary conditions of HydroBase
              GROUP BoundaryConditions: Execute all boundary conditions
                Boundary::Boundary_ApplyPhysicalBCs: Apply all requested local physical boundary conditions
                CartGrid3D::CartGrid3D_ApplyBC: Apply symmetry boundary conditions
              Boundary::Boundary_ClearSelection: [level] Unselect all grid variables for boundary conditions
              GRHydro_InitData::GRHydro_Diagshock2D_BoundaryM: 2-D Diagonal shock boundary conditions
          GROUP HydroBase_Con2Prim: Convert from conservative to primitive variables
            if (GRHydro::execute_MoL_Step)
              GRHydro::GRHydro_SqrtSpatialDeterminant: Calculate sdetg
            if (GRHydro::execute_MoL_PostStep)
              GRHydro::Con2Prim: Convert back to primitive variables (general) - MHD version
      GROUP MoL_PseudoEvolutionBoundaries: Apply boundary conditions to pseudo-evolved quantities
    [CCTK_POSTSTEP]
      GRHydro::GRHydro_RefinementLevel: Calculate current refinement level (for the check of the C2P mask)
      GRHydro::check_GRHydro_C2P_failed: Check the mask function that contains the points where C2P has failed and report an error in case a failure is found
      GROUP HydroBase_ExcisionHasBeenSet: Group to schedule thorns changing the mask before and thorns using the mask after
      GROUP zzz_NaNChecker_NaNCheck: Check for NaNs and count them in NaNChecker::NaNsFound
        NaNChecker::NaNChecker_NaNCheck_Prepare: [level] Prepare data structures to check for NaNs
        NaNChecker::NaNChecker_NaNCheck_Check: [local] Check for NaNs
        NaNChecker::NaNChecker_NaNCheck_Finish: [level] Count NaNs in NaNChecker::NaNsFound
      NaNChecker::NaNChecker_TakeAction: [global] [loop-level] Output NaNChecker::NaNmask and take action according to NaNChecker::action_if_found
      SpaceMask::CheckMask: Ensure that all mask values are legal
    if (checkpoint)
      [CCTK_CHECKPOINT]
      CarpetIOHDF5::CarpetIOHDF5_EvolutionCheckpoint: [meta] Evolution checkpoint routine
      TimerReport::zzz_TimerReport_Checkpoint: [global] Print the timer report
    endif
    if (analysis)
      [CCTK_ANALYSIS]
      CarpetLib::CarpetLib_printtimestats: [global] Print timing statistics if desired
      CarpetLib::CarpetLib_printmemstats: [global] Print memory statistics if desired
      LoopControl::LC_statistics_analysis: [meta] Output LoopControl statistics
      SystemStatistics::SystemStatistics_Collect: [global] Collect system statistics
      TerminationTrigger::TerminationTrigger_CheckWalltime: Check elapsed job walltime
      TerminationTrigger::TerminationTrigger_CheckSignal: Check if we received a termination signal
      TerminationTrigger::TerminationTrigger_CheckFile: Check termination file
      TimerReport::zzz_TimerReport_Output: [global] Print the timer report
    endif
    Output grid variables
    enddo

  Termination routines
    [CCTK_TERMINATE]
      CarpetIOHDF5::CarpetIOHDF5_TerminationCheckpoint: [meta] Termination checkpoint routine
      LoopControl::LC_statistics_terminate: [meta] Output LoopControl statistics
      MoL::MoL_FreeIndexArrays: Free the MoL bookkeeping index arrays
      TimerReport::zzz_TimerReport_Output: [global] Print the timer report

  Shutdown routines
    [CCTK_SHUTDOWN]
      Timers::Timer_Shutdown: Prepare hierarchical timers

  Routines run after changing the grid hierarchy:
    [CCTK_POSTREGRID]
      CartGrid3D::SpatialCoordinates: Set Coordinates after regridding
      GROUP MaskBase_SetupMask: Set up the weight function
        GROUP MaskBase_SetupMaskAll: Set up the weight function
          CarpetReduce::MaskBase_AllocateMask: [global] Allocate the weight function
          CarpetReduce::MaskBase_InitMask: [global] [loop-local] Initialise the weight function
          GROUP SetupIMaskInternal: Set up the integer weight function (schedule other routines in here)
            CarpetReduce::CoordBase_SetupMask: [global] [loop-local] Set up the outer boundaries of the weight function
            CarpetReduce::CarpetMaskSetup: [global] [loop-singlemap] Set up the weight function for the restriction regions
          GROUP SetupIMask: Set up the integer weight function (schedule other routines in here)
          CarpetReduce::MaskBase_SetMask: [global] [loop-local] Set the weight function
          GROUP SetupMask: Set up the real weight function (schedule other routines in here)
          CarpetReduce::MaskBase_TestMask: [global] Test the weight function
      SpaceMask::MaskZero: Initialise mask to zero
      GROUP HydroBase_ExcisionMaskSetup: Set up hydro excision mask
        HydroBase::HydroBase_InitExcisionMask: Initialize hydro excision mask to 'no excision everywhere'
      SpaceMask::MaskOne: Set mask to one
      GRHydro::GRHydro_SetupMask: Initialize the atmosphere mask
      GROUP MoL_PostStep: Ensure that everything is correct after regridding
        ADMBase::ADMBase_Boundaries: [level] Select ADMBase boundary conditions - may be required for mesh refinement
        GROUP ADMBase_ApplyBCs: Apply the boundary conditions of ADMBase
          GROUP BoundaryConditions: Execute all boundary conditions
            Boundary::Boundary_ApplyPhysicalBCs: Apply all requested local physical boundary conditions
            CartGrid3D::CartGrid3D_ApplyBC: Apply symmetry boundary conditions
          Boundary::Boundary_ClearSelection: [level] Unselect all grid variables for boundary conditions
          GRHydro_InitData::GRHydro_Diagshock2D_BoundaryM: 2-D Diagonal shock boundary conditions
        GROUP ADMBase_SetADMVars: Set the ADM variables before this group, and use them afterwards
        GRHydro::GRHydro_RefinementLevel: Calculate current refinement level
        GRHydro::GRHydro_SetLastMoLPostStep: [level] Set grid scalar InLastMoLPostStep if this is the last MoL PostStep call
        GROUP HydroBase_PostStep: Post step tasks for hydro thorns
          GROUP GRHydro_PostStep: Post step tasks for GRHydro
          GROUP GRHydro_AtmosphereMaskBoundaries: Apply boundary conditions to primitives
            GRHydro::GRHydro_SelectAtmosphereMaskBoundaries: [level] Select atmosphere mask for boundary conditions
            GROUP GRHydro_ApplyAtmosphereMaskBCs: Apply boundary conditions to real-valued atmosphere mask
              GROUP BoundaryConditions: Execute all boundary conditions
                Boundary::Boundary_ApplyPhysicalBCs: Apply all requested local physical boundary conditions
                CartGrid3D::CartGrid3D_ApplyBC: Apply symmetry boundary conditions
              Boundary::Boundary_ClearSelection: [level] Unselect all grid variables for boundary conditions
              GRHydro_InitData::GRHydro_Diagshock2D_BoundaryM: 2-D Diagonal shock boundary conditions
          GRHydro::GRHydroPostSyncAtmosphereMask: Set integer atmosphere mask from synchronized real atmosphere mask
          if (GRHydro::InLastMoLPostStep)
            GRHydro::GRHydro_AtmosphereResetM: Reset the atmosphere - MHD version
          GRHydro::GRHydro_CalcBcom: Compute comoving magnetic field, pressure, etc...
          GROUP HydroBase_Boundaries: HydroBase-internal Boundary conditions group
            GROUP Do_GRHydro_Boundaries: GRHydro Boundary conditions group
            GROUP HydroBase_Select_Boundaries: Group to schedule the boundary condition functions
              if (GRHydro::execute_MoL_PostStep)
                GRHydro::GRHydro_Bound: [level] Select GRHydro boundary conditions
            GROUP HydroBase_ApplyBCs: Apply the boundary conditions of HydroBase
              GROUP BoundaryConditions: Execute all boundary conditions
                Boundary::Boundary_ApplyPhysicalBCs: Apply all requested local physical boundary conditions
                CartGrid3D::CartGrid3D_ApplyBC: Apply symmetry boundary conditions
              Boundary::Boundary_ClearSelection: [level] Unselect all grid variables for boundary conditions
              GRHydro_InitData::GRHydro_Diagshock2D_BoundaryM: 2-D Diagonal shock boundary conditions
          GROUP HydroBase_Con2Prim: Convert from conservative to primitive variables
            if (GRHydro::execute_MoL_Step)
              GRHydro::GRHydro_SqrtSpatialDeterminant: Calculate sdetg
            if (GRHydro::execute_MoL_PostStep)
              GRHydro::Con2Prim: Convert back to primitive variables (general) - MHD version
      GROUP MoL_PseudoEvolutionBoundaries: Apply boundary conditions to pseudo-evolved quantities
--------------------------------------------------------------------------------
INFO (Carpet): Multi-Model listing:
   model 0: "world"
INFO (Carpet): Multi-Model process distribution:
   processes 0-1: model 0 "world"
INFO (Carpet): Multi-Model: This is process 0, model 0 "world"
INFO (CarpetLib): Process startup time was 1.14 seconds
Current core file size limit: hard=[unlimited], soft=0 MB
Current addres space size limit: hard=[unlimited], soft=[unlimited]
Current data segment size limit: hard=[unlimited], soft=[unlimited]
Current resident set size limit: hard=[unlimited], soft=[unlimited]
INFO (CycleClock): Measuring CycleClock tick via OpenMP...
INFO (CycleClock): Calibrated CycleClock: 0.408919 ns per clock tick (2.44547 GHz)
INFO (Vectors): Using vector size 2 for architecture SSE2 (64-bit precision)
INFO (hwloc): library version 2.10.0, API version 0x20800
--------------------------------------------------------------------------------
AMR driver provided by Carpet
--------------------------------------------------------------------------------
AMR scalar I/O provided by CarpetIOScalar
--------------------------------------------------------------------------------
GRHydro: relativistic hydrodynamics, no ice.
--------------------------------------------------------------------------------
HydroBase: Let it flow.
--------------------------------------------------------------------------------
AMR 0D ASCII I/O provided by CarpetIOASCII
--------------------------------------------------------------------------------
AMR 1D ASCII I/O provided by CarpetIOASCII
--------------------------------------------------------------------------------
AMR 2D ASCII I/O provided by CarpetIOASCII
--------------------------------------------------------------------------------
AMR 3D ASCII I/O provided by CarpetIOASCII
--------------------------------------------------------------------------------
AMR info I/O provided by CarpetIOBasic
--------------------------------------------------------------------------------
MoL: Generalized time integration.
--------------------------------------------------------------------------------
AMR HDF5 I/O provided by CarpetIOHDF5
--------------------------------------------------------------------------------
AMR 0D HDF5 I/O provided by CarpetIOHDF5
--------------------------------------------------------------------------------
AMR 1D HDF5 I/O provided by CarpetIOHDF5
--------------------------------------------------------------------------------
AMR 2D HDF5 I/O provided by CarpetIOHDF5
--------------------------------------------------------------------------------
AMR 3D HDF5 I/O provided by CarpetIOHDF5
--------------------------------------------------------------------------------

INFO (Carpet): MPI is enabled
INFO (Carpet): Carpet is running on 2 processes
INFO (Carpet): This is process 0
INFO (Carpet): OpenMP is enabled
INFO (Carpet): This process contains 1 threads, this is thread 0
INFO (Carpet): There are 2 threads in total
INFO (Carpet): There are 1 threads per process
INFO (Carpet): This process runs on host runnervmmprz5, pid=175591
INFO (Carpet): This process runs on 2 cores: 0-1
INFO (Carpet): Thread 0 runs on 2 cores: 0-1
INFO (Carpet): This simulation is running in 3 dimensions
INFO (Carpet): Boundary specification for map 0:
   nboundaryzones: [[1,1,1],[1,1,1]]
   is_internal   : [[0,0,0],[0,0,0]]
   is_staggered  : [[0,0,0],[0,0,0]]
   shiftout      : [[0,0,0],[0,0,0]]
INFO (Carpet): CoordBase domain specification for map 0:
   physical extent: [-0.353553,-0.353553,-0.00353553] : [0.353553,0.353553,0.00353553]   ([0.707107,0.707107,0.00707107])
   interior extent: [-0.318198,-0.318198,-0.00265165] : [0.318198,0.318198,0.00265165]   ([0.636396,0.636396,0.0053033])
   exterior extent: [-0.353553,-0.353553,-0.00353553] : [0.353553,0.353553,0.00353553]   ([0.707107,0.707107,0.00707107])
   base_spacing   : [0.0353553,0.0353553,0.000883883]
INFO (Carpet): Adapted domain specification for map 0:
   convergence factor: 2
   convergence level : 0
   physical extent   : [-0.353553,-0.353553,-0.00353553] : [0.353553,0.353553,0.00353553]   ([0.707107,0.707107,0.00707107])
   interior extent   : [-0.318198,-0.318198,-0.00265165] : [0.318198,0.318198,0.00265165]   ([0.636396,0.636396,0.0053033])
   exterior extent   : [-0.353553,-0.353553,-0.00353553] : [0.353553,0.353553,0.00353553]   ([0.707107,0.707107,0.00707107])
   spacing           : [0.0353553,0.0353553,0.000883883]
INFO (Carpet): Base grid specification for map 0:
   number of grid points             : [21,21,9]
   number of coarse grid ghost points: [[3,3,3],[3,3,3]]
INFO (Carpet): Buffer zone counts (excluding ghosts):
   [0]: [[0,0,0],[0,0,0]]
INFO (Carpet): Overlap zone counts:
   [0]: [[0,0,0],[0,0,0]]
INFO (Carpet): Group and variable statistics:
INFO (Carpet):    There are 607 grid functions in 108 groups
INFO (Carpet):    There are 131 grid scalars in 56 groups
INFO (Carpet):    There are 60 1-dimensional grid arrays in 10 groups
INFO (Carpet):    There are 1 2-dimensional grid arrays in 1 groups
INFO (Carpet):    There are 0 3-dimensional grid arrays in 0 groups
INFO (Carpet):    (The number of variables counts all time levels)
INFO (CarpetIOASCII): I/O Method 'IOASCII_0D' registered: 0D AMR output of grid variables to ASCII files
INFO (CarpetIOASCII): Periodic 0D AMR output requested for:
   CARPET::physical_time_per_hour
   CARPET::current_physical_time_per_hour
   CARPET::time_total
   CARPET::time_evolution
   CARPET::time_computing
   CARPET::time_communicating
   CARPET::time_io
   CARPET::evolution_steps_count
   CARPET::local_grid_points_per_second
   CARPET::total_grid_points_per_second
   CARPET::local_grid_point_updates_count
   CARPET::total_grid_point_updates_count
   CARPET::local_interior_points_per_second
   CARPET::total_interior_points_per_second
   CARPET::local_interior_point_updates_count
   CARPET::total_interior_point_updates_count
   CARPET::io_per_second
   CARPET::io_bytes_per_second
   CARPET::io_bytes_ascii_per_second
   CARPET::io_bytes_binary_per_second
   CARPET::io_count
   CARPET::io_bytes_count
   CARPET::io_bytes_ascii_count
   CARPET::io_bytes_binary_count
   CARPET::comm_per_second
   CARPET::comm_bytes_per_second
   CARPET::comm_count
   CARPET::comm_bytes_count
   CARPET::time_levels
   CARPET::current_walltime
   CARPET::syncs_count
INFO (CarpetIOASCII): I/O Method 'IOASCII_1D' registered: 1D AMR output of grid variables to ASCII files
INFO (CarpetIOASCII): Periodic 1D AMR output requested for:
   GRHYDRO::divB
   HYDROBASE::rho
   HYDROBASE::press
   HYDROBASE::eps
   HYDROBASE::vel[0]
   HYDROBASE::vel[1]
   HYDROBASE::vel[2]
   HYDROBASE::w_lorentz
   HYDROBASE::Bvec[0]
   HYDROBASE::Bvec[1]
   HYDROBASE::Bvec[2]
INFO (CarpetIOASCII): I/O Method 'IOASCII_2D' registered: 2D AMR output of grid variables to ASCII files
INFO (CarpetIOASCII): Periodic 2D AMR output requested for:
   GRHYDRO::dens
   GRHYDRO::tau
   GRHYDRO::scon[0]
   GRHYDRO::scon[1]
   GRHYDRO::scon[2]
   GRHYDRO::Bcons[0]
   GRHYDRO::Bcons[1]
   GRHYDRO::Bcons[2]
   GRHYDRO::psidc
   GRHYDRO::divB
   GRHYDRO::bcom[0]
   GRHYDRO::bcom[1]
   GRHYDRO::bcom[2]
   GRHYDRO::bcom0
   GRHYDRO::bcom_sq
   HYDROBASE::rho
   HYDROBASE::press
   HYDROBASE::eps
   HYDROBASE::vel[0]
   HYDROBASE::vel[1]
   HYDROBASE::vel[2]
   HYDROBASE::w_lorentz
   HYDROBASE::Bvec[0]
   HYDROBASE::Bvec[1]
   HYDROBASE::Bvec[2]
INFO (CarpetIOASCII): I/O Method 'IOASCII_3D' registered: 3D AMR output of grid variables to ASCII files
INFO (CarpetIOHDF5): I/O Method 'IOHDF5' registered: AMR output of grid variables to HDF5 files
INFO (CarpetIOHDF5): I/O Method 'IOHDF5_0D' registered: 0D AMR output of grid variables to HDF5 files
INFO (CarpetIOHDF5): I/O Method 'IOHDF5_1D' registered: 1D AMR output of grid variables to HDF5 files
INFO (CarpetIOHDF5): I/O Method 'IOHDF5_2D' registered: 2D AMR output of grid variables to HDF5 files
INFO (CarpetIOHDF5): Periodic 2D AMR output requested for:
   GRHYDRO::dens
   GRHYDRO::tau
   GRHYDRO::scon[0]
   GRHYDRO::scon[1]
   GRHYDRO::scon[2]
   GRHYDRO::Bcons[0]
   GRHYDRO::Bcons[1]
   GRHYDRO::Bcons[2]
   GRHYDRO::psidc
   GRHYDRO::divB
   GRHYDRO::bcom[0]
   GRHYDRO::bcom[1]
   GRHYDRO::bcom[2]
   GRHYDRO::bcom0
   GRHYDRO::bcom_sq
   HYDROBASE::rho
   HYDROBASE::press
   HYDROBASE::eps
   HYDROBASE::vel[0]
   HYDROBASE::vel[1]
   HYDROBASE::vel[2]
   HYDROBASE::w_lorentz
   HYDROBASE::Bvec[0]
   HYDROBASE::Bvec[1]
   HYDROBASE::Bvec[2]
INFO (CarpetIOHDF5): I/O Method 'IOHDF5_3D' registered: 3D AMR output of grid variables to HDF5 files
INFO (CarpetIOHDF5): Periodic 3D AMR output requested for:
   GRHYDRO::divB
   GRHYDRO::bcom[0]
   GRHYDRO::bcom[1]
   GRHYDRO::bcom[2]
   GRHYDRO::bcom0
   GRHYDRO::bcom_sq
   HYDROBASE::rho
   HYDROBASE::press
   HYDROBASE::eps
   HYDROBASE::vel[0]
   HYDROBASE::vel[1]
   HYDROBASE::vel[2]
   HYDROBASE::w_lorentz
   HYDROBASE::Bvec[0]
   HYDROBASE::Bvec[1]
   HYDROBASE::Bvec[2]
INFO (MoL): Using Runge-Kutta 2 as the time integrator.
INFO (MoL): The maximum number of evolved variables is 439. 8 are registered.
INFO (MoL): The maximum number of slow evolved variables is 439. 0 are registered.
INFO (MoL): The maximum number of constrained variables is 439. 10 are registered.
INFO (MoL): The maximum number of SandR variables is 439. 16 are registered.
INFO (MoL): The maximum number of evolved array variables is 439. 0 are registered.
INFO (MoL): The maximum number of constrained array variables is 439. 0 are registered.
INFO (MoL): The maximum number of SandR array variables is 439. 0 are registered.
INFO (MoL): The maximum size of any array variables is 0.
INFO (Vectors): Testing vectorisation... [errors may result in segfaults]
INFO (Vectors): 375/375 tests passed 
INFO (CartGrid3D): Grid Spacings:
INFO (CartGrid3D): dx=>3.5355339e-02  dy=>3.5355339e-02  dz=>8.8388348e-04
INFO (CartGrid3D): Computational Coordinates:
INFO (CartGrid3D): x=>[-0.354, 0.354]  y=>[-0.354, 0.354]  z=>[-0.004, 0.004]
INFO (CartGrid3D): Indices of Physical Coordinates:
INFO (CartGrid3D): x=>[0,20]  y=>[0,20]  z=>[0,8]
INFO (TerminationTrigger): Reminding you every 60 minutes about remaining walltime
INFO (Time): Timestep set to 0.000353553 (courant_static)
INFO (GRHydro): Trying to get EOS handles
INFO (GRHydro): Trying to get EOS handles
INFO (GRHydro): GRHydro will use the Ideal_Fluid equation of state.
INFO (GRHydro): Setting up the atmosphere mask: all points are not_atmosphere
[1mWARNING level 2 from host runnervmmprz5.ywk1ih4da4xu3m2ljf0f0mebkf.cx.internal.cloudapp.net process 0
  in thorn Carpet, file /home/runner/work/tests/tests/master/configs/sim/build/Carpet/Comm.cc:103:
  ->[0m Synchronising group "GRHYDRO::TAU" in local mode
[1mWARNING level 2 from host runnervmmprz5.ywk1ih4da4xu3m2ljf0f0mebkf.cx.internal.cloudapp.net process 0
  in thorn Carpet, file /home/runner/work/tests/tests/master/configs/sim/build/Carpet/Comm.cc:103:
  ->[0m Synchronising group "GRHYDRO::DENS" in local mode
[1mWARNING level 2 from host runnervmmprz5.ywk1ih4da4xu3m2ljf0f0mebkf.cx.internal.cloudapp.net process 0
  in thorn Carpet, file /home/runner/work/tests/tests/master/configs/sim/build/Carpet/Comm.cc:103:
  ->[0m Synchronising group "GRHYDRO::SCON" in local mode
[1mWARNING level 2 from host runnervmmprz5.ywk1ih4da4xu3m2ljf0f0mebkf.cx.internal.cloudapp.net process 0
  in thorn Carpet, file /home/runner/work/tests/tests/master/configs/sim/build/Carpet/Comm.cc:103:
  ->[0m Synchronising group "GRHYDRO::BCONS" in local mode
[1mWARNING level 2 from host runnervmmprz5.ywk1ih4da4xu3m2ljf0f0mebkf.cx.internal.cloudapp.net process 0
  in thorn Carpet, file /home/runner/work/tests/tests/master/configs/sim/build/Carpet/Comm.cc:103:
  ->[0m Synchronising group "GRHYDRO::TAU" in local mode
[1mWARNING level 2 from host runnervmmprz5.ywk1ih4da4xu3m2ljf0f0mebkf.cx.internal.cloudapp.net process 0
  in thorn Carpet, file /home/runner/work/tests/tests/master/configs/sim/build/Carpet/Comm.cc:103:
  ->[0m Synchronising group "GRHYDRO::DENS" in local mode
[1mWARNING level 2 from host runnervmmprz5.ywk1ih4da4xu3m2ljf0f0mebkf.cx.internal.cloudapp.net process 0
  in thorn Carpet, file /home/runner/work/tests/tests/master/configs/sim/build/Carpet/Comm.cc:103:
  ->[0m Synchronising group "GRHYDRO::SCON" in local mode
[1mWARNING level 2 from host runnervmmprz5.ywk1ih4da4xu3m2ljf0f0mebkf.cx.internal.cloudapp.net process 0
  in thorn Carpet, file /home/runner/work/tests/tests/master/configs/sim/build/Carpet/Comm.cc:103:
  ->[0m Synchronising group "GRHYDRO::BCONS" in local mode
[1mWARNING level 2 from host runnervmmprz5.ywk1ih4da4xu3m2ljf0f0mebkf.cx.internal.cloudapp.net process 0
  in thorn Carpet, file /home/runner/work/tests/tests/master/configs/sim/build/Carpet/Comm.cc:103:
  ->[0m Synchronising group "GRHYDRO::TAU" in local mode
[1mWARNING level 2 from host runnervmmprz5.ywk1ih4da4xu3m2ljf0f0mebkf.cx.internal.cloudapp.net process 0
  in thorn Carpet, file /home/runner/work/tests/tests/master/configs/sim/build/Carpet/Comm.cc:103:
  ->[0m Synchronising group "GRHYDRO::DENS" in local mode
[1mWARNING level 2 from host runnervmmprz5.ywk1ih4da4xu3m2ljf0f0mebkf.cx.internal.cloudapp.net process 0
  in thorn Carpet, file /home/runner/work/tests/tests/master/configs/sim/build/Carpet/Comm.cc:103:
  ->[0m Synchronising group "GRHYDRO::SCON" in local mode
[1mWARNING level 2 from host runnervmmprz5.ywk1ih4da4xu3m2ljf0f0mebkf.cx.internal.cloudapp.net process 0
  in thorn Carpet, file /home/runner/work/tests/tests/master/configs/sim/build/Carpet/Comm.cc:103:
  ->[0m Synchronising group "GRHYDRO::BCONS" in local mode
[1mWARNING level 2 from host runnervmmprz5.ywk1ih4da4xu3m2ljf0f0mebkf.cx.internal.cloudapp.net process 0
  in thorn Carpet, file /home/runner/work/tests/tests/master/configs/sim/build/Carpet/Comm.cc:103:
  ->[0m Synchronising group "GRHYDRO::TAU" in local mode
[1mWARNING level 2 from host runnervmmprz5.ywk1ih4da4xu3m2ljf0f0mebkf.cx.internal.cloudapp.net process 0
  in thorn Carpet, file /home/runner/work/tests/tests/master/configs/sim/build/Carpet/Comm.cc:103:
  ->[0m Synchronising group "GRHYDRO::DENS" in local mode
[1mWARNING level 2 from host runnervmmprz5.ywk1ih4da4xu3m2ljf0f0mebkf.cx.internal.cloudapp.net process 0
  in thorn Carpet, file /home/runner/work/tests/tests/master/configs/sim/build/Carpet/Comm.cc:103:
  ->[0m Synchronising group "GRHYDRO::SCON" in local mode
[1mWARNING level 2 from host runnervmmprz5.ywk1ih4da4xu3m2ljf0f0mebkf.cx.internal.cloudapp.net process 0
  in thorn Carpet, file /home/runner/work/tests/tests/master/configs/sim/build/Carpet/Comm.cc:103:
  ->[0m Synchronising group "GRHYDRO::BCONS" in local mode
[1mWARNING level 2 from host runnervmmprz5.ywk1ih4da4xu3m2ljf0f0mebkf.cx.internal.cloudapp.net process 0
  in thorn Carpet, file /home/runner/work/tests/tests/master/configs/sim/build/Carpet/Comm.cc:103:
  ->[0m Synchronising group "GRHYDRO::TAU" in local mode
[1mWARNING level 2 from host runnervmmprz5.ywk1ih4da4xu3m2ljf0f0mebkf.cx.internal.cloudapp.net process 0
  in thorn Carpet, file /home/runner/work/tests/tests/master/configs/sim/build/Carpet/Comm.cc:103:
  ->[0m Synchronising group "GRHYDRO::DENS" in local mode
[1mWARNING level 2 from host runnervmmprz5.ywk1ih4da4xu3m2ljf0f0mebkf.cx.internal.cloudapp.net process 0
  in thorn Carpet, file /home/runner/work/tests/tests/master/configs/sim/build/Carpet/Comm.cc:103:
  ->[0m Synchronising group "GRHYDRO::SCON" in local mode
[1mWARNING level 2 from host runnervmmprz5.ywk1ih4da4xu3m2ljf0f0mebkf.cx.internal.cloudapp.net process 0
  in thorn Carpet, file /home/runner/work/tests/tests/master/configs/sim/build/Carpet/Comm.cc:103:
  ->[0m Synchronising group "GRHYDRO::BCONS" in local mode
[1mWARNING level 2 from host runnervmmprz5.ywk1ih4da4xu3m2ljf0f0mebkf.cx.internal.cloudapp.net process 0
  in thorn Carpet, file /home/runner/work/tests/tests/master/configs/sim/build/Carpet/Comm.cc:103:
  ->[0m Synchronising group "GRHYDRO::TAU" in local mode
[1mWARNING level 2 from host runnervmmprz5.ywk1ih4da4xu3m2ljf0f0mebkf.cx.internal.cloudapp.net process 0
  in thorn Carpet, file /home/runner/work/tests/tests/master/configs/sim/build/Carpet/Comm.cc:103:
  ->[0m Synchronising group "GRHYDRO::DENS" in local mode
[1mWARNING level 2 from host runnervmmprz5.ywk1ih4da4xu3m2ljf0f0mebkf.cx.internal.cloudapp.net process 0
  in thorn Carpet, file /home/runner/work/tests/tests/master/configs/sim/build/Carpet/Comm.cc:103:
  ->[0m Synchronising group "GRHYDRO::SCON" in local mode
[1mWARNING level 2 from host runnervmmprz5.ywk1ih4da4xu3m2ljf0f0mebkf.cx.internal.cloudapp.net process 0
  in thorn Carpet, file /home/runner/work/tests/tests/master/configs/sim/build/Carpet/Comm.cc:103:
  ->[0m Synchronising group "GRHYDRO::BCONS" in local mode
[1mWARNING level 2 from host runnervmmprz5.ywk1ih4da4xu3m2ljf0f0mebkf.cx.internal.cloudapp.net process 0
  in thorn Carpet, file /home/runner/work/tests/tests/master/configs/sim/build/Carpet/Comm.cc:103:
  ->[0m Synchronising group "GRHYDRO::TAU" in local mode
[1mWARNING level 2 from host runnervmmprz5.ywk1ih4da4xu3m2ljf0f0mebkf.cx.internal.cloudapp.net process 0
  in thorn Carpet, file /home/runner/work/tests/tests/master/configs/sim/build/Carpet/Comm.cc:103:
  ->[0m Synchronising group "GRHYDRO::DENS" in local mode
[1mWARNING level 2 from host runnervmmprz5.ywk1ih4da4xu3m2ljf0f0mebkf.cx.internal.cloudapp.net process 0
  in thorn Carpet, file /home/runner/work/tests/tests/master/configs/sim/build/Carpet/Comm.cc:103:
  ->[0m Synchronising group "GRHYDRO::SCON" in local mode
[1mWARNING level 2 from host runnervmmprz5.ywk1ih4da4xu3m2ljf0f0mebkf.cx.internal.cloudapp.net process 0
  in thorn Carpet, file /home/runner/work/tests/tests/master/configs/sim/build/Carpet/Comm.cc:103:
  ->[0m Synchronising group "GRHYDRO::BCONS" in local mode
[1mWARNING level 2 from host runnervmmprz5.ywk1ih4da4xu3m2ljf0f0mebkf.cx.internal.cloudapp.net process 0
  in thorn Carpet, file /home/runner/work/tests/tests/master/configs/sim/build/Carpet/Comm.cc:103:
  ->[0m Synchronising group "GRHYDRO::TAU" in local mode
[1mWARNING level 2 from host runnervmmprz5.ywk1ih4da4xu3m2ljf0f0mebkf.cx.internal.cloudapp.net process 0
  in thorn Carpet, file /home/runner/work/tests/tests/master/configs/sim/build/Carpet/Comm.cc:103:
  ->[0m Synchronising group "GRHYDRO::DENS" in local mode
[1mWARNING level 2 from host runnervmmprz5.ywk1ih4da4xu3m2ljf0f0mebkf.cx.internal.cloudapp.net process 0
  in thorn Carpet, file /home/runner/work/tests/tests/master/configs/sim/build/Carpet/Comm.cc:103:
  ->[0m Synchronising group "GRHYDRO::SCON" in local mode
[1mWARNING level 2 from host runnervmmprz5.ywk1ih4da4xu3m2ljf0f0mebkf.cx.internal.cloudapp.net process 0
  in thorn Carpet, file /home/runner/work/tests/tests/master/configs/sim/build/Carpet/Comm.cc:103:
  ->[0m Synchronising group "GRHYDRO::BCONS" in local mode
      GRHydro_InitialAtmosphereReset
Memory statistics from CarpetLib:
   Current number of objects: 206
   Current allocated memory:  2.14 MB
   Maximum number of objects: 208
   Maximum allocated memory:  2.17 MB
   Current administrative memory: 0.756 MB
   Total allocated used system memory: 14.8 MB
   Total allocated free system memory: 0.393 MB
   gh::allmemory:    51184
   dh::allmemory:    598608
   th::allmemory:    13920
   ggf::allmemory:   78024
   gdata::allmemory: 14048
-------------------------------------------------------------------------------------------
Iteration      Time | *me_per_hour | *RO::bcom_sq | *ROBASE::rho | *BASE::press | *axrss_mb
                    |              |      maximum |      maximum |      maximum |   maximum
-------------------------------------------------------------------------------------------
        0     0.000 |    0.0000000 |   96.9999979 |    1.0000000 |   30.0000000 |        63
---------------------------------------------------------------------------------------------------------------------------------------------------------
Time      Time   Imblnc   Timer                                               gettimeof  getrusage      cycle  cycle[avg  cycle[sdv  cycle[min  cycle[max
percent   secs   percent                                                           secs       secs       secs       secs       secs       secs       secs
---------------------------------------------------------------------------------------------------------------------------------------------------------
 100.0%      0.0    0.0%  Initialise                                            0.01691   0.007787  4.134e+07  4.134e+07          0  4.134e+07  4.134e+07
  18.8%      0.0    1.8%  |_CallAnalysis                                       0.003242   0.001195  7.928e+06  7.928e+06          0  7.928e+06  7.928e+06
   4.8%      0.0    3.3%  | |_CCTK_ANALYSIS                                    0.000836   0.000833  2.044e+06  2.044e+06          0  2.044e+06  2.044e+06
   4.4%      0.0    3.4%  | | |_CallFunction                                   0.000774   0.000769   1.89e+06  2.362e+05  9.456e+05  4.224e+04    1.1e+06
   3.4%      0.0    4.8%  | | | |_thorns                                       0.000598   0.000597  1.463e+06  1.829e+05  9.633e+05  1.431e+04  1.062e+06
   2.3%      0.0    8.9%  | | | | |_CarpetLib_printmemstats                    0.000427   0.000427  1.047e+06  1.047e+06          0  1.047e+06  1.047e+06
   1.1%      0.0          | | | |_untimed
  12.7%      0.0    1.4%  | |_OutputGH                                         0.002175   0.000141  5.318e+06  5.318e+06          0  5.318e+06  5.318e+06
  12.6%      0.0    1.5%  | | |_OutputGH                                        0.00217   0.000135  5.305e+06  5.305e+06          0  5.305e+06  5.305e+06
   9.2%      0.0    0.6%  | | | |_IOASCII::IOASCII_1D [2]                      0.001544      4e-06  3.775e+06  3.775e+06          0  3.775e+06  3.775e+06
   9.1%      0.0    0.6%  | | | | |_OutputGH<1>                                0.001537          0  3.761e+06  3.761e+06          0  3.761e+06  3.761e+06
   1.8%      0.0   10.6%  | | | |_IOBasic::CarpetIOBasic [5]                   0.000339          0  8.279e+05  8.279e+05          0  8.279e+05  8.279e+05
   1.8%      0.0   10.5%  | | | | |_OutputGH                                   0.000332          0  8.122e+05  8.122e+05          0  8.122e+05  8.122e+05
   1.0%      0.0          | |_untimed
  45.4%      0.0    0.0%  |_CallInitial                                        0.007684   0.004756  1.879e+07  1.879e+07          0  1.879e+07  1.879e+07
   7.7%      0.0    1.8%  | |_CCTK_BASEGRID                                    0.001327   0.001277  3.246e+06  3.246e+06          0  3.246e+06  3.246e+06
   6.9%      0.0    2.4%  | | |_CallFunction                                   0.001191   0.001144  2.912e+06  1.213e+05  3.479e+05  4.003e+04  2.537e+05
   3.6%      0.0    3.6%  | | | |_thorns                                       0.000633   0.000606  1.549e+06  6.453e+04  2.864e+05  1.237e+04  1.775e+05
   3.3%      0.0          | | | |_untimed
   9.4%      0.0    3.1%  | |_CCTK_INITIAL                                     0.001636   0.001635      4e+06      4e+06          0      4e+06      4e+06
   8.6%      0.0    3.5%  | | |_CallFunction                                   0.001509    0.00151  3.692e+06  1.943e+05  1.457e+06  1.909e+04  1.567e+06
   6.1%      0.0    4.5%  | | | |_thorns                                        0.00109   0.001089  2.662e+06  1.401e+05  1.449e+06  1.267e+04  1.512e+06
   3.5%      0.0    2.6%  | | | | |_GRHydro_shocktubeM                         0.000613   0.000614  1.501e+06  1.501e+06          0  1.501e+06  1.501e+06
   2.5%      0.0          | | | |_untimed
  22.0%      0.0    1.9%  | |_CCTK_POSTINITIAL                                 0.003659    0.00165  8.947e+06  8.947e+06          0  8.947e+06  8.947e+06
  21.0%      0.0    2.0%  | | |_CallFunction                                   0.003478   0.001569  8.505e+06  2.933e+05  2.028e+06  1.198e+04  1.401e+06
   3.4%      0.0    9.5%  | | | |_syncs                                        0.000513   0.000262  1.255e+06  4.182e+05  3.997e+05  9.589e+04  6.237e+05
   3.2%      0.0   10.2%  | | | | |_Sync                                       0.000486    0.00024  1.189e+06  3.962e+05  3.836e+05  8.526e+04  5.843e+05
  14.6%      0.0    0.3%  | | | |_thorns                                       0.002455   0.001093      6e+06  2.069e+05  1.942e+06       7227   1.34e+06
   3.1%      0.0    3.7%  | | | | |_Con2Prim                                   0.000543   0.000341  1.327e+06  1.327e+06          0  1.327e+06  1.327e+06
   8.4%      0.0    1.4%  | | | | |_GRHydro_Diagshock2D_BoundaryM              0.001405   0.000524  3.438e+06  8.594e+05  1.576e+05  7.757e+05  9.875e+05
   5.7%      0.0   20.3%  | | | | | |_Sync                                     0.000719   0.000285  1.753e+06  2.191e+05   1.28e+05  1.784e+05  3.303e+05
   1.0%      0.0    9.9%  | | | | | | |_comm_state[3].state_fill_send_buffer   0.000191    7.2e-05  4.739e+05  5.924e+04  2.745e+04  3.944e+04  6.733e+04
   2.2%      0.0   42.4%  | | | | | | |_comm_state[6].state_do_some_work.ste    9.6e-05    3.4e-05  2.353e+05  2.941e+04  1.655e+04  2.457e+04  4.275e+04
   2.7%      0.0          | | | | | |_untimed
   3.0%      0.0          | | | |_untimed
   1.1%      0.0          | | |_untimed
   5.1%      0.0    0.2%  | |_Poison                                           0.000859   0.000118  2.101e+06  2.101e+06          0  2.101e+06  2.101e+06
  11.0%      0.0    0.1%  |_CallPostInitial                                    0.001863    0.00086  4.554e+06  4.554e+06          0  4.554e+06  4.554e+06
   5.3%      0.0    2.5%  | |_CCTK_POSTPOSTINITIAL                             0.000914   0.000103  2.236e+06  2.236e+06          0  2.236e+06  2.236e+06
   5.0%      0.0    2.3%  | | |_CallFunction                                   0.000865    9.3e-05  2.115e+06  5.288e+05  9.529e+05  1.723e+05  1.347e+06
   4.4%      0.0    2.7%  | | | |_thorns                                       0.000757    7.6e-05  1.852e+06   4.63e+05  9.596e+05  1.058e+05  1.287e+06
   3.0%      0.0    3.1%  | | | | |_Con2Prim                                   0.000521          0  1.274e+06  1.274e+06          0  1.274e+06  1.274e+06
   5.3%      0.0    2.5%  | |_CCTK_POSTSTEP                                    0.000867   0.000686  2.122e+06  2.122e+06          0  2.122e+06  2.122e+06
   5.0%      0.0    2.5%  | | |_CallFunction                                   0.000819   0.000667  2.005e+06  2.865e+05  1.412e+06  2.158e+04  1.592e+06
   4.3%      0.0    2.6%  | | | |_thorns                                       0.000704   0.000615  1.718e+06  2.454e+05  1.395e+06  1.627e+04  1.536e+06
   3.6%      0.0    3.2%  | | | | |_NaNChecker_NaNCheck_Check                  0.000623   0.000589  1.525e+06  1.525e+06          0  1.525e+06  1.525e+06
   8.5%      0.0    2.6%  |_CallSetup                                          0.001396          0  3.415e+06  3.415e+06          0  3.415e+06  3.415e+06
   1.7%      0.0    5.4%  | |_CCTK_PARAMCHECK                                  0.000305          0  7.442e+05  7.442e+05          0  7.442e+05  7.442e+05
   1.3%      0.0    6.8%  | | |_CallFunction                                   0.000237          0  5.818e+05  4.848e+04  2.119e+05  1.661e+04  2.449e+05
   1.2%      0.0    7.6%  | | | |_thorns                                       0.000211          0  4.747e+05  3.956e+04  1.746e+05  1.156e+04  1.986e+05
   2.9%      0.0    8.1%  | |_CCTK_WRAGH                                       0.000539          0  1.317e+06  1.317e+06          0  1.317e+06  1.317e+06
   2.4%      0.0    8.6%  | | |_CallFunction                                   0.000442          0  1.084e+06  6.773e+04  2.576e+05   1.94e+04  2.321e+05
   1.4%      0.0   11.4%  | | | |_thorns                                       0.000263          0  6.414e+05  4.009e+04  1.281e+05  1.438e+04  1.166e+05
   1.0%      0.0          | | | |_untimed
   2.6%      0.0    0.5%  | |_Poison                                           0.000443          0  1.081e+06  1.081e+06          0  1.081e+06  1.081e+06
   1.2%      0.0          | |_untimed
   1.5%      0.0    1.8%  |_CarpetLib::ggf::recompose_allocate                 0.000248   0.000118   6.33e+05       3000  1.341e+04       2621       8330
   1.5%      0.0    4.1%  |_CarpetLib::ggf::recompose_crop                     0.000249   0.000113  5.562e+05       2636  1.553e+04       2401  1.485e+04
   1.2%      0.0    0.5%  |_dh::recompose_free_old                             0.000204    9.6e-05  4.986e+05       2363       6490       2254       6811
  12.0%      0.0          | untimed
---------------------------------------------------------------------------------------------------------------------------------------------------------
---------------------------------------------------------------------------------------------------------------------------------------------------------
Time      Time   Imblnc   Timer                                               gettimeof  getrusage      cycle  cycle[avg  cycle[sdv  cycle[min  cycle[max
percent   secs   percent                                                           secs       secs       secs       secs       secs       secs       secs
---------------------------------------------------------------------------------------------------------------------------------------------------------
 100.0%      0.1    0.0%  meta mode                                             0.06427    0.04511  1.572e+08  5.239e+07  1.283e+08  1.272e+04  1.571e+08
  31.7%      0.0    0.1%  |_meta mode                                           0.02037    0.01125  4.982e+07  1.661e+07  4.064e+07  1.122e+04  4.979e+07
  21.1%      0.0    0.7%  | |_global mode                                       0.01362   0.006633   3.33e+07  2.775e+06  1.548e+07  5.167e+04  1.626e+07
  18.3%      0.0    0.2%  | | |_level(0)                                         0.0118   0.005616  2.887e+07  6.277e+05  1.074e+07       4190  8.867e+06
   1.6%      0.0    0.1%  | | | |_enter_local_mode                             0.000998     0.0005  2.484e+06  1.624e+04  1.661e+05       2180  9.641e+04
  15.3%      0.0          | | | |_untimed
   2.4%      0.0          | | |_untimed
  10.0%      0.0          | |_untimed
  68.3%      0.0          | untimed
---------------------------------------------------------------------------------------------------------------------------------------------------------
[1mWARNING level 2 from host runnervmmprz5.ywk1ih4da4xu3m2ljf0f0mebkf.cx.internal.cloudapp.net process 0
  in thorn Carpet, file /home/runner/work/tests/tests/master/configs/sim/build/Carpet/Comm.cc:103:
  ->[0m Synchronising group "GRHYDRO::TAU" in local mode
[1mWARNING level 2 from host runnervmmprz5.ywk1ih4da4xu3m2ljf0f0mebkf.cx.internal.cloudapp.net process 0
  in thorn Carpet, file /home/runner/work/tests/tests/master/configs/sim/build/Carpet/Comm.cc:103:
  ->[0m Synchronising group "GRHYDRO::DENS" in local mode
[1mWARNING level 2 from host runnervmmprz5.ywk1ih4da4xu3m2ljf0f0mebkf.cx.internal.cloudapp.net process 0
  in thorn Carpet, file /home/runner/work/tests/tests/master/configs/sim/build/Carpet/Comm.cc:103:
  ->[0m Synchronising group "GRHYDRO::SCON" in local mode
[1mWARNING level 2 from host runnervmmprz5.ywk1ih4da4xu3m2ljf0f0mebkf.cx.internal.cloudapp.net process 0
  in thorn Carpet, file /home/runner/work/tests/tests/master/configs/sim/build/Carpet/Comm.cc:103:
  ->[0m Synchronising group "GRHYDRO::BCONS" in local mode
[1mWARNING level 2 from host runnervmmprz5.ywk1ih4da4xu3m2ljf0f0mebkf.cx.internal.cloudapp.net process 0
  in thorn Carpet, file /home/runner/work/tests/tests/master/configs/sim/build/Carpet/Comm.cc:103:
  ->[0m Synchronising group "GRHYDRO::TAU" in local mode
[1mWARNING level 2 from host runnervmmprz5.ywk1ih4da4xu3m2ljf0f0mebkf.cx.internal.cloudapp.net process 0
  in thorn Carpet, file /home/runner/work/tests/tests/master/configs/sim/build/Carpet/Comm.cc:103:
  ->[0m Synchronising group "GRHYDRO::DENS" in local mode
[1mWARNING level 2 from host runnervmmprz5.ywk1ih4da4xu3m2ljf0f0mebkf.cx.internal.cloudapp.net process 0
  in thorn Carpet, file /home/runner/work/tests/tests/master/configs/sim/build/Carpet/Comm.cc:103:
  ->[0m Synchronising group "GRHYDRO::SCON" in local mode
[1mWARNING level 2 from host runnervmmprz5.ywk1ih4da4xu3m2ljf0f0mebkf.cx.internal.cloudapp.net process 0
  in thorn Carpet, file /home/runner/work/tests/tests/master/configs/sim/build/Carpet/Comm.cc:103:
  ->[0m Synchronising group "GRHYDRO::BCONS" in local mode
[1mWARNING level 2 from host runnervmmprz5.ywk1ih4da4xu3m2ljf0f0mebkf.cx.internal.cloudapp.net process 0
  in thorn Carpet, file /home/runner/work/tests/tests/master/configs/sim/build/Carpet/Comm.cc:103:
  ->[0m Synchronising group "GRHYDRO::TAU" in local mode
[1mWARNING level 2 from host runnervmmprz5.ywk1ih4da4xu3m2ljf0f0mebkf.cx.internal.cloudapp.net process 0
  in thorn Carpet, file /home/runner/work/tests/tests/master/configs/sim/build/Carpet/Comm.cc:103:
  ->[0m Synchronising group "GRHYDRO::DENS" in local mode
[1mWARNING level 2 from host runnervmmprz5.ywk1ih4da4xu3m2ljf0f0mebkf.cx.internal.cloudapp.net process 0
  in thorn Carpet, file /home/runner/work/tests/tests/master/configs/sim/build/Carpet/Comm.cc:103:
  ->[0m Synchronising group "GRHYDRO::SCON" in local mode
[1mWARNING level 2 from host runnervmmprz5.ywk1ih4da4xu3m2ljf0f0mebkf.cx.internal.cloudapp.net process 0
  in thorn Carpet, file /home/runner/work/tests/tests/master/configs/sim/build/Carpet/Comm.cc:103:
  ->[0m Synchronising group "GRHYDRO::BCONS" in local mode
[1mWARNING level 2 from host runnervmmprz5.ywk1ih4da4xu3m2ljf0f0mebkf.cx.internal.cloudapp.net process 0
  in thorn Carpet, file /home/runner/work/tests/tests/master/configs/sim/build/Carpet/Comm.cc:103:
  ->[0m Synchronising group "GRHYDRO::TAU" in local mode
[1mWARNING level 2 from host runnervmmprz5.ywk1ih4da4xu3m2ljf0f0mebkf.cx.internal.cloudapp.net process 0
  in thorn Carpet, file /home/runner/work/tests/tests/master/configs/sim/build/Carpet/Comm.cc:103:
  ->[0m Synchronising group "GRHYDRO::DENS" in local mode
[1mWARNING level 2 from host runnervmmprz5.ywk1ih4da4xu3m2ljf0f0mebkf.cx.internal.cloudapp.net process 0
  in thorn Carpet, file /home/runner/work/tests/tests/master/configs/sim/build/Carpet/Comm.cc:103:
  ->[0m Synchronising group "GRHYDRO::SCON" in local mode
[1mWARNING level 2 from host runnervmmprz5.ywk1ih4da4xu3m2ljf0f0mebkf.cx.internal.cloudapp.net process 0
  in thorn Carpet, file /home/runner/work/tests/tests/master/configs/sim/build/Carpet/Comm.cc:103:
  ->[0m Synchronising group "GRHYDRO::BCONS" in local mode
[1mWARNING level 2 from host runnervmmprz5.ywk1ih4da4xu3m2ljf0f0mebkf.cx.internal.cloudapp.net process 0
  in thorn Carpet, file /home/runner/work/tests/tests/master/configs/sim/build/Carpet/Comm.cc:103:
  ->[0m Synchronising group "GRHYDRO::TAU" in local mode
[1mWARNING level 2 from host runnervmmprz5.ywk1ih4da4xu3m2ljf0f0mebkf.cx.internal.cloudapp.net process 0
  in thorn Carpet, file /home/runner/work/tests/tests/master/configs/sim/build/Carpet/Comm.cc:103:
  ->[0m Synchronising group "GRHYDRO::DENS" in local mode
[1mWARNING level 2 from host runnervmmprz5.ywk1ih4da4xu3m2ljf0f0mebkf.cx.internal.cloudapp.net process 0
  in thorn Carpet, file /home/runner/work/tests/tests/master/configs/sim/build/Carpet/Comm.cc:103:
  ->[0m Synchronising group "GRHYDRO::SCON" in local mode
[1mWARNING level 2 from host runnervmmprz5.ywk1ih4da4xu3m2ljf0f0mebkf.cx.internal.cloudapp.net process 0
  in thorn Carpet, file /home/runner/work/tests/tests/master/configs/sim/build/Carpet/Comm.cc:103:
  ->[0m Synchronising group "GRHYDRO::BCONS" in local mode
[1mWARNING level 2 from host runnervmmprz5.ywk1ih4da4xu3m2ljf0f0mebkf.cx.internal.cloudapp.net process 0
  in thorn Carpet, file /home/runner/work/tests/tests/master/configs/sim/build/Carpet/Comm.cc:103:
  ->[0m Synchronising group "GRHYDRO::TAU" in local mode
[1mWARNING level 2 from host runnervmmprz5.ywk1ih4da4xu3m2ljf0f0mebkf.cx.internal.cloudapp.net process 0
  in thorn Carpet, file /home/runner/work/tests/tests/master/configs/sim/build/Carpet/Comm.cc:103:
  ->[0m Synchronising group "GRHYDRO::DENS" in local mode
[1mWARNING level 2 from host runnervmmprz5.ywk1ih4da4xu3m2ljf0f0mebkf.cx.internal.cloudapp.net process 0
  in thorn Carpet, file /home/runner/work/tests/tests/master/configs/sim/build/Carpet/Comm.cc:103:
  ->[0m Synchronising group "GRHYDRO::SCON" in local mode
[1mWARNING level 2 from host runnervmmprz5.ywk1ih4da4xu3m2ljf0f0mebkf.cx.internal.cloudapp.net process 0
  in thorn Carpet, file /home/runner/work/tests/tests/master/configs/sim/build/Carpet/Comm.cc:103:
  ->[0m Synchronising group "GRHYDRO::BCONS" in local mode
[1mWARNING level 2 from host runnervmmprz5.ywk1ih4da4xu3m2ljf0f0mebkf.cx.internal.cloudapp.net process 0
  in thorn Carpet, file /home/runner/work/tests/tests/master/configs/sim/build/Carpet/Comm.cc:103:
  ->[0m Synchronising group "GRHYDRO::TAU" in local mode
[1mWARNING level 2 from host runnervmmprz5.ywk1ih4da4xu3m2ljf0f0mebkf.cx.internal.cloudapp.net process 0
  in thorn Carpet, file /home/runner/work/tests/tests/master/configs/sim/build/Carpet/Comm.cc:103:
  ->[0m Synchronising group "GRHYDRO::DENS" in local mode
[1mWARNING level 2 from host runnervmmprz5.ywk1ih4da4xu3m2ljf0f0mebkf.cx.internal.cloudapp.net process 0
  in thorn Carpet, file /home/runner/work/tests/tests/master/configs/sim/build/Carpet/Comm.cc:103:
  ->[0m Synchronising group "GRHYDRO::SCON" in local mode
[1mWARNING level 2 from host runnervmmprz5.ywk1ih4da4xu3m2ljf0f0mebkf.cx.internal.cloudapp.net process 0
  in thorn Carpet, file /home/runner/work/tests/tests/master/configs/sim/build/Carpet/Comm.cc:103:
  ->[0m Synchronising group "GRHYDRO::BCONS" in local mode
[1mWARNING level 2 from host runnervmmprz5.ywk1ih4da4xu3m2ljf0f0mebkf.cx.internal.cloudapp.net process 0
  in thorn Carpet, file /home/runner/work/tests/tests/master/configs/sim/build/Carpet/Comm.cc:103:
  ->[0m Synchronising group "GRHYDRO::TAU" in local mode
[1mWARNING level 2 from host runnervmmprz5.ywk1ih4da4xu3m2ljf0f0mebkf.cx.internal.cloudapp.net process 0
  in thorn Carpet, file /home/runner/work/tests/tests/master/configs/sim/build/Carpet/Comm.cc:103:
  ->[0m Synchronising group "GRHYDRO::DENS" in local mode
[1mWARNING level 2 from host runnervmmprz5.ywk1ih4da4xu3m2ljf0f0mebkf.cx.internal.cloudapp.net process 0
  in thorn Carpet, file /home/runner/work/tests/tests/master/configs/sim/build/Carpet/Comm.cc:103:
  ->[0m Synchronising group "GRHYDRO::SCON" in local mode
[1mWARNING level 2 from host runnervmmprz5.ywk1ih4da4xu3m2ljf0f0mebkf.cx.internal.cloudapp.net process 0
  in thorn Carpet, file /home/runner/work/tests/tests/master/configs/sim/build/Carpet/Comm.cc:103:
  ->[0m Synchronising group "GRHYDRO::BCONS" in local mode
[1mWARNING level 2 from host runnervmmprz5.ywk1ih4da4xu3m2ljf0f0mebkf.cx.internal.cloudapp.net process 0
  in thorn Carpet, file /home/runner/work/tests/tests/master/configs/sim/build/Carpet/Comm.cc:103:
  ->[0m Synchronising group "GRHYDRO::TAU" in local mode
[1mWARNING level 2 from host runnervmmprz5.ywk1ih4da4xu3m2ljf0f0mebkf.cx.internal.cloudapp.net process 0
  in thorn Carpet, file /home/runner/work/tests/tests/master/configs/sim/build/Carpet/Comm.cc:103:
  ->[0m Synchronising group "GRHYDRO::DENS" in local mode
[1mWARNING level 2 from host runnervmmprz5.ywk1ih4da4xu3m2ljf0f0mebkf.cx.internal.cloudapp.net process 0
  in thorn Carpet, file /home/runner/work/tests/tests/master/configs/sim/build/Carpet/Comm.cc:103:
  ->[0m Synchronising group "GRHYDRO::SCON" in local mode
[1mWARNING level 2 from host runnervmmprz5.ywk1ih4da4xu3m2ljf0f0mebkf.cx.internal.cloudapp.net process 0
  in thorn Carpet, file /home/runner/work/tests/tests/master/configs/sim/build/Carpet/Comm.cc:103:
  ->[0m Synchronising group "GRHYDRO::BCONS" in local mode
[1mWARNING level 2 from host runnervmmprz5.ywk1ih4da4xu3m2ljf0f0mebkf.cx.internal.cloudapp.net process 0
  in thorn Carpet, file /home/runner/work/tests/tests/master/configs/sim/build/Carpet/Comm.cc:103:
  ->[0m Synchronising group "GRHYDRO::TAU" in local mode
[1mWARNING level 2 from host runnervmmprz5.ywk1ih4da4xu3m2ljf0f0mebkf.cx.internal.cloudapp.net process 0
  in thorn Carpet, file /home/runner/work/tests/tests/master/configs/sim/build/Carpet/Comm.cc:103:
  ->[0m Synchronising group "GRHYDRO::DENS" in local mode
[1mWARNING level 2 from host runnervmmprz5.ywk1ih4da4xu3m2ljf0f0mebkf.cx.internal.cloudapp.net process 0
  in thorn Carpet, file /home/runner/work/tests/tests/master/configs/sim/build/Carpet/Comm.cc:103:
  ->[0m Synchronising group "GRHYDRO::SCON" in local mode
[1mWARNING level 2 from host runnervmmprz5.ywk1ih4da4xu3m2ljf0f0mebkf.cx.internal.cloudapp.net process 0
  in thorn Carpet, file /home/runner/work/tests/tests/master/configs/sim/build/Carpet/Comm.cc:103:
  ->[0m Synchronising group "GRHYDRO::BCONS" in local mode
[1mWARNING level 2 from host runnervmmprz5.ywk1ih4da4xu3m2ljf0f0mebkf.cx.internal.cloudapp.net process 0
  in thorn Carpet, file /home/runner/work/tests/tests/master/configs/sim/build/Carpet/Comm.cc:103:
  ->[0m Synchronising group "GRHYDRO::TAU" in local mode
[1mWARNING level 2 from host runnervmmprz5.ywk1ih4da4xu3m2ljf0f0mebkf.cx.internal.cloudapp.net process 0
  in thorn Carpet, file /home/runner/work/tests/tests/master/configs/sim/build/Carpet/Comm.cc:103:
  ->[0m Synchronising group "GRHYDRO::DENS" in local mode
[1mWARNING level 2 from host runnervmmprz5.ywk1ih4da4xu3m2ljf0f0mebkf.cx.internal.cloudapp.net process 0
  in thorn Carpet, file /home/runner/work/tests/tests/master/configs/sim/build/Carpet/Comm.cc:103:
  ->[0m Synchronising group "GRHYDRO::SCON" in local mode
[1mWARNING level 2 from host runnervmmprz5.ywk1ih4da4xu3m2ljf0f0mebkf.cx.internal.cloudapp.net process 0
  in thorn Carpet, file /home/runner/work/tests/tests/master/configs/sim/build/Carpet/Comm.cc:103:
  ->[0m Synchronising group "GRHYDRO::BCONS" in local mode
[1mWARNING level 2 from host runnervmmprz5.ywk1ih4da4xu3m2ljf0f0mebkf.cx.internal.cloudapp.net process 0
  in thorn Carpet, file /home/runner/work/tests/tests/master/configs/sim/build/Carpet/Comm.cc:103:
  ->[0m Synchronising group "GRHYDRO::TAU" in local mode
[1mWARNING level 2 from host runnervmmprz5.ywk1ih4da4xu3m2ljf0f0mebkf.cx.internal.cloudapp.net process 0
  in thorn Carpet, file /home/runner/work/tests/tests/master/configs/sim/build/Carpet/Comm.cc:103:
  ->[0m Synchronising group "GRHYDRO::DENS" in local mode
[1mWARNING level 2 from host runnervmmprz5.ywk1ih4da4xu3m2ljf0f0mebkf.cx.internal.cloudapp.net process 0
  in thorn Carpet, file /home/runner/work/tests/tests/master/configs/sim/build/Carpet/Comm.cc:103:
  ->[0m Synchronising group "GRHYDRO::SCON" in local mode
[1mWARNING level 2 from host runnervmmprz5.ywk1ih4da4xu3m2ljf0f0mebkf.cx.internal.cloudapp.net process 0
  in thorn Carpet, file /home/runner/work/tests/tests/master/configs/sim/build/Carpet/Comm.cc:103:
  ->[0m Synchronising group "GRHYDRO::BCONS" in local mode
[1mWARNING level 2 from host runnervmmprz5.ywk1ih4da4xu3m2ljf0f0mebkf.cx.internal.cloudapp.net process 0
  in thorn Carpet, file /home/runner/work/tests/tests/master/configs/sim/build/Carpet/Comm.cc:103:
  ->[0m Synchronising group "GRHYDRO::TAU" in local mode
[1mWARNING level 2 from host runnervmmprz5.ywk1ih4da4xu3m2ljf0f0mebkf.cx.internal.cloudapp.net process 0
  in thorn Carpet, file /home/runner/work/tests/tests/master/configs/sim/build/Carpet/Comm.cc:103:
  ->[0m Synchronising group "GRHYDRO::DENS" in local mode
[1mWARNING level 2 from host runnervmmprz5.ywk1ih4da4xu3m2ljf0f0mebkf.cx.internal.cloudapp.net process 0
  in thorn Carpet, file /home/runner/work/tests/tests/master/configs/sim/build/Carpet/Comm.cc:103:
  ->[0m Synchronising group "GRHYDRO::SCON" in local mode
[1mWARNING level 2 from host runnervmmprz5.ywk1ih4da4xu3m2ljf0f0mebkf.cx.internal.cloudapp.net process 0
  in thorn Carpet, file /home/runner/work/tests/tests/master/configs/sim/build/Carpet/Comm.cc:103:
  ->[0m Synchronising group "GRHYDRO::BCONS" in local mode
[1mWARNING level 2 from host runnervmmprz5.ywk1ih4da4xu3m2ljf0f0mebkf.cx.internal.cloudapp.net process 0
  in thorn Carpet, file /home/runner/work/tests/tests/master/configs/sim/build/Carpet/Comm.cc:103:
  ->[0m Synchronising group "GRHYDRO::TAU" in local mode
[1mWARNING level 2 from host runnervmmprz5.ywk1ih4da4xu3m2ljf0f0mebkf.cx.internal.cloudapp.net process 0
  in thorn Carpet, file /home/runner/work/tests/tests/master/configs/sim/build/Carpet/Comm.cc:103:
  ->[0m Synchronising group "GRHYDRO::DENS" in local mode
[1mWARNING level 2 from host runnervmmprz5.ywk1ih4da4xu3m2ljf0f0mebkf.cx.internal.cloudapp.net process 0
  in thorn Carpet, file /home/runner/work/tests/tests/master/configs/sim/build/Carpet/Comm.cc:103:
  ->[0m Synchronising group "GRHYDRO::SCON" in local mode
[1mWARNING level 2 from host runnervmmprz5.ywk1ih4da4xu3m2ljf0f0mebkf.cx.internal.cloudapp.net process 0
  in thorn Carpet, file /home/runner/work/tests/tests/master/configs/sim/build/Carpet/Comm.cc:103:
  ->[0m Synchronising group "GRHYDRO::BCONS" in local mode
        1     0.000 |   90.1100102 |   96.9999979 |    1.0002984 |   30.0258693 |        66
[1mWARNING level 2 from host runnervmmprz5.ywk1ih4da4xu3m2ljf0f0mebkf.cx.internal.cloudapp.net process 0
  in thorn Carpet, file /home/runner/work/tests/tests/master/configs/sim/build/Carpet/Comm.cc:103:
  ->[0m Synchronising group "GRHYDRO::TAU" in local mode
[1mWARNING level 2 from host runnervmmprz5.ywk1ih4da4xu3m2ljf0f0mebkf.cx.internal.cloudapp.net process 0
  in thorn Carpet, file /home/runner/work/tests/tests/master/configs/sim/build/Carpet/Comm.cc:103:
  ->[0m Synchronising group "GRHYDRO::DENS" in local mode
[1mWARNING level 2 from host runnervmmprz5.ywk1ih4da4xu3m2ljf0f0mebkf.cx.internal.cloudapp.net process 0
  in thorn Carpet, file /home/runner/work/tests/tests/master/configs/sim/build/Carpet/Comm.cc:103:
  ->[0m Synchronising group "GRHYDRO::SCON" in local mode
[1mWARNING level 2 from host runnervmmprz5.ywk1ih4da4xu3m2ljf0f0mebkf.cx.internal.cloudapp.net process 0
  in thorn Carpet, file /home/runner/work/tests/tests/master/configs/sim/build/Carpet/Comm.cc:103:
  ->[0m Synchronising group "GRHYDRO::BCONS" in local mode
[1mWARNING level 2 from host runnervmmprz5.ywk1ih4da4xu3m2ljf0f0mebkf.cx.internal.cloudapp.net process 0
  in thorn Carpet, file /home/runner/work/tests/tests/master/configs/sim/build/Carpet/Comm.cc:103:
  ->[0m Synchronising group "GRHYDRO::TAU" in local mode
[1mWARNING level 2 from host runnervmmprz5.ywk1ih4da4xu3m2ljf0f0mebkf.cx.internal.cloudapp.net process 0
  in thorn Carpet, file /home/runner/work/tests/tests/master/configs/sim/build/Carpet/Comm.cc:103:
  ->[0m Synchronising group "GRHYDRO::DENS" in local mode
[1mWARNING level 2 from host runnervmmprz5.ywk1ih4da4xu3m2ljf0f0mebkf.cx.internal.cloudapp.net process 0
  in thorn Carpet, file /home/runner/work/tests/tests/master/configs/sim/build/Carpet/Comm.cc:103:
  ->[0m Synchronising group "GRHYDRO::SCON" in local mode
[1mWARNING level 2 from host runnervmmprz5.ywk1ih4da4xu3m2ljf0f0mebkf.cx.internal.cloudapp.net process 0
  in thorn Carpet, file /home/runner/work/tests/tests/master/configs/sim/build/Carpet/Comm.cc:103:
  ->[0m Synchronising group "GRHYDRO::BCONS" in local mode
[1mWARNING level 2 from host runnervmmprz5.ywk1ih4da4xu3m2ljf0f0mebkf.cx.internal.cloudapp.net process 0
  in thorn Carpet, file /home/runner/work/tests/tests/master/configs/sim/build/Carpet/Comm.cc:103:
  ->[0m Synchronising group "GRHYDRO::TAU" in local mode
[1mWARNING level 2 from host runnervmmprz5.ywk1ih4da4xu3m2ljf0f0mebkf.cx.internal.cloudapp.net process 0
  in thorn Carpet, file /home/runner/work/tests/tests/master/configs/sim/build/Carpet/Comm.cc:103:
  ->[0m Synchronising group "GRHYDRO::DENS" in local mode
[1mWARNING level 2 from host runnervmmprz5.ywk1ih4da4xu3m2ljf0f0mebkf.cx.internal.cloudapp.net process 0
  in thorn Carpet, file /home/runner/work/tests/tests/master/configs/sim/build/Carpet/Comm.cc:103:
  ->[0m Synchronising group "GRHYDRO::SCON" in local mode
[1mWARNING level 2 from host runnervmmprz5.ywk1ih4da4xu3m2ljf0f0mebkf.cx.internal.cloudapp.net process 0
  in thorn Carpet, file /home/runner/work/tests/tests/master/configs/sim/build/Carpet/Comm.cc:103:
  ->[0m Synchronising group "GRHYDRO::BCONS" in local mode
[1mWARNING level 2 from host runnervmmprz5.ywk1ih4da4xu3m2ljf0f0mebkf.cx.internal.cloudapp.net process 0
  in thorn Carpet, file /home/runner/work/tests/tests/master/configs/sim/build/Carpet/Comm.cc:103:
  ->[0m Synchronising group "GRHYDRO::TAU" in local mode
[1mWARNING level 2 from host runnervmmprz5.ywk1ih4da4xu3m2ljf0f0mebkf.cx.internal.cloudapp.net process 0
  in thorn Carpet, file /home/runner/work/tests/tests/master/configs/sim/build/Carpet/Comm.cc:103:
  ->[0m Synchronising group "GRHYDRO::DENS" in local mode
[1mWARNING level 2 from host runnervmmprz5.ywk1ih4da4xu3m2ljf0f0mebkf.cx.internal.cloudapp.net process 0
  in thorn Carpet, file /home/runner/work/tests/tests/master/configs/sim/build/Carpet/Comm.cc:103:
  ->[0m Synchronising group "GRHYDRO::SCON" in local mode
[1mWARNING level 2 from host runnervmmprz5.ywk1ih4da4xu3m2ljf0f0mebkf.cx.internal.cloudapp.net process 0
  in thorn Carpet, file /home/runner/work/tests/tests/master/configs/sim/build/Carpet/Comm.cc:103:
  ->[0m Synchronising group "GRHYDRO::BCONS" in local mode
[1mWARNING level 2 from host runnervmmprz5.ywk1ih4da4xu3m2ljf0f0mebkf.cx.internal.cloudapp.net process 0
  in thorn Carpet, file /home/runner/work/tests/tests/master/configs/sim/build/Carpet/Comm.cc:103:
  ->[0m Synchronising group "GRHYDRO::TAU" in local mode
[1mWARNING level 2 from host runnervmmprz5.ywk1ih4da4xu3m2ljf0f0mebkf.cx.internal.cloudapp.net process 0
  in thorn Carpet, file /home/runner/work/tests/tests/master/configs/sim/build/Carpet/Comm.cc:103:
  ->[0m Synchronising group "GRHYDRO::DENS" in local mode
[1mWARNING level 2 from host runnervmmprz5.ywk1ih4da4xu3m2ljf0f0mebkf.cx.internal.cloudapp.net process 0
  in thorn Carpet, file /home/runner/work/tests/tests/master/configs/sim/build/Carpet/Comm.cc:103:
  ->[0m Synchronising group "GRHYDRO::SCON" in local mode
[1mWARNING level 2 from host runnervmmprz5.ywk1ih4da4xu3m2ljf0f0mebkf.cx.internal.cloudapp.net process 0
  in thorn Carpet, file /home/runner/work/tests/tests/master/configs/sim/build/Carpet/Comm.cc:103:
  ->[0m Synchronising group "GRHYDRO::BCONS" in local mode
[1mWARNING level 2 from host runnervmmprz5.ywk1ih4da4xu3m2ljf0f0mebkf.cx.internal.cloudapp.net process 0
  in thorn Carpet, file /home/runner/work/tests/tests/master/configs/sim/build/Carpet/Comm.cc:103:
  ->[0m Synchronising group "GRHYDRO::TAU" in local mode
[1mWARNING level 2 from host runnervmmprz5.ywk1ih4da4xu3m2ljf0f0mebkf.cx.internal.cloudapp.net process 0
  in thorn Carpet, file /home/runner/work/tests/tests/master/configs/sim/build/Carpet/Comm.cc:103:
  ->[0m Synchronising group "GRHYDRO::DENS" in local mode
[1mWARNING level 2 from host runnervmmprz5.ywk1ih4da4xu3m2ljf0f0mebkf.cx.internal.cloudapp.net process 0
  in thorn Carpet, file /home/runner/work/tests/tests/master/configs/sim/build/Carpet/Comm.cc:103:
  ->[0m Synchronising group "GRHYDRO::SCON" in local mode
[1mWARNING level 2 from host runnervmmprz5.ywk1ih4da4xu3m2ljf0f0mebkf.cx.internal.cloudapp.net process 0
  in thorn Carpet, file /home/runner/work/tests/tests/master/configs/sim/build/Carpet/Comm.cc:103:
  ->[0m Synchronising group "GRHYDRO::BCONS" in local mode
[1mWARNING level 2 from host runnervmmprz5.ywk1ih4da4xu3m2ljf0f0mebkf.cx.internal.cloudapp.net process 0
  in thorn Carpet, file /home/runner/work/tests/tests/master/configs/sim/build/Carpet/Comm.cc:103:
  ->[0m Synchronising group "GRHYDRO::TAU" in local mode
[1mWARNING level 2 from host runnervmmprz5.ywk1ih4da4xu3m2ljf0f0mebkf.cx.internal.cloudapp.net process 0
  in thorn Carpet, file /home/runner/work/tests/tests/master/configs/sim/build/Carpet/Comm.cc:103:
  ->[0m Synchronising group "GRHYDRO::DENS" in local mode
[1mWARNING level 2 from host runnervmmprz5.ywk1ih4da4xu3m2ljf0f0mebkf.cx.internal.cloudapp.net process 0
  in thorn Carpet, file /home/runner/work/tests/tests/master/configs/sim/build/Carpet/Comm.cc:103:
  ->[0m Synchronising group "GRHYDRO::SCON" in local mode
[1mWARNING level 2 from host runnervmmprz5.ywk1ih4da4xu3m2ljf0f0mebkf.cx.internal.cloudapp.net process 0
  in thorn Carpet, file /home/runner/work/tests/tests/master/configs/sim/build/Carpet/Comm.cc:103:
  ->[0m Synchronising group "GRHYDRO::BCONS" in local mode
[1mWARNING level 2 from host runnervmmprz5.ywk1ih4da4xu3m2ljf0f0mebkf.cx.internal.cloudapp.net process 0
  in thorn Carpet, file /home/runner/work/tests/tests/master/configs/sim/build/Carpet/Comm.cc:103:
  ->[0m Synchronising group "GRHYDRO::TAU" in local mode
[1mWARNING level 2 from host runnervmmprz5.ywk1ih4da4xu3m2ljf0f0mebkf.cx.internal.cloudapp.net process 0
  in thorn Carpet, file /home/runner/work/tests/tests/master/configs/sim/build/Carpet/Comm.cc:103:
  ->[0m Synchronising group "GRHYDRO::DENS" in local mode
[1mWARNING level 2 from host runnervmmprz5.ywk1ih4da4xu3m2ljf0f0mebkf.cx.internal.cloudapp.net process 0
  in thorn Carpet, file /home/runner/work/tests/tests/master/configs/sim/build/Carpet/Comm.cc:103:
  ->[0m Synchronising group "GRHYDRO::SCON" in local mode
[1mWARNING level 2 from host runnervmmprz5.ywk1ih4da4xu3m2ljf0f0mebkf.cx.internal.cloudapp.net process 0
  in thorn Carpet, file /home/runner/work/tests/tests/master/configs/sim/build/Carpet/Comm.cc:103:
  ->[0m Synchronising group "GRHYDRO::BCONS" in local mode
[1mWARNING level 2 from host runnervmmprz5.ywk1ih4da4xu3m2ljf0f0mebkf.cx.internal.cloudapp.net process 0
  in thorn Carpet, file /home/runner/work/tests/tests/master/configs/sim/build/Carpet/Comm.cc:103:
  ->[0m Synchronising group "GRHYDRO::TAU" in local mode
[1mWARNING level 2 from host runnervmmprz5.ywk1ih4da4xu3m2ljf0f0mebkf.cx.internal.cloudapp.net process 0
  in thorn Carpet, file /home/runner/work/tests/tests/master/configs/sim/build/Carpet/Comm.cc:103:
  ->[0m Synchronising group "GRHYDRO::DENS" in local mode
[1mWARNING level 2 from host runnervmmprz5.ywk1ih4da4xu3m2ljf0f0mebkf.cx.internal.cloudapp.net process 0
  in thorn Carpet, file /home/runner/work/tests/tests/master/configs/sim/build/Carpet/Comm.cc:103:
  ->[0m Synchronising group "GRHYDRO::SCON" in local mode
[1mWARNING level 2 from host runnervmmprz5.ywk1ih4da4xu3m2ljf0f0mebkf.cx.internal.cloudapp.net process 0
  in thorn Carpet, file /home/runner/work/tests/tests/master/configs/sim/build/Carpet/Comm.cc:103:
  ->[0m Synchronising group "GRHYDRO::BCONS" in local mode
[1mWARNING level 2 from host runnervmmprz5.ywk1ih4da4xu3m2ljf0f0mebkf.cx.internal.cloudapp.net process 0
  in thorn Carpet, file /home/runner/work/tests/tests/master/configs/sim/build/Carpet/Comm.cc:103:
  ->[0m Synchronising group "GRHYDRO::TAU" in local mode
[1mWARNING level 2 from host runnervmmprz5.ywk1ih4da4xu3m2ljf0f0mebkf.cx.internal.cloudapp.net process 0
  in thorn Carpet, file /home/runner/work/tests/tests/master/configs/sim/build/Carpet/Comm.cc:103:
  ->[0m Synchronising group "GRHYDRO::DENS" in local mode
[1mWARNING level 2 from host runnervmmprz5.ywk1ih4da4xu3m2ljf0f0mebkf.cx.internal.cloudapp.net process 0
  in thorn Carpet, file /home/runner/work/tests/tests/master/configs/sim/build/Carpet/Comm.cc:103:
  ->[0m Synchronising group "GRHYDRO::SCON" in local mode
[1mWARNING level 2 from host runnervmmprz5.ywk1ih4da4xu3m2ljf0f0mebkf.cx.internal.cloudapp.net process 0
  in thorn Carpet, file /home/runner/work/tests/tests/master/configs/sim/build/Carpet/Comm.cc:103:
  ->[0m Synchronising group "GRHYDRO::BCONS" in local mode
[1mWARNING level 2 from host runnervmmprz5.ywk1ih4da4xu3m2ljf0f0mebkf.cx.internal.cloudapp.net process 0
  in thorn Carpet, file /home/runner/work/tests/tests/master/configs/sim/build/Carpet/Comm.cc:103:
  ->[0m Synchronising group "GRHYDRO::TAU" in local mode
[1mWARNING level 2 from host runnervmmprz5.ywk1ih4da4xu3m2ljf0f0mebkf.cx.internal.cloudapp.net process 0
  in thorn Carpet, file /home/runner/work/tests/tests/master/configs/sim/build/Carpet/Comm.cc:103:
  ->[0m Synchronising group "GRHYDRO::DENS" in local mode
[1mWARNING level 2 from host runnervmmprz5.ywk1ih4da4xu3m2ljf0f0mebkf.cx.internal.cloudapp.net process 0
  in thorn Carpet, file /home/runner/work/tests/tests/master/configs/sim/build/Carpet/Comm.cc:103:
  ->[0m Synchronising group "GRHYDRO::SCON" in local mode
[1mWARNING level 2 from host runnervmmprz5.ywk1ih4da4xu3m2ljf0f0mebkf.cx.internal.cloudapp.net process 0
  in thorn Carpet, file /home/runner/work/tests/tests/master/configs/sim/build/Carpet/Comm.cc:103:
  ->[0m Synchronising group "GRHYDRO::BCONS" in local mode
[1mWARNING level 2 from host runnervmmprz5.ywk1ih4da4xu3m2ljf0f0mebkf.cx.internal.cloudapp.net process 0
  in thorn Carpet, file /home/runner/work/tests/tests/master/configs/sim/build/Carpet/Comm.cc:103:
  ->[0m Synchronising group "GRHYDRO::TAU" in local mode
[1mWARNING level 2 from host runnervmmprz5.ywk1ih4da4xu3m2ljf0f0mebkf.cx.internal.cloudapp.net process 0
  in thorn Carpet, file /home/runner/work/tests/tests/master/configs/sim/build/Carpet/Comm.cc:103:
  ->[0m Synchronising group "GRHYDRO::DENS" in local mode
[1mWARNING level 2 from host runnervmmprz5.ywk1ih4da4xu3m2ljf0f0mebkf.cx.internal.cloudapp.net process 0
  in thorn Carpet, file /home/runner/work/tests/tests/master/configs/sim/build/Carpet/Comm.cc:103:
  ->[0m Synchronising group "GRHYDRO::SCON" in local mode
[1mWARNING level 2 from host runnervmmprz5.ywk1ih4da4xu3m2ljf0f0mebkf.cx.internal.cloudapp.net process 0
  in thorn Carpet, file /home/runner/work/tests/tests/master/configs/sim/build/Carpet/Comm.cc:103:
  ->[0m Synchronising group "GRHYDRO::BCONS" in local mode
[1mWARNING level 2 from host runnervmmprz5.ywk1ih4da4xu3m2ljf0f0mebkf.cx.internal.cloudapp.net process 0
  in thorn Carpet, file /home/runner/work/tests/tests/master/configs/sim/build/Carpet/Comm.cc:103:
  ->[0m Synchronising group "GRHYDRO::TAU" in local mode
[1mWARNING level 2 from host runnervmmprz5.ywk1ih4da4xu3m2ljf0f0mebkf.cx.internal.cloudapp.net process 0
  in thorn Carpet, file /home/runner/work/tests/tests/master/configs/sim/build/Carpet/Comm.cc:103:
  ->[0m Synchronising group "GRHYDRO::DENS" in local mode
[1mWARNING level 2 from host runnervmmprz5.ywk1ih4da4xu3m2ljf0f0mebkf.cx.internal.cloudapp.net process 0
  in thorn Carpet, file /home/runner/work/tests/tests/master/configs/sim/build/Carpet/Comm.cc:103:
  ->[0m Synchronising group "GRHYDRO::SCON" in local mode
[1mWARNING level 2 from host runnervmmprz5.ywk1ih4da4xu3m2ljf0f0mebkf.cx.internal.cloudapp.net process 0
  in thorn Carpet, file /home/runner/work/tests/tests/master/configs/sim/build/Carpet/Comm.cc:103:
  ->[0m Synchronising group "GRHYDRO::BCONS" in local mode
[1mWARNING level 2 from host runnervmmprz5.ywk1ih4da4xu3m2ljf0f0mebkf.cx.internal.cloudapp.net process 0
  in thorn Carpet, file /home/runner/work/tests/tests/master/configs/sim/build/Carpet/Comm.cc:103:
  ->[0m Synchronising group "GRHYDRO::TAU" in local mode
[1mWARNING level 2 from host runnervmmprz5.ywk1ih4da4xu3m2ljf0f0mebkf.cx.internal.cloudapp.net process 0
  in thorn Carpet, file /home/runner/work/tests/tests/master/configs/sim/build/Carpet/Comm.cc:103:
  ->[0m Synchronising group "GRHYDRO::DENS" in local mode
[1mWARNING level 2 from host runnervmmprz5.ywk1ih4da4xu3m2ljf0f0mebkf.cx.internal.cloudapp.net process 0
  in thorn Carpet, file /home/runner/work/tests/tests/master/configs/sim/build/Carpet/Comm.cc:103:
  ->[0m Synchronising group "GRHYDRO::SCON" in local mode
[1mWARNING level 2 from host runnervmmprz5.ywk1ih4da4xu3m2ljf0f0mebkf.cx.internal.cloudapp.net process 0
  in thorn Carpet, file /home/runner/work/tests/tests/master/configs/sim/build/Carpet/Comm.cc:103:
  ->[0m Synchronising group "GRHYDRO::BCONS" in local mode
        2     0.001 |   94.9738026 |   96.9999979 |    1.0010839 |   30.0521664 |        66
[1mWARNING level 2 from host runnervmmprz5.ywk1ih4da4xu3m2ljf0f0mebkf.cx.internal.cloudapp.net process 0
  in thorn Carpet, file /home/runner/work/tests/tests/master/configs/sim/build/Carpet/Comm.cc:103:
  ->[0m Synchronising group "GRHYDRO::TAU" in local mode
[1mWARNING level 2 from host runnervmmprz5.ywk1ih4da4xu3m2ljf0f0mebkf.cx.internal.cloudapp.net process 0
  in thorn Carpet, file /home/runner/work/tests/tests/master/configs/sim/build/Carpet/Comm.cc:103:
  ->[0m Synchronising group "GRHYDRO::DENS" in local mode
[1mWARNING level 2 from host runnervmmprz5.ywk1ih4da4xu3m2ljf0f0mebkf.cx.internal.cloudapp.net process 0
  in thorn Carpet, file /home/runner/work/tests/tests/master/configs/sim/build/Carpet/Comm.cc:103:
  ->[0m Synchronising group "GRHYDRO::SCON" in local mode
[1mWARNING level 2 from host runnervmmprz5.ywk1ih4da4xu3m2ljf0f0mebkf.cx.internal.cloudapp.net process 0
  in thorn Carpet, file /home/runner/work/tests/tests/master/configs/sim/build/Carpet/Comm.cc:103:
  ->[0m Synchronising group "GRHYDRO::BCONS" in local mode
[1mWARNING level 2 from host runnervmmprz5.ywk1ih4da4xu3m2ljf0f0mebkf.cx.internal.cloudapp.net process 0
  in thorn Carpet, file /home/runner/work/tests/tests/master/configs/sim/build/Carpet/Comm.cc:103:
  ->[0m Synchronising group "GRHYDRO::TAU" in local mode
[1mWARNING level 2 from host runnervmmprz5.ywk1ih4da4xu3m2ljf0f0mebkf.cx.internal.cloudapp.net process 0
  in thorn Carpet, file /home/runner/work/tests/tests/master/configs/sim/build/Carpet/Comm.cc:103:
  ->[0m Synchronising group "GRHYDRO::DENS" in local mode
[1mWARNING level 2 from host runnervmmprz5.ywk1ih4da4xu3m2ljf0f0mebkf.cx.internal.cloudapp.net process 0
  in thorn Carpet, file /home/runner/work/tests/tests/master/configs/sim/build/Carpet/Comm.cc:103:
  ->[0m Synchronising group "GRHYDRO::SCON" in local mode
[1mWARNING level 2 from host runnervmmprz5.ywk1ih4da4xu3m2ljf0f0mebkf.cx.internal.cloudapp.net process 0
  in thorn Carpet, file /home/runner/work/tests/tests/master/configs/sim/build/Carpet/Comm.cc:103:
  ->[0m Synchronising group "GRHYDRO::BCONS" in local mode
[1mWARNING level 2 from host runnervmmprz5.ywk1ih4da4xu3m2ljf0f0mebkf.cx.internal.cloudapp.net process 0
  in thorn Carpet, file /home/runner/work/tests/tests/master/configs/sim/build/Carpet/Comm.cc:103:
  ->[0m Synchronising group "GRHYDRO::TAU" in local mode
[1mWARNING level 2 from host runnervmmprz5.ywk1ih4da4xu3m2ljf0f0mebkf.cx.internal.cloudapp.net process 0
  in thorn Carpet, file /home/runner/work/tests/tests/master/configs/sim/build/Carpet/Comm.cc:103:
  ->[0m Synchronising group "GRHYDRO::DENS" in local mode
[1mWARNING level 2 from host runnervmmprz5.ywk1ih4da4xu3m2ljf0f0mebkf.cx.internal.cloudapp.net process 0
  in thorn Carpet, file /home/runner/work/tests/tests/master/configs/sim/build/Carpet/Comm.cc:103:
  ->[0m Synchronising group "GRHYDRO::SCON" in local mode
[1mWARNING level 2 from host runnervmmprz5.ywk1ih4da4xu3m2ljf0f0mebkf.cx.internal.cloudapp.net process 0
  in thorn Carpet, file /home/runner/work/tests/tests/master/configs/sim/build/Carpet/Comm.cc:103:
  ->[0m Synchronising group "GRHYDRO::BCONS" in local mode
[1mWARNING level 2 from host runnervmmprz5.ywk1ih4da4xu3m2ljf0f0mebkf.cx.internal.cloudapp.net process 0
  in thorn Carpet, file /home/runner/work/tests/tests/master/configs/sim/build/Carpet/Comm.cc:103:
  ->[0m Synchronising group "GRHYDRO::TAU" in local mode
[1mWARNING level 2 from host runnervmmprz5.ywk1ih4da4xu3m2ljf0f0mebkf.cx.internal.cloudapp.net process 0
  in thorn Carpet, file /home/runner/work/tests/tests/master/configs/sim/build/Carpet/Comm.cc:103:
  ->[0m Synchronising group "GRHYDRO::DENS" in local mode
[1mWARNING level 2 from host runnervmmprz5.ywk1ih4da4xu3m2ljf0f0mebkf.cx.internal.cloudapp.net process 0
  in thorn Carpet, file /home/runner/work/tests/tests/master/configs/sim/build/Carpet/Comm.cc:103:
  ->[0m Synchronising group "GRHYDRO::SCON" in local mode
[1mWARNING level 2 from host runnervmmprz5.ywk1ih4da4xu3m2ljf0f0mebkf.cx.internal.cloudapp.net process 0
  in thorn Carpet, file /home/runner/work/tests/tests/master/configs/sim/build/Carpet/Comm.cc:103:
  ->[0m Synchronising group "GRHYDRO::BCONS" in local mode
[1mWARNING level 2 from host runnervmmprz5.ywk1ih4da4xu3m2ljf0f0mebkf.cx.internal.cloudapp.net process 0
  in thorn Carpet, file /home/runner/work/tests/tests/master/configs/sim/build/Carpet/Comm.cc:103:
  ->[0m Synchronising group "GRHYDRO::TAU" in local mode
[1mWARNING level 2 from host runnervmmprz5.ywk1ih4da4xu3m2ljf0f0mebkf.cx.internal.cloudapp.net process 0
  in thorn Carpet, file /home/runner/work/tests/tests/master/configs/sim/build/Carpet/Comm.cc:103:
  ->[0m Synchronising group "GRHYDRO::DENS" in local mode
[1mWARNING level 2 from host runnervmmprz5.ywk1ih4da4xu3m2ljf0f0mebkf.cx.internal.cloudapp.net process 0
  in thorn Carpet, file /home/runner/work/tests/tests/master/configs/sim/build/Carpet/Comm.cc:103:
  ->[0m Synchronising group "GRHYDRO::SCON" in local mode
[1mWARNING level 2 from host runnervmmprz5.ywk1ih4da4xu3m2ljf0f0mebkf.cx.internal.cloudapp.net process 0
  in thorn Carpet, file /home/runner/work/tests/tests/master/configs/sim/build/Carpet/Comm.cc:103:
  ->[0m Synchronising group "GRHYDRO::BCONS" in local mode
[1mWARNING level 2 from host runnervmmprz5.ywk1ih4da4xu3m2ljf0f0mebkf.cx.internal.cloudapp.net process 0
  in thorn Carpet, file /home/runner/work/tests/tests/master/configs/sim/build/Carpet/Comm.cc:103:
  ->[0m Synchronising group "GRHYDRO::TAU" in local mode
[1mWARNING level 2 from host runnervmmprz5.ywk1ih4da4xu3m2ljf0f0mebkf.cx.internal.cloudapp.net process 0
  in thorn Carpet, file /home/runner/work/tests/tests/master/configs/sim/build/Carpet/Comm.cc:103:
  ->[0m Synchronising group "GRHYDRO::DENS" in local mode
[1mWARNING level 2 from host runnervmmprz5.ywk1ih4da4xu3m2ljf0f0mebkf.cx.internal.cloudapp.net process 0
  in thorn Carpet, file /home/runner/work/tests/tests/master/configs/sim/build/Carpet/Comm.cc:103:
  ->[0m Synchronising group "GRHYDRO::SCON" in local mode
[1mWARNING level 2 from host runnervmmprz5.ywk1ih4da4xu3m2ljf0f0mebkf.cx.internal.cloudapp.net process 0
  in thorn Carpet, file /home/runner/work/tests/tests/master/configs/sim/build/Carpet/Comm.cc:103:
  ->[0m Synchronising group "GRHYDRO::BCONS" in local mode
[1mWARNING level 2 from host runnervmmprz5.ywk1ih4da4xu3m2ljf0f0mebkf.cx.internal.cloudapp.net process 0
  in thorn Carpet, file /home/runner/work/tests/tests/master/configs/sim/build/Carpet/Comm.cc:103:
  ->[0m Synchronising group "GRHYDRO::TAU" in local mode
[1mWARNING level 2 from host runnervmmprz5.ywk1ih4da4xu3m2ljf0f0mebkf.cx.internal.cloudapp.net process 0
  in thorn Carpet, file /home/runner/work/tests/tests/master/configs/sim/build/Carpet/Comm.cc:103:
  ->[0m Synchronising group "GRHYDRO::DENS" in local mode
[1mWARNING level 2 from host runnervmmprz5.ywk1ih4da4xu3m2ljf0f0mebkf.cx.internal.cloudapp.net process 0
  in thorn Carpet, file /home/runner/work/tests/tests/master/configs/sim/build/Carpet/Comm.cc:103:
  ->[0m Synchronising group "GRHYDRO::SCON" in local mode
[1mWARNING level 2 from host runnervmmprz5.ywk1ih4da4xu3m2ljf0f0mebkf.cx.internal.cloudapp.net process 0
  in thorn Carpet, file /home/runner/work/tests/tests/master/configs/sim/build/Carpet/Comm.cc:103:
  ->[0m Synchronising group "GRHYDRO::BCONS" in local mode
[1mWARNING level 2 from host runnervmmprz5.ywk1ih4da4xu3m2ljf0f0mebkf.cx.internal.cloudapp.net process 0
  in thorn Carpet, file /home/runner/work/tests/tests/master/configs/sim/build/Carpet/Comm.cc:103:
  ->[0m Synchronising group "GRHYDRO::TAU" in local mode
[1mWARNING level 2 from host runnervmmprz5.ywk1ih4da4xu3m2ljf0f0mebkf.cx.internal.cloudapp.net process 0
  in thorn Carpet, file /home/runner/work/tests/tests/master/configs/sim/build/Carpet/Comm.cc:103:
  ->[0m Synchronising group "GRHYDRO::DENS" in local mode
[1mWARNING level 2 from host runnervmmprz5.ywk1ih4da4xu3m2ljf0f0mebkf.cx.internal.cloudapp.net process 0
  in thorn Carpet, file /home/runner/work/tests/tests/master/configs/sim/build/Carpet/Comm.cc:103:
  ->[0m Synchronising group "GRHYDRO::SCON" in local mode
[1mWARNING level 2 from host runnervmmprz5.ywk1ih4da4xu3m2ljf0f0mebkf.cx.internal.cloudapp.net process 0
  in thorn Carpet, file /home/runner/work/tests/tests/master/configs/sim/build/Carpet/Comm.cc:103:
  ->[0m Synchronising group "GRHYDRO::BCONS" in local mode
[1mWARNING level 2 from host runnervmmprz5.ywk1ih4da4xu3m2ljf0f0mebkf.cx.internal.cloudapp.net process 0
  in thorn Carpet, file /home/runner/work/tests/tests/master/configs/sim/build/Carpet/Comm.cc:103:
  ->[0m Synchronising group "GRHYDRO::TAU" in local mode
[1mWARNING level 2 from host runnervmmprz5.ywk1ih4da4xu3m2ljf0f0mebkf.cx.internal.cloudapp.net process 0
  in thorn Carpet, file /home/runner/work/tests/tests/master/configs/sim/build/Carpet/Comm.cc:103:
  ->[0m Synchronising group "GRHYDRO::DENS" in local mode
[1mWARNING level 2 from host runnervmmprz5.ywk1ih4da4xu3m2ljf0f0mebkf.cx.internal.cloudapp.net process 0
  in thorn Carpet, file /home/runner/work/tests/tests/master/configs/sim/build/Carpet/Comm.cc:103:
  ->[0m Synchronising group "GRHYDRO::SCON" in local mode
[1mWARNING level 2 from host runnervmmprz5.ywk1ih4da4xu3m2ljf0f0mebkf.cx.internal.cloudapp.net process 0
  in thorn Carpet, file /home/runner/work/tests/tests/master/configs/sim/build/Carpet/Comm.cc:103:
  ->[0m Synchronising group "GRHYDRO::BCONS" in local mode
[1mWARNING level 2 from host runnervmmprz5.ywk1ih4da4xu3m2ljf0f0mebkf.cx.internal.cloudapp.net process 0
  in thorn Carpet, file /home/runner/work/tests/tests/master/configs/sim/build/Carpet/Comm.cc:103:
  ->[0m Synchronising group "GRHYDRO::TAU" in local mode
[1mWARNING level 2 from host runnervmmprz5.ywk1ih4da4xu3m2ljf0f0mebkf.cx.internal.cloudapp.net process 0
  in thorn Carpet, file /home/runner/work/tests/tests/master/configs/sim/build/Carpet/Comm.cc:103:
  ->[0m Synchronising group "GRHYDRO::DENS" in local mode
[1mWARNING level 2 from host runnervmmprz5.ywk1ih4da4xu3m2ljf0f0mebkf.cx.internal.cloudapp.net process 0
  in thorn Carpet, file /home/runner/work/tests/tests/master/configs/sim/build/Carpet/Comm.cc:103:
  ->[0m Synchronising group "GRHYDRO::SCON" in local mode
[1mWARNING level 2 from host runnervmmprz5.ywk1ih4da4xu3m2ljf0f0mebkf.cx.internal.cloudapp.net process 0
  in thorn Carpet, file /home/runner/work/tests/tests/master/configs/sim/build/Carpet/Comm.cc:103:
  ->[0m Synchronising group "GRHYDRO::BCONS" in local mode
[1mWARNING level 2 from host runnervmmprz5.ywk1ih4da4xu3m2ljf0f0mebkf.cx.internal.cloudapp.net process 0
  in thorn Carpet, file /home/runner/work/tests/tests/master/configs/sim/build/Carpet/Comm.cc:103:
  ->[0m Synchronising group "GRHYDRO::TAU" in local mode
[1mWARNING level 2 from host runnervmmprz5.ywk1ih4da4xu3m2ljf0f0mebkf.cx.internal.cloudapp.net process 0
  in thorn Carpet, file /home/runner/work/tests/tests/master/configs/sim/build/Carpet/Comm.cc:103:
  ->[0m Synchronising group "GRHYDRO::DENS" in local mode
[1mWARNING level 2 from host runnervmmprz5.ywk1ih4da4xu3m2ljf0f0mebkf.cx.internal.cloudapp.net process 0
  in thorn Carpet, file /home/runner/work/tests/tests/master/configs/sim/build/Carpet/Comm.cc:103:
  ->[0m Synchronising group "GRHYDRO::SCON" in local mode
[1mWARNING level 2 from host runnervmmprz5.ywk1ih4da4xu3m2ljf0f0mebkf.cx.internal.cloudapp.net process 0
  in thorn Carpet, file /home/runner/work/tests/tests/master/configs/sim/build/Carpet/Comm.cc:103:
  ->[0m Synchronising group "GRHYDRO::BCONS" in local mode
[1mWARNING level 2 from host runnervmmprz5.ywk1ih4da4xu3m2ljf0f0mebkf.cx.internal.cloudapp.net process 0
  in thorn Carpet, file /home/runner/work/tests/tests/master/configs/sim/build/Carpet/Comm.cc:103:
  ->[0m Synchronising group "GRHYDRO::TAU" in local mode
[1mWARNING level 2 from host runnervmmprz5.ywk1ih4da4xu3m2ljf0f0mebkf.cx.internal.cloudapp.net process 0
  in thorn Carpet, file /home/runner/work/tests/tests/master/configs/sim/build/Carpet/Comm.cc:103:
  ->[0m Synchronising group "GRHYDRO::DENS" in local mode
[1mWARNING level 2 from host runnervmmprz5.ywk1ih4da4xu3m2ljf0f0mebkf.cx.internal.cloudapp.net process 0
  in thorn Carpet, file /home/runner/work/tests/tests/master/configs/sim/build/Carpet/Comm.cc:103:
  ->[0m Synchronising group "GRHYDRO::SCON" in local mode
[1mWARNING level 2 from host runnervmmprz5.ywk1ih4da4xu3m2ljf0f0mebkf.cx.internal.cloudapp.net process 0
  in thorn Carpet, file /home/runner/work/tests/tests/master/configs/sim/build/Carpet/Comm.cc:103:
  ->[0m Synchronising group "GRHYDRO::BCONS" in local mode
[1mWARNING level 2 from host runnervmmprz5.ywk1ih4da4xu3m2ljf0f0mebkf.cx.internal.cloudapp.net process 0
  in thorn Carpet, file /home/runner/work/tests/tests/master/configs/sim/build/Carpet/Comm.cc:103:
  ->[0m Synchronising group "GRHYDRO::TAU" in local mode
[1mWARNING level 2 from host runnervmmprz5.ywk1ih4da4xu3m2ljf0f0mebkf.cx.internal.cloudapp.net process 0
  in thorn Carpet, file /home/runner/work/tests/tests/master/configs/sim/build/Carpet/Comm.cc:103:
  ->[0m Synchronising group "GRHYDRO::DENS" in local mode
[1mWARNING level 2 from host runnervmmprz5.ywk1ih4da4xu3m2ljf0f0mebkf.cx.internal.cloudapp.net process 0
  in thorn Carpet, file /home/runner/work/tests/tests/master/configs/sim/build/Carpet/Comm.cc:103:
  ->[0m Synchronising group "GRHYDRO::SCON" in local mode
[1mWARNING level 2 from host runnervmmprz5.ywk1ih4da4xu3m2ljf0f0mebkf.cx.internal.cloudapp.net process 0
  in thorn Carpet, file /home/runner/work/tests/tests/master/configs/sim/build/Carpet/Comm.cc:103:
  ->[0m Synchronising group "GRHYDRO::BCONS" in local mode
[1mWARNING level 2 from host runnervmmprz5.ywk1ih4da4xu3m2ljf0f0mebkf.cx.internal.cloudapp.net process 0
  in thorn Carpet, file /home/runner/work/tests/tests/master/configs/sim/build/Carpet/Comm.cc:103:
  ->[0m Synchronising group "GRHYDRO::TAU" in local mode
[1mWARNING level 2 from host runnervmmprz5.ywk1ih4da4xu3m2ljf0f0mebkf.cx.internal.cloudapp.net process 0
  in thorn Carpet, file /home/runner/work/tests/tests/master/configs/sim/build/Carpet/Comm.cc:103:
  ->[0m Synchronising group "GRHYDRO::DENS" in local mode
[1mWARNING level 2 from host runnervmmprz5.ywk1ih4da4xu3m2ljf0f0mebkf.cx.internal.cloudapp.net process 0
  in thorn Carpet, file /home/runner/work/tests/tests/master/configs/sim/build/Carpet/Comm.cc:103:
  ->[0m Synchronising group "GRHYDRO::SCON" in local mode
[1mWARNING level 2 from host runnervmmprz5.ywk1ih4da4xu3m2ljf0f0mebkf.cx.internal.cloudapp.net process 0
  in thorn Carpet, file /home/runner/work/tests/tests/master/configs/sim/build/Carpet/Comm.cc:103:
  ->[0m Synchronising group "GRHYDRO::BCONS" in local mode
        3     0.001 |   96.4918773 |   96.9999979 |    1.0021885 |   30.0789123 |        66
[1mWARNING level 2 from host runnervmmprz5.ywk1ih4da4xu3m2ljf0f0mebkf.cx.internal.cloudapp.net process 0
  in thorn Carpet, file /home/runner/work/tests/tests/master/configs/sim/build/Carpet/Comm.cc:103:
  ->[0m Synchronising group "GRHYDRO::TAU" in local mode
[1mWARNING level 2 from host runnervmmprz5.ywk1ih4da4xu3m2ljf0f0mebkf.cx.internal.cloudapp.net process 0
  in thorn Carpet, file /home/runner/work/tests/tests/master/configs/sim/build/Carpet/Comm.cc:103:
  ->[0m Synchronising group "GRHYDRO::DENS" in local mode
[1mWARNING level 2 from host runnervmmprz5.ywk1ih4da4xu3m2ljf0f0mebkf.cx.internal.cloudapp.net process 0
  in thorn Carpet, file /home/runner/work/tests/tests/master/configs/sim/build/Carpet/Comm.cc:103:
  ->[0m Synchronising group "GRHYDRO::SCON" in local mode
[1mWARNING level 2 from host runnervmmprz5.ywk1ih4da4xu3m2ljf0f0mebkf.cx.internal.cloudapp.net process 0
  in thorn Carpet, file /home/runner/work/tests/tests/master/configs/sim/build/Carpet/Comm.cc:103:
  ->[0m Synchronising group "GRHYDRO::BCONS" in local mode
[1mWARNING level 2 from host runnervmmprz5.ywk1ih4da4xu3m2ljf0f0mebkf.cx.internal.cloudapp.net process 0
  in thorn Carpet, file /home/runner/work/tests/tests/master/configs/sim/build/Carpet/Comm.cc:103:
  ->[0m Synchronising group "GRHYDRO::TAU" in local mode
[1mWARNING level 2 from host runnervmmprz5.ywk1ih4da4xu3m2ljf0f0mebkf.cx.internal.cloudapp.net process 0
  in thorn Carpet, file /home/runner/work/tests/tests/master/configs/sim/build/Carpet/Comm.cc:103:
  ->[0m Synchronising group "GRHYDRO::DENS" in local mode
[1mWARNING level 2 from host runnervmmprz5.ywk1ih4da4xu3m2ljf0f0mebkf.cx.internal.cloudapp.net process 0
  in thorn Carpet, file /home/runner/work/tests/tests/master/configs/sim/build/Carpet/Comm.cc:103:
  ->[0m Synchronising group "GRHYDRO::SCON" in local mode
[1mWARNING level 2 from host runnervmmprz5.ywk1ih4da4xu3m2ljf0f0mebkf.cx.internal.cloudapp.net process 0
  in thorn Carpet, file /home/runner/work/tests/tests/master/configs/sim/build/Carpet/Comm.cc:103:
  ->[0m Synchronising group "GRHYDRO::BCONS" in local mode
[1mWARNING level 2 from host runnervmmprz5.ywk1ih4da4xu3m2ljf0f0mebkf.cx.internal.cloudapp.net process 0
  in thorn Carpet, file /home/runner/work/tests/tests/master/configs/sim/build/Carpet/Comm.cc:103:
  ->[0m Synchronising group "GRHYDRO::TAU" in local mode
[1mWARNING level 2 from host runnervmmprz5.ywk1ih4da4xu3m2ljf0f0mebkf.cx.internal.cloudapp.net process 0
  in thorn Carpet, file /home/runner/work/tests/tests/master/configs/sim/build/Carpet/Comm.cc:103:
  ->[0m Synchronising group "GRHYDRO::DENS" in local mode
[1mWARNING level 2 from host runnervmmprz5.ywk1ih4da4xu3m2ljf0f0mebkf.cx.internal.cloudapp.net process 0
  in thorn Carpet, file /home/runner/work/tests/tests/master/configs/sim/build/Carpet/Comm.cc:103:
  ->[0m Synchronising group "GRHYDRO::SCON" in local mode
[1mWARNING level 2 from host runnervmmprz5.ywk1ih4da4xu3m2ljf0f0mebkf.cx.internal.cloudapp.net process 0
  in thorn Carpet, file /home/runner/work/tests/tests/master/configs/sim/build/Carpet/Comm.cc:103:
  ->[0m Synchronising group "GRHYDRO::BCONS" in local mode
[1mWARNING level 2 from host runnervmmprz5.ywk1ih4da4xu3m2ljf0f0mebkf.cx.internal.cloudapp.net process 0
  in thorn Carpet, file /home/runner/work/tests/tests/master/configs/sim/build/Carpet/Comm.cc:103:
  ->[0m Synchronising group "GRHYDRO::TAU" in local mode
[1mWARNING level 2 from host runnervmmprz5.ywk1ih4da4xu3m2ljf0f0mebkf.cx.internal.cloudapp.net process 0
  in thorn Carpet, file /home/runner/work/tests/tests/master/configs/sim/build/Carpet/Comm.cc:103:
  ->[0m Synchronising group "GRHYDRO::DENS" in local mode
[1mWARNING level 2 from host runnervmmprz5.ywk1ih4da4xu3m2ljf0f0mebkf.cx.internal.cloudapp.net process 0
  in thorn Carpet, file /home/runner/work/tests/tests/master/configs/sim/build/Carpet/Comm.cc:103:
  ->[0m Synchronising group "GRHYDRO::SCON" in local mode
[1mWARNING level 2 from host runnervmmprz5.ywk1ih4da4xu3m2ljf0f0mebkf.cx.internal.cloudapp.net process 0
  in thorn Carpet, file /home/runner/work/tests/tests/master/configs/sim/build/Carpet/Comm.cc:103:
  ->[0m Synchronising group "GRHYDRO::BCONS" in local mode
[1mWARNING level 2 from host runnervmmprz5.ywk1ih4da4xu3m2ljf0f0mebkf.cx.internal.cloudapp.net process 0
  in thorn Carpet, file /home/runner/work/tests/tests/master/configs/sim/build/Carpet/Comm.cc:103:
  ->[0m Synchronising group "GRHYDRO::TAU" in local mode
[1mWARNING level 2 from host runnervmmprz5.ywk1ih4da4xu3m2ljf0f0mebkf.cx.internal.cloudapp.net process 0
  in thorn Carpet, file /home/runner/work/tests/tests/master/configs/sim/build/Carpet/Comm.cc:103:
  ->[0m Synchronising group "GRHYDRO::DENS" in local mode
[1mWARNING level 2 from host runnervmmprz5.ywk1ih4da4xu3m2ljf0f0mebkf.cx.internal.cloudapp.net process 0
  in thorn Carpet, file /home/runner/work/tests/tests/master/configs/sim/build/Carpet/Comm.cc:103:
  ->[0m Synchronising group "GRHYDRO::SCON" in local mode
[1mWARNING level 2 from host runnervmmprz5.ywk1ih4da4xu3m2ljf0f0mebkf.cx.internal.cloudapp.net process 0
  in thorn Carpet, file /home/runner/work/tests/tests/master/configs/sim/build/Carpet/Comm.cc:103:
  ->[0m Synchronising group "GRHYDRO::BCONS" in local mode
[1mWARNING level 2 from host runnervmmprz5.ywk1ih4da4xu3m2ljf0f0mebkf.cx.internal.cloudapp.net process 0
  in thorn Carpet, file /home/runner/work/tests/tests/master/configs/sim/build/Carpet/Comm.cc:103:
  ->[0m Synchronising group "GRHYDRO::TAU" in local mode
[1mWARNING level 2 from host runnervmmprz5.ywk1ih4da4xu3m2ljf0f0mebkf.cx.internal.cloudapp.net process 0
  in thorn Carpet, file /home/runner/work/tests/tests/master/configs/sim/build/Carpet/Comm.cc:103:
  ->[0m Synchronising group "GRHYDRO::DENS" in local mode
[1mWARNING level 2 from host runnervmmprz5.ywk1ih4da4xu3m2ljf0f0mebkf.cx.internal.cloudapp.net process 0
  in thorn Carpet, file /home/runner/work/tests/tests/master/configs/sim/build/Carpet/Comm.cc:103:
  ->[0m Synchronising group "GRHYDRO::SCON" in local mode
[1mWARNING level 2 from host runnervmmprz5.ywk1ih4da4xu3m2ljf0f0mebkf.cx.internal.cloudapp.net process 0
  in thorn Carpet, file /home/runner/work/tests/tests/master/configs/sim/build/Carpet/Comm.cc:103:
  ->[0m Synchronising group "GRHYDRO::BCONS" in local mode
[1mWARNING level 2 from host runnervmmprz5.ywk1ih4da4xu3m2ljf0f0mebkf.cx.internal.cloudapp.net process 0
  in thorn Carpet, file /home/runner/work/tests/tests/master/configs/sim/build/Carpet/Comm.cc:103:
  ->[0m Synchronising group "GRHYDRO::TAU" in local mode
[1mWARNING level 2 from host runnervmmprz5.ywk1ih4da4xu3m2ljf0f0mebkf.cx.internal.cloudapp.net process 0
  in thorn Carpet, file /home/runner/work/tests/tests/master/configs/sim/build/Carpet/Comm.cc:103:
  ->[0m Synchronising group "GRHYDRO::DENS" in local mode
[1mWARNING level 2 from host runnervmmprz5.ywk1ih4da4xu3m2ljf0f0mebkf.cx.internal.cloudapp.net process 0
  in thorn Carpet, file /home/runner/work/tests/tests/master/configs/sim/build/Carpet/Comm.cc:103:
  ->[0m Synchronising group "GRHYDRO::SCON" in local mode
[1mWARNING level 2 from host runnervmmprz5.ywk1ih4da4xu3m2ljf0f0mebkf.cx.internal.cloudapp.net process 0
  in thorn Carpet, file /home/runner/work/tests/tests/master/configs/sim/build/Carpet/Comm.cc:103:
  ->[0m Synchronising group "GRHYDRO::BCONS" in local mode
[1mWARNING level 2 from host runnervmmprz5.ywk1ih4da4xu3m2ljf0f0mebkf.cx.internal.cloudapp.net process 0
  in thorn Carpet, file /home/runner/work/tests/tests/master/configs/sim/build/Carpet/Comm.cc:103:
  ->[0m Synchronising group "GRHYDRO::TAU" in local mode
[1mWARNING level 2 from host runnervmmprz5.ywk1ih4da4xu3m2ljf0f0mebkf.cx.internal.cloudapp.net process 0
  in thorn Carpet, file /home/runner/work/tests/tests/master/configs/sim/build/Carpet/Comm.cc:103:
  ->[0m Synchronising group "GRHYDRO::DENS" in local mode
[1mWARNING level 2 from host runnervmmprz5.ywk1ih4da4xu3m2ljf0f0mebkf.cx.internal.cloudapp.net process 0
  in thorn Carpet, file /home/runner/work/tests/tests/master/configs/sim/build/Carpet/Comm.cc:103:
  ->[0m Synchronising group "GRHYDRO::SCON" in local mode
[1mWARNING level 2 from host runnervmmprz5.ywk1ih4da4xu3m2ljf0f0mebkf.cx.internal.cloudapp.net process 0
  in thorn Carpet, file /home/runner/work/tests/tests/master/configs/sim/build/Carpet/Comm.cc:103:
  ->[0m Synchronising group "GRHYDRO::BCONS" in local mode
[1mWARNING level 2 from host runnervmmprz5.ywk1ih4da4xu3m2ljf0f0mebkf.cx.internal.cloudapp.net process 0
  in thorn Carpet, file /home/runner/work/tests/tests/master/configs/sim/build/Carpet/Comm.cc:103:
  ->[0m Synchronising group "GRHYDRO::TAU" in local mode
[1mWARNING level 2 from host runnervmmprz5.ywk1ih4da4xu3m2ljf0f0mebkf.cx.internal.cloudapp.net process 0
  in thorn Carpet, file /home/runner/work/tests/tests/master/configs/sim/build/Carpet/Comm.cc:103:
  ->[0m Synchronising group "GRHYDRO::DENS" in local mode
[1mWARNING level 2 from host runnervmmprz5.ywk1ih4da4xu3m2ljf0f0mebkf.cx.internal.cloudapp.net process 0
  in thorn Carpet, file /home/runner/work/tests/tests/master/configs/sim/build/Carpet/Comm.cc:103:
  ->[0m Synchronising group "GRHYDRO::SCON" in local mode
[1mWARNING level 2 from host runnervmmprz5.ywk1ih4da4xu3m2ljf0f0mebkf.cx.internal.cloudapp.net process 0
  in thorn Carpet, file /home/runner/work/tests/tests/master/configs/sim/build/Carpet/Comm.cc:103:
  ->[0m Synchronising group "GRHYDRO::BCONS" in local mode
[1mWARNING level 2 from host runnervmmprz5.ywk1ih4da4xu3m2ljf0f0mebkf.cx.internal.cloudapp.net process 0
  in thorn Carpet, file /home/runner/work/tests/tests/master/configs/sim/build/Carpet/Comm.cc:103:
  ->[0m Synchronising group "GRHYDRO::TAU" in local mode
[1mWARNING level 2 from host runnervmmprz5.ywk1ih4da4xu3m2ljf0f0mebkf.cx.internal.cloudapp.net process 0
  in thorn Carpet, file /home/runner/work/tests/tests/master/configs/sim/build/Carpet/Comm.cc:103:
  ->[0m Synchronising group "GRHYDRO::DENS" in local mode
[1mWARNING level 2 from host runnervmmprz5.ywk1ih4da4xu3m2ljf0f0mebkf.cx.internal.cloudapp.net process 0
  in thorn Carpet, file /home/runner/work/tests/tests/master/configs/sim/build/Carpet/Comm.cc:103:
  ->[0m Synchronising group "GRHYDRO::SCON" in local mode
[1mWARNING level 2 from host runnervmmprz5.ywk1ih4da4xu3m2ljf0f0mebkf.cx.internal.cloudapp.net process 0
  in thorn Carpet, file /home/runner/work/tests/tests/master/configs/sim/build/Carpet/Comm.cc:103:
  ->[0m Synchronising group "GRHYDRO::BCONS" in local mode
[1mWARNING level 2 from host runnervmmprz5.ywk1ih4da4xu3m2ljf0f0mebkf.cx.internal.cloudapp.net process 0
  in thorn Carpet, file /home/runner/work/tests/tests/master/configs/sim/build/Carpet/Comm.cc:103:
  ->[0m Synchronising group "GRHYDRO::TAU" in local mode
[1mWARNING level 2 from host runnervmmprz5.ywk1ih4da4xu3m2ljf0f0mebkf.cx.internal.cloudapp.net process 0
  in thorn Carpet, file /home/runner/work/tests/tests/master/configs/sim/build/Carpet/Comm.cc:103:
  ->[0m Synchronising group "GRHYDRO::DENS" in local mode
[1mWARNING level 2 from host runnervmmprz5.ywk1ih4da4xu3m2ljf0f0mebkf.cx.internal.cloudapp.net process 0
  in thorn Carpet, file /home/runner/work/tests/tests/master/configs/sim/build/Carpet/Comm.cc:103:
  ->[0m Synchronising group "GRHYDRO::SCON" in local mode
[1mWARNING level 2 from host runnervmmprz5.ywk1ih4da4xu3m2ljf0f0mebkf.cx.internal.cloudapp.net process 0
  in thorn Carpet, file /home/runner/work/tests/tests/master/configs/sim/build/Carpet/Comm.cc:103:
  ->[0m Synchronising group "GRHYDRO::BCONS" in local mode
[1mWARNING level 2 from host runnervmmprz5.ywk1ih4da4xu3m2ljf0f0mebkf.cx.internal.cloudapp.net process 0
  in thorn Carpet, file /home/runner/work/tests/tests/master/configs/sim/build/Carpet/Comm.cc:103:
  ->[0m Synchronising group "GRHYDRO::TAU" in local mode
[1mWARNING level 2 from host runnervmmprz5.ywk1ih4da4xu3m2ljf0f0mebkf.cx.internal.cloudapp.net process 0
  in thorn Carpet, file /home/runner/work/tests/tests/master/configs/sim/build/Carpet/Comm.cc:103:
  ->[0m Synchronising group "GRHYDRO::DENS" in local mode
[1mWARNING level 2 from host runnervmmprz5.ywk1ih4da4xu3m2ljf0f0mebkf.cx.internal.cloudapp.net process 0
  in thorn Carpet, file /home/runner/work/tests/tests/master/configs/sim/build/Carpet/Comm.cc:103:
  ->[0m Synchronising group "GRHYDRO::SCON" in local mode
[1mWARNING level 2 from host runnervmmprz5.ywk1ih4da4xu3m2ljf0f0mebkf.cx.internal.cloudapp.net process 0
  in thorn Carpet, file /home/runner/work/tests/tests/master/configs/sim/build/Carpet/Comm.cc:103:
  ->[0m Synchronising group "GRHYDRO::BCONS" in local mode
[1mWARNING level 2 from host runnervmmprz5.ywk1ih4da4xu3m2ljf0f0mebkf.cx.internal.cloudapp.net process 0
  in thorn Carpet, file /home/runner/work/tests/tests/master/configs/sim/build/Carpet/Comm.cc:103:
  ->[0m Synchronising group "GRHYDRO::TAU" in local mode
[1mWARNING level 2 from host runnervmmprz5.ywk1ih4da4xu3m2ljf0f0mebkf.cx.internal.cloudapp.net process 0
  in thorn Carpet, file /home/runner/work/tests/tests/master/configs/sim/build/Carpet/Comm.cc:103:
  ->[0m Synchronising group "GRHYDRO::DENS" in local mode
[1mWARNING level 2 from host runnervmmprz5.ywk1ih4da4xu3m2ljf0f0mebkf.cx.internal.cloudapp.net process 0
  in thorn Carpet, file /home/runner/work/tests/tests/master/configs/sim/build/Carpet/Comm.cc:103:
  ->[0m Synchronising group "GRHYDRO::SCON" in local mode
[1mWARNING level 2 from host runnervmmprz5.ywk1ih4da4xu3m2ljf0f0mebkf.cx.internal.cloudapp.net process 0
  in thorn Carpet, file /home/runner/work/tests/tests/master/configs/sim/build/Carpet/Comm.cc:103:
  ->[0m Synchronising group "GRHYDRO::BCONS" in local mode
[1mWARNING level 2 from host runnervmmprz5.ywk1ih4da4xu3m2ljf0f0mebkf.cx.internal.cloudapp.net process 0
  in thorn Carpet, file /home/runner/work/tests/tests/master/configs/sim/build/Carpet/Comm.cc:103:
  ->[0m Synchronising group "GRHYDRO::TAU" in local mode
[1mWARNING level 2 from host runnervmmprz5.ywk1ih4da4xu3m2ljf0f0mebkf.cx.internal.cloudapp.net process 0
  in thorn Carpet, file /home/runner/work/tests/tests/master/configs/sim/build/Carpet/Comm.cc:103:
  ->[0m Synchronising group "GRHYDRO::DENS" in local mode
[1mWARNING level 2 from host runnervmmprz5.ywk1ih4da4xu3m2ljf0f0mebkf.cx.internal.cloudapp.net process 0
  in thorn Carpet, file /home/runner/work/tests/tests/master/configs/sim/build/Carpet/Comm.cc:103:
  ->[0m Synchronising group "GRHYDRO::SCON" in local mode
[1mWARNING level 2 from host runnervmmprz5.ywk1ih4da4xu3m2ljf0f0mebkf.cx.internal.cloudapp.net process 0
  in thorn Carpet, file /home/runner/work/tests/tests/master/configs/sim/build/Carpet/Comm.cc:103:
  ->[0m Synchronising group "GRHYDRO::BCONS" in local mode
        4     0.001 |   97.6031491 |   96.9999979 |    1.0035269 |   30.1061615 |        66
[1mWARNING level 2 from host runnervmmprz5.ywk1ih4da4xu3m2ljf0f0mebkf.cx.internal.cloudapp.net process 0
  in thorn Carpet, file /home/runner/work/tests/tests/master/configs/sim/build/Carpet/Comm.cc:103:
  ->[0m Synchronising group "GRHYDRO::TAU" in local mode
[1mWARNING level 2 from host runnervmmprz5.ywk1ih4da4xu3m2ljf0f0mebkf.cx.internal.cloudapp.net process 0
  in thorn Carpet, file /home/runner/work/tests/tests/master/configs/sim/build/Carpet/Comm.cc:103:
  ->[0m Synchronising group "GRHYDRO::DENS" in local mode
[1mWARNING level 2 from host runnervmmprz5.ywk1ih4da4xu3m2ljf0f0mebkf.cx.internal.cloudapp.net process 0
  in thorn Carpet, file /home/runner/work/tests/tests/master/configs/sim/build/Carpet/Comm.cc:103:
  ->[0m Synchronising group "GRHYDRO::SCON" in local mode
[1mWARNING level 2 from host runnervmmprz5.ywk1ih4da4xu3m2ljf0f0mebkf.cx.internal.cloudapp.net process 0
  in thorn Carpet, file /home/runner/work/tests/tests/master/configs/sim/build/Carpet/Comm.cc:103:
  ->[0m Synchronising group "GRHYDRO::BCONS" in local mode
[1mWARNING level 2 from host runnervmmprz5.ywk1ih4da4xu3m2ljf0f0mebkf.cx.internal.cloudapp.net process 0
  in thorn Carpet, file /home/runner/work/tests/tests/master/configs/sim/build/Carpet/Comm.cc:103:
  ->[0m Synchronising group "GRHYDRO::TAU" in local mode
[1mWARNING level 2 from host runnervmmprz5.ywk1ih4da4xu3m2ljf0f0mebkf.cx.internal.cloudapp.net process 0
  in thorn Carpet, file /home/runner/work/tests/tests/master/configs/sim/build/Carpet/Comm.cc:103:
  ->[0m Synchronising group "GRHYDRO::DENS" in local mode
[1mWARNING level 2 from host runnervmmprz5.ywk1ih4da4xu3m2ljf0f0mebkf.cx.internal.cloudapp.net process 0
  in thorn Carpet, file /home/runner/work/tests/tests/master/configs/sim/build/Carpet/Comm.cc:103:
  ->[0m Synchronising group "GRHYDRO::SCON" in local mode
[1mWARNING level 2 from host runnervmmprz5.ywk1ih4da4xu3m2ljf0f0mebkf.cx.internal.cloudapp.net process 0
  in thorn Carpet, file /home/runner/work/tests/tests/master/configs/sim/build/Carpet/Comm.cc:103:
  ->[0m Synchronising group "GRHYDRO::BCONS" in local mode
[1mWARNING level 2 from host runnervmmprz5.ywk1ih4da4xu3m2ljf0f0mebkf.cx.internal.cloudapp.net process 0
  in thorn Carpet, file /home/runner/work/tests/tests/master/configs/sim/build/Carpet/Comm.cc:103:
  ->[0m Synchronising group "GRHYDRO::TAU" in local mode
[1mWARNING level 2 from host runnervmmprz5.ywk1ih4da4xu3m2ljf0f0mebkf.cx.internal.cloudapp.net process 0
  in thorn Carpet, file /home/runner/work/tests/tests/master/configs/sim/build/Carpet/Comm.cc:103:
  ->[0m Synchronising group "GRHYDRO::DENS" in local mode
[1mWARNING level 2 from host runnervmmprz5.ywk1ih4da4xu3m2ljf0f0mebkf.cx.internal.cloudapp.net process 0
  in thorn Carpet, file /home/runner/work/tests/tests/master/configs/sim/build/Carpet/Comm.cc:103:
  ->[0m Synchronising group "GRHYDRO::SCON" in local mode
[1mWARNING level 2 from host runnervmmprz5.ywk1ih4da4xu3m2ljf0f0mebkf.cx.internal.cloudapp.net process 0
  in thorn Carpet, file /home/runner/work/tests/tests/master/configs/sim/build/Carpet/Comm.cc:103:
  ->[0m Synchronising group "GRHYDRO::BCONS" in local mode
[1mWARNING level 2 from host runnervmmprz5.ywk1ih4da4xu3m2ljf0f0mebkf.cx.internal.cloudapp.net process 0
  in thorn Carpet, file /home/runner/work/tests/tests/master/configs/sim/build/Carpet/Comm.cc:103:
  ->[0m Synchronising group "GRHYDRO::TAU" in local mode
[1mWARNING level 2 from host runnervmmprz5.ywk1ih4da4xu3m2ljf0f0mebkf.cx.internal.cloudapp.net process 0
  in thorn Carpet, file /home/runner/work/tests/tests/master/configs/sim/build/Carpet/Comm.cc:103:
  ->[0m Synchronising group "GRHYDRO::DENS" in local mode
[1mWARNING level 2 from host runnervmmprz5.ywk1ih4da4xu3m2ljf0f0mebkf.cx.internal.cloudapp.net process 0
  in thorn Carpet, file /home/runner/work/tests/tests/master/configs/sim/build/Carpet/Comm.cc:103:
  ->[0m Synchronising group "GRHYDRO::SCON" in local mode
[1mWARNING level 2 from host runnervmmprz5.ywk1ih4da4xu3m2ljf0f0mebkf.cx.internal.cloudapp.net process 0
  in thorn Carpet, file /home/runner/work/tests/tests/master/configs/sim/build/Carpet/Comm.cc:103:
  ->[0m Synchronising group "GRHYDRO::BCONS" in local mode
[1mWARNING level 2 from host runnervmmprz5.ywk1ih4da4xu3m2ljf0f0mebkf.cx.internal.cloudapp.net process 0
  in thorn Carpet, file /home/runner/work/tests/tests/master/configs/sim/build/Carpet/Comm.cc:103:
  ->[0m Synchronising group "GRHYDRO::TAU" in local mode
[1mWARNING level 2 from host runnervmmprz5.ywk1ih4da4xu3m2ljf0f0mebkf.cx.internal.cloudapp.net process 0
  in thorn Carpet, file /home/runner/work/tests/tests/master/configs/sim/build/Carpet/Comm.cc:103:
  ->[0m Synchronising group "GRHYDRO::DENS" in local mode
[1mWARNING level 2 from host runnervmmprz5.ywk1ih4da4xu3m2ljf0f0mebkf.cx.internal.cloudapp.net process 0
  in thorn Carpet, file /home/runner/work/tests/tests/master/configs/sim/build/Carpet/Comm.cc:103:
  ->[0m Synchronising group "GRHYDRO::SCON" in local mode
[1mWARNING level 2 from host runnervmmprz5.ywk1ih4da4xu3m2ljf0f0mebkf.cx.internal.cloudapp.net process 0
  in thorn Carpet, file /home/runner/work/tests/tests/master/configs/sim/build/Carpet/Comm.cc:103:
  ->[0m Synchronising group "GRHYDRO::BCONS" in local mode
[1mWARNING level 2 from host runnervmmprz5.ywk1ih4da4xu3m2ljf0f0mebkf.cx.internal.cloudapp.net process 0
  in thorn Carpet, file /home/runner/work/tests/tests/master/configs/sim/build/Carpet/Comm.cc:103:
  ->[0m Synchronising group "GRHYDRO::TAU" in local mode
[1mWARNING level 2 from host runnervmmprz5.ywk1ih4da4xu3m2ljf0f0mebkf.cx.internal.cloudapp.net process 0
  in thorn Carpet, file /home/runner/work/tests/tests/master/configs/sim/build/Carpet/Comm.cc:103:
  ->[0m Synchronising group "GRHYDRO::DENS" in local mode
[1mWARNING level 2 from host runnervmmprz5.ywk1ih4da4xu3m2ljf0f0mebkf.cx.internal.cloudapp.net process 0
  in thorn Carpet, file /home/runner/work/tests/tests/master/configs/sim/build/Carpet/Comm.cc:103:
  ->[0m Synchronising group "GRHYDRO::SCON" in local mode
[1mWARNING level 2 from host runnervmmprz5.ywk1ih4da4xu3m2ljf0f0mebkf.cx.internal.cloudapp.net process 0
  in thorn Carpet, file /home/runner/work/tests/tests/master/configs/sim/build/Carpet/Comm.cc:103:
  ->[0m Synchronising group "GRHYDRO::BCONS" in local mode
[1mWARNING level 2 from host runnervmmprz5.ywk1ih4da4xu3m2ljf0f0mebkf.cx.internal.cloudapp.net process 0
  in thorn Carpet, file /home/runner/work/tests/tests/master/configs/sim/build/Carpet/Comm.cc:103:
  ->[0m Synchronising group "GRHYDRO::TAU" in local mode
[1mWARNING level 2 from host runnervmmprz5.ywk1ih4da4xu3m2ljf0f0mebkf.cx.internal.cloudapp.net process 0
  in thorn Carpet, file /home/runner/work/tests/tests/master/configs/sim/build/Carpet/Comm.cc:103:
  ->[0m Synchronising group "GRHYDRO::DENS" in local mode
[1mWARNING level 2 from host runnervmmprz5.ywk1ih4da4xu3m2ljf0f0mebkf.cx.internal.cloudapp.net process 0
  in thorn Carpet, file /home/runner/work/tests/tests/master/configs/sim/build/Carpet/Comm.cc:103:
  ->[0m Synchronising group "GRHYDRO::SCON" in local mode
[1mWARNING level 2 from host runnervmmprz5.ywk1ih4da4xu3m2ljf0f0mebkf.cx.internal.cloudapp.net process 0
  in thorn Carpet, file /home/runner/work/tests/tests/master/configs/sim/build/Carpet/Comm.cc:103:
  ->[0m Synchronising group "GRHYDRO::BCONS" in local mode
[1mWARNING level 2 from host runnervmmprz5.ywk1ih4da4xu3m2ljf0f0mebkf.cx.internal.cloudapp.net process 0
  in thorn Carpet, file /home/runner/work/tests/tests/master/configs/sim/build/Carpet/Comm.cc:103:
  ->[0m Synchronising group "GRHYDRO::TAU" in local mode
[1mWARNING level 2 from host runnervmmprz5.ywk1ih4da4xu3m2ljf0f0mebkf.cx.internal.cloudapp.net process 0
  in thorn Carpet, file /home/runner/work/tests/tests/master/configs/sim/build/Carpet/Comm.cc:103:
  ->[0m Synchronising group "GRHYDRO::DENS" in local mode
[1mWARNING level 2 from host runnervmmprz5.ywk1ih4da4xu3m2ljf0f0mebkf.cx.internal.cloudapp.net process 0
  in thorn Carpet, file /home/runner/work/tests/tests/master/configs/sim/build/Carpet/Comm.cc:103:
  ->[0m Synchronising group "GRHYDRO::SCON" in local mode
[1mWARNING level 2 from host runnervmmprz5.ywk1ih4da4xu3m2ljf0f0mebkf.cx.internal.cloudapp.net process 0
  in thorn Carpet, file /home/runner/work/tests/tests/master/configs/sim/build/Carpet/Comm.cc:103:
  ->[0m Synchronising group "GRHYDRO::BCONS" in local mode
[1mWARNING level 2 from host runnervmmprz5.ywk1ih4da4xu3m2ljf0f0mebkf.cx.internal.cloudapp.net process 0
  in thorn Carpet, file /home/runner/work/tests/tests/master/configs/sim/build/Carpet/Comm.cc:103:
  ->[0m Synchronising group "GRHYDRO::TAU" in local mode
[1mWARNING level 2 from host runnervmmprz5.ywk1ih4da4xu3m2ljf0f0mebkf.cx.internal.cloudapp.net process 0
  in thorn Carpet, file /home/runner/work/tests/tests/master/configs/sim/build/Carpet/Comm.cc:103:
  ->[0m Synchronising group "GRHYDRO::DENS" in local mode
[1mWARNING level 2 from host runnervmmprz5.ywk1ih4da4xu3m2ljf0f0mebkf.cx.internal.cloudapp.net process 0
  in thorn Carpet, file /home/runner/work/tests/tests/master/configs/sim/build/Carpet/Comm.cc:103:
  ->[0m Synchronising group "GRHYDRO::SCON" in local mode
[1mWARNING level 2 from host runnervmmprz5.ywk1ih4da4xu3m2ljf0f0mebkf.cx.internal.cloudapp.net process 0
  in thorn Carpet, file /home/runner/work/tests/tests/master/configs/sim/build/Carpet/Comm.cc:103:
  ->[0m Synchronising group "GRHYDRO::BCONS" in local mode
[1mWARNING level 2 from host runnervmmprz5.ywk1ih4da4xu3m2ljf0f0mebkf.cx.internal.cloudapp.net process 0
  in thorn Carpet, file /home/runner/work/tests/tests/master/configs/sim/build/Carpet/Comm.cc:103:
  ->[0m Synchronising group "GRHYDRO::TAU" in local mode
[1mWARNING level 2 from host runnervmmprz5.ywk1ih4da4xu3m2ljf0f0mebkf.cx.internal.cloudapp.net process 0
  in thorn Carpet, file /home/runner/work/tests/tests/master/configs/sim/build/Carpet/Comm.cc:103:
  ->[0m Synchronising group "GRHYDRO::DENS" in local mode
[1mWARNING level 2 from host runnervmmprz5.ywk1ih4da4xu3m2ljf0f0mebkf.cx.internal.cloudapp.net process 0
  in thorn Carpet, file /home/runner/work/tests/tests/master/configs/sim/build/Carpet/Comm.cc:103:
  ->[0m Synchronising group "GRHYDRO::SCON" in local mode
[1mWARNING level 2 from host runnervmmprz5.ywk1ih4da4xu3m2ljf0f0mebkf.cx.internal.cloudapp.net process 0
  in thorn Carpet, file /home/runner/work/tests/tests/master/configs/sim/build/Carpet/Comm.cc:103:
  ->[0m Synchronising group "GRHYDRO::BCONS" in local mode
[1mWARNING level 2 from host runnervmmprz5.ywk1ih4da4xu3m2ljf0f0mebkf.cx.internal.cloudapp.net process 0
  in thorn Carpet, file /home/runner/work/tests/tests/master/configs/sim/build/Carpet/Comm.cc:103:
  ->[0m Synchronising group "GRHYDRO::TAU" in local mode
[1mWARNING level 2 from host runnervmmprz5.ywk1ih4da4xu3m2ljf0f0mebkf.cx.internal.cloudapp.net process 0
  in thorn Carpet, file /home/runner/work/tests/tests/master/configs/sim/build/Carpet/Comm.cc:103:
  ->[0m Synchronising group "GRHYDRO::DENS" in local mode
[1mWARNING level 2 from host runnervmmprz5.ywk1ih4da4xu3m2ljf0f0mebkf.cx.internal.cloudapp.net process 0
  in thorn Carpet, file /home/runner/work/tests/tests/master/configs/sim/build/Carpet/Comm.cc:103:
  ->[0m Synchronising group "GRHYDRO::SCON" in local mode
[1mWARNING level 2 from host runnervmmprz5.ywk1ih4da4xu3m2ljf0f0mebkf.cx.internal.cloudapp.net process 0
  in thorn Carpet, file /home/runner/work/tests/tests/master/configs/sim/build/Carpet/Comm.cc:103:
  ->[0m Synchronising group "GRHYDRO::BCONS" in local mode
[1mWARNING level 2 from host runnervmmprz5.ywk1ih4da4xu3m2ljf0f0mebkf.cx.internal.cloudapp.net process 0
  in thorn Carpet, file /home/runner/work/tests/tests/master/configs/sim/build/Carpet/Comm.cc:103:
  ->[0m Synchronising group "GRHYDRO::TAU" in local mode
[1mWARNING level 2 from host runnervmmprz5.ywk1ih4da4xu3m2ljf0f0mebkf.cx.internal.cloudapp.net process 0
  in thorn Carpet, file /home/runner/work/tests/tests/master/configs/sim/build/Carpet/Comm.cc:103:
  ->[0m Synchronising group "GRHYDRO::DENS" in local mode
[1mWARNING level 2 from host runnervmmprz5.ywk1ih4da4xu3m2ljf0f0mebkf.cx.internal.cloudapp.net process 0
  in thorn Carpet, file /home/runner/work/tests/tests/master/configs/sim/build/Carpet/Comm.cc:103:
  ->[0m Synchronising group "GRHYDRO::SCON" in local mode
[1mWARNING level 2 from host runnervmmprz5.ywk1ih4da4xu3m2ljf0f0mebkf.cx.internal.cloudapp.net process 0
  in thorn Carpet, file /home/runner/work/tests/tests/master/configs/sim/build/Carpet/Comm.cc:103:
  ->[0m Synchronising group "GRHYDRO::BCONS" in local mode
[1mWARNING level 2 from host runnervmmprz5.ywk1ih4da4xu3m2ljf0f0mebkf.cx.internal.cloudapp.net process 0
  in thorn Carpet, file /home/runner/work/tests/tests/master/configs/sim/build/Carpet/Comm.cc:103:
  ->[0m Synchronising group "GRHYDRO::TAU" in local mode
[1mWARNING level 2 from host runnervmmprz5.ywk1ih4da4xu3m2ljf0f0mebkf.cx.internal.cloudapp.net process 0
  in thorn Carpet, file /home/runner/work/tests/tests/master/configs/sim/build/Carpet/Comm.cc:103:
  ->[0m Synchronising group "GRHYDRO::DENS" in local mode
[1mWARNING level 2 from host runnervmmprz5.ywk1ih4da4xu3m2ljf0f0mebkf.cx.internal.cloudapp.net process 0
  in thorn Carpet, file /home/runner/work/tests/tests/master/configs/sim/build/Carpet/Comm.cc:103:
  ->[0m Synchronising group "GRHYDRO::SCON" in local mode
[1mWARNING level 2 from host runnervmmprz5.ywk1ih4da4xu3m2ljf0f0mebkf.cx.internal.cloudapp.net process 0
  in thorn Carpet, file /home/runner/work/tests/tests/master/configs/sim/build/Carpet/Comm.cc:103:
  ->[0m Synchronising group "GRHYDRO::BCONS" in local mode
[1mWARNING level 2 from host runnervmmprz5.ywk1ih4da4xu3m2ljf0f0mebkf.cx.internal.cloudapp.net process 0
  in thorn Carpet, file /home/runner/work/tests/tests/master/configs/sim/build/Carpet/Comm.cc:103:
  ->[0m Synchronising group "GRHYDRO::TAU" in local mode
[1mWARNING level 2 from host runnervmmprz5.ywk1ih4da4xu3m2ljf0f0mebkf.cx.internal.cloudapp.net process 0
  in thorn Carpet, file /home/runner/work/tests/tests/master/configs/sim/build/Carpet/Comm.cc:103:
  ->[0m Synchronising group "GRHYDRO::DENS" in local mode
[1mWARNING level 2 from host runnervmmprz5.ywk1ih4da4xu3m2ljf0f0mebkf.cx.internal.cloudapp.net process 0
  in thorn Carpet, file /home/runner/work/tests/tests/master/configs/sim/build/Carpet/Comm.cc:103:
  ->[0m Synchronising group "GRHYDRO::SCON" in local mode
[1mWARNING level 2 from host runnervmmprz5.ywk1ih4da4xu3m2ljf0f0mebkf.cx.internal.cloudapp.net process 0
  in thorn Carpet, file /home/runner/work/tests/tests/master/configs/sim/build/Carpet/Comm.cc:103:
  ->[0m Synchronising group "GRHYDRO::BCONS" in local mode
        5     0.002 |   98.2077934 |   96.9999979 |    1.0050474 |   30.1339889 |        66
[1mWARNING level 2 from host runnervmmprz5.ywk1ih4da4xu3m2ljf0f0mebkf.cx.internal.cloudapp.net process 0
  in thorn Carpet, file /home/runner/work/tests/tests/master/configs/sim/build/Carpet/Comm.cc:103:
  ->[0m Synchronising group "GRHYDRO::TAU" in local mode
[1mWARNING level 2 from host runnervmmprz5.ywk1ih4da4xu3m2ljf0f0mebkf.cx.internal.cloudapp.net process 0
  in thorn Carpet, file /home/runner/work/tests/tests/master/configs/sim/build/Carpet/Comm.cc:103:
  ->[0m Synchronising group "GRHYDRO::DENS" in local mode
[1mWARNING level 2 from host runnervmmprz5.ywk1ih4da4xu3m2ljf0f0mebkf.cx.internal.cloudapp.net process 0
  in thorn Carpet, file /home/runner/work/tests/tests/master/configs/sim/build/Carpet/Comm.cc:103:
  ->[0m Synchronising group "GRHYDRO::SCON" in local mode
[1mWARNING level 2 from host runnervmmprz5.ywk1ih4da4xu3m2ljf0f0mebkf.cx.internal.cloudapp.net process 0
  in thorn Carpet, file /home/runner/work/tests/tests/master/configs/sim/build/Carpet/Comm.cc:103:
  ->[0m Synchronising group "GRHYDRO::BCONS" in local mode
[1mWARNING level 2 from host runnervmmprz5.ywk1ih4da4xu3m2ljf0f0mebkf.cx.internal.cloudapp.net process 0
  in thorn Carpet, file /home/runner/work/tests/tests/master/configs/sim/build/Carpet/Comm.cc:103:
  ->[0m Synchronising group "GRHYDRO::TAU" in local mode
[1mWARNING level 2 from host runnervmmprz5.ywk1ih4da4xu3m2ljf0f0mebkf.cx.internal.cloudapp.net process 0
  in thorn Carpet, file /home/runner/work/tests/tests/master/configs/sim/build/Carpet/Comm.cc:103:
  ->[0m Synchronising group "GRHYDRO::DENS" in local mode
[1mWARNING level 2 from host runnervmmprz5.ywk1ih4da4xu3m2ljf0f0mebkf.cx.internal.cloudapp.net process 0
  in thorn Carpet, file /home/runner/work/tests/tests/master/configs/sim/build/Carpet/Comm.cc:103:
  ->[0m Synchronising group "GRHYDRO::SCON" in local mode
[1mWARNING level 2 from host runnervmmprz5.ywk1ih4da4xu3m2ljf0f0mebkf.cx.internal.cloudapp.net process 0
  in thorn Carpet, file /home/runner/work/tests/tests/master/configs/sim/build/Carpet/Comm.cc:103:
  ->[0m Synchronising group "GRHYDRO::BCONS" in local mode
[1mWARNING level 2 from host runnervmmprz5.ywk1ih4da4xu3m2ljf0f0mebkf.cx.internal.cloudapp.net process 0
  in thorn Carpet, file /home/runner/work/tests/tests/master/configs/sim/build/Carpet/Comm.cc:103:
  ->[0m Synchronising group "GRHYDRO::TAU" in local mode
[1mWARNING level 2 from host runnervmmprz5.ywk1ih4da4xu3m2ljf0f0mebkf.cx.internal.cloudapp.net process 0
  in thorn Carpet, file /home/runner/work/tests/tests/master/configs/sim/build/Carpet/Comm.cc:103:
  ->[0m Synchronising group "GRHYDRO::DENS" in local mode
[1mWARNING level 2 from host runnervmmprz5.ywk1ih4da4xu3m2ljf0f0mebkf.cx.internal.cloudapp.net process 0
  in thorn Carpet, file /home/runner/work/tests/tests/master/configs/sim/build/Carpet/Comm.cc:103:
  ->[0m Synchronising group "GRHYDRO::SCON" in local mode
[1mWARNING level 2 from host runnervmmprz5.ywk1ih4da4xu3m2ljf0f0mebkf.cx.internal.cloudapp.net process 0
  in thorn Carpet, file /home/runner/work/tests/tests/master/configs/sim/build/Carpet/Comm.cc:103:
  ->[0m Synchronising group "GRHYDRO::BCONS" in local mode
[1mWARNING level 2 from host runnervmmprz5.ywk1ih4da4xu3m2ljf0f0mebkf.cx.internal.cloudapp.net process 0
  in thorn Carpet, file /home/runner/work/tests/tests/master/configs/sim/build/Carpet/Comm.cc:103:
  ->[0m Synchronising group "GRHYDRO::TAU" in local mode
[1mWARNING level 2 from host runnervmmprz5.ywk1ih4da4xu3m2ljf0f0mebkf.cx.internal.cloudapp.net process 0
  in thorn Carpet, file /home/runner/work/tests/tests/master/configs/sim/build/Carpet/Comm.cc:103:
  ->[0m Synchronising group "GRHYDRO::DENS" in local mode
[1mWARNING level 2 from host runnervmmprz5.ywk1ih4da4xu3m2ljf0f0mebkf.cx.internal.cloudapp.net process 0
  in thorn Carpet, file /home/runner/work/tests/tests/master/configs/sim/build/Carpet/Comm.cc:103:
  ->[0m Synchronising group "GRHYDRO::SCON" in local mode
[1mWARNING level 2 from host runnervmmprz5.ywk1ih4da4xu3m2ljf0f0mebkf.cx.internal.cloudapp.net process 0
  in thorn Carpet, file /home/runner/work/tests/tests/master/configs/sim/build/Carpet/Comm.cc:103:
  ->[0m Synchronising group "GRHYDRO::BCONS" in local mode
[1mWARNING level 2 from host runnervmmprz5.ywk1ih4da4xu3m2ljf0f0mebkf.cx.internal.cloudapp.net process 0
  in thorn Carpet, file /home/runner/work/tests/tests/master/configs/sim/build/Carpet/Comm.cc:103:
  ->[0m Synchronising group "GRHYDRO::TAU" in local mode
[1mWARNING level 2 from host runnervmmprz5.ywk1ih4da4xu3m2ljf0f0mebkf.cx.internal.cloudapp.net process 0
  in thorn Carpet, file /home/runner/work/tests/tests/master/configs/sim/build/Carpet/Comm.cc:103:
  ->[0m Synchronising group "GRHYDRO::DENS" in local mode
[1mWARNING level 2 from host runnervmmprz5.ywk1ih4da4xu3m2ljf0f0mebkf.cx.internal.cloudapp.net process 0
  in thorn Carpet, file /home/runner/work/tests/tests/master/configs/sim/build/Carpet/Comm.cc:103:
  ->[0m Synchronising group "GRHYDRO::SCON" in local mode
[1mWARNING level 2 from host runnervmmprz5.ywk1ih4da4xu3m2ljf0f0mebkf.cx.internal.cloudapp.net process 0
  in thorn Carpet, file /home/runner/work/tests/tests/master/configs/sim/build/Carpet/Comm.cc:103:
  ->[0m Synchronising group "GRHYDRO::BCONS" in local mode
[1mWARNING level 2 from host runnervmmprz5.ywk1ih4da4xu3m2ljf0f0mebkf.cx.internal.cloudapp.net process 0
  in thorn Carpet, file /home/runner/work/tests/tests/master/configs/sim/build/Carpet/Comm.cc:103:
  ->[0m Synchronising group "GRHYDRO::TAU" in local mode
[1mWARNING level 2 from host runnervmmprz5.ywk1ih4da4xu3m2ljf0f0mebkf.cx.internal.cloudapp.net process 0
  in thorn Carpet, file /home/runner/work/tests/tests/master/configs/sim/build/Carpet/Comm.cc:103:
  ->[0m Synchronising group "GRHYDRO::DENS" in local mode
[1mWARNING level 2 from host runnervmmprz5.ywk1ih4da4xu3m2ljf0f0mebkf.cx.internal.cloudapp.net process 0
  in thorn Carpet, file /home/runner/work/tests/tests/master/configs/sim/build/Carpet/Comm.cc:103:
  ->[0m Synchronising group "GRHYDRO::SCON" in local mode
[1mWARNING level 2 from host runnervmmprz5.ywk1ih4da4xu3m2ljf0f0mebkf.cx.internal.cloudapp.net process 0
  in thorn Carpet, file /home/runner/work/tests/tests/master/configs/sim/build/Carpet/Comm.cc:103:
  ->[0m Synchronising group "GRHYDRO::BCONS" in local mode
[1mWARNING level 2 from host runnervmmprz5.ywk1ih4da4xu3m2ljf0f0mebkf.cx.internal.cloudapp.net process 0
  in thorn Carpet, file /home/runner/work/tests/tests/master/configs/sim/build/Carpet/Comm.cc:103:
  ->[0m Synchronising group "GRHYDRO::TAU" in local mode
[1mWARNING level 2 from host runnervmmprz5.ywk1ih4da4xu3m2ljf0f0mebkf.cx.internal.cloudapp.net process 0
  in thorn Carpet, file /home/runner/work/tests/tests/master/configs/sim/build/Carpet/Comm.cc:103:
  ->[0m Synchronising group "GRHYDRO::DENS" in local mode
[1mWARNING level 2 from host runnervmmprz5.ywk1ih4da4xu3m2ljf0f0mebkf.cx.internal.cloudapp.net process 0
  in thorn Carpet, file /home/runner/work/tests/tests/master/configs/sim/build/Carpet/Comm.cc:103:
  ->[0m Synchronising group "GRHYDRO::SCON" in local mode
[1mWARNING level 2 from host runnervmmprz5.ywk1ih4da4xu3m2ljf0f0mebkf.cx.internal.cloudapp.net process 0
  in thorn Carpet, file /home/runner/work/tests/tests/master/configs/sim/build/Carpet/Comm.cc:103:
  ->[0m Synchronising group "GRHYDRO::BCONS" in local mode
[1mWARNING level 2 from host runnervmmprz5.ywk1ih4da4xu3m2ljf0f0mebkf.cx.internal.cloudapp.net process 0
  in thorn Carpet, file /home/runner/work/tests/tests/master/configs/sim/build/Carpet/Comm.cc:103:
  ->[0m Synchronising group "GRHYDRO::TAU" in local mode
[1mWARNING level 2 from host runnervmmprz5.ywk1ih4da4xu3m2ljf0f0mebkf.cx.internal.cloudapp.net process 0
  in thorn Carpet, file /home/runner/work/tests/tests/master/configs/sim/build/Carpet/Comm.cc:103:
  ->[0m Synchronising group "GRHYDRO::DENS" in local mode
[1mWARNING level 2 from host runnervmmprz5.ywk1ih4da4xu3m2ljf0f0mebkf.cx.internal.cloudapp.net process 0
  in thorn Carpet, file /home/runner/work/tests/tests/master/configs/sim/build/Carpet/Comm.cc:103:
  ->[0m Synchronising group "GRHYDRO::SCON" in local mode
[1mWARNING level 2 from host runnervmmprz5.ywk1ih4da4xu3m2ljf0f0mebkf.cx.internal.cloudapp.net process 0
  in thorn Carpet, file /home/runner/work/tests/tests/master/configs/sim/build/Carpet/Comm.cc:103:
  ->[0m Synchronising group "GRHYDRO::BCONS" in local mode
[1mWARNING level 2 from host runnervmmprz5.ywk1ih4da4xu3m2ljf0f0mebkf.cx.internal.cloudapp.net process 0
  in thorn Carpet, file /home/runner/work/tests/tests/master/configs/sim/build/Carpet/Comm.cc:103:
  ->[0m Synchronising group "GRHYDRO::TAU" in local mode
[1mWARNING level 2 from host runnervmmprz5.ywk1ih4da4xu3m2ljf0f0mebkf.cx.internal.cloudapp.net process 0
  in thorn Carpet, file /home/runner/work/tests/tests/master/configs/sim/build/Carpet/Comm.cc:103:
  ->[0m Synchronising group "GRHYDRO::DENS" in local mode
[1mWARNING level 2 from host runnervmmprz5.ywk1ih4da4xu3m2ljf0f0mebkf.cx.internal.cloudapp.net process 0
  in thorn Carpet, file /home/runner/work/tests/tests/master/configs/sim/build/Carpet/Comm.cc:103:
  ->[0m Synchronising group "GRHYDRO::SCON" in local mode
[1mWARNING level 2 from host runnervmmprz5.ywk1ih4da4xu3m2ljf0f0mebkf.cx.internal.cloudapp.net process 0
  in thorn Carpet, file /home/runner/work/tests/tests/master/configs/sim/build/Carpet/Comm.cc:103:
  ->[0m Synchronising group "GRHYDRO::BCONS" in local mode
[1mWARNING level 2 from host runnervmmprz5.ywk1ih4da4xu3m2ljf0f0mebkf.cx.internal.cloudapp.net process 0
  in thorn Carpet, file /home/runner/work/tests/tests/master/configs/sim/build/Carpet/Comm.cc:103:
  ->[0m Synchronising group "GRHYDRO::TAU" in local mode
[1mWARNING level 2 from host runnervmmprz5.ywk1ih4da4xu3m2ljf0f0mebkf.cx.internal.cloudapp.net process 0
  in thorn Carpet, file /home/runner/work/tests/tests/master/configs/sim/build/Carpet/Comm.cc:103:
  ->[0m Synchronising group "GRHYDRO::DENS" in local mode
[1mWARNING level 2 from host runnervmmprz5.ywk1ih4da4xu3m2ljf0f0mebkf.cx.internal.cloudapp.net process 0
  in thorn Carpet, file /home/runner/work/tests/tests/master/configs/sim/build/Carpet/Comm.cc:103:
  ->[0m Synchronising group "GRHYDRO::SCON" in local mode
[1mWARNING level 2 from host runnervmmprz5.ywk1ih4da4xu3m2ljf0f0mebkf.cx.internal.cloudapp.net process 0
  in thorn Carpet, file /home/runner/work/tests/tests/master/configs/sim/build/Carpet/Comm.cc:103:
  ->[0m Synchronising group "GRHYDRO::BCONS" in local mode
[1mWARNING level 2 from host runnervmmprz5.ywk1ih4da4xu3m2ljf0f0mebkf.cx.internal.cloudapp.net process 0
  in thorn Carpet, file /home/runner/work/tests/tests/master/configs/sim/build/Carpet/Comm.cc:103:
  ->[0m Synchronising group "GRHYDRO::TAU" in local mode
[1mWARNING level 2 from host runnervmmprz5.ywk1ih4da4xu3m2ljf0f0mebkf.cx.internal.cloudapp.net process 0
  in thorn Carpet, file /home/runner/work/tests/tests/master/configs/sim/build/Carpet/Comm.cc:103:
  ->[0m Synchronising group "GRHYDRO::DENS" in local mode
[1mWARNING level 2 from host runnervmmprz5.ywk1ih4da4xu3m2ljf0f0mebkf.cx.internal.cloudapp.net process 0
  in thorn Carpet, file /home/runner/work/tests/tests/master/configs/sim/build/Carpet/Comm.cc:103:
  ->[0m Synchronising group "GRHYDRO::SCON" in local mode
[1mWARNING level 2 from host runnervmmprz5.ywk1ih4da4xu3m2ljf0f0mebkf.cx.internal.cloudapp.net process 0
  in thorn Carpet, file /home/runner/work/tests/tests/master/configs/sim/build/Carpet/Comm.cc:103:
  ->[0m Synchronising group "GRHYDRO::BCONS" in local mode
[1mWARNING level 2 from host runnervmmprz5.ywk1ih4da4xu3m2ljf0f0mebkf.cx.internal.cloudapp.net process 0
  in thorn Carpet, file /home/runner/work/tests/tests/master/configs/sim/build/Carpet/Comm.cc:103:
  ->[0m Synchronising group "GRHYDRO::TAU" in local mode
[1mWARNING level 2 from host runnervmmprz5.ywk1ih4da4xu3m2ljf0f0mebkf.cx.internal.cloudapp.net process 0
  in thorn Carpet, file /home/runner/work/tests/tests/master/configs/sim/build/Carpet/Comm.cc:103:
  ->[0m Synchronising group "GRHYDRO::DENS" in local mode
[1mWARNING level 2 from host runnervmmprz5.ywk1ih4da4xu3m2ljf0f0mebkf.cx.internal.cloudapp.net process 0
  in thorn Carpet, file /home/runner/work/tests/tests/master/configs/sim/build/Carpet/Comm.cc:103:
  ->[0m Synchronising group "GRHYDRO::SCON" in local mode
[1mWARNING level 2 from host runnervmmprz5.ywk1ih4da4xu3m2ljf0f0mebkf.cx.internal.cloudapp.net process 0
  in thorn Carpet, file /home/runner/work/tests/tests/master/configs/sim/build/Carpet/Comm.cc:103:
  ->[0m Synchronising group "GRHYDRO::BCONS" in local mode
[1mWARNING level 2 from host runnervmmprz5.ywk1ih4da4xu3m2ljf0f0mebkf.cx.internal.cloudapp.net process 0
  in thorn Carpet, file /home/runner/work/tests/tests/master/configs/sim/build/Carpet/Comm.cc:103:
  ->[0m Synchronising group "GRHYDRO::TAU" in local mode
[1mWARNING level 2 from host runnervmmprz5.ywk1ih4da4xu3m2ljf0f0mebkf.cx.internal.cloudapp.net process 0
  in thorn Carpet, file /home/runner/work/tests/tests/master/configs/sim/build/Carpet/Comm.cc:103:
  ->[0m Synchronising group "GRHYDRO::DENS" in local mode
[1mWARNING level 2 from host runnervmmprz5.ywk1ih4da4xu3m2ljf0f0mebkf.cx.internal.cloudapp.net process 0
  in thorn Carpet, file /home/runner/work/tests/tests/master/configs/sim/build/Carpet/Comm.cc:103:
  ->[0m Synchronising group "GRHYDRO::SCON" in local mode
[1mWARNING level 2 from host runnervmmprz5.ywk1ih4da4xu3m2ljf0f0mebkf.cx.internal.cloudapp.net process 0
  in thorn Carpet, file /home/runner/work/tests/tests/master/configs/sim/build/Carpet/Comm.cc:103:
  ->[0m Synchronising group "GRHYDRO::BCONS" in local mode
[1mWARNING level 2 from host runnervmmprz5.ywk1ih4da4xu3m2ljf0f0mebkf.cx.internal.cloudapp.net process 0
  in thorn Carpet, file /home/runner/work/tests/tests/master/configs/sim/build/Carpet/Comm.cc:103:
  ->[0m Synchronising group "GRHYDRO::TAU" in local mode
[1mWARNING level 2 from host runnervmmprz5.ywk1ih4da4xu3m2ljf0f0mebkf.cx.internal.cloudapp.net process 0
  in thorn Carpet, file /home/runner/work/tests/tests/master/configs/sim/build/Carpet/Comm.cc:103:
  ->[0m Synchronising group "GRHYDRO::DENS" in local mode
[1mWARNING level 2 from host runnervmmprz5.ywk1ih4da4xu3m2ljf0f0mebkf.cx.internal.cloudapp.net process 0
  in thorn Carpet, file /home/runner/work/tests/tests/master/configs/sim/build/Carpet/Comm.cc:103:
  ->[0m Synchronising group "GRHYDRO::SCON" in local mode
[1mWARNING level 2 from host runnervmmprz5.ywk1ih4da4xu3m2ljf0f0mebkf.cx.internal.cloudapp.net process 0
  in thorn Carpet, file /home/runner/work/tests/tests/master/configs/sim/build/Carpet/Comm.cc:103:
  ->[0m Synchronising group "GRHYDRO::BCONS" in local mode
        6     0.002 |   98.7044114 |   96.9999979 |    1.0067148 |   30.1624220 |        66
[1mWARNING level 2 from host runnervmmprz5.ywk1ih4da4xu3m2ljf0f0mebkf.cx.internal.cloudapp.net process 0
  in thorn Carpet, file /home/runner/work/tests/tests/master/configs/sim/build/Carpet/Comm.cc:103:
  ->[0m Synchronising group "GRHYDRO::TAU" in local mode
[1mWARNING level 2 from host runnervmmprz5.ywk1ih4da4xu3m2ljf0f0mebkf.cx.internal.cloudapp.net process 0
  in thorn Carpet, file /home/runner/work/tests/tests/master/configs/sim/build/Carpet/Comm.cc:103:
  ->[0m Synchronising group "GRHYDRO::DENS" in local mode
[1mWARNING level 2 from host runnervmmprz5.ywk1ih4da4xu3m2ljf0f0mebkf.cx.internal.cloudapp.net process 0
  in thorn Carpet, file /home/runner/work/tests/tests/master/configs/sim/build/Carpet/Comm.cc:103:
  ->[0m Synchronising group "GRHYDRO::SCON" in local mode
[1mWARNING level 2 from host runnervmmprz5.ywk1ih4da4xu3m2ljf0f0mebkf.cx.internal.cloudapp.net process 0
  in thorn Carpet, file /home/runner/work/tests/tests/master/configs/sim/build/Carpet/Comm.cc:103:
  ->[0m Synchronising group "GRHYDRO::BCONS" in local mode
[1mWARNING level 2 from host runnervmmprz5.ywk1ih4da4xu3m2ljf0f0mebkf.cx.internal.cloudapp.net process 0
  in thorn Carpet, file /home/runner/work/tests/tests/master/configs/sim/build/Carpet/Comm.cc:103:
  ->[0m Synchronising group "GRHYDRO::TAU" in local mode
[1mWARNING level 2 from host runnervmmprz5.ywk1ih4da4xu3m2ljf0f0mebkf.cx.internal.cloudapp.net process 0
  in thorn Carpet, file /home/runner/work/tests/tests/master/configs/sim/build/Carpet/Comm.cc:103:
  ->[0m Synchronising group "GRHYDRO::DENS" in local mode
[1mWARNING level 2 from host runnervmmprz5.ywk1ih4da4xu3m2ljf0f0mebkf.cx.internal.cloudapp.net process 0
  in thorn Carpet, file /home/runner/work/tests/tests/master/configs/sim/build/Carpet/Comm.cc:103:
  ->[0m Synchronising group "GRHYDRO::SCON" in local mode
[1mWARNING level 2 from host runnervmmprz5.ywk1ih4da4xu3m2ljf0f0mebkf.cx.internal.cloudapp.net process 0
  in thorn Carpet, file /home/runner/work/tests/tests/master/configs/sim/build/Carpet/Comm.cc:103:
  ->[0m Synchronising group "GRHYDRO::BCONS" in local mode
[1mWARNING level 2 from host runnervmmprz5.ywk1ih4da4xu3m2ljf0f0mebkf.cx.internal.cloudapp.net process 0
  in thorn Carpet, file /home/runner/work/tests/tests/master/configs/sim/build/Carpet/Comm.cc:103:
  ->[0m Synchronising group "GRHYDRO::TAU" in local mode
[1mWARNING level 2 from host runnervmmprz5.ywk1ih4da4xu3m2ljf0f0mebkf.cx.internal.cloudapp.net process 0
  in thorn Carpet, file /home/runner/work/tests/tests/master/configs/sim/build/Carpet/Comm.cc:103:
  ->[0m Synchronising group "GRHYDRO::DENS" in local mode
[1mWARNING level 2 from host runnervmmprz5.ywk1ih4da4xu3m2ljf0f0mebkf.cx.internal.cloudapp.net process 0
  in thorn Carpet, file /home/runner/work/tests/tests/master/configs/sim/build/Carpet/Comm.cc:103:
  ->[0m Synchronising group "GRHYDRO::SCON" in local mode
[1mWARNING level 2 from host runnervmmprz5.ywk1ih4da4xu3m2ljf0f0mebkf.cx.internal.cloudapp.net process 0
  in thorn Carpet, file /home/runner/work/tests/tests/master/configs/sim/build/Carpet/Comm.cc:103:
  ->[0m Synchronising group "GRHYDRO::BCONS" in local mode
[1mWARNING level 2 from host runnervmmprz5.ywk1ih4da4xu3m2ljf0f0mebkf.cx.internal.cloudapp.net process 0
  in thorn Carpet, file /home/runner/work/tests/tests/master/configs/sim/build/Carpet/Comm.cc:103:
  ->[0m Synchronising group "GRHYDRO::TAU" in local mode
[1mWARNING level 2 from host runnervmmprz5.ywk1ih4da4xu3m2ljf0f0mebkf.cx.internal.cloudapp.net process 0
  in thorn Carpet, file /home/runner/work/tests/tests/master/configs/sim/build/Carpet/Comm.cc:103:
  ->[0m Synchronising group "GRHYDRO::DENS" in local mode
[1mWARNING level 2 from host runnervmmprz5.ywk1ih4da4xu3m2ljf0f0mebkf.cx.internal.cloudapp.net process 0
  in thorn Carpet, file /home/runner/work/tests/tests/master/configs/sim/build/Carpet/Comm.cc:103:
  ->[0m Synchronising group "GRHYDRO::SCON" in local mode
[1mWARNING level 2 from host runnervmmprz5.ywk1ih4da4xu3m2ljf0f0mebkf.cx.internal.cloudapp.net process 0
  in thorn Carpet, file /home/runner/work/tests/tests/master/configs/sim/build/Carpet/Comm.cc:103:
  ->[0m Synchronising group "GRHYDRO::BCONS" in local mode
[1mWARNING level 2 from host runnervmmprz5.ywk1ih4da4xu3m2ljf0f0mebkf.cx.internal.cloudapp.net process 0
  in thorn Carpet, file /home/runner/work/tests/tests/master/configs/sim/build/Carpet/Comm.cc:103:
  ->[0m Synchronising group "GRHYDRO::TAU" in local mode
[1mWARNING level 2 from host runnervmmprz5.ywk1ih4da4xu3m2ljf0f0mebkf.cx.internal.cloudapp.net process 0
  in thorn Carpet, file /home/runner/work/tests/tests/master/configs/sim/build/Carpet/Comm.cc:103:
  ->[0m Synchronising group "GRHYDRO::DENS" in local mode
[1mWARNING level 2 from host runnervmmprz5.ywk1ih4da4xu3m2ljf0f0mebkf.cx.internal.cloudapp.net process 0
  in thorn Carpet, file /home/runner/work/tests/tests/master/configs/sim/build/Carpet/Comm.cc:103:
  ->[0m Synchronising group "GRHYDRO::SCON" in local mode
[1mWARNING level 2 from host runnervmmprz5.ywk1ih4da4xu3m2ljf0f0mebkf.cx.internal.cloudapp.net process 0
  in thorn Carpet, file /home/runner/work/tests/tests/master/configs/sim/build/Carpet/Comm.cc:103:
  ->[0m Synchronising group "GRHYDRO::BCONS" in local mode
[1mWARNING level 2 from host runnervmmprz5.ywk1ih4da4xu3m2ljf0f0mebkf.cx.internal.cloudapp.net process 0
  in thorn Carpet, file /home/runner/work/tests/tests/master/configs/sim/build/Carpet/Comm.cc:103:
  ->[0m Synchronising group "GRHYDRO::TAU" in local mode
[1mWARNING level 2 from host runnervmmprz5.ywk1ih4da4xu3m2ljf0f0mebkf.cx.internal.cloudapp.net process 0
  in thorn Carpet, file /home/runner/work/tests/tests/master/configs/sim/build/Carpet/Comm.cc:103:
  ->[0m Synchronising group "GRHYDRO::DENS" in local mode
[1mWARNING level 2 from host runnervmmprz5.ywk1ih4da4xu3m2ljf0f0mebkf.cx.internal.cloudapp.net process 0
  in thorn Carpet, file /home/runner/work/tests/tests/master/configs/sim/build/Carpet/Comm.cc:103:
  ->[0m Synchronising group "GRHYDRO::SCON" in local mode
[1mWARNING level 2 from host runnervmmprz5.ywk1ih4da4xu3m2ljf0f0mebkf.cx.internal.cloudapp.net process 0
  in thorn Carpet, file /home/runner/work/tests/tests/master/configs/sim/build/Carpet/Comm.cc:103:
  ->[0m Synchronising group "GRHYDRO::BCONS" in local mode
[1mWARNING level 2 from host runnervmmprz5.ywk1ih4da4xu3m2ljf0f0mebkf.cx.internal.cloudapp.net process 0
  in thorn Carpet, file /home/runner/work/tests/tests/master/configs/sim/build/Carpet/Comm.cc:103:
  ->[0m Synchronising group "GRHYDRO::TAU" in local mode
[1mWARNING level 2 from host runnervmmprz5.ywk1ih4da4xu3m2ljf0f0mebkf.cx.internal.cloudapp.net process 0
  in thorn Carpet, file /home/runner/work/tests/tests/master/configs/sim/build/Carpet/Comm.cc:103:
  ->[0m Synchronising group "GRHYDRO::DENS" in local mode
[1mWARNING level 2 from host runnervmmprz5.ywk1ih4da4xu3m2ljf0f0mebkf.cx.internal.cloudapp.net process 0
  in thorn Carpet, file /home/runner/work/tests/tests/master/configs/sim/build/Carpet/Comm.cc:103:
  ->[0m Synchronising group "GRHYDRO::SCON" in local mode
[1mWARNING level 2 from host runnervmmprz5.ywk1ih4da4xu3m2ljf0f0mebkf.cx.internal.cloudapp.net process 0
  in thorn Carpet, file /home/runner/work/tests/tests/master/configs/sim/build/Carpet/Comm.cc:103:
  ->[0m Synchronising group "GRHYDRO::BCONS" in local mode
[1mWARNING level 2 from host runnervmmprz5.ywk1ih4da4xu3m2ljf0f0mebkf.cx.internal.cloudapp.net process 0
  in thorn Carpet, file /home/runner/work/tests/tests/master/configs/sim/build/Carpet/Comm.cc:103:
  ->[0m Synchronising group "GRHYDRO::TAU" in local mode
[1mWARNING level 2 from host runnervmmprz5.ywk1ih4da4xu3m2ljf0f0mebkf.cx.internal.cloudapp.net process 0
  in thorn Carpet, file /home/runner/work/tests/tests/master/configs/sim/build/Carpet/Comm.cc:103:
  ->[0m Synchronising group "GRHYDRO::DENS" in local mode
[1mWARNING level 2 from host runnervmmprz5.ywk1ih4da4xu3m2ljf0f0mebkf.cx.internal.cloudapp.net process 0
  in thorn Carpet, file /home/runner/work/tests/tests/master/configs/sim/build/Carpet/Comm.cc:103:
  ->[0m Synchronising group "GRHYDRO::SCON" in local mode
[1mWARNING level 2 from host runnervmmprz5.ywk1ih4da4xu3m2ljf0f0mebkf.cx.internal.cloudapp.net process 0
  in thorn Carpet, file /home/runner/work/tests/tests/master/configs/sim/build/Carpet/Comm.cc:103:
  ->[0m Synchronising group "GRHYDRO::BCONS" in local mode
[1mWARNING level 2 from host runnervmmprz5.ywk1ih4da4xu3m2ljf0f0mebkf.cx.internal.cloudapp.net process 0
  in thorn Carpet, file /home/runner/work/tests/tests/master/configs/sim/build/Carpet/Comm.cc:103:
  ->[0m Synchronising group "GRHYDRO::TAU" in local mode
[1mWARNING level 2 from host runnervmmprz5.ywk1ih4da4xu3m2ljf0f0mebkf.cx.internal.cloudapp.net process 0
  in thorn Carpet, file /home/runner/work/tests/tests/master/configs/sim/build/Carpet/Comm.cc:103:
  ->[0m Synchronising group "GRHYDRO::DENS" in local mode
[1mWARNING level 2 from host runnervmmprz5.ywk1ih4da4xu3m2ljf0f0mebkf.cx.internal.cloudapp.net process 0
  in thorn Carpet, file /home/runner/work/tests/tests/master/configs/sim/build/Carpet/Comm.cc:103:
  ->[0m Synchronising group "GRHYDRO::SCON" in local mode
[1mWARNING level 2 from host runnervmmprz5.ywk1ih4da4xu3m2ljf0f0mebkf.cx.internal.cloudapp.net process 0
  in thorn Carpet, file /home/runner/work/tests/tests/master/configs/sim/build/Carpet/Comm.cc:103:
  ->[0m Synchronising group "GRHYDRO::BCONS" in local mode
[1mWARNING level 2 from host runnervmmprz5.ywk1ih4da4xu3m2ljf0f0mebkf.cx.internal.cloudapp.net process 0
  in thorn Carpet, file /home/runner/work/tests/tests/master/configs/sim/build/Carpet/Comm.cc:103:
  ->[0m Synchronising group "GRHYDRO::TAU" in local mode
[1mWARNING level 2 from host runnervmmprz5.ywk1ih4da4xu3m2ljf0f0mebkf.cx.internal.cloudapp.net process 0
  in thorn Carpet, file /home/runner/work/tests/tests/master/configs/sim/build/Carpet/Comm.cc:103:
  ->[0m Synchronising group "GRHYDRO::DENS" in local mode
[1mWARNING level 2 from host runnervmmprz5.ywk1ih4da4xu3m2ljf0f0mebkf.cx.internal.cloudapp.net process 0
  in thorn Carpet, file /home/runner/work/tests/tests/master/configs/sim/build/Carpet/Comm.cc:103:
  ->[0m Synchronising group "GRHYDRO::SCON" in local mode
[1mWARNING level 2 from host runnervmmprz5.ywk1ih4da4xu3m2ljf0f0mebkf.cx.internal.cloudapp.net process 0
  in thorn Carpet, file /home/runner/work/tests/tests/master/configs/sim/build/Carpet/Comm.cc:103:
  ->[0m Synchronising group "GRHYDRO::BCONS" in local mode
[1mWARNING level 2 from host runnervmmprz5.ywk1ih4da4xu3m2ljf0f0mebkf.cx.internal.cloudapp.net process 0
  in thorn Carpet, file /home/runner/work/tests/tests/master/configs/sim/build/Carpet/Comm.cc:103:
  ->[0m Synchronising group "GRHYDRO::TAU" in local mode
[1mWARNING level 2 from host runnervmmprz5.ywk1ih4da4xu3m2ljf0f0mebkf.cx.internal.cloudapp.net process 0
  in thorn Carpet, file /home/runner/work/tests/tests/master/configs/sim/build/Carpet/Comm.cc:103:
  ->[0m Synchronising group "GRHYDRO::DENS" in local mode
[1mWARNING level 2 from host runnervmmprz5.ywk1ih4da4xu3m2ljf0f0mebkf.cx.internal.cloudapp.net process 0
  in thorn Carpet, file /home/runner/work/tests/tests/master/configs/sim/build/Carpet/Comm.cc:103:
  ->[0m Synchronising group "GRHYDRO::SCON" in local mode
[1mWARNING level 2 from host runnervmmprz5.ywk1ih4da4xu3m2ljf0f0mebkf.cx.internal.cloudapp.net process 0
  in thorn Carpet, file /home/runner/work/tests/tests/master/configs/sim/build/Carpet/Comm.cc:103:
  ->[0m Synchronising group "GRHYDRO::BCONS" in local mode
[1mWARNING level 2 from host runnervmmprz5.ywk1ih4da4xu3m2ljf0f0mebkf.cx.internal.cloudapp.net process 0
  in thorn Carpet, file /home/runner/work/tests/tests/master/configs/sim/build/Carpet/Comm.cc:103:
  ->[0m Synchronising group "GRHYDRO::TAU" in local mode
[1mWARNING level 2 from host runnervmmprz5.ywk1ih4da4xu3m2ljf0f0mebkf.cx.internal.cloudapp.net process 0
  in thorn Carpet, file /home/runner/work/tests/tests/master/configs/sim/build/Carpet/Comm.cc:103:
  ->[0m Synchronising group "GRHYDRO::DENS" in local mode
[1mWARNING level 2 from host runnervmmprz5.ywk1ih4da4xu3m2ljf0f0mebkf.cx.internal.cloudapp.net process 0
  in thorn Carpet, file /home/runner/work/tests/tests/master/configs/sim/build/Carpet/Comm.cc:103:
  ->[0m Synchronising group "GRHYDRO::SCON" in local mode
[1mWARNING level 2 from host runnervmmprz5.ywk1ih4da4xu3m2ljf0f0mebkf.cx.internal.cloudapp.net process 0
  in thorn Carpet, file /home/runner/work/tests/tests/master/configs/sim/build/Carpet/Comm.cc:103:
  ->[0m Synchronising group "GRHYDRO::BCONS" in local mode
[1mWARNING level 2 from host runnervmmprz5.ywk1ih4da4xu3m2ljf0f0mebkf.cx.internal.cloudapp.net process 0
  in thorn Carpet, file /home/runner/work/tests/tests/master/configs/sim/build/Carpet/Comm.cc:103:
  ->[0m Synchronising group "GRHYDRO::TAU" in local mode
[1mWARNING level 2 from host runnervmmprz5.ywk1ih4da4xu3m2ljf0f0mebkf.cx.internal.cloudapp.net process 0
  in thorn Carpet, file /home/runner/work/tests/tests/master/configs/sim/build/Carpet/Comm.cc:103:
  ->[0m Synchronising group "GRHYDRO::DENS" in local mode
[1mWARNING level 2 from host runnervmmprz5.ywk1ih4da4xu3m2ljf0f0mebkf.cx.internal.cloudapp.net process 0
  in thorn Carpet, file /home/runner/work/tests/tests/master/configs/sim/build/Carpet/Comm.cc:103:
  ->[0m Synchronising group "GRHYDRO::SCON" in local mode
[1mWARNING level 2 from host runnervmmprz5.ywk1ih4da4xu3m2ljf0f0mebkf.cx.internal.cloudapp.net process 0
  in thorn Carpet, file /home/runner/work/tests/tests/master/configs/sim/build/Carpet/Comm.cc:103:
  ->[0m Synchronising group "GRHYDRO::BCONS" in local mode
[1mWARNING level 2 from host runnervmmprz5.ywk1ih4da4xu3m2ljf0f0mebkf.cx.internal.cloudapp.net process 0
  in thorn Carpet, file /home/runner/work/tests/tests/master/configs/sim/build/Carpet/Comm.cc:103:
  ->[0m Synchronising group "GRHYDRO::TAU" in local mode
[1mWARNING level 2 from host runnervmmprz5.ywk1ih4da4xu3m2ljf0f0mebkf.cx.internal.cloudapp.net process 0
  in thorn Carpet, file /home/runner/work/tests/tests/master/configs/sim/build/Carpet/Comm.cc:103:
  ->[0m Synchronising group "GRHYDRO::DENS" in local mode
[1mWARNING level 2 from host runnervmmprz5.ywk1ih4da4xu3m2ljf0f0mebkf.cx.internal.cloudapp.net process 0
  in thorn Carpet, file /home/runner/work/tests/tests/master/configs/sim/build/Carpet/Comm.cc:103:
  ->[0m Synchronising group "GRHYDRO::SCON" in local mode
[1mWARNING level 2 from host runnervmmprz5.ywk1ih4da4xu3m2ljf0f0mebkf.cx.internal.cloudapp.net process 0
  in thorn Carpet, file /home/runner/work/tests/tests/master/configs/sim/build/Carpet/Comm.cc:103:
  ->[0m Synchronising group "GRHYDRO::BCONS" in local mode
        7     0.002 |   98.9630599 |   96.9999979 |    1.0085049 |   30.1914067 |        66
[1mWARNING level 2 from host runnervmmprz5.ywk1ih4da4xu3m2ljf0f0mebkf.cx.internal.cloudapp.net process 0
  in thorn Carpet, file /home/runner/work/tests/tests/master/configs/sim/build/Carpet/Comm.cc:103:
  ->[0m Synchronising group "GRHYDRO::TAU" in local mode
[1mWARNING level 2 from host runnervmmprz5.ywk1ih4da4xu3m2ljf0f0mebkf.cx.internal.cloudapp.net process 0
  in thorn Carpet, file /home/runner/work/tests/tests/master/configs/sim/build/Carpet/Comm.cc:103:
  ->[0m Synchronising group "GRHYDRO::DENS" in local mode
[1mWARNING level 2 from host runnervmmprz5.ywk1ih4da4xu3m2ljf0f0mebkf.cx.internal.cloudapp.net process 0
  in thorn Carpet, file /home/runner/work/tests/tests/master/configs/sim/build/Carpet/Comm.cc:103:
  ->[0m Synchronising group "GRHYDRO::SCON" in local mode
[1mWARNING level 2 from host runnervmmprz5.ywk1ih4da4xu3m2ljf0f0mebkf.cx.internal.cloudapp.net process 0
  in thorn Carpet, file /home/runner/work/tests/tests/master/configs/sim/build/Carpet/Comm.cc:103:
  ->[0m Synchronising group "GRHYDRO::BCONS" in local mode
[1mWARNING level 2 from host runnervmmprz5.ywk1ih4da4xu3m2ljf0f0mebkf.cx.internal.cloudapp.net process 0
  in thorn Carpet, file /home/runner/work/tests/tests/master/configs/sim/build/Carpet/Comm.cc:103:
  ->[0m Synchronising group "GRHYDRO::TAU" in local mode
[1mWARNING level 2 from host runnervmmprz5.ywk1ih4da4xu3m2ljf0f0mebkf.cx.internal.cloudapp.net process 0
  in thorn Carpet, file /home/runner/work/tests/tests/master/configs/sim/build/Carpet/Comm.cc:103:
  ->[0m Synchronising group "GRHYDRO::DENS" in local mode
[1mWARNING level 2 from host runnervmmprz5.ywk1ih4da4xu3m2ljf0f0mebkf.cx.internal.cloudapp.net process 0
  in thorn Carpet, file /home/runner/work/tests/tests/master/configs/sim/build/Carpet/Comm.cc:103:
  ->[0m Synchronising group "GRHYDRO::SCON" in local mode
[1mWARNING level 2 from host runnervmmprz5.ywk1ih4da4xu3m2ljf0f0mebkf.cx.internal.cloudapp.net process 0
  in thorn Carpet, file /home/runner/work/tests/tests/master/configs/sim/build/Carpet/Comm.cc:103:
  ->[0m Synchronising group "GRHYDRO::BCONS" in local mode
[1mWARNING level 2 from host runnervmmprz5.ywk1ih4da4xu3m2ljf0f0mebkf.cx.internal.cloudapp.net process 0
  in thorn Carpet, file /home/runner/work/tests/tests/master/configs/sim/build/Carpet/Comm.cc:103:
  ->[0m Synchronising group "GRHYDRO::TAU" in local mode
[1mWARNING level 2 from host runnervmmprz5.ywk1ih4da4xu3m2ljf0f0mebkf.cx.internal.cloudapp.net process 0
  in thorn Carpet, file /home/runner/work/tests/tests/master/configs/sim/build/Carpet/Comm.cc:103:
  ->[0m Synchronising group "GRHYDRO::DENS" in local mode
[1mWARNING level 2 from host runnervmmprz5.ywk1ih4da4xu3m2ljf0f0mebkf.cx.internal.cloudapp.net process 0
  in thorn Carpet, file /home/runner/work/tests/tests/master/configs/sim/build/Carpet/Comm.cc:103:
  ->[0m Synchronising group "GRHYDRO::SCON" in local mode
[1mWARNING level 2 from host runnervmmprz5.ywk1ih4da4xu3m2ljf0f0mebkf.cx.internal.cloudapp.net process 0
  in thorn Carpet, file /home/runner/work/tests/tests/master/configs/sim/build/Carpet/Comm.cc:103:
  ->[0m Synchronising group "GRHYDRO::BCONS" in local mode
[1mWARNING level 2 from host runnervmmprz5.ywk1ih4da4xu3m2ljf0f0mebkf.cx.internal.cloudapp.net process 0
  in thorn Carpet, file /home/runner/work/tests/tests/master/configs/sim/build/Carpet/Comm.cc:103:
  ->[0m Synchronising group "GRHYDRO::TAU" in local mode
[1mWARNING level 2 from host runnervmmprz5.ywk1ih4da4xu3m2ljf0f0mebkf.cx.internal.cloudapp.net process 0
  in thorn Carpet, file /home/runner/work/tests/tests/master/configs/sim/build/Carpet/Comm.cc:103:
  ->[0m Synchronising group "GRHYDRO::DENS" in local mode
[1mWARNING level 2 from host runnervmmprz5.ywk1ih4da4xu3m2ljf0f0mebkf.cx.internal.cloudapp.net process 0
  in thorn Carpet, file /home/runner/work/tests/tests/master/configs/sim/build/Carpet/Comm.cc:103:
  ->[0m Synchronising group "GRHYDRO::SCON" in local mode
[1mWARNING level 2 from host runnervmmprz5.ywk1ih4da4xu3m2ljf0f0mebkf.cx.internal.cloudapp.net process 0
  in thorn Carpet, file /home/runner/work/tests/tests/master/configs/sim/build/Carpet/Comm.cc:103:
  ->[0m Synchronising group "GRHYDRO::BCONS" in local mode
[1mWARNING level 2 from host runnervmmprz5.ywk1ih4da4xu3m2ljf0f0mebkf.cx.internal.cloudapp.net process 0
  in thorn Carpet, file /home/runner/work/tests/tests/master/configs/sim/build/Carpet/Comm.cc:103:
  ->[0m Synchronising group "GRHYDRO::TAU" in local mode
[1mWARNING level 2 from host runnervmmprz5.ywk1ih4da4xu3m2ljf0f0mebkf.cx.internal.cloudapp.net process 0
  in thorn Carpet, file /home/runner/work/tests/tests/master/configs/sim/build/Carpet/Comm.cc:103:
  ->[0m Synchronising group "GRHYDRO::DENS" in local mode
[1mWARNING level 2 from host runnervmmprz5.ywk1ih4da4xu3m2ljf0f0mebkf.cx.internal.cloudapp.net process 0
  in thorn Carpet, file /home/runner/work/tests/tests/master/configs/sim/build/Carpet/Comm.cc:103:
  ->[0m Synchronising group "GRHYDRO::SCON" in local mode
[1mWARNING level 2 from host runnervmmprz5.ywk1ih4da4xu3m2ljf0f0mebkf.cx.internal.cloudapp.net process 0
  in thorn Carpet, file /home/runner/work/tests/tests/master/configs/sim/build/Carpet/Comm.cc:103:
  ->[0m Synchronising group "GRHYDRO::BCONS" in local mode
[1mWARNING level 2 from host runnervmmprz5.ywk1ih4da4xu3m2ljf0f0mebkf.cx.internal.cloudapp.net process 0
  in thorn Carpet, file /home/runner/work/tests/tests/master/configs/sim/build/Carpet/Comm.cc:103:
  ->[0m Synchronising group "GRHYDRO::TAU" in local mode
[1mWARNING level 2 from host runnervmmprz5.ywk1ih4da4xu3m2ljf0f0mebkf.cx.internal.cloudapp.net process 0
  in thorn Carpet, file /home/runner/work/tests/tests/master/configs/sim/build/Carpet/Comm.cc:103:
  ->[0m Synchronising group "GRHYDRO::DENS" in local mode
[1mWARNING level 2 from host runnervmmprz5.ywk1ih4da4xu3m2ljf0f0mebkf.cx.internal.cloudapp.net process 0
  in thorn Carpet, file /home/runner/work/tests/tests/master/configs/sim/build/Carpet/Comm.cc:103:
  ->[0m Synchronising group "GRHYDRO::SCON" in local mode
[1mWARNING level 2 from host runnervmmprz5.ywk1ih4da4xu3m2ljf0f0mebkf.cx.internal.cloudapp.net process 0
  in thorn Carpet, file /home/runner/work/tests/tests/master/configs/sim/build/Carpet/Comm.cc:103:
  ->[0m Synchronising group "GRHYDRO::BCONS" in local mode
[1mWARNING level 2 from host runnervmmprz5.ywk1ih4da4xu3m2ljf0f0mebkf.cx.internal.cloudapp.net process 0
  in thorn Carpet, file /home/runner/work/tests/tests/master/configs/sim/build/Carpet/Comm.cc:103:
  ->[0m Synchronising group "GRHYDRO::TAU" in local mode
[1mWARNING level 2 from host runnervmmprz5.ywk1ih4da4xu3m2ljf0f0mebkf.cx.internal.cloudapp.net process 0
  in thorn Carpet, file /home/runner/work/tests/tests/master/configs/sim/build/Carpet/Comm.cc:103:
  ->[0m Synchronising group "GRHYDRO::DENS" in local mode
[1mWARNING level 2 from host runnervmmprz5.ywk1ih4da4xu3m2ljf0f0mebkf.cx.internal.cloudapp.net process 0
  in thorn Carpet, file /home/runner/work/tests/tests/master/configs/sim/build/Carpet/Comm.cc:103:
  ->[0m Synchronising group "GRHYDRO::SCON" in local mode
[1mWARNING level 2 from host runnervmmprz5.ywk1ih4da4xu3m2ljf0f0mebkf.cx.internal.cloudapp.net process 0
  in thorn Carpet, file /home/runner/work/tests/tests/master/configs/sim/build/Carpet/Comm.cc:103:
  ->[0m Synchronising group "GRHYDRO::BCONS" in local mode
[1mWARNING level 2 from host runnervmmprz5.ywk1ih4da4xu3m2ljf0f0mebkf.cx.internal.cloudapp.net process 0
  in thorn Carpet, file /home/runner/work/tests/tests/master/configs/sim/build/Carpet/Comm.cc:103:
  ->[0m Synchronising group "GRHYDRO::TAU" in local mode
[1mWARNING level 2 from host runnervmmprz5.ywk1ih4da4xu3m2ljf0f0mebkf.cx.internal.cloudapp.net process 0
  in thorn Carpet, file /home/runner/work/tests/tests/master/configs/sim/build/Carpet/Comm.cc:103:
  ->[0m Synchronising group "GRHYDRO::DENS" in local mode
[1mWARNING level 2 from host runnervmmprz5.ywk1ih4da4xu3m2ljf0f0mebkf.cx.internal.cloudapp.net process 0
  in thorn Carpet, file /home/runner/work/tests/tests/master/configs/sim/build/Carpet/Comm.cc:103:
  ->[0m Synchronising group "GRHYDRO::SCON" in local mode
[1mWARNING level 2 from host runnervmmprz5.ywk1ih4da4xu3m2ljf0f0mebkf.cx.internal.cloudapp.net process 0
  in thorn Carpet, file /home/runner/work/tests/tests/master/configs/sim/build/Carpet/Comm.cc:103:
  ->[0m Synchronising group "GRHYDRO::BCONS" in local mode
[1mWARNING level 2 from host runnervmmprz5.ywk1ih4da4xu3m2ljf0f0mebkf.cx.internal.cloudapp.net process 0
  in thorn Carpet, file /home/runner/work/tests/tests/master/configs/sim/build/Carpet/Comm.cc:103:
  ->[0m Synchronising group "GRHYDRO::TAU" in local mode
[1mWARNING level 2 from host runnervmmprz5.ywk1ih4da4xu3m2ljf0f0mebkf.cx.internal.cloudapp.net process 0
  in thorn Carpet, file /home/runner/work/tests/tests/master/configs/sim/build/Carpet/Comm.cc:103:
  ->[0m Synchronising group "GRHYDRO::DENS" in local mode
[1mWARNING level 2 from host runnervmmprz5.ywk1ih4da4xu3m2ljf0f0mebkf.cx.internal.cloudapp.net process 0
  in thorn Carpet, file /home/runner/work/tests/tests/master/configs/sim/build/Carpet/Comm.cc:103:
  ->[0m Synchronising group "GRHYDRO::SCON" in local mode
[1mWARNING level 2 from host runnervmmprz5.ywk1ih4da4xu3m2ljf0f0mebkf.cx.internal.cloudapp.net process 0
  in thorn Carpet, file /home/runner/work/tests/tests/master/configs/sim/build/Carpet/Comm.cc:103:
  ->[0m Synchronising group "GRHYDRO::BCONS" in local mode
[1mWARNING level 2 from host runnervmmprz5.ywk1ih4da4xu3m2ljf0f0mebkf.cx.internal.cloudapp.net process 0
  in thorn Carpet, file /home/runner/work/tests/tests/master/configs/sim/build/Carpet/Comm.cc:103:
  ->[0m Synchronising group "GRHYDRO::TAU" in local mode
[1mWARNING level 2 from host runnervmmprz5.ywk1ih4da4xu3m2ljf0f0mebkf.cx.internal.cloudapp.net process 0
  in thorn Carpet, file /home/runner/work/tests/tests/master/configs/sim/build/Carpet/Comm.cc:103:
  ->[0m Synchronising group "GRHYDRO::DENS" in local mode
[1mWARNING level 2 from host runnervmmprz5.ywk1ih4da4xu3m2ljf0f0mebkf.cx.internal.cloudapp.net process 0
  in thorn Carpet, file /home/runner/work/tests/tests/master/configs/sim/build/Carpet/Comm.cc:103:
  ->[0m Synchronising group "GRHYDRO::SCON" in local mode
[1mWARNING level 2 from host runnervmmprz5.ywk1ih4da4xu3m2ljf0f0mebkf.cx.internal.cloudapp.net process 0
  in thorn Carpet, file /home/runner/work/tests/tests/master/configs/sim/build/Carpet/Comm.cc:103:
  ->[0m Synchronising group "GRHYDRO::BCONS" in local mode
[1mWARNING level 2 from host runnervmmprz5.ywk1ih4da4xu3m2ljf0f0mebkf.cx.internal.cloudapp.net process 0
  in thorn Carpet, file /home/runner/work/tests/tests/master/configs/sim/build/Carpet/Comm.cc:103:
  ->[0m Synchronising group "GRHYDRO::TAU" in local mode
[1mWARNING level 2 from host runnervmmprz5.ywk1ih4da4xu3m2ljf0f0mebkf.cx.internal.cloudapp.net process 0
  in thorn Carpet, file /home/runner/work/tests/tests/master/configs/sim/build/Carpet/Comm.cc:103:
  ->[0m Synchronising group "GRHYDRO::DENS" in local mode
[1mWARNING level 2 from host runnervmmprz5.ywk1ih4da4xu3m2ljf0f0mebkf.cx.internal.cloudapp.net process 0
  in thorn Carpet, file /home/runner/work/tests/tests/master/configs/sim/build/Carpet/Comm.cc:103:
  ->[0m Synchronising group "GRHYDRO::SCON" in local mode
[1mWARNING level 2 from host runnervmmprz5.ywk1ih4da4xu3m2ljf0f0mebkf.cx.internal.cloudapp.net process 0
  in thorn Carpet, file /home/runner/work/tests/tests/master/configs/sim/build/Carpet/Comm.cc:103:
  ->[0m Synchronising group "GRHYDRO::BCONS" in local mode
[1mWARNING level 2 from host runnervmmprz5.ywk1ih4da4xu3m2ljf0f0mebkf.cx.internal.cloudapp.net process 0
  in thorn Carpet, file /home/runner/work/tests/tests/master/configs/sim/build/Carpet/Comm.cc:103:
  ->[0m Synchronising group "GRHYDRO::TAU" in local mode
[1mWARNING level 2 from host runnervmmprz5.ywk1ih4da4xu3m2ljf0f0mebkf.cx.internal.cloudapp.net process 0
  in thorn Carpet, file /home/runner/work/tests/tests/master/configs/sim/build/Carpet/Comm.cc:103:
  ->[0m Synchronising group "GRHYDRO::DENS" in local mode
[1mWARNING level 2 from host runnervmmprz5.ywk1ih4da4xu3m2ljf0f0mebkf.cx.internal.cloudapp.net process 0
  in thorn Carpet, file /home/runner/work/tests/tests/master/configs/sim/build/Carpet/Comm.cc:103:
  ->[0m Synchronising group "GRHYDRO::SCON" in local mode
[1mWARNING level 2 from host runnervmmprz5.ywk1ih4da4xu3m2ljf0f0mebkf.cx.internal.cloudapp.net process 0
  in thorn Carpet, file /home/runner/work/tests/tests/master/configs/sim/build/Carpet/Comm.cc:103:
  ->[0m Synchronising group "GRHYDRO::BCONS" in local mode
[1mWARNING level 2 from host runnervmmprz5.ywk1ih4da4xu3m2ljf0f0mebkf.cx.internal.cloudapp.net process 0
  in thorn Carpet, file /home/runner/work/tests/tests/master/configs/sim/build/Carpet/Comm.cc:103:
  ->[0m Synchronising group "GRHYDRO::TAU" in local mode
[1mWARNING level 2 from host runnervmmprz5.ywk1ih4da4xu3m2ljf0f0mebkf.cx.internal.cloudapp.net process 0
  in thorn Carpet, file /home/runner/work/tests/tests/master/configs/sim/build/Carpet/Comm.cc:103:
  ->[0m Synchronising group "GRHYDRO::DENS" in local mode
[1mWARNING level 2 from host runnervmmprz5.ywk1ih4da4xu3m2ljf0f0mebkf.cx.internal.cloudapp.net process 0
  in thorn Carpet, file /home/runner/work/tests/tests/master/configs/sim/build/Carpet/Comm.cc:103:
  ->[0m Synchronising group "GRHYDRO::SCON" in local mode
[1mWARNING level 2 from host runnervmmprz5.ywk1ih4da4xu3m2ljf0f0mebkf.cx.internal.cloudapp.net process 0
  in thorn Carpet, file /home/runner/work/tests/tests/master/configs/sim/build/Carpet/Comm.cc:103:
  ->[0m Synchronising group "GRHYDRO::BCONS" in local mode
[1mWARNING level 2 from host runnervmmprz5.ywk1ih4da4xu3m2ljf0f0mebkf.cx.internal.cloudapp.net process 0
  in thorn Carpet, file /home/runner/work/tests/tests/master/configs/sim/build/Carpet/Comm.cc:103:
  ->[0m Synchronising group "GRHYDRO::TAU" in local mode
[1mWARNING level 2 from host runnervmmprz5.ywk1ih4da4xu3m2ljf0f0mebkf.cx.internal.cloudapp.net process 0
  in thorn Carpet, file /home/runner/work/tests/tests/master/configs/sim/build/Carpet/Comm.cc:103:
  ->[0m Synchronising group "GRHYDRO::DENS" in local mode
[1mWARNING level 2 from host runnervmmprz5.ywk1ih4da4xu3m2ljf0f0mebkf.cx.internal.cloudapp.net process 0
  in thorn Carpet, file /home/runner/work/tests/tests/master/configs/sim/build/Carpet/Comm.cc:103:
  ->[0m Synchronising group "GRHYDRO::SCON" in local mode
[1mWARNING level 2 from host runnervmmprz5.ywk1ih4da4xu3m2ljf0f0mebkf.cx.internal.cloudapp.net process 0
  in thorn Carpet, file /home/runner/work/tests/tests/master/configs/sim/build/Carpet/Comm.cc:103:
  ->[0m Synchronising group "GRHYDRO::BCONS" in local mode
        8     0.003 |   99.0634064 |   96.9999979 |    1.0103996 |   30.2207862 |        66
[1mWARNING level 2 from host runnervmmprz5.ywk1ih4da4xu3m2ljf0f0mebkf.cx.internal.cloudapp.net process 0
  in thorn Carpet, file /home/runner/work/tests/tests/master/configs/sim/build/Carpet/Comm.cc:103:
  ->[0m Synchronising group "GRHYDRO::TAU" in local mode
[1mWARNING level 2 from host runnervmmprz5.ywk1ih4da4xu3m2ljf0f0mebkf.cx.internal.cloudapp.net process 0
  in thorn Carpet, file /home/runner/work/tests/tests/master/configs/sim/build/Carpet/Comm.cc:103:
  ->[0m Synchronising group "GRHYDRO::DENS" in local mode
[1mWARNING level 2 from host runnervmmprz5.ywk1ih4da4xu3m2ljf0f0mebkf.cx.internal.cloudapp.net process 0
  in thorn Carpet, file /home/runner/work/tests/tests/master/configs/sim/build/Carpet/Comm.cc:103:
  ->[0m Synchronising group "GRHYDRO::SCON" in local mode
[1mWARNING level 2 from host runnervmmprz5.ywk1ih4da4xu3m2ljf0f0mebkf.cx.internal.cloudapp.net process 0
  in thorn Carpet, file /home/runner/work/tests/tests/master/configs/sim/build/Carpet/Comm.cc:103:
  ->[0m Synchronising group "GRHYDRO::BCONS" in local mode
[1mWARNING level 2 from host runnervmmprz5.ywk1ih4da4xu3m2ljf0f0mebkf.cx.internal.cloudapp.net process 0
  in thorn Carpet, file /home/runner/work/tests/tests/master/configs/sim/build/Carpet/Comm.cc:103:
  ->[0m Synchronising group "GRHYDRO::TAU" in local mode
[1mWARNING level 2 from host runnervmmprz5.ywk1ih4da4xu3m2ljf0f0mebkf.cx.internal.cloudapp.net process 0
  in thorn Carpet, file /home/runner/work/tests/tests/master/configs/sim/build/Carpet/Comm.cc:103:
  ->[0m Synchronising group "GRHYDRO::DENS" in local mode
[1mWARNING level 2 from host runnervmmprz5.ywk1ih4da4xu3m2ljf0f0mebkf.cx.internal.cloudapp.net process 0
  in thorn Carpet, file /home/runner/work/tests/tests/master/configs/sim/build/Carpet/Comm.cc:103:
  ->[0m Synchronising group "GRHYDRO::SCON" in local mode
[1mWARNING level 2 from host runnervmmprz5.ywk1ih4da4xu3m2ljf0f0mebkf.cx.internal.cloudapp.net process 0
  in thorn Carpet, file /home/runner/work/tests/tests/master/configs/sim/build/Carpet/Comm.cc:103:
  ->[0m Synchronising group "GRHYDRO::BCONS" in local mode
[1mWARNING level 2 from host runnervmmprz5.ywk1ih4da4xu3m2ljf0f0mebkf.cx.internal.cloudapp.net process 0
  in thorn Carpet, file /home/runner/work/tests/tests/master/configs/sim/build/Carpet/Comm.cc:103:
  ->[0m Synchronising group "GRHYDRO::TAU" in local mode
[1mWARNING level 2 from host runnervmmprz5.ywk1ih4da4xu3m2ljf0f0mebkf.cx.internal.cloudapp.net process 0
  in thorn Carpet, file /home/runner/work/tests/tests/master/configs/sim/build/Carpet/Comm.cc:103:
  ->[0m Synchronising group "GRHYDRO::DENS" in local mode
[1mWARNING level 2 from host runnervmmprz5.ywk1ih4da4xu3m2ljf0f0mebkf.cx.internal.cloudapp.net process 0
  in thorn Carpet, file /home/runner/work/tests/tests/master/configs/sim/build/Carpet/Comm.cc:103:
  ->[0m Synchronising group "GRHYDRO::SCON" in local mode
[1mWARNING level 2 from host runnervmmprz5.ywk1ih4da4xu3m2ljf0f0mebkf.cx.internal.cloudapp.net process 0
  in thorn Carpet, file /home/runner/work/tests/tests/master/configs/sim/build/Carpet/Comm.cc:103:
  ->[0m Synchronising group "GRHYDRO::BCONS" in local mode
[1mWARNING level 2 from host runnervmmprz5.ywk1ih4da4xu3m2ljf0f0mebkf.cx.internal.cloudapp.net process 0
  in thorn Carpet, file /home/runner/work/tests/tests/master/configs/sim/build/Carpet/Comm.cc:103:
  ->[0m Synchronising group "GRHYDRO::TAU" in local mode
[1mWARNING level 2 from host runnervmmprz5.ywk1ih4da4xu3m2ljf0f0mebkf.cx.internal.cloudapp.net process 0
  in thorn Carpet, file /home/runner/work/tests/tests/master/configs/sim/build/Carpet/Comm.cc:103:
  ->[0m Synchronising group "GRHYDRO::DENS" in local mode
[1mWARNING level 2 from host runnervmmprz5.ywk1ih4da4xu3m2ljf0f0mebkf.cx.internal.cloudapp.net process 0
  in thorn Carpet, file /home/runner/work/tests/tests/master/configs/sim/build/Carpet/Comm.cc:103:
  ->[0m Synchronising group "GRHYDRO::SCON" in local mode
[1mWARNING level 2 from host runnervmmprz5.ywk1ih4da4xu3m2ljf0f0mebkf.cx.internal.cloudapp.net process 0
  in thorn Carpet, file /home/runner/work/tests/tests/master/configs/sim/build/Carpet/Comm.cc:103:
  ->[0m Synchronising group "GRHYDRO::BCONS" in local mode
[1mWARNING level 2 from host runnervmmprz5.ywk1ih4da4xu3m2ljf0f0mebkf.cx.internal.cloudapp.net process 0
  in thorn Carpet, file /home/runner/work/tests/tests/master/configs/sim/build/Carpet/Comm.cc:103:
  ->[0m Synchronising group "GRHYDRO::TAU" in local mode
[1mWARNING level 2 from host runnervmmprz5.ywk1ih4da4xu3m2ljf0f0mebkf.cx.internal.cloudapp.net process 0
  in thorn Carpet, file /home/runner/work/tests/tests/master/configs/sim/build/Carpet/Comm.cc:103:
  ->[0m Synchronising group "GRHYDRO::DENS" in local mode
[1mWARNING level 2 from host runnervmmprz5.ywk1ih4da4xu3m2ljf0f0mebkf.cx.internal.cloudapp.net process 0
  in thorn Carpet, file /home/runner/work/tests/tests/master/configs/sim/build/Carpet/Comm.cc:103:
  ->[0m Synchronising group "GRHYDRO::SCON" in local mode
[1mWARNING level 2 from host runnervmmprz5.ywk1ih4da4xu3m2ljf0f0mebkf.cx.internal.cloudapp.net process 0
  in thorn Carpet, file /home/runner/work/tests/tests/master/configs/sim/build/Carpet/Comm.cc:103:
  ->[0m Synchronising group "GRHYDRO::BCONS" in local mode
[1mWARNING level 2 from host runnervmmprz5.ywk1ih4da4xu3m2ljf0f0mebkf.cx.internal.cloudapp.net process 0
  in thorn Carpet, file /home/runner/work/tests/tests/master/configs/sim/build/Carpet/Comm.cc:103:
  ->[0m Synchronising group "GRHYDRO::TAU" in local mode
[1mWARNING level 2 from host runnervmmprz5.ywk1ih4da4xu3m2ljf0f0mebkf.cx.internal.cloudapp.net process 0
  in thorn Carpet, file /home/runner/work/tests/tests/master/configs/sim/build/Carpet/Comm.cc:103:
  ->[0m Synchronising group "GRHYDRO::DENS" in local mode
[1mWARNING level 2 from host runnervmmprz5.ywk1ih4da4xu3m2ljf0f0mebkf.cx.internal.cloudapp.net process 0
  in thorn Carpet, file /home/runner/work/tests/tests/master/configs/sim/build/Carpet/Comm.cc:103:
  ->[0m Synchronising group "GRHYDRO::SCON" in local mode
[1mWARNING level 2 from host runnervmmprz5.ywk1ih4da4xu3m2ljf0f0mebkf.cx.internal.cloudapp.net process 0
  in thorn Carpet, file /home/runner/work/tests/tests/master/configs/sim/build/Carpet/Comm.cc:103:
  ->[0m Synchronising group "GRHYDRO::BCONS" in local mode
[1mWARNING level 2 from host runnervmmprz5.ywk1ih4da4xu3m2ljf0f0mebkf.cx.internal.cloudapp.net process 0
  in thorn Carpet, file /home/runner/work/tests/tests/master/configs/sim/build/Carpet/Comm.cc:103:
  ->[0m Synchronising group "GRHYDRO::TAU" in local mode
[1mWARNING level 2 from host runnervmmprz5.ywk1ih4da4xu3m2ljf0f0mebkf.cx.internal.cloudapp.net process 0
  in thorn Carpet, file /home/runner/work/tests/tests/master/configs/sim/build/Carpet/Comm.cc:103:
  ->[0m Synchronising group "GRHYDRO::DENS" in local mode
[1mWARNING level 2 from host runnervmmprz5.ywk1ih4da4xu3m2ljf0f0mebkf.cx.internal.cloudapp.net process 0
  in thorn Carpet, file /home/runner/work/tests/tests/master/configs/sim/build/Carpet/Comm.cc:103:
  ->[0m Synchronising group "GRHYDRO::SCON" in local mode
[1mWARNING level 2 from host runnervmmprz5.ywk1ih4da4xu3m2ljf0f0mebkf.cx.internal.cloudapp.net process 0
  in thorn Carpet, file /home/runner/work/tests/tests/master/configs/sim/build/Carpet/Comm.cc:103:
  ->[0m Synchronising group "GRHYDRO::BCONS" in local mode
[1mWARNING level 2 from host runnervmmprz5.ywk1ih4da4xu3m2ljf0f0mebkf.cx.internal.cloudapp.net process 0
  in thorn Carpet, file /home/runner/work/tests/tests/master/configs/sim/build/Carpet/Comm.cc:103:
  ->[0m Synchronising group "GRHYDRO::TAU" in local mode
[1mWARNING level 2 from host runnervmmprz5.ywk1ih4da4xu3m2ljf0f0mebkf.cx.internal.cloudapp.net process 0
  in thorn Carpet, file /home/runner/work/tests/tests/master/configs/sim/build/Carpet/Comm.cc:103:
  ->[0m Synchronising group "GRHYDRO::DENS" in local mode
[1mWARNING level 2 from host runnervmmprz5.ywk1ih4da4xu3m2ljf0f0mebkf.cx.internal.cloudapp.net process 0
  in thorn Carpet, file /home/runner/work/tests/tests/master/configs/sim/build/Carpet/Comm.cc:103:
  ->[0m Synchronising group "GRHYDRO::SCON" in local mode
[1mWARNING level 2 from host runnervmmprz5.ywk1ih4da4xu3m2ljf0f0mebkf.cx.internal.cloudapp.net process 0
  in thorn Carpet, file /home/runner/work/tests/tests/master/configs/sim/build/Carpet/Comm.cc:103:
  ->[0m Synchronising group "GRHYDRO::BCONS" in local mode
[1mWARNING level 2 from host runnervmmprz5.ywk1ih4da4xu3m2ljf0f0mebkf.cx.internal.cloudapp.net process 0
  in thorn Carpet, file /home/runner/work/tests/tests/master/configs/sim/build/Carpet/Comm.cc:103:
  ->[0m Synchronising group "GRHYDRO::TAU" in local mode
[1mWARNING level 2 from host runnervmmprz5.ywk1ih4da4xu3m2ljf0f0mebkf.cx.internal.cloudapp.net process 0
  in thorn Carpet, file /home/runner/work/tests/tests/master/configs/sim/build/Carpet/Comm.cc:103:
  ->[0m Synchronising group "GRHYDRO::DENS" in local mode
[1mWARNING level 2 from host runnervmmprz5.ywk1ih4da4xu3m2ljf0f0mebkf.cx.internal.cloudapp.net process 0
  in thorn Carpet, file /home/runner/work/tests/tests/master/configs/sim/build/Carpet/Comm.cc:103:
  ->[0m Synchronising group "GRHYDRO::SCON" in local mode
[1mWARNING level 2 from host runnervmmprz5.ywk1ih4da4xu3m2ljf0f0mebkf.cx.internal.cloudapp.net process 0
  in thorn Carpet, file /home/runner/work/tests/tests/master/configs/sim/build/Carpet/Comm.cc:103:
  ->[0m Synchronising group "GRHYDRO::BCONS" in local mode
[1mWARNING level 2 from host runnervmmprz5.ywk1ih4da4xu3m2ljf0f0mebkf.cx.internal.cloudapp.net process 0
  in thorn Carpet, file /home/runner/work/tests/tests/master/configs/sim/build/Carpet/Comm.cc:103:
  ->[0m Synchronising group "GRHYDRO::TAU" in local mode
[1mWARNING level 2 from host runnervmmprz5.ywk1ih4da4xu3m2ljf0f0mebkf.cx.internal.cloudapp.net process 0
  in thorn Carpet, file /home/runner/work/tests/tests/master/configs/sim/build/Carpet/Comm.cc:103:
  ->[0m Synchronising group "GRHYDRO::DENS" in local mode
[1mWARNING level 2 from host runnervmmprz5.ywk1ih4da4xu3m2ljf0f0mebkf.cx.internal.cloudapp.net process 0
  in thorn Carpet, file /home/runner/work/tests/tests/master/configs/sim/build/Carpet/Comm.cc:103:
  ->[0m Synchronising group "GRHYDRO::SCON" in local mode
[1mWARNING level 2 from host runnervmmprz5.ywk1ih4da4xu3m2ljf0f0mebkf.cx.internal.cloudapp.net process 0
  in thorn Carpet, file /home/runner/work/tests/tests/master/configs/sim/build/Carpet/Comm.cc:103:
  ->[0m Synchronising group "GRHYDRO::BCONS" in local mode
[1mWARNING level 2 from host runnervmmprz5.ywk1ih4da4xu3m2ljf0f0mebkf.cx.internal.cloudapp.net process 0
  in thorn Carpet, file /home/runner/work/tests/tests/master/configs/sim/build/Carpet/Comm.cc:103:
  ->[0m Synchronising group "GRHYDRO::TAU" in local mode
[1mWARNING level 2 from host runnervmmprz5.ywk1ih4da4xu3m2ljf0f0mebkf.cx.internal.cloudapp.net process 0
  in thorn Carpet, file /home/runner/work/tests/tests/master/configs/sim/build/Carpet/Comm.cc:103:
  ->[0m Synchronising group "GRHYDRO::DENS" in local mode
[1mWARNING level 2 from host runnervmmprz5.ywk1ih4da4xu3m2ljf0f0mebkf.cx.internal.cloudapp.net process 0
  in thorn Carpet, file /home/runner/work/tests/tests/master/configs/sim/build/Carpet/Comm.cc:103:
  ->[0m Synchronising group "GRHYDRO::SCON" in local mode
[1mWARNING level 2 from host runnervmmprz5.ywk1ih4da4xu3m2ljf0f0mebkf.cx.internal.cloudapp.net process 0
  in thorn Carpet, file /home/runner/work/tests/tests/master/configs/sim/build/Carpet/Comm.cc:103:
  ->[0m Synchronising group "GRHYDRO::BCONS" in local mode
[1mWARNING level 2 from host runnervmmprz5.ywk1ih4da4xu3m2ljf0f0mebkf.cx.internal.cloudapp.net process 0
  in thorn Carpet, file /home/runner/work/tests/tests/master/configs/sim/build/Carpet/Comm.cc:103:
  ->[0m Synchronising group "GRHYDRO::TAU" in local mode
[1mWARNING level 2 from host runnervmmprz5.ywk1ih4da4xu3m2ljf0f0mebkf.cx.internal.cloudapp.net process 0
  in thorn Carpet, file /home/runner/work/tests/tests/master/configs/sim/build/Carpet/Comm.cc:103:
  ->[0m Synchronising group "GRHYDRO::DENS" in local mode
[1mWARNING level 2 from host runnervmmprz5.ywk1ih4da4xu3m2ljf0f0mebkf.cx.internal.cloudapp.net process 0
  in thorn Carpet, file /home/runner/work/tests/tests/master/configs/sim/build/Carpet/Comm.cc:103:
  ->[0m Synchronising group "GRHYDRO::SCON" in local mode
[1mWARNING level 2 from host runnervmmprz5.ywk1ih4da4xu3m2ljf0f0mebkf.cx.internal.cloudapp.net process 0
  in thorn Carpet, file /home/runner/work/tests/tests/master/configs/sim/build/Carpet/Comm.cc:103:
  ->[0m Synchronising group "GRHYDRO::BCONS" in local mode
[1mWARNING level 2 from host runnervmmprz5.ywk1ih4da4xu3m2ljf0f0mebkf.cx.internal.cloudapp.net process 0
  in thorn Carpet, file /home/runner/work/tests/tests/master/configs/sim/build/Carpet/Comm.cc:103:
  ->[0m Synchronising group "GRHYDRO::TAU" in local mode
[1mWARNING level 2 from host runnervmmprz5.ywk1ih4da4xu3m2ljf0f0mebkf.cx.internal.cloudapp.net process 0
  in thorn Carpet, file /home/runner/work/tests/tests/master/configs/sim/build/Carpet/Comm.cc:103:
  ->[0m Synchronising group "GRHYDRO::DENS" in local mode
[1mWARNING level 2 from host runnervmmprz5.ywk1ih4da4xu3m2ljf0f0mebkf.cx.internal.cloudapp.net process 0
  in thorn Carpet, file /home/runner/work/tests/tests/master/configs/sim/build/Carpet/Comm.cc:103:
  ->[0m Synchronising group "GRHYDRO::SCON" in local mode
[1mWARNING level 2 from host runnervmmprz5.ywk1ih4da4xu3m2ljf0f0mebkf.cx.internal.cloudapp.net process 0
  in thorn Carpet, file /home/runner/work/tests/tests/master/configs/sim/build/Carpet/Comm.cc:103:
  ->[0m Synchronising group "GRHYDRO::BCONS" in local mode
[1mWARNING level 2 from host runnervmmprz5.ywk1ih4da4xu3m2ljf0f0mebkf.cx.internal.cloudapp.net process 0
  in thorn Carpet, file /home/runner/work/tests/tests/master/configs/sim/build/Carpet/Comm.cc:103:
  ->[0m Synchronising group "GRHYDRO::TAU" in local mode
[1mWARNING level 2 from host runnervmmprz5.ywk1ih4da4xu3m2ljf0f0mebkf.cx.internal.cloudapp.net process 0
  in thorn Carpet, file /home/runner/work/tests/tests/master/configs/sim/build/Carpet/Comm.cc:103:
  ->[0m Synchronising group "GRHYDRO::DENS" in local mode
[1mWARNING level 2 from host runnervmmprz5.ywk1ih4da4xu3m2ljf0f0mebkf.cx.internal.cloudapp.net process 0
  in thorn Carpet, file /home/runner/work/tests/tests/master/configs/sim/build/Carpet/Comm.cc:103:
  ->[0m Synchronising group "GRHYDRO::SCON" in local mode
[1mWARNING level 2 from host runnervmmprz5.ywk1ih4da4xu3m2ljf0f0mebkf.cx.internal.cloudapp.net process 0
  in thorn Carpet, file /home/runner/work/tests/tests/master/configs/sim/build/Carpet/Comm.cc:103:
  ->[0m Synchronising group "GRHYDRO::BCONS" in local mode
        9     0.003 |   99.2809008 |   96.9999979 |    1.0123857 |   30.2504446 |        66
[1mWARNING level 2 from host runnervmmprz5.ywk1ih4da4xu3m2ljf0f0mebkf.cx.internal.cloudapp.net process 0
  in thorn Carpet, file /home/runner/work/tests/tests/master/configs/sim/build/Carpet/Comm.cc:103:
  ->[0m Synchronising group "GRHYDRO::TAU" in local mode
[1mWARNING level 2 from host runnervmmprz5.ywk1ih4da4xu3m2ljf0f0mebkf.cx.internal.cloudapp.net process 0
  in thorn Carpet, file /home/runner/work/tests/tests/master/configs/sim/build/Carpet/Comm.cc:103:
  ->[0m Synchronising group "GRHYDRO::DENS" in local mode
[1mWARNING level 2 from host runnervmmprz5.ywk1ih4da4xu3m2ljf0f0mebkf.cx.internal.cloudapp.net process 0
  in thorn Carpet, file /home/runner/work/tests/tests/master/configs/sim/build/Carpet/Comm.cc:103:
  ->[0m Synchronising group "GRHYDRO::SCON" in local mode
[1mWARNING level 2 from host runnervmmprz5.ywk1ih4da4xu3m2ljf0f0mebkf.cx.internal.cloudapp.net process 0
  in thorn Carpet, file /home/runner/work/tests/tests/master/configs/sim/build/Carpet/Comm.cc:103:
  ->[0m Synchronising group "GRHYDRO::BCONS" in local mode
[1mWARNING level 2 from host runnervmmprz5.ywk1ih4da4xu3m2ljf0f0mebkf.cx.internal.cloudapp.net process 0
  in thorn Carpet, file /home/runner/work/tests/tests/master/configs/sim/build/Carpet/Comm.cc:103:
  ->[0m Synchronising group "GRHYDRO::TAU" in local mode
[1mWARNING level 2 from host runnervmmprz5.ywk1ih4da4xu3m2ljf0f0mebkf.cx.internal.cloudapp.net process 0
  in thorn Carpet, file /home/runner/work/tests/tests/master/configs/sim/build/Carpet/Comm.cc:103:
  ->[0m Synchronising group "GRHYDRO::DENS" in local mode
[1mWARNING level 2 from host runnervmmprz5.ywk1ih4da4xu3m2ljf0f0mebkf.cx.internal.cloudapp.net process 0
  in thorn Carpet, file /home/runner/work/tests/tests/master/configs/sim/build/Carpet/Comm.cc:103:
  ->[0m Synchronising group "GRHYDRO::SCON" in local mode
[1mWARNING level 2 from host runnervmmprz5.ywk1ih4da4xu3m2ljf0f0mebkf.cx.internal.cloudapp.net process 0
  in thorn Carpet, file /home/runner/work/tests/tests/master/configs/sim/build/Carpet/Comm.cc:103:
  ->[0m Synchronising group "GRHYDRO::BCONS" in local mode
[1mWARNING level 2 from host runnervmmprz5.ywk1ih4da4xu3m2ljf0f0mebkf.cx.internal.cloudapp.net process 0
  in thorn Carpet, file /home/runner/work/tests/tests/master/configs/sim/build/Carpet/Comm.cc:103:
  ->[0m Synchronising group "GRHYDRO::TAU" in local mode
[1mWARNING level 2 from host runnervmmprz5.ywk1ih4da4xu3m2ljf0f0mebkf.cx.internal.cloudapp.net process 0
  in thorn Carpet, file /home/runner/work/tests/tests/master/configs/sim/build/Carpet/Comm.cc:103:
  ->[0m Synchronising group "GRHYDRO::DENS" in local mode
[1mWARNING level 2 from host runnervmmprz5.ywk1ih4da4xu3m2ljf0f0mebkf.cx.internal.cloudapp.net process 0
  in thorn Carpet, file /home/runner/work/tests/tests/master/configs/sim/build/Carpet/Comm.cc:103:
  ->[0m Synchronising group "GRHYDRO::SCON" in local mode
[1mWARNING level 2 from host runnervmmprz5.ywk1ih4da4xu3m2ljf0f0mebkf.cx.internal.cloudapp.net process 0
  in thorn Carpet, file /home/runner/work/tests/tests/master/configs/sim/build/Carpet/Comm.cc:103:
  ->[0m Synchronising group "GRHYDRO::BCONS" in local mode
[1mWARNING level 2 from host runnervmmprz5.ywk1ih4da4xu3m2ljf0f0mebkf.cx.internal.cloudapp.net process 0
  in thorn Carpet, file /home/runner/work/tests/tests/master/configs/sim/build/Carpet/Comm.cc:103:
  ->[0m Synchronising group "GRHYDRO::TAU" in local mode
[1mWARNING level 2 from host runnervmmprz5.ywk1ih4da4xu3m2ljf0f0mebkf.cx.internal.cloudapp.net process 0
  in thorn Carpet, file /home/runner/work/tests/tests/master/configs/sim/build/Carpet/Comm.cc:103:
  ->[0m Synchronising group "GRHYDRO::DENS" in local mode
[1mWARNING level 2 from host runnervmmprz5.ywk1ih4da4xu3m2ljf0f0mebkf.cx.internal.cloudapp.net process 0
  in thorn Carpet, file /home/runner/work/tests/tests/master/configs/sim/build/Carpet/Comm.cc:103:
  ->[0m Synchronising group "GRHYDRO::SCON" in local mode
[1mWARNING level 2 from host runnervmmprz5.ywk1ih4da4xu3m2ljf0f0mebkf.cx.internal.cloudapp.net process 0
  in thorn Carpet, file /home/runner/work/tests/tests/master/configs/sim/build/Carpet/Comm.cc:103:
  ->[0m Synchronising group "GRHYDRO::BCONS" in local mode
[1mWARNING level 2 from host runnervmmprz5.ywk1ih4da4xu3m2ljf0f0mebkf.cx.internal.cloudapp.net process 0
  in thorn Carpet, file /home/runner/work/tests/tests/master/configs/sim/build/Carpet/Comm.cc:103:
  ->[0m Synchronising group "GRHYDRO::TAU" in local mode
[1mWARNING level 2 from host runnervmmprz5.ywk1ih4da4xu3m2ljf0f0mebkf.cx.internal.cloudapp.net process 0
  in thorn Carpet, file /home/runner/work/tests/tests/master/configs/sim/build/Carpet/Comm.cc:103:
  ->[0m Synchronising group "GRHYDRO::DENS" in local mode
[1mWARNING level 2 from host runnervmmprz5.ywk1ih4da4xu3m2ljf0f0mebkf.cx.internal.cloudapp.net process 0
  in thorn Carpet, file /home/runner/work/tests/tests/master/configs/sim/build/Carpet/Comm.cc:103:
  ->[0m Synchronising group "GRHYDRO::SCON" in local mode
[1mWARNING level 2 from host runnervmmprz5.ywk1ih4da4xu3m2ljf0f0mebkf.cx.internal.cloudapp.net process 0
  in thorn Carpet, file /home/runner/work/tests/tests/master/configs/sim/build/Carpet/Comm.cc:103:
  ->[0m Synchronising group "GRHYDRO::BCONS" in local mode
[1mWARNING level 2 from host runnervmmprz5.ywk1ih4da4xu3m2ljf0f0mebkf.cx.internal.cloudapp.net process 0
  in thorn Carpet, file /home/runner/work/tests/tests/master/configs/sim/build/Carpet/Comm.cc:103:
  ->[0m Synchronising group "GRHYDRO::TAU" in local mode
[1mWARNING level 2 from host runnervmmprz5.ywk1ih4da4xu3m2ljf0f0mebkf.cx.internal.cloudapp.net process 0
  in thorn Carpet, file /home/runner/work/tests/tests/master/configs/sim/build/Carpet/Comm.cc:103:
  ->[0m Synchronising group "GRHYDRO::DENS" in local mode
[1mWARNING level 2 from host runnervmmprz5.ywk1ih4da4xu3m2ljf0f0mebkf.cx.internal.cloudapp.net process 0
  in thorn Carpet, file /home/runner/work/tests/tests/master/configs/sim/build/Carpet/Comm.cc:103:
  ->[0m Synchronising group "GRHYDRO::SCON" in local mode
[1mWARNING level 2 from host runnervmmprz5.ywk1ih4da4xu3m2ljf0f0mebkf.cx.internal.cloudapp.net process 0
  in thorn Carpet, file /home/runner/work/tests/tests/master/configs/sim/build/Carpet/Comm.cc:103:
  ->[0m Synchronising group "GRHYDRO::BCONS" in local mode
[1mWARNING level 2 from host runnervmmprz5.ywk1ih4da4xu3m2ljf0f0mebkf.cx.internal.cloudapp.net process 0
  in thorn Carpet, file /home/runner/work/tests/tests/master/configs/sim/build/Carpet/Comm.cc:103:
  ->[0m Synchronising group "GRHYDRO::TAU" in local mode
[1mWARNING level 2 from host runnervmmprz5.ywk1ih4da4xu3m2ljf0f0mebkf.cx.internal.cloudapp.net process 0
  in thorn Carpet, file /home/runner/work/tests/tests/master/configs/sim/build/Carpet/Comm.cc:103:
  ->[0m Synchronising group "GRHYDRO::DENS" in local mode
[1mWARNING level 2 from host runnervmmprz5.ywk1ih4da4xu3m2ljf0f0mebkf.cx.internal.cloudapp.net process 0
  in thorn Carpet, file /home/runner/work/tests/tests/master/configs/sim/build/Carpet/Comm.cc:103:
  ->[0m Synchronising group "GRHYDRO::SCON" in local mode
[1mWARNING level 2 from host runnervmmprz5.ywk1ih4da4xu3m2ljf0f0mebkf.cx.internal.cloudapp.net process 0
  in thorn Carpet, file /home/runner/work/tests/tests/master/configs/sim/build/Carpet/Comm.cc:103:
  ->[0m Synchronising group "GRHYDRO::BCONS" in local mode
[1mWARNING level 2 from host runnervmmprz5.ywk1ih4da4xu3m2ljf0f0mebkf.cx.internal.cloudapp.net process 0
  in thorn Carpet, file /home/runner/work/tests/tests/master/configs/sim/build/Carpet/Comm.cc:103:
  ->[0m Synchronising group "GRHYDRO::TAU" in local mode
[1mWARNING level 2 from host runnervmmprz5.ywk1ih4da4xu3m2ljf0f0mebkf.cx.internal.cloudapp.net process 0
  in thorn Carpet, file /home/runner/work/tests/tests/master/configs/sim/build/Carpet/Comm.cc:103:
  ->[0m Synchronising group "GRHYDRO::DENS" in local mode
[1mWARNING level 2 from host runnervmmprz5.ywk1ih4da4xu3m2ljf0f0mebkf.cx.internal.cloudapp.net process 0
  in thorn Carpet, file /home/runner/work/tests/tests/master/configs/sim/build/Carpet/Comm.cc:103:
  ->[0m Synchronising group "GRHYDRO::SCON" in local mode
[1mWARNING level 2 from host runnervmmprz5.ywk1ih4da4xu3m2ljf0f0mebkf.cx.internal.cloudapp.net process 0
  in thorn Carpet, file /home/runner/work/tests/tests/master/configs/sim/build/Carpet/Comm.cc:103:
  ->[0m Synchronising group "GRHYDRO::BCONS" in local mode
[1mWARNING level 2 from host runnervmmprz5.ywk1ih4da4xu3m2ljf0f0mebkf.cx.internal.cloudapp.net process 0
  in thorn Carpet, file /home/runner/work/tests/tests/master/configs/sim/build/Carpet/Comm.cc:103:
  ->[0m Synchronising group "GRHYDRO::TAU" in local mode
[1mWARNING level 2 from host runnervmmprz5.ywk1ih4da4xu3m2ljf0f0mebkf.cx.internal.cloudapp.net process 0
  in thorn Carpet, file /home/runner/work/tests/tests/master/configs/sim/build/Carpet/Comm.cc:103:
  ->[0m Synchronising group "GRHYDRO::DENS" in local mode
[1mWARNING level 2 from host runnervmmprz5.ywk1ih4da4xu3m2ljf0f0mebkf.cx.internal.cloudapp.net process 0
  in thorn Carpet, file /home/runner/work/tests/tests/master/configs/sim/build/Carpet/Comm.cc:103:
  ->[0m Synchronising group "GRHYDRO::SCON" in local mode
[1mWARNING level 2 from host runnervmmprz5.ywk1ih4da4xu3m2ljf0f0mebkf.cx.internal.cloudapp.net process 0
  in thorn Carpet, file /home/runner/work/tests/tests/master/configs/sim/build/Carpet/Comm.cc:103:
  ->[0m Synchronising group "GRHYDRO::BCONS" in local mode
[1mWARNING level 2 from host runnervmmprz5.ywk1ih4da4xu3m2ljf0f0mebkf.cx.internal.cloudapp.net process 0
  in thorn Carpet, file /home/runner/work/tests/tests/master/configs/sim/build/Carpet/Comm.cc:103:
  ->[0m Synchronising group "GRHYDRO::TAU" in local mode
[1mWARNING level 2 from host runnervmmprz5.ywk1ih4da4xu3m2ljf0f0mebkf.cx.internal.cloudapp.net process 0
  in thorn Carpet, file /home/runner/work/tests/tests/master/configs/sim/build/Carpet/Comm.cc:103:
  ->[0m Synchronising group "GRHYDRO::DENS" in local mode
[1mWARNING level 2 from host runnervmmprz5.ywk1ih4da4xu3m2ljf0f0mebkf.cx.internal.cloudapp.net process 0
  in thorn Carpet, file /home/runner/work/tests/tests/master/configs/sim/build/Carpet/Comm.cc:103:
  ->[0m Synchronising group "GRHYDRO::SCON" in local mode
[1mWARNING level 2 from host runnervmmprz5.ywk1ih4da4xu3m2ljf0f0mebkf.cx.internal.cloudapp.net process 0
  in thorn Carpet, file /home/runner/work/tests/tests/master/configs/sim/build/Carpet/Comm.cc:103:
  ->[0m Synchronising group "GRHYDRO::BCONS" in local mode
[1mWARNING level 2 from host runnervmmprz5.ywk1ih4da4xu3m2ljf0f0mebkf.cx.internal.cloudapp.net process 0
  in thorn Carpet, file /home/runner/work/tests/tests/master/configs/sim/build/Carpet/Comm.cc:103:
  ->[0m Synchronising group "GRHYDRO::TAU" in local mode
[1mWARNING level 2 from host runnervmmprz5.ywk1ih4da4xu3m2ljf0f0mebkf.cx.internal.cloudapp.net process 0
  in thorn Carpet, file /home/runner/work/tests/tests/master/configs/sim/build/Carpet/Comm.cc:103:
  ->[0m Synchronising group "GRHYDRO::DENS" in local mode
[1mWARNING level 2 from host runnervmmprz5.ywk1ih4da4xu3m2ljf0f0mebkf.cx.internal.cloudapp.net process 0
  in thorn Carpet, file /home/runner/work/tests/tests/master/configs/sim/build/Carpet/Comm.cc:103:
  ->[0m Synchronising group "GRHYDRO::SCON" in local mode
[1mWARNING level 2 from host runnervmmprz5.ywk1ih4da4xu3m2ljf0f0mebkf.cx.internal.cloudapp.net process 0
  in thorn Carpet, file /home/runner/work/tests/tests/master/configs/sim/build/Carpet/Comm.cc:103:
  ->[0m Synchronising group "GRHYDRO::BCONS" in local mode
[1mWARNING level 2 from host runnervmmprz5.ywk1ih4da4xu3m2ljf0f0mebkf.cx.internal.cloudapp.net process 0
  in thorn Carpet, file /home/runner/work/tests/tests/master/configs/sim/build/Carpet/Comm.cc:103:
  ->[0m Synchronising group "GRHYDRO::TAU" in local mode
[1mWARNING level 2 from host runnervmmprz5.ywk1ih4da4xu3m2ljf0f0mebkf.cx.internal.cloudapp.net process 0
  in thorn Carpet, file /home/runner/work/tests/tests/master/configs/sim/build/Carpet/Comm.cc:103:
  ->[0m Synchronising group "GRHYDRO::DENS" in local mode
[1mWARNING level 2 from host runnervmmprz5.ywk1ih4da4xu3m2ljf0f0mebkf.cx.internal.cloudapp.net process 0
  in thorn Carpet, file /home/runner/work/tests/tests/master/configs/sim/build/Carpet/Comm.cc:103:
  ->[0m Synchronising group "GRHYDRO::SCON" in local mode
[1mWARNING level 2 from host runnervmmprz5.ywk1ih4da4xu3m2ljf0f0mebkf.cx.internal.cloudapp.net process 0
  in thorn Carpet, file /home/runner/work/tests/tests/master/configs/sim/build/Carpet/Comm.cc:103:
  ->[0m Synchronising group "GRHYDRO::BCONS" in local mode
[1mWARNING level 2 from host runnervmmprz5.ywk1ih4da4xu3m2ljf0f0mebkf.cx.internal.cloudapp.net process 0
  in thorn Carpet, file /home/runner/work/tests/tests/master/configs/sim/build/Carpet/Comm.cc:103:
  ->[0m Synchronising group "GRHYDRO::TAU" in local mode
[1mWARNING level 2 from host runnervmmprz5.ywk1ih4da4xu3m2ljf0f0mebkf.cx.internal.cloudapp.net process 0
  in thorn Carpet, file /home/runner/work/tests/tests/master/configs/sim/build/Carpet/Comm.cc:103:
  ->[0m Synchronising group "GRHYDRO::DENS" in local mode
[1mWARNING level 2 from host runnervmmprz5.ywk1ih4da4xu3m2ljf0f0mebkf.cx.internal.cloudapp.net process 0
  in thorn Carpet, file /home/runner/work/tests/tests/master/configs/sim/build/Carpet/Comm.cc:103:
  ->[0m Synchronising group "GRHYDRO::SCON" in local mode
[1mWARNING level 2 from host runnervmmprz5.ywk1ih4da4xu3m2ljf0f0mebkf.cx.internal.cloudapp.net process 0
  in thorn Carpet, file /home/runner/work/tests/tests/master/configs/sim/build/Carpet/Comm.cc:103:
  ->[0m Synchronising group "GRHYDRO::BCONS" in local mode
[1mWARNING level 2 from host runnervmmprz5.ywk1ih4da4xu3m2ljf0f0mebkf.cx.internal.cloudapp.net process 0
  in thorn Carpet, file /home/runner/work/tests/tests/master/configs/sim/build/Carpet/Comm.cc:103:
  ->[0m Synchronising group "GRHYDRO::TAU" in local mode
[1mWARNING level 2 from host runnervmmprz5.ywk1ih4da4xu3m2ljf0f0mebkf.cx.internal.cloudapp.net process 0
  in thorn Carpet, file /home/runner/work/tests/tests/master/configs/sim/build/Carpet/Comm.cc:103:
  ->[0m Synchronising group "GRHYDRO::DENS" in local mode
[1mWARNING level 2 from host runnervmmprz5.ywk1ih4da4xu3m2ljf0f0mebkf.cx.internal.cloudapp.net process 0
  in thorn Carpet, file /home/runner/work/tests/tests/master/configs/sim/build/Carpet/Comm.cc:103:
  ->[0m Synchronising group "GRHYDRO::SCON" in local mode
[1mWARNING level 2 from host runnervmmprz5.ywk1ih4da4xu3m2ljf0f0mebkf.cx.internal.cloudapp.net process 0
  in thorn Carpet, file /home/runner/work/tests/tests/master/configs/sim/build/Carpet/Comm.cc:103:
  ->[0m Synchronising group "GRHYDRO::BCONS" in local mode
       10     0.004 |   99.4726343 |   96.9999979 |    1.0144526 |   30.2803465 |        66
INFO (TimerReport): Timer Report before terminating at iteration 10 time 0.00353553
==================================================================================================================================================================================================
Thorn           | Scheduled routine in time bin           | gettimeofday [secs] | getrusage [secs] | cycle [secs] | cycle[avg] [secs] | cycle[sdv] [secs] | cycle[min] [secs] | cycle[max] [secs] 
==================================================================================================================================================================================================
Carpet          | Multi-model Startup routine             |          0.00027000 |       0.00025200 |   0.00000000 |        0.00000000 |        0.00000000 |        0.00000000 |        0.00000000 
CycleClock      | Set up CycleClock                       |          0.10003200 |       0.10003200 |   0.00000338 |        0.00000338 |        0.00000000 |        0.00000338 |        0.00000338 
LoopControl     | Set up LoopControl                      |          0.00000200 |       0.00000200 |   0.00000147 |        0.00000147 |        0.00000000 |        0.00000147 |        0.00000147 
Timers          | Prepare hierarchical timers             |          0.00001600 |       0.00001600 |   0.00001625 |        0.00001625 |        0.00000000 |        0.00001625 |        0.00001625 
Carpet          | Startup routine                         |          0.00000200 |       0.00000200 |   0.00000215 |        0.00000215 |        0.00000000 |        0.00000215 |        0.00000215 
IOUtil          | Startup routine                         |          0.00000700 |       0.00000700 |   0.00000350 |        0.00000350 |        0.00000000 |        0.00000350 |        0.00000350 
CarpetIOScalar  | Startup routine                         |          0.00001300 |       0.00001300 |   0.00001381 |        0.00001381 |        0.00000000 |        0.00001381 |        0.00001381 
CarpetInterp    | Startup routine                         |          0.00000100 |       0.00000100 |   0.00000112 |        0.00000112 |        0.00000000 |        0.00000112 |        0.00000112 
CarpetReduce    | Startup routine                         |          0.00003100 |       0.00003100 |   0.00003153 |        0.00003153 |        0.00000000 |        0.00003153 |        0.00003153 
CartGrid3D      | Register GH Extension for GridSymmetry  |          0.00000200 |       0.00000100 |   0.00000186 |        0.00000186 |        0.00000000 |        0.00000186 |        0.00000186 
CoordBase       | Register a GH extension to store the coo|          0.00000200 |       0.00000200 |   0.00000171 |        0.00000171 |        0.00000000 |        0.00000171 |        0.00000171 
AEILocalInterp  | register CCTK_InterpLocalUniform() inter|          0.00000400 |       0.00000400 |   0.00000328 |        0.00000328 |        0.00000000 |        0.00000328 |        0.00000328 
EOS_Omni        | Set up conversion factors and other fun |          0.00001200 |       0.00001300 |   0.00001249 |        0.00001249 |        0.00000000 |        0.00001249 |        0.00001249 
EOS_Polytrope   | Setup the polytropic EOS                |          0.00000200 |       0.00000100 |   0.00000171 |        0.00000171 |        0.00000000 |        0.00000171 |        0.00000171 
GRHydro         | Startup banner                          |          0.00000400 |       0.00000400 |   0.00000446 |        0.00000446 |        0.00000000 |        0.00000446 |        0.00000446 
GRHydro         | Register the hydro masks                |          0.00000500 |       0.00000500 |   0.00000485 |        0.00000485 |        0.00000000 |        0.00000485 |        0.00000485 
HydroBase       | Startup banner                          |          0.00000100 |       0.00000200 |   0.00000131 |        0.00000131 |        0.00000000 |        0.00000131 |        0.00000131 
CarpetIOASCII   | Startup routine                         |          0.00002500 |       0.00002500 |   0.00002571 |        0.00002571 |        0.00000000 |        0.00002571 |        0.00002571 
LocalInterp     | register LocalInterp's interpolation ope|          0.00000100 |       0.00000100 |   0.00000130 |        0.00000130 |        0.00000000 |        0.00000130 |        0.00000130 
LocalReduce     | Startup routine                         |          0.00001400 |       0.00001300 |   0.00001341 |        0.00001341 |        0.00000000 |        0.00001341 |        0.00001341 
CarpetIOBasic   | Startup routine                         |          0.00000300 |       0.00000200 |   0.00000291 |        0.00000291 |        0.00000000 |        0.00000291 |        0.00000291 
MoL             | Startup banner                          |          0.00000400 |       0.00000400 |   0.00000375 |        0.00000375 |        0.00000000 |        0.00000375 |        0.00000375 
Slab            | Create MPI datatypes for complex variabl|          0.00000400 |       0.00000400 |   0.00000419 |        0.00000419 |        0.00000000 |        0.00000419 |        0.00000419 
SymBase         | Register GH Extension for SymBase       |          0.00000300 |       0.00000400 |   0.00000357 |        0.00000357 |        0.00000000 |        0.00000357 |        0.00000357 
TerminationTrigg| Start signal handler                    |          0.00002400 |       0.00002400 |   0.00002323 |        0.00002323 |        0.00000000 |        0.00002323 |        0.00002323 
CarpetIOHDF5    | Startup routine                         |          0.00001600 |       0.00001600 |   0.00001634 |        0.00001634 |        0.00000000 |        0.00001634 |        0.00001634 
Vectors         | Print startup message                   |          0.00001300 |       0.00001300 |   0.00001340 |        0.00001340 |        0.00000000 |        0.00001340 |        0.00001340 
hwloc           | Output hwloc version                    |          0.00000400 |       0.00000400 |   0.00000383 |        0.00000383 |        0.00000000 |        0.00000383 |        0.00000383 
--------------------------------------------------------------------------------------------------------------------------------------------------------------------------------------------------
                | Total time for CCTK_STARTUP             |          0.10051700 |       0.10049800 |   0.00021652 |        0.00021652 |        0.00000000 |        0.00021652 |        0.00021652 
==================================================================================================================================================================================================
ADMBase         | Set up GF symmetries                    |          0.00002600 |       0.00000000 |   0.00002616 |        0.00002616 |        0.00000000 |        0.00002616 |        0.00002616 
Boundary        | Register boundary conditions that this t|          0.00001200 |       0.00000000 |   0.00001222 |        0.00001222 |        0.00000000 |        0.00001222 |        0.00001222 
CartGrid3D      | Register coordinates for the Cartesian g|          0.00008400 |       0.00000000 |   0.00008336 |        0.00008336 |        0.00000000 |        0.00008336 |        0.00008336 
CoordGauge      | Initialize slicing, setup priorities for|          0.00001000 |       0.00000000 |   0.00001046 |        0.00001046 |        0.00000000 |        0.00001046 |        0.00001046 
CoordGauge      | Identify the slicing for the next iterat|          0.00000900 |       0.00000000 |   0.00000965 |        0.00000965 |        0.00000000 |        0.00000965 |        0.00000965 
GRHydro         | Initialize InLastMoLPostStep to zero    |          0.00001500 |       0.00000000 |   0.00001533 |        0.00001533 |        0.00000000 |        0.00001533 |        0.00001533 
MoL             | Set up the MoL bookkeeping index arrays |          0.00003400 |       0.00000000 |   0.00003386 |        0.00003386 |        0.00000000 |        0.00003386 |        0.00003386 
MoL             | Set the flag so it is ok to register wit|          0.00001300 |       0.00000000 |   0.00001278 |        0.00001278 |        0.00000000 |        0.00001278 |        0.00001278 
TmunuBase       | Set the stress_energy_state variable    |          0.00001800 |       0.00000000 |   0.00001740 |        0.00001740 |        0.00000000 |        0.00001740 |        0.00001740 
GRHydro         | Register variables for MoL              |          0.00004900 |       0.00000000 |   0.00004878 |        0.00004878 |        0.00000000 |        0.00004878 |        0.00004878 
Slab            | Initialise timers                       |          0.00002400 |       0.00000000 |   0.00002325 |        0.00002325 |        0.00000000 |        0.00002325 |        0.00002325 
SpaceMask       | Set grid symmetries for mask            |          0.00001200 |       0.00000000 |   0.00001094 |        0.00001094 |        0.00000000 |        0.00001094 |        0.00001094 
SpaceMask       | Set grid symmetries for emask (compatibi|          0.00001000 |       0.00000000 |   0.00000986 |        0.00000986 |        0.00000000 |        0.00000986 |        0.00000986 
CartGrid3D      | Register symmetry boundaries            |          0.00005200 |       0.00000000 |   0.00005204 |        0.00005204 |        0.00000000 |        0.00005204 |        0.00005204 
SymBase         | Print symmetry boundary face description|          0.00001200 |       0.00000000 |   0.00001222 |        0.00001222 |        0.00000000 |        0.00001222 |        0.00001222 
MoL             | Report how many of each type of variable|          0.00009700 |       0.00000000 |   0.00009717 |        0.00009717 |        0.00000000 |        0.00009717 |        0.00009717 
--------------------------------------------------------------------------------------------------------------------------------------------------------------------------------------------------
                | Total time for CCTK_WRAGH               |          0.00047700 |       0.00000000 |   0.00047549 |        0.00047549 |        0.00000000 |        0.00047549 |        0.00047549 
==================================================================================================================================================================================================
ADMBase         | Check consistency of parameters         |          0.00001400 |       0.00000000 |   0.00001343 |        0.00001343 |        0.00000000 |        0.00001343 |        0.00001343 
Boundary        | Check dimension of grid variables       |          0.00000800 |       0.00000000 |   0.00000862 |        0.00000862 |        0.00000000 |        0.00000862 |        0.00000862 
Carpet          | Parameter checking routine              |          0.00001800 |       0.00000000 |   0.00001864 |        0.00001864 |        0.00000000 |        0.00001864 |        0.00001864 
CarpetLib       | Test prolongation operators             |          0.00002000 |       0.00000000 |   0.00001952 |        0.00001952 |        0.00000000 |        0.00001952 |        0.00001952 
CartGrid3D      | Check coordinates for CartGrid3D        |          0.00001800 |       0.00000000 |   0.00001768 |        0.00001768 |        0.00000000 |        0.00001768 |        0.00001768 
Fortran         | Test whether Fortran parameters work cor|          0.00000900 |       0.00000000 |   0.00000910 |        0.00000910 |        0.00000000 |        0.00000910 |        0.00000910 
GRHydro         | Check parameters                        |          0.00003100 |       0.00000000 |   0.00003069 |        0.00003069 |        0.00000000 |        0.00003069 |        0.00003069 
GRHydro_InitData| Check parameters                        |          0.00001200 |       0.00000000 |   0.00001171 |        0.00001171 |        0.00000000 |        0.00001171 |        0.00001171 
MoL             | Basic parameter checking                |          0.00001200 |       0.00000000 |   0.00001233 |        0.00001233 |        0.00000000 |        0.00001233 |        0.00001233 
TerminationTrigg| Check consitency of parameters          |          0.00000800 |       0.00000000 |   0.00000860 |        0.00000860 |        0.00000000 |        0.00000860 |        0.00000860 
TmunuBase       | Check that no deprecated parameters are |          0.00000900 |       0.00000000 |   0.00000853 |        0.00000853 |        0.00000000 |        0.00000853 |        0.00000853 
Vectors         | Run correctness tests.                  |          0.00010200 |       0.00000000 |   0.00010218 |        0.00010218 |        0.00000000 |        0.00010218 |        0.00010218 
--------------------------------------------------------------------------------------------------------------------------------------------------------------------------------------------------
                | Total time for CCTK_PARAMCHECK          |          0.00026100 |       0.00000000 |   0.00026102 |        0.00026102 |        0.00000000 |        0.00026102 |        0.00026102 
==================================================================================================================================================================================================
ADMBase         | Set the shift_state variable to 1       |          0.00004200 |       0.00004200 |   0.00004199 |        0.00004199 |        0.00000000 |        0.00004199 |        0.00004199 
ADMBase         | Set the dtlapse_state variable to 0     |          0.00002900 |       0.00002900 |   0.00002871 |        0.00002871 |        0.00000000 |        0.00002871 |        0.00002871 
ADMBase         | Set the dtshift_state variable to 0     |          0.00002800 |       0.00002800 |   0.00002820 |        0.00002820 |        0.00000000 |        0.00002820 |        0.00002820 
ADMMacros       | Initialize the local_spatial_order      |          0.00002800 |       0.00002700 |   0.00002751 |        0.00002751 |        0.00000000 |        0.00002751 |        0.00002751 
CartGrid3D      | Set up ranges for spatial 3D Cartesian c|          0.00009200 |       0.00008400 |   0.00009139 |        0.00009139 |        0.00000000 |        0.00009139 |        0.00009139 
CartGrid3D      | Set up spatial 3D Cartesian coordinates |          0.00007500 |       0.00006800 |   0.00007369 |        0.00007369 |        0.00000000 |        0.00007369 |        0.00007369 
CarpetReduce    | Allocate the weight function            |          0.00006600 |       0.00006200 |   0.00006606 |        0.00006606 |        0.00000000 |        0.00006606 |        0.00006606 
CarpetReduce    | Initialise the weight function          |          0.00009300 |       0.00008600 |   0.00009333 |        0.00009333 |        0.00000000 |        0.00009333 |        0.00009333 
CarpetReduce    | Set up the outer boundaries of the weigh|          0.00010300 |       0.00009600 |   0.00010378 |        0.00010378 |        0.00000000 |        0.00010378 |        0.00010378 
CarpetReduce    | Set up the weight function for the restr|          0.00005000 |       0.00004600 |   0.00004978 |        0.00004978 |        0.00000000 |        0.00004978 |        0.00004978 
CarpetReduce    | Set the weight function                 |          0.00006300 |       0.00005800 |   0.00006283 |        0.00006283 |        0.00000000 |        0.00006283 |        0.00006283 
CarpetReduce    | Test the weight function                |          0.00008500 |       0.00007900 |   0.00008497 |        0.00008497 |        0.00000000 |        0.00008497 |        0.00008497 
GRHydro         | Initially set execution flags to 'YEAH, |          0.00001800 |       0.00001700 |   0.00001816 |        0.00001816 |        0.00000000 |        0.00001816 |        0.00001816 
GRHydro         | Schedule symmetries and check shift stat|          0.00009200 |       0.00009100 |   0.00009219 |        0.00009219 |        0.00000000 |        0.00009219 |        0.00009219 
GRHydro         | Initialise the mask function that contai|          0.00004600 |       0.00004500 |   0.00004527 |        0.00004527 |        0.00000000 |        0.00004527 |        0.00004527 
NaNChecker      | Reset the NaNChecker::NaNsFound counter |          0.00001800 |       0.00001800 |   0.00001812 |        0.00001812 |        0.00000000 |        0.00001812 |        0.00001812 
SpaceMask       | Initialise mask to zero                 |          0.00003100 |       0.00003100 |   0.00003128 |        0.00003128 |        0.00000000 |        0.00003128 |        0.00003128 
SpaceMask       | Set old style mask to one               |          0.00002900 |       0.00002800 |   0.00002885 |        0.00002885 |        0.00000000 |        0.00002885 |        0.00002885 
SymBase         | Check whether the driver set up the grid|          0.00002900 |       0.00002800 |   0.00002833 |        0.00002833 |        0.00000000 |        0.00002833 |        0.00002833 
TerminationTrigg| Clear trigger state                     |          0.00002800 |       0.00002700 |   0.00002766 |        0.00002766 |        0.00000000 |        0.00002766 |        0.00002766 
TerminationTrigg| Start timer                             |          0.00004100 |       0.00004100 |   0.00004045 |        0.00004045 |        0.00000000 |        0.00004045 |        0.00004045 
TerminationTrigg| Create termination file                 |          0.00010600 |       0.00010500 |   0.00010556 |        0.00010556 |        0.00000000 |        0.00010556 |        0.00010556 
Time            | Initialise Time variables               |          0.00002200 |       0.00002100 |   0.00002154 |        0.00002154 |        0.00000000 |        0.00002154 |        0.00002154 
Time            | Set timestep based on Courant condition |          0.00002600 |       0.00002700 |   0.00002659 |        0.00002659 |        0.00000000 |        0.00002659 |        0.00002659 
--------------------------------------------------------------------------------------------------------------------------------------------------------------------------------------------------
                | Total time for CCTK_BASEGRID            |          0.00124000 |       0.00118400 |   0.00123626 |        0.00123626 |        0.00000000 |        0.00123626 |        0.00123626 
==================================================================================================================================================================================================
StaticConformal | Set the conformal_state variable to 0   |          0.00006600 |       0.00006700 |   0.00006641 |        0.00006641 |        0.00000000 |        0.00006641 |        0.00006641 
ADMBase         | Set the metric and extrinsic curvature t|          0.00006200 |       0.00006100 |   0.00006141 |        0.00006141 |        0.00000000 |        0.00006141 |        0.00006141 
GRHydro         | Set the EOS number                      |          0.00003900 |       0.00003900 |   0.00003901 |        0.00003901 |        0.00000000 |        0.00003901 |        0.00003901 
CarpetIOASCII   | Initialisation routine                  |          0.00002800 |       0.00002800 |   0.00002760 |        0.00002760 |        0.00000000 |        0.00002760 |        0.00002760 
CarpetIOBasic   | Initialisation routine                  |          0.00002800 |       0.00002700 |   0.00002729 |        0.00002729 |        0.00000000 |        0.00002729 |        0.00002729 
CarpetIOHDF5    | Initialisation routine                  |          0.00001700 |       0.00001800 |   0.00001724 |        0.00001724 |        0.00000000 |        0.00001724 |        0.00001724 
CarpetIOScalar  | Initialisation routine                  |          0.00001600 |       0.00001700 |   0.00001671 |        0.00001671 |        0.00000000 |        0.00001671 |        0.00001671 
GRHydro         | Set up minimum for the rest-mass density|          0.00004700 |       0.00004600 |   0.00004653 |        0.00004653 |        0.00000000 |        0.00004653 |        0.00004653 
GRHydro         | Initialize the atmosphere mask          |          0.00005300 |       0.00005300 |   0.00005298 |        0.00005298 |        0.00000000 |        0.00005298 |        0.00005298 
GRHydro         | Calculate current refinement level      |          0.00007700 |       0.00007600 |   0.00007638 |        0.00007638 |        0.00000000 |        0.00007638 |        0.00007638 
ADMBase         | Set the lapse to 1 at all points        |          0.00006000 |       0.00005900 |   0.00005903 |        0.00005903 |        0.00000000 |        0.00005903 |        0.00005903 
ADMBase         | Set the shift to 0 at all points        |          0.00003900 |       0.00003900 |   0.00003891 |        0.00003891 |        0.00000000 |        0.00003891 |        0.00003891 
GRHydro         | Set divB initially to zero              |          0.00004200 |       0.00004200 |   0.00004165 |        0.00004165 |        0.00000000 |        0.00004165 |        0.00004165 
GRHydro_InitData| Shocktube initial data - MHD version    |          0.00064200 |       0.00064300 |   0.00064265 |        0.00064265 |        0.00000000 |        0.00064265 |        0.00064265 
HydroBase       | Initialize hydro excision mask to 'no ex|          0.00003400 |       0.00003400 |   0.00003424 |        0.00003424 |        0.00000000 |        0.00003424 |        0.00003424 
GRHydro         | Calculate sdetg                         |          0.00005100 |       0.00005200 |   0.00005105 |        0.00005105 |        0.00000000 |        0.00005105 |        0.00005105 
GRHydro         | Use mask to enforce atmosphere at initia|          0.00006900 |       0.00006900 |   0.00006903 |        0.00006903 |        0.00000000 |        0.00006903 |        0.00006903 
MoL             | Initialise the step size control        |          0.00001000 |       0.00001000 |   0.00000951 |        0.00000951 |        0.00000000 |        0.00000951 |        0.00000951 
GRHydro         | Convert initial data given in primive va|          0.00017600 |       0.00017600 |   0.00017575 |        0.00017575 |        0.00000000 |        0.00017575 |        0.00017575 
--------------------------------------------------------------------------------------------------------------------------------------------------------------------------------------------------
                | Total time for CCTK_INITIAL             |          0.00155600 |       0.00155600 |   0.00155339 |        0.00155339 |        0.00000000 |        0.00155339 |        0.00155339 
==================================================================================================================================================================================================
CarpetIOHDF5    | Close all filereader input files        |          0.00002900 |       0.00003000 |   0.00002965 |        0.00002965 |        0.00000000 |        0.00002965 |        0.00002965 
GRHydro         | Set up and check scalars for efficiency |          0.00004000 |       0.00004100 |   0.00004062 |        0.00004062 |        0.00000000 |        0.00004062 |        0.00004062 
ADMBase         | Select ADMBase boundary conditions - may|          0.00027300 |       0.00027200 |   0.00027274 |        0.00027274 |        0.00000000 |        0.00027274 |        0.00027274 
Boundary        | Apply all requested local physical bound|          0.00021300 |       0.00014300 |   0.00021219 |        0.00005305 |        0.00007226 |        0.00002936 |        0.00011555 
CartGrid3D      | Apply symmetry boundary conditions      |          0.00011600 |       0.00005800 |   0.00011511 |        0.00002878 |        0.00000516 |        0.00002608 |        0.00003302 
Boundary        | Unselect all grid variables for boundary|          0.00003100 |       0.00001700 |   0.00002991 |        0.00000748 |        0.00000260 |        0.00000661 |        0.00000972 
GRHydro_InitData| 2-D Diagonal shock boundary conditions  |          0.00152700 |       0.00057600 |   0.00152770 |        0.00038193 |        0.00007624 |        0.00034351 |        0.00044493 
GRHydro         | Calculate current refinement level      |          0.00004900 |       0.00000000 |   0.00004804 |        0.00004804 |        0.00000000 |        0.00004804 |        0.00004804 
GRHydro         | Set grid scalar InLastMoLPostStep if thi|          0.00001300 |       0.00000000 |   0.00001270 |        0.00001270 |        0.00000000 |        0.00001270 |        0.00001270 
GRHydro         | Select atmosphere mask for boundary cond|          0.00006300 |       0.00000000 |   0.00006258 |        0.00006258 |        0.00000000 |        0.00006258 |        0.00006258 
GRHydro         | Set integer atmosphere mask from synchro|          0.00004800 |       0.00000000 |   0.00004821 |        0.00004821 |        0.00000000 |        0.00004821 |        0.00004821 
GRHydro         | Reset the atmosphere - MHD version      |          0.00005700 |       0.00000000 |   0.00005713 |        0.00005713 |        0.00000000 |        0.00005713 |        0.00005713 
GRHydro         | Compute comoving magnetic field, pressur|          0.00013900 |       0.00002200 |   0.00013889 |        0.00013889 |        0.00000000 |        0.00013889 |        0.00013889 
GRHydro         | Select GRHydro boundary conditions      |          0.00025300 |       0.00003600 |   0.00025284 |        0.00025284 |        0.00000000 |        0.00025284 |        0.00025284 
GRHydro         | Calculate sdetg                         |          0.00005600 |       0.00000000 |   0.00005642 |        0.00005642 |        0.00000000 |        0.00005642 |        0.00005642 
GRHydro         | Convert back to primitive variables (gen|          0.00057400 |       0.00035300 |   0.00057462 |        0.00057462 |        0.00000000 |        0.00057462 |        0.00057462 
GRHydro         | Calculate divB                          |          0.00005400 |       0.00004900 |   0.00005355 |        0.00005355 |        0.00000000 |        0.00005355 |        0.00005355 
--------------------------------------------------------------------------------------------------------------------------------------------------------------------------------------------------
                | Total time for CCTK_POSTINITIAL         |          0.00353500 |       0.00159700 |   0.00353291 |        0.00211922 |        0.00015625 |        0.00205356 |        0.00225122 
==================================================================================================================================================================================================
GRHydro         | Set the value of the rest-mass density o|          0.00014500 |       0.00009700 |   0.00014549 |        0.00014549 |        0.00000000 |        0.00014549 |        0.00014549 
GRHydro         | Use mask to enforce atmosphere at initia|          0.00010500 |       0.00000000 |   0.00010545 |        0.00010545 |        0.00000000 |        0.00010545 |        0.00010545 
GRHydro         | Calculate sdetg                         |          0.00007400 |       0.00000000 |   0.00007281 |        0.00007281 |        0.00000000 |        0.00007281 |        0.00007281 
GRHydro         | Convert back to primitive variables (gen|          0.00055300 |       0.00000000 |   0.00055282 |        0.00055282 |        0.00000000 |        0.00055282 |        0.00055282 
--------------------------------------------------------------------------------------------------------------------------------------------------------------------------------------------------
                | Total time for CCTK_POSTPOSTINITIAL     |          0.00087700 |       0.00009700 |   0.00087657 |        0.00087657 |        0.00000000 |        0.00087657 |        0.00087657 
==================================================================================================================================================================================================
CarpetIOHDF5    | Initial data checkpoint routine         |          0.00005200 |       0.00004800 |   0.00005176 |        0.00005176 |        0.00000000 |        0.00005176 |        0.00005176 
--------------------------------------------------------------------------------------------------------------------------------------------------------------------------------------------------
                | Total time for CCTK_CPINITIAL           |          0.00005200 |       0.00004800 |   0.00005176 |        0.00005176 |        0.00000000 |        0.00005176 |        0.00005176 
==================================================================================================================================================================================================
ADMBase         | Copy the lapse to the current time level|          0.00030500 |       0.00024800 |   0.00030553 |        0.00003055 |        0.00001237 |        0.00002824 |        0.00004211 
ADMBase         | Copy the shift to the current time level|          0.00031200 |       0.00025100 |   0.00031122 |        0.00003112 |        0.00000507 |        0.00003003 |        0.00003564 
ADMBase         | Copy the metric and extrinsic curvature |          0.00050200 |       0.00043800 |   0.00050254 |        0.00005025 |        0.00002082 |        0.00004395 |        0.00006801 
CoordGauge      | Identify the slicing for the next iterat|          0.00029300 |       0.00026600 |   0.00029372 |        0.00002937 |        0.00000821 |        0.00002781 |        0.00003702 
GRHydro         | Reset the mask function that contains th|          0.00037300 |       0.00033800 |   0.00037317 |        0.00003732 |        0.00000679 |        0.00003597 |        0.00004354 
LoopControl     | Update LoopControl algorithm preferences|          0.00043000 |       0.00038700 |   0.00042967 |        0.00004297 |        0.00000566 |        0.00004064 |        0.00004676 
NaNChecker      | Reset the NaNChecker::NaNsFound counter |          0.00016700 |       0.00013500 |   0.00016657 |        0.00001666 |        0.00001960 |        0.00001448 |        0.00003525 
--------------------------------------------------------------------------------------------------------------------------------------------------------------------------------------------------
                | Total time for CCTK_PRESTEP             |          0.00238200 |       0.00206300 |   0.00238243 |        0.00023824 |        0.00007852 |        0.00022112 |        0.00030831 
==================================================================================================================================================================================================
MoL             | Initialise the step size control        |          0.00008200 |       0.00005600 |   0.00008096 |        0.00000810 |        0.00000974 |        0.00000679 |        0.00001732 
MoL             | Set the counter for the ODE method to lo|          0.00008600 |       0.00006400 |   0.00008397 |        0.00000840 |        0.00000453 |        0.00000749 |        0.00001141 
MoL             | Ensure the correct time and timestep are|          0.00007500 |       0.00005600 |   0.00007235 |        0.00000724 |        0.00000300 |        0.00000662 |        0.00001000 
MoL             | Allocate storage for scratch levels     |          0.00040800 |       0.00028800 |   0.00040945 |        0.00004094 |        0.00004333 |        0.00003373 |        0.00008150 
GRHydro         | Set up and check scalars for efficiency |          0.00042400 |       0.00033600 |   0.00042388 |        0.00004239 |        0.00001367 |        0.00003867 |        0.00005122 
MoL             | Allocate sufficient space for array scra|          0.00028200 |       0.00020300 |   0.00028356 |        0.00002836 |        0.00001422 |        0.00002568 |        0.00004080 
MoL             | Ensure the data is in the correct timele|          0.00122500 |       0.00074100 |   0.00122361 |        0.00012236 |        0.00004485 |        0.00010695 |        0.00015807 
MoL             | Initialise the RHS functions            |          0.00080300 |       0.00054100 |   0.00080047 |        0.00004002 |        0.00001794 |        0.00003683 |        0.00005456 
GRHydro         | Source term calculation                 |          0.00161300 |       0.00111100 |   0.00160826 |        0.00008041 |        0.00002588 |        0.00007430 |        0.00009302 
GRHydro         | Set the flux_direction variable         |          0.00034600 |       0.00025700 |   0.00034608 |        0.00001730 |        0.00001351 |        0.00001602 |        0.00003002 
GRHydro         | Calculate current refinement level      |          0.00241000 |       0.00191300 |   0.00239762 |        0.00003996 |        0.00004166 |        0.00003650 |        0.00006943 
GRHydro         | Reconstruct the functions at the cell bo|          0.01294000 |       0.01074600 |   0.01294502 |        0.00021575 |        0.00016478 |        0.00018763 |        0.00027951 
GRHydro         | Solve the local Riemann problems - MHD v|          0.00833900 |       0.00698000 |   0.00832598 |        0.00013877 |        0.00007473 |        0.00012426 |        0.00016547 
GRHydro         | Calculate the update term from the fluxe|          0.00292400 |       0.00240600 |   0.00291649 |        0.00004861 |        0.00003337 |        0.00004478 |        0.00007124 
GRHydro         | Decrement the flux_direction variable   |          0.00097500 |       0.00079600 |   0.00097418 |        0.00001624 |        0.00001660 |        0.00001556 |        0.00003150 
GRHydro         | Alter the update terms if inside the atm|          0.00087700 |       0.00067100 |   0.00086982 |        0.00004349 |        0.00001718 |        0.00003942 |        0.00005282 
MoL             | Updates calculated with the efficient Ru|          0.00093400 |       0.00078200 |   0.00093224 |        0.00004661 |        0.00002211 |        0.00004025 |        0.00005674 
MoL             | Alter the counter number                |          0.00015900 |       0.00013100 |   0.00015726 |        0.00000786 |        0.00000349 |        0.00000704 |        0.00001082 
MoL             | If necessary, change the time           |          0.00014300 |       0.00011800 |   0.00014240 |        0.00000712 |        0.00000355 |        0.00000666 |        0.00001048 
ADMBase         | Select ADMBase boundary conditions - may|          0.00309400 |       0.00256200 |   0.00309205 |        0.00015460 |        0.00027347 |        0.00012262 |        0.00040585 
Boundary        | Apply all requested local physical bound|          0.00386800 |       0.00277000 |   0.00385891 |        0.00005513 |        0.00029686 |        0.00002891 |        0.00012390 
CartGrid3D      | Apply symmetry boundary conditions      |          0.00201700 |       0.00143700 |   0.00201473 |        0.00002878 |        0.00003564 |        0.00002588 |        0.00005762 
Boundary        | Unselect all grid variables for boundary|          0.00048800 |       0.00034800 |   0.00048612 |        0.00000694 |        0.00000622 |        0.00000652 |        0.00001169 
GRHydro_InitData| 2-D Diagonal shock boundary conditions  |          0.02604100 |       0.01657600 |   0.02604324 |        0.00037205 |        0.00018282 |        0.00030983 |        0.00047151 
GRHydro         | Calculate current refinement level      |          0.00087800 |       0.00049900 |   0.00087827 |        0.00004391 |        0.00003496 |        0.00004023 |        0.00006802 
GRHydro         | Set grid scalar InLastMoLPostStep if thi|          0.00019300 |       0.00010200 |   0.00018910 |        0.00000945 |        0.00000494 |        0.00000895 |        0.00001421 
GRHydro         | Select atmosphere mask for boundary cond|          0.00117300 |       0.00065300 |   0.00117080 |        0.00005854 |        0.00002529 |        0.00005346 |        0.00007495 
GRHydro         | Set integer atmosphere mask from synchro|          0.00088000 |       0.00056700 |   0.00087735 |        0.00004387 |        0.00000658 |        0.00004264 |        0.00004960 
GRHydro         | Reset the atmosphere - MHD version      |          0.00045300 |       0.00028300 |   0.00045347 |        0.00004535 |        0.00001794 |        0.00004250 |        0.00006081 
GRHydro         | Compute comoving magnetic field, pressur|          0.00278600 |       0.00195800 |   0.00278476 |        0.00013924 |        0.00004012 |        0.00013403 |        0.00016495 
GRHydro         | Select GRHydro boundary conditions      |          0.00297600 |       0.00227300 |   0.00297181 |        0.00014859 |        0.00005636 |        0.00013807 |        0.00019219 
GRHydro         | Calculate sdetg                         |          0.00107800 |       0.00070400 |   0.00107373 |        0.00005369 |        0.00002835 |        0.00005087 |        0.00008049 
GRHydro         | Convert back to primitive variables (gen|          0.01209000 |       0.00894000 |   0.01208789 |        0.00060439 |        0.00006156 |        0.00057543 |        0.00062904 
GRHydro         | Reset InLastMoLPostStep to zero         |          0.00016500 |       0.00013600 |   0.00016224 |        0.00000811 |        0.00001364 |        0.00000681 |        0.00002070 
MoL             | If necessary, change the timestep       |          0.00016400 |       0.00012500 |   0.00016657 |        0.00000833 |        0.00002167 |        0.00000662 |        0.00002909 
MoL             | Control the step size                   |          0.00007600 |       0.00005500 |   0.00007473 |        0.00000747 |        0.00000558 |        0.00000677 |        0.00001275 
MoL             | Restoring the Save and Restore variables|          0.00062300 |       0.00042600 |   0.00060920 |        0.00006092 |        0.00001635 |        0.00005609 |        0.00007212 
MoL             | Free storage for scratch levels         |          0.00019900 |       0.00013500 |   0.00019865 |        0.00001986 |        0.00000760 |        0.00001835 |        0.00002607 
GRHydro         | Syncronise the mask function that contai|          0.00082800 |       0.00054700 |   0.00082591 |        0.00008259 |        0.00002673 |        0.00007667 |        0.00010693 
GRHydro         | Calculate divB                          |          0.00050400 |       0.00034300 |   0.00050521 |        0.00005052 |        0.00000706 |        0.00004895 |        0.00005654 
--------------------------------------------------------------------------------------------------------------------------------------------------------------------------------------------------
                | Total time for CCTK_EVOL                |          0.09561900 |       0.06963500 |   0.09551835 |        0.00296227 |        0.00173787 |        0.00265541 |        0.00402496 
==================================================================================================================================================================================================
GRHydro         | Calculate current refinement level (for |          0.00046700 |       0.00023500 |   0.00046869 |        0.00004261 |        0.00001390 |        0.00003952 |        0.00005402 
GRHydro         | Check the mask function that contains th|          0.00051600 |       0.00026700 |   0.00051625 |        0.00004693 |        0.00000663 |        0.00004553 |        0.00005269 
NaNChecker      | Prepare data structures to check for NaN|          0.00009100 |       0.00004300 |   0.00009046 |        0.00000822 |        0.00000407 |        0.00000727 |        0.00001102 
NaNChecker      | Check for NaNs                          |          0.00707800 |       0.00629600 |   0.00707706 |        0.00064337 |        0.00004187 |        0.00062295 |        0.00066733 
NaNChecker      | Count NaNs in NaNChecker::NaNsFound     |          0.00019600 |       0.00018700 |   0.00019523 |        0.00001775 |        0.00002528 |        0.00001415 |        0.00004133 
NaNChecker      | Output NaNChecker::NaNmask and take acti|          0.00028500 |       0.00027200 |   0.00028400 |        0.00002582 |        0.00000601 |        0.00002421 |        0.00003006 
SpaceMask       | Ensure that all mask values are legal   |          0.00034400 |       0.00033200 |   0.00034518 |        0.00003138 |        0.00000683 |        0.00002956 |        0.00003598 
--------------------------------------------------------------------------------------------------------------------------------------------------------------------------------------------------
                | Total time for CCTK_POSTSTEP            |          0.00897700 |       0.00763200 |   0.00897686 |        0.00081608 |        0.00010461 |        0.00078321 |        0.00089242 
==================================================================================================================================================================================================
CarpetIOHDF5    | Evolution checkpoint routine            |          0.00060600 |       0.00058000 |   0.00060361 |        0.00006036 |        0.00002476 |        0.00005367 |        0.00007553 
TimerReport     | Print the timer report                  |          0.00015200 |       0.00014500 |   0.00015130 |        0.00001513 |        0.00000422 |        0.00001446 |        0.00001912 
--------------------------------------------------------------------------------------------------------------------------------------------------------------------------------------------------
                | Total time for CCTK_CHECKPOINT          |          0.00075800 |       0.00072500 |   0.00075490 |        0.00007549 |        0.00002897 |        0.00006813 |        0.00009464 
==================================================================================================================================================================================================
CarpetLib       | Print timing statistics if desired      |          0.00018300 |       0.00017300 |   0.00018069 |        0.00001643 |        0.00001325 |        0.00001428 |        0.00002638 
CarpetLib       | Print memory statistics if desired      |          0.00059700 |       0.00059000 |   0.00059957 |        0.00005451 |        0.00041991 |        0.00001394 |        0.00045486 
LoopControl     | Output LoopControl statistics           |          0.00048800 |       0.00047100 |   0.00048871 |        0.00004443 |        0.00002218 |        0.00003889 |        0.00006060 
SystemStatistics| Collect system statistics               |          0.00139800 |       0.00135800 |   0.00139851 |        0.00012714 |        0.00004584 |        0.00011540 |        0.00016484 
TerminationTrigg| Check elapsed job walltime              |          0.00035800 |       0.00034700 |   0.00035705 |        0.00003246 |        0.00000787 |        0.00002999 |        0.00003701 
TerminationTrigg| Check if we received a termination signa|          0.00032500 |       0.00031400 |   0.00032289 |        0.00002935 |        0.00000726 |        0.00002778 |        0.00003422 
TerminationTrigg| Check termination file                  |          0.00045600 |       0.00044100 |   0.00045553 |        0.00004141 |        0.00002653 |        0.00003543 |        0.00005862 
TimerReport     | Print the timer report                  |          0.00017700 |       0.00017400 |   0.00017693 |        0.00001608 |        0.00000489 |        0.00001484 |        0.00001916 
--------------------------------------------------------------------------------------------------------------------------------------------------------------------------------------------------
                | Total time for CCTK_ANALYSIS            |          0.00398200 |       0.00386800 |   0.00397988 |        0.00036181 |        0.00054773 |        0.00029054 |        0.00085569 
==================================================================================================================================================================================================
CarpetIOHDF5    | Termination checkpoint routine          |          0.00005900 |       0.00006000 |   0.00005905 |        0.00005905 |        0.00000000 |        0.00005905 |        0.00005905 
LoopControl     | Output LoopControl statistics           |          0.00004400 |       0.00004400 |   0.00004388 |        0.00004388 |        0.00000000 |        0.00004388 |        0.00004388 
MoL             | Free the MoL bookkeeping index arrays   |          0.00003800 |       0.00003800 |   0.00003736 |        0.00003736 |        0.00000000 |        0.00003736 |        0.00003736 
TimerReport     | Print the timer report                  |          0.00000000 |       0.00000000 |   0.00000000 |        0.00000000 |        0.00000000 |        0.00000000 |        0.00000000 
--------------------------------------------------------------------------------------------------------------------------------------------------------------------------------------------------
                | Total time for CCTK_TERMINATE           |          0.00014100 |       0.00014200 |   0.00014029 |        0.00014029 |        0.00000000 |        0.00014029 |        0.00014029 
==================================================================================================================================================================================================
--------------------------------------------------------------------------------------------------------------------------------------------------------------------------------------------------
                | Total time for simulation               |          0.15104100 |       0.10872200 |   0.15103947 |        0.15103947 |        0.00000000 |        0.15103947 |        0.15103947 
==================================================================================================================================================================================================
INFO (TimerReport): Top timers at iteration 10 time 0.00353553
======================================================================
    %    Time/s   Min/s   Max/s   Timer (gettimeofday)
======================================================================
100.0   0.150500 0.149958 0.151041   CCTK total time
 93.3   0.140438 0.140092 0.140785   meta mode/meta mode/global mode
 90.0   0.135427 0.135197 0.135656   meta mode/meta mode/global mode/level(0)
 86.1   0.129631 0.129627 0.129635   main/Evolve
 71.8   0.108088 0.108047 0.108128   main/Evolve/CallEvol
 67.0   0.100849 0.100791 0.100906   main/Evolve/CallEvol/CCTK_EVOL
 66.5   0.100025 0.100018 0.100032   [0001] CycleClock: CycleClock_Setup in CCTK_STARTUP
 61.6   0.092746 0.091919 0.093572   main/Evolve/CallEvol/CCTK_EVOL/CallFunction
 45.1   0.067875 0.066802 0.068947   main/Evolve/CallEvol/CCTK_EVOL/CallFunction/thorns
 42.7   0.064276 0.064268 0.064283   meta mode
 28.9   0.043520 0.043516 0.043523   main/CarpetStartup
 27.7   0.041672 0.041635 0.041709   main/CarpetStartup/CarpetLib::gh::regrid
 27.5   0.041437 0.041398 0.041475   main/CarpetStartup/CarpetLib::gh::regrid/CarpetLib::dh::regrid
 17.3   0.026014 0.025986 0.026041   [0166] GRHydro_InitData: GRHydro_Diagshock2D_BoundaryM in CCTK_EVOL
 16.0   0.024047 0.024041 0.024054   main/Evolve/CallEvol/CCTK_EVOL/CallFunction/thorns/GRHydro_Diagshock2D_BoundaryM
 13.6   0.020511 0.020306 0.020715   main/Evolve/CallAnalysis
 13.5   0.020387 0.020370 0.020405   meta mode/meta mode
 11.2   0.016915 0.016908 0.016923   main/Initialise
 10.8   0.016221 0.012190 0.020252   main/Evolve/CallEvol/CCTK_EVOL/CallFunction/thorns/GRHydro_Diagshock2D_BoundaryM/Sync
  9.0   0.013521 0.013494 0.013548   main/CarpetStartup/CarpetLib::gh::regrid/CarpetLib::dh::regrid/test
  8.7   0.013077 0.013065 0.013088   main/CarpetStartup/CarpetLib::gh::regrid/CarpetLib::dh::regrid/buffers
  8.4   0.012576 0.012212 0.012940   [0154] GRHydro: Reconstruct in CCTK_EVOL
  7.8   0.011702 0.011313 0.012090   [0174] GRHydro: Con2Prim in CCTK_EVOL
  7.4   0.011106 0.010716 0.011495   main/Evolve/CallEvol/CCTK_EVOL/CallFunction/thorns/Con2Prim
  7.2   0.010816 0.010466 0.011167   main/Evolve/CallEvol/CCTK_EVOL/CallFunction/thorns/Reconstruct
  6.9   0.010452 0.010443 0.010461   meta mode/meta mode/global mode/level(0)/enter_local_mode
  5.5   0.008312 0.008284 0.008340   main/Evolve/CallAnalysis/CCTK_POSTSTEP
  5.4   0.008183 0.008027 0.008339   [0155] GRHydro: Riemann in CCTK_EVOL
  5.3   0.008030 0.008006 0.008055   main/Evolve/CallAnalysis/CCTK_POSTSTEP/CallFunction
  5.1   0.007681 0.007679 0.007684   main/Initialise/CallInitial
  4.6   0.006879 0.006679 0.007078   [0123] NaNChecker: NaNChecker_NaNCheck_Check in CCTK_POSTSTEP
  4.6   0.006857 0.006828 0.006887   main/Evolve/CallAnalysis/CCTK_POSTSTEP/CallFunction/thorns
  4.4   0.006553 0.006286 0.006820   main/Evolve/CallEvol/CCTK_EVOL/CallFunction/syncs
  4.2   0.006321 0.001660 0.010982   main/Evolve/CallEvol/CCTK_EVOL/CallFunction/thorns/GRHydro_Diagshock2D_BoundaryM/Sync/comm_state[6].state_do_some_work.step
  4.1   0.006189 0.005922 0.006456   main/Evolve/CallEvol/CCTK_EVOL/CallFunction/syncs/Sync
  4.1   0.006156 0.005931 0.006381   main/Evolve/CallEvol/CCTK_EVOL/CallFunction/thorns/Riemann
  4.0   0.005962 0.005792 0.006132   main/Evolve/CallAnalysis/CCTK_POSTSTEP/CallFunction/thorns/NaNChecker_NaNCheck_Check
  3.9   0.005827 0.005613 0.006041   main/Evolve/CallAnalysis/OutputGH
  3.8   0.005794 0.005578 0.006009   main/Evolve/CallAnalysis/OutputGH/OutputGH
  3.7   0.005628 0.005621 0.005635   main/CarpetStartup/CarpetLib::gh::regrid/CarpetLib::dh::regrid/bcast_comm
======================================================================
---------------------------------------------------------------------------------------------------------------------------------------------------------
Time      Time   Imblnc   Timer                                               gettimeof  getrusage      cycle  cycle[avg  cycle[sdv  cycle[min  cycle[max
percent   secs   percent                                                           secs       secs       secs       secs       secs       secs       secs
---------------------------------------------------------------------------------------------------------------------------------------------------------
 100.0%      0.1    0.0%  Evolve                                                 0.1296    0.09835   3.17e+08   3.17e+08          0   3.17e+08   3.17e+08
  15.8%      0.0    1.0%  |_CallAnalysis                                        0.02072     0.0187  5.066e+07  5.066e+06   2.33e+06  4.663e+06  7.188e+06
   2.5%      0.0    2.2%  | |_CCTK_ANALYSIS                                    0.003321    0.00321  8.125e+06  8.125e+05  1.914e+05  7.582e+05  9.761e+05
   2.3%      0.0    2.2%  | | |_CallFunction                                   0.003021   0.002921  7.425e+06  9.282e+04  7.766e+05  2.984e+04  3.986e+05
   1.1%      0.0    4.7%  | | | |_thorns                                       0.001512   0.001459  3.681e+06  4.601e+04  7.903e+05       6762  3.694e+05
   1.2%      0.0          | | | |_untimed
   6.4%      0.0    0.3%  | |_CCTK_POSTSTEP                                    0.008284   0.007064  2.026e+07  2.026e+06  1.681e+05  1.964e+06  2.164e+06
   6.2%      0.0    0.3%  | | |_CallFunction                                   0.008006   0.006856  1.958e+07  2.798e+05  4.404e+06  1.333e+04  1.628e+06
   5.3%      0.0    0.4%  | | | |_thorns                                       0.006828    0.00597  1.669e+07  2.385e+05  4.347e+06       7227  1.567e+06
   4.6%      0.0    2.8%  | | | | |_NaNChecker_NaNCheck_Check                  0.006132   0.005476    1.5e+07    1.5e+06  9.784e+04  1.461e+06  1.554e+06
   4.5%      0.0    3.5%  | |_OutputGH                                         0.006041   0.005647  1.476e+07  1.476e+06   2.35e+06  1.183e+06  3.698e+06
   4.5%      0.0    3.6%  | | |_OutputGH                                       0.006009   0.005617  1.469e+07  1.469e+06   2.35e+06  1.177e+06  3.692e+06
   1.1%      0.0    0.4%  | | | |_IOASCII::IOASCII_1D [2]                      0.001368   0.001365  3.353e+06  3.353e+05  2.369e+06  8.399e+04  2.583e+06
   1.0%      0.0    0.6%  | | | | |_OutputGH<1>                                0.001341   0.001338  3.283e+06  3.283e+05  2.368e+06  7.816e+04  2.575e+06
   1.7%      0.0    7.4%  | | | |_IOBasic::CarpetIOBasic [5]                   0.002435   0.002181  5.967e+06  5.967e+05  9.885e+04  5.727e+05  6.843e+05
   1.7%      0.0    7.3%  | | | | |_OutputGH                                   0.002403   0.002152   5.89e+06   5.89e+05  1.002e+05   5.65e+05  6.774e+05
   1.8%      0.0          | |_untimed
  83.4%      0.1    0.0%  |_CallEvol                                             0.1081    0.07896  2.644e+08  2.644e+07  4.462e+06  2.573e+07  3.065e+07
  77.8%      0.1    0.1%  | |_CCTK_EVOL                                          0.1009    0.07302  2.468e+08  2.468e+07  4.199e+06  2.394e+07  2.864e+07
  71.5%      0.1    0.9%  | | |_CallFunction                                    0.09357    0.06812  2.288e+08  2.139e+05  9.568e+06  1.169e+04  1.534e+06
   5.1%      0.0    3.9%  | | | |_syncs                                        0.006286   0.004807  1.538e+07  2.198e+05  1.135e+06  8.195e+04  9.439e+05
   4.8%      0.0    4.1%  | | | | |_Sync                                       0.005922   0.004549  1.454e+07  2.077e+05  1.117e+06  7.294e+04  9.251e+05
   1.1%      0.0    2.3%  | | | | | |_comm_state[3].state_fill_send_buffers.   0.001343   0.001032   3.31e+06  4.729e+04  2.515e+05       9163  8.166e+04
   1.2%      0.0   12.4%  | | | | | |_comm_state[6].state_do_some_work.step    0.001357   0.001097  3.374e+06   4.82e+04  6.364e+05  1.318e+04  6.068e+05
  52.4%      0.1    1.6%  | | | |_thorns                                        0.06895    0.04987  1.687e+08  1.576e+05  9.225e+06       7007  1.473e+06
   1.4%      0.0    1.7%  | | | | |_Boundary_ApplyPhysicalBCs                  0.001801   0.001339  4.496e+06  6.423e+04  6.988e+05       9138  2.279e+05
   8.6%      0.0    3.4%  | | | | |_Con2Prim                                     0.0115   0.008476  2.813e+07  1.406e+06   1.45e+05   1.34e+06  1.468e+06
   1.7%      0.0    2.4%  | | | | |_GRHydro_CalcBcom                           0.002197   0.001552  5.393e+06  2.696e+05  7.178e+04  2.624e+05  3.287e+05
  18.6%      0.0    0.0%  | | | | |_GRHydro_Diagshock2D_BoundaryM               0.02405    0.01525  5.886e+07  8.408e+05  4.322e+05  6.937e+05  1.068e+06
  12.5%      0.0   19.9%  | | | | | |_Sync                                      0.01219   0.007735  2.962e+07  2.116e+05  2.912e+05  1.637e+05  3.444e+05
   2.3%      0.0   13.0%  | | | | | | |_comm_state[3].state_fill_send_buffer   0.003406   0.002187  8.547e+06  6.105e+04  1.549e+05  3.533e+04  1.179e+05
   4.9%      0.0   42.4%  | | | | | | |_comm_state[6].state_do_some_work.ste    0.00166   0.001055  4.126e+06  2.947e+04  5.286e+04  2.318e+04  4.273e+04
   1.6%      0.0    8.5%  | | | | | | |_comm_state[7].state_empty_recv_buffe   0.001886   0.001209  4.661e+06  3.329e+04  7.322e+04  2.901e+04  6.282e+04
   1.6%      0.0          | | | | | | |_untimed
   5.9%      0.0          | | | | | |_untimed
   8.3%      0.0    3.1%  | | | | |_Reconstruct                                 0.01117   0.009333  2.734e+07  4.557e+05  3.819e+05  3.934e+05  5.955e+05
   4.7%      0.0    3.5%  | | | | |_Riemann                                    0.006381   0.005389  1.567e+07  2.612e+05  1.652e+05  2.321e+05  3.259e+05
   2.0%      0.0          | | | | |_untimed
  14.1%      0.0          | | | |_untimed
   6.1%      0.0          | | |_untimed
   2.0%      0.0    0.5%  | |_CCTK_PRESTEP                                     0.002522   0.002176  6.165e+06  6.165e+05  1.999e+05  5.698e+05  7.937e+05
   1.7%      0.0    1.0%  | | |_CallFunction                                   0.002232   0.001942  5.511e+06  7.872e+04  2.193e+05  3.119e+04  1.611e+05
   3.1%      0.0    0.0%  | |_Poison                                           0.003973   0.003196  9.719e+06  9.719e+05  1.142e+05  9.281e+05   1.05e+06
---------------------------------------------------------------------------------------------------------------------------------------------------------
---------------------------------------------------------------------------------------------------------------------------------------------------------
Time      Time   Imblnc   Timer                                               gettimeof  getrusage      cycle  cycle[avg  cycle[sdv  cycle[min  cycle[max
percent   secs   percent                                                           secs       secs       secs       secs       secs       secs       secs
---------------------------------------------------------------------------------------------------------------------------------------------------------
 100.0%      0.2    0.0%  meta mode                                              0.2004     0.1479    4.9e+08  8.166e+07  3.089e+08  1.088e+04  3.328e+08
  78.1%      0.2    0.0%  |_meta mode                                            0.1565     0.1141  3.827e+08  6.378e+07   2.98e+08  1.122e+04  3.328e+08
   1.0%      0.0    0.1%  | |_enter_global_mode                                0.002002   0.001509  4.934e+06  6.667e+04  2.361e+05  3.854e+04  1.471e+05
  71.9%      0.1    1.0%  | |_global mode                                        0.1454     0.1056  3.557e+08  4.742e+06  7.117e+07   4.68e+04   2.88e+07
  67.6%      0.1    0.2%  | | |_level(0)                                         0.1357    0.09888  3.318e+08  1.185e+06  7.707e+07       4165  2.872e+07
   5.2%      0.0    0.1%  | | | |_enter_local_mode                              0.01046   0.007839  2.612e+07  2.206e+04   2.84e+05       2180  9.641e+04
   1.1%      0.0    2.4%  | | | |_enter_singlemap_mode                         0.002119   0.001537   5.29e+06       4464  5.896e+04       2205  4.344e+04
   2.4%      0.0    2.3%  | | | |_leave_local_mode                              0.00498   0.003712  1.227e+07  1.035e+04  1.473e+05       2180  7.803e+04
   1.0%      0.0    0.2%  | | | |_leave_singlemap_mode                         0.002001   0.001444   5.03e+06       4241  5.702e+04       2180  4.493e+04
  57.9%      0.1          | | | |_untimed
   3.7%      0.0          | | |_untimed
   5.0%      0.0          | |_untimed
  21.9%      0.0          | untimed
---------------------------------------------------------------------------------------------------------------------------------------------------------
--------------------------------------------------------------------------------
Done.
+ echo Stopping:
Stopping:
+ date
Fri Oct  9 02:14:41 UTC 2026
+ echo Done.
Done.
  Elapsed time: 1.0 s
