/home/runner/simulations/TestJob01_temp_1/output-0000/TEST/sim/CottonmouthZ4c4m
Preparing:
+ set -e
+ cd output-0000-active
+ echo Checking:
Checking:
+ pwd
/home/runner/simulations/TestJob01_temp_1/output-0000/TEST/sim/CottonmouthZ4c4m/output-0000-active
+ hostname
runnervmkkn4f
+ date
Wed Jul  8 01:16:24 UTC 2026
+ echo Environment:
Environment:
+ export CACTUS_NUM_PROCS=1
+ CACTUS_NUM_PROCS=1
+ export CACTUS_NUM_THREADS=2
+ CACTUS_NUM_THREADS=2
+ export GMON_OUT_PREFIX=gmon.out
+ GMON_OUT_PREFIX=gmon.out
+ export OMP_NUM_THREADS=2
+ OMP_NUM_THREADS=2
+ env
+ sort
+ echo Starting:
Starting:
++ date +%s
+ export CACTUS_STARTTIME=1783473384
+ CACTUS_STARTTIME=1783473384
+ '[' 1 = 1 ']'
+ '[' 0 -eq 0 ']'
+ /home/runner/simulations/TestJob01_temp_1/SIMFACTORY/exe/cactus_sim -L 3 /home/runner/simulations/TestJob01_temp_1/output-0000/arrangements/Cottonmouth/CottonmouthZ4c4m/test/linear_wave_z4c.par
INFO (Cactus): Increased logging level from 0 to 3
--------------------------------------------------------------------------------

       10                                  
  1   0101       ************************  
  01  1010 10      The Cactus Code V4.20.0    
 1010 1101 011      www.cactuscode.org     
  1001 100101    ************************  
    00010101                               
     100011     (c) Copyright The Authors  
      0100      GNU Licensed. No Warranty  
      0101                                 
--------------------------------------------------------------------------------

Cactus version:    4.20.0
Compile date:      Jul 08 2026 (01:09:08)
Run date:          Jul 08 2026 (01:16:25+0000)
Run host:          runnervmkkn4f.g0vjefpjgiqevk55v1qvz15w3h.ex.internal.cloudapp.net (pid=169852)
Working directory: /home/runner/simulations/TestJob01_temp_1/output-0000/TEST/sim/CottonmouthZ4c4m
Executable:        /home/runner/simulations/TestJob01_temp_1/SIMFACTORY/exe/cactus_sim
Parameter file:    /home/runner/simulations/TestJob01_temp_1/output-0000/arrangements/Cottonmouth/CottonmouthZ4c4m/test/linear_wave_z4c.par
--------------------------------------------------------------------------------

Activating thorn Cactus...Success -> active implementation Cactus
Activation requested for 
--->ADMBaseX TmunuBaseX CarpetX CottonmouthZ4c4m IOUtil CottonmouthLinearWaveID ODESolvers TmunuBaseX<---
Warning: thorn TmunuBaseX already scheduled for activation
Thorn ADMBaseX requests automatic activation of Loop
Thorn CarpetX requests automatic activation of AMReX
Thorn CarpetX requests automatic activation of MPI
Thorn CarpetX requests automatic activation of yaml_cpp
Thorn CarpetX requests automatic activation of zlib
Thorn CarpetX requests automatic activation of Arith
Thorn CarpetX requests automatic activation of CarpetXRegrid
Thorn CarpetX requests automatic activation of ADIOS2
Thorn CarpetX requests automatic activation of openPMD
Thorn CarpetX requests automatic activation of Silo
Thorn CottonmouthLinearWaveID requests automatic activation of NewRadX
Thorn ADIOS2 requests automatic activation of CMake
Thorn Arith requests automatic activation of NSIMD
Thorn MPI requests automatic activation of hwloc
Thorn openPMD requests automatic activation of HDF5
Activating thorn ADIOS2...Success -> active implementation ADIOS2
Activating thorn ADMBaseX...Success -> active implementation ADMBaseX
Activating thorn AMReX...Success -> active implementation AMReX
Activating thorn Arith...Success -> active implementation Arith
Activating thorn CarpetX...Success -> active implementation Driver
Activating thorn CarpetXRegrid...Success -> active implementation CarpetXRegrid
Activating thorn CMake...Success -> active implementation CMake
Activating thorn CottonmouthLinearWaveID...Success -> active implementation CottonmouthLinearWaveID
Activating thorn CottonmouthZ4c4m...Success -> active implementation CottonmouthZ4c4m
Activating thorn HDF5...Success -> active implementation HDF5
Activating thorn hwloc...Success -> active implementation hwloc
Activating thorn IOUtil...Success -> active implementation IO
Activating thorn Loop...Success -> active implementation Loop
Activating thorn MPI...Success -> active implementation MPI
Activating thorn NewRadX...Success -> active implementation NewRadX
Activating thorn NSIMD...Success -> active implementation NSIMD
Activating thorn ODESolvers...Success -> active implementation ODESolvers
Activating thorn openPMD...Success -> active implementation openPMD
Activating thorn Silo...Success -> active implementation Silo
Activating thorn TmunuBaseX...Success -> active implementation TmunuBaseX
Activating thorn yaml_cpp...Success -> active implementation yaml_cpp
Activating thorn zlib...Success -> active implementation zlib
--------------------------------------------------------------------------------
  if (recover initial data)
    Recover parameters
  endif

  Startup routines
    [CCTK_STARTUP]
      CarpetX::Driver_Startup: Start up the driver
      IOUtil::IOUtil_Startup: Startup routine
      GROUP hwloc_startup: hwloc startup group
        hwloc::hwloc_version: Output hwloc version

  Startup routines which need an existing grid hierarchy
    [CCTK_WRAGH]
      Arith::Test_smallvector: [meta] Test small vectors
      Arith::Test_spvect: [meta] Test sparse vectors
      ODESolvers::ODESolvers_InitConstants: [global] Set up dummy loop counters for schedule printout
  Parameter checking routines
    [CCTK_PARAMCHECK]

  Initialisation
    if (NOT (recover initial data AND recovery_mode is 'strict'))
      [CCTK_PREREGRIDINITIAL]
      Set up grid hierarchy
      [CCTK_POSTREGRIDINITIAL]
      [CCTK_BASEGRID]
        CarpetXRegrid::CarpetXRegrid_InitError: Initialize regridding error to zero
        GROUP ODESolvers_BaseGrid: Set up constants (e.g. coordinates) everywhere on the grid
      [CCTK_INITIAL]
        GROUP ODESolvers_Initial: Set up initial conditions on interior of state vector
          GROUP ADMBaseX_InitialData: Schedule group for calculating ADM initial data
            GROUP Cottonmouth_LinearWaveID: Initialize ADM variables with Linear Wave data
              GROUP cottonmouth_linear_wave_fill_id_group: Group for function `cottonmouth_linear_wave_fill_id`. Generated by EinsteinEngine.
                CottonmouthLinearWaveID::cottonmouth_linear_wave_fill_id: Function `cottonmouth_linear_wave_fill_id` generated by EinsteinEngine.
          GROUP ADMBaseX_InitialGauge: Schedule group for the ADM initial gauge condition
          GROUP ADMBaseX_PostInitial: Schedule group for modifying the ADM initial data, such as e.g. adding noise
          GROUP CottonmouthZ4c_InitialGroup: Z4 initialization routines
            GROUP adm_to_z4c_pt1_group: Group for function `adm_to_z4c_pt1`. Generated by EinsteinEngine.
              CottonmouthZ4c4m::adm_to_z4c_pt1: Function `adm_to_z4c_pt1` generated by EinsteinEngine.
            GROUP adm_to_z4c_pt2_group: Group for function `adm_to_z4c_pt2`. Generated by EinsteinEngine.
              CottonmouthZ4c4m::sync_z4c_pt2: Empty function for explicitly SYNCing variables as provided in an ExplicitSyncBatch. Syncs: gt. Generated by EinsteinEngine.
              CottonmouthZ4c4m::adm_to_z4c_pt2: Function `adm_to_z4c_pt2` generated by EinsteinEngine.
        GROUP TmunuBaseX_SetTmunuVars: Schedule group for setting T_munu
          TmunuBaseX::TmunuBaseX_ZeroTmunu: Set T_munu to zero
          GROUP TmunuBaseX_AddToTmunu: Add to T_munu here
      [CCTK_POSTINITIAL]
        GROUP ODESolvers_PostStep: Apply boundary conditions to state vector, and project if necessary
          GROUP CottonmouthZ4c_PostStepGroup: Z4 post-step routines
            GROUP z4c_enforce_pt1_group: Group for function `z4c_enforce_pt1`. Generated by EinsteinEngine.
              CottonmouthZ4c4m::z4c_enforce_pt1: Function `z4c_enforce_pt1` generated by EinsteinEngine.
            GROUP z4c_enforce_pt2_group: Group for function `z4c_enforce_pt2`. Generated by EinsteinEngine.
              CottonmouthZ4c4m::z4c_enforce_pt2: Function `z4c_enforce_pt2` generated by EinsteinEngine.
            GROUP z4c_to_adm_group: Group for function `z4c_to_adm`. Generated by EinsteinEngine.
              CottonmouthZ4c4m::sync_z4c: Empty function for explicitly SYNCing variables as provided in an ExplicitSyncBatch. Syncs: At, gt, chi, evo_lapse, evo_shift, trK. Generated by EinsteinEngine.
              CottonmouthZ4c4m::z4c_to_adm: Function `z4c_to_adm` generated by EinsteinEngine.
          GROUP ADMBaseX_SetADMRHS: Set ADM RHS variables in this group
          CottonmouthZ4c4m::sync_state: Empty function for explicitly SYNCing variables as provided in an ExplicitSyncBatch. Syncs: At, Theta, chi, evo_Gammat, evo_lapse, evo_shift, gt, trK. Generated by EinsteinEngine.
          GROUP ADMBaseX_SetADMVars: Set ADM variables in this group
          GROUP TmunuBaseX_SetTmunuVars: Schedule group for setting T_munu
            TmunuBaseX::TmunuBaseX_ZeroTmunu: Set T_munu to zero
            GROUP TmunuBaseX_AddToTmunu: Add to T_munu here
        GROUP ODESolvers_EstimateError: Estimate discretization error (for regridding)
      Initialise finer grids recursively
      Restrict from finer grids
      [CCTK_POSTRESTRICTINITIAL]
      [CCTK_POSTPOSTINITIAL]
        CottonmouthLinearWaveID::StateSync_CottonmouthLinearWaveID: Empty function to SYNC the state vector. Syncs: . Generated by EinsteinEngine.
        GROUP Init_Evolve_CottonmouthLinearWaveID: Group containing all functions from Evolve that should run before step 0. Generated by EinsteinEngine.
        GROUP Init_Analysis_CottonmouthLinearWaveID: Group containing all functions from Analysis that should run before step 0. Generated by EinsteinEngine.
        GROUP Init_Evolve_CottonmouthZ4c4m: Group containing all functions from Evolve that should run before step 0. Generated by EinsteinEngine.
        GROUP Init_Analysis_CottonmouthZ4c4m: Group containing all functions from Analysis that should run before step 0. Generated by EinsteinEngine.
      [CCTK_POSTSTEP]
        CottonmouthLinearWaveID::StateSync_CottonmouthLinearWaveID: Empty function to SYNC the state vector. Syncs: . Generated by EinsteinEngine.
        GROUP ODESolvers_EstimateError: Estimate discretization error (for regridding)
    endif
    if (recover initial data)
      [CCTK_BASEGRID]
        CarpetXRegrid::CarpetXRegrid_InitError: Initialize regridding error to zero
        GROUP ODESolvers_BaseGrid: Set up constants (e.g. coordinates) everywhere on the grid
      [CCTK_RECOVER_VARIABLES]
      [CCTK_POST_RECOVER_VARIABLES]
        GROUP ODESolvers_PostStep: Apply boundary conditions to state vector, and project if necessary
          GROUP CottonmouthZ4c_PostStepGroup: Z4 post-step routines
            GROUP z4c_enforce_pt1_group: Group for function `z4c_enforce_pt1`. Generated by EinsteinEngine.
              CottonmouthZ4c4m::z4c_enforce_pt1: Function `z4c_enforce_pt1` generated by EinsteinEngine.
            GROUP z4c_enforce_pt2_group: Group for function `z4c_enforce_pt2`. Generated by EinsteinEngine.
              CottonmouthZ4c4m::z4c_enforce_pt2: Function `z4c_enforce_pt2` generated by EinsteinEngine.
            GROUP z4c_to_adm_group: Group for function `z4c_to_adm`. Generated by EinsteinEngine.
              CottonmouthZ4c4m::sync_z4c: Empty function for explicitly SYNCing variables as provided in an ExplicitSyncBatch. Syncs: At, gt, chi, evo_lapse, evo_shift, trK. Generated by EinsteinEngine.
              CottonmouthZ4c4m::z4c_to_adm: Function `z4c_to_adm` generated by EinsteinEngine.
          GROUP ADMBaseX_SetADMRHS: Set ADM RHS variables in this group
          CottonmouthZ4c4m::sync_state: Empty function for explicitly SYNCing variables as provided in an ExplicitSyncBatch. Syncs: At, Theta, chi, evo_Gammat, evo_lapse, evo_shift, gt, trK. Generated by EinsteinEngine.
          GROUP ADMBaseX_SetADMVars: Set ADM variables in this group
          GROUP TmunuBaseX_SetTmunuVars: Schedule group for setting T_munu
            TmunuBaseX::TmunuBaseX_ZeroTmunu: Set T_munu to zero
            GROUP TmunuBaseX_AddToTmunu: Add to T_munu here
        GROUP ODESolvers_EstimateError: Estimate discretization error (for regridding)
    endif
    if (checkpoint initial data)
      [CCTK_CPINITIAL]
        CarpetX::CarpetX_CheckpointInitial: [meta] Checkpoint initial conditions
    endif
    if (analysis)
      [CCTK_ANALYSIS]
        GROUP CottonmouthZ4c_AnalysisGroup: Z4 analysis routines
          GROUP z4c_constraints_group: Group for function `z4c_constraints`. Generated by EinsteinEngine.
            CottonmouthZ4c4m::z4c_constraints: Function `z4c_constraints` generated by EinsteinEngine.
        GROUP ODESolvers_Analysis: Calculate analysis quantities everywhere
  endif
  Output grid variables

  do loop over timesteps
    [CCTK_PREREGRID]
    Change grid hierarchy
    [CCTK_POSTREGRID]
      GROUP ODESolvers_PostStep: Apply boundary conditions to state vector, and project if necessary
        GROUP CottonmouthZ4c_PostStepGroup: Z4 post-step routines
          GROUP z4c_enforce_pt1_group: Group for function `z4c_enforce_pt1`. Generated by EinsteinEngine.
            CottonmouthZ4c4m::z4c_enforce_pt1: Function `z4c_enforce_pt1` generated by EinsteinEngine.
          GROUP z4c_enforce_pt2_group: Group for function `z4c_enforce_pt2`. Generated by EinsteinEngine.
            CottonmouthZ4c4m::z4c_enforce_pt2: Function `z4c_enforce_pt2` generated by EinsteinEngine.
          GROUP z4c_to_adm_group: Group for function `z4c_to_adm`. Generated by EinsteinEngine.
            CottonmouthZ4c4m::sync_z4c: Empty function for explicitly SYNCing variables as provided in an ExplicitSyncBatch. Syncs: At, gt, chi, evo_lapse, evo_shift, trK. Generated by EinsteinEngine.
            CottonmouthZ4c4m::z4c_to_adm: Function `z4c_to_adm` generated by EinsteinEngine.
        GROUP ADMBaseX_SetADMRHS: Set ADM RHS variables in this group
        CottonmouthZ4c4m::sync_state: Empty function for explicitly SYNCing variables as provided in an ExplicitSyncBatch. Syncs: At, Theta, chi, evo_Gammat, evo_lapse, evo_shift, gt, trK. Generated by EinsteinEngine.
        GROUP ADMBaseX_SetADMVars: Set ADM variables in this group
        GROUP TmunuBaseX_SetTmunuVars: Schedule group for setting T_munu
          TmunuBaseX::TmunuBaseX_ZeroTmunu: Set T_munu to zero
          GROUP TmunuBaseX_AddToTmunu: Add to T_munu here
    Rotate timelevels
    iteration = iteration+1
    t = t+dt
    [CCTK_PRESTEP]
    [CCTK_EVOL]
      ODESolvers::ODESolvers_Solve: [level] Solve ODEs
      while (ODESolvers::do_substeps)
        GROUP ODESolvers_CalledBySolve: Groups internally scheduled by ODESolvers_Solve
          GROUP ODESolvers_RHS: Evaluate the RHS for of state vector everywhere on the grid
            GROUP CottonmouthZ4c_RHSGroup: Z4 equations RHS computation
              GROUP z4c_rhs_group: Group for function `z4c_rhs`. Generated by EinsteinEngine.
                CottonmouthZ4c4m::z4c_rhs: Function `z4c_rhs` generated by EinsteinEngine.
              GROUP z4c_apply_dissipation_group: Group for function `z4c_apply_dissipation`. Generated by EinsteinEngine.
                CottonmouthZ4c4m::z4c_apply_dissipation: Function `z4c_apply_dissipation` generated by EinsteinEngine.
          GROUP ODESolvers_PostStep: Apply boundary conditions to state vector, and project if necessary
            GROUP CottonmouthZ4c_PostStepGroup: Z4 post-step routines
              GROUP z4c_enforce_pt1_group: Group for function `z4c_enforce_pt1`. Generated by EinsteinEngine.
                CottonmouthZ4c4m::z4c_enforce_pt1: Function `z4c_enforce_pt1` generated by EinsteinEngine.
              GROUP z4c_enforce_pt2_group: Group for function `z4c_enforce_pt2`. Generated by EinsteinEngine.
                CottonmouthZ4c4m::z4c_enforce_pt2: Function `z4c_enforce_pt2` generated by EinsteinEngine.
              GROUP z4c_to_adm_group: Group for function `z4c_to_adm`. Generated by EinsteinEngine.
                CottonmouthZ4c4m::sync_z4c: Empty function for explicitly SYNCing variables as provided in an ExplicitSyncBatch. Syncs: At, gt, chi, evo_lapse, evo_shift, trK. Generated by EinsteinEngine.
                CottonmouthZ4c4m::z4c_to_adm: Function `z4c_to_adm` generated by EinsteinEngine.
            GROUP ADMBaseX_SetADMRHS: Set ADM RHS variables in this group
            CottonmouthZ4c4m::sync_state: Empty function for explicitly SYNCing variables as provided in an ExplicitSyncBatch. Syncs: At, Theta, chi, evo_Gammat, evo_lapse, evo_shift, gt, trK. Generated by EinsteinEngine.
            GROUP ADMBaseX_SetADMVars: Set ADM variables in this group
            GROUP TmunuBaseX_SetTmunuVars: Schedule group for setting T_munu
              TmunuBaseX::TmunuBaseX_ZeroTmunu: Set T_munu to zero
              GROUP TmunuBaseX_AddToTmunu: Add to T_munu here
      end while
    Evolve finer grids recursively
    Restrict from finer grids
    [CCTK_POSTRESTRICT]
      GROUP ODESolvers_PostStep: Apply boundary conditions to state vector, and project if necessary
        GROUP CottonmouthZ4c_PostStepGroup: Z4 post-step routines
          GROUP z4c_enforce_pt1_group: Group for function `z4c_enforce_pt1`. Generated by EinsteinEngine.
            CottonmouthZ4c4m::z4c_enforce_pt1: Function `z4c_enforce_pt1` generated by EinsteinEngine.
          GROUP z4c_enforce_pt2_group: Group for function `z4c_enforce_pt2`. Generated by EinsteinEngine.
            CottonmouthZ4c4m::z4c_enforce_pt2: Function `z4c_enforce_pt2` generated by EinsteinEngine.
          GROUP z4c_to_adm_group: Group for function `z4c_to_adm`. Generated by EinsteinEngine.
            CottonmouthZ4c4m::sync_z4c: Empty function for explicitly SYNCing variables as provided in an ExplicitSyncBatch. Syncs: At, gt, chi, evo_lapse, evo_shift, trK. Generated by EinsteinEngine.
            CottonmouthZ4c4m::z4c_to_adm: Function `z4c_to_adm` generated by EinsteinEngine.
        GROUP ADMBaseX_SetADMRHS: Set ADM RHS variables in this group
        CottonmouthZ4c4m::sync_state: Empty function for explicitly SYNCing variables as provided in an ExplicitSyncBatch. Syncs: At, Theta, chi, evo_Gammat, evo_lapse, evo_shift, gt, trK. Generated by EinsteinEngine.
        GROUP ADMBaseX_SetADMVars: Set ADM variables in this group
        GROUP TmunuBaseX_SetTmunuVars: Schedule group for setting T_munu
          TmunuBaseX::TmunuBaseX_ZeroTmunu: Set T_munu to zero
          GROUP TmunuBaseX_AddToTmunu: Add to T_munu here
    [CCTK_POSTSTEP]
      CottonmouthLinearWaveID::StateSync_CottonmouthLinearWaveID: Empty function to SYNC the state vector. Syncs: . Generated by EinsteinEngine.
      GROUP ODESolvers_EstimateError: Estimate discretization error (for regridding)
    if (checkpoint)
      [CCTK_CHECKPOINT]
      CarpetX::CarpetX_Checkpoint: [meta] Checkpoint
    endif
    if (analysis)
      [CCTK_ANALYSIS]
      GROUP CottonmouthZ4c_AnalysisGroup: Z4 analysis routines
        GROUP z4c_constraints_group: Group for function `z4c_constraints`. Generated by EinsteinEngine.
          CottonmouthZ4c4m::z4c_constraints: Function `z4c_constraints` generated by EinsteinEngine.
      GROUP ODESolvers_Analysis: Calculate analysis quantities everywhere
    endif
    Output grid variables
    enddo

  Termination routines
    [CCTK_TERMINATE]
      CarpetX::CarpetX_CheckpointTerminate: [meta] Checkpoint before terminating

  Shutdown routines
    [CCTK_SHUTDOWN]
      CarpetX::Driver_Shutdown: [meta] Shut down the driver

  Routines run after changing the grid hierarchy:
    [CCTK_POSTREGRID]
      GROUP ODESolvers_PostStep: Apply boundary conditions to state vector, and project if necessary
        GROUP CottonmouthZ4c_PostStepGroup: Z4 post-step routines
          GROUP z4c_enforce_pt1_group: Group for function `z4c_enforce_pt1`. Generated by EinsteinEngine.
            CottonmouthZ4c4m::z4c_enforce_pt1: Function `z4c_enforce_pt1` generated by EinsteinEngine.
          GROUP z4c_enforce_pt2_group: Group for function `z4c_enforce_pt2`. Generated by EinsteinEngine.
            CottonmouthZ4c4m::z4c_enforce_pt2: Function `z4c_enforce_pt2` generated by EinsteinEngine.
          GROUP z4c_to_adm_group: Group for function `z4c_to_adm`. Generated by EinsteinEngine.
            CottonmouthZ4c4m::sync_z4c: Empty function for explicitly SYNCing variables as provided in an ExplicitSyncBatch. Syncs: At, gt, chi, evo_lapse, evo_shift, trK. Generated by EinsteinEngine.
            CottonmouthZ4c4m::z4c_to_adm: Function `z4c_to_adm` generated by EinsteinEngine.
        GROUP ADMBaseX_SetADMRHS: Set ADM RHS variables in this group
        CottonmouthZ4c4m::sync_state: Empty function for explicitly SYNCing variables as provided in an ExplicitSyncBatch. Syncs: At, Theta, chi, evo_Gammat, evo_lapse, evo_shift, gt, trK. Generated by EinsteinEngine.
        GROUP ADMBaseX_SetADMVars: Set ADM variables in this group
        GROUP TmunuBaseX_SetTmunuVars: Schedule group for setting T_munu
          TmunuBaseX::TmunuBaseX_ZeroTmunu: Set T_munu to zero
          GROUP TmunuBaseX_AddToTmunu: Add to T_munu here
--------------------------------------------------------------------------------
INFO (CarpetX): Startup
INFO (hwloc): library version 2.10.0, API version 0x20800
--------------------------------------------------------------------------------

  [34m  ▕▏  [34m  ▕▏  [34m  ▕▏  [34m  ▕▏  [34m  ▕▏  [34m  ▕▏  [34m  ▕▏  [34m  ▕▏  [34m  ▕▏  [39m  
  [34m──██──[34m──██──[34m──██──[34m──██──[34m──██──[34m──██──[34m──██──[34m──██──[34m──██──[39m  
  [34m  ▕▏  [34m  ▕▏  [34m  ▕▏  [34m  ▕▏  [34m  ▕▏  [34m  ▕▏  [34m  ▕▏  [34m  ▕▏  [34m  ▕▏  [39m  
  [34m  ▕▏  [32m██████[34m  ▕▏  [34m  ▕▏  [32m██████[34m  ▕▏  [34m  ▕▏  [32m██████[34m  ▕▏  [39m  
  [34m──██──[32m██████[34m──██──[34m──██──[32m██████[34m──██──[34m──██──[32m██████[34m──██──[39m  
  [34m  ▕▏  [32m██████[34m  ▕▏  [34m  ▕▏  [32m██████[34m  ▕▏  [34m  ▕▏  [32m██████[34m  ▕▏  [39m  
  [34m  ▕▏  [34m  ▕▏  [34m  ▕▏  [34m  ▕▏  [34m  ▕▏  [34m  ▕▏  [34m  ▕▏  [34m  ▕▏  [34m  ▕▏  [39m  
  [34m──██──[34m──██──[34m──██──[34m──██──[34m──██──[34m──██──[34m──██──[34m──██──[34m──██──[39m  
  [34m  ▕▏  [34m  ▕▏  [34m  ▕▏  [34m  ▕▏  [34m  ▕▏  [34m  ▕▏  [34m  ▕▏  [34m  ▕▏  [34m  ▕▏  [39m  
  [34m  ▕▏  [34m  ▕▏  [34m  ▕▏  [31m██████[31m██████[31m██████[34m  ▕▏  [34m  ▕▏  [34m  ▕▏  [39m  
  [34m──██──[34m──██──[34m──██──[31m██████[31m██████[31m██████[34m──██──[34m──██──[34m──██──[39m  
  [34m  ▕▏  [34m  ▕▏  [34m  ▕▏  [31m██████[31m██████[31m██████[34m  ▕▏  [34m  ▕▏  [34m  ▕▏  [39m  
  [34m  ▕▏  [32m██████[34m  ▕▏  [31m██████[31m██████[31m██████[34m  ▕▏  [32m██████[34m  ▕▏  [39m  
  [34m──██──[32m██████[34m──██──[31m██████[31m██████[31m██████[34m──██──[32m██████[34m──██──[39m  
  [34m  ▕▏  [32m██████[34m  ▕▏  [31m██████[31m██████[31m██████[34m  ▕▏  [32m██████[34m  ▕▏  [39m  
  [34m  ▕▏  [34m  ▕▏  [34m  ▕▏  [31m██████[31m██████[31m██████[34m  ▕▏  [34m  ▕▏  [34m  ▕▏  [39m  
  [34m──██──[34m──██──[34m──██──[31m██████[31m██████[31m██████[34m──██──[34m──██──[34m──██──[39m  
  [34m  ▕▏  [34m  ▕▏  [34m  ▕▏  [31m██████[31m██████[31m██████[34m  ▕▏  [34m  ▕▏  [34m  ▕▏  [39m  
  [34m  ▕▏  [34m  ▕▏  [34m  ▕▏  [34m  ▕▏  [34m  ▕▏  [34m  ▕▏  [34m  ▕▏  [34m  ▕▏  [34m  ▕▏  [39m  
  [34m──██──[34m──██──[34m──██──[34m──██──[34m──██──[34m──██──[34m──██──[34m──██──[34m──██──[39m  
  [34m  ▕▏  [34m  ▕▏  [34m  ▕▏  [34m  ▕▏  [34m  ▕▏  [34m  ▕▏  [34m  ▕▏  [34m  ▕▏  [34m  ▕▏  [39m  
  [34m  ▕▏  [32m██████[34m  ▕▏  [34m  ▕▏  [32m██████[34m  ▕▏  [34m  ▕▏  [32m██████[34m  ▕▏  [39m  
  [34m──██──[32m██████[34m──██──[34m──██──[32m██████[34m──██──[34m──██──[32m██████[34m──██──[39m  
  [34m  ▕▏  [32m██████[34m  ▕▏  [34m  ▕▏  [32m██████[34m  ▕▏  [34m  ▕▏  [32m██████[34m  ▕▏  [39m  
  [34m  ▕▏  [34m  ▕▏  [34m  ▕▏  [34m  ▕▏  [34m  ▕▏  [34m  ▕▏  [34m  ▕▏  [34m  ▕▏  [34m  ▕▏  [39m  
  [34m──██──[34m──██──[34m──██──[34m──██──[34m──██──[34m──██──[34m──██──[34m──██──[34m──██──[39m  
  [34m  ▕▏  [34m  ▕▏  [34m  ▕▏  [34m  ▕▏  [34m  ▕▏  [34m  ▕▏  [34m  ▕▏  [34m  ▕▏  [34m  ▕▏  [39m  

AMR driver provided by CarpetX,
using AMReX 25.11 (MPI, OpenMP, no accelerators, debug)
--------------------------------------------------------------------------------

INFO (CarpetX): SetupGH
INFO (CarpetX):   Run-time AMReX parameters:
Initializing AMReX (25.11)...
MPI initialized with 1 MPI processes
MPI initialized with thread support level 2
OMP initialized with 2 OMP threads
AMReX (25.11) initialized
INFO (CarpetX): InitGH
INFO (CarpetX): 
Symmetries:
  lower x: periodic
  lower y: periodic
  lower z: periodic
  upper x: periodic
  upper y: periodic
  upper z: periodic
Default boundaries:
  lower x: symmetry_boundary
  lower y: symmetry_boundary
  lower z: symmetry_boundary
  upper x: symmetry_boundary
  upper y: symmetry_boundary
  upper z: symmetry_boundary
INFO (CarpetX): SetupGlobals
INFO (CarpetX): amrex::Geometry level 0:
(0 (-0.5,-0.5,-0.5)(0.02,0.125,0.125) 1)
(RealBox -0.5 0.5 -0.5 0.5 -0.5 0.5 )((0,0,0) (49,7,7) (0,0,0))P(1,1,1)
INFO (CarpetX): ScheduleTraverseGH iteration 0 CCTK_WRAGH
INFO (CarpetX): CallFunction iteration 0 CCTK_WRAGH: Arith::Test_smallvector
INFO (Arith): Test_smallvector
INFO (CarpetX): CallFunction iteration 0 CCTK_WRAGH: Arith::Test_spvect
INFO (Arith): Test_spvect
INFO (CarpetX): CallFunction iteration 0 CCTK_WRAGH: ODESolvers::ODESolvers_InitConstants
INFO (CarpetX): ScheduleTraverseGH iteration 0 CCTK_PARAMCHECK
INFO (CarpetX): Setting initial values for max_grid_size values for all levels
INFO (CarpetX): Setting up initial conditions...
INFO (CarpetX): MakeNewLevelFromScratch patch 0 level 0
INFO (CarpetX): SetupLevel patch 0 level 0
INFO (CarpetX): SetupLevel patch 0 level 0 done.
INFO (CarpetX): MakeNewLevelFromScratch patch 0 level 0 done.
INFO (CarpetX): Iteration: 0   time: 0   delta_time: 0.01
INFO (CarpetX): ScheduleTraverseGH iteration 0 CCTK_BASEGRID
INFO (CarpetX): CallFunction iteration 0 CCTK_BASEGRID: CarpetXRegrid::CarpetXRegrid_InitError
INFO (CarpetX): Patch 0:
INFO (CarpetX):   Grid extent:
INFO (CarpetX):     gsh=[57,15,15]
INFO (CarpetX):     blocking_factor=[1,1,1]
INFO (CarpetX):     max_grid_size=[32,32,32]
INFO (CarpetX):     max_tile_size=[1024000,16,32]
INFO (CarpetX):   Domain extent:
INFO (CarpetX):     xmin=[-0.5,-0.5,-0.5]
INFO (CarpetX):     xmax=[0.5,0.5,0.5]
INFO (CarpetX):     base dx=[0.02,0.125,0.125]
INFO (CarpetX): Initializing level 0...
INFO (CarpetX): ScheduleTraverseGH iteration 0 CCTK_INITIAL
INFO (CarpetX): CallFunction iteration 0 cottonmouth_linear_wave_fill_id_group: CottonmouthLinearWaveID::cottonmouth_linear_wave_fill_id
INFO (CarpetX): CallFunction iteration 0 adm_to_z4c_pt1_group: CottonmouthZ4c4m::adm_to_z4c_pt1
INFO (CarpetX): CallFunction iteration 0 adm_to_z4c_pt2_group: CottonmouthZ4c4m::sync_z4c_pt2
INFO (CarpetX): SyncGroups COTTONMOUTHZ4C4M::GT
INFO (CarpetX): CallFunction iteration 0 adm_to_z4c_pt2_group: CottonmouthZ4c4m::adm_to_z4c_pt2
INFO (CarpetX): CallFunction iteration 0 TmunuBaseX_SetTmunuVars: TmunuBaseX::TmunuBaseX_ZeroTmunu
INFO (CarpetX): ScheduleTraverseGH iteration 0 CCTK_POSTINITIAL
INFO (CarpetX): CallFunction iteration 0 z4c_enforce_pt1_group: CottonmouthZ4c4m::z4c_enforce_pt1
INFO (CarpetX): CallFunction iteration 0 z4c_enforce_pt2_group: CottonmouthZ4c4m::z4c_enforce_pt2
INFO (CarpetX): CallFunction iteration 0 z4c_to_adm_group: CottonmouthZ4c4m::sync_z4c
INFO (CarpetX): SyncGroups COTTONMOUTHZ4C4M::AT, COTTONMOUTHZ4C4M::GT, COTTONMOUTHZ4C4M::CHI, COTTONMOUTHZ4C4M::EVO_LAPSE, COTTONMOUTHZ4C4M::EVO_SHIFT, COTTONMOUTHZ4C4M::TRK
INFO (CarpetX): CallFunction iteration 0 z4c_to_adm_group: CottonmouthZ4c4m::z4c_to_adm
INFO (CarpetX): CallFunction iteration 0 ODESolvers_PostStep: CottonmouthZ4c4m::sync_state
INFO (CarpetX): SyncGroups COTTONMOUTHZ4C4M::AT, COTTONMOUTHZ4C4M::THETA, COTTONMOUTHZ4C4M::CHI, COTTONMOUTHZ4C4M::EVO_GAMMAT, COTTONMOUTHZ4C4M::EVO_LAPSE, COTTONMOUTHZ4C4M::EVO_SHIFT, COTTONMOUTHZ4C4M::GT, COTTONMOUTHZ4C4M::TRK
INFO (CarpetX): CallFunction iteration 0 TmunuBaseX_SetTmunuVars: TmunuBaseX::TmunuBaseX_ZeroTmunu
INFO (CarpetX): ScheduleTraverseGH iteration 0 CCTK_POSTPOSTINITIAL
INFO (CarpetX): CallFunction iteration 0 CCTK_POSTPOSTINITIAL: CottonmouthLinearWaveID::StateSync_CottonmouthLinearWaveID
INFO (CarpetX): Regridding...
INFO (CarpetX):   level 0: 2 boxes, 3200 cells (100%)
INFO (CarpetX): Initialized 1 levels
INFO (CarpetX): ScheduleTraverseGH iteration 0 CCTK_POSTSTEP
INFO (CarpetX): CallFunction iteration 0 CCTK_POSTSTEP: CottonmouthLinearWaveID::StateSync_CottonmouthLinearWaveID
INFO (CarpetX): ScheduleTraverseGH iteration 0 CCTK_CPINITIAL
INFO (CarpetX): CallFunction iteration 0 CCTK_CPINITIAL: CarpetX::CarpetX_CheckpointInitial
INFO (CarpetX): ScheduleTraverseGH iteration 0 CCTK_ANALYSIS
INFO (CarpetX): CallFunction iteration 0 z4c_constraints_group: CottonmouthZ4c4m::z4c_constraints
INFO (CarpetX): OutputGH: iteration 0, time 0.000000, run time 1 s
INFO (CarpetX): ADIOS2 output for groups:
INFO (CarpetX): openPMD output for groups:
INFO (CarpetX): Silo output for groups:
INFO (CarpetX): TSV output for groups:
INFO (CarpetX):   COTTONMOUTHZ4C4M::HAMCONS
INFO (CarpetX):   COTTONMOUTHZ4C4M::MOMCONS
INFO (CarpetX):   COTTONMOUTHZ4C4M::GT
INFO (CarpetX): OutputGH done.
INFO (CarpetX): Starting evolution...
INFO (CarpetX): SyncGroups COTTONMOUTHZ4C4M::AT, COTTONMOUTHZ4C4M::THETA, COTTONMOUTHZ4C4M::CHI, COTTONMOUTHZ4C4M::EVO_GAMMAT, COTTONMOUTHZ4C4M::EVO_LAPSE, COTTONMOUTHZ4C4M::EVO_SHIFT, COTTONMOUTHZ4C4M::GT, COTTONMOUTHZ4C4M::TRK
INFO (CarpetX): ScheduleTraverseGH iteration 1 CCTK_PRESTEP
INFO (CarpetX): ScheduleTraverseGH iteration 1 CCTK_EVOL
INFO (CarpetX): CallFunction iteration 1 CCTK_EVOL: ODESolvers::ODESolvers_Solve
INFO (ODESolvers): ODE integrator is RK4
INFO (ODESolvers):   Integrating 22 variables
INFO (ODESolvers): Calculating RHS #1 at t=0
INFO (CarpetX): CallFunction iteration 1 z4c_rhs_group: CottonmouthZ4c4m::z4c_rhs
INFO (CarpetX): CallFunction iteration 1 z4c_apply_dissipation_group: CottonmouthZ4c4m::z4c_apply_dissipation
INFO (CarpetX): CallFunction iteration 1 z4c_enforce_pt1_group: CottonmouthZ4c4m::z4c_enforce_pt1
INFO (CarpetX): CallFunction iteration 1 z4c_enforce_pt2_group: CottonmouthZ4c4m::z4c_enforce_pt2
INFO (CarpetX): CallFunction iteration 1 z4c_to_adm_group: CottonmouthZ4c4m::sync_z4c
INFO (CarpetX): SyncGroups COTTONMOUTHZ4C4M::AT, COTTONMOUTHZ4C4M::GT, COTTONMOUTHZ4C4M::CHI, COTTONMOUTHZ4C4M::EVO_LAPSE, COTTONMOUTHZ4C4M::EVO_SHIFT, COTTONMOUTHZ4C4M::TRK
INFO (CarpetX): CallFunction iteration 1 z4c_to_adm_group: CottonmouthZ4c4m::z4c_to_adm
INFO (CarpetX): CallFunction iteration 1 ODESolvers_PostStep: CottonmouthZ4c4m::sync_state
INFO (CarpetX): SyncGroups COTTONMOUTHZ4C4M::AT, COTTONMOUTHZ4C4M::THETA, COTTONMOUTHZ4C4M::CHI, COTTONMOUTHZ4C4M::EVO_GAMMAT, COTTONMOUTHZ4C4M::EVO_LAPSE, COTTONMOUTHZ4C4M::EVO_SHIFT, COTTONMOUTHZ4C4M::GT, COTTONMOUTHZ4C4M::TRK
INFO (CarpetX): CallFunction iteration 1 TmunuBaseX_SetTmunuVars: TmunuBaseX::TmunuBaseX_ZeroTmunu
INFO (ODESolvers): Calculated new state #1 at t=0.005
INFO (ODESolvers): Calculating RHS #2 at t=0.005
INFO (CarpetX): CallFunction iteration 1 z4c_rhs_group: CottonmouthZ4c4m::z4c_rhs
INFO (CarpetX): CallFunction iteration 1 z4c_apply_dissipation_group: CottonmouthZ4c4m::z4c_apply_dissipation
INFO (CarpetX): CallFunction iteration 1 z4c_enforce_pt1_group: CottonmouthZ4c4m::z4c_enforce_pt1
INFO (CarpetX): CallFunction iteration 1 z4c_enforce_pt2_group: CottonmouthZ4c4m::z4c_enforce_pt2
INFO (CarpetX): CallFunction iteration 1 z4c_to_adm_group: CottonmouthZ4c4m::sync_z4c
INFO (CarpetX): SyncGroups COTTONMOUTHZ4C4M::AT, COTTONMOUTHZ4C4M::GT, COTTONMOUTHZ4C4M::CHI, COTTONMOUTHZ4C4M::EVO_LAPSE, COTTONMOUTHZ4C4M::EVO_SHIFT, COTTONMOUTHZ4C4M::TRK
INFO (CarpetX): CallFunction iteration 1 z4c_to_adm_group: CottonmouthZ4c4m::z4c_to_adm
INFO (CarpetX): CallFunction iteration 1 ODESolvers_PostStep: CottonmouthZ4c4m::sync_state
INFO (CarpetX): SyncGroups COTTONMOUTHZ4C4M::AT, COTTONMOUTHZ4C4M::THETA, COTTONMOUTHZ4C4M::CHI, COTTONMOUTHZ4C4M::EVO_GAMMAT, COTTONMOUTHZ4C4M::EVO_LAPSE, COTTONMOUTHZ4C4M::EVO_SHIFT, COTTONMOUTHZ4C4M::GT, COTTONMOUTHZ4C4M::TRK
INFO (CarpetX): CallFunction iteration 1 TmunuBaseX_SetTmunuVars: TmunuBaseX::TmunuBaseX_ZeroTmunu
INFO (ODESolvers): Calculated new state #2 at t=0.005
INFO (ODESolvers): Calculating RHS #3 at t=0.005
INFO (CarpetX): CallFunction iteration 1 z4c_rhs_group: CottonmouthZ4c4m::z4c_rhs
INFO (CarpetX): CallFunction iteration 1 z4c_apply_dissipation_group: CottonmouthZ4c4m::z4c_apply_dissipation
INFO (CarpetX): CallFunction iteration 1 z4c_enforce_pt1_group: CottonmouthZ4c4m::z4c_enforce_pt1
INFO (CarpetX): CallFunction iteration 1 z4c_enforce_pt2_group: CottonmouthZ4c4m::z4c_enforce_pt2
INFO (CarpetX): CallFunction iteration 1 z4c_to_adm_group: CottonmouthZ4c4m::sync_z4c
INFO (CarpetX): SyncGroups COTTONMOUTHZ4C4M::AT, COTTONMOUTHZ4C4M::GT, COTTONMOUTHZ4C4M::CHI, COTTONMOUTHZ4C4M::EVO_LAPSE, COTTONMOUTHZ4C4M::EVO_SHIFT, COTTONMOUTHZ4C4M::TRK
INFO (CarpetX): CallFunction iteration 1 z4c_to_adm_group: CottonmouthZ4c4m::z4c_to_adm
INFO (CarpetX): CallFunction iteration 1 ODESolvers_PostStep: CottonmouthZ4c4m::sync_state
INFO (CarpetX): SyncGroups COTTONMOUTHZ4C4M::AT, COTTONMOUTHZ4C4M::THETA, COTTONMOUTHZ4C4M::CHI, COTTONMOUTHZ4C4M::EVO_GAMMAT, COTTONMOUTHZ4C4M::EVO_LAPSE, COTTONMOUTHZ4C4M::EVO_SHIFT, COTTONMOUTHZ4C4M::GT, COTTONMOUTHZ4C4M::TRK
INFO (CarpetX): CallFunction iteration 1 TmunuBaseX_SetTmunuVars: TmunuBaseX::TmunuBaseX_ZeroTmunu
INFO (ODESolvers): Calculated new state #3 at t=0.01
INFO (ODESolvers): Calculating RHS #4 at t=0.01
INFO (CarpetX): CallFunction iteration 1 z4c_rhs_group: CottonmouthZ4c4m::z4c_rhs
INFO (CarpetX): CallFunction iteration 1 z4c_apply_dissipation_group: CottonmouthZ4c4m::z4c_apply_dissipation
INFO (CarpetX): CallFunction iteration 1 z4c_enforce_pt1_group: CottonmouthZ4c4m::z4c_enforce_pt1
INFO (CarpetX): CallFunction iteration 1 z4c_enforce_pt2_group: CottonmouthZ4c4m::z4c_enforce_pt2
INFO (CarpetX): CallFunction iteration 1 z4c_to_adm_group: CottonmouthZ4c4m::sync_z4c
INFO (CarpetX): SyncGroups COTTONMOUTHZ4C4M::AT, COTTONMOUTHZ4C4M::GT, COTTONMOUTHZ4C4M::CHI, COTTONMOUTHZ4C4M::EVO_LAPSE, COTTONMOUTHZ4C4M::EVO_SHIFT, COTTONMOUTHZ4C4M::TRK
INFO (CarpetX): CallFunction iteration 1 z4c_to_adm_group: CottonmouthZ4c4m::z4c_to_adm
INFO (CarpetX): CallFunction iteration 1 ODESolvers_PostStep: CottonmouthZ4c4m::sync_state
INFO (CarpetX): SyncGroups COTTONMOUTHZ4C4M::AT, COTTONMOUTHZ4C4M::THETA, COTTONMOUTHZ4C4M::CHI, COTTONMOUTHZ4C4M::EVO_GAMMAT, COTTONMOUTHZ4C4M::EVO_LAPSE, COTTONMOUTHZ4C4M::EVO_SHIFT, COTTONMOUTHZ4C4M::GT, COTTONMOUTHZ4C4M::TRK
INFO (CarpetX): CallFunction iteration 1 TmunuBaseX_SetTmunuVars: TmunuBaseX::TmunuBaseX_ZeroTmunu
INFO (ODESolvers): Calculated new state #4 at t=0.01
INFO (CarpetX): ScheduleTraverseGH iteration 1 CCTK_POSTSTEP
INFO (CarpetX): CallFunction iteration 1 CCTK_POSTSTEP: CottonmouthLinearWaveID::StateSync_CottonmouthLinearWaveID
INFO (CarpetX): ScheduleTraverseGH iteration 1 CCTK_CHECKPOINT
INFO (CarpetX): CallFunction iteration 1 CCTK_CHECKPOINT: CarpetX::CarpetX_Checkpoint
INFO (CarpetX): ScheduleTraverseGH iteration 1 CCTK_ANALYSIS
INFO (CarpetX): CallFunction iteration 1 z4c_constraints_group: CottonmouthZ4c4m::z4c_constraints
INFO (CarpetX): OutputGH: iteration 1, time 0.010000, run time 1 s
INFO (CarpetX): OutputGH done.
INFO (CarpetX): Simulation time: 0.01   Iterations per second: 12.8571   Simulation time per second: 0.128571
INFO (CarpetX): Grid cells: 3200   Grid cell updates per second: 41142.7
INFO (CarpetX): Performance:
INFO (CarpetX):   total evolution time:            0.0777781 sec
INFO (CarpetX):   total evolution compute time:    0.0777721 sec
INFO (CarpetX):   total evolution output time:     5.96046e-06 sec
INFO (CarpetX):   total iterations:                1
INFO (CarpetX):   total cells updated:             3200
INFO (CarpetX):   average iterations per second: 12.8571
INFO (CarpetX):   average cell updates per second: 41142.7
INFO (CarpetX): SyncGroups COTTONMOUTHZ4C4M::AT, COTTONMOUTHZ4C4M::THETA, COTTONMOUTHZ4C4M::CHI, COTTONMOUTHZ4C4M::EVO_GAMMAT, COTTONMOUTHZ4C4M::EVO_LAPSE, COTTONMOUTHZ4C4M::EVO_SHIFT, COTTONMOUTHZ4C4M::GT, COTTONMOUTHZ4C4M::TRK
INFO (CarpetX): ScheduleTraverseGH iteration 2 CCTK_PRESTEP
INFO (CarpetX): ScheduleTraverseGH iteration 2 CCTK_EVOL
INFO (CarpetX): CallFunction iteration 2 CCTK_EVOL: ODESolvers::ODESolvers_Solve
INFO (ODESolvers): ODE integrator is RK4
INFO (ODESolvers):   Integrating 22 variables
INFO (ODESolvers): Calculating RHS #1 at t=0.01
INFO (CarpetX): CallFunction iteration 2 z4c_rhs_group: CottonmouthZ4c4m::z4c_rhs
INFO (CarpetX): CallFunction iteration 2 z4c_apply_dissipation_group: CottonmouthZ4c4m::z4c_apply_dissipation
INFO (CarpetX): CallFunction iteration 2 z4c_enforce_pt1_group: CottonmouthZ4c4m::z4c_enforce_pt1
INFO (CarpetX): CallFunction iteration 2 z4c_enforce_pt2_group: CottonmouthZ4c4m::z4c_enforce_pt2
INFO (CarpetX): CallFunction iteration 2 z4c_to_adm_group: CottonmouthZ4c4m::sync_z4c
INFO (CarpetX): SyncGroups COTTONMOUTHZ4C4M::AT, COTTONMOUTHZ4C4M::GT, COTTONMOUTHZ4C4M::CHI, COTTONMOUTHZ4C4M::EVO_LAPSE, COTTONMOUTHZ4C4M::EVO_SHIFT, COTTONMOUTHZ4C4M::TRK
INFO (CarpetX): CallFunction iteration 2 z4c_to_adm_group: CottonmouthZ4c4m::z4c_to_adm
INFO (CarpetX): CallFunction iteration 2 ODESolvers_PostStep: CottonmouthZ4c4m::sync_state
INFO (CarpetX): SyncGroups COTTONMOUTHZ4C4M::AT, COTTONMOUTHZ4C4M::THETA, COTTONMOUTHZ4C4M::CHI, COTTONMOUTHZ4C4M::EVO_GAMMAT, COTTONMOUTHZ4C4M::EVO_LAPSE, COTTONMOUTHZ4C4M::EVO_SHIFT, COTTONMOUTHZ4C4M::GT, COTTONMOUTHZ4C4M::TRK
INFO (CarpetX): CallFunction iteration 2 TmunuBaseX_SetTmunuVars: TmunuBaseX::TmunuBaseX_ZeroTmunu
INFO (ODESolvers): Calculated new state #1 at t=0.015
INFO (ODESolvers): Calculating RHS #2 at t=0.015
INFO (CarpetX): CallFunction iteration 2 z4c_rhs_group: CottonmouthZ4c4m::z4c_rhs
INFO (CarpetX): CallFunction iteration 2 z4c_apply_dissipation_group: CottonmouthZ4c4m::z4c_apply_dissipation
INFO (CarpetX): CallFunction iteration 2 z4c_enforce_pt1_group: CottonmouthZ4c4m::z4c_enforce_pt1
INFO (CarpetX): CallFunction iteration 2 z4c_enforce_pt2_group: CottonmouthZ4c4m::z4c_enforce_pt2
INFO (CarpetX): CallFunction iteration 2 z4c_to_adm_group: CottonmouthZ4c4m::sync_z4c
INFO (CarpetX): SyncGroups COTTONMOUTHZ4C4M::AT, COTTONMOUTHZ4C4M::GT, COTTONMOUTHZ4C4M::CHI, COTTONMOUTHZ4C4M::EVO_LAPSE, COTTONMOUTHZ4C4M::EVO_SHIFT, COTTONMOUTHZ4C4M::TRK
INFO (CarpetX): CallFunction iteration 2 z4c_to_adm_group: CottonmouthZ4c4m::z4c_to_adm
INFO (CarpetX): CallFunction iteration 2 ODESolvers_PostStep: CottonmouthZ4c4m::sync_state
INFO (CarpetX): SyncGroups COTTONMOUTHZ4C4M::AT, COTTONMOUTHZ4C4M::THETA, COTTONMOUTHZ4C4M::CHI, COTTONMOUTHZ4C4M::EVO_GAMMAT, COTTONMOUTHZ4C4M::EVO_LAPSE, COTTONMOUTHZ4C4M::EVO_SHIFT, COTTONMOUTHZ4C4M::GT, COTTONMOUTHZ4C4M::TRK
INFO (CarpetX): CallFunction iteration 2 TmunuBaseX_SetTmunuVars: TmunuBaseX::TmunuBaseX_ZeroTmunu
INFO (ODESolvers): Calculated new state #2 at t=0.015
INFO (ODESolvers): Calculating RHS #3 at t=0.015
INFO (CarpetX): CallFunction iteration 2 z4c_rhs_group: CottonmouthZ4c4m::z4c_rhs
INFO (CarpetX): CallFunction iteration 2 z4c_apply_dissipation_group: CottonmouthZ4c4m::z4c_apply_dissipation
INFO (CarpetX): CallFunction iteration 2 z4c_enforce_pt1_group: CottonmouthZ4c4m::z4c_enforce_pt1
INFO (CarpetX): CallFunction iteration 2 z4c_enforce_pt2_group: CottonmouthZ4c4m::z4c_enforce_pt2
INFO (CarpetX): CallFunction iteration 2 z4c_to_adm_group: CottonmouthZ4c4m::sync_z4c
INFO (CarpetX): SyncGroups COTTONMOUTHZ4C4M::AT, COTTONMOUTHZ4C4M::GT, COTTONMOUTHZ4C4M::CHI, COTTONMOUTHZ4C4M::EVO_LAPSE, COTTONMOUTHZ4C4M::EVO_SHIFT, COTTONMOUTHZ4C4M::TRK
INFO (CarpetX): CallFunction iteration 2 z4c_to_adm_group: CottonmouthZ4c4m::z4c_to_adm
INFO (CarpetX): CallFunction iteration 2 ODESolvers_PostStep: CottonmouthZ4c4m::sync_state
INFO (CarpetX): SyncGroups COTTONMOUTHZ4C4M::AT, COTTONMOUTHZ4C4M::THETA, COTTONMOUTHZ4C4M::CHI, COTTONMOUTHZ4C4M::EVO_GAMMAT, COTTONMOUTHZ4C4M::EVO_LAPSE, COTTONMOUTHZ4C4M::EVO_SHIFT, COTTONMOUTHZ4C4M::GT, COTTONMOUTHZ4C4M::TRK
INFO (CarpetX): CallFunction iteration 2 TmunuBaseX_SetTmunuVars: TmunuBaseX::TmunuBaseX_ZeroTmunu
INFO (ODESolvers): Calculated new state #3 at t=0.02
INFO (ODESolvers): Calculating RHS #4 at t=0.02
INFO (CarpetX): CallFunction iteration 2 z4c_rhs_group: CottonmouthZ4c4m::z4c_rhs
INFO (CarpetX): CallFunction iteration 2 z4c_apply_dissipation_group: CottonmouthZ4c4m::z4c_apply_dissipation
INFO (CarpetX): CallFunction iteration 2 z4c_enforce_pt1_group: CottonmouthZ4c4m::z4c_enforce_pt1
INFO (CarpetX): CallFunction iteration 2 z4c_enforce_pt2_group: CottonmouthZ4c4m::z4c_enforce_pt2
INFO (CarpetX): CallFunction iteration 2 z4c_to_adm_group: CottonmouthZ4c4m::sync_z4c
INFO (CarpetX): SyncGroups COTTONMOUTHZ4C4M::AT, COTTONMOUTHZ4C4M::GT, COTTONMOUTHZ4C4M::CHI, COTTONMOUTHZ4C4M::EVO_LAPSE, COTTONMOUTHZ4C4M::EVO_SHIFT, COTTONMOUTHZ4C4M::TRK
INFO (CarpetX): CallFunction iteration 2 z4c_to_adm_group: CottonmouthZ4c4m::z4c_to_adm
INFO (CarpetX): CallFunction iteration 2 ODESolvers_PostStep: CottonmouthZ4c4m::sync_state
INFO (CarpetX): SyncGroups COTTONMOUTHZ4C4M::AT, COTTONMOUTHZ4C4M::THETA, COTTONMOUTHZ4C4M::CHI, COTTONMOUTHZ4C4M::EVO_GAMMAT, COTTONMOUTHZ4C4M::EVO_LAPSE, COTTONMOUTHZ4C4M::EVO_SHIFT, COTTONMOUTHZ4C4M::GT, COTTONMOUTHZ4C4M::TRK
INFO (CarpetX): CallFunction iteration 2 TmunuBaseX_SetTmunuVars: TmunuBaseX::TmunuBaseX_ZeroTmunu
INFO (ODESolvers): Calculated new state #4 at t=0.02
INFO (CarpetX): ScheduleTraverseGH iteration 2 CCTK_POSTSTEP
INFO (CarpetX): CallFunction iteration 2 CCTK_POSTSTEP: CottonmouthLinearWaveID::StateSync_CottonmouthLinearWaveID
INFO (CarpetX): ScheduleTraverseGH iteration 2 CCTK_CHECKPOINT
INFO (CarpetX): CallFunction iteration 2 CCTK_CHECKPOINT: CarpetX::CarpetX_Checkpoint
INFO (CarpetX): ScheduleTraverseGH iteration 2 CCTK_ANALYSIS
INFO (CarpetX): CallFunction iteration 2 z4c_constraints_group: CottonmouthZ4c4m::z4c_constraints
INFO (CarpetX): OutputGH: iteration 2, time 0.020000, run time 1 s
INFO (CarpetX): OutputGH done.
INFO (CarpetX): Simulation time: 0.02   Iterations per second: 13.0823   Simulation time per second: 0.130823
INFO (CarpetX): Grid cells: 3200   Grid cell updates per second: 41863.4
INFO (CarpetX): Performance:
INFO (CarpetX):   total evolution time:            0.152878 sec
INFO (CarpetX):   total evolution compute time:    0.152866 sec
INFO (CarpetX):   total evolution output time:     1.19209e-05 sec
INFO (CarpetX):   total iterations:                2
INFO (CarpetX):   total cells updated:             6400
INFO (CarpetX):   average iterations per second: 13.0823
INFO (CarpetX):   average cell updates per second: 41863.4
INFO (CarpetX): SyncGroups COTTONMOUTHZ4C4M::AT, COTTONMOUTHZ4C4M::THETA, COTTONMOUTHZ4C4M::CHI, COTTONMOUTHZ4C4M::EVO_GAMMAT, COTTONMOUTHZ4C4M::EVO_LAPSE, COTTONMOUTHZ4C4M::EVO_SHIFT, COTTONMOUTHZ4C4M::GT, COTTONMOUTHZ4C4M::TRK
INFO (CarpetX): ScheduleTraverseGH iteration 3 CCTK_PRESTEP
INFO (CarpetX): ScheduleTraverseGH iteration 3 CCTK_EVOL
INFO (CarpetX): CallFunction iteration 3 CCTK_EVOL: ODESolvers::ODESolvers_Solve
INFO (ODESolvers): ODE integrator is RK4
INFO (ODESolvers):   Integrating 22 variables
INFO (ODESolvers): Calculating RHS #1 at t=0.02
INFO (CarpetX): CallFunction iteration 3 z4c_rhs_group: CottonmouthZ4c4m::z4c_rhs
INFO (CarpetX): CallFunction iteration 3 z4c_apply_dissipation_group: CottonmouthZ4c4m::z4c_apply_dissipation
INFO (CarpetX): CallFunction iteration 3 z4c_enforce_pt1_group: CottonmouthZ4c4m::z4c_enforce_pt1
INFO (CarpetX): CallFunction iteration 3 z4c_enforce_pt2_group: CottonmouthZ4c4m::z4c_enforce_pt2
INFO (CarpetX): CallFunction iteration 3 z4c_to_adm_group: CottonmouthZ4c4m::sync_z4c
INFO (CarpetX): SyncGroups COTTONMOUTHZ4C4M::AT, COTTONMOUTHZ4C4M::GT, COTTONMOUTHZ4C4M::CHI, COTTONMOUTHZ4C4M::EVO_LAPSE, COTTONMOUTHZ4C4M::EVO_SHIFT, COTTONMOUTHZ4C4M::TRK
INFO (CarpetX): CallFunction iteration 3 z4c_to_adm_group: CottonmouthZ4c4m::z4c_to_adm
INFO (CarpetX): CallFunction iteration 3 ODESolvers_PostStep: CottonmouthZ4c4m::sync_state
INFO (CarpetX): SyncGroups COTTONMOUTHZ4C4M::AT, COTTONMOUTHZ4C4M::THETA, COTTONMOUTHZ4C4M::CHI, COTTONMOUTHZ4C4M::EVO_GAMMAT, COTTONMOUTHZ4C4M::EVO_LAPSE, COTTONMOUTHZ4C4M::EVO_SHIFT, COTTONMOUTHZ4C4M::GT, COTTONMOUTHZ4C4M::TRK
INFO (CarpetX): CallFunction iteration 3 TmunuBaseX_SetTmunuVars: TmunuBaseX::TmunuBaseX_ZeroTmunu
INFO (ODESolvers): Calculated new state #1 at t=0.025
INFO (ODESolvers): Calculating RHS #2 at t=0.025
INFO (CarpetX): CallFunction iteration 3 z4c_rhs_group: CottonmouthZ4c4m::z4c_rhs
INFO (CarpetX): CallFunction iteration 3 z4c_apply_dissipation_group: CottonmouthZ4c4m::z4c_apply_dissipation
INFO (CarpetX): CallFunction iteration 3 z4c_enforce_pt1_group: CottonmouthZ4c4m::z4c_enforce_pt1
INFO (CarpetX): CallFunction iteration 3 z4c_enforce_pt2_group: CottonmouthZ4c4m::z4c_enforce_pt2
INFO (CarpetX): CallFunction iteration 3 z4c_to_adm_group: CottonmouthZ4c4m::sync_z4c
INFO (CarpetX): SyncGroups COTTONMOUTHZ4C4M::AT, COTTONMOUTHZ4C4M::GT, COTTONMOUTHZ4C4M::CHI, COTTONMOUTHZ4C4M::EVO_LAPSE, COTTONMOUTHZ4C4M::EVO_SHIFT, COTTONMOUTHZ4C4M::TRK
INFO (CarpetX): CallFunction iteration 3 z4c_to_adm_group: CottonmouthZ4c4m::z4c_to_adm
INFO (CarpetX): CallFunction iteration 3 ODESolvers_PostStep: CottonmouthZ4c4m::sync_state
INFO (CarpetX): SyncGroups COTTONMOUTHZ4C4M::AT, COTTONMOUTHZ4C4M::THETA, COTTONMOUTHZ4C4M::CHI, COTTONMOUTHZ4C4M::EVO_GAMMAT, COTTONMOUTHZ4C4M::EVO_LAPSE, COTTONMOUTHZ4C4M::EVO_SHIFT, COTTONMOUTHZ4C4M::GT, COTTONMOUTHZ4C4M::TRK
INFO (CarpetX): CallFunction iteration 3 TmunuBaseX_SetTmunuVars: TmunuBaseX::TmunuBaseX_ZeroTmunu
INFO (ODESolvers): Calculated new state #2 at t=0.025
INFO (ODESolvers): Calculating RHS #3 at t=0.025
INFO (CarpetX): CallFunction iteration 3 z4c_rhs_group: CottonmouthZ4c4m::z4c_rhs
INFO (CarpetX): CallFunction iteration 3 z4c_apply_dissipation_group: CottonmouthZ4c4m::z4c_apply_dissipation
INFO (CarpetX): CallFunction iteration 3 z4c_enforce_pt1_group: CottonmouthZ4c4m::z4c_enforce_pt1
INFO (CarpetX): CallFunction iteration 3 z4c_enforce_pt2_group: CottonmouthZ4c4m::z4c_enforce_pt2
INFO (CarpetX): CallFunction iteration 3 z4c_to_adm_group: CottonmouthZ4c4m::sync_z4c
INFO (CarpetX): SyncGroups COTTONMOUTHZ4C4M::AT, COTTONMOUTHZ4C4M::GT, COTTONMOUTHZ4C4M::CHI, COTTONMOUTHZ4C4M::EVO_LAPSE, COTTONMOUTHZ4C4M::EVO_SHIFT, COTTONMOUTHZ4C4M::TRK
INFO (CarpetX): CallFunction iteration 3 z4c_to_adm_group: CottonmouthZ4c4m::z4c_to_adm
INFO (CarpetX): CallFunction iteration 3 ODESolvers_PostStep: CottonmouthZ4c4m::sync_state
INFO (CarpetX): SyncGroups COTTONMOUTHZ4C4M::AT, COTTONMOUTHZ4C4M::THETA, COTTONMOUTHZ4C4M::CHI, COTTONMOUTHZ4C4M::EVO_GAMMAT, COTTONMOUTHZ4C4M::EVO_LAPSE, COTTONMOUTHZ4C4M::EVO_SHIFT, COTTONMOUTHZ4C4M::GT, COTTONMOUTHZ4C4M::TRK
INFO (CarpetX): CallFunction iteration 3 TmunuBaseX_SetTmunuVars: TmunuBaseX::TmunuBaseX_ZeroTmunu
INFO (ODESolvers): Calculated new state #3 at t=0.03
INFO (ODESolvers): Calculating RHS #4 at t=0.03
INFO (CarpetX): CallFunction iteration 3 z4c_rhs_group: CottonmouthZ4c4m::z4c_rhs
INFO (CarpetX): CallFunction iteration 3 z4c_apply_dissipation_group: CottonmouthZ4c4m::z4c_apply_dissipation
INFO (CarpetX): CallFunction iteration 3 z4c_enforce_pt1_group: CottonmouthZ4c4m::z4c_enforce_pt1
INFO (CarpetX): CallFunction iteration 3 z4c_enforce_pt2_group: CottonmouthZ4c4m::z4c_enforce_pt2
INFO (CarpetX): CallFunction iteration 3 z4c_to_adm_group: CottonmouthZ4c4m::sync_z4c
INFO (CarpetX): SyncGroups COTTONMOUTHZ4C4M::AT, COTTONMOUTHZ4C4M::GT, COTTONMOUTHZ4C4M::CHI, COTTONMOUTHZ4C4M::EVO_LAPSE, COTTONMOUTHZ4C4M::EVO_SHIFT, COTTONMOUTHZ4C4M::TRK
INFO (CarpetX): CallFunction iteration 3 z4c_to_adm_group: CottonmouthZ4c4m::z4c_to_adm
INFO (CarpetX): CallFunction iteration 3 ODESolvers_PostStep: CottonmouthZ4c4m::sync_state
INFO (CarpetX): SyncGroups COTTONMOUTHZ4C4M::AT, COTTONMOUTHZ4C4M::THETA, COTTONMOUTHZ4C4M::CHI, COTTONMOUTHZ4C4M::EVO_GAMMAT, COTTONMOUTHZ4C4M::EVO_LAPSE, COTTONMOUTHZ4C4M::EVO_SHIFT, COTTONMOUTHZ4C4M::GT, COTTONMOUTHZ4C4M::TRK
INFO (CarpetX): CallFunction iteration 3 TmunuBaseX_SetTmunuVars: TmunuBaseX::TmunuBaseX_ZeroTmunu
INFO (ODESolvers): Calculated new state #4 at t=0.03
INFO (CarpetX): ScheduleTraverseGH iteration 3 CCTK_POSTSTEP
INFO (CarpetX): CallFunction iteration 3 CCTK_POSTSTEP: CottonmouthLinearWaveID::StateSync_CottonmouthLinearWaveID
INFO (CarpetX): ScheduleTraverseGH iteration 3 CCTK_CHECKPOINT
INFO (CarpetX): CallFunction iteration 3 CCTK_CHECKPOINT: CarpetX::CarpetX_Checkpoint
INFO (CarpetX): ScheduleTraverseGH iteration 3 CCTK_ANALYSIS
INFO (CarpetX): CallFunction iteration 3 z4c_constraints_group: CottonmouthZ4c4m::z4c_constraints
INFO (CarpetX): OutputGH: iteration 3, time 0.030000, run time 1 s
INFO (CarpetX): OutputGH done.
INFO (CarpetX): Simulation time: 0.03   Iterations per second: 13.1412   Simulation time per second: 0.131412
INFO (CarpetX): Grid cells: 3200   Grid cell updates per second: 42051.9
INFO (CarpetX): Performance:
INFO (CarpetX):   total evolution time:            0.228289 sec
INFO (CarpetX):   total evolution compute time:    0.228271 sec
INFO (CarpetX):   total evolution output time:     1.78814e-05 sec
INFO (CarpetX):   total iterations:                3
INFO (CarpetX):   total cells updated:             9600
INFO (CarpetX):   average iterations per second: 13.1412
INFO (CarpetX):   average cell updates per second: 42051.9
INFO (CarpetX): SyncGroups COTTONMOUTHZ4C4M::AT, COTTONMOUTHZ4C4M::THETA, COTTONMOUTHZ4C4M::CHI, COTTONMOUTHZ4C4M::EVO_GAMMAT, COTTONMOUTHZ4C4M::EVO_LAPSE, COTTONMOUTHZ4C4M::EVO_SHIFT, COTTONMOUTHZ4C4M::GT, COTTONMOUTHZ4C4M::TRK
INFO (CarpetX): ScheduleTraverseGH iteration 4 CCTK_PRESTEP
INFO (CarpetX): ScheduleTraverseGH iteration 4 CCTK_EVOL
INFO (CarpetX): CallFunction iteration 4 CCTK_EVOL: ODESolvers::ODESolvers_Solve
INFO (ODESolvers): ODE integrator is RK4
INFO (ODESolvers):   Integrating 22 variables
INFO (ODESolvers): Calculating RHS #1 at t=0.03
INFO (CarpetX): CallFunction iteration 4 z4c_rhs_group: CottonmouthZ4c4m::z4c_rhs
INFO (CarpetX): CallFunction iteration 4 z4c_apply_dissipation_group: CottonmouthZ4c4m::z4c_apply_dissipation
INFO (CarpetX): CallFunction iteration 4 z4c_enforce_pt1_group: CottonmouthZ4c4m::z4c_enforce_pt1
INFO (CarpetX): CallFunction iteration 4 z4c_enforce_pt2_group: CottonmouthZ4c4m::z4c_enforce_pt2
INFO (CarpetX): CallFunction iteration 4 z4c_to_adm_group: CottonmouthZ4c4m::sync_z4c
INFO (CarpetX): SyncGroups COTTONMOUTHZ4C4M::AT, COTTONMOUTHZ4C4M::GT, COTTONMOUTHZ4C4M::CHI, COTTONMOUTHZ4C4M::EVO_LAPSE, COTTONMOUTHZ4C4M::EVO_SHIFT, COTTONMOUTHZ4C4M::TRK
INFO (CarpetX): CallFunction iteration 4 z4c_to_adm_group: CottonmouthZ4c4m::z4c_to_adm
INFO (CarpetX): CallFunction iteration 4 ODESolvers_PostStep: CottonmouthZ4c4m::sync_state
INFO (CarpetX): SyncGroups COTTONMOUTHZ4C4M::AT, COTTONMOUTHZ4C4M::THETA, COTTONMOUTHZ4C4M::CHI, COTTONMOUTHZ4C4M::EVO_GAMMAT, COTTONMOUTHZ4C4M::EVO_LAPSE, COTTONMOUTHZ4C4M::EVO_SHIFT, COTTONMOUTHZ4C4M::GT, COTTONMOUTHZ4C4M::TRK
INFO (CarpetX): CallFunction iteration 4 TmunuBaseX_SetTmunuVars: TmunuBaseX::TmunuBaseX_ZeroTmunu
INFO (ODESolvers): Calculated new state #1 at t=0.035
INFO (ODESolvers): Calculating RHS #2 at t=0.035
INFO (CarpetX): CallFunction iteration 4 z4c_rhs_group: CottonmouthZ4c4m::z4c_rhs
INFO (CarpetX): CallFunction iteration 4 z4c_apply_dissipation_group: CottonmouthZ4c4m::z4c_apply_dissipation
INFO (CarpetX): CallFunction iteration 4 z4c_enforce_pt1_group: CottonmouthZ4c4m::z4c_enforce_pt1
INFO (CarpetX): CallFunction iteration 4 z4c_enforce_pt2_group: CottonmouthZ4c4m::z4c_enforce_pt2
INFO (CarpetX): CallFunction iteration 4 z4c_to_adm_group: CottonmouthZ4c4m::sync_z4c
INFO (CarpetX): SyncGroups COTTONMOUTHZ4C4M::AT, COTTONMOUTHZ4C4M::GT, COTTONMOUTHZ4C4M::CHI, COTTONMOUTHZ4C4M::EVO_LAPSE, COTTONMOUTHZ4C4M::EVO_SHIFT, COTTONMOUTHZ4C4M::TRK
INFO (CarpetX): CallFunction iteration 4 z4c_to_adm_group: CottonmouthZ4c4m::z4c_to_adm
INFO (CarpetX): CallFunction iteration 4 ODESolvers_PostStep: CottonmouthZ4c4m::sync_state
INFO (CarpetX): SyncGroups COTTONMOUTHZ4C4M::AT, COTTONMOUTHZ4C4M::THETA, COTTONMOUTHZ4C4M::CHI, COTTONMOUTHZ4C4M::EVO_GAMMAT, COTTONMOUTHZ4C4M::EVO_LAPSE, COTTONMOUTHZ4C4M::EVO_SHIFT, COTTONMOUTHZ4C4M::GT, COTTONMOUTHZ4C4M::TRK
INFO (CarpetX): CallFunction iteration 4 TmunuBaseX_SetTmunuVars: TmunuBaseX::TmunuBaseX_ZeroTmunu
INFO (ODESolvers): Calculated new state #2 at t=0.035
INFO (ODESolvers): Calculating RHS #3 at t=0.035
INFO (CarpetX): CallFunction iteration 4 z4c_rhs_group: CottonmouthZ4c4m::z4c_rhs
INFO (CarpetX): CallFunction iteration 4 z4c_apply_dissipation_group: CottonmouthZ4c4m::z4c_apply_dissipation
INFO (CarpetX): CallFunction iteration 4 z4c_enforce_pt1_group: CottonmouthZ4c4m::z4c_enforce_pt1
INFO (CarpetX): CallFunction iteration 4 z4c_enforce_pt2_group: CottonmouthZ4c4m::z4c_enforce_pt2
INFO (CarpetX): CallFunction iteration 4 z4c_to_adm_group: CottonmouthZ4c4m::sync_z4c
INFO (CarpetX): SyncGroups COTTONMOUTHZ4C4M::AT, COTTONMOUTHZ4C4M::GT, COTTONMOUTHZ4C4M::CHI, COTTONMOUTHZ4C4M::EVO_LAPSE, COTTONMOUTHZ4C4M::EVO_SHIFT, COTTONMOUTHZ4C4M::TRK
INFO (CarpetX): CallFunction iteration 4 z4c_to_adm_group: CottonmouthZ4c4m::z4c_to_adm
INFO (CarpetX): CallFunction iteration 4 ODESolvers_PostStep: CottonmouthZ4c4m::sync_state
INFO (CarpetX): SyncGroups COTTONMOUTHZ4C4M::AT, COTTONMOUTHZ4C4M::THETA, COTTONMOUTHZ4C4M::CHI, COTTONMOUTHZ4C4M::EVO_GAMMAT, COTTONMOUTHZ4C4M::EVO_LAPSE, COTTONMOUTHZ4C4M::EVO_SHIFT, COTTONMOUTHZ4C4M::GT, COTTONMOUTHZ4C4M::TRK
INFO (CarpetX): CallFunction iteration 4 TmunuBaseX_SetTmunuVars: TmunuBaseX::TmunuBaseX_ZeroTmunu
INFO (ODESolvers): Calculated new state #3 at t=0.04
INFO (ODESolvers): Calculating RHS #4 at t=0.04
INFO (CarpetX): CallFunction iteration 4 z4c_rhs_group: CottonmouthZ4c4m::z4c_rhs
INFO (CarpetX): CallFunction iteration 4 z4c_apply_dissipation_group: CottonmouthZ4c4m::z4c_apply_dissipation
INFO (CarpetX): CallFunction iteration 4 z4c_enforce_pt1_group: CottonmouthZ4c4m::z4c_enforce_pt1
INFO (CarpetX): CallFunction iteration 4 z4c_enforce_pt2_group: CottonmouthZ4c4m::z4c_enforce_pt2
INFO (CarpetX): CallFunction iteration 4 z4c_to_adm_group: CottonmouthZ4c4m::sync_z4c
INFO (CarpetX): SyncGroups COTTONMOUTHZ4C4M::AT, COTTONMOUTHZ4C4M::GT, COTTONMOUTHZ4C4M::CHI, COTTONMOUTHZ4C4M::EVO_LAPSE, COTTONMOUTHZ4C4M::EVO_SHIFT, COTTONMOUTHZ4C4M::TRK
INFO (CarpetX): CallFunction iteration 4 z4c_to_adm_group: CottonmouthZ4c4m::z4c_to_adm
INFO (CarpetX): CallFunction iteration 4 ODESolvers_PostStep: CottonmouthZ4c4m::sync_state
INFO (CarpetX): SyncGroups COTTONMOUTHZ4C4M::AT, COTTONMOUTHZ4C4M::THETA, COTTONMOUTHZ4C4M::CHI, COTTONMOUTHZ4C4M::EVO_GAMMAT, COTTONMOUTHZ4C4M::EVO_LAPSE, COTTONMOUTHZ4C4M::EVO_SHIFT, COTTONMOUTHZ4C4M::GT, COTTONMOUTHZ4C4M::TRK
INFO (CarpetX): CallFunction iteration 4 TmunuBaseX_SetTmunuVars: TmunuBaseX::TmunuBaseX_ZeroTmunu
INFO (ODESolvers): Calculated new state #4 at t=0.04
INFO (CarpetX): ScheduleTraverseGH iteration 4 CCTK_POSTSTEP
INFO (CarpetX): CallFunction iteration 4 CCTK_POSTSTEP: CottonmouthLinearWaveID::StateSync_CottonmouthLinearWaveID
INFO (CarpetX): ScheduleTraverseGH iteration 4 CCTK_CHECKPOINT
INFO (CarpetX): CallFunction iteration 4 CCTK_CHECKPOINT: CarpetX::CarpetX_Checkpoint
INFO (CarpetX): ScheduleTraverseGH iteration 4 CCTK_ANALYSIS
INFO (CarpetX): CallFunction iteration 4 z4c_constraints_group: CottonmouthZ4c4m::z4c_constraints
INFO (CarpetX): OutputGH: iteration 4, time 0.040000, run time 1 s
INFO (CarpetX): OutputGH done.
INFO (CarpetX): Simulation time: 0.04   Iterations per second: 13.1805   Simulation time per second: 0.131805
INFO (CarpetX): Grid cells: 3200   Grid cell updates per second: 42177.7
INFO (CarpetX): Performance:
INFO (CarpetX):   total evolution time:            0.303478 sec
INFO (CarpetX):   total evolution compute time:    0.303454 sec
INFO (CarpetX):   total evolution output time:     2.38419e-05 sec
INFO (CarpetX):   total iterations:                4
INFO (CarpetX):   total cells updated:             12800
INFO (CarpetX):   average iterations per second: 13.1805
INFO (CarpetX):   average cell updates per second: 42177.7
INFO (CarpetX): SyncGroups COTTONMOUTHZ4C4M::AT, COTTONMOUTHZ4C4M::THETA, COTTONMOUTHZ4C4M::CHI, COTTONMOUTHZ4C4M::EVO_GAMMAT, COTTONMOUTHZ4C4M::EVO_LAPSE, COTTONMOUTHZ4C4M::EVO_SHIFT, COTTONMOUTHZ4C4M::GT, COTTONMOUTHZ4C4M::TRK
INFO (CarpetX): ScheduleTraverseGH iteration 5 CCTK_PRESTEP
INFO (CarpetX): ScheduleTraverseGH iteration 5 CCTK_EVOL
INFO (CarpetX): CallFunction iteration 5 CCTK_EVOL: ODESolvers::ODESolvers_Solve
INFO (ODESolvers): ODE integrator is RK4
INFO (ODESolvers):   Integrating 22 variables
INFO (ODESolvers): Calculating RHS #1 at t=0.04
INFO (CarpetX): CallFunction iteration 5 z4c_rhs_group: CottonmouthZ4c4m::z4c_rhs
INFO (CarpetX): CallFunction iteration 5 z4c_apply_dissipation_group: CottonmouthZ4c4m::z4c_apply_dissipation
INFO (CarpetX): CallFunction iteration 5 z4c_enforce_pt1_group: CottonmouthZ4c4m::z4c_enforce_pt1
INFO (CarpetX): CallFunction iteration 5 z4c_enforce_pt2_group: CottonmouthZ4c4m::z4c_enforce_pt2
INFO (CarpetX): CallFunction iteration 5 z4c_to_adm_group: CottonmouthZ4c4m::sync_z4c
INFO (CarpetX): SyncGroups COTTONMOUTHZ4C4M::AT, COTTONMOUTHZ4C4M::GT, COTTONMOUTHZ4C4M::CHI, COTTONMOUTHZ4C4M::EVO_LAPSE, COTTONMOUTHZ4C4M::EVO_SHIFT, COTTONMOUTHZ4C4M::TRK
INFO (CarpetX): CallFunction iteration 5 z4c_to_adm_group: CottonmouthZ4c4m::z4c_to_adm
INFO (CarpetX): CallFunction iteration 5 ODESolvers_PostStep: CottonmouthZ4c4m::sync_state
INFO (CarpetX): SyncGroups COTTONMOUTHZ4C4M::AT, COTTONMOUTHZ4C4M::THETA, COTTONMOUTHZ4C4M::CHI, COTTONMOUTHZ4C4M::EVO_GAMMAT, COTTONMOUTHZ4C4M::EVO_LAPSE, COTTONMOUTHZ4C4M::EVO_SHIFT, COTTONMOUTHZ4C4M::GT, COTTONMOUTHZ4C4M::TRK
INFO (CarpetX): CallFunction iteration 5 TmunuBaseX_SetTmunuVars: TmunuBaseX::TmunuBaseX_ZeroTmunu
INFO (ODESolvers): Calculated new state #1 at t=0.045
INFO (ODESolvers): Calculating RHS #2 at t=0.045
INFO (CarpetX): CallFunction iteration 5 z4c_rhs_group: CottonmouthZ4c4m::z4c_rhs
INFO (CarpetX): CallFunction iteration 5 z4c_apply_dissipation_group: CottonmouthZ4c4m::z4c_apply_dissipation
INFO (CarpetX): CallFunction iteration 5 z4c_enforce_pt1_group: CottonmouthZ4c4m::z4c_enforce_pt1
INFO (CarpetX): CallFunction iteration 5 z4c_enforce_pt2_group: CottonmouthZ4c4m::z4c_enforce_pt2
INFO (CarpetX): CallFunction iteration 5 z4c_to_adm_group: CottonmouthZ4c4m::sync_z4c
INFO (CarpetX): SyncGroups COTTONMOUTHZ4C4M::AT, COTTONMOUTHZ4C4M::GT, COTTONMOUTHZ4C4M::CHI, COTTONMOUTHZ4C4M::EVO_LAPSE, COTTONMOUTHZ4C4M::EVO_SHIFT, COTTONMOUTHZ4C4M::TRK
INFO (CarpetX): CallFunction iteration 5 z4c_to_adm_group: CottonmouthZ4c4m::z4c_to_adm
INFO (CarpetX): CallFunction iteration 5 ODESolvers_PostStep: CottonmouthZ4c4m::sync_state
INFO (CarpetX): SyncGroups COTTONMOUTHZ4C4M::AT, COTTONMOUTHZ4C4M::THETA, COTTONMOUTHZ4C4M::CHI, COTTONMOUTHZ4C4M::EVO_GAMMAT, COTTONMOUTHZ4C4M::EVO_LAPSE, COTTONMOUTHZ4C4M::EVO_SHIFT, COTTONMOUTHZ4C4M::GT, COTTONMOUTHZ4C4M::TRK
INFO (CarpetX): CallFunction iteration 5 TmunuBaseX_SetTmunuVars: TmunuBaseX::TmunuBaseX_ZeroTmunu
INFO (ODESolvers): Calculated new state #2 at t=0.045
INFO (ODESolvers): Calculating RHS #3 at t=0.045
INFO (CarpetX): CallFunction iteration 5 z4c_rhs_group: CottonmouthZ4c4m::z4c_rhs
INFO (CarpetX): CallFunction iteration 5 z4c_apply_dissipation_group: CottonmouthZ4c4m::z4c_apply_dissipation
INFO (CarpetX): CallFunction iteration 5 z4c_enforce_pt1_group: CottonmouthZ4c4m::z4c_enforce_pt1
INFO (CarpetX): CallFunction iteration 5 z4c_enforce_pt2_group: CottonmouthZ4c4m::z4c_enforce_pt2
INFO (CarpetX): CallFunction iteration 5 z4c_to_adm_group: CottonmouthZ4c4m::sync_z4c
INFO (CarpetX): SyncGroups COTTONMOUTHZ4C4M::AT, COTTONMOUTHZ4C4M::GT, COTTONMOUTHZ4C4M::CHI, COTTONMOUTHZ4C4M::EVO_LAPSE, COTTONMOUTHZ4C4M::EVO_SHIFT, COTTONMOUTHZ4C4M::TRK
INFO (CarpetX): CallFunction iteration 5 z4c_to_adm_group: CottonmouthZ4c4m::z4c_to_adm
INFO (CarpetX): CallFunction iteration 5 ODESolvers_PostStep: CottonmouthZ4c4m::sync_state
INFO (CarpetX): SyncGroups COTTONMOUTHZ4C4M::AT, COTTONMOUTHZ4C4M::THETA, COTTONMOUTHZ4C4M::CHI, COTTONMOUTHZ4C4M::EVO_GAMMAT, COTTONMOUTHZ4C4M::EVO_LAPSE, COTTONMOUTHZ4C4M::EVO_SHIFT, COTTONMOUTHZ4C4M::GT, COTTONMOUTHZ4C4M::TRK
INFO (CarpetX): CallFunction iteration 5 TmunuBaseX_SetTmunuVars: TmunuBaseX::TmunuBaseX_ZeroTmunu
INFO (ODESolvers): Calculated new state #3 at t=0.05
INFO (ODESolvers): Calculating RHS #4 at t=0.05
INFO (CarpetX): CallFunction iteration 5 z4c_rhs_group: CottonmouthZ4c4m::z4c_rhs
INFO (CarpetX): CallFunction iteration 5 z4c_apply_dissipation_group: CottonmouthZ4c4m::z4c_apply_dissipation
INFO (CarpetX): CallFunction iteration 5 z4c_enforce_pt1_group: CottonmouthZ4c4m::z4c_enforce_pt1
INFO (CarpetX): CallFunction iteration 5 z4c_enforce_pt2_group: CottonmouthZ4c4m::z4c_enforce_pt2
INFO (CarpetX): CallFunction iteration 5 z4c_to_adm_group: CottonmouthZ4c4m::sync_z4c
INFO (CarpetX): SyncGroups COTTONMOUTHZ4C4M::AT, COTTONMOUTHZ4C4M::GT, COTTONMOUTHZ4C4M::CHI, COTTONMOUTHZ4C4M::EVO_LAPSE, COTTONMOUTHZ4C4M::EVO_SHIFT, COTTONMOUTHZ4C4M::TRK
INFO (CarpetX): CallFunction iteration 5 z4c_to_adm_group: CottonmouthZ4c4m::z4c_to_adm
INFO (CarpetX): CallFunction iteration 5 ODESolvers_PostStep: CottonmouthZ4c4m::sync_state
INFO (CarpetX): SyncGroups COTTONMOUTHZ4C4M::AT, COTTONMOUTHZ4C4M::THETA, COTTONMOUTHZ4C4M::CHI, COTTONMOUTHZ4C4M::EVO_GAMMAT, COTTONMOUTHZ4C4M::EVO_LAPSE, COTTONMOUTHZ4C4M::EVO_SHIFT, COTTONMOUTHZ4C4M::GT, COTTONMOUTHZ4C4M::TRK
INFO (CarpetX): CallFunction iteration 5 TmunuBaseX_SetTmunuVars: TmunuBaseX::TmunuBaseX_ZeroTmunu
INFO (ODESolvers): Calculated new state #4 at t=0.05
INFO (CarpetX): ScheduleTraverseGH iteration 5 CCTK_POSTSTEP
INFO (CarpetX): CallFunction iteration 5 CCTK_POSTSTEP: CottonmouthLinearWaveID::StateSync_CottonmouthLinearWaveID
INFO (CarpetX): ScheduleTraverseGH iteration 5 CCTK_CHECKPOINT
INFO (CarpetX): CallFunction iteration 5 CCTK_CHECKPOINT: CarpetX::CarpetX_Checkpoint
INFO (CarpetX): ScheduleTraverseGH iteration 5 CCTK_ANALYSIS
INFO (CarpetX): CallFunction iteration 5 z4c_constraints_group: CottonmouthZ4c4m::z4c_constraints
INFO (CarpetX): OutputGH: iteration 5, time 0.050000, run time 1 s
INFO (CarpetX): OutputGH done.
INFO (CarpetX): Simulation time: 0.05   Iterations per second: 13.2031   Simulation time per second: 0.132031
INFO (CarpetX): Grid cells: 3200   Grid cell updates per second: 42249.8
INFO (CarpetX): Performance:
INFO (CarpetX):   total evolution time:            0.3787 sec
INFO (CarpetX):   total evolution compute time:    0.37867 sec
INFO (CarpetX):   total evolution output time:     2.98023e-05 sec
INFO (CarpetX):   total iterations:                5
INFO (CarpetX):   total cells updated:             16000
INFO (CarpetX):   average iterations per second: 13.2031
INFO (CarpetX):   average cell updates per second: 42249.8
INFO (CarpetX): SyncGroups COTTONMOUTHZ4C4M::AT, COTTONMOUTHZ4C4M::THETA, COTTONMOUTHZ4C4M::CHI, COTTONMOUTHZ4C4M::EVO_GAMMAT, COTTONMOUTHZ4C4M::EVO_LAPSE, COTTONMOUTHZ4C4M::EVO_SHIFT, COTTONMOUTHZ4C4M::GT, COTTONMOUTHZ4C4M::TRK
INFO (CarpetX): ScheduleTraverseGH iteration 6 CCTK_PRESTEP
INFO (CarpetX): ScheduleTraverseGH iteration 6 CCTK_EVOL
INFO (CarpetX): CallFunction iteration 6 CCTK_EVOL: ODESolvers::ODESolvers_Solve
INFO (ODESolvers): ODE integrator is RK4
INFO (ODESolvers):   Integrating 22 variables
INFO (ODESolvers): Calculating RHS #1 at t=0.05
INFO (CarpetX): CallFunction iteration 6 z4c_rhs_group: CottonmouthZ4c4m::z4c_rhs
INFO (CarpetX): CallFunction iteration 6 z4c_apply_dissipation_group: CottonmouthZ4c4m::z4c_apply_dissipation
INFO (CarpetX): CallFunction iteration 6 z4c_enforce_pt1_group: CottonmouthZ4c4m::z4c_enforce_pt1
INFO (CarpetX): CallFunction iteration 6 z4c_enforce_pt2_group: CottonmouthZ4c4m::z4c_enforce_pt2
INFO (CarpetX): CallFunction iteration 6 z4c_to_adm_group: CottonmouthZ4c4m::sync_z4c
INFO (CarpetX): SyncGroups COTTONMOUTHZ4C4M::AT, COTTONMOUTHZ4C4M::GT, COTTONMOUTHZ4C4M::CHI, COTTONMOUTHZ4C4M::EVO_LAPSE, COTTONMOUTHZ4C4M::EVO_SHIFT, COTTONMOUTHZ4C4M::TRK
INFO (CarpetX): CallFunction iteration 6 z4c_to_adm_group: CottonmouthZ4c4m::z4c_to_adm
INFO (CarpetX): CallFunction iteration 6 ODESolvers_PostStep: CottonmouthZ4c4m::sync_state
INFO (CarpetX): SyncGroups COTTONMOUTHZ4C4M::AT, COTTONMOUTHZ4C4M::THETA, COTTONMOUTHZ4C4M::CHI, COTTONMOUTHZ4C4M::EVO_GAMMAT, COTTONMOUTHZ4C4M::EVO_LAPSE, COTTONMOUTHZ4C4M::EVO_SHIFT, COTTONMOUTHZ4C4M::GT, COTTONMOUTHZ4C4M::TRK
INFO (CarpetX): CallFunction iteration 6 TmunuBaseX_SetTmunuVars: TmunuBaseX::TmunuBaseX_ZeroTmunu
INFO (ODESolvers): Calculated new state #1 at t=0.055
INFO (ODESolvers): Calculating RHS #2 at t=0.055
INFO (CarpetX): CallFunction iteration 6 z4c_rhs_group: CottonmouthZ4c4m::z4c_rhs
INFO (CarpetX): CallFunction iteration 6 z4c_apply_dissipation_group: CottonmouthZ4c4m::z4c_apply_dissipation
INFO (CarpetX): CallFunction iteration 6 z4c_enforce_pt1_group: CottonmouthZ4c4m::z4c_enforce_pt1
INFO (CarpetX): CallFunction iteration 6 z4c_enforce_pt2_group: CottonmouthZ4c4m::z4c_enforce_pt2
INFO (CarpetX): CallFunction iteration 6 z4c_to_adm_group: CottonmouthZ4c4m::sync_z4c
INFO (CarpetX): SyncGroups COTTONMOUTHZ4C4M::AT, COTTONMOUTHZ4C4M::GT, COTTONMOUTHZ4C4M::CHI, COTTONMOUTHZ4C4M::EVO_LAPSE, COTTONMOUTHZ4C4M::EVO_SHIFT, COTTONMOUTHZ4C4M::TRK
INFO (CarpetX): CallFunction iteration 6 z4c_to_adm_group: CottonmouthZ4c4m::z4c_to_adm
INFO (CarpetX): CallFunction iteration 6 ODESolvers_PostStep: CottonmouthZ4c4m::sync_state
INFO (CarpetX): SyncGroups COTTONMOUTHZ4C4M::AT, COTTONMOUTHZ4C4M::THETA, COTTONMOUTHZ4C4M::CHI, COTTONMOUTHZ4C4M::EVO_GAMMAT, COTTONMOUTHZ4C4M::EVO_LAPSE, COTTONMOUTHZ4C4M::EVO_SHIFT, COTTONMOUTHZ4C4M::GT, COTTONMOUTHZ4C4M::TRK
INFO (CarpetX): CallFunction iteration 6 TmunuBaseX_SetTmunuVars: TmunuBaseX::TmunuBaseX_ZeroTmunu
INFO (ODESolvers): Calculated new state #2 at t=0.055
INFO (ODESolvers): Calculating RHS #3 at t=0.055
INFO (CarpetX): CallFunction iteration 6 z4c_rhs_group: CottonmouthZ4c4m::z4c_rhs
INFO (CarpetX): CallFunction iteration 6 z4c_apply_dissipation_group: CottonmouthZ4c4m::z4c_apply_dissipation
INFO (CarpetX): CallFunction iteration 6 z4c_enforce_pt1_group: CottonmouthZ4c4m::z4c_enforce_pt1
INFO (CarpetX): CallFunction iteration 6 z4c_enforce_pt2_group: CottonmouthZ4c4m::z4c_enforce_pt2
INFO (CarpetX): CallFunction iteration 6 z4c_to_adm_group: CottonmouthZ4c4m::sync_z4c
INFO (CarpetX): SyncGroups COTTONMOUTHZ4C4M::AT, COTTONMOUTHZ4C4M::GT, COTTONMOUTHZ4C4M::CHI, COTTONMOUTHZ4C4M::EVO_LAPSE, COTTONMOUTHZ4C4M::EVO_SHIFT, COTTONMOUTHZ4C4M::TRK
INFO (CarpetX): CallFunction iteration 6 z4c_to_adm_group: CottonmouthZ4c4m::z4c_to_adm
INFO (CarpetX): CallFunction iteration 6 ODESolvers_PostStep: CottonmouthZ4c4m::sync_state
INFO (CarpetX): SyncGroups COTTONMOUTHZ4C4M::AT, COTTONMOUTHZ4C4M::THETA, COTTONMOUTHZ4C4M::CHI, COTTONMOUTHZ4C4M::EVO_GAMMAT, COTTONMOUTHZ4C4M::EVO_LAPSE, COTTONMOUTHZ4C4M::EVO_SHIFT, COTTONMOUTHZ4C4M::GT, COTTONMOUTHZ4C4M::TRK
INFO (CarpetX): CallFunction iteration 6 TmunuBaseX_SetTmunuVars: TmunuBaseX::TmunuBaseX_ZeroTmunu
INFO (ODESolvers): Calculated new state #3 at t=0.06
INFO (ODESolvers): Calculating RHS #4 at t=0.06
INFO (CarpetX): CallFunction iteration 6 z4c_rhs_group: CottonmouthZ4c4m::z4c_rhs
INFO (CarpetX): CallFunction iteration 6 z4c_apply_dissipation_group: CottonmouthZ4c4m::z4c_apply_dissipation
INFO (CarpetX): CallFunction iteration 6 z4c_enforce_pt1_group: CottonmouthZ4c4m::z4c_enforce_pt1
INFO (CarpetX): CallFunction iteration 6 z4c_enforce_pt2_group: CottonmouthZ4c4m::z4c_enforce_pt2
INFO (CarpetX): CallFunction iteration 6 z4c_to_adm_group: CottonmouthZ4c4m::sync_z4c
INFO (CarpetX): SyncGroups COTTONMOUTHZ4C4M::AT, COTTONMOUTHZ4C4M::GT, COTTONMOUTHZ4C4M::CHI, COTTONMOUTHZ4C4M::EVO_LAPSE, COTTONMOUTHZ4C4M::EVO_SHIFT, COTTONMOUTHZ4C4M::TRK
INFO (CarpetX): CallFunction iteration 6 z4c_to_adm_group: CottonmouthZ4c4m::z4c_to_adm
INFO (CarpetX): CallFunction iteration 6 ODESolvers_PostStep: CottonmouthZ4c4m::sync_state
INFO (CarpetX): SyncGroups COTTONMOUTHZ4C4M::AT, COTTONMOUTHZ4C4M::THETA, COTTONMOUTHZ4C4M::CHI, COTTONMOUTHZ4C4M::EVO_GAMMAT, COTTONMOUTHZ4C4M::EVO_LAPSE, COTTONMOUTHZ4C4M::EVO_SHIFT, COTTONMOUTHZ4C4M::GT, COTTONMOUTHZ4C4M::TRK
INFO (CarpetX): CallFunction iteration 6 TmunuBaseX_SetTmunuVars: TmunuBaseX::TmunuBaseX_ZeroTmunu
INFO (ODESolvers): Calculated new state #4 at t=0.06
INFO (CarpetX): ScheduleTraverseGH iteration 6 CCTK_POSTSTEP
INFO (CarpetX): CallFunction iteration 6 CCTK_POSTSTEP: CottonmouthLinearWaveID::StateSync_CottonmouthLinearWaveID
INFO (CarpetX): ScheduleTraverseGH iteration 6 CCTK_CHECKPOINT
INFO (CarpetX): CallFunction iteration 6 CCTK_CHECKPOINT: CarpetX::CarpetX_Checkpoint
INFO (CarpetX): ScheduleTraverseGH iteration 6 CCTK_ANALYSIS
INFO (CarpetX): CallFunction iteration 6 z4c_constraints_group: CottonmouthZ4c4m::z4c_constraints
INFO (CarpetX): OutputGH: iteration 6, time 0.060000, run time 1 s
INFO (CarpetX): OutputGH done.
INFO (CarpetX): Simulation time: 0.06   Iterations per second: 13.216   Simulation time per second: 0.13216
INFO (CarpetX): Grid cells: 3200   Grid cell updates per second: 42291.2
INFO (CarpetX): Performance:
INFO (CarpetX):   total evolution time:            0.453995 sec
INFO (CarpetX):   total evolution compute time:    0.45396 sec
INFO (CarpetX):   total evolution output time:     3.48091e-05 sec
INFO (CarpetX):   total iterations:                6
INFO (CarpetX):   total cells updated:             19200
INFO (CarpetX):   average iterations per second: 13.216
INFO (CarpetX):   average cell updates per second: 42291.2
INFO (CarpetX): SyncGroups COTTONMOUTHZ4C4M::AT, COTTONMOUTHZ4C4M::THETA, COTTONMOUTHZ4C4M::CHI, COTTONMOUTHZ4C4M::EVO_GAMMAT, COTTONMOUTHZ4C4M::EVO_LAPSE, COTTONMOUTHZ4C4M::EVO_SHIFT, COTTONMOUTHZ4C4M::GT, COTTONMOUTHZ4C4M::TRK
INFO (CarpetX): ScheduleTraverseGH iteration 7 CCTK_PRESTEP
INFO (CarpetX): ScheduleTraverseGH iteration 7 CCTK_EVOL
INFO (CarpetX): CallFunction iteration 7 CCTK_EVOL: ODESolvers::ODESolvers_Solve
INFO (ODESolvers): ODE integrator is RK4
INFO (ODESolvers):   Integrating 22 variables
INFO (ODESolvers): Calculating RHS #1 at t=0.06
INFO (CarpetX): CallFunction iteration 7 z4c_rhs_group: CottonmouthZ4c4m::z4c_rhs
INFO (CarpetX): CallFunction iteration 7 z4c_apply_dissipation_group: CottonmouthZ4c4m::z4c_apply_dissipation
INFO (CarpetX): CallFunction iteration 7 z4c_enforce_pt1_group: CottonmouthZ4c4m::z4c_enforce_pt1
INFO (CarpetX): CallFunction iteration 7 z4c_enforce_pt2_group: CottonmouthZ4c4m::z4c_enforce_pt2
INFO (CarpetX): CallFunction iteration 7 z4c_to_adm_group: CottonmouthZ4c4m::sync_z4c
INFO (CarpetX): SyncGroups COTTONMOUTHZ4C4M::AT, COTTONMOUTHZ4C4M::GT, COTTONMOUTHZ4C4M::CHI, COTTONMOUTHZ4C4M::EVO_LAPSE, COTTONMOUTHZ4C4M::EVO_SHIFT, COTTONMOUTHZ4C4M::TRK
INFO (CarpetX): CallFunction iteration 7 z4c_to_adm_group: CottonmouthZ4c4m::z4c_to_adm
INFO (CarpetX): CallFunction iteration 7 ODESolvers_PostStep: CottonmouthZ4c4m::sync_state
INFO (CarpetX): SyncGroups COTTONMOUTHZ4C4M::AT, COTTONMOUTHZ4C4M::THETA, COTTONMOUTHZ4C4M::CHI, COTTONMOUTHZ4C4M::EVO_GAMMAT, COTTONMOUTHZ4C4M::EVO_LAPSE, COTTONMOUTHZ4C4M::EVO_SHIFT, COTTONMOUTHZ4C4M::GT, COTTONMOUTHZ4C4M::TRK
INFO (CarpetX): CallFunction iteration 7 TmunuBaseX_SetTmunuVars: TmunuBaseX::TmunuBaseX_ZeroTmunu
INFO (ODESolvers): Calculated new state #1 at t=0.065
INFO (ODESolvers): Calculating RHS #2 at t=0.065
INFO (CarpetX): CallFunction iteration 7 z4c_rhs_group: CottonmouthZ4c4m::z4c_rhs
INFO (CarpetX): CallFunction iteration 7 z4c_apply_dissipation_group: CottonmouthZ4c4m::z4c_apply_dissipation
INFO (CarpetX): CallFunction iteration 7 z4c_enforce_pt1_group: CottonmouthZ4c4m::z4c_enforce_pt1
INFO (CarpetX): CallFunction iteration 7 z4c_enforce_pt2_group: CottonmouthZ4c4m::z4c_enforce_pt2
INFO (CarpetX): CallFunction iteration 7 z4c_to_adm_group: CottonmouthZ4c4m::sync_z4c
INFO (CarpetX): SyncGroups COTTONMOUTHZ4C4M::AT, COTTONMOUTHZ4C4M::GT, COTTONMOUTHZ4C4M::CHI, COTTONMOUTHZ4C4M::EVO_LAPSE, COTTONMOUTHZ4C4M::EVO_SHIFT, COTTONMOUTHZ4C4M::TRK
INFO (CarpetX): CallFunction iteration 7 z4c_to_adm_group: CottonmouthZ4c4m::z4c_to_adm
INFO (CarpetX): CallFunction iteration 7 ODESolvers_PostStep: CottonmouthZ4c4m::sync_state
INFO (CarpetX): SyncGroups COTTONMOUTHZ4C4M::AT, COTTONMOUTHZ4C4M::THETA, COTTONMOUTHZ4C4M::CHI, COTTONMOUTHZ4C4M::EVO_GAMMAT, COTTONMOUTHZ4C4M::EVO_LAPSE, COTTONMOUTHZ4C4M::EVO_SHIFT, COTTONMOUTHZ4C4M::GT, COTTONMOUTHZ4C4M::TRK
INFO (CarpetX): CallFunction iteration 7 TmunuBaseX_SetTmunuVars: TmunuBaseX::TmunuBaseX_ZeroTmunu
INFO (ODESolvers): Calculated new state #2 at t=0.065
INFO (ODESolvers): Calculating RHS #3 at t=0.065
INFO (CarpetX): CallFunction iteration 7 z4c_rhs_group: CottonmouthZ4c4m::z4c_rhs
INFO (CarpetX): CallFunction iteration 7 z4c_apply_dissipation_group: CottonmouthZ4c4m::z4c_apply_dissipation
INFO (CarpetX): CallFunction iteration 7 z4c_enforce_pt1_group: CottonmouthZ4c4m::z4c_enforce_pt1
INFO (CarpetX): CallFunction iteration 7 z4c_enforce_pt2_group: CottonmouthZ4c4m::z4c_enforce_pt2
INFO (CarpetX): CallFunction iteration 7 z4c_to_adm_group: CottonmouthZ4c4m::sync_z4c
INFO (CarpetX): SyncGroups COTTONMOUTHZ4C4M::AT, COTTONMOUTHZ4C4M::GT, COTTONMOUTHZ4C4M::CHI, COTTONMOUTHZ4C4M::EVO_LAPSE, COTTONMOUTHZ4C4M::EVO_SHIFT, COTTONMOUTHZ4C4M::TRK
INFO (CarpetX): CallFunction iteration 7 z4c_to_adm_group: CottonmouthZ4c4m::z4c_to_adm
INFO (CarpetX): CallFunction iteration 7 ODESolvers_PostStep: CottonmouthZ4c4m::sync_state
INFO (CarpetX): SyncGroups COTTONMOUTHZ4C4M::AT, COTTONMOUTHZ4C4M::THETA, COTTONMOUTHZ4C4M::CHI, COTTONMOUTHZ4C4M::EVO_GAMMAT, COTTONMOUTHZ4C4M::EVO_LAPSE, COTTONMOUTHZ4C4M::EVO_SHIFT, COTTONMOUTHZ4C4M::GT, COTTONMOUTHZ4C4M::TRK
INFO (CarpetX): CallFunction iteration 7 TmunuBaseX_SetTmunuVars: TmunuBaseX::TmunuBaseX_ZeroTmunu
INFO (ODESolvers): Calculated new state #3 at t=0.07
INFO (ODESolvers): Calculating RHS #4 at t=0.07
INFO (CarpetX): CallFunction iteration 7 z4c_rhs_group: CottonmouthZ4c4m::z4c_rhs
INFO (CarpetX): CallFunction iteration 7 z4c_apply_dissipation_group: CottonmouthZ4c4m::z4c_apply_dissipation
INFO (CarpetX): CallFunction iteration 7 z4c_enforce_pt1_group: CottonmouthZ4c4m::z4c_enforce_pt1
INFO (CarpetX): CallFunction iteration 7 z4c_enforce_pt2_group: CottonmouthZ4c4m::z4c_enforce_pt2
INFO (CarpetX): CallFunction iteration 7 z4c_to_adm_group: CottonmouthZ4c4m::sync_z4c
INFO (CarpetX): SyncGroups COTTONMOUTHZ4C4M::AT, COTTONMOUTHZ4C4M::GT, COTTONMOUTHZ4C4M::CHI, COTTONMOUTHZ4C4M::EVO_LAPSE, COTTONMOUTHZ4C4M::EVO_SHIFT, COTTONMOUTHZ4C4M::TRK
INFO (CarpetX): CallFunction iteration 7 z4c_to_adm_group: CottonmouthZ4c4m::z4c_to_adm
INFO (CarpetX): CallFunction iteration 7 ODESolvers_PostStep: CottonmouthZ4c4m::sync_state
INFO (CarpetX): SyncGroups COTTONMOUTHZ4C4M::AT, COTTONMOUTHZ4C4M::THETA, COTTONMOUTHZ4C4M::CHI, COTTONMOUTHZ4C4M::EVO_GAMMAT, COTTONMOUTHZ4C4M::EVO_LAPSE, COTTONMOUTHZ4C4M::EVO_SHIFT, COTTONMOUTHZ4C4M::GT, COTTONMOUTHZ4C4M::TRK
INFO (CarpetX): CallFunction iteration 7 TmunuBaseX_SetTmunuVars: TmunuBaseX::TmunuBaseX_ZeroTmunu
INFO (ODESolvers): Calculated new state #4 at t=0.07
INFO (CarpetX): ScheduleTraverseGH iteration 7 CCTK_POSTSTEP
INFO (CarpetX): CallFunction iteration 7 CCTK_POSTSTEP: CottonmouthLinearWaveID::StateSync_CottonmouthLinearWaveID
INFO (CarpetX): ScheduleTraverseGH iteration 7 CCTK_CHECKPOINT
INFO (CarpetX): CallFunction iteration 7 CCTK_CHECKPOINT: CarpetX::CarpetX_Checkpoint
INFO (CarpetX): ScheduleTraverseGH iteration 7 CCTK_ANALYSIS
INFO (CarpetX): CallFunction iteration 7 z4c_constraints_group: CottonmouthZ4c4m::z4c_constraints
INFO (CarpetX): OutputGH: iteration 7, time 0.070000, run time 1 s
INFO (CarpetX): OutputGH done.
INFO (CarpetX): Simulation time: 0.07   Iterations per second: 13.2254   Simulation time per second: 0.132254
INFO (CarpetX): Grid cells: 3200   Grid cell updates per second: 42321.1
INFO (CarpetX): Performance:
INFO (CarpetX):   total evolution time:            0.529286 sec
INFO (CarpetX):   total evolution compute time:    0.529247 sec
INFO (CarpetX):   total evolution output time:     3.98159e-05 sec
INFO (CarpetX):   total iterations:                7
INFO (CarpetX):   total cells updated:             22400
INFO (CarpetX):   average iterations per second: 13.2254
INFO (CarpetX):   average cell updates per second: 42321.1
INFO (CarpetX): SyncGroups COTTONMOUTHZ4C4M::AT, COTTONMOUTHZ4C4M::THETA, COTTONMOUTHZ4C4M::CHI, COTTONMOUTHZ4C4M::EVO_GAMMAT, COTTONMOUTHZ4C4M::EVO_LAPSE, COTTONMOUTHZ4C4M::EVO_SHIFT, COTTONMOUTHZ4C4M::GT, COTTONMOUTHZ4C4M::TRK
INFO (CarpetX): ScheduleTraverseGH iteration 8 CCTK_PRESTEP
INFO (CarpetX): ScheduleTraverseGH iteration 8 CCTK_EVOL
INFO (CarpetX): CallFunction iteration 8 CCTK_EVOL: ODESolvers::ODESolvers_Solve
INFO (ODESolvers): ODE integrator is RK4
INFO (ODESolvers):   Integrating 22 variables
INFO (ODESolvers): Calculating RHS #1 at t=0.07
INFO (CarpetX): CallFunction iteration 8 z4c_rhs_group: CottonmouthZ4c4m::z4c_rhs
INFO (CarpetX): CallFunction iteration 8 z4c_apply_dissipation_group: CottonmouthZ4c4m::z4c_apply_dissipation
INFO (CarpetX): CallFunction iteration 8 z4c_enforce_pt1_group: CottonmouthZ4c4m::z4c_enforce_pt1
INFO (CarpetX): CallFunction iteration 8 z4c_enforce_pt2_group: CottonmouthZ4c4m::z4c_enforce_pt2
INFO (CarpetX): CallFunction iteration 8 z4c_to_adm_group: CottonmouthZ4c4m::sync_z4c
INFO (CarpetX): SyncGroups COTTONMOUTHZ4C4M::AT, COTTONMOUTHZ4C4M::GT, COTTONMOUTHZ4C4M::CHI, COTTONMOUTHZ4C4M::EVO_LAPSE, COTTONMOUTHZ4C4M::EVO_SHIFT, COTTONMOUTHZ4C4M::TRK
INFO (CarpetX): CallFunction iteration 8 z4c_to_adm_group: CottonmouthZ4c4m::z4c_to_adm
INFO (CarpetX): CallFunction iteration 8 ODESolvers_PostStep: CottonmouthZ4c4m::sync_state
INFO (CarpetX): SyncGroups COTTONMOUTHZ4C4M::AT, COTTONMOUTHZ4C4M::THETA, COTTONMOUTHZ4C4M::CHI, COTTONMOUTHZ4C4M::EVO_GAMMAT, COTTONMOUTHZ4C4M::EVO_LAPSE, COTTONMOUTHZ4C4M::EVO_SHIFT, COTTONMOUTHZ4C4M::GT, COTTONMOUTHZ4C4M::TRK
INFO (CarpetX): CallFunction iteration 8 TmunuBaseX_SetTmunuVars: TmunuBaseX::TmunuBaseX_ZeroTmunu
INFO (ODESolvers): Calculated new state #1 at t=0.075
INFO (ODESolvers): Calculating RHS #2 at t=0.075
INFO (CarpetX): CallFunction iteration 8 z4c_rhs_group: CottonmouthZ4c4m::z4c_rhs
INFO (CarpetX): CallFunction iteration 8 z4c_apply_dissipation_group: CottonmouthZ4c4m::z4c_apply_dissipation
INFO (CarpetX): CallFunction iteration 8 z4c_enforce_pt1_group: CottonmouthZ4c4m::z4c_enforce_pt1
INFO (CarpetX): CallFunction iteration 8 z4c_enforce_pt2_group: CottonmouthZ4c4m::z4c_enforce_pt2
INFO (CarpetX): CallFunction iteration 8 z4c_to_adm_group: CottonmouthZ4c4m::sync_z4c
INFO (CarpetX): SyncGroups COTTONMOUTHZ4C4M::AT, COTTONMOUTHZ4C4M::GT, COTTONMOUTHZ4C4M::CHI, COTTONMOUTHZ4C4M::EVO_LAPSE, COTTONMOUTHZ4C4M::EVO_SHIFT, COTTONMOUTHZ4C4M::TRK
INFO (CarpetX): CallFunction iteration 8 z4c_to_adm_group: CottonmouthZ4c4m::z4c_to_adm
INFO (CarpetX): CallFunction iteration 8 ODESolvers_PostStep: CottonmouthZ4c4m::sync_state
INFO (CarpetX): SyncGroups COTTONMOUTHZ4C4M::AT, COTTONMOUTHZ4C4M::THETA, COTTONMOUTHZ4C4M::CHI, COTTONMOUTHZ4C4M::EVO_GAMMAT, COTTONMOUTHZ4C4M::EVO_LAPSE, COTTONMOUTHZ4C4M::EVO_SHIFT, COTTONMOUTHZ4C4M::GT, COTTONMOUTHZ4C4M::TRK
INFO (CarpetX): CallFunction iteration 8 TmunuBaseX_SetTmunuVars: TmunuBaseX::TmunuBaseX_ZeroTmunu
INFO (ODESolvers): Calculated new state #2 at t=0.075
INFO (ODESolvers): Calculating RHS #3 at t=0.075
INFO (CarpetX): CallFunction iteration 8 z4c_rhs_group: CottonmouthZ4c4m::z4c_rhs
INFO (CarpetX): CallFunction iteration 8 z4c_apply_dissipation_group: CottonmouthZ4c4m::z4c_apply_dissipation
INFO (CarpetX): CallFunction iteration 8 z4c_enforce_pt1_group: CottonmouthZ4c4m::z4c_enforce_pt1
INFO (CarpetX): CallFunction iteration 8 z4c_enforce_pt2_group: CottonmouthZ4c4m::z4c_enforce_pt2
INFO (CarpetX): CallFunction iteration 8 z4c_to_adm_group: CottonmouthZ4c4m::sync_z4c
INFO (CarpetX): SyncGroups COTTONMOUTHZ4C4M::AT, COTTONMOUTHZ4C4M::GT, COTTONMOUTHZ4C4M::CHI, COTTONMOUTHZ4C4M::EVO_LAPSE, COTTONMOUTHZ4C4M::EVO_SHIFT, COTTONMOUTHZ4C4M::TRK
INFO (CarpetX): CallFunction iteration 8 z4c_to_adm_group: CottonmouthZ4c4m::z4c_to_adm
INFO (CarpetX): CallFunction iteration 8 ODESolvers_PostStep: CottonmouthZ4c4m::sync_state
INFO (CarpetX): SyncGroups COTTONMOUTHZ4C4M::AT, COTTONMOUTHZ4C4M::THETA, COTTONMOUTHZ4C4M::CHI, COTTONMOUTHZ4C4M::EVO_GAMMAT, COTTONMOUTHZ4C4M::EVO_LAPSE, COTTONMOUTHZ4C4M::EVO_SHIFT, COTTONMOUTHZ4C4M::GT, COTTONMOUTHZ4C4M::TRK
INFO (CarpetX): CallFunction iteration 8 TmunuBaseX_SetTmunuVars: TmunuBaseX::TmunuBaseX_ZeroTmunu
INFO (ODESolvers): Calculated new state #3 at t=0.08
INFO (ODESolvers): Calculating RHS #4 at t=0.08
INFO (CarpetX): CallFunction iteration 8 z4c_rhs_group: CottonmouthZ4c4m::z4c_rhs
INFO (CarpetX): CallFunction iteration 8 z4c_apply_dissipation_group: CottonmouthZ4c4m::z4c_apply_dissipation
INFO (CarpetX): CallFunction iteration 8 z4c_enforce_pt1_group: CottonmouthZ4c4m::z4c_enforce_pt1
INFO (CarpetX): CallFunction iteration 8 z4c_enforce_pt2_group: CottonmouthZ4c4m::z4c_enforce_pt2
INFO (CarpetX): CallFunction iteration 8 z4c_to_adm_group: CottonmouthZ4c4m::sync_z4c
INFO (CarpetX): SyncGroups COTTONMOUTHZ4C4M::AT, COTTONMOUTHZ4C4M::GT, COTTONMOUTHZ4C4M::CHI, COTTONMOUTHZ4C4M::EVO_LAPSE, COTTONMOUTHZ4C4M::EVO_SHIFT, COTTONMOUTHZ4C4M::TRK
INFO (CarpetX): CallFunction iteration 8 z4c_to_adm_group: CottonmouthZ4c4m::z4c_to_adm
INFO (CarpetX): CallFunction iteration 8 ODESolvers_PostStep: CottonmouthZ4c4m::sync_state
INFO (CarpetX): SyncGroups COTTONMOUTHZ4C4M::AT, COTTONMOUTHZ4C4M::THETA, COTTONMOUTHZ4C4M::CHI, COTTONMOUTHZ4C4M::EVO_GAMMAT, COTTONMOUTHZ4C4M::EVO_LAPSE, COTTONMOUTHZ4C4M::EVO_SHIFT, COTTONMOUTHZ4C4M::GT, COTTONMOUTHZ4C4M::TRK
INFO (CarpetX): CallFunction iteration 8 TmunuBaseX_SetTmunuVars: TmunuBaseX::TmunuBaseX_ZeroTmunu
INFO (ODESolvers): Calculated new state #4 at t=0.08
INFO (CarpetX): ScheduleTraverseGH iteration 8 CCTK_POSTSTEP
INFO (CarpetX): CallFunction iteration 8 CCTK_POSTSTEP: CottonmouthLinearWaveID::StateSync_CottonmouthLinearWaveID
INFO (CarpetX): ScheduleTraverseGH iteration 8 CCTK_CHECKPOINT
INFO (CarpetX): CallFunction iteration 8 CCTK_CHECKPOINT: CarpetX::CarpetX_Checkpoint
INFO (CarpetX): ScheduleTraverseGH iteration 8 CCTK_ANALYSIS
INFO (CarpetX): CallFunction iteration 8 z4c_constraints_group: CottonmouthZ4c4m::z4c_constraints
INFO (CarpetX): OutputGH: iteration 8, time 0.080000, run time 2 s
INFO (CarpetX): OutputGH done.
INFO (CarpetX): Simulation time: 0.08   Iterations per second: 13.2347   Simulation time per second: 0.132347
INFO (CarpetX): Grid cells: 3200   Grid cell updates per second: 42351.1
INFO (CarpetX): Performance:
INFO (CarpetX):   total evolution time:            0.604471 sec
INFO (CarpetX):   total evolution compute time:    0.604425 sec
INFO (CarpetX):   total evolution output time:     4.57764e-05 sec
INFO (CarpetX):   total iterations:                8
INFO (CarpetX):   total cells updated:             25600
INFO (CarpetX):   average iterations per second: 13.2347
INFO (CarpetX):   average cell updates per second: 42351.1
INFO (CarpetX): SyncGroups COTTONMOUTHZ4C4M::AT, COTTONMOUTHZ4C4M::THETA, COTTONMOUTHZ4C4M::CHI, COTTONMOUTHZ4C4M::EVO_GAMMAT, COTTONMOUTHZ4C4M::EVO_LAPSE, COTTONMOUTHZ4C4M::EVO_SHIFT, COTTONMOUTHZ4C4M::GT, COTTONMOUTHZ4C4M::TRK
INFO (CarpetX): ScheduleTraverseGH iteration 9 CCTK_PRESTEP
INFO (CarpetX): ScheduleTraverseGH iteration 9 CCTK_EVOL
INFO (CarpetX): CallFunction iteration 9 CCTK_EVOL: ODESolvers::ODESolvers_Solve
INFO (ODESolvers): ODE integrator is RK4
INFO (ODESolvers):   Integrating 22 variables
INFO (ODESolvers): Calculating RHS #1 at t=0.08
INFO (CarpetX): CallFunction iteration 9 z4c_rhs_group: CottonmouthZ4c4m::z4c_rhs
INFO (CarpetX): CallFunction iteration 9 z4c_apply_dissipation_group: CottonmouthZ4c4m::z4c_apply_dissipation
INFO (CarpetX): CallFunction iteration 9 z4c_enforce_pt1_group: CottonmouthZ4c4m::z4c_enforce_pt1
INFO (CarpetX): CallFunction iteration 9 z4c_enforce_pt2_group: CottonmouthZ4c4m::z4c_enforce_pt2
INFO (CarpetX): CallFunction iteration 9 z4c_to_adm_group: CottonmouthZ4c4m::sync_z4c
INFO (CarpetX): SyncGroups COTTONMOUTHZ4C4M::AT, COTTONMOUTHZ4C4M::GT, COTTONMOUTHZ4C4M::CHI, COTTONMOUTHZ4C4M::EVO_LAPSE, COTTONMOUTHZ4C4M::EVO_SHIFT, COTTONMOUTHZ4C4M::TRK
INFO (CarpetX): CallFunction iteration 9 z4c_to_adm_group: CottonmouthZ4c4m::z4c_to_adm
INFO (CarpetX): CallFunction iteration 9 ODESolvers_PostStep: CottonmouthZ4c4m::sync_state
INFO (CarpetX): SyncGroups COTTONMOUTHZ4C4M::AT, COTTONMOUTHZ4C4M::THETA, COTTONMOUTHZ4C4M::CHI, COTTONMOUTHZ4C4M::EVO_GAMMAT, COTTONMOUTHZ4C4M::EVO_LAPSE, COTTONMOUTHZ4C4M::EVO_SHIFT, COTTONMOUTHZ4C4M::GT, COTTONMOUTHZ4C4M::TRK
INFO (CarpetX): CallFunction iteration 9 TmunuBaseX_SetTmunuVars: TmunuBaseX::TmunuBaseX_ZeroTmunu
INFO (ODESolvers): Calculated new state #1 at t=0.085
INFO (ODESolvers): Calculating RHS #2 at t=0.085
INFO (CarpetX): CallFunction iteration 9 z4c_rhs_group: CottonmouthZ4c4m::z4c_rhs
INFO (CarpetX): CallFunction iteration 9 z4c_apply_dissipation_group: CottonmouthZ4c4m::z4c_apply_dissipation
INFO (CarpetX): CallFunction iteration 9 z4c_enforce_pt1_group: CottonmouthZ4c4m::z4c_enforce_pt1
INFO (CarpetX): CallFunction iteration 9 z4c_enforce_pt2_group: CottonmouthZ4c4m::z4c_enforce_pt2
INFO (CarpetX): CallFunction iteration 9 z4c_to_adm_group: CottonmouthZ4c4m::sync_z4c
INFO (CarpetX): SyncGroups COTTONMOUTHZ4C4M::AT, COTTONMOUTHZ4C4M::GT, COTTONMOUTHZ4C4M::CHI, COTTONMOUTHZ4C4M::EVO_LAPSE, COTTONMOUTHZ4C4M::EVO_SHIFT, COTTONMOUTHZ4C4M::TRK
INFO (CarpetX): CallFunction iteration 9 z4c_to_adm_group: CottonmouthZ4c4m::z4c_to_adm
INFO (CarpetX): CallFunction iteration 9 ODESolvers_PostStep: CottonmouthZ4c4m::sync_state
INFO (CarpetX): SyncGroups COTTONMOUTHZ4C4M::AT, COTTONMOUTHZ4C4M::THETA, COTTONMOUTHZ4C4M::CHI, COTTONMOUTHZ4C4M::EVO_GAMMAT, COTTONMOUTHZ4C4M::EVO_LAPSE, COTTONMOUTHZ4C4M::EVO_SHIFT, COTTONMOUTHZ4C4M::GT, COTTONMOUTHZ4C4M::TRK
INFO (CarpetX): CallFunction iteration 9 TmunuBaseX_SetTmunuVars: TmunuBaseX::TmunuBaseX_ZeroTmunu
INFO (ODESolvers): Calculated new state #2 at t=0.085
INFO (ODESolvers): Calculating RHS #3 at t=0.085
INFO (CarpetX): CallFunction iteration 9 z4c_rhs_group: CottonmouthZ4c4m::z4c_rhs
INFO (CarpetX): CallFunction iteration 9 z4c_apply_dissipation_group: CottonmouthZ4c4m::z4c_apply_dissipation
INFO (CarpetX): CallFunction iteration 9 z4c_enforce_pt1_group: CottonmouthZ4c4m::z4c_enforce_pt1
INFO (CarpetX): CallFunction iteration 9 z4c_enforce_pt2_group: CottonmouthZ4c4m::z4c_enforce_pt2
INFO (CarpetX): CallFunction iteration 9 z4c_to_adm_group: CottonmouthZ4c4m::sync_z4c
INFO (CarpetX): SyncGroups COTTONMOUTHZ4C4M::AT, COTTONMOUTHZ4C4M::GT, COTTONMOUTHZ4C4M::CHI, COTTONMOUTHZ4C4M::EVO_LAPSE, COTTONMOUTHZ4C4M::EVO_SHIFT, COTTONMOUTHZ4C4M::TRK
INFO (CarpetX): CallFunction iteration 9 z4c_to_adm_group: CottonmouthZ4c4m::z4c_to_adm
INFO (CarpetX): CallFunction iteration 9 ODESolvers_PostStep: CottonmouthZ4c4m::sync_state
INFO (CarpetX): SyncGroups COTTONMOUTHZ4C4M::AT, COTTONMOUTHZ4C4M::THETA, COTTONMOUTHZ4C4M::CHI, COTTONMOUTHZ4C4M::EVO_GAMMAT, COTTONMOUTHZ4C4M::EVO_LAPSE, COTTONMOUTHZ4C4M::EVO_SHIFT, COTTONMOUTHZ4C4M::GT, COTTONMOUTHZ4C4M::TRK
INFO (CarpetX): CallFunction iteration 9 TmunuBaseX_SetTmunuVars: TmunuBaseX::TmunuBaseX_ZeroTmunu
INFO (ODESolvers): Calculated new state #3 at t=0.09
INFO (ODESolvers): Calculating RHS #4 at t=0.09
INFO (CarpetX): CallFunction iteration 9 z4c_rhs_group: CottonmouthZ4c4m::z4c_rhs
INFO (CarpetX): CallFunction iteration 9 z4c_apply_dissipation_group: CottonmouthZ4c4m::z4c_apply_dissipation
INFO (CarpetX): CallFunction iteration 9 z4c_enforce_pt1_group: CottonmouthZ4c4m::z4c_enforce_pt1
INFO (CarpetX): CallFunction iteration 9 z4c_enforce_pt2_group: CottonmouthZ4c4m::z4c_enforce_pt2
INFO (CarpetX): CallFunction iteration 9 z4c_to_adm_group: CottonmouthZ4c4m::sync_z4c
INFO (CarpetX): SyncGroups COTTONMOUTHZ4C4M::AT, COTTONMOUTHZ4C4M::GT, COTTONMOUTHZ4C4M::CHI, COTTONMOUTHZ4C4M::EVO_LAPSE, COTTONMOUTHZ4C4M::EVO_SHIFT, COTTONMOUTHZ4C4M::TRK
INFO (CarpetX): CallFunction iteration 9 z4c_to_adm_group: CottonmouthZ4c4m::z4c_to_adm
INFO (CarpetX): CallFunction iteration 9 ODESolvers_PostStep: CottonmouthZ4c4m::sync_state
INFO (CarpetX): SyncGroups COTTONMOUTHZ4C4M::AT, COTTONMOUTHZ4C4M::THETA, COTTONMOUTHZ4C4M::CHI, COTTONMOUTHZ4C4M::EVO_GAMMAT, COTTONMOUTHZ4C4M::EVO_LAPSE, COTTONMOUTHZ4C4M::EVO_SHIFT, COTTONMOUTHZ4C4M::GT, COTTONMOUTHZ4C4M::TRK
INFO (CarpetX): CallFunction iteration 9 TmunuBaseX_SetTmunuVars: TmunuBaseX::TmunuBaseX_ZeroTmunu
INFO (ODESolvers): Calculated new state #4 at t=0.09
INFO (CarpetX): ScheduleTraverseGH iteration 9 CCTK_POSTSTEP
INFO (CarpetX): CallFunction iteration 9 CCTK_POSTSTEP: CottonmouthLinearWaveID::StateSync_CottonmouthLinearWaveID
INFO (CarpetX): ScheduleTraverseGH iteration 9 CCTK_CHECKPOINT
INFO (CarpetX): CallFunction iteration 9 CCTK_CHECKPOINT: CarpetX::CarpetX_Checkpoint
INFO (CarpetX): ScheduleTraverseGH iteration 9 CCTK_ANALYSIS
INFO (CarpetX): CallFunction iteration 9 z4c_constraints_group: CottonmouthZ4c4m::z4c_constraints
INFO (CarpetX): OutputGH: iteration 9, time 0.090000, run time 2 s
INFO (CarpetX): OutputGH done.
INFO (CarpetX): Simulation time: 0.09   Iterations per second: 13.2396   Simulation time per second: 0.132396
INFO (CarpetX): Grid cells: 3200   Grid cell updates per second: 42366.6
INFO (CarpetX): Performance:
INFO (CarpetX):   total evolution time:            0.67978 sec
INFO (CarpetX):   total evolution compute time:    0.679729 sec
INFO (CarpetX):   total evolution output time:     5.07832e-05 sec
INFO (CarpetX):   total iterations:                9
INFO (CarpetX):   total cells updated:             28800
INFO (CarpetX):   average iterations per second: 13.2396
INFO (CarpetX):   average cell updates per second: 42366.6
INFO (CarpetX): SyncGroups COTTONMOUTHZ4C4M::AT, COTTONMOUTHZ4C4M::THETA, COTTONMOUTHZ4C4M::CHI, COTTONMOUTHZ4C4M::EVO_GAMMAT, COTTONMOUTHZ4C4M::EVO_LAPSE, COTTONMOUTHZ4C4M::EVO_SHIFT, COTTONMOUTHZ4C4M::GT, COTTONMOUTHZ4C4M::TRK
INFO (CarpetX): ScheduleTraverseGH iteration 10 CCTK_PRESTEP
INFO (CarpetX): ScheduleTraverseGH iteration 10 CCTK_EVOL
INFO (CarpetX): CallFunction iteration 10 CCTK_EVOL: ODESolvers::ODESolvers_Solve
INFO (ODESolvers): ODE integrator is RK4
INFO (ODESolvers):   Integrating 22 variables
INFO (ODESolvers): Calculating RHS #1 at t=0.09
INFO (CarpetX): CallFunction iteration 10 z4c_rhs_group: CottonmouthZ4c4m::z4c_rhs
INFO (CarpetX): CallFunction iteration 10 z4c_apply_dissipation_group: CottonmouthZ4c4m::z4c_apply_dissipation
INFO (CarpetX): CallFunction iteration 10 z4c_enforce_pt1_group: CottonmouthZ4c4m::z4c_enforce_pt1
INFO (CarpetX): CallFunction iteration 10 z4c_enforce_pt2_group: CottonmouthZ4c4m::z4c_enforce_pt2
INFO (CarpetX): CallFunction iteration 10 z4c_to_adm_group: CottonmouthZ4c4m::sync_z4c
INFO (CarpetX): SyncGroups COTTONMOUTHZ4C4M::AT, COTTONMOUTHZ4C4M::GT, COTTONMOUTHZ4C4M::CHI, COTTONMOUTHZ4C4M::EVO_LAPSE, COTTONMOUTHZ4C4M::EVO_SHIFT, COTTONMOUTHZ4C4M::TRK
INFO (CarpetX): CallFunction iteration 10 z4c_to_adm_group: CottonmouthZ4c4m::z4c_to_adm
INFO (CarpetX): CallFunction iteration 10 ODESolvers_PostStep: CottonmouthZ4c4m::sync_state
INFO (CarpetX): SyncGroups COTTONMOUTHZ4C4M::AT, COTTONMOUTHZ4C4M::THETA, COTTONMOUTHZ4C4M::CHI, COTTONMOUTHZ4C4M::EVO_GAMMAT, COTTONMOUTHZ4C4M::EVO_LAPSE, COTTONMOUTHZ4C4M::EVO_SHIFT, COTTONMOUTHZ4C4M::GT, COTTONMOUTHZ4C4M::TRK
INFO (CarpetX): CallFunction iteration 10 TmunuBaseX_SetTmunuVars: TmunuBaseX::TmunuBaseX_ZeroTmunu
INFO (ODESolvers): Calculated new state #1 at t=0.095
INFO (ODESolvers): Calculating RHS #2 at t=0.095
INFO (CarpetX): CallFunction iteration 10 z4c_rhs_group: CottonmouthZ4c4m::z4c_rhs
INFO (CarpetX): CallFunction iteration 10 z4c_apply_dissipation_group: CottonmouthZ4c4m::z4c_apply_dissipation
INFO (CarpetX): CallFunction iteration 10 z4c_enforce_pt1_group: CottonmouthZ4c4m::z4c_enforce_pt1
INFO (CarpetX): CallFunction iteration 10 z4c_enforce_pt2_group: CottonmouthZ4c4m::z4c_enforce_pt2
INFO (CarpetX): CallFunction iteration 10 z4c_to_adm_group: CottonmouthZ4c4m::sync_z4c
INFO (CarpetX): SyncGroups COTTONMOUTHZ4C4M::AT, COTTONMOUTHZ4C4M::GT, COTTONMOUTHZ4C4M::CHI, COTTONMOUTHZ4C4M::EVO_LAPSE, COTTONMOUTHZ4C4M::EVO_SHIFT, COTTONMOUTHZ4C4M::TRK
INFO (CarpetX): CallFunction iteration 10 z4c_to_adm_group: CottonmouthZ4c4m::z4c_to_adm
INFO (CarpetX): CallFunction iteration 10 ODESolvers_PostStep: CottonmouthZ4c4m::sync_state
INFO (CarpetX): SyncGroups COTTONMOUTHZ4C4M::AT, COTTONMOUTHZ4C4M::THETA, COTTONMOUTHZ4C4M::CHI, COTTONMOUTHZ4C4M::EVO_GAMMAT, COTTONMOUTHZ4C4M::EVO_LAPSE, COTTONMOUTHZ4C4M::EVO_SHIFT, COTTONMOUTHZ4C4M::GT, COTTONMOUTHZ4C4M::TRK
INFO (CarpetX): CallFunction iteration 10 TmunuBaseX_SetTmunuVars: TmunuBaseX::TmunuBaseX_ZeroTmunu
INFO (ODESolvers): Calculated new state #2 at t=0.095
INFO (ODESolvers): Calculating RHS #3 at t=0.095
INFO (CarpetX): CallFunction iteration 10 z4c_rhs_group: CottonmouthZ4c4m::z4c_rhs
INFO (CarpetX): CallFunction iteration 10 z4c_apply_dissipation_group: CottonmouthZ4c4m::z4c_apply_dissipation
INFO (CarpetX): CallFunction iteration 10 z4c_enforce_pt1_group: CottonmouthZ4c4m::z4c_enforce_pt1
INFO (CarpetX): CallFunction iteration 10 z4c_enforce_pt2_group: CottonmouthZ4c4m::z4c_enforce_pt2
INFO (CarpetX): CallFunction iteration 10 z4c_to_adm_group: CottonmouthZ4c4m::sync_z4c
INFO (CarpetX): SyncGroups COTTONMOUTHZ4C4M::AT, COTTONMOUTHZ4C4M::GT, COTTONMOUTHZ4C4M::CHI, COTTONMOUTHZ4C4M::EVO_LAPSE, COTTONMOUTHZ4C4M::EVO_SHIFT, COTTONMOUTHZ4C4M::TRK
INFO (CarpetX): CallFunction iteration 10 z4c_to_adm_group: CottonmouthZ4c4m::z4c_to_adm
INFO (CarpetX): CallFunction iteration 10 ODESolvers_PostStep: CottonmouthZ4c4m::sync_state
INFO (CarpetX): SyncGroups COTTONMOUTHZ4C4M::AT, COTTONMOUTHZ4C4M::THETA, COTTONMOUTHZ4C4M::CHI, COTTONMOUTHZ4C4M::EVO_GAMMAT, COTTONMOUTHZ4C4M::EVO_LAPSE, COTTONMOUTHZ4C4M::EVO_SHIFT, COTTONMOUTHZ4C4M::GT, COTTONMOUTHZ4C4M::TRK
INFO (CarpetX): CallFunction iteration 10 TmunuBaseX_SetTmunuVars: TmunuBaseX::TmunuBaseX_ZeroTmunu
INFO (ODESolvers): Calculated new state #3 at t=0.1
INFO (ODESolvers): Calculating RHS #4 at t=0.1
INFO (CarpetX): CallFunction iteration 10 z4c_rhs_group: CottonmouthZ4c4m::z4c_rhs
INFO (CarpetX): CallFunction iteration 10 z4c_apply_dissipation_group: CottonmouthZ4c4m::z4c_apply_dissipation
INFO (CarpetX): CallFunction iteration 10 z4c_enforce_pt1_group: CottonmouthZ4c4m::z4c_enforce_pt1
INFO (CarpetX): CallFunction iteration 10 z4c_enforce_pt2_group: CottonmouthZ4c4m::z4c_enforce_pt2
INFO (CarpetX): CallFunction iteration 10 z4c_to_adm_group: CottonmouthZ4c4m::sync_z4c
INFO (CarpetX): SyncGroups COTTONMOUTHZ4C4M::AT, COTTONMOUTHZ4C4M::GT, COTTONMOUTHZ4C4M::CHI, COTTONMOUTHZ4C4M::EVO_LAPSE, COTTONMOUTHZ4C4M::EVO_SHIFT, COTTONMOUTHZ4C4M::TRK
INFO (CarpetX): CallFunction iteration 10 z4c_to_adm_group: CottonmouthZ4c4m::z4c_to_adm
INFO (CarpetX): CallFunction iteration 10 ODESolvers_PostStep: CottonmouthZ4c4m::sync_state
INFO (CarpetX): SyncGroups COTTONMOUTHZ4C4M::AT, COTTONMOUTHZ4C4M::THETA, COTTONMOUTHZ4C4M::CHI, COTTONMOUTHZ4C4M::EVO_GAMMAT, COTTONMOUTHZ4C4M::EVO_LAPSE, COTTONMOUTHZ4C4M::EVO_SHIFT, COTTONMOUTHZ4C4M::GT, COTTONMOUTHZ4C4M::TRK
INFO (CarpetX): CallFunction iteration 10 TmunuBaseX_SetTmunuVars: TmunuBaseX::TmunuBaseX_ZeroTmunu
INFO (ODESolvers): Calculated new state #4 at t=0.1
INFO (CarpetX): ScheduleTraverseGH iteration 10 CCTK_POSTSTEP
INFO (CarpetX): CallFunction iteration 10 CCTK_POSTSTEP: CottonmouthLinearWaveID::StateSync_CottonmouthLinearWaveID
INFO (CarpetX): ScheduleTraverseGH iteration 10 CCTK_CHECKPOINT
INFO (CarpetX): CallFunction iteration 10 CCTK_CHECKPOINT: CarpetX::CarpetX_Checkpoint
INFO (CarpetX): ScheduleTraverseGH iteration 10 CCTK_ANALYSIS
INFO (CarpetX): CallFunction iteration 10 z4c_constraints_group: CottonmouthZ4c4m::z4c_constraints
INFO (CarpetX): OutputGH: iteration 10, time 0.100000, run time 2 s
INFO (CarpetX): OutputGH done.
INFO (CarpetX): Simulation time: 0.1   Iterations per second: 13.2463   Simulation time per second: 0.132463
INFO (CarpetX): Grid cells: 3200   Grid cell updates per second: 42388.1
INFO (CarpetX): Performance:
INFO (CarpetX):   total evolution time:            0.754928 sec
INFO (CarpetX):   total evolution compute time:    0.754871 sec
INFO (CarpetX):   total evolution output time:     5.6982e-05 sec
INFO (CarpetX):   total iterations:                10
INFO (CarpetX):   total cells updated:             32000
INFO (CarpetX):   average iterations per second: 13.2463
INFO (CarpetX):   average cell updates per second: 42388.1
INFO (CarpetX): SyncGroups COTTONMOUTHZ4C4M::AT, COTTONMOUTHZ4C4M::THETA, COTTONMOUTHZ4C4M::CHI, COTTONMOUTHZ4C4M::EVO_GAMMAT, COTTONMOUTHZ4C4M::EVO_LAPSE, COTTONMOUTHZ4C4M::EVO_SHIFT, COTTONMOUTHZ4C4M::GT, COTTONMOUTHZ4C4M::TRK
INFO (CarpetX): ScheduleTraverseGH iteration 11 CCTK_PRESTEP
INFO (CarpetX): ScheduleTraverseGH iteration 11 CCTK_EVOL
INFO (CarpetX): CallFunction iteration 11 CCTK_EVOL: ODESolvers::ODESolvers_Solve
INFO (ODESolvers): ODE integrator is RK4
INFO (ODESolvers):   Integrating 22 variables
INFO (ODESolvers): Calculating RHS #1 at t=0.1
INFO (CarpetX): CallFunction iteration 11 z4c_rhs_group: CottonmouthZ4c4m::z4c_rhs
INFO (CarpetX): CallFunction iteration 11 z4c_apply_dissipation_group: CottonmouthZ4c4m::z4c_apply_dissipation
INFO (CarpetX): CallFunction iteration 11 z4c_enforce_pt1_group: CottonmouthZ4c4m::z4c_enforce_pt1
INFO (CarpetX): CallFunction iteration 11 z4c_enforce_pt2_group: CottonmouthZ4c4m::z4c_enforce_pt2
INFO (CarpetX): CallFunction iteration 11 z4c_to_adm_group: CottonmouthZ4c4m::sync_z4c
INFO (CarpetX): SyncGroups COTTONMOUTHZ4C4M::AT, COTTONMOUTHZ4C4M::GT, COTTONMOUTHZ4C4M::CHI, COTTONMOUTHZ4C4M::EVO_LAPSE, COTTONMOUTHZ4C4M::EVO_SHIFT, COTTONMOUTHZ4C4M::TRK
INFO (CarpetX): CallFunction iteration 11 z4c_to_adm_group: CottonmouthZ4c4m::z4c_to_adm
INFO (CarpetX): CallFunction iteration 11 ODESolvers_PostStep: CottonmouthZ4c4m::sync_state
INFO (CarpetX): SyncGroups COTTONMOUTHZ4C4M::AT, COTTONMOUTHZ4C4M::THETA, COTTONMOUTHZ4C4M::CHI, COTTONMOUTHZ4C4M::EVO_GAMMAT, COTTONMOUTHZ4C4M::EVO_LAPSE, COTTONMOUTHZ4C4M::EVO_SHIFT, COTTONMOUTHZ4C4M::GT, COTTONMOUTHZ4C4M::TRK
INFO (CarpetX): CallFunction iteration 11 TmunuBaseX_SetTmunuVars: TmunuBaseX::TmunuBaseX_ZeroTmunu
INFO (ODESolvers): Calculated new state #1 at t=0.105
INFO (ODESolvers): Calculating RHS #2 at t=0.105
INFO (CarpetX): CallFunction iteration 11 z4c_rhs_group: CottonmouthZ4c4m::z4c_rhs
INFO (CarpetX): CallFunction iteration 11 z4c_apply_dissipation_group: CottonmouthZ4c4m::z4c_apply_dissipation
INFO (CarpetX): CallFunction iteration 11 z4c_enforce_pt1_group: CottonmouthZ4c4m::z4c_enforce_pt1
INFO (CarpetX): CallFunction iteration 11 z4c_enforce_pt2_group: CottonmouthZ4c4m::z4c_enforce_pt2
INFO (CarpetX): CallFunction iteration 11 z4c_to_adm_group: CottonmouthZ4c4m::sync_z4c
INFO (CarpetX): SyncGroups COTTONMOUTHZ4C4M::AT, COTTONMOUTHZ4C4M::GT, COTTONMOUTHZ4C4M::CHI, COTTONMOUTHZ4C4M::EVO_LAPSE, COTTONMOUTHZ4C4M::EVO_SHIFT, COTTONMOUTHZ4C4M::TRK
INFO (CarpetX): CallFunction iteration 11 z4c_to_adm_group: CottonmouthZ4c4m::z4c_to_adm
INFO (CarpetX): CallFunction iteration 11 ODESolvers_PostStep: CottonmouthZ4c4m::sync_state
INFO (CarpetX): SyncGroups COTTONMOUTHZ4C4M::AT, COTTONMOUTHZ4C4M::THETA, COTTONMOUTHZ4C4M::CHI, COTTONMOUTHZ4C4M::EVO_GAMMAT, COTTONMOUTHZ4C4M::EVO_LAPSE, COTTONMOUTHZ4C4M::EVO_SHIFT, COTTONMOUTHZ4C4M::GT, COTTONMOUTHZ4C4M::TRK
INFO (CarpetX): CallFunction iteration 11 TmunuBaseX_SetTmunuVars: TmunuBaseX::TmunuBaseX_ZeroTmunu
INFO (ODESolvers): Calculated new state #2 at t=0.105
INFO (ODESolvers): Calculating RHS #3 at t=0.105
INFO (CarpetX): CallFunction iteration 11 z4c_rhs_group: CottonmouthZ4c4m::z4c_rhs
INFO (CarpetX): CallFunction iteration 11 z4c_apply_dissipation_group: CottonmouthZ4c4m::z4c_apply_dissipation
INFO (CarpetX): CallFunction iteration 11 z4c_enforce_pt1_group: CottonmouthZ4c4m::z4c_enforce_pt1
INFO (CarpetX): CallFunction iteration 11 z4c_enforce_pt2_group: CottonmouthZ4c4m::z4c_enforce_pt2
INFO (CarpetX): CallFunction iteration 11 z4c_to_adm_group: CottonmouthZ4c4m::sync_z4c
INFO (CarpetX): SyncGroups COTTONMOUTHZ4C4M::AT, COTTONMOUTHZ4C4M::GT, COTTONMOUTHZ4C4M::CHI, COTTONMOUTHZ4C4M::EVO_LAPSE, COTTONMOUTHZ4C4M::EVO_SHIFT, COTTONMOUTHZ4C4M::TRK
INFO (CarpetX): CallFunction iteration 11 z4c_to_adm_group: CottonmouthZ4c4m::z4c_to_adm
INFO (CarpetX): CallFunction iteration 11 ODESolvers_PostStep: CottonmouthZ4c4m::sync_state
INFO (CarpetX): SyncGroups COTTONMOUTHZ4C4M::AT, COTTONMOUTHZ4C4M::THETA, COTTONMOUTHZ4C4M::CHI, COTTONMOUTHZ4C4M::EVO_GAMMAT, COTTONMOUTHZ4C4M::EVO_LAPSE, COTTONMOUTHZ4C4M::EVO_SHIFT, COTTONMOUTHZ4C4M::GT, COTTONMOUTHZ4C4M::TRK
INFO (CarpetX): CallFunction iteration 11 TmunuBaseX_SetTmunuVars: TmunuBaseX::TmunuBaseX_ZeroTmunu
INFO (ODESolvers): Calculated new state #3 at t=0.11
INFO (ODESolvers): Calculating RHS #4 at t=0.11
INFO (CarpetX): CallFunction iteration 11 z4c_rhs_group: CottonmouthZ4c4m::z4c_rhs
INFO (CarpetX): CallFunction iteration 11 z4c_apply_dissipation_group: CottonmouthZ4c4m::z4c_apply_dissipation
INFO (CarpetX): CallFunction iteration 11 z4c_enforce_pt1_group: CottonmouthZ4c4m::z4c_enforce_pt1
INFO (CarpetX): CallFunction iteration 11 z4c_enforce_pt2_group: CottonmouthZ4c4m::z4c_enforce_pt2
INFO (CarpetX): CallFunction iteration 11 z4c_to_adm_group: CottonmouthZ4c4m::sync_z4c
INFO (CarpetX): SyncGroups COTTONMOUTHZ4C4M::AT, COTTONMOUTHZ4C4M::GT, COTTONMOUTHZ4C4M::CHI, COTTONMOUTHZ4C4M::EVO_LAPSE, COTTONMOUTHZ4C4M::EVO_SHIFT, COTTONMOUTHZ4C4M::TRK
INFO (CarpetX): CallFunction iteration 11 z4c_to_adm_group: CottonmouthZ4c4m::z4c_to_adm
INFO (CarpetX): CallFunction iteration 11 ODESolvers_PostStep: CottonmouthZ4c4m::sync_state
INFO (CarpetX): SyncGroups COTTONMOUTHZ4C4M::AT, COTTONMOUTHZ4C4M::THETA, COTTONMOUTHZ4C4M::CHI, COTTONMOUTHZ4C4M::EVO_GAMMAT, COTTONMOUTHZ4C4M::EVO_LAPSE, COTTONMOUTHZ4C4M::EVO_SHIFT, COTTONMOUTHZ4C4M::GT, COTTONMOUTHZ4C4M::TRK
INFO (CarpetX): CallFunction iteration 11 TmunuBaseX_SetTmunuVars: TmunuBaseX::TmunuBaseX_ZeroTmunu
INFO (ODESolvers): Calculated new state #4 at t=0.11
INFO (CarpetX): ScheduleTraverseGH iteration 11 CCTK_POSTSTEP
INFO (CarpetX): CallFunction iteration 11 CCTK_POSTSTEP: CottonmouthLinearWaveID::StateSync_CottonmouthLinearWaveID
INFO (CarpetX): ScheduleTraverseGH iteration 11 CCTK_CHECKPOINT
INFO (CarpetX): CallFunction iteration 11 CCTK_CHECKPOINT: CarpetX::CarpetX_Checkpoint
INFO (CarpetX): ScheduleTraverseGH iteration 11 CCTK_ANALYSIS
INFO (CarpetX): CallFunction iteration 11 z4c_constraints_group: CottonmouthZ4c4m::z4c_constraints
INFO (CarpetX): OutputGH: iteration 11, time 0.110000, run time 2 s
INFO (CarpetX): OutputGH done.
INFO (CarpetX): Simulation time: 0.11   Iterations per second: 13.2519   Simulation time per second: 0.132519
INFO (CarpetX): Grid cells: 3200   Grid cell updates per second: 42406
INFO (CarpetX): Performance:
INFO (CarpetX):   total evolution time:            0.830102 sec
INFO (CarpetX):   total evolution compute time:    0.830039 sec
INFO (CarpetX):   total evolution output time:     6.29425e-05 sec
INFO (CarpetX):   total iterations:                11
INFO (CarpetX):   total cells updated:             35200
INFO (CarpetX):   average iterations per second: 13.2514
INFO (CarpetX):   average cell updates per second: 42404.4
INFO (CarpetX): SyncGroups COTTONMOUTHZ4C4M::AT, COTTONMOUTHZ4C4M::THETA, COTTONMOUTHZ4C4M::CHI, COTTONMOUTHZ4C4M::EVO_GAMMAT, COTTONMOUTHZ4C4M::EVO_LAPSE, COTTONMOUTHZ4C4M::EVO_SHIFT, COTTONMOUTHZ4C4M::GT, COTTONMOUTHZ4C4M::TRK
INFO (CarpetX): ScheduleTraverseGH iteration 12 CCTK_PRESTEP
INFO (CarpetX): ScheduleTraverseGH iteration 12 CCTK_EVOL
INFO (CarpetX): CallFunction iteration 12 CCTK_EVOL: ODESolvers::ODESolvers_Solve
INFO (ODESolvers): ODE integrator is RK4
INFO (ODESolvers):   Integrating 22 variables
INFO (ODESolvers): Calculating RHS #1 at t=0.11
INFO (CarpetX): CallFunction iteration 12 z4c_rhs_group: CottonmouthZ4c4m::z4c_rhs
INFO (CarpetX): CallFunction iteration 12 z4c_apply_dissipation_group: CottonmouthZ4c4m::z4c_apply_dissipation
INFO (CarpetX): CallFunction iteration 12 z4c_enforce_pt1_group: CottonmouthZ4c4m::z4c_enforce_pt1
INFO (CarpetX): CallFunction iteration 12 z4c_enforce_pt2_group: CottonmouthZ4c4m::z4c_enforce_pt2
INFO (CarpetX): CallFunction iteration 12 z4c_to_adm_group: CottonmouthZ4c4m::sync_z4c
INFO (CarpetX): SyncGroups COTTONMOUTHZ4C4M::AT, COTTONMOUTHZ4C4M::GT, COTTONMOUTHZ4C4M::CHI, COTTONMOUTHZ4C4M::EVO_LAPSE, COTTONMOUTHZ4C4M::EVO_SHIFT, COTTONMOUTHZ4C4M::TRK
INFO (CarpetX): CallFunction iteration 12 z4c_to_adm_group: CottonmouthZ4c4m::z4c_to_adm
INFO (CarpetX): CallFunction iteration 12 ODESolvers_PostStep: CottonmouthZ4c4m::sync_state
INFO (CarpetX): SyncGroups COTTONMOUTHZ4C4M::AT, COTTONMOUTHZ4C4M::THETA, COTTONMOUTHZ4C4M::CHI, COTTONMOUTHZ4C4M::EVO_GAMMAT, COTTONMOUTHZ4C4M::EVO_LAPSE, COTTONMOUTHZ4C4M::EVO_SHIFT, COTTONMOUTHZ4C4M::GT, COTTONMOUTHZ4C4M::TRK
INFO (CarpetX): CallFunction iteration 12 TmunuBaseX_SetTmunuVars: TmunuBaseX::TmunuBaseX_ZeroTmunu
INFO (ODESolvers): Calculated new state #1 at t=0.115
INFO (ODESolvers): Calculating RHS #2 at t=0.115
INFO (CarpetX): CallFunction iteration 12 z4c_rhs_group: CottonmouthZ4c4m::z4c_rhs
INFO (CarpetX): CallFunction iteration 12 z4c_apply_dissipation_group: CottonmouthZ4c4m::z4c_apply_dissipation
INFO (CarpetX): CallFunction iteration 12 z4c_enforce_pt1_group: CottonmouthZ4c4m::z4c_enforce_pt1
INFO (CarpetX): CallFunction iteration 12 z4c_enforce_pt2_group: CottonmouthZ4c4m::z4c_enforce_pt2
INFO (CarpetX): CallFunction iteration 12 z4c_to_adm_group: CottonmouthZ4c4m::sync_z4c
INFO (CarpetX): SyncGroups COTTONMOUTHZ4C4M::AT, COTTONMOUTHZ4C4M::GT, COTTONMOUTHZ4C4M::CHI, COTTONMOUTHZ4C4M::EVO_LAPSE, COTTONMOUTHZ4C4M::EVO_SHIFT, COTTONMOUTHZ4C4M::TRK
INFO (CarpetX): CallFunction iteration 12 z4c_to_adm_group: CottonmouthZ4c4m::z4c_to_adm
INFO (CarpetX): CallFunction iteration 12 ODESolvers_PostStep: CottonmouthZ4c4m::sync_state
INFO (CarpetX): SyncGroups COTTONMOUTHZ4C4M::AT, COTTONMOUTHZ4C4M::THETA, COTTONMOUTHZ4C4M::CHI, COTTONMOUTHZ4C4M::EVO_GAMMAT, COTTONMOUTHZ4C4M::EVO_LAPSE, COTTONMOUTHZ4C4M::EVO_SHIFT, COTTONMOUTHZ4C4M::GT, COTTONMOUTHZ4C4M::TRK
INFO (CarpetX): CallFunction iteration 12 TmunuBaseX_SetTmunuVars: TmunuBaseX::TmunuBaseX_ZeroTmunu
INFO (ODESolvers): Calculated new state #2 at t=0.115
INFO (ODESolvers): Calculating RHS #3 at t=0.115
INFO (CarpetX): CallFunction iteration 12 z4c_rhs_group: CottonmouthZ4c4m::z4c_rhs
INFO (CarpetX): CallFunction iteration 12 z4c_apply_dissipation_group: CottonmouthZ4c4m::z4c_apply_dissipation
INFO (CarpetX): CallFunction iteration 12 z4c_enforce_pt1_group: CottonmouthZ4c4m::z4c_enforce_pt1
INFO (CarpetX): CallFunction iteration 12 z4c_enforce_pt2_group: CottonmouthZ4c4m::z4c_enforce_pt2
INFO (CarpetX): CallFunction iteration 12 z4c_to_adm_group: CottonmouthZ4c4m::sync_z4c
INFO (CarpetX): SyncGroups COTTONMOUTHZ4C4M::AT, COTTONMOUTHZ4C4M::GT, COTTONMOUTHZ4C4M::CHI, COTTONMOUTHZ4C4M::EVO_LAPSE, COTTONMOUTHZ4C4M::EVO_SHIFT, COTTONMOUTHZ4C4M::TRK
INFO (CarpetX): CallFunction iteration 12 z4c_to_adm_group: CottonmouthZ4c4m::z4c_to_adm
INFO (CarpetX): CallFunction iteration 12 ODESolvers_PostStep: CottonmouthZ4c4m::sync_state
INFO (CarpetX): SyncGroups COTTONMOUTHZ4C4M::AT, COTTONMOUTHZ4C4M::THETA, COTTONMOUTHZ4C4M::CHI, COTTONMOUTHZ4C4M::EVO_GAMMAT, COTTONMOUTHZ4C4M::EVO_LAPSE, COTTONMOUTHZ4C4M::EVO_SHIFT, COTTONMOUTHZ4C4M::GT, COTTONMOUTHZ4C4M::TRK
INFO (CarpetX): CallFunction iteration 12 TmunuBaseX_SetTmunuVars: TmunuBaseX::TmunuBaseX_ZeroTmunu
INFO (ODESolvers): Calculated new state #3 at t=0.12
INFO (ODESolvers): Calculating RHS #4 at t=0.12
INFO (CarpetX): CallFunction iteration 12 z4c_rhs_group: CottonmouthZ4c4m::z4c_rhs
INFO (CarpetX): CallFunction iteration 12 z4c_apply_dissipation_group: CottonmouthZ4c4m::z4c_apply_dissipation
INFO (CarpetX): CallFunction iteration 12 z4c_enforce_pt1_group: CottonmouthZ4c4m::z4c_enforce_pt1
INFO (CarpetX): CallFunction iteration 12 z4c_enforce_pt2_group: CottonmouthZ4c4m::z4c_enforce_pt2
INFO (CarpetX): CallFunction iteration 12 z4c_to_adm_group: CottonmouthZ4c4m::sync_z4c
INFO (CarpetX): SyncGroups COTTONMOUTHZ4C4M::AT, COTTONMOUTHZ4C4M::GT, COTTONMOUTHZ4C4M::CHI, COTTONMOUTHZ4C4M::EVO_LAPSE, COTTONMOUTHZ4C4M::EVO_SHIFT, COTTONMOUTHZ4C4M::TRK
INFO (CarpetX): CallFunction iteration 12 z4c_to_adm_group: CottonmouthZ4c4m::z4c_to_adm
INFO (CarpetX): CallFunction iteration 12 ODESolvers_PostStep: CottonmouthZ4c4m::sync_state
INFO (CarpetX): SyncGroups COTTONMOUTHZ4C4M::AT, COTTONMOUTHZ4C4M::THETA, COTTONMOUTHZ4C4M::CHI, COTTONMOUTHZ4C4M::EVO_GAMMAT, COTTONMOUTHZ4C4M::EVO_LAPSE, COTTONMOUTHZ4C4M::EVO_SHIFT, COTTONMOUTHZ4C4M::GT, COTTONMOUTHZ4C4M::TRK
INFO (CarpetX): CallFunction iteration 12 TmunuBaseX_SetTmunuVars: TmunuBaseX::TmunuBaseX_ZeroTmunu
INFO (ODESolvers): Calculated new state #4 at t=0.12
INFO (CarpetX): ScheduleTraverseGH iteration 12 CCTK_POSTSTEP
INFO (CarpetX): CallFunction iteration 12 CCTK_POSTSTEP: CottonmouthLinearWaveID::StateSync_CottonmouthLinearWaveID
INFO (CarpetX): ScheduleTraverseGH iteration 12 CCTK_CHECKPOINT
INFO (CarpetX): CallFunction iteration 12 CCTK_CHECKPOINT: CarpetX::CarpetX_Checkpoint
INFO (CarpetX): ScheduleTraverseGH iteration 12 CCTK_ANALYSIS
INFO (CarpetX): CallFunction iteration 12 z4c_constraints_group: CottonmouthZ4c4m::z4c_constraints
INFO (CarpetX): OutputGH: iteration 12, time 0.120000, run time 2 s
INFO (CarpetX): OutputGH done.
INFO (CarpetX): Simulation time: 0.12   Iterations per second: 13.2604   Simulation time per second: 0.132604
INFO (CarpetX): Grid cells: 3200   Grid cell updates per second: 42433.2
INFO (CarpetX): Performance:
INFO (CarpetX):   total evolution time:            0.90508 sec
INFO (CarpetX):   total evolution compute time:    0.905012 sec
INFO (CarpetX):   total evolution output time:     6.79493e-05 sec
INFO (CarpetX):   total iterations:                12
INFO (CarpetX):   total cells updated:             38400
INFO (CarpetX):   average iterations per second: 13.2585
INFO (CarpetX):   average cell updates per second: 42427.2
INFO (CarpetX): SyncGroups COTTONMOUTHZ4C4M::AT, COTTONMOUTHZ4C4M::THETA, COTTONMOUTHZ4C4M::CHI, COTTONMOUTHZ4C4M::EVO_GAMMAT, COTTONMOUTHZ4C4M::EVO_LAPSE, COTTONMOUTHZ4C4M::EVO_SHIFT, COTTONMOUTHZ4C4M::GT, COTTONMOUTHZ4C4M::TRK
INFO (CarpetX): ScheduleTraverseGH iteration 13 CCTK_PRESTEP
INFO (CarpetX): ScheduleTraverseGH iteration 13 CCTK_EVOL
INFO (CarpetX): CallFunction iteration 13 CCTK_EVOL: ODESolvers::ODESolvers_Solve
INFO (ODESolvers): ODE integrator is RK4
INFO (ODESolvers):   Integrating 22 variables
INFO (ODESolvers): Calculating RHS #1 at t=0.12
INFO (CarpetX): CallFunction iteration 13 z4c_rhs_group: CottonmouthZ4c4m::z4c_rhs
INFO (CarpetX): CallFunction iteration 13 z4c_apply_dissipation_group: CottonmouthZ4c4m::z4c_apply_dissipation
INFO (CarpetX): CallFunction iteration 13 z4c_enforce_pt1_group: CottonmouthZ4c4m::z4c_enforce_pt1
INFO (CarpetX): CallFunction iteration 13 z4c_enforce_pt2_group: CottonmouthZ4c4m::z4c_enforce_pt2
INFO (CarpetX): CallFunction iteration 13 z4c_to_adm_group: CottonmouthZ4c4m::sync_z4c
INFO (CarpetX): SyncGroups COTTONMOUTHZ4C4M::AT, COTTONMOUTHZ4C4M::GT, COTTONMOUTHZ4C4M::CHI, COTTONMOUTHZ4C4M::EVO_LAPSE, COTTONMOUTHZ4C4M::EVO_SHIFT, COTTONMOUTHZ4C4M::TRK
INFO (CarpetX): CallFunction iteration 13 z4c_to_adm_group: CottonmouthZ4c4m::z4c_to_adm
INFO (CarpetX): CallFunction iteration 13 ODESolvers_PostStep: CottonmouthZ4c4m::sync_state
INFO (CarpetX): SyncGroups COTTONMOUTHZ4C4M::AT, COTTONMOUTHZ4C4M::THETA, COTTONMOUTHZ4C4M::CHI, COTTONMOUTHZ4C4M::EVO_GAMMAT, COTTONMOUTHZ4C4M::EVO_LAPSE, COTTONMOUTHZ4C4M::EVO_SHIFT, COTTONMOUTHZ4C4M::GT, COTTONMOUTHZ4C4M::TRK
INFO (CarpetX): CallFunction iteration 13 TmunuBaseX_SetTmunuVars: TmunuBaseX::TmunuBaseX_ZeroTmunu
INFO (ODESolvers): Calculated new state #1 at t=0.125
INFO (ODESolvers): Calculating RHS #2 at t=0.125
INFO (CarpetX): CallFunction iteration 13 z4c_rhs_group: CottonmouthZ4c4m::z4c_rhs
INFO (CarpetX): CallFunction iteration 13 z4c_apply_dissipation_group: CottonmouthZ4c4m::z4c_apply_dissipation
INFO (CarpetX): CallFunction iteration 13 z4c_enforce_pt1_group: CottonmouthZ4c4m::z4c_enforce_pt1
INFO (CarpetX): CallFunction iteration 13 z4c_enforce_pt2_group: CottonmouthZ4c4m::z4c_enforce_pt2
INFO (CarpetX): CallFunction iteration 13 z4c_to_adm_group: CottonmouthZ4c4m::sync_z4c
INFO (CarpetX): SyncGroups COTTONMOUTHZ4C4M::AT, COTTONMOUTHZ4C4M::GT, COTTONMOUTHZ4C4M::CHI, COTTONMOUTHZ4C4M::EVO_LAPSE, COTTONMOUTHZ4C4M::EVO_SHIFT, COTTONMOUTHZ4C4M::TRK
INFO (CarpetX): CallFunction iteration 13 z4c_to_adm_group: CottonmouthZ4c4m::z4c_to_adm
INFO (CarpetX): CallFunction iteration 13 ODESolvers_PostStep: CottonmouthZ4c4m::sync_state
INFO (CarpetX): SyncGroups COTTONMOUTHZ4C4M::AT, COTTONMOUTHZ4C4M::THETA, COTTONMOUTHZ4C4M::CHI, COTTONMOUTHZ4C4M::EVO_GAMMAT, COTTONMOUTHZ4C4M::EVO_LAPSE, COTTONMOUTHZ4C4M::EVO_SHIFT, COTTONMOUTHZ4C4M::GT, COTTONMOUTHZ4C4M::TRK
INFO (CarpetX): CallFunction iteration 13 TmunuBaseX_SetTmunuVars: TmunuBaseX::TmunuBaseX_ZeroTmunu
INFO (ODESolvers): Calculated new state #2 at t=0.125
INFO (ODESolvers): Calculating RHS #3 at t=0.125
INFO (CarpetX): CallFunction iteration 13 z4c_rhs_group: CottonmouthZ4c4m::z4c_rhs
INFO (CarpetX): CallFunction iteration 13 z4c_apply_dissipation_group: CottonmouthZ4c4m::z4c_apply_dissipation
INFO (CarpetX): CallFunction iteration 13 z4c_enforce_pt1_group: CottonmouthZ4c4m::z4c_enforce_pt1
INFO (CarpetX): CallFunction iteration 13 z4c_enforce_pt2_group: CottonmouthZ4c4m::z4c_enforce_pt2
INFO (CarpetX): CallFunction iteration 13 z4c_to_adm_group: CottonmouthZ4c4m::sync_z4c
INFO (CarpetX): SyncGroups COTTONMOUTHZ4C4M::AT, COTTONMOUTHZ4C4M::GT, COTTONMOUTHZ4C4M::CHI, COTTONMOUTHZ4C4M::EVO_LAPSE, COTTONMOUTHZ4C4M::EVO_SHIFT, COTTONMOUTHZ4C4M::TRK
INFO (CarpetX): CallFunction iteration 13 z4c_to_adm_group: CottonmouthZ4c4m::z4c_to_adm
INFO (CarpetX): CallFunction iteration 13 ODESolvers_PostStep: CottonmouthZ4c4m::sync_state
INFO (CarpetX): SyncGroups COTTONMOUTHZ4C4M::AT, COTTONMOUTHZ4C4M::THETA, COTTONMOUTHZ4C4M::CHI, COTTONMOUTHZ4C4M::EVO_GAMMAT, COTTONMOUTHZ4C4M::EVO_LAPSE, COTTONMOUTHZ4C4M::EVO_SHIFT, COTTONMOUTHZ4C4M::GT, COTTONMOUTHZ4C4M::TRK
INFO (CarpetX): CallFunction iteration 13 TmunuBaseX_SetTmunuVars: TmunuBaseX::TmunuBaseX_ZeroTmunu
INFO (ODESolvers): Calculated new state #3 at t=0.13
INFO (ODESolvers): Calculating RHS #4 at t=0.13
INFO (CarpetX): CallFunction iteration 13 z4c_rhs_group: CottonmouthZ4c4m::z4c_rhs
INFO (CarpetX): CallFunction iteration 13 z4c_apply_dissipation_group: CottonmouthZ4c4m::z4c_apply_dissipation
INFO (CarpetX): CallFunction iteration 13 z4c_enforce_pt1_group: CottonmouthZ4c4m::z4c_enforce_pt1
INFO (CarpetX): CallFunction iteration 13 z4c_enforce_pt2_group: CottonmouthZ4c4m::z4c_enforce_pt2
INFO (CarpetX): CallFunction iteration 13 z4c_to_adm_group: CottonmouthZ4c4m::sync_z4c
INFO (CarpetX): SyncGroups COTTONMOUTHZ4C4M::AT, COTTONMOUTHZ4C4M::GT, COTTONMOUTHZ4C4M::CHI, COTTONMOUTHZ4C4M::EVO_LAPSE, COTTONMOUTHZ4C4M::EVO_SHIFT, COTTONMOUTHZ4C4M::TRK
INFO (CarpetX): CallFunction iteration 13 z4c_to_adm_group: CottonmouthZ4c4m::z4c_to_adm
INFO (CarpetX): CallFunction iteration 13 ODESolvers_PostStep: CottonmouthZ4c4m::sync_state
INFO (CarpetX): SyncGroups COTTONMOUTHZ4C4M::AT, COTTONMOUTHZ4C4M::THETA, COTTONMOUTHZ4C4M::CHI, COTTONMOUTHZ4C4M::EVO_GAMMAT, COTTONMOUTHZ4C4M::EVO_LAPSE, COTTONMOUTHZ4C4M::EVO_SHIFT, COTTONMOUTHZ4C4M::GT, COTTONMOUTHZ4C4M::TRK
INFO (CarpetX): CallFunction iteration 13 TmunuBaseX_SetTmunuVars: TmunuBaseX::TmunuBaseX_ZeroTmunu
INFO (ODESolvers): Calculated new state #4 at t=0.13
INFO (CarpetX): ScheduleTraverseGH iteration 13 CCTK_POSTSTEP
INFO (CarpetX): CallFunction iteration 13 CCTK_POSTSTEP: CottonmouthLinearWaveID::StateSync_CottonmouthLinearWaveID
INFO (CarpetX): ScheduleTraverseGH iteration 13 CCTK_CHECKPOINT
INFO (CarpetX): CallFunction iteration 13 CCTK_CHECKPOINT: CarpetX::CarpetX_Checkpoint
INFO (CarpetX): ScheduleTraverseGH iteration 13 CCTK_ANALYSIS
INFO (CarpetX): CallFunction iteration 13 z4c_constraints_group: CottonmouthZ4c4m::z4c_constraints
INFO (CarpetX): OutputGH: iteration 13, time 0.130000, run time 2 s
INFO (CarpetX): OutputGH done.
INFO (CarpetX): Simulation time: 0.13   Iterations per second: 13.2663   Simulation time per second: 0.132663
INFO (CarpetX): Grid cells: 3200   Grid cell updates per second: 42452
INFO (CarpetX): Performance:
INFO (CarpetX):   total evolution time:            0.980158 sec
INFO (CarpetX):   total evolution compute time:    0.980085 sec
INFO (CarpetX):   total evolution output time:     7.29561e-05 sec
INFO (CarpetX):   total iterations:                13
INFO (CarpetX):   total cells updated:             41600
INFO (CarpetX):   average iterations per second: 13.2632
INFO (CarpetX):   average cell updates per second: 42442.1
INFO (CarpetX): SyncGroups COTTONMOUTHZ4C4M::AT, COTTONMOUTHZ4C4M::THETA, COTTONMOUTHZ4C4M::CHI, COTTONMOUTHZ4C4M::EVO_GAMMAT, COTTONMOUTHZ4C4M::EVO_LAPSE, COTTONMOUTHZ4C4M::EVO_SHIFT, COTTONMOUTHZ4C4M::GT, COTTONMOUTHZ4C4M::TRK
INFO (CarpetX): ScheduleTraverseGH iteration 14 CCTK_PRESTEP
INFO (CarpetX): ScheduleTraverseGH iteration 14 CCTK_EVOL
INFO (CarpetX): CallFunction iteration 14 CCTK_EVOL: ODESolvers::ODESolvers_Solve
INFO (ODESolvers): ODE integrator is RK4
INFO (ODESolvers):   Integrating 22 variables
INFO (ODESolvers): Calculating RHS #1 at t=0.13
INFO (CarpetX): CallFunction iteration 14 z4c_rhs_group: CottonmouthZ4c4m::z4c_rhs
INFO (CarpetX): CallFunction iteration 14 z4c_apply_dissipation_group: CottonmouthZ4c4m::z4c_apply_dissipation
INFO (CarpetX): CallFunction iteration 14 z4c_enforce_pt1_group: CottonmouthZ4c4m::z4c_enforce_pt1
INFO (CarpetX): CallFunction iteration 14 z4c_enforce_pt2_group: CottonmouthZ4c4m::z4c_enforce_pt2
INFO (CarpetX): CallFunction iteration 14 z4c_to_adm_group: CottonmouthZ4c4m::sync_z4c
INFO (CarpetX): SyncGroups COTTONMOUTHZ4C4M::AT, COTTONMOUTHZ4C4M::GT, COTTONMOUTHZ4C4M::CHI, COTTONMOUTHZ4C4M::EVO_LAPSE, COTTONMOUTHZ4C4M::EVO_SHIFT, COTTONMOUTHZ4C4M::TRK
INFO (CarpetX): CallFunction iteration 14 z4c_to_adm_group: CottonmouthZ4c4m::z4c_to_adm
INFO (CarpetX): CallFunction iteration 14 ODESolvers_PostStep: CottonmouthZ4c4m::sync_state
INFO (CarpetX): SyncGroups COTTONMOUTHZ4C4M::AT, COTTONMOUTHZ4C4M::THETA, COTTONMOUTHZ4C4M::CHI, COTTONMOUTHZ4C4M::EVO_GAMMAT, COTTONMOUTHZ4C4M::EVO_LAPSE, COTTONMOUTHZ4C4M::EVO_SHIFT, COTTONMOUTHZ4C4M::GT, COTTONMOUTHZ4C4M::TRK
INFO (CarpetX): CallFunction iteration 14 TmunuBaseX_SetTmunuVars: TmunuBaseX::TmunuBaseX_ZeroTmunu
INFO (ODESolvers): Calculated new state #1 at t=0.135
INFO (ODESolvers): Calculating RHS #2 at t=0.135
INFO (CarpetX): CallFunction iteration 14 z4c_rhs_group: CottonmouthZ4c4m::z4c_rhs
INFO (CarpetX): CallFunction iteration 14 z4c_apply_dissipation_group: CottonmouthZ4c4m::z4c_apply_dissipation
INFO (CarpetX): CallFunction iteration 14 z4c_enforce_pt1_group: CottonmouthZ4c4m::z4c_enforce_pt1
INFO (CarpetX): CallFunction iteration 14 z4c_enforce_pt2_group: CottonmouthZ4c4m::z4c_enforce_pt2
INFO (CarpetX): CallFunction iteration 14 z4c_to_adm_group: CottonmouthZ4c4m::sync_z4c
INFO (CarpetX): SyncGroups COTTONMOUTHZ4C4M::AT, COTTONMOUTHZ4C4M::GT, COTTONMOUTHZ4C4M::CHI, COTTONMOUTHZ4C4M::EVO_LAPSE, COTTONMOUTHZ4C4M::EVO_SHIFT, COTTONMOUTHZ4C4M::TRK
INFO (CarpetX): CallFunction iteration 14 z4c_to_adm_group: CottonmouthZ4c4m::z4c_to_adm
INFO (CarpetX): CallFunction iteration 14 ODESolvers_PostStep: CottonmouthZ4c4m::sync_state
INFO (CarpetX): SyncGroups COTTONMOUTHZ4C4M::AT, COTTONMOUTHZ4C4M::THETA, COTTONMOUTHZ4C4M::CHI, COTTONMOUTHZ4C4M::EVO_GAMMAT, COTTONMOUTHZ4C4M::EVO_LAPSE, COTTONMOUTHZ4C4M::EVO_SHIFT, COTTONMOUTHZ4C4M::GT, COTTONMOUTHZ4C4M::TRK
INFO (CarpetX): CallFunction iteration 14 TmunuBaseX_SetTmunuVars: TmunuBaseX::TmunuBaseX_ZeroTmunu
INFO (ODESolvers): Calculated new state #2 at t=0.135
INFO (ODESolvers): Calculating RHS #3 at t=0.135
INFO (CarpetX): CallFunction iteration 14 z4c_rhs_group: CottonmouthZ4c4m::z4c_rhs
INFO (CarpetX): CallFunction iteration 14 z4c_apply_dissipation_group: CottonmouthZ4c4m::z4c_apply_dissipation
INFO (CarpetX): CallFunction iteration 14 z4c_enforce_pt1_group: CottonmouthZ4c4m::z4c_enforce_pt1
INFO (CarpetX): CallFunction iteration 14 z4c_enforce_pt2_group: CottonmouthZ4c4m::z4c_enforce_pt2
INFO (CarpetX): CallFunction iteration 14 z4c_to_adm_group: CottonmouthZ4c4m::sync_z4c
INFO (CarpetX): SyncGroups COTTONMOUTHZ4C4M::AT, COTTONMOUTHZ4C4M::GT, COTTONMOUTHZ4C4M::CHI, COTTONMOUTHZ4C4M::EVO_LAPSE, COTTONMOUTHZ4C4M::EVO_SHIFT, COTTONMOUTHZ4C4M::TRK
INFO (CarpetX): CallFunction iteration 14 z4c_to_adm_group: CottonmouthZ4c4m::z4c_to_adm
INFO (CarpetX): CallFunction iteration 14 ODESolvers_PostStep: CottonmouthZ4c4m::sync_state
INFO (CarpetX): SyncGroups COTTONMOUTHZ4C4M::AT, COTTONMOUTHZ4C4M::THETA, COTTONMOUTHZ4C4M::CHI, COTTONMOUTHZ4C4M::EVO_GAMMAT, COTTONMOUTHZ4C4M::EVO_LAPSE, COTTONMOUTHZ4C4M::EVO_SHIFT, COTTONMOUTHZ4C4M::GT, COTTONMOUTHZ4C4M::TRK
INFO (CarpetX): CallFunction iteration 14 TmunuBaseX_SetTmunuVars: TmunuBaseX::TmunuBaseX_ZeroTmunu
INFO (ODESolvers): Calculated new state #3 at t=0.14
INFO (ODESolvers): Calculating RHS #4 at t=0.14
INFO (CarpetX): CallFunction iteration 14 z4c_rhs_group: CottonmouthZ4c4m::z4c_rhs
INFO (CarpetX): CallFunction iteration 14 z4c_apply_dissipation_group: CottonmouthZ4c4m::z4c_apply_dissipation
INFO (CarpetX): CallFunction iteration 14 z4c_enforce_pt1_group: CottonmouthZ4c4m::z4c_enforce_pt1
INFO (CarpetX): CallFunction iteration 14 z4c_enforce_pt2_group: CottonmouthZ4c4m::z4c_enforce_pt2
INFO (CarpetX): CallFunction iteration 14 z4c_to_adm_group: CottonmouthZ4c4m::sync_z4c
INFO (CarpetX): SyncGroups COTTONMOUTHZ4C4M::AT, COTTONMOUTHZ4C4M::GT, COTTONMOUTHZ4C4M::CHI, COTTONMOUTHZ4C4M::EVO_LAPSE, COTTONMOUTHZ4C4M::EVO_SHIFT, COTTONMOUTHZ4C4M::TRK
INFO (CarpetX): CallFunction iteration 14 z4c_to_adm_group: CottonmouthZ4c4m::z4c_to_adm
INFO (CarpetX): CallFunction iteration 14 ODESolvers_PostStep: CottonmouthZ4c4m::sync_state
INFO (CarpetX): SyncGroups COTTONMOUTHZ4C4M::AT, COTTONMOUTHZ4C4M::THETA, COTTONMOUTHZ4C4M::CHI, COTTONMOUTHZ4C4M::EVO_GAMMAT, COTTONMOUTHZ4C4M::EVO_LAPSE, COTTONMOUTHZ4C4M::EVO_SHIFT, COTTONMOUTHZ4C4M::GT, COTTONMOUTHZ4C4M::TRK
INFO (CarpetX): CallFunction iteration 14 TmunuBaseX_SetTmunuVars: TmunuBaseX::TmunuBaseX_ZeroTmunu
INFO (ODESolvers): Calculated new state #4 at t=0.14
INFO (CarpetX): ScheduleTraverseGH iteration 14 CCTK_POSTSTEP
INFO (CarpetX): CallFunction iteration 14 CCTK_POSTSTEP: CottonmouthLinearWaveID::StateSync_CottonmouthLinearWaveID
INFO (CarpetX): ScheduleTraverseGH iteration 14 CCTK_CHECKPOINT
INFO (CarpetX): CallFunction iteration 14 CCTK_CHECKPOINT: CarpetX::CarpetX_Checkpoint
INFO (CarpetX): ScheduleTraverseGH iteration 14 CCTK_ANALYSIS
INFO (CarpetX): CallFunction iteration 14 z4c_constraints_group: CottonmouthZ4c4m::z4c_constraints
INFO (CarpetX): OutputGH: iteration 14, time 0.140000, run time 2 s
INFO (CarpetX): OutputGH done.
INFO (CarpetX): Simulation time: 0.14   Iterations per second: 13.2747   Simulation time per second: 0.132747
INFO (CarpetX): Grid cells: 3200   Grid cell updates per second: 42479.1
INFO (CarpetX): Performance:
INFO (CarpetX):   total evolution time:            1.05506 sec
INFO (CarpetX):   total evolution compute time:    1.05498 sec
INFO (CarpetX):   total evolution output time:     7.79629e-05 sec
INFO (CarpetX):   total iterations:                14
INFO (CarpetX):   total cells updated:             44800
INFO (CarpetX):   average iterations per second: 13.2694
INFO (CarpetX):   average cell updates per second: 42462.1
INFO (CarpetX): SyncGroups COTTONMOUTHZ4C4M::AT, COTTONMOUTHZ4C4M::THETA, COTTONMOUTHZ4C4M::CHI, COTTONMOUTHZ4C4M::EVO_GAMMAT, COTTONMOUTHZ4C4M::EVO_LAPSE, COTTONMOUTHZ4C4M::EVO_SHIFT, COTTONMOUTHZ4C4M::GT, COTTONMOUTHZ4C4M::TRK
INFO (CarpetX): ScheduleTraverseGH iteration 15 CCTK_PRESTEP
INFO (CarpetX): ScheduleTraverseGH iteration 15 CCTK_EVOL
INFO (CarpetX): CallFunction iteration 15 CCTK_EVOL: ODESolvers::ODESolvers_Solve
INFO (ODESolvers): ODE integrator is RK4
INFO (ODESolvers):   Integrating 22 variables
INFO (ODESolvers): Calculating RHS #1 at t=0.14
INFO (CarpetX): CallFunction iteration 15 z4c_rhs_group: CottonmouthZ4c4m::z4c_rhs
INFO (CarpetX): CallFunction iteration 15 z4c_apply_dissipation_group: CottonmouthZ4c4m::z4c_apply_dissipation
INFO (CarpetX): CallFunction iteration 15 z4c_enforce_pt1_group: CottonmouthZ4c4m::z4c_enforce_pt1
INFO (CarpetX): CallFunction iteration 15 z4c_enforce_pt2_group: CottonmouthZ4c4m::z4c_enforce_pt2
INFO (CarpetX): CallFunction iteration 15 z4c_to_adm_group: CottonmouthZ4c4m::sync_z4c
INFO (CarpetX): SyncGroups COTTONMOUTHZ4C4M::AT, COTTONMOUTHZ4C4M::GT, COTTONMOUTHZ4C4M::CHI, COTTONMOUTHZ4C4M::EVO_LAPSE, COTTONMOUTHZ4C4M::EVO_SHIFT, COTTONMOUTHZ4C4M::TRK
INFO (CarpetX): CallFunction iteration 15 z4c_to_adm_group: CottonmouthZ4c4m::z4c_to_adm
INFO (CarpetX): CallFunction iteration 15 ODESolvers_PostStep: CottonmouthZ4c4m::sync_state
INFO (CarpetX): SyncGroups COTTONMOUTHZ4C4M::AT, COTTONMOUTHZ4C4M::THETA, COTTONMOUTHZ4C4M::CHI, COTTONMOUTHZ4C4M::EVO_GAMMAT, COTTONMOUTHZ4C4M::EVO_LAPSE, COTTONMOUTHZ4C4M::EVO_SHIFT, COTTONMOUTHZ4C4M::GT, COTTONMOUTHZ4C4M::TRK
INFO (CarpetX): CallFunction iteration 15 TmunuBaseX_SetTmunuVars: TmunuBaseX::TmunuBaseX_ZeroTmunu
INFO (ODESolvers): Calculated new state #1 at t=0.145
INFO (ODESolvers): Calculating RHS #2 at t=0.145
INFO (CarpetX): CallFunction iteration 15 z4c_rhs_group: CottonmouthZ4c4m::z4c_rhs
INFO (CarpetX): CallFunction iteration 15 z4c_apply_dissipation_group: CottonmouthZ4c4m::z4c_apply_dissipation
INFO (CarpetX): CallFunction iteration 15 z4c_enforce_pt1_group: CottonmouthZ4c4m::z4c_enforce_pt1
INFO (CarpetX): CallFunction iteration 15 z4c_enforce_pt2_group: CottonmouthZ4c4m::z4c_enforce_pt2
INFO (CarpetX): CallFunction iteration 15 z4c_to_adm_group: CottonmouthZ4c4m::sync_z4c
INFO (CarpetX): SyncGroups COTTONMOUTHZ4C4M::AT, COTTONMOUTHZ4C4M::GT, COTTONMOUTHZ4C4M::CHI, COTTONMOUTHZ4C4M::EVO_LAPSE, COTTONMOUTHZ4C4M::EVO_SHIFT, COTTONMOUTHZ4C4M::TRK
INFO (CarpetX): CallFunction iteration 15 z4c_to_adm_group: CottonmouthZ4c4m::z4c_to_adm
INFO (CarpetX): CallFunction iteration 15 ODESolvers_PostStep: CottonmouthZ4c4m::sync_state
INFO (CarpetX): SyncGroups COTTONMOUTHZ4C4M::AT, COTTONMOUTHZ4C4M::THETA, COTTONMOUTHZ4C4M::CHI, COTTONMOUTHZ4C4M::EVO_GAMMAT, COTTONMOUTHZ4C4M::EVO_LAPSE, COTTONMOUTHZ4C4M::EVO_SHIFT, COTTONMOUTHZ4C4M::GT, COTTONMOUTHZ4C4M::TRK
INFO (CarpetX): CallFunction iteration 15 TmunuBaseX_SetTmunuVars: TmunuBaseX::TmunuBaseX_ZeroTmunu
INFO (ODESolvers): Calculated new state #2 at t=0.145
INFO (ODESolvers): Calculating RHS #3 at t=0.145
INFO (CarpetX): CallFunction iteration 15 z4c_rhs_group: CottonmouthZ4c4m::z4c_rhs
INFO (CarpetX): CallFunction iteration 15 z4c_apply_dissipation_group: CottonmouthZ4c4m::z4c_apply_dissipation
INFO (CarpetX): CallFunction iteration 15 z4c_enforce_pt1_group: CottonmouthZ4c4m::z4c_enforce_pt1
INFO (CarpetX): CallFunction iteration 15 z4c_enforce_pt2_group: CottonmouthZ4c4m::z4c_enforce_pt2
INFO (CarpetX): CallFunction iteration 15 z4c_to_adm_group: CottonmouthZ4c4m::sync_z4c
INFO (CarpetX): SyncGroups COTTONMOUTHZ4C4M::AT, COTTONMOUTHZ4C4M::GT, COTTONMOUTHZ4C4M::CHI, COTTONMOUTHZ4C4M::EVO_LAPSE, COTTONMOUTHZ4C4M::EVO_SHIFT, COTTONMOUTHZ4C4M::TRK
INFO (CarpetX): CallFunction iteration 15 z4c_to_adm_group: CottonmouthZ4c4m::z4c_to_adm
INFO (CarpetX): CallFunction iteration 15 ODESolvers_PostStep: CottonmouthZ4c4m::sync_state
INFO (CarpetX): SyncGroups COTTONMOUTHZ4C4M::AT, COTTONMOUTHZ4C4M::THETA, COTTONMOUTHZ4C4M::CHI, COTTONMOUTHZ4C4M::EVO_GAMMAT, COTTONMOUTHZ4C4M::EVO_LAPSE, COTTONMOUTHZ4C4M::EVO_SHIFT, COTTONMOUTHZ4C4M::GT, COTTONMOUTHZ4C4M::TRK
INFO (CarpetX): CallFunction iteration 15 TmunuBaseX_SetTmunuVars: TmunuBaseX::TmunuBaseX_ZeroTmunu
INFO (ODESolvers): Calculated new state #3 at t=0.15
INFO (ODESolvers): Calculating RHS #4 at t=0.15
INFO (CarpetX): CallFunction iteration 15 z4c_rhs_group: CottonmouthZ4c4m::z4c_rhs
INFO (CarpetX): CallFunction iteration 15 z4c_apply_dissipation_group: CottonmouthZ4c4m::z4c_apply_dissipation
INFO (CarpetX): CallFunction iteration 15 z4c_enforce_pt1_group: CottonmouthZ4c4m::z4c_enforce_pt1
INFO (CarpetX): CallFunction iteration 15 z4c_enforce_pt2_group: CottonmouthZ4c4m::z4c_enforce_pt2
INFO (CarpetX): CallFunction iteration 15 z4c_to_adm_group: CottonmouthZ4c4m::sync_z4c
INFO (CarpetX): SyncGroups COTTONMOUTHZ4C4M::AT, COTTONMOUTHZ4C4M::GT, COTTONMOUTHZ4C4M::CHI, COTTONMOUTHZ4C4M::EVO_LAPSE, COTTONMOUTHZ4C4M::EVO_SHIFT, COTTONMOUTHZ4C4M::TRK
INFO (CarpetX): CallFunction iteration 15 z4c_to_adm_group: CottonmouthZ4c4m::z4c_to_adm
INFO (CarpetX): CallFunction iteration 15 ODESolvers_PostStep: CottonmouthZ4c4m::sync_state
INFO (CarpetX): SyncGroups COTTONMOUTHZ4C4M::AT, COTTONMOUTHZ4C4M::THETA, COTTONMOUTHZ4C4M::CHI, COTTONMOUTHZ4C4M::EVO_GAMMAT, COTTONMOUTHZ4C4M::EVO_LAPSE, COTTONMOUTHZ4C4M::EVO_SHIFT, COTTONMOUTHZ4C4M::GT, COTTONMOUTHZ4C4M::TRK
INFO (CarpetX): CallFunction iteration 15 TmunuBaseX_SetTmunuVars: TmunuBaseX::TmunuBaseX_ZeroTmunu
INFO (ODESolvers): Calculated new state #4 at t=0.15
INFO (CarpetX): ScheduleTraverseGH iteration 15 CCTK_POSTSTEP
INFO (CarpetX): CallFunction iteration 15 CCTK_POSTSTEP: CottonmouthLinearWaveID::StateSync_CottonmouthLinearWaveID
INFO (CarpetX): ScheduleTraverseGH iteration 15 CCTK_CHECKPOINT
INFO (CarpetX): CallFunction iteration 15 CCTK_CHECKPOINT: CarpetX::CarpetX_Checkpoint
INFO (CarpetX): ScheduleTraverseGH iteration 15 CCTK_ANALYSIS
INFO (CarpetX): CallFunction iteration 15 z4c_constraints_group: CottonmouthZ4c4m::z4c_constraints
INFO (CarpetX): OutputGH: iteration 15, time 0.150000, run time 2 s
INFO (CarpetX): OutputGH done.
INFO (CarpetX): Simulation time: 0.15   Iterations per second: 13.2828   Simulation time per second: 0.132828
INFO (CarpetX): Grid cells: 3200   Grid cell updates per second: 42505
INFO (CarpetX): Performance:
INFO (CarpetX):   total evolution time:            1.12993 sec
INFO (CarpetX):   total evolution compute time:    1.12985 sec
INFO (CarpetX):   total evolution output time:     8.29697e-05 sec
INFO (CarpetX):   total iterations:                15
INFO (CarpetX):   total cells updated:             48000
INFO (CarpetX):   average iterations per second: 13.2752
INFO (CarpetX):   average cell updates per second: 42480.5
INFO (CarpetX): SyncGroups COTTONMOUTHZ4C4M::AT, COTTONMOUTHZ4C4M::THETA, COTTONMOUTHZ4C4M::CHI, COTTONMOUTHZ4C4M::EVO_GAMMAT, COTTONMOUTHZ4C4M::EVO_LAPSE, COTTONMOUTHZ4C4M::EVO_SHIFT, COTTONMOUTHZ4C4M::GT, COTTONMOUTHZ4C4M::TRK
INFO (CarpetX): ScheduleTraverseGH iteration 16 CCTK_PRESTEP
INFO (CarpetX): ScheduleTraverseGH iteration 16 CCTK_EVOL
INFO (CarpetX): CallFunction iteration 16 CCTK_EVOL: ODESolvers::ODESolvers_Solve
INFO (ODESolvers): ODE integrator is RK4
INFO (ODESolvers):   Integrating 22 variables
INFO (ODESolvers): Calculating RHS #1 at t=0.15
INFO (CarpetX): CallFunction iteration 16 z4c_rhs_group: CottonmouthZ4c4m::z4c_rhs
INFO (CarpetX): CallFunction iteration 16 z4c_apply_dissipation_group: CottonmouthZ4c4m::z4c_apply_dissipation
INFO (CarpetX): CallFunction iteration 16 z4c_enforce_pt1_group: CottonmouthZ4c4m::z4c_enforce_pt1
INFO (CarpetX): CallFunction iteration 16 z4c_enforce_pt2_group: CottonmouthZ4c4m::z4c_enforce_pt2
INFO (CarpetX): CallFunction iteration 16 z4c_to_adm_group: CottonmouthZ4c4m::sync_z4c
INFO (CarpetX): SyncGroups COTTONMOUTHZ4C4M::AT, COTTONMOUTHZ4C4M::GT, COTTONMOUTHZ4C4M::CHI, COTTONMOUTHZ4C4M::EVO_LAPSE, COTTONMOUTHZ4C4M::EVO_SHIFT, COTTONMOUTHZ4C4M::TRK
INFO (CarpetX): CallFunction iteration 16 z4c_to_adm_group: CottonmouthZ4c4m::z4c_to_adm
INFO (CarpetX): CallFunction iteration 16 ODESolvers_PostStep: CottonmouthZ4c4m::sync_state
INFO (CarpetX): SyncGroups COTTONMOUTHZ4C4M::AT, COTTONMOUTHZ4C4M::THETA, COTTONMOUTHZ4C4M::CHI, COTTONMOUTHZ4C4M::EVO_GAMMAT, COTTONMOUTHZ4C4M::EVO_LAPSE, COTTONMOUTHZ4C4M::EVO_SHIFT, COTTONMOUTHZ4C4M::GT, COTTONMOUTHZ4C4M::TRK
INFO (CarpetX): CallFunction iteration 16 TmunuBaseX_SetTmunuVars: TmunuBaseX::TmunuBaseX_ZeroTmunu
INFO (ODESolvers): Calculated new state #1 at t=0.155
INFO (ODESolvers): Calculating RHS #2 at t=0.155
INFO (CarpetX): CallFunction iteration 16 z4c_rhs_group: CottonmouthZ4c4m::z4c_rhs
INFO (CarpetX): CallFunction iteration 16 z4c_apply_dissipation_group: CottonmouthZ4c4m::z4c_apply_dissipation
INFO (CarpetX): CallFunction iteration 16 z4c_enforce_pt1_group: CottonmouthZ4c4m::z4c_enforce_pt1
INFO (CarpetX): CallFunction iteration 16 z4c_enforce_pt2_group: CottonmouthZ4c4m::z4c_enforce_pt2
INFO (CarpetX): CallFunction iteration 16 z4c_to_adm_group: CottonmouthZ4c4m::sync_z4c
INFO (CarpetX): SyncGroups COTTONMOUTHZ4C4M::AT, COTTONMOUTHZ4C4M::GT, COTTONMOUTHZ4C4M::CHI, COTTONMOUTHZ4C4M::EVO_LAPSE, COTTONMOUTHZ4C4M::EVO_SHIFT, COTTONMOUTHZ4C4M::TRK
INFO (CarpetX): CallFunction iteration 16 z4c_to_adm_group: CottonmouthZ4c4m::z4c_to_adm
INFO (CarpetX): CallFunction iteration 16 ODESolvers_PostStep: CottonmouthZ4c4m::sync_state
INFO (CarpetX): SyncGroups COTTONMOUTHZ4C4M::AT, COTTONMOUTHZ4C4M::THETA, COTTONMOUTHZ4C4M::CHI, COTTONMOUTHZ4C4M::EVO_GAMMAT, COTTONMOUTHZ4C4M::EVO_LAPSE, COTTONMOUTHZ4C4M::EVO_SHIFT, COTTONMOUTHZ4C4M::GT, COTTONMOUTHZ4C4M::TRK
INFO (CarpetX): CallFunction iteration 16 TmunuBaseX_SetTmunuVars: TmunuBaseX::TmunuBaseX_ZeroTmunu
INFO (ODESolvers): Calculated new state #2 at t=0.155
INFO (ODESolvers): Calculating RHS #3 at t=0.155
INFO (CarpetX): CallFunction iteration 16 z4c_rhs_group: CottonmouthZ4c4m::z4c_rhs
INFO (CarpetX): CallFunction iteration 16 z4c_apply_dissipation_group: CottonmouthZ4c4m::z4c_apply_dissipation
INFO (CarpetX): CallFunction iteration 16 z4c_enforce_pt1_group: CottonmouthZ4c4m::z4c_enforce_pt1
INFO (CarpetX): CallFunction iteration 16 z4c_enforce_pt2_group: CottonmouthZ4c4m::z4c_enforce_pt2
INFO (CarpetX): CallFunction iteration 16 z4c_to_adm_group: CottonmouthZ4c4m::sync_z4c
INFO (CarpetX): SyncGroups COTTONMOUTHZ4C4M::AT, COTTONMOUTHZ4C4M::GT, COTTONMOUTHZ4C4M::CHI, COTTONMOUTHZ4C4M::EVO_LAPSE, COTTONMOUTHZ4C4M::EVO_SHIFT, COTTONMOUTHZ4C4M::TRK
INFO (CarpetX): CallFunction iteration 16 z4c_to_adm_group: CottonmouthZ4c4m::z4c_to_adm
INFO (CarpetX): CallFunction iteration 16 ODESolvers_PostStep: CottonmouthZ4c4m::sync_state
INFO (CarpetX): SyncGroups COTTONMOUTHZ4C4M::AT, COTTONMOUTHZ4C4M::THETA, COTTONMOUTHZ4C4M::CHI, COTTONMOUTHZ4C4M::EVO_GAMMAT, COTTONMOUTHZ4C4M::EVO_LAPSE, COTTONMOUTHZ4C4M::EVO_SHIFT, COTTONMOUTHZ4C4M::GT, COTTONMOUTHZ4C4M::TRK
INFO (CarpetX): CallFunction iteration 16 TmunuBaseX_SetTmunuVars: TmunuBaseX::TmunuBaseX_ZeroTmunu
INFO (ODESolvers): Calculated new state #3 at t=0.16
INFO (ODESolvers): Calculating RHS #4 at t=0.16
INFO (CarpetX): CallFunction iteration 16 z4c_rhs_group: CottonmouthZ4c4m::z4c_rhs
INFO (CarpetX): CallFunction iteration 16 z4c_apply_dissipation_group: CottonmouthZ4c4m::z4c_apply_dissipation
INFO (CarpetX): CallFunction iteration 16 z4c_enforce_pt1_group: CottonmouthZ4c4m::z4c_enforce_pt1
INFO (CarpetX): CallFunction iteration 16 z4c_enforce_pt2_group: CottonmouthZ4c4m::z4c_enforce_pt2
INFO (CarpetX): CallFunction iteration 16 z4c_to_adm_group: CottonmouthZ4c4m::sync_z4c
INFO (CarpetX): SyncGroups COTTONMOUTHZ4C4M::AT, COTTONMOUTHZ4C4M::GT, COTTONMOUTHZ4C4M::CHI, COTTONMOUTHZ4C4M::EVO_LAPSE, COTTONMOUTHZ4C4M::EVO_SHIFT, COTTONMOUTHZ4C4M::TRK
INFO (CarpetX): CallFunction iteration 16 z4c_to_adm_group: CottonmouthZ4c4m::z4c_to_adm
INFO (CarpetX): CallFunction iteration 16 ODESolvers_PostStep: CottonmouthZ4c4m::sync_state
INFO (CarpetX): SyncGroups COTTONMOUTHZ4C4M::AT, COTTONMOUTHZ4C4M::THETA, COTTONMOUTHZ4C4M::CHI, COTTONMOUTHZ4C4M::EVO_GAMMAT, COTTONMOUTHZ4C4M::EVO_LAPSE, COTTONMOUTHZ4C4M::EVO_SHIFT, COTTONMOUTHZ4C4M::GT, COTTONMOUTHZ4C4M::TRK
INFO (CarpetX): CallFunction iteration 16 TmunuBaseX_SetTmunuVars: TmunuBaseX::TmunuBaseX_ZeroTmunu
INFO (ODESolvers): Calculated new state #4 at t=0.16
INFO (CarpetX): ScheduleTraverseGH iteration 16 CCTK_POSTSTEP
INFO (CarpetX): CallFunction iteration 16 CCTK_POSTSTEP: CottonmouthLinearWaveID::StateSync_CottonmouthLinearWaveID
INFO (CarpetX): ScheduleTraverseGH iteration 16 CCTK_CHECKPOINT
INFO (CarpetX): CallFunction iteration 16 CCTK_CHECKPOINT: CarpetX::CarpetX_Checkpoint
INFO (CarpetX): ScheduleTraverseGH iteration 16 CCTK_ANALYSIS
INFO (CarpetX): CallFunction iteration 16 z4c_constraints_group: CottonmouthZ4c4m::z4c_constraints
INFO (CarpetX): OutputGH: iteration 16, time 0.160000, run time 2 s
INFO (CarpetX): OutputGH done.
INFO (CarpetX): Simulation time: 0.16   Iterations per second: 13.2877   Simulation time per second: 0.132877
INFO (CarpetX): Grid cells: 3200   Grid cell updates per second: 42520.7
INFO (CarpetX): Performance:
INFO (CarpetX):   total evolution time:            1.20494 sec
INFO (CarpetX):   total evolution compute time:    1.20485 sec
INFO (CarpetX):   total evolution output time:     8.79765e-05 sec
INFO (CarpetX):   total iterations:                16
INFO (CarpetX):   total cells updated:             51200
INFO (CarpetX):   average iterations per second: 13.2787
INFO (CarpetX):   average cell updates per second: 42491.9
INFO (CarpetX): SyncGroups COTTONMOUTHZ4C4M::AT, COTTONMOUTHZ4C4M::THETA, COTTONMOUTHZ4C4M::CHI, COTTONMOUTHZ4C4M::EVO_GAMMAT, COTTONMOUTHZ4C4M::EVO_LAPSE, COTTONMOUTHZ4C4M::EVO_SHIFT, COTTONMOUTHZ4C4M::GT, COTTONMOUTHZ4C4M::TRK
INFO (CarpetX): ScheduleTraverseGH iteration 17 CCTK_PRESTEP
INFO (CarpetX): ScheduleTraverseGH iteration 17 CCTK_EVOL
INFO (CarpetX): CallFunction iteration 17 CCTK_EVOL: ODESolvers::ODESolvers_Solve
INFO (ODESolvers): ODE integrator is RK4
INFO (ODESolvers):   Integrating 22 variables
INFO (ODESolvers): Calculating RHS #1 at t=0.16
INFO (CarpetX): CallFunction iteration 17 z4c_rhs_group: CottonmouthZ4c4m::z4c_rhs
INFO (CarpetX): CallFunction iteration 17 z4c_apply_dissipation_group: CottonmouthZ4c4m::z4c_apply_dissipation
INFO (CarpetX): CallFunction iteration 17 z4c_enforce_pt1_group: CottonmouthZ4c4m::z4c_enforce_pt1
INFO (CarpetX): CallFunction iteration 17 z4c_enforce_pt2_group: CottonmouthZ4c4m::z4c_enforce_pt2
INFO (CarpetX): CallFunction iteration 17 z4c_to_adm_group: CottonmouthZ4c4m::sync_z4c
INFO (CarpetX): SyncGroups COTTONMOUTHZ4C4M::AT, COTTONMOUTHZ4C4M::GT, COTTONMOUTHZ4C4M::CHI, COTTONMOUTHZ4C4M::EVO_LAPSE, COTTONMOUTHZ4C4M::EVO_SHIFT, COTTONMOUTHZ4C4M::TRK
INFO (CarpetX): CallFunction iteration 17 z4c_to_adm_group: CottonmouthZ4c4m::z4c_to_adm
INFO (CarpetX): CallFunction iteration 17 ODESolvers_PostStep: CottonmouthZ4c4m::sync_state
INFO (CarpetX): SyncGroups COTTONMOUTHZ4C4M::AT, COTTONMOUTHZ4C4M::THETA, COTTONMOUTHZ4C4M::CHI, COTTONMOUTHZ4C4M::EVO_GAMMAT, COTTONMOUTHZ4C4M::EVO_LAPSE, COTTONMOUTHZ4C4M::EVO_SHIFT, COTTONMOUTHZ4C4M::GT, COTTONMOUTHZ4C4M::TRK
INFO (CarpetX): CallFunction iteration 17 TmunuBaseX_SetTmunuVars: TmunuBaseX::TmunuBaseX_ZeroTmunu
INFO (ODESolvers): Calculated new state #1 at t=0.165
INFO (ODESolvers): Calculating RHS #2 at t=0.165
INFO (CarpetX): CallFunction iteration 17 z4c_rhs_group: CottonmouthZ4c4m::z4c_rhs
INFO (CarpetX): CallFunction iteration 17 z4c_apply_dissipation_group: CottonmouthZ4c4m::z4c_apply_dissipation
INFO (CarpetX): CallFunction iteration 17 z4c_enforce_pt1_group: CottonmouthZ4c4m::z4c_enforce_pt1
INFO (CarpetX): CallFunction iteration 17 z4c_enforce_pt2_group: CottonmouthZ4c4m::z4c_enforce_pt2
INFO (CarpetX): CallFunction iteration 17 z4c_to_adm_group: CottonmouthZ4c4m::sync_z4c
INFO (CarpetX): SyncGroups COTTONMOUTHZ4C4M::AT, COTTONMOUTHZ4C4M::GT, COTTONMOUTHZ4C4M::CHI, COTTONMOUTHZ4C4M::EVO_LAPSE, COTTONMOUTHZ4C4M::EVO_SHIFT, COTTONMOUTHZ4C4M::TRK
INFO (CarpetX): CallFunction iteration 17 z4c_to_adm_group: CottonmouthZ4c4m::z4c_to_adm
INFO (CarpetX): CallFunction iteration 17 ODESolvers_PostStep: CottonmouthZ4c4m::sync_state
INFO (CarpetX): SyncGroups COTTONMOUTHZ4C4M::AT, COTTONMOUTHZ4C4M::THETA, COTTONMOUTHZ4C4M::CHI, COTTONMOUTHZ4C4M::EVO_GAMMAT, COTTONMOUTHZ4C4M::EVO_LAPSE, COTTONMOUTHZ4C4M::EVO_SHIFT, COTTONMOUTHZ4C4M::GT, COTTONMOUTHZ4C4M::TRK
INFO (CarpetX): CallFunction iteration 17 TmunuBaseX_SetTmunuVars: TmunuBaseX::TmunuBaseX_ZeroTmunu
INFO (ODESolvers): Calculated new state #2 at t=0.165
INFO (ODESolvers): Calculating RHS #3 at t=0.165
INFO (CarpetX): CallFunction iteration 17 z4c_rhs_group: CottonmouthZ4c4m::z4c_rhs
INFO (CarpetX): CallFunction iteration 17 z4c_apply_dissipation_group: CottonmouthZ4c4m::z4c_apply_dissipation
INFO (CarpetX): CallFunction iteration 17 z4c_enforce_pt1_group: CottonmouthZ4c4m::z4c_enforce_pt1
INFO (CarpetX): CallFunction iteration 17 z4c_enforce_pt2_group: CottonmouthZ4c4m::z4c_enforce_pt2
INFO (CarpetX): CallFunction iteration 17 z4c_to_adm_group: CottonmouthZ4c4m::sync_z4c
INFO (CarpetX): SyncGroups COTTONMOUTHZ4C4M::AT, COTTONMOUTHZ4C4M::GT, COTTONMOUTHZ4C4M::CHI, COTTONMOUTHZ4C4M::EVO_LAPSE, COTTONMOUTHZ4C4M::EVO_SHIFT, COTTONMOUTHZ4C4M::TRK
INFO (CarpetX): CallFunction iteration 17 z4c_to_adm_group: CottonmouthZ4c4m::z4c_to_adm
INFO (CarpetX): CallFunction iteration 17 ODESolvers_PostStep: CottonmouthZ4c4m::sync_state
INFO (CarpetX): SyncGroups COTTONMOUTHZ4C4M::AT, COTTONMOUTHZ4C4M::THETA, COTTONMOUTHZ4C4M::CHI, COTTONMOUTHZ4C4M::EVO_GAMMAT, COTTONMOUTHZ4C4M::EVO_LAPSE, COTTONMOUTHZ4C4M::EVO_SHIFT, COTTONMOUTHZ4C4M::GT, COTTONMOUTHZ4C4M::TRK
INFO (CarpetX): CallFunction iteration 17 TmunuBaseX_SetTmunuVars: TmunuBaseX::TmunuBaseX_ZeroTmunu
INFO (ODESolvers): Calculated new state #3 at t=0.17
INFO (ODESolvers): Calculating RHS #4 at t=0.17
INFO (CarpetX): CallFunction iteration 17 z4c_rhs_group: CottonmouthZ4c4m::z4c_rhs
INFO (CarpetX): CallFunction iteration 17 z4c_apply_dissipation_group: CottonmouthZ4c4m::z4c_apply_dissipation
INFO (CarpetX): CallFunction iteration 17 z4c_enforce_pt1_group: CottonmouthZ4c4m::z4c_enforce_pt1
INFO (CarpetX): CallFunction iteration 17 z4c_enforce_pt2_group: CottonmouthZ4c4m::z4c_enforce_pt2
INFO (CarpetX): CallFunction iteration 17 z4c_to_adm_group: CottonmouthZ4c4m::sync_z4c
INFO (CarpetX): SyncGroups COTTONMOUTHZ4C4M::AT, COTTONMOUTHZ4C4M::GT, COTTONMOUTHZ4C4M::CHI, COTTONMOUTHZ4C4M::EVO_LAPSE, COTTONMOUTHZ4C4M::EVO_SHIFT, COTTONMOUTHZ4C4M::TRK
INFO (CarpetX): CallFunction iteration 17 z4c_to_adm_group: CottonmouthZ4c4m::z4c_to_adm
INFO (CarpetX): CallFunction iteration 17 ODESolvers_PostStep: CottonmouthZ4c4m::sync_state
INFO (CarpetX): SyncGroups COTTONMOUTHZ4C4M::AT, COTTONMOUTHZ4C4M::THETA, COTTONMOUTHZ4C4M::CHI, COTTONMOUTHZ4C4M::EVO_GAMMAT, COTTONMOUTHZ4C4M::EVO_LAPSE, COTTONMOUTHZ4C4M::EVO_SHIFT, COTTONMOUTHZ4C4M::GT, COTTONMOUTHZ4C4M::TRK
INFO (CarpetX): CallFunction iteration 17 TmunuBaseX_SetTmunuVars: TmunuBaseX::TmunuBaseX_ZeroTmunu
INFO (ODESolvers): Calculated new state #4 at t=0.17
INFO (CarpetX): ScheduleTraverseGH iteration 17 CCTK_POSTSTEP
INFO (CarpetX): CallFunction iteration 17 CCTK_POSTSTEP: CottonmouthLinearWaveID::StateSync_CottonmouthLinearWaveID
INFO (CarpetX): ScheduleTraverseGH iteration 17 CCTK_CHECKPOINT
INFO (CarpetX): CallFunction iteration 17 CCTK_CHECKPOINT: CarpetX::CarpetX_Checkpoint
INFO (CarpetX): ScheduleTraverseGH iteration 17 CCTK_ANALYSIS
INFO (CarpetX): CallFunction iteration 17 z4c_constraints_group: CottonmouthZ4c4m::z4c_constraints
INFO (CarpetX): OutputGH: iteration 17, time 0.170000, run time 2 s
INFO (CarpetX): OutputGH done.
INFO (CarpetX): Simulation time: 0.17   Iterations per second: 13.2919   Simulation time per second: 0.132919
INFO (CarpetX): Grid cells: 3200   Grid cell updates per second: 42534.1
INFO (CarpetX): Performance:
INFO (CarpetX):   total evolution time:            1.27996 sec
INFO (CarpetX):   total evolution compute time:    1.27986 sec
INFO (CarpetX):   total evolution output time:     9.41753e-05 sec
INFO (CarpetX):   total iterations:                17
INFO (CarpetX):   total cells updated:             54400
INFO (CarpetX):   average iterations per second: 13.2817
INFO (CarpetX):   average cell updates per second: 42501.4
INFO (CarpetX): SyncGroups COTTONMOUTHZ4C4M::AT, COTTONMOUTHZ4C4M::THETA, COTTONMOUTHZ4C4M::CHI, COTTONMOUTHZ4C4M::EVO_GAMMAT, COTTONMOUTHZ4C4M::EVO_LAPSE, COTTONMOUTHZ4C4M::EVO_SHIFT, COTTONMOUTHZ4C4M::GT, COTTONMOUTHZ4C4M::TRK
INFO (CarpetX): ScheduleTraverseGH iteration 18 CCTK_PRESTEP
INFO (CarpetX): ScheduleTraverseGH iteration 18 CCTK_EVOL
INFO (CarpetX): CallFunction iteration 18 CCTK_EVOL: ODESolvers::ODESolvers_Solve
INFO (ODESolvers): ODE integrator is RK4
INFO (ODESolvers):   Integrating 22 variables
INFO (ODESolvers): Calculating RHS #1 at t=0.17
INFO (CarpetX): CallFunction iteration 18 z4c_rhs_group: CottonmouthZ4c4m::z4c_rhs
INFO (CarpetX): CallFunction iteration 18 z4c_apply_dissipation_group: CottonmouthZ4c4m::z4c_apply_dissipation
INFO (CarpetX): CallFunction iteration 18 z4c_enforce_pt1_group: CottonmouthZ4c4m::z4c_enforce_pt1
INFO (CarpetX): CallFunction iteration 18 z4c_enforce_pt2_group: CottonmouthZ4c4m::z4c_enforce_pt2
INFO (CarpetX): CallFunction iteration 18 z4c_to_adm_group: CottonmouthZ4c4m::sync_z4c
INFO (CarpetX): SyncGroups COTTONMOUTHZ4C4M::AT, COTTONMOUTHZ4C4M::GT, COTTONMOUTHZ4C4M::CHI, COTTONMOUTHZ4C4M::EVO_LAPSE, COTTONMOUTHZ4C4M::EVO_SHIFT, COTTONMOUTHZ4C4M::TRK
INFO (CarpetX): CallFunction iteration 18 z4c_to_adm_group: CottonmouthZ4c4m::z4c_to_adm
INFO (CarpetX): CallFunction iteration 18 ODESolvers_PostStep: CottonmouthZ4c4m::sync_state
INFO (CarpetX): SyncGroups COTTONMOUTHZ4C4M::AT, COTTONMOUTHZ4C4M::THETA, COTTONMOUTHZ4C4M::CHI, COTTONMOUTHZ4C4M::EVO_GAMMAT, COTTONMOUTHZ4C4M::EVO_LAPSE, COTTONMOUTHZ4C4M::EVO_SHIFT, COTTONMOUTHZ4C4M::GT, COTTONMOUTHZ4C4M::TRK
INFO (CarpetX): CallFunction iteration 18 TmunuBaseX_SetTmunuVars: TmunuBaseX::TmunuBaseX_ZeroTmunu
INFO (ODESolvers): Calculated new state #1 at t=0.175
INFO (ODESolvers): Calculating RHS #2 at t=0.175
INFO (CarpetX): CallFunction iteration 18 z4c_rhs_group: CottonmouthZ4c4m::z4c_rhs
INFO (CarpetX): CallFunction iteration 18 z4c_apply_dissipation_group: CottonmouthZ4c4m::z4c_apply_dissipation
INFO (CarpetX): CallFunction iteration 18 z4c_enforce_pt1_group: CottonmouthZ4c4m::z4c_enforce_pt1
INFO (CarpetX): CallFunction iteration 18 z4c_enforce_pt2_group: CottonmouthZ4c4m::z4c_enforce_pt2
INFO (CarpetX): CallFunction iteration 18 z4c_to_adm_group: CottonmouthZ4c4m::sync_z4c
INFO (CarpetX): SyncGroups COTTONMOUTHZ4C4M::AT, COTTONMOUTHZ4C4M::GT, COTTONMOUTHZ4C4M::CHI, COTTONMOUTHZ4C4M::EVO_LAPSE, COTTONMOUTHZ4C4M::EVO_SHIFT, COTTONMOUTHZ4C4M::TRK
INFO (CarpetX): CallFunction iteration 18 z4c_to_adm_group: CottonmouthZ4c4m::z4c_to_adm
INFO (CarpetX): CallFunction iteration 18 ODESolvers_PostStep: CottonmouthZ4c4m::sync_state
INFO (CarpetX): SyncGroups COTTONMOUTHZ4C4M::AT, COTTONMOUTHZ4C4M::THETA, COTTONMOUTHZ4C4M::CHI, COTTONMOUTHZ4C4M::EVO_GAMMAT, COTTONMOUTHZ4C4M::EVO_LAPSE, COTTONMOUTHZ4C4M::EVO_SHIFT, COTTONMOUTHZ4C4M::GT, COTTONMOUTHZ4C4M::TRK
INFO (CarpetX): CallFunction iteration 18 TmunuBaseX_SetTmunuVars: TmunuBaseX::TmunuBaseX_ZeroTmunu
INFO (ODESolvers): Calculated new state #2 at t=0.175
INFO (ODESolvers): Calculating RHS #3 at t=0.175
INFO (CarpetX): CallFunction iteration 18 z4c_rhs_group: CottonmouthZ4c4m::z4c_rhs
INFO (CarpetX): CallFunction iteration 18 z4c_apply_dissipation_group: CottonmouthZ4c4m::z4c_apply_dissipation
INFO (CarpetX): CallFunction iteration 18 z4c_enforce_pt1_group: CottonmouthZ4c4m::z4c_enforce_pt1
INFO (CarpetX): CallFunction iteration 18 z4c_enforce_pt2_group: CottonmouthZ4c4m::z4c_enforce_pt2
INFO (CarpetX): CallFunction iteration 18 z4c_to_adm_group: CottonmouthZ4c4m::sync_z4c
INFO (CarpetX): SyncGroups COTTONMOUTHZ4C4M::AT, COTTONMOUTHZ4C4M::GT, COTTONMOUTHZ4C4M::CHI, COTTONMOUTHZ4C4M::EVO_LAPSE, COTTONMOUTHZ4C4M::EVO_SHIFT, COTTONMOUTHZ4C4M::TRK
INFO (CarpetX): CallFunction iteration 18 z4c_to_adm_group: CottonmouthZ4c4m::z4c_to_adm
INFO (CarpetX): CallFunction iteration 18 ODESolvers_PostStep: CottonmouthZ4c4m::sync_state
INFO (CarpetX): SyncGroups COTTONMOUTHZ4C4M::AT, COTTONMOUTHZ4C4M::THETA, COTTONMOUTHZ4C4M::CHI, COTTONMOUTHZ4C4M::EVO_GAMMAT, COTTONMOUTHZ4C4M::EVO_LAPSE, COTTONMOUTHZ4C4M::EVO_SHIFT, COTTONMOUTHZ4C4M::GT, COTTONMOUTHZ4C4M::TRK
INFO (CarpetX): CallFunction iteration 18 TmunuBaseX_SetTmunuVars: TmunuBaseX::TmunuBaseX_ZeroTmunu
INFO (ODESolvers): Calculated new state #3 at t=0.18
INFO (ODESolvers): Calculating RHS #4 at t=0.18
INFO (CarpetX): CallFunction iteration 18 z4c_rhs_group: CottonmouthZ4c4m::z4c_rhs
INFO (CarpetX): CallFunction iteration 18 z4c_apply_dissipation_group: CottonmouthZ4c4m::z4c_apply_dissipation
INFO (CarpetX): CallFunction iteration 18 z4c_enforce_pt1_group: CottonmouthZ4c4m::z4c_enforce_pt1
INFO (CarpetX): CallFunction iteration 18 z4c_enforce_pt2_group: CottonmouthZ4c4m::z4c_enforce_pt2
INFO (CarpetX): CallFunction iteration 18 z4c_to_adm_group: CottonmouthZ4c4m::sync_z4c
INFO (CarpetX): SyncGroups COTTONMOUTHZ4C4M::AT, COTTONMOUTHZ4C4M::GT, COTTONMOUTHZ4C4M::CHI, COTTONMOUTHZ4C4M::EVO_LAPSE, COTTONMOUTHZ4C4M::EVO_SHIFT, COTTONMOUTHZ4C4M::TRK
INFO (CarpetX): CallFunction iteration 18 z4c_to_adm_group: CottonmouthZ4c4m::z4c_to_adm
INFO (CarpetX): CallFunction iteration 18 ODESolvers_PostStep: CottonmouthZ4c4m::sync_state
INFO (CarpetX): SyncGroups COTTONMOUTHZ4C4M::AT, COTTONMOUTHZ4C4M::THETA, COTTONMOUTHZ4C4M::CHI, COTTONMOUTHZ4C4M::EVO_GAMMAT, COTTONMOUTHZ4C4M::EVO_LAPSE, COTTONMOUTHZ4C4M::EVO_SHIFT, COTTONMOUTHZ4C4M::GT, COTTONMOUTHZ4C4M::TRK
INFO (CarpetX): CallFunction iteration 18 TmunuBaseX_SetTmunuVars: TmunuBaseX::TmunuBaseX_ZeroTmunu
INFO (ODESolvers): Calculated new state #4 at t=0.18
INFO (CarpetX): ScheduleTraverseGH iteration 18 CCTK_POSTSTEP
INFO (CarpetX): CallFunction iteration 18 CCTK_POSTSTEP: CottonmouthLinearWaveID::StateSync_CottonmouthLinearWaveID
INFO (CarpetX): ScheduleTraverseGH iteration 18 CCTK_CHECKPOINT
INFO (CarpetX): CallFunction iteration 18 CCTK_CHECKPOINT: CarpetX::CarpetX_Checkpoint
INFO (CarpetX): ScheduleTraverseGH iteration 18 CCTK_ANALYSIS
INFO (CarpetX): CallFunction iteration 18 z4c_constraints_group: CottonmouthZ4c4m::z4c_constraints
INFO (CarpetX): OutputGH: iteration 18, time 0.180000, run time 2 s
INFO (CarpetX): OutputGH done.
INFO (CarpetX): Simulation time: 0.18   Iterations per second: 13.2956   Simulation time per second: 0.132956
INFO (CarpetX): Grid cells: 3200   Grid cell updates per second: 42546
INFO (CarpetX): Performance:
INFO (CarpetX):   total evolution time:            1.35498 sec
INFO (CarpetX):   total evolution compute time:    1.35488 sec
INFO (CarpetX):   total evolution output time:     9.91821e-05 sec
INFO (CarpetX):   total iterations:                18
INFO (CarpetX):   total cells updated:             57600
INFO (CarpetX):   average iterations per second: 13.2843
INFO (CarpetX):   average cell updates per second: 42509.9
INFO (CarpetX): SyncGroups COTTONMOUTHZ4C4M::AT, COTTONMOUTHZ4C4M::THETA, COTTONMOUTHZ4C4M::CHI, COTTONMOUTHZ4C4M::EVO_GAMMAT, COTTONMOUTHZ4C4M::EVO_LAPSE, COTTONMOUTHZ4C4M::EVO_SHIFT, COTTONMOUTHZ4C4M::GT, COTTONMOUTHZ4C4M::TRK
INFO (CarpetX): ScheduleTraverseGH iteration 19 CCTK_PRESTEP
INFO (CarpetX): ScheduleTraverseGH iteration 19 CCTK_EVOL
INFO (CarpetX): CallFunction iteration 19 CCTK_EVOL: ODESolvers::ODESolvers_Solve
INFO (ODESolvers): ODE integrator is RK4
INFO (ODESolvers):   Integrating 22 variables
INFO (ODESolvers): Calculating RHS #1 at t=0.18
INFO (CarpetX): CallFunction iteration 19 z4c_rhs_group: CottonmouthZ4c4m::z4c_rhs
INFO (CarpetX): CallFunction iteration 19 z4c_apply_dissipation_group: CottonmouthZ4c4m::z4c_apply_dissipation
INFO (CarpetX): CallFunction iteration 19 z4c_enforce_pt1_group: CottonmouthZ4c4m::z4c_enforce_pt1
INFO (CarpetX): CallFunction iteration 19 z4c_enforce_pt2_group: CottonmouthZ4c4m::z4c_enforce_pt2
INFO (CarpetX): CallFunction iteration 19 z4c_to_adm_group: CottonmouthZ4c4m::sync_z4c
INFO (CarpetX): SyncGroups COTTONMOUTHZ4C4M::AT, COTTONMOUTHZ4C4M::GT, COTTONMOUTHZ4C4M::CHI, COTTONMOUTHZ4C4M::EVO_LAPSE, COTTONMOUTHZ4C4M::EVO_SHIFT, COTTONMOUTHZ4C4M::TRK
INFO (CarpetX): CallFunction iteration 19 z4c_to_adm_group: CottonmouthZ4c4m::z4c_to_adm
INFO (CarpetX): CallFunction iteration 19 ODESolvers_PostStep: CottonmouthZ4c4m::sync_state
INFO (CarpetX): SyncGroups COTTONMOUTHZ4C4M::AT, COTTONMOUTHZ4C4M::THETA, COTTONMOUTHZ4C4M::CHI, COTTONMOUTHZ4C4M::EVO_GAMMAT, COTTONMOUTHZ4C4M::EVO_LAPSE, COTTONMOUTHZ4C4M::EVO_SHIFT, COTTONMOUTHZ4C4M::GT, COTTONMOUTHZ4C4M::TRK
INFO (CarpetX): CallFunction iteration 19 TmunuBaseX_SetTmunuVars: TmunuBaseX::TmunuBaseX_ZeroTmunu
INFO (ODESolvers): Calculated new state #1 at t=0.185
INFO (ODESolvers): Calculating RHS #2 at t=0.185
INFO (CarpetX): CallFunction iteration 19 z4c_rhs_group: CottonmouthZ4c4m::z4c_rhs
INFO (CarpetX): CallFunction iteration 19 z4c_apply_dissipation_group: CottonmouthZ4c4m::z4c_apply_dissipation
INFO (CarpetX): CallFunction iteration 19 z4c_enforce_pt1_group: CottonmouthZ4c4m::z4c_enforce_pt1
INFO (CarpetX): CallFunction iteration 19 z4c_enforce_pt2_group: CottonmouthZ4c4m::z4c_enforce_pt2
INFO (CarpetX): CallFunction iteration 19 z4c_to_adm_group: CottonmouthZ4c4m::sync_z4c
INFO (CarpetX): SyncGroups COTTONMOUTHZ4C4M::AT, COTTONMOUTHZ4C4M::GT, COTTONMOUTHZ4C4M::CHI, COTTONMOUTHZ4C4M::EVO_LAPSE, COTTONMOUTHZ4C4M::EVO_SHIFT, COTTONMOUTHZ4C4M::TRK
INFO (CarpetX): CallFunction iteration 19 z4c_to_adm_group: CottonmouthZ4c4m::z4c_to_adm
INFO (CarpetX): CallFunction iteration 19 ODESolvers_PostStep: CottonmouthZ4c4m::sync_state
INFO (CarpetX): SyncGroups COTTONMOUTHZ4C4M::AT, COTTONMOUTHZ4C4M::THETA, COTTONMOUTHZ4C4M::CHI, COTTONMOUTHZ4C4M::EVO_GAMMAT, COTTONMOUTHZ4C4M::EVO_LAPSE, COTTONMOUTHZ4C4M::EVO_SHIFT, COTTONMOUTHZ4C4M::GT, COTTONMOUTHZ4C4M::TRK
INFO (CarpetX): CallFunction iteration 19 TmunuBaseX_SetTmunuVars: TmunuBaseX::TmunuBaseX_ZeroTmunu
INFO (ODESolvers): Calculated new state #2 at t=0.185
INFO (ODESolvers): Calculating RHS #3 at t=0.185
INFO (CarpetX): CallFunction iteration 19 z4c_rhs_group: CottonmouthZ4c4m::z4c_rhs
INFO (CarpetX): CallFunction iteration 19 z4c_apply_dissipation_group: CottonmouthZ4c4m::z4c_apply_dissipation
INFO (CarpetX): CallFunction iteration 19 z4c_enforce_pt1_group: CottonmouthZ4c4m::z4c_enforce_pt1
INFO (CarpetX): CallFunction iteration 19 z4c_enforce_pt2_group: CottonmouthZ4c4m::z4c_enforce_pt2
INFO (CarpetX): CallFunction iteration 19 z4c_to_adm_group: CottonmouthZ4c4m::sync_z4c
INFO (CarpetX): SyncGroups COTTONMOUTHZ4C4M::AT, COTTONMOUTHZ4C4M::GT, COTTONMOUTHZ4C4M::CHI, COTTONMOUTHZ4C4M::EVO_LAPSE, COTTONMOUTHZ4C4M::EVO_SHIFT, COTTONMOUTHZ4C4M::TRK
INFO (CarpetX): CallFunction iteration 19 z4c_to_adm_group: CottonmouthZ4c4m::z4c_to_adm
INFO (CarpetX): CallFunction iteration 19 ODESolvers_PostStep: CottonmouthZ4c4m::sync_state
INFO (CarpetX): SyncGroups COTTONMOUTHZ4C4M::AT, COTTONMOUTHZ4C4M::THETA, COTTONMOUTHZ4C4M::CHI, COTTONMOUTHZ4C4M::EVO_GAMMAT, COTTONMOUTHZ4C4M::EVO_LAPSE, COTTONMOUTHZ4C4M::EVO_SHIFT, COTTONMOUTHZ4C4M::GT, COTTONMOUTHZ4C4M::TRK
INFO (CarpetX): CallFunction iteration 19 TmunuBaseX_SetTmunuVars: TmunuBaseX::TmunuBaseX_ZeroTmunu
INFO (ODESolvers): Calculated new state #3 at t=0.19
INFO (ODESolvers): Calculating RHS #4 at t=0.19
INFO (CarpetX): CallFunction iteration 19 z4c_rhs_group: CottonmouthZ4c4m::z4c_rhs
INFO (CarpetX): CallFunction iteration 19 z4c_apply_dissipation_group: CottonmouthZ4c4m::z4c_apply_dissipation
INFO (CarpetX): CallFunction iteration 19 z4c_enforce_pt1_group: CottonmouthZ4c4m::z4c_enforce_pt1
INFO (CarpetX): CallFunction iteration 19 z4c_enforce_pt2_group: CottonmouthZ4c4m::z4c_enforce_pt2
INFO (CarpetX): CallFunction iteration 19 z4c_to_adm_group: CottonmouthZ4c4m::sync_z4c
INFO (CarpetX): SyncGroups COTTONMOUTHZ4C4M::AT, COTTONMOUTHZ4C4M::GT, COTTONMOUTHZ4C4M::CHI, COTTONMOUTHZ4C4M::EVO_LAPSE, COTTONMOUTHZ4C4M::EVO_SHIFT, COTTONMOUTHZ4C4M::TRK
INFO (CarpetX): CallFunction iteration 19 z4c_to_adm_group: CottonmouthZ4c4m::z4c_to_adm
INFO (CarpetX): CallFunction iteration 19 ODESolvers_PostStep: CottonmouthZ4c4m::sync_state
INFO (CarpetX): SyncGroups COTTONMOUTHZ4C4M::AT, COTTONMOUTHZ4C4M::THETA, COTTONMOUTHZ4C4M::CHI, COTTONMOUTHZ4C4M::EVO_GAMMAT, COTTONMOUTHZ4C4M::EVO_LAPSE, COTTONMOUTHZ4C4M::EVO_SHIFT, COTTONMOUTHZ4C4M::GT, COTTONMOUTHZ4C4M::TRK
INFO (CarpetX): CallFunction iteration 19 TmunuBaseX_SetTmunuVars: TmunuBaseX::TmunuBaseX_ZeroTmunu
INFO (ODESolvers): Calculated new state #4 at t=0.19
INFO (CarpetX): ScheduleTraverseGH iteration 19 CCTK_POSTSTEP
INFO (CarpetX): CallFunction iteration 19 CCTK_POSTSTEP: CottonmouthLinearWaveID::StateSync_CottonmouthLinearWaveID
INFO (CarpetX): ScheduleTraverseGH iteration 19 CCTK_CHECKPOINT
INFO (CarpetX): CallFunction iteration 19 CCTK_CHECKPOINT: CarpetX::CarpetX_Checkpoint
INFO (CarpetX): ScheduleTraverseGH iteration 19 CCTK_ANALYSIS
INFO (CarpetX): CallFunction iteration 19 z4c_constraints_group: CottonmouthZ4c4m::z4c_constraints
INFO (CarpetX): OutputGH: iteration 19, time 0.190000, run time 2 s
INFO (CarpetX): OutputGH done.
INFO (CarpetX): Simulation time: 0.19   Iterations per second: 13.3011   Simulation time per second: 0.133011
INFO (CarpetX): Grid cells: 3200   Grid cell updates per second: 42563.4
INFO (CarpetX): Performance:
INFO (CarpetX):   total evolution time:            1.42988 sec
INFO (CarpetX):   total evolution compute time:    1.42978 sec
INFO (CarpetX):   total evolution output time:     0.000105381 sec
INFO (CarpetX):   total iterations:                19
INFO (CarpetX):   total cells updated:             60800
INFO (CarpetX):   average iterations per second: 13.2878
INFO (CarpetX):   average cell updates per second: 42520.9
INFO (CarpetX): SyncGroups COTTONMOUTHZ4C4M::AT, COTTONMOUTHZ4C4M::THETA, COTTONMOUTHZ4C4M::CHI, COTTONMOUTHZ4C4M::EVO_GAMMAT, COTTONMOUTHZ4C4M::EVO_LAPSE, COTTONMOUTHZ4C4M::EVO_SHIFT, COTTONMOUTHZ4C4M::GT, COTTONMOUTHZ4C4M::TRK
INFO (CarpetX): ScheduleTraverseGH iteration 20 CCTK_PRESTEP
INFO (CarpetX): ScheduleTraverseGH iteration 20 CCTK_EVOL
INFO (CarpetX): CallFunction iteration 20 CCTK_EVOL: ODESolvers::ODESolvers_Solve
INFO (ODESolvers): ODE integrator is RK4
INFO (ODESolvers):   Integrating 22 variables
INFO (ODESolvers): Calculating RHS #1 at t=0.19
INFO (CarpetX): CallFunction iteration 20 z4c_rhs_group: CottonmouthZ4c4m::z4c_rhs
INFO (CarpetX): CallFunction iteration 20 z4c_apply_dissipation_group: CottonmouthZ4c4m::z4c_apply_dissipation
INFO (CarpetX): CallFunction iteration 20 z4c_enforce_pt1_group: CottonmouthZ4c4m::z4c_enforce_pt1
INFO (CarpetX): CallFunction iteration 20 z4c_enforce_pt2_group: CottonmouthZ4c4m::z4c_enforce_pt2
INFO (CarpetX): CallFunction iteration 20 z4c_to_adm_group: CottonmouthZ4c4m::sync_z4c
INFO (CarpetX): SyncGroups COTTONMOUTHZ4C4M::AT, COTTONMOUTHZ4C4M::GT, COTTONMOUTHZ4C4M::CHI, COTTONMOUTHZ4C4M::EVO_LAPSE, COTTONMOUTHZ4C4M::EVO_SHIFT, COTTONMOUTHZ4C4M::TRK
INFO (CarpetX): CallFunction iteration 20 z4c_to_adm_group: CottonmouthZ4c4m::z4c_to_adm
INFO (CarpetX): CallFunction iteration 20 ODESolvers_PostStep: CottonmouthZ4c4m::sync_state
INFO (CarpetX): SyncGroups COTTONMOUTHZ4C4M::AT, COTTONMOUTHZ4C4M::THETA, COTTONMOUTHZ4C4M::CHI, COTTONMOUTHZ4C4M::EVO_GAMMAT, COTTONMOUTHZ4C4M::EVO_LAPSE, COTTONMOUTHZ4C4M::EVO_SHIFT, COTTONMOUTHZ4C4M::GT, COTTONMOUTHZ4C4M::TRK
INFO (CarpetX): CallFunction iteration 20 TmunuBaseX_SetTmunuVars: TmunuBaseX::TmunuBaseX_ZeroTmunu
INFO (ODESolvers): Calculated new state #1 at t=0.195
INFO (ODESolvers): Calculating RHS #2 at t=0.195
INFO (CarpetX): CallFunction iteration 20 z4c_rhs_group: CottonmouthZ4c4m::z4c_rhs
INFO (CarpetX): CallFunction iteration 20 z4c_apply_dissipation_group: CottonmouthZ4c4m::z4c_apply_dissipation
INFO (CarpetX): CallFunction iteration 20 z4c_enforce_pt1_group: CottonmouthZ4c4m::z4c_enforce_pt1
INFO (CarpetX): CallFunction iteration 20 z4c_enforce_pt2_group: CottonmouthZ4c4m::z4c_enforce_pt2
INFO (CarpetX): CallFunction iteration 20 z4c_to_adm_group: CottonmouthZ4c4m::sync_z4c
INFO (CarpetX): SyncGroups COTTONMOUTHZ4C4M::AT, COTTONMOUTHZ4C4M::GT, COTTONMOUTHZ4C4M::CHI, COTTONMOUTHZ4C4M::EVO_LAPSE, COTTONMOUTHZ4C4M::EVO_SHIFT, COTTONMOUTHZ4C4M::TRK
INFO (CarpetX): CallFunction iteration 20 z4c_to_adm_group: CottonmouthZ4c4m::z4c_to_adm
INFO (CarpetX): CallFunction iteration 20 ODESolvers_PostStep: CottonmouthZ4c4m::sync_state
INFO (CarpetX): SyncGroups COTTONMOUTHZ4C4M::AT, COTTONMOUTHZ4C4M::THETA, COTTONMOUTHZ4C4M::CHI, COTTONMOUTHZ4C4M::EVO_GAMMAT, COTTONMOUTHZ4C4M::EVO_LAPSE, COTTONMOUTHZ4C4M::EVO_SHIFT, COTTONMOUTHZ4C4M::GT, COTTONMOUTHZ4C4M::TRK
INFO (CarpetX): CallFunction iteration 20 TmunuBaseX_SetTmunuVars: TmunuBaseX::TmunuBaseX_ZeroTmunu
INFO (ODESolvers): Calculated new state #2 at t=0.195
INFO (ODESolvers): Calculating RHS #3 at t=0.195
INFO (CarpetX): CallFunction iteration 20 z4c_rhs_group: CottonmouthZ4c4m::z4c_rhs
INFO (CarpetX): CallFunction iteration 20 z4c_apply_dissipation_group: CottonmouthZ4c4m::z4c_apply_dissipation
INFO (CarpetX): CallFunction iteration 20 z4c_enforce_pt1_group: CottonmouthZ4c4m::z4c_enforce_pt1
INFO (CarpetX): CallFunction iteration 20 z4c_enforce_pt2_group: CottonmouthZ4c4m::z4c_enforce_pt2
INFO (CarpetX): CallFunction iteration 20 z4c_to_adm_group: CottonmouthZ4c4m::sync_z4c
INFO (CarpetX): SyncGroups COTTONMOUTHZ4C4M::AT, COTTONMOUTHZ4C4M::GT, COTTONMOUTHZ4C4M::CHI, COTTONMOUTHZ4C4M::EVO_LAPSE, COTTONMOUTHZ4C4M::EVO_SHIFT, COTTONMOUTHZ4C4M::TRK
INFO (CarpetX): CallFunction iteration 20 z4c_to_adm_group: CottonmouthZ4c4m::z4c_to_adm
INFO (CarpetX): CallFunction iteration 20 ODESolvers_PostStep: CottonmouthZ4c4m::sync_state
INFO (CarpetX): SyncGroups COTTONMOUTHZ4C4M::AT, COTTONMOUTHZ4C4M::THETA, COTTONMOUTHZ4C4M::CHI, COTTONMOUTHZ4C4M::EVO_GAMMAT, COTTONMOUTHZ4C4M::EVO_LAPSE, COTTONMOUTHZ4C4M::EVO_SHIFT, COTTONMOUTHZ4C4M::GT, COTTONMOUTHZ4C4M::TRK
INFO (CarpetX): CallFunction iteration 20 TmunuBaseX_SetTmunuVars: TmunuBaseX::TmunuBaseX_ZeroTmunu
INFO (ODESolvers): Calculated new state #3 at t=0.2
INFO (ODESolvers): Calculating RHS #4 at t=0.2
INFO (CarpetX): CallFunction iteration 20 z4c_rhs_group: CottonmouthZ4c4m::z4c_rhs
INFO (CarpetX): CallFunction iteration 20 z4c_apply_dissipation_group: CottonmouthZ4c4m::z4c_apply_dissipation
INFO (CarpetX): CallFunction iteration 20 z4c_enforce_pt1_group: CottonmouthZ4c4m::z4c_enforce_pt1
INFO (CarpetX): CallFunction iteration 20 z4c_enforce_pt2_group: CottonmouthZ4c4m::z4c_enforce_pt2
INFO (CarpetX): CallFunction iteration 20 z4c_to_adm_group: CottonmouthZ4c4m::sync_z4c
INFO (CarpetX): SyncGroups COTTONMOUTHZ4C4M::AT, COTTONMOUTHZ4C4M::GT, COTTONMOUTHZ4C4M::CHI, COTTONMOUTHZ4C4M::EVO_LAPSE, COTTONMOUTHZ4C4M::EVO_SHIFT, COTTONMOUTHZ4C4M::TRK
INFO (CarpetX): CallFunction iteration 20 z4c_to_adm_group: CottonmouthZ4c4m::z4c_to_adm
INFO (CarpetX): CallFunction iteration 20 ODESolvers_PostStep: CottonmouthZ4c4m::sync_state
INFO (CarpetX): SyncGroups COTTONMOUTHZ4C4M::AT, COTTONMOUTHZ4C4M::THETA, COTTONMOUTHZ4C4M::CHI, COTTONMOUTHZ4C4M::EVO_GAMMAT, COTTONMOUTHZ4C4M::EVO_LAPSE, COTTONMOUTHZ4C4M::EVO_SHIFT, COTTONMOUTHZ4C4M::GT, COTTONMOUTHZ4C4M::TRK
INFO (CarpetX): CallFunction iteration 20 TmunuBaseX_SetTmunuVars: TmunuBaseX::TmunuBaseX_ZeroTmunu
INFO (ODESolvers): Calculated new state #4 at t=0.2
INFO (CarpetX): ScheduleTraverseGH iteration 20 CCTK_POSTSTEP
INFO (CarpetX): CallFunction iteration 20 CCTK_POSTSTEP: CottonmouthLinearWaveID::StateSync_CottonmouthLinearWaveID
INFO (CarpetX): ScheduleTraverseGH iteration 20 CCTK_CHECKPOINT
INFO (CarpetX): CallFunction iteration 20 CCTK_CHECKPOINT: CarpetX::CarpetX_Checkpoint
INFO (CarpetX): ScheduleTraverseGH iteration 20 CCTK_ANALYSIS
INFO (CarpetX): CallFunction iteration 20 z4c_constraints_group: CottonmouthZ4c4m::z4c_constraints
INFO (CarpetX): OutputGH: iteration 20, time 0.200000, run time 2 s
INFO (CarpetX): OutputGH done.
INFO (CarpetX): Simulation time: 0.2   Iterations per second: 13.3058   Simulation time per second: 0.133058
INFO (CarpetX): Grid cells: 3200   Grid cell updates per second: 42578.6
INFO (CarpetX): Performance:
INFO (CarpetX):   total evolution time:            1.5048 sec
INFO (CarpetX):   total evolution compute time:    1.50469 sec
INFO (CarpetX):   total evolution output time:     0.000110388 sec
INFO (CarpetX):   total iterations:                20
INFO (CarpetX):   total cells updated:             64000
INFO (CarpetX):   average iterations per second: 13.2908
INFO (CarpetX):   average cell updates per second: 42530.6
INFO (CarpetX): SyncGroups COTTONMOUTHZ4C4M::AT, COTTONMOUTHZ4C4M::THETA, COTTONMOUTHZ4C4M::CHI, COTTONMOUTHZ4C4M::EVO_GAMMAT, COTTONMOUTHZ4C4M::EVO_LAPSE, COTTONMOUTHZ4C4M::EVO_SHIFT, COTTONMOUTHZ4C4M::GT, COTTONMOUTHZ4C4M::TRK
INFO (CarpetX): ScheduleTraverseGH iteration 21 CCTK_PRESTEP
INFO (CarpetX): ScheduleTraverseGH iteration 21 CCTK_EVOL
INFO (CarpetX): CallFunction iteration 21 CCTK_EVOL: ODESolvers::ODESolvers_Solve
INFO (ODESolvers): ODE integrator is RK4
INFO (ODESolvers):   Integrating 22 variables
INFO (ODESolvers): Calculating RHS #1 at t=0.2
INFO (CarpetX): CallFunction iteration 21 z4c_rhs_group: CottonmouthZ4c4m::z4c_rhs
INFO (CarpetX): CallFunction iteration 21 z4c_apply_dissipation_group: CottonmouthZ4c4m::z4c_apply_dissipation
INFO (CarpetX): CallFunction iteration 21 z4c_enforce_pt1_group: CottonmouthZ4c4m::z4c_enforce_pt1
INFO (CarpetX): CallFunction iteration 21 z4c_enforce_pt2_group: CottonmouthZ4c4m::z4c_enforce_pt2
INFO (CarpetX): CallFunction iteration 21 z4c_to_adm_group: CottonmouthZ4c4m::sync_z4c
INFO (CarpetX): SyncGroups COTTONMOUTHZ4C4M::AT, COTTONMOUTHZ4C4M::GT, COTTONMOUTHZ4C4M::CHI, COTTONMOUTHZ4C4M::EVO_LAPSE, COTTONMOUTHZ4C4M::EVO_SHIFT, COTTONMOUTHZ4C4M::TRK
INFO (CarpetX): CallFunction iteration 21 z4c_to_adm_group: CottonmouthZ4c4m::z4c_to_adm
INFO (CarpetX): CallFunction iteration 21 ODESolvers_PostStep: CottonmouthZ4c4m::sync_state
INFO (CarpetX): SyncGroups COTTONMOUTHZ4C4M::AT, COTTONMOUTHZ4C4M::THETA, COTTONMOUTHZ4C4M::CHI, COTTONMOUTHZ4C4M::EVO_GAMMAT, COTTONMOUTHZ4C4M::EVO_LAPSE, COTTONMOUTHZ4C4M::EVO_SHIFT, COTTONMOUTHZ4C4M::GT, COTTONMOUTHZ4C4M::TRK
INFO (CarpetX): CallFunction iteration 21 TmunuBaseX_SetTmunuVars: TmunuBaseX::TmunuBaseX_ZeroTmunu
INFO (ODESolvers): Calculated new state #1 at t=0.205
INFO (ODESolvers): Calculating RHS #2 at t=0.205
INFO (CarpetX): CallFunction iteration 21 z4c_rhs_group: CottonmouthZ4c4m::z4c_rhs
INFO (CarpetX): CallFunction iteration 21 z4c_apply_dissipation_group: CottonmouthZ4c4m::z4c_apply_dissipation
INFO (CarpetX): CallFunction iteration 21 z4c_enforce_pt1_group: CottonmouthZ4c4m::z4c_enforce_pt1
INFO (CarpetX): CallFunction iteration 21 z4c_enforce_pt2_group: CottonmouthZ4c4m::z4c_enforce_pt2
INFO (CarpetX): CallFunction iteration 21 z4c_to_adm_group: CottonmouthZ4c4m::sync_z4c
INFO (CarpetX): SyncGroups COTTONMOUTHZ4C4M::AT, COTTONMOUTHZ4C4M::GT, COTTONMOUTHZ4C4M::CHI, COTTONMOUTHZ4C4M::EVO_LAPSE, COTTONMOUTHZ4C4M::EVO_SHIFT, COTTONMOUTHZ4C4M::TRK
INFO (CarpetX): CallFunction iteration 21 z4c_to_adm_group: CottonmouthZ4c4m::z4c_to_adm
INFO (CarpetX): CallFunction iteration 21 ODESolvers_PostStep: CottonmouthZ4c4m::sync_state
INFO (CarpetX): SyncGroups COTTONMOUTHZ4C4M::AT, COTTONMOUTHZ4C4M::THETA, COTTONMOUTHZ4C4M::CHI, COTTONMOUTHZ4C4M::EVO_GAMMAT, COTTONMOUTHZ4C4M::EVO_LAPSE, COTTONMOUTHZ4C4M::EVO_SHIFT, COTTONMOUTHZ4C4M::GT, COTTONMOUTHZ4C4M::TRK
INFO (CarpetX): CallFunction iteration 21 TmunuBaseX_SetTmunuVars: TmunuBaseX::TmunuBaseX_ZeroTmunu
INFO (ODESolvers): Calculated new state #2 at t=0.205
INFO (ODESolvers): Calculating RHS #3 at t=0.205
INFO (CarpetX): CallFunction iteration 21 z4c_rhs_group: CottonmouthZ4c4m::z4c_rhs
INFO (CarpetX): CallFunction iteration 21 z4c_apply_dissipation_group: CottonmouthZ4c4m::z4c_apply_dissipation
INFO (CarpetX): CallFunction iteration 21 z4c_enforce_pt1_group: CottonmouthZ4c4m::z4c_enforce_pt1
INFO (CarpetX): CallFunction iteration 21 z4c_enforce_pt2_group: CottonmouthZ4c4m::z4c_enforce_pt2
INFO (CarpetX): CallFunction iteration 21 z4c_to_adm_group: CottonmouthZ4c4m::sync_z4c
INFO (CarpetX): SyncGroups COTTONMOUTHZ4C4M::AT, COTTONMOUTHZ4C4M::GT, COTTONMOUTHZ4C4M::CHI, COTTONMOUTHZ4C4M::EVO_LAPSE, COTTONMOUTHZ4C4M::EVO_SHIFT, COTTONMOUTHZ4C4M::TRK
INFO (CarpetX): CallFunction iteration 21 z4c_to_adm_group: CottonmouthZ4c4m::z4c_to_adm
INFO (CarpetX): CallFunction iteration 21 ODESolvers_PostStep: CottonmouthZ4c4m::sync_state
INFO (CarpetX): SyncGroups COTTONMOUTHZ4C4M::AT, COTTONMOUTHZ4C4M::THETA, COTTONMOUTHZ4C4M::CHI, COTTONMOUTHZ4C4M::EVO_GAMMAT, COTTONMOUTHZ4C4M::EVO_LAPSE, COTTONMOUTHZ4C4M::EVO_SHIFT, COTTONMOUTHZ4C4M::GT, COTTONMOUTHZ4C4M::TRK
INFO (CarpetX): CallFunction iteration 21 TmunuBaseX_SetTmunuVars: TmunuBaseX::TmunuBaseX_ZeroTmunu
INFO (ODESolvers): Calculated new state #3 at t=0.21
INFO (ODESolvers): Calculating RHS #4 at t=0.21
INFO (CarpetX): CallFunction iteration 21 z4c_rhs_group: CottonmouthZ4c4m::z4c_rhs
INFO (CarpetX): CallFunction iteration 21 z4c_apply_dissipation_group: CottonmouthZ4c4m::z4c_apply_dissipation
INFO (CarpetX): CallFunction iteration 21 z4c_enforce_pt1_group: CottonmouthZ4c4m::z4c_enforce_pt1
INFO (CarpetX): CallFunction iteration 21 z4c_enforce_pt2_group: CottonmouthZ4c4m::z4c_enforce_pt2
INFO (CarpetX): CallFunction iteration 21 z4c_to_adm_group: CottonmouthZ4c4m::sync_z4c
INFO (CarpetX): SyncGroups COTTONMOUTHZ4C4M::AT, COTTONMOUTHZ4C4M::GT, COTTONMOUTHZ4C4M::CHI, COTTONMOUTHZ4C4M::EVO_LAPSE, COTTONMOUTHZ4C4M::EVO_SHIFT, COTTONMOUTHZ4C4M::TRK
INFO (CarpetX): CallFunction iteration 21 z4c_to_adm_group: CottonmouthZ4c4m::z4c_to_adm
INFO (CarpetX): CallFunction iteration 21 ODESolvers_PostStep: CottonmouthZ4c4m::sync_state
INFO (CarpetX): SyncGroups COTTONMOUTHZ4C4M::AT, COTTONMOUTHZ4C4M::THETA, COTTONMOUTHZ4C4M::CHI, COTTONMOUTHZ4C4M::EVO_GAMMAT, COTTONMOUTHZ4C4M::EVO_LAPSE, COTTONMOUTHZ4C4M::EVO_SHIFT, COTTONMOUTHZ4C4M::GT, COTTONMOUTHZ4C4M::TRK
INFO (CarpetX): CallFunction iteration 21 TmunuBaseX_SetTmunuVars: TmunuBaseX::TmunuBaseX_ZeroTmunu
INFO (ODESolvers): Calculated new state #4 at t=0.21
INFO (CarpetX): ScheduleTraverseGH iteration 21 CCTK_POSTSTEP
INFO (CarpetX): CallFunction iteration 21 CCTK_POSTSTEP: CottonmouthLinearWaveID::StateSync_CottonmouthLinearWaveID
INFO (CarpetX): ScheduleTraverseGH iteration 21 CCTK_CHECKPOINT
INFO (CarpetX): CallFunction iteration 21 CCTK_CHECKPOINT: CarpetX::CarpetX_Checkpoint
INFO (CarpetX): ScheduleTraverseGH iteration 21 CCTK_ANALYSIS
INFO (CarpetX): CallFunction iteration 21 z4c_constraints_group: CottonmouthZ4c4m::z4c_constraints
INFO (CarpetX): OutputGH: iteration 21, time 0.210000, run time 3 s
INFO (CarpetX): OutputGH done.
INFO (CarpetX): Simulation time: 0.21   Iterations per second: 13.3129   Simulation time per second: 0.133129
INFO (CarpetX): Grid cells: 3200   Grid cell updates per second: 42601.2
INFO (CarpetX): Performance:
INFO (CarpetX):   total evolution time:            1.57956 sec
INFO (CarpetX):   total evolution compute time:    1.57944 sec
INFO (CarpetX):   total evolution output time:     0.000116348 sec
INFO (CarpetX):   total iterations:                21
INFO (CarpetX):   total cells updated:             67200
INFO (CarpetX):   average iterations per second: 13.2949
INFO (CarpetX):   average cell updates per second: 42543.6
INFO (CarpetX): SyncGroups COTTONMOUTHZ4C4M::AT, COTTONMOUTHZ4C4M::THETA, COTTONMOUTHZ4C4M::CHI, COTTONMOUTHZ4C4M::EVO_GAMMAT, COTTONMOUTHZ4C4M::EVO_LAPSE, COTTONMOUTHZ4C4M::EVO_SHIFT, COTTONMOUTHZ4C4M::GT, COTTONMOUTHZ4C4M::TRK
INFO (CarpetX): ScheduleTraverseGH iteration 22 CCTK_PRESTEP
INFO (CarpetX): ScheduleTraverseGH iteration 22 CCTK_EVOL
INFO (CarpetX): CallFunction iteration 22 CCTK_EVOL: ODESolvers::ODESolvers_Solve
INFO (ODESolvers): ODE integrator is RK4
INFO (ODESolvers):   Integrating 22 variables
INFO (ODESolvers): Calculating RHS #1 at t=0.21
INFO (CarpetX): CallFunction iteration 22 z4c_rhs_group: CottonmouthZ4c4m::z4c_rhs
INFO (CarpetX): CallFunction iteration 22 z4c_apply_dissipation_group: CottonmouthZ4c4m::z4c_apply_dissipation
INFO (CarpetX): CallFunction iteration 22 z4c_enforce_pt1_group: CottonmouthZ4c4m::z4c_enforce_pt1
INFO (CarpetX): CallFunction iteration 22 z4c_enforce_pt2_group: CottonmouthZ4c4m::z4c_enforce_pt2
INFO (CarpetX): CallFunction iteration 22 z4c_to_adm_group: CottonmouthZ4c4m::sync_z4c
INFO (CarpetX): SyncGroups COTTONMOUTHZ4C4M::AT, COTTONMOUTHZ4C4M::GT, COTTONMOUTHZ4C4M::CHI, COTTONMOUTHZ4C4M::EVO_LAPSE, COTTONMOUTHZ4C4M::EVO_SHIFT, COTTONMOUTHZ4C4M::TRK
INFO (CarpetX): CallFunction iteration 22 z4c_to_adm_group: CottonmouthZ4c4m::z4c_to_adm
INFO (CarpetX): CallFunction iteration 22 ODESolvers_PostStep: CottonmouthZ4c4m::sync_state
INFO (CarpetX): SyncGroups COTTONMOUTHZ4C4M::AT, COTTONMOUTHZ4C4M::THETA, COTTONMOUTHZ4C4M::CHI, COTTONMOUTHZ4C4M::EVO_GAMMAT, COTTONMOUTHZ4C4M::EVO_LAPSE, COTTONMOUTHZ4C4M::EVO_SHIFT, COTTONMOUTHZ4C4M::GT, COTTONMOUTHZ4C4M::TRK
INFO (CarpetX): CallFunction iteration 22 TmunuBaseX_SetTmunuVars: TmunuBaseX::TmunuBaseX_ZeroTmunu
INFO (ODESolvers): Calculated new state #1 at t=0.215
INFO (ODESolvers): Calculating RHS #2 at t=0.215
INFO (CarpetX): CallFunction iteration 22 z4c_rhs_group: CottonmouthZ4c4m::z4c_rhs
INFO (CarpetX): CallFunction iteration 22 z4c_apply_dissipation_group: CottonmouthZ4c4m::z4c_apply_dissipation
INFO (CarpetX): CallFunction iteration 22 z4c_enforce_pt1_group: CottonmouthZ4c4m::z4c_enforce_pt1
INFO (CarpetX): CallFunction iteration 22 z4c_enforce_pt2_group: CottonmouthZ4c4m::z4c_enforce_pt2
INFO (CarpetX): CallFunction iteration 22 z4c_to_adm_group: CottonmouthZ4c4m::sync_z4c
INFO (CarpetX): SyncGroups COTTONMOUTHZ4C4M::AT, COTTONMOUTHZ4C4M::GT, COTTONMOUTHZ4C4M::CHI, COTTONMOUTHZ4C4M::EVO_LAPSE, COTTONMOUTHZ4C4M::EVO_SHIFT, COTTONMOUTHZ4C4M::TRK
INFO (CarpetX): CallFunction iteration 22 z4c_to_adm_group: CottonmouthZ4c4m::z4c_to_adm
INFO (CarpetX): CallFunction iteration 22 ODESolvers_PostStep: CottonmouthZ4c4m::sync_state
INFO (CarpetX): SyncGroups COTTONMOUTHZ4C4M::AT, COTTONMOUTHZ4C4M::THETA, COTTONMOUTHZ4C4M::CHI, COTTONMOUTHZ4C4M::EVO_GAMMAT, COTTONMOUTHZ4C4M::EVO_LAPSE, COTTONMOUTHZ4C4M::EVO_SHIFT, COTTONMOUTHZ4C4M::GT, COTTONMOUTHZ4C4M::TRK
INFO (CarpetX): CallFunction iteration 22 TmunuBaseX_SetTmunuVars: TmunuBaseX::TmunuBaseX_ZeroTmunu
INFO (ODESolvers): Calculated new state #2 at t=0.215
INFO (ODESolvers): Calculating RHS #3 at t=0.215
INFO (CarpetX): CallFunction iteration 22 z4c_rhs_group: CottonmouthZ4c4m::z4c_rhs
INFO (CarpetX): CallFunction iteration 22 z4c_apply_dissipation_group: CottonmouthZ4c4m::z4c_apply_dissipation
INFO (CarpetX): CallFunction iteration 22 z4c_enforce_pt1_group: CottonmouthZ4c4m::z4c_enforce_pt1
INFO (CarpetX): CallFunction iteration 22 z4c_enforce_pt2_group: CottonmouthZ4c4m::z4c_enforce_pt2
INFO (CarpetX): CallFunction iteration 22 z4c_to_adm_group: CottonmouthZ4c4m::sync_z4c
INFO (CarpetX): SyncGroups COTTONMOUTHZ4C4M::AT, COTTONMOUTHZ4C4M::GT, COTTONMOUTHZ4C4M::CHI, COTTONMOUTHZ4C4M::EVO_LAPSE, COTTONMOUTHZ4C4M::EVO_SHIFT, COTTONMOUTHZ4C4M::TRK
INFO (CarpetX): CallFunction iteration 22 z4c_to_adm_group: CottonmouthZ4c4m::z4c_to_adm
INFO (CarpetX): CallFunction iteration 22 ODESolvers_PostStep: CottonmouthZ4c4m::sync_state
INFO (CarpetX): SyncGroups COTTONMOUTHZ4C4M::AT, COTTONMOUTHZ4C4M::THETA, COTTONMOUTHZ4C4M::CHI, COTTONMOUTHZ4C4M::EVO_GAMMAT, COTTONMOUTHZ4C4M::EVO_LAPSE, COTTONMOUTHZ4C4M::EVO_SHIFT, COTTONMOUTHZ4C4M::GT, COTTONMOUTHZ4C4M::TRK
INFO (CarpetX): CallFunction iteration 22 TmunuBaseX_SetTmunuVars: TmunuBaseX::TmunuBaseX_ZeroTmunu
INFO (ODESolvers): Calculated new state #3 at t=0.22
INFO (ODESolvers): Calculating RHS #4 at t=0.22
INFO (CarpetX): CallFunction iteration 22 z4c_rhs_group: CottonmouthZ4c4m::z4c_rhs
INFO (CarpetX): CallFunction iteration 22 z4c_apply_dissipation_group: CottonmouthZ4c4m::z4c_apply_dissipation
INFO (CarpetX): CallFunction iteration 22 z4c_enforce_pt1_group: CottonmouthZ4c4m::z4c_enforce_pt1
INFO (CarpetX): CallFunction iteration 22 z4c_enforce_pt2_group: CottonmouthZ4c4m::z4c_enforce_pt2
INFO (CarpetX): CallFunction iteration 22 z4c_to_adm_group: CottonmouthZ4c4m::sync_z4c
INFO (CarpetX): SyncGroups COTTONMOUTHZ4C4M::AT, COTTONMOUTHZ4C4M::GT, COTTONMOUTHZ4C4M::CHI, COTTONMOUTHZ4C4M::EVO_LAPSE, COTTONMOUTHZ4C4M::EVO_SHIFT, COTTONMOUTHZ4C4M::TRK
INFO (CarpetX): CallFunction iteration 22 z4c_to_adm_group: CottonmouthZ4c4m::z4c_to_adm
INFO (CarpetX): CallFunction iteration 22 ODESolvers_PostStep: CottonmouthZ4c4m::sync_state
INFO (CarpetX): SyncGroups COTTONMOUTHZ4C4M::AT, COTTONMOUTHZ4C4M::THETA, COTTONMOUTHZ4C4M::CHI, COTTONMOUTHZ4C4M::EVO_GAMMAT, COTTONMOUTHZ4C4M::EVO_LAPSE, COTTONMOUTHZ4C4M::EVO_SHIFT, COTTONMOUTHZ4C4M::GT, COTTONMOUTHZ4C4M::TRK
INFO (CarpetX): CallFunction iteration 22 TmunuBaseX_SetTmunuVars: TmunuBaseX::TmunuBaseX_ZeroTmunu
INFO (ODESolvers): Calculated new state #4 at t=0.22
INFO (CarpetX): ScheduleTraverseGH iteration 22 CCTK_POSTSTEP
INFO (CarpetX): CallFunction iteration 22 CCTK_POSTSTEP: CottonmouthLinearWaveID::StateSync_CottonmouthLinearWaveID
INFO (CarpetX): ScheduleTraverseGH iteration 22 CCTK_CHECKPOINT
INFO (CarpetX): CallFunction iteration 22 CCTK_CHECKPOINT: CarpetX::CarpetX_Checkpoint
INFO (CarpetX): ScheduleTraverseGH iteration 22 CCTK_ANALYSIS
INFO (CarpetX): CallFunction iteration 22 z4c_constraints_group: CottonmouthZ4c4m::z4c_constraints
INFO (CarpetX): OutputGH: iteration 22, time 0.220000, run time 3 s
INFO (CarpetX): OutputGH done.
INFO (CarpetX): Simulation time: 0.22   Iterations per second: 13.3159   Simulation time per second: 0.133159
INFO (CarpetX): Grid cells: 3200   Grid cell updates per second: 42610.9
INFO (CarpetX): Performance:
INFO (CarpetX):   total evolution time:            1.6545 sec
INFO (CarpetX):   total evolution compute time:    1.65438 sec
INFO (CarpetX):   total evolution output time:     0.000122309 sec
INFO (CarpetX):   total iterations:                22
INFO (CarpetX):   total cells updated:             70400
INFO (CarpetX):   average iterations per second: 13.2971
INFO (CarpetX):   average cell updates per second: 42550.6
INFO (CarpetX): SyncGroups COTTONMOUTHZ4C4M::AT, COTTONMOUTHZ4C4M::THETA, COTTONMOUTHZ4C4M::CHI, COTTONMOUTHZ4C4M::EVO_GAMMAT, COTTONMOUTHZ4C4M::EVO_LAPSE, COTTONMOUTHZ4C4M::EVO_SHIFT, COTTONMOUTHZ4C4M::GT, COTTONMOUTHZ4C4M::TRK
INFO (CarpetX): ScheduleTraverseGH iteration 23 CCTK_PRESTEP
INFO (CarpetX): ScheduleTraverseGH iteration 23 CCTK_EVOL
INFO (CarpetX): CallFunction iteration 23 CCTK_EVOL: ODESolvers::ODESolvers_Solve
INFO (ODESolvers): ODE integrator is RK4
INFO (ODESolvers):   Integrating 22 variables
INFO (ODESolvers): Calculating RHS #1 at t=0.22
INFO (CarpetX): CallFunction iteration 23 z4c_rhs_group: CottonmouthZ4c4m::z4c_rhs
INFO (CarpetX): CallFunction iteration 23 z4c_apply_dissipation_group: CottonmouthZ4c4m::z4c_apply_dissipation
INFO (CarpetX): CallFunction iteration 23 z4c_enforce_pt1_group: CottonmouthZ4c4m::z4c_enforce_pt1
INFO (CarpetX): CallFunction iteration 23 z4c_enforce_pt2_group: CottonmouthZ4c4m::z4c_enforce_pt2
INFO (CarpetX): CallFunction iteration 23 z4c_to_adm_group: CottonmouthZ4c4m::sync_z4c
INFO (CarpetX): SyncGroups COTTONMOUTHZ4C4M::AT, COTTONMOUTHZ4C4M::GT, COTTONMOUTHZ4C4M::CHI, COTTONMOUTHZ4C4M::EVO_LAPSE, COTTONMOUTHZ4C4M::EVO_SHIFT, COTTONMOUTHZ4C4M::TRK
INFO (CarpetX): CallFunction iteration 23 z4c_to_adm_group: CottonmouthZ4c4m::z4c_to_adm
INFO (CarpetX): CallFunction iteration 23 ODESolvers_PostStep: CottonmouthZ4c4m::sync_state
INFO (CarpetX): SyncGroups COTTONMOUTHZ4C4M::AT, COTTONMOUTHZ4C4M::THETA, COTTONMOUTHZ4C4M::CHI, COTTONMOUTHZ4C4M::EVO_GAMMAT, COTTONMOUTHZ4C4M::EVO_LAPSE, COTTONMOUTHZ4C4M::EVO_SHIFT, COTTONMOUTHZ4C4M::GT, COTTONMOUTHZ4C4M::TRK
INFO (CarpetX): CallFunction iteration 23 TmunuBaseX_SetTmunuVars: TmunuBaseX::TmunuBaseX_ZeroTmunu
INFO (ODESolvers): Calculated new state #1 at t=0.225
INFO (ODESolvers): Calculating RHS #2 at t=0.225
INFO (CarpetX): CallFunction iteration 23 z4c_rhs_group: CottonmouthZ4c4m::z4c_rhs
INFO (CarpetX): CallFunction iteration 23 z4c_apply_dissipation_group: CottonmouthZ4c4m::z4c_apply_dissipation
INFO (CarpetX): CallFunction iteration 23 z4c_enforce_pt1_group: CottonmouthZ4c4m::z4c_enforce_pt1
INFO (CarpetX): CallFunction iteration 23 z4c_enforce_pt2_group: CottonmouthZ4c4m::z4c_enforce_pt2
INFO (CarpetX): CallFunction iteration 23 z4c_to_adm_group: CottonmouthZ4c4m::sync_z4c
INFO (CarpetX): SyncGroups COTTONMOUTHZ4C4M::AT, COTTONMOUTHZ4C4M::GT, COTTONMOUTHZ4C4M::CHI, COTTONMOUTHZ4C4M::EVO_LAPSE, COTTONMOUTHZ4C4M::EVO_SHIFT, COTTONMOUTHZ4C4M::TRK
INFO (CarpetX): CallFunction iteration 23 z4c_to_adm_group: CottonmouthZ4c4m::z4c_to_adm
INFO (CarpetX): CallFunction iteration 23 ODESolvers_PostStep: CottonmouthZ4c4m::sync_state
INFO (CarpetX): SyncGroups COTTONMOUTHZ4C4M::AT, COTTONMOUTHZ4C4M::THETA, COTTONMOUTHZ4C4M::CHI, COTTONMOUTHZ4C4M::EVO_GAMMAT, COTTONMOUTHZ4C4M::EVO_LAPSE, COTTONMOUTHZ4C4M::EVO_SHIFT, COTTONMOUTHZ4C4M::GT, COTTONMOUTHZ4C4M::TRK
INFO (CarpetX): CallFunction iteration 23 TmunuBaseX_SetTmunuVars: TmunuBaseX::TmunuBaseX_ZeroTmunu
INFO (ODESolvers): Calculated new state #2 at t=0.225
INFO (ODESolvers): Calculating RHS #3 at t=0.225
INFO (CarpetX): CallFunction iteration 23 z4c_rhs_group: CottonmouthZ4c4m::z4c_rhs
INFO (CarpetX): CallFunction iteration 23 z4c_apply_dissipation_group: CottonmouthZ4c4m::z4c_apply_dissipation
INFO (CarpetX): CallFunction iteration 23 z4c_enforce_pt1_group: CottonmouthZ4c4m::z4c_enforce_pt1
INFO (CarpetX): CallFunction iteration 23 z4c_enforce_pt2_group: CottonmouthZ4c4m::z4c_enforce_pt2
INFO (CarpetX): CallFunction iteration 23 z4c_to_adm_group: CottonmouthZ4c4m::sync_z4c
INFO (CarpetX): SyncGroups COTTONMOUTHZ4C4M::AT, COTTONMOUTHZ4C4M::GT, COTTONMOUTHZ4C4M::CHI, COTTONMOUTHZ4C4M::EVO_LAPSE, COTTONMOUTHZ4C4M::EVO_SHIFT, COTTONMOUTHZ4C4M::TRK
INFO (CarpetX): CallFunction iteration 23 z4c_to_adm_group: CottonmouthZ4c4m::z4c_to_adm
INFO (CarpetX): CallFunction iteration 23 ODESolvers_PostStep: CottonmouthZ4c4m::sync_state
INFO (CarpetX): SyncGroups COTTONMOUTHZ4C4M::AT, COTTONMOUTHZ4C4M::THETA, COTTONMOUTHZ4C4M::CHI, COTTONMOUTHZ4C4M::EVO_GAMMAT, COTTONMOUTHZ4C4M::EVO_LAPSE, COTTONMOUTHZ4C4M::EVO_SHIFT, COTTONMOUTHZ4C4M::GT, COTTONMOUTHZ4C4M::TRK
INFO (CarpetX): CallFunction iteration 23 TmunuBaseX_SetTmunuVars: TmunuBaseX::TmunuBaseX_ZeroTmunu
INFO (ODESolvers): Calculated new state #3 at t=0.23
INFO (ODESolvers): Calculating RHS #4 at t=0.23
INFO (CarpetX): CallFunction iteration 23 z4c_rhs_group: CottonmouthZ4c4m::z4c_rhs
INFO (CarpetX): CallFunction iteration 23 z4c_apply_dissipation_group: CottonmouthZ4c4m::z4c_apply_dissipation
INFO (CarpetX): CallFunction iteration 23 z4c_enforce_pt1_group: CottonmouthZ4c4m::z4c_enforce_pt1
INFO (CarpetX): CallFunction iteration 23 z4c_enforce_pt2_group: CottonmouthZ4c4m::z4c_enforce_pt2
INFO (CarpetX): CallFunction iteration 23 z4c_to_adm_group: CottonmouthZ4c4m::sync_z4c
INFO (CarpetX): SyncGroups COTTONMOUTHZ4C4M::AT, COTTONMOUTHZ4C4M::GT, COTTONMOUTHZ4C4M::CHI, COTTONMOUTHZ4C4M::EVO_LAPSE, COTTONMOUTHZ4C4M::EVO_SHIFT, COTTONMOUTHZ4C4M::TRK
INFO (CarpetX): CallFunction iteration 23 z4c_to_adm_group: CottonmouthZ4c4m::z4c_to_adm
INFO (CarpetX): CallFunction iteration 23 ODESolvers_PostStep: CottonmouthZ4c4m::sync_state
INFO (CarpetX): SyncGroups COTTONMOUTHZ4C4M::AT, COTTONMOUTHZ4C4M::THETA, COTTONMOUTHZ4C4M::CHI, COTTONMOUTHZ4C4M::EVO_GAMMAT, COTTONMOUTHZ4C4M::EVO_LAPSE, COTTONMOUTHZ4C4M::EVO_SHIFT, COTTONMOUTHZ4C4M::GT, COTTONMOUTHZ4C4M::TRK
INFO (CarpetX): CallFunction iteration 23 TmunuBaseX_SetTmunuVars: TmunuBaseX::TmunuBaseX_ZeroTmunu
INFO (ODESolvers): Calculated new state #4 at t=0.23
INFO (CarpetX): ScheduleTraverseGH iteration 23 CCTK_POSTSTEP
INFO (CarpetX): CallFunction iteration 23 CCTK_POSTSTEP: CottonmouthLinearWaveID::StateSync_CottonmouthLinearWaveID
INFO (CarpetX): ScheduleTraverseGH iteration 23 CCTK_CHECKPOINT
INFO (CarpetX): CallFunction iteration 23 CCTK_CHECKPOINT: CarpetX::CarpetX_Checkpoint
INFO (CarpetX): ScheduleTraverseGH iteration 23 CCTK_ANALYSIS
INFO (CarpetX): CallFunction iteration 23 z4c_constraints_group: CottonmouthZ4c4m::z4c_constraints
INFO (CarpetX): OutputGH: iteration 23, time 0.230000, run time 3 s
INFO (CarpetX): OutputGH done.
INFO (CarpetX): Simulation time: 0.23   Iterations per second: 13.3193   Simulation time per second: 0.133193
INFO (CarpetX): Grid cells: 3200   Grid cell updates per second: 42621.7
INFO (CarpetX): Performance:
INFO (CarpetX):   total evolution time:            1.72941 sec
INFO (CarpetX):   total evolution compute time:    1.72928 sec
INFO (CarpetX):   total evolution output time:     0.000128269 sec
INFO (CarpetX):   total iterations:                23
INFO (CarpetX):   total cells updated:             73600
INFO (CarpetX):   average iterations per second: 13.2993
INFO (CarpetX):   average cell updates per second: 42557.9
INFO (CarpetX): SyncGroups COTTONMOUTHZ4C4M::AT, COTTONMOUTHZ4C4M::THETA, COTTONMOUTHZ4C4M::CHI, COTTONMOUTHZ4C4M::EVO_GAMMAT, COTTONMOUTHZ4C4M::EVO_LAPSE, COTTONMOUTHZ4C4M::EVO_SHIFT, COTTONMOUTHZ4C4M::GT, COTTONMOUTHZ4C4M::TRK
INFO (CarpetX): ScheduleTraverseGH iteration 24 CCTK_PRESTEP
INFO (CarpetX): ScheduleTraverseGH iteration 24 CCTK_EVOL
INFO (CarpetX): CallFunction iteration 24 CCTK_EVOL: ODESolvers::ODESolvers_Solve
INFO (ODESolvers): ODE integrator is RK4
INFO (ODESolvers):   Integrating 22 variables
INFO (ODESolvers): Calculating RHS #1 at t=0.23
INFO (CarpetX): CallFunction iteration 24 z4c_rhs_group: CottonmouthZ4c4m::z4c_rhs
INFO (CarpetX): CallFunction iteration 24 z4c_apply_dissipation_group: CottonmouthZ4c4m::z4c_apply_dissipation
INFO (CarpetX): CallFunction iteration 24 z4c_enforce_pt1_group: CottonmouthZ4c4m::z4c_enforce_pt1
INFO (CarpetX): CallFunction iteration 24 z4c_enforce_pt2_group: CottonmouthZ4c4m::z4c_enforce_pt2
INFO (CarpetX): CallFunction iteration 24 z4c_to_adm_group: CottonmouthZ4c4m::sync_z4c
INFO (CarpetX): SyncGroups COTTONMOUTHZ4C4M::AT, COTTONMOUTHZ4C4M::GT, COTTONMOUTHZ4C4M::CHI, COTTONMOUTHZ4C4M::EVO_LAPSE, COTTONMOUTHZ4C4M::EVO_SHIFT, COTTONMOUTHZ4C4M::TRK
INFO (CarpetX): CallFunction iteration 24 z4c_to_adm_group: CottonmouthZ4c4m::z4c_to_adm
INFO (CarpetX): CallFunction iteration 24 ODESolvers_PostStep: CottonmouthZ4c4m::sync_state
INFO (CarpetX): SyncGroups COTTONMOUTHZ4C4M::AT, COTTONMOUTHZ4C4M::THETA, COTTONMOUTHZ4C4M::CHI, COTTONMOUTHZ4C4M::EVO_GAMMAT, COTTONMOUTHZ4C4M::EVO_LAPSE, COTTONMOUTHZ4C4M::EVO_SHIFT, COTTONMOUTHZ4C4M::GT, COTTONMOUTHZ4C4M::TRK
INFO (CarpetX): CallFunction iteration 24 TmunuBaseX_SetTmunuVars: TmunuBaseX::TmunuBaseX_ZeroTmunu
INFO (ODESolvers): Calculated new state #1 at t=0.235
INFO (ODESolvers): Calculating RHS #2 at t=0.235
INFO (CarpetX): CallFunction iteration 24 z4c_rhs_group: CottonmouthZ4c4m::z4c_rhs
INFO (CarpetX): CallFunction iteration 24 z4c_apply_dissipation_group: CottonmouthZ4c4m::z4c_apply_dissipation
INFO (CarpetX): CallFunction iteration 24 z4c_enforce_pt1_group: CottonmouthZ4c4m::z4c_enforce_pt1
INFO (CarpetX): CallFunction iteration 24 z4c_enforce_pt2_group: CottonmouthZ4c4m::z4c_enforce_pt2
INFO (CarpetX): CallFunction iteration 24 z4c_to_adm_group: CottonmouthZ4c4m::sync_z4c
INFO (CarpetX): SyncGroups COTTONMOUTHZ4C4M::AT, COTTONMOUTHZ4C4M::GT, COTTONMOUTHZ4C4M::CHI, COTTONMOUTHZ4C4M::EVO_LAPSE, COTTONMOUTHZ4C4M::EVO_SHIFT, COTTONMOUTHZ4C4M::TRK
INFO (CarpetX): CallFunction iteration 24 z4c_to_adm_group: CottonmouthZ4c4m::z4c_to_adm
INFO (CarpetX): CallFunction iteration 24 ODESolvers_PostStep: CottonmouthZ4c4m::sync_state
INFO (CarpetX): SyncGroups COTTONMOUTHZ4C4M::AT, COTTONMOUTHZ4C4M::THETA, COTTONMOUTHZ4C4M::CHI, COTTONMOUTHZ4C4M::EVO_GAMMAT, COTTONMOUTHZ4C4M::EVO_LAPSE, COTTONMOUTHZ4C4M::EVO_SHIFT, COTTONMOUTHZ4C4M::GT, COTTONMOUTHZ4C4M::TRK
INFO (CarpetX): CallFunction iteration 24 TmunuBaseX_SetTmunuVars: TmunuBaseX::TmunuBaseX_ZeroTmunu
INFO (ODESolvers): Calculated new state #2 at t=0.235
INFO (ODESolvers): Calculating RHS #3 at t=0.235
INFO (CarpetX): CallFunction iteration 24 z4c_rhs_group: CottonmouthZ4c4m::z4c_rhs
INFO (CarpetX): CallFunction iteration 24 z4c_apply_dissipation_group: CottonmouthZ4c4m::z4c_apply_dissipation
INFO (CarpetX): CallFunction iteration 24 z4c_enforce_pt1_group: CottonmouthZ4c4m::z4c_enforce_pt1
INFO (CarpetX): CallFunction iteration 24 z4c_enforce_pt2_group: CottonmouthZ4c4m::z4c_enforce_pt2
INFO (CarpetX): CallFunction iteration 24 z4c_to_adm_group: CottonmouthZ4c4m::sync_z4c
INFO (CarpetX): SyncGroups COTTONMOUTHZ4C4M::AT, COTTONMOUTHZ4C4M::GT, COTTONMOUTHZ4C4M::CHI, COTTONMOUTHZ4C4M::EVO_LAPSE, COTTONMOUTHZ4C4M::EVO_SHIFT, COTTONMOUTHZ4C4M::TRK
INFO (CarpetX): CallFunction iteration 24 z4c_to_adm_group: CottonmouthZ4c4m::z4c_to_adm
INFO (CarpetX): CallFunction iteration 24 ODESolvers_PostStep: CottonmouthZ4c4m::sync_state
INFO (CarpetX): SyncGroups COTTONMOUTHZ4C4M::AT, COTTONMOUTHZ4C4M::THETA, COTTONMOUTHZ4C4M::CHI, COTTONMOUTHZ4C4M::EVO_GAMMAT, COTTONMOUTHZ4C4M::EVO_LAPSE, COTTONMOUTHZ4C4M::EVO_SHIFT, COTTONMOUTHZ4C4M::GT, COTTONMOUTHZ4C4M::TRK
INFO (CarpetX): CallFunction iteration 24 TmunuBaseX_SetTmunuVars: TmunuBaseX::TmunuBaseX_ZeroTmunu
INFO (ODESolvers): Calculated new state #3 at t=0.24
INFO (ODESolvers): Calculating RHS #4 at t=0.24
INFO (CarpetX): CallFunction iteration 24 z4c_rhs_group: CottonmouthZ4c4m::z4c_rhs
INFO (CarpetX): CallFunction iteration 24 z4c_apply_dissipation_group: CottonmouthZ4c4m::z4c_apply_dissipation
INFO (CarpetX): CallFunction iteration 24 z4c_enforce_pt1_group: CottonmouthZ4c4m::z4c_enforce_pt1
INFO (CarpetX): CallFunction iteration 24 z4c_enforce_pt2_group: CottonmouthZ4c4m::z4c_enforce_pt2
INFO (CarpetX): CallFunction iteration 24 z4c_to_adm_group: CottonmouthZ4c4m::sync_z4c
INFO (CarpetX): SyncGroups COTTONMOUTHZ4C4M::AT, COTTONMOUTHZ4C4M::GT, COTTONMOUTHZ4C4M::CHI, COTTONMOUTHZ4C4M::EVO_LAPSE, COTTONMOUTHZ4C4M::EVO_SHIFT, COTTONMOUTHZ4C4M::TRK
INFO (CarpetX): CallFunction iteration 24 z4c_to_adm_group: CottonmouthZ4c4m::z4c_to_adm
INFO (CarpetX): CallFunction iteration 24 ODESolvers_PostStep: CottonmouthZ4c4m::sync_state
INFO (CarpetX): SyncGroups COTTONMOUTHZ4C4M::AT, COTTONMOUTHZ4C4M::THETA, COTTONMOUTHZ4C4M::CHI, COTTONMOUTHZ4C4M::EVO_GAMMAT, COTTONMOUTHZ4C4M::EVO_LAPSE, COTTONMOUTHZ4C4M::EVO_SHIFT, COTTONMOUTHZ4C4M::GT, COTTONMOUTHZ4C4M::TRK
INFO (CarpetX): CallFunction iteration 24 TmunuBaseX_SetTmunuVars: TmunuBaseX::TmunuBaseX_ZeroTmunu
INFO (ODESolvers): Calculated new state #4 at t=0.24
INFO (CarpetX): ScheduleTraverseGH iteration 24 CCTK_POSTSTEP
INFO (CarpetX): CallFunction iteration 24 CCTK_POSTSTEP: CottonmouthLinearWaveID::StateSync_CottonmouthLinearWaveID
INFO (CarpetX): ScheduleTraverseGH iteration 24 CCTK_CHECKPOINT
INFO (CarpetX): CallFunction iteration 24 CCTK_CHECKPOINT: CarpetX::CarpetX_Checkpoint
INFO (CarpetX): ScheduleTraverseGH iteration 24 CCTK_ANALYSIS
INFO (CarpetX): CallFunction iteration 24 z4c_constraints_group: CottonmouthZ4c4m::z4c_constraints
INFO (CarpetX): OutputGH: iteration 24, time 0.240000, run time 3 s
INFO (CarpetX): OutputGH done.
INFO (CarpetX): Simulation time: 0.24   Iterations per second: 13.3231   Simulation time per second: 0.133231
INFO (CarpetX): Grid cells: 3200   Grid cell updates per second: 42634
INFO (CarpetX): Performance:
INFO (CarpetX):   total evolution time:            1.80427 sec
INFO (CarpetX):   total evolution compute time:    1.80414 sec
INFO (CarpetX):   total evolution output time:     0.00013423 sec
INFO (CarpetX):   total iterations:                24
INFO (CarpetX):   total cells updated:             76800
INFO (CarpetX):   average iterations per second: 13.3018
INFO (CarpetX):   average cell updates per second: 42565.7
INFO (CarpetX): SyncGroups COTTONMOUTHZ4C4M::AT, COTTONMOUTHZ4C4M::THETA, COTTONMOUTHZ4C4M::CHI, COTTONMOUTHZ4C4M::EVO_GAMMAT, COTTONMOUTHZ4C4M::EVO_LAPSE, COTTONMOUTHZ4C4M::EVO_SHIFT, COTTONMOUTHZ4C4M::GT, COTTONMOUTHZ4C4M::TRK
INFO (CarpetX): ScheduleTraverseGH iteration 25 CCTK_PRESTEP
INFO (CarpetX): ScheduleTraverseGH iteration 25 CCTK_EVOL
INFO (CarpetX): CallFunction iteration 25 CCTK_EVOL: ODESolvers::ODESolvers_Solve
INFO (ODESolvers): ODE integrator is RK4
INFO (ODESolvers):   Integrating 22 variables
INFO (ODESolvers): Calculating RHS #1 at t=0.24
INFO (CarpetX): CallFunction iteration 25 z4c_rhs_group: CottonmouthZ4c4m::z4c_rhs
INFO (CarpetX): CallFunction iteration 25 z4c_apply_dissipation_group: CottonmouthZ4c4m::z4c_apply_dissipation
INFO (CarpetX): CallFunction iteration 25 z4c_enforce_pt1_group: CottonmouthZ4c4m::z4c_enforce_pt1
INFO (CarpetX): CallFunction iteration 25 z4c_enforce_pt2_group: CottonmouthZ4c4m::z4c_enforce_pt2
INFO (CarpetX): CallFunction iteration 25 z4c_to_adm_group: CottonmouthZ4c4m::sync_z4c
INFO (CarpetX): SyncGroups COTTONMOUTHZ4C4M::AT, COTTONMOUTHZ4C4M::GT, COTTONMOUTHZ4C4M::CHI, COTTONMOUTHZ4C4M::EVO_LAPSE, COTTONMOUTHZ4C4M::EVO_SHIFT, COTTONMOUTHZ4C4M::TRK
INFO (CarpetX): CallFunction iteration 25 z4c_to_adm_group: CottonmouthZ4c4m::z4c_to_adm
INFO (CarpetX): CallFunction iteration 25 ODESolvers_PostStep: CottonmouthZ4c4m::sync_state
INFO (CarpetX): SyncGroups COTTONMOUTHZ4C4M::AT, COTTONMOUTHZ4C4M::THETA, COTTONMOUTHZ4C4M::CHI, COTTONMOUTHZ4C4M::EVO_GAMMAT, COTTONMOUTHZ4C4M::EVO_LAPSE, COTTONMOUTHZ4C4M::EVO_SHIFT, COTTONMOUTHZ4C4M::GT, COTTONMOUTHZ4C4M::TRK
INFO (CarpetX): CallFunction iteration 25 TmunuBaseX_SetTmunuVars: TmunuBaseX::TmunuBaseX_ZeroTmunu
INFO (ODESolvers): Calculated new state #1 at t=0.245
INFO (ODESolvers): Calculating RHS #2 at t=0.245
INFO (CarpetX): CallFunction iteration 25 z4c_rhs_group: CottonmouthZ4c4m::z4c_rhs
INFO (CarpetX): CallFunction iteration 25 z4c_apply_dissipation_group: CottonmouthZ4c4m::z4c_apply_dissipation
INFO (CarpetX): CallFunction iteration 25 z4c_enforce_pt1_group: CottonmouthZ4c4m::z4c_enforce_pt1
INFO (CarpetX): CallFunction iteration 25 z4c_enforce_pt2_group: CottonmouthZ4c4m::z4c_enforce_pt2
INFO (CarpetX): CallFunction iteration 25 z4c_to_adm_group: CottonmouthZ4c4m::sync_z4c
INFO (CarpetX): SyncGroups COTTONMOUTHZ4C4M::AT, COTTONMOUTHZ4C4M::GT, COTTONMOUTHZ4C4M::CHI, COTTONMOUTHZ4C4M::EVO_LAPSE, COTTONMOUTHZ4C4M::EVO_SHIFT, COTTONMOUTHZ4C4M::TRK
INFO (CarpetX): CallFunction iteration 25 z4c_to_adm_group: CottonmouthZ4c4m::z4c_to_adm
INFO (CarpetX): CallFunction iteration 25 ODESolvers_PostStep: CottonmouthZ4c4m::sync_state
INFO (CarpetX): SyncGroups COTTONMOUTHZ4C4M::AT, COTTONMOUTHZ4C4M::THETA, COTTONMOUTHZ4C4M::CHI, COTTONMOUTHZ4C4M::EVO_GAMMAT, COTTONMOUTHZ4C4M::EVO_LAPSE, COTTONMOUTHZ4C4M::EVO_SHIFT, COTTONMOUTHZ4C4M::GT, COTTONMOUTHZ4C4M::TRK
INFO (CarpetX): CallFunction iteration 25 TmunuBaseX_SetTmunuVars: TmunuBaseX::TmunuBaseX_ZeroTmunu
INFO (ODESolvers): Calculated new state #2 at t=0.245
INFO (ODESolvers): Calculating RHS #3 at t=0.245
INFO (CarpetX): CallFunction iteration 25 z4c_rhs_group: CottonmouthZ4c4m::z4c_rhs
INFO (CarpetX): CallFunction iteration 25 z4c_apply_dissipation_group: CottonmouthZ4c4m::z4c_apply_dissipation
INFO (CarpetX): CallFunction iteration 25 z4c_enforce_pt1_group: CottonmouthZ4c4m::z4c_enforce_pt1
INFO (CarpetX): CallFunction iteration 25 z4c_enforce_pt2_group: CottonmouthZ4c4m::z4c_enforce_pt2
INFO (CarpetX): CallFunction iteration 25 z4c_to_adm_group: CottonmouthZ4c4m::sync_z4c
INFO (CarpetX): SyncGroups COTTONMOUTHZ4C4M::AT, COTTONMOUTHZ4C4M::GT, COTTONMOUTHZ4C4M::CHI, COTTONMOUTHZ4C4M::EVO_LAPSE, COTTONMOUTHZ4C4M::EVO_SHIFT, COTTONMOUTHZ4C4M::TRK
INFO (CarpetX): CallFunction iteration 25 z4c_to_adm_group: CottonmouthZ4c4m::z4c_to_adm
INFO (CarpetX): CallFunction iteration 25 ODESolvers_PostStep: CottonmouthZ4c4m::sync_state
INFO (CarpetX): SyncGroups COTTONMOUTHZ4C4M::AT, COTTONMOUTHZ4C4M::THETA, COTTONMOUTHZ4C4M::CHI, COTTONMOUTHZ4C4M::EVO_GAMMAT, COTTONMOUTHZ4C4M::EVO_LAPSE, COTTONMOUTHZ4C4M::EVO_SHIFT, COTTONMOUTHZ4C4M::GT, COTTONMOUTHZ4C4M::TRK
INFO (CarpetX): CallFunction iteration 25 TmunuBaseX_SetTmunuVars: TmunuBaseX::TmunuBaseX_ZeroTmunu
INFO (ODESolvers): Calculated new state #3 at t=0.25
INFO (ODESolvers): Calculating RHS #4 at t=0.25
INFO (CarpetX): CallFunction iteration 25 z4c_rhs_group: CottonmouthZ4c4m::z4c_rhs
INFO (CarpetX): CallFunction iteration 25 z4c_apply_dissipation_group: CottonmouthZ4c4m::z4c_apply_dissipation
INFO (CarpetX): CallFunction iteration 25 z4c_enforce_pt1_group: CottonmouthZ4c4m::z4c_enforce_pt1
INFO (CarpetX): CallFunction iteration 25 z4c_enforce_pt2_group: CottonmouthZ4c4m::z4c_enforce_pt2
INFO (CarpetX): CallFunction iteration 25 z4c_to_adm_group: CottonmouthZ4c4m::sync_z4c
INFO (CarpetX): SyncGroups COTTONMOUTHZ4C4M::AT, COTTONMOUTHZ4C4M::GT, COTTONMOUTHZ4C4M::CHI, COTTONMOUTHZ4C4M::EVO_LAPSE, COTTONMOUTHZ4C4M::EVO_SHIFT, COTTONMOUTHZ4C4M::TRK
INFO (CarpetX): CallFunction iteration 25 z4c_to_adm_group: CottonmouthZ4c4m::z4c_to_adm
INFO (CarpetX): CallFunction iteration 25 ODESolvers_PostStep: CottonmouthZ4c4m::sync_state
INFO (CarpetX): SyncGroups COTTONMOUTHZ4C4M::AT, COTTONMOUTHZ4C4M::THETA, COTTONMOUTHZ4C4M::CHI, COTTONMOUTHZ4C4M::EVO_GAMMAT, COTTONMOUTHZ4C4M::EVO_LAPSE, COTTONMOUTHZ4C4M::EVO_SHIFT, COTTONMOUTHZ4C4M::GT, COTTONMOUTHZ4C4M::TRK
INFO (CarpetX): CallFunction iteration 25 TmunuBaseX_SetTmunuVars: TmunuBaseX::TmunuBaseX_ZeroTmunu
INFO (ODESolvers): Calculated new state #4 at t=0.25
INFO (CarpetX): ScheduleTraverseGH iteration 25 CCTK_POSTSTEP
INFO (CarpetX): CallFunction iteration 25 CCTK_POSTSTEP: CottonmouthLinearWaveID::StateSync_CottonmouthLinearWaveID
INFO (CarpetX): ScheduleTraverseGH iteration 25 CCTK_CHECKPOINT
INFO (CarpetX): CallFunction iteration 25 CCTK_CHECKPOINT: CarpetX::CarpetX_Checkpoint
INFO (CarpetX): ScheduleTraverseGH iteration 25 CCTK_ANALYSIS
INFO (CarpetX): CallFunction iteration 25 z4c_constraints_group: CottonmouthZ4c4m::z4c_constraints
INFO (CarpetX): OutputGH: iteration 25, time 0.250000, run time 3 s
INFO (CarpetX): OutputGH done.
INFO (CarpetX): Simulation time: 0.25   Iterations per second: 13.3238   Simulation time per second: 0.133238
INFO (CarpetX): Grid cells: 3200   Grid cell updates per second: 42636.1
INFO (CarpetX): Performance:
INFO (CarpetX):   total evolution time:            1.87929 sec
INFO (CarpetX):   total evolution compute time:    1.87915 sec
INFO (CarpetX):   total evolution output time:     0.00014019 sec
INFO (CarpetX):   total iterations:                25
INFO (CarpetX):   total cells updated:             80000
INFO (CarpetX):   average iterations per second: 13.3029
INFO (CarpetX):   average cell updates per second: 42569.3
INFO (CarpetX): SyncGroups COTTONMOUTHZ4C4M::AT, COTTONMOUTHZ4C4M::THETA, COTTONMOUTHZ4C4M::CHI, COTTONMOUTHZ4C4M::EVO_GAMMAT, COTTONMOUTHZ4C4M::EVO_LAPSE, COTTONMOUTHZ4C4M::EVO_SHIFT, COTTONMOUTHZ4C4M::GT, COTTONMOUTHZ4C4M::TRK
INFO (CarpetX): ScheduleTraverseGH iteration 26 CCTK_PRESTEP
INFO (CarpetX): ScheduleTraverseGH iteration 26 CCTK_EVOL
INFO (CarpetX): CallFunction iteration 26 CCTK_EVOL: ODESolvers::ODESolvers_Solve
INFO (ODESolvers): ODE integrator is RK4
INFO (ODESolvers):   Integrating 22 variables
INFO (ODESolvers): Calculating RHS #1 at t=0.25
INFO (CarpetX): CallFunction iteration 26 z4c_rhs_group: CottonmouthZ4c4m::z4c_rhs
INFO (CarpetX): CallFunction iteration 26 z4c_apply_dissipation_group: CottonmouthZ4c4m::z4c_apply_dissipation
INFO (CarpetX): CallFunction iteration 26 z4c_enforce_pt1_group: CottonmouthZ4c4m::z4c_enforce_pt1
INFO (CarpetX): CallFunction iteration 26 z4c_enforce_pt2_group: CottonmouthZ4c4m::z4c_enforce_pt2
INFO (CarpetX): CallFunction iteration 26 z4c_to_adm_group: CottonmouthZ4c4m::sync_z4c
INFO (CarpetX): SyncGroups COTTONMOUTHZ4C4M::AT, COTTONMOUTHZ4C4M::GT, COTTONMOUTHZ4C4M::CHI, COTTONMOUTHZ4C4M::EVO_LAPSE, COTTONMOUTHZ4C4M::EVO_SHIFT, COTTONMOUTHZ4C4M::TRK
INFO (CarpetX): CallFunction iteration 26 z4c_to_adm_group: CottonmouthZ4c4m::z4c_to_adm
INFO (CarpetX): CallFunction iteration 26 ODESolvers_PostStep: CottonmouthZ4c4m::sync_state
INFO (CarpetX): SyncGroups COTTONMOUTHZ4C4M::AT, COTTONMOUTHZ4C4M::THETA, COTTONMOUTHZ4C4M::CHI, COTTONMOUTHZ4C4M::EVO_GAMMAT, COTTONMOUTHZ4C4M::EVO_LAPSE, COTTONMOUTHZ4C4M::EVO_SHIFT, COTTONMOUTHZ4C4M::GT, COTTONMOUTHZ4C4M::TRK
INFO (CarpetX): CallFunction iteration 26 TmunuBaseX_SetTmunuVars: TmunuBaseX::TmunuBaseX_ZeroTmunu
INFO (ODESolvers): Calculated new state #1 at t=0.255
INFO (ODESolvers): Calculating RHS #2 at t=0.255
INFO (CarpetX): CallFunction iteration 26 z4c_rhs_group: CottonmouthZ4c4m::z4c_rhs
INFO (CarpetX): CallFunction iteration 26 z4c_apply_dissipation_group: CottonmouthZ4c4m::z4c_apply_dissipation
INFO (CarpetX): CallFunction iteration 26 z4c_enforce_pt1_group: CottonmouthZ4c4m::z4c_enforce_pt1
INFO (CarpetX): CallFunction iteration 26 z4c_enforce_pt2_group: CottonmouthZ4c4m::z4c_enforce_pt2
INFO (CarpetX): CallFunction iteration 26 z4c_to_adm_group: CottonmouthZ4c4m::sync_z4c
INFO (CarpetX): SyncGroups COTTONMOUTHZ4C4M::AT, COTTONMOUTHZ4C4M::GT, COTTONMOUTHZ4C4M::CHI, COTTONMOUTHZ4C4M::EVO_LAPSE, COTTONMOUTHZ4C4M::EVO_SHIFT, COTTONMOUTHZ4C4M::TRK
INFO (CarpetX): CallFunction iteration 26 z4c_to_adm_group: CottonmouthZ4c4m::z4c_to_adm
INFO (CarpetX): CallFunction iteration 26 ODESolvers_PostStep: CottonmouthZ4c4m::sync_state
INFO (CarpetX): SyncGroups COTTONMOUTHZ4C4M::AT, COTTONMOUTHZ4C4M::THETA, COTTONMOUTHZ4C4M::CHI, COTTONMOUTHZ4C4M::EVO_GAMMAT, COTTONMOUTHZ4C4M::EVO_LAPSE, COTTONMOUTHZ4C4M::EVO_SHIFT, COTTONMOUTHZ4C4M::GT, COTTONMOUTHZ4C4M::TRK
INFO (CarpetX): CallFunction iteration 26 TmunuBaseX_SetTmunuVars: TmunuBaseX::TmunuBaseX_ZeroTmunu
INFO (ODESolvers): Calculated new state #2 at t=0.255
INFO (ODESolvers): Calculating RHS #3 at t=0.255
INFO (CarpetX): CallFunction iteration 26 z4c_rhs_group: CottonmouthZ4c4m::z4c_rhs
INFO (CarpetX): CallFunction iteration 26 z4c_apply_dissipation_group: CottonmouthZ4c4m::z4c_apply_dissipation
INFO (CarpetX): CallFunction iteration 26 z4c_enforce_pt1_group: CottonmouthZ4c4m::z4c_enforce_pt1
INFO (CarpetX): CallFunction iteration 26 z4c_enforce_pt2_group: CottonmouthZ4c4m::z4c_enforce_pt2
INFO (CarpetX): CallFunction iteration 26 z4c_to_adm_group: CottonmouthZ4c4m::sync_z4c
INFO (CarpetX): SyncGroups COTTONMOUTHZ4C4M::AT, COTTONMOUTHZ4C4M::GT, COTTONMOUTHZ4C4M::CHI, COTTONMOUTHZ4C4M::EVO_LAPSE, COTTONMOUTHZ4C4M::EVO_SHIFT, COTTONMOUTHZ4C4M::TRK
INFO (CarpetX): CallFunction iteration 26 z4c_to_adm_group: CottonmouthZ4c4m::z4c_to_adm
INFO (CarpetX): CallFunction iteration 26 ODESolvers_PostStep: CottonmouthZ4c4m::sync_state
INFO (CarpetX): SyncGroups COTTONMOUTHZ4C4M::AT, COTTONMOUTHZ4C4M::THETA, COTTONMOUTHZ4C4M::CHI, COTTONMOUTHZ4C4M::EVO_GAMMAT, COTTONMOUTHZ4C4M::EVO_LAPSE, COTTONMOUTHZ4C4M::EVO_SHIFT, COTTONMOUTHZ4C4M::GT, COTTONMOUTHZ4C4M::TRK
INFO (CarpetX): CallFunction iteration 26 TmunuBaseX_SetTmunuVars: TmunuBaseX::TmunuBaseX_ZeroTmunu
INFO (ODESolvers): Calculated new state #3 at t=0.26
INFO (ODESolvers): Calculating RHS #4 at t=0.26
INFO (CarpetX): CallFunction iteration 26 z4c_rhs_group: CottonmouthZ4c4m::z4c_rhs
INFO (CarpetX): CallFunction iteration 26 z4c_apply_dissipation_group: CottonmouthZ4c4m::z4c_apply_dissipation
INFO (CarpetX): CallFunction iteration 26 z4c_enforce_pt1_group: CottonmouthZ4c4m::z4c_enforce_pt1
INFO (CarpetX): CallFunction iteration 26 z4c_enforce_pt2_group: CottonmouthZ4c4m::z4c_enforce_pt2
INFO (CarpetX): CallFunction iteration 26 z4c_to_adm_group: CottonmouthZ4c4m::sync_z4c
INFO (CarpetX): SyncGroups COTTONMOUTHZ4C4M::AT, COTTONMOUTHZ4C4M::GT, COTTONMOUTHZ4C4M::CHI, COTTONMOUTHZ4C4M::EVO_LAPSE, COTTONMOUTHZ4C4M::EVO_SHIFT, COTTONMOUTHZ4C4M::TRK
INFO (CarpetX): CallFunction iteration 26 z4c_to_adm_group: CottonmouthZ4c4m::z4c_to_adm
INFO (CarpetX): CallFunction iteration 26 ODESolvers_PostStep: CottonmouthZ4c4m::sync_state
INFO (CarpetX): SyncGroups COTTONMOUTHZ4C4M::AT, COTTONMOUTHZ4C4M::THETA, COTTONMOUTHZ4C4M::CHI, COTTONMOUTHZ4C4M::EVO_GAMMAT, COTTONMOUTHZ4C4M::EVO_LAPSE, COTTONMOUTHZ4C4M::EVO_SHIFT, COTTONMOUTHZ4C4M::GT, COTTONMOUTHZ4C4M::TRK
INFO (CarpetX): CallFunction iteration 26 TmunuBaseX_SetTmunuVars: TmunuBaseX::TmunuBaseX_ZeroTmunu
INFO (ODESolvers): Calculated new state #4 at t=0.26
INFO (CarpetX): ScheduleTraverseGH iteration 26 CCTK_POSTSTEP
INFO (CarpetX): CallFunction iteration 26 CCTK_POSTSTEP: CottonmouthLinearWaveID::StateSync_CottonmouthLinearWaveID
INFO (CarpetX): ScheduleTraverseGH iteration 26 CCTK_CHECKPOINT
INFO (CarpetX): CallFunction iteration 26 CCTK_CHECKPOINT: CarpetX::CarpetX_Checkpoint
INFO (CarpetX): ScheduleTraverseGH iteration 26 CCTK_ANALYSIS
INFO (CarpetX): CallFunction iteration 26 z4c_constraints_group: CottonmouthZ4c4m::z4c_constraints
INFO (CarpetX): OutputGH: iteration 26, time 0.260000, run time 3 s
INFO (CarpetX): OutputGH done.
INFO (CarpetX): Simulation time: 0.26   Iterations per second: 13.3215   Simulation time per second: 0.133215
INFO (CarpetX): Grid cells: 3200   Grid cell updates per second: 42628.9
INFO (CarpetX): Performance:
INFO (CarpetX):   total evolution time:            1.95447 sec
INFO (CarpetX):   total evolution compute time:    1.95433 sec
INFO (CarpetX):   total evolution output time:     0.000146151 sec
INFO (CarpetX):   total iterations:                26
INFO (CarpetX):   total cells updated:             83200
INFO (CarpetX):   average iterations per second: 13.3028
INFO (CarpetX):   average cell updates per second: 42569.1
INFO (CarpetX): SyncGroups COTTONMOUTHZ4C4M::AT, COTTONMOUTHZ4C4M::THETA, COTTONMOUTHZ4C4M::CHI, COTTONMOUTHZ4C4M::EVO_GAMMAT, COTTONMOUTHZ4C4M::EVO_LAPSE, COTTONMOUTHZ4C4M::EVO_SHIFT, COTTONMOUTHZ4C4M::GT, COTTONMOUTHZ4C4M::TRK
INFO (CarpetX): ScheduleTraverseGH iteration 27 CCTK_PRESTEP
INFO (CarpetX): ScheduleTraverseGH iteration 27 CCTK_EVOL
INFO (CarpetX): CallFunction iteration 27 CCTK_EVOL: ODESolvers::ODESolvers_Solve
INFO (ODESolvers): ODE integrator is RK4
INFO (ODESolvers):   Integrating 22 variables
INFO (ODESolvers): Calculating RHS #1 at t=0.26
INFO (CarpetX): CallFunction iteration 27 z4c_rhs_group: CottonmouthZ4c4m::z4c_rhs
INFO (CarpetX): CallFunction iteration 27 z4c_apply_dissipation_group: CottonmouthZ4c4m::z4c_apply_dissipation
INFO (CarpetX): CallFunction iteration 27 z4c_enforce_pt1_group: CottonmouthZ4c4m::z4c_enforce_pt1
INFO (CarpetX): CallFunction iteration 27 z4c_enforce_pt2_group: CottonmouthZ4c4m::z4c_enforce_pt2
INFO (CarpetX): CallFunction iteration 27 z4c_to_adm_group: CottonmouthZ4c4m::sync_z4c
INFO (CarpetX): SyncGroups COTTONMOUTHZ4C4M::AT, COTTONMOUTHZ4C4M::GT, COTTONMOUTHZ4C4M::CHI, COTTONMOUTHZ4C4M::EVO_LAPSE, COTTONMOUTHZ4C4M::EVO_SHIFT, COTTONMOUTHZ4C4M::TRK
INFO (CarpetX): CallFunction iteration 27 z4c_to_adm_group: CottonmouthZ4c4m::z4c_to_adm
INFO (CarpetX): CallFunction iteration 27 ODESolvers_PostStep: CottonmouthZ4c4m::sync_state
INFO (CarpetX): SyncGroups COTTONMOUTHZ4C4M::AT, COTTONMOUTHZ4C4M::THETA, COTTONMOUTHZ4C4M::CHI, COTTONMOUTHZ4C4M::EVO_GAMMAT, COTTONMOUTHZ4C4M::EVO_LAPSE, COTTONMOUTHZ4C4M::EVO_SHIFT, COTTONMOUTHZ4C4M::GT, COTTONMOUTHZ4C4M::TRK
INFO (CarpetX): CallFunction iteration 27 TmunuBaseX_SetTmunuVars: TmunuBaseX::TmunuBaseX_ZeroTmunu
INFO (ODESolvers): Calculated new state #1 at t=0.265
INFO (ODESolvers): Calculating RHS #2 at t=0.265
INFO (CarpetX): CallFunction iteration 27 z4c_rhs_group: CottonmouthZ4c4m::z4c_rhs
INFO (CarpetX): CallFunction iteration 27 z4c_apply_dissipation_group: CottonmouthZ4c4m::z4c_apply_dissipation
INFO (CarpetX): CallFunction iteration 27 z4c_enforce_pt1_group: CottonmouthZ4c4m::z4c_enforce_pt1
INFO (CarpetX): CallFunction iteration 27 z4c_enforce_pt2_group: CottonmouthZ4c4m::z4c_enforce_pt2
INFO (CarpetX): CallFunction iteration 27 z4c_to_adm_group: CottonmouthZ4c4m::sync_z4c
INFO (CarpetX): SyncGroups COTTONMOUTHZ4C4M::AT, COTTONMOUTHZ4C4M::GT, COTTONMOUTHZ4C4M::CHI, COTTONMOUTHZ4C4M::EVO_LAPSE, COTTONMOUTHZ4C4M::EVO_SHIFT, COTTONMOUTHZ4C4M::TRK
INFO (CarpetX): CallFunction iteration 27 z4c_to_adm_group: CottonmouthZ4c4m::z4c_to_adm
INFO (CarpetX): CallFunction iteration 27 ODESolvers_PostStep: CottonmouthZ4c4m::sync_state
INFO (CarpetX): SyncGroups COTTONMOUTHZ4C4M::AT, COTTONMOUTHZ4C4M::THETA, COTTONMOUTHZ4C4M::CHI, COTTONMOUTHZ4C4M::EVO_GAMMAT, COTTONMOUTHZ4C4M::EVO_LAPSE, COTTONMOUTHZ4C4M::EVO_SHIFT, COTTONMOUTHZ4C4M::GT, COTTONMOUTHZ4C4M::TRK
INFO (CarpetX): CallFunction iteration 27 TmunuBaseX_SetTmunuVars: TmunuBaseX::TmunuBaseX_ZeroTmunu
INFO (ODESolvers): Calculated new state #2 at t=0.265
INFO (ODESolvers): Calculating RHS #3 at t=0.265
INFO (CarpetX): CallFunction iteration 27 z4c_rhs_group: CottonmouthZ4c4m::z4c_rhs
INFO (CarpetX): CallFunction iteration 27 z4c_apply_dissipation_group: CottonmouthZ4c4m::z4c_apply_dissipation
INFO (CarpetX): CallFunction iteration 27 z4c_enforce_pt1_group: CottonmouthZ4c4m::z4c_enforce_pt1
INFO (CarpetX): CallFunction iteration 27 z4c_enforce_pt2_group: CottonmouthZ4c4m::z4c_enforce_pt2
INFO (CarpetX): CallFunction iteration 27 z4c_to_adm_group: CottonmouthZ4c4m::sync_z4c
INFO (CarpetX): SyncGroups COTTONMOUTHZ4C4M::AT, COTTONMOUTHZ4C4M::GT, COTTONMOUTHZ4C4M::CHI, COTTONMOUTHZ4C4M::EVO_LAPSE, COTTONMOUTHZ4C4M::EVO_SHIFT, COTTONMOUTHZ4C4M::TRK
INFO (CarpetX): CallFunction iteration 27 z4c_to_adm_group: CottonmouthZ4c4m::z4c_to_adm
INFO (CarpetX): CallFunction iteration 27 ODESolvers_PostStep: CottonmouthZ4c4m::sync_state
INFO (CarpetX): SyncGroups COTTONMOUTHZ4C4M::AT, COTTONMOUTHZ4C4M::THETA, COTTONMOUTHZ4C4M::CHI, COTTONMOUTHZ4C4M::EVO_GAMMAT, COTTONMOUTHZ4C4M::EVO_LAPSE, COTTONMOUTHZ4C4M::EVO_SHIFT, COTTONMOUTHZ4C4M::GT, COTTONMOUTHZ4C4M::TRK
INFO (CarpetX): CallFunction iteration 27 TmunuBaseX_SetTmunuVars: TmunuBaseX::TmunuBaseX_ZeroTmunu
INFO (ODESolvers): Calculated new state #3 at t=0.27
INFO (ODESolvers): Calculating RHS #4 at t=0.27
INFO (CarpetX): CallFunction iteration 27 z4c_rhs_group: CottonmouthZ4c4m::z4c_rhs
INFO (CarpetX): CallFunction iteration 27 z4c_apply_dissipation_group: CottonmouthZ4c4m::z4c_apply_dissipation
INFO (CarpetX): CallFunction iteration 27 z4c_enforce_pt1_group: CottonmouthZ4c4m::z4c_enforce_pt1
INFO (CarpetX): CallFunction iteration 27 z4c_enforce_pt2_group: CottonmouthZ4c4m::z4c_enforce_pt2
INFO (CarpetX): CallFunction iteration 27 z4c_to_adm_group: CottonmouthZ4c4m::sync_z4c
INFO (CarpetX): SyncGroups COTTONMOUTHZ4C4M::AT, COTTONMOUTHZ4C4M::GT, COTTONMOUTHZ4C4M::CHI, COTTONMOUTHZ4C4M::EVO_LAPSE, COTTONMOUTHZ4C4M::EVO_SHIFT, COTTONMOUTHZ4C4M::TRK
INFO (CarpetX): CallFunction iteration 27 z4c_to_adm_group: CottonmouthZ4c4m::z4c_to_adm
INFO (CarpetX): CallFunction iteration 27 ODESolvers_PostStep: CottonmouthZ4c4m::sync_state
INFO (CarpetX): SyncGroups COTTONMOUTHZ4C4M::AT, COTTONMOUTHZ4C4M::THETA, COTTONMOUTHZ4C4M::CHI, COTTONMOUTHZ4C4M::EVO_GAMMAT, COTTONMOUTHZ4C4M::EVO_LAPSE, COTTONMOUTHZ4C4M::EVO_SHIFT, COTTONMOUTHZ4C4M::GT, COTTONMOUTHZ4C4M::TRK
INFO (CarpetX): CallFunction iteration 27 TmunuBaseX_SetTmunuVars: TmunuBaseX::TmunuBaseX_ZeroTmunu
INFO (ODESolvers): Calculated new state #4 at t=0.27
INFO (CarpetX): ScheduleTraverseGH iteration 27 CCTK_POSTSTEP
INFO (CarpetX): CallFunction iteration 27 CCTK_POSTSTEP: CottonmouthLinearWaveID::StateSync_CottonmouthLinearWaveID
INFO (CarpetX): ScheduleTraverseGH iteration 27 CCTK_CHECKPOINT
INFO (CarpetX): CallFunction iteration 27 CCTK_CHECKPOINT: CarpetX::CarpetX_Checkpoint
INFO (CarpetX): ScheduleTraverseGH iteration 27 CCTK_ANALYSIS
INFO (CarpetX): CallFunction iteration 27 z4c_constraints_group: CottonmouthZ4c4m::z4c_constraints
INFO (CarpetX): OutputGH: iteration 27, time 0.270000, run time 3 s
INFO (CarpetX): OutputGH done.
INFO (CarpetX): Simulation time: 0.27   Iterations per second: 13.3234   Simulation time per second: 0.133234
INFO (CarpetX): Grid cells: 3200   Grid cell updates per second: 42634.9
INFO (CarpetX): Performance:
INFO (CarpetX):   total evolution time:            2.02943 sec
INFO (CarpetX):   total evolution compute time:    2.02928 sec
INFO (CarpetX):   total evolution output time:     0.000152349 sec
INFO (CarpetX):   total iterations:                27
INFO (CarpetX):   total cells updated:             86400
INFO (CarpetX):   average iterations per second: 13.3042
INFO (CarpetX):   average cell updates per second: 42573.5
INFO (CarpetX): SyncGroups COTTONMOUTHZ4C4M::AT, COTTONMOUTHZ4C4M::THETA, COTTONMOUTHZ4C4M::CHI, COTTONMOUTHZ4C4M::EVO_GAMMAT, COTTONMOUTHZ4C4M::EVO_LAPSE, COTTONMOUTHZ4C4M::EVO_SHIFT, COTTONMOUTHZ4C4M::GT, COTTONMOUTHZ4C4M::TRK
INFO (CarpetX): ScheduleTraverseGH iteration 28 CCTK_PRESTEP
INFO (CarpetX): ScheduleTraverseGH iteration 28 CCTK_EVOL
INFO (CarpetX): CallFunction iteration 28 CCTK_EVOL: ODESolvers::ODESolvers_Solve
INFO (ODESolvers): ODE integrator is RK4
INFO (ODESolvers):   Integrating 22 variables
INFO (ODESolvers): Calculating RHS #1 at t=0.27
INFO (CarpetX): CallFunction iteration 28 z4c_rhs_group: CottonmouthZ4c4m::z4c_rhs
INFO (CarpetX): CallFunction iteration 28 z4c_apply_dissipation_group: CottonmouthZ4c4m::z4c_apply_dissipation
INFO (CarpetX): CallFunction iteration 28 z4c_enforce_pt1_group: CottonmouthZ4c4m::z4c_enforce_pt1
INFO (CarpetX): CallFunction iteration 28 z4c_enforce_pt2_group: CottonmouthZ4c4m::z4c_enforce_pt2
INFO (CarpetX): CallFunction iteration 28 z4c_to_adm_group: CottonmouthZ4c4m::sync_z4c
INFO (CarpetX): SyncGroups COTTONMOUTHZ4C4M::AT, COTTONMOUTHZ4C4M::GT, COTTONMOUTHZ4C4M::CHI, COTTONMOUTHZ4C4M::EVO_LAPSE, COTTONMOUTHZ4C4M::EVO_SHIFT, COTTONMOUTHZ4C4M::TRK
INFO (CarpetX): CallFunction iteration 28 z4c_to_adm_group: CottonmouthZ4c4m::z4c_to_adm
INFO (CarpetX): CallFunction iteration 28 ODESolvers_PostStep: CottonmouthZ4c4m::sync_state
INFO (CarpetX): SyncGroups COTTONMOUTHZ4C4M::AT, COTTONMOUTHZ4C4M::THETA, COTTONMOUTHZ4C4M::CHI, COTTONMOUTHZ4C4M::EVO_GAMMAT, COTTONMOUTHZ4C4M::EVO_LAPSE, COTTONMOUTHZ4C4M::EVO_SHIFT, COTTONMOUTHZ4C4M::GT, COTTONMOUTHZ4C4M::TRK
INFO (CarpetX): CallFunction iteration 28 TmunuBaseX_SetTmunuVars: TmunuBaseX::TmunuBaseX_ZeroTmunu
INFO (ODESolvers): Calculated new state #1 at t=0.275
INFO (ODESolvers): Calculating RHS #2 at t=0.275
INFO (CarpetX): CallFunction iteration 28 z4c_rhs_group: CottonmouthZ4c4m::z4c_rhs
INFO (CarpetX): CallFunction iteration 28 z4c_apply_dissipation_group: CottonmouthZ4c4m::z4c_apply_dissipation
INFO (CarpetX): CallFunction iteration 28 z4c_enforce_pt1_group: CottonmouthZ4c4m::z4c_enforce_pt1
INFO (CarpetX): CallFunction iteration 28 z4c_enforce_pt2_group: CottonmouthZ4c4m::z4c_enforce_pt2
INFO (CarpetX): CallFunction iteration 28 z4c_to_adm_group: CottonmouthZ4c4m::sync_z4c
INFO (CarpetX): SyncGroups COTTONMOUTHZ4C4M::AT, COTTONMOUTHZ4C4M::GT, COTTONMOUTHZ4C4M::CHI, COTTONMOUTHZ4C4M::EVO_LAPSE, COTTONMOUTHZ4C4M::EVO_SHIFT, COTTONMOUTHZ4C4M::TRK
INFO (CarpetX): CallFunction iteration 28 z4c_to_adm_group: CottonmouthZ4c4m::z4c_to_adm
INFO (CarpetX): CallFunction iteration 28 ODESolvers_PostStep: CottonmouthZ4c4m::sync_state
INFO (CarpetX): SyncGroups COTTONMOUTHZ4C4M::AT, COTTONMOUTHZ4C4M::THETA, COTTONMOUTHZ4C4M::CHI, COTTONMOUTHZ4C4M::EVO_GAMMAT, COTTONMOUTHZ4C4M::EVO_LAPSE, COTTONMOUTHZ4C4M::EVO_SHIFT, COTTONMOUTHZ4C4M::GT, COTTONMOUTHZ4C4M::TRK
INFO (CarpetX): CallFunction iteration 28 TmunuBaseX_SetTmunuVars: TmunuBaseX::TmunuBaseX_ZeroTmunu
INFO (ODESolvers): Calculated new state #2 at t=0.275
INFO (ODESolvers): Calculating RHS #3 at t=0.275
INFO (CarpetX): CallFunction iteration 28 z4c_rhs_group: CottonmouthZ4c4m::z4c_rhs
INFO (CarpetX): CallFunction iteration 28 z4c_apply_dissipation_group: CottonmouthZ4c4m::z4c_apply_dissipation
INFO (CarpetX): CallFunction iteration 28 z4c_enforce_pt1_group: CottonmouthZ4c4m::z4c_enforce_pt1
INFO (CarpetX): CallFunction iteration 28 z4c_enforce_pt2_group: CottonmouthZ4c4m::z4c_enforce_pt2
INFO (CarpetX): CallFunction iteration 28 z4c_to_adm_group: CottonmouthZ4c4m::sync_z4c
INFO (CarpetX): SyncGroups COTTONMOUTHZ4C4M::AT, COTTONMOUTHZ4C4M::GT, COTTONMOUTHZ4C4M::CHI, COTTONMOUTHZ4C4M::EVO_LAPSE, COTTONMOUTHZ4C4M::EVO_SHIFT, COTTONMOUTHZ4C4M::TRK
INFO (CarpetX): CallFunction iteration 28 z4c_to_adm_group: CottonmouthZ4c4m::z4c_to_adm
INFO (CarpetX): CallFunction iteration 28 ODESolvers_PostStep: CottonmouthZ4c4m::sync_state
INFO (CarpetX): SyncGroups COTTONMOUTHZ4C4M::AT, COTTONMOUTHZ4C4M::THETA, COTTONMOUTHZ4C4M::CHI, COTTONMOUTHZ4C4M::EVO_GAMMAT, COTTONMOUTHZ4C4M::EVO_LAPSE, COTTONMOUTHZ4C4M::EVO_SHIFT, COTTONMOUTHZ4C4M::GT, COTTONMOUTHZ4C4M::TRK
INFO (CarpetX): CallFunction iteration 28 TmunuBaseX_SetTmunuVars: TmunuBaseX::TmunuBaseX_ZeroTmunu
INFO (ODESolvers): Calculated new state #3 at t=0.28
INFO (ODESolvers): Calculating RHS #4 at t=0.28
INFO (CarpetX): CallFunction iteration 28 z4c_rhs_group: CottonmouthZ4c4m::z4c_rhs
INFO (CarpetX): CallFunction iteration 28 z4c_apply_dissipation_group: CottonmouthZ4c4m::z4c_apply_dissipation
INFO (CarpetX): CallFunction iteration 28 z4c_enforce_pt1_group: CottonmouthZ4c4m::z4c_enforce_pt1
INFO (CarpetX): CallFunction iteration 28 z4c_enforce_pt2_group: CottonmouthZ4c4m::z4c_enforce_pt2
INFO (CarpetX): CallFunction iteration 28 z4c_to_adm_group: CottonmouthZ4c4m::sync_z4c
INFO (CarpetX): SyncGroups COTTONMOUTHZ4C4M::AT, COTTONMOUTHZ4C4M::GT, COTTONMOUTHZ4C4M::CHI, COTTONMOUTHZ4C4M::EVO_LAPSE, COTTONMOUTHZ4C4M::EVO_SHIFT, COTTONMOUTHZ4C4M::TRK
INFO (CarpetX): CallFunction iteration 28 z4c_to_adm_group: CottonmouthZ4c4m::z4c_to_adm
INFO (CarpetX): CallFunction iteration 28 ODESolvers_PostStep: CottonmouthZ4c4m::sync_state
INFO (CarpetX): SyncGroups COTTONMOUTHZ4C4M::AT, COTTONMOUTHZ4C4M::THETA, COTTONMOUTHZ4C4M::CHI, COTTONMOUTHZ4C4M::EVO_GAMMAT, COTTONMOUTHZ4C4M::EVO_LAPSE, COTTONMOUTHZ4C4M::EVO_SHIFT, COTTONMOUTHZ4C4M::GT, COTTONMOUTHZ4C4M::TRK
INFO (CarpetX): CallFunction iteration 28 TmunuBaseX_SetTmunuVars: TmunuBaseX::TmunuBaseX_ZeroTmunu
INFO (ODESolvers): Calculated new state #4 at t=0.28
INFO (CarpetX): ScheduleTraverseGH iteration 28 CCTK_POSTSTEP
INFO (CarpetX): CallFunction iteration 28 CCTK_POSTSTEP: CottonmouthLinearWaveID::StateSync_CottonmouthLinearWaveID
INFO (CarpetX): ScheduleTraverseGH iteration 28 CCTK_CHECKPOINT
INFO (CarpetX): CallFunction iteration 28 CCTK_CHECKPOINT: CarpetX::CarpetX_Checkpoint
INFO (CarpetX): ScheduleTraverseGH iteration 28 CCTK_ANALYSIS
INFO (CarpetX): CallFunction iteration 28 z4c_constraints_group: CottonmouthZ4c4m::z4c_constraints
INFO (CarpetX): OutputGH: iteration 28, time 0.280000, run time 3 s
INFO (CarpetX): OutputGH done.
INFO (CarpetX): Simulation time: 0.28   Iterations per second: 13.3238   Simulation time per second: 0.133238
INFO (CarpetX): Grid cells: 3200   Grid cell updates per second: 42636.1
INFO (CarpetX): Performance:
INFO (CarpetX):   total evolution time:            2.10447 sec
INFO (CarpetX):   total evolution compute time:    2.10431 sec
INFO (CarpetX):   total evolution output time:     0.000157356 sec
INFO (CarpetX):   total iterations:                28
INFO (CarpetX):   total cells updated:             89600
INFO (CarpetX):   average iterations per second: 13.305
INFO (CarpetX):   average cell updates per second: 42576.1
INFO (CarpetX): SyncGroups COTTONMOUTHZ4C4M::AT, COTTONMOUTHZ4C4M::THETA, COTTONMOUTHZ4C4M::CHI, COTTONMOUTHZ4C4M::EVO_GAMMAT, COTTONMOUTHZ4C4M::EVO_LAPSE, COTTONMOUTHZ4C4M::EVO_SHIFT, COTTONMOUTHZ4C4M::GT, COTTONMOUTHZ4C4M::TRK
INFO (CarpetX): ScheduleTraverseGH iteration 29 CCTK_PRESTEP
INFO (CarpetX): ScheduleTraverseGH iteration 29 CCTK_EVOL
INFO (CarpetX): CallFunction iteration 29 CCTK_EVOL: ODESolvers::ODESolvers_Solve
INFO (ODESolvers): ODE integrator is RK4
INFO (ODESolvers):   Integrating 22 variables
INFO (ODESolvers): Calculating RHS #1 at t=0.28
INFO (CarpetX): CallFunction iteration 29 z4c_rhs_group: CottonmouthZ4c4m::z4c_rhs
INFO (CarpetX): CallFunction iteration 29 z4c_apply_dissipation_group: CottonmouthZ4c4m::z4c_apply_dissipation
INFO (CarpetX): CallFunction iteration 29 z4c_enforce_pt1_group: CottonmouthZ4c4m::z4c_enforce_pt1
INFO (CarpetX): CallFunction iteration 29 z4c_enforce_pt2_group: CottonmouthZ4c4m::z4c_enforce_pt2
INFO (CarpetX): CallFunction iteration 29 z4c_to_adm_group: CottonmouthZ4c4m::sync_z4c
INFO (CarpetX): SyncGroups COTTONMOUTHZ4C4M::AT, COTTONMOUTHZ4C4M::GT, COTTONMOUTHZ4C4M::CHI, COTTONMOUTHZ4C4M::EVO_LAPSE, COTTONMOUTHZ4C4M::EVO_SHIFT, COTTONMOUTHZ4C4M::TRK
INFO (CarpetX): CallFunction iteration 29 z4c_to_adm_group: CottonmouthZ4c4m::z4c_to_adm
INFO (CarpetX): CallFunction iteration 29 ODESolvers_PostStep: CottonmouthZ4c4m::sync_state
INFO (CarpetX): SyncGroups COTTONMOUTHZ4C4M::AT, COTTONMOUTHZ4C4M::THETA, COTTONMOUTHZ4C4M::CHI, COTTONMOUTHZ4C4M::EVO_GAMMAT, COTTONMOUTHZ4C4M::EVO_LAPSE, COTTONMOUTHZ4C4M::EVO_SHIFT, COTTONMOUTHZ4C4M::GT, COTTONMOUTHZ4C4M::TRK
INFO (CarpetX): CallFunction iteration 29 TmunuBaseX_SetTmunuVars: TmunuBaseX::TmunuBaseX_ZeroTmunu
INFO (ODESolvers): Calculated new state #1 at t=0.285
INFO (ODESolvers): Calculating RHS #2 at t=0.285
INFO (CarpetX): CallFunction iteration 29 z4c_rhs_group: CottonmouthZ4c4m::z4c_rhs
INFO (CarpetX): CallFunction iteration 29 z4c_apply_dissipation_group: CottonmouthZ4c4m::z4c_apply_dissipation
INFO (CarpetX): CallFunction iteration 29 z4c_enforce_pt1_group: CottonmouthZ4c4m::z4c_enforce_pt1
INFO (CarpetX): CallFunction iteration 29 z4c_enforce_pt2_group: CottonmouthZ4c4m::z4c_enforce_pt2
INFO (CarpetX): CallFunction iteration 29 z4c_to_adm_group: CottonmouthZ4c4m::sync_z4c
INFO (CarpetX): SyncGroups COTTONMOUTHZ4C4M::AT, COTTONMOUTHZ4C4M::GT, COTTONMOUTHZ4C4M::CHI, COTTONMOUTHZ4C4M::EVO_LAPSE, COTTONMOUTHZ4C4M::EVO_SHIFT, COTTONMOUTHZ4C4M::TRK
INFO (CarpetX): CallFunction iteration 29 z4c_to_adm_group: CottonmouthZ4c4m::z4c_to_adm
INFO (CarpetX): CallFunction iteration 29 ODESolvers_PostStep: CottonmouthZ4c4m::sync_state
INFO (CarpetX): SyncGroups COTTONMOUTHZ4C4M::AT, COTTONMOUTHZ4C4M::THETA, COTTONMOUTHZ4C4M::CHI, COTTONMOUTHZ4C4M::EVO_GAMMAT, COTTONMOUTHZ4C4M::EVO_LAPSE, COTTONMOUTHZ4C4M::EVO_SHIFT, COTTONMOUTHZ4C4M::GT, COTTONMOUTHZ4C4M::TRK
INFO (CarpetX): CallFunction iteration 29 TmunuBaseX_SetTmunuVars: TmunuBaseX::TmunuBaseX_ZeroTmunu
INFO (ODESolvers): Calculated new state #2 at t=0.285
INFO (ODESolvers): Calculating RHS #3 at t=0.285
INFO (CarpetX): CallFunction iteration 29 z4c_rhs_group: CottonmouthZ4c4m::z4c_rhs
INFO (CarpetX): CallFunction iteration 29 z4c_apply_dissipation_group: CottonmouthZ4c4m::z4c_apply_dissipation
INFO (CarpetX): CallFunction iteration 29 z4c_enforce_pt1_group: CottonmouthZ4c4m::z4c_enforce_pt1
INFO (CarpetX): CallFunction iteration 29 z4c_enforce_pt2_group: CottonmouthZ4c4m::z4c_enforce_pt2
INFO (CarpetX): CallFunction iteration 29 z4c_to_adm_group: CottonmouthZ4c4m::sync_z4c
INFO (CarpetX): SyncGroups COTTONMOUTHZ4C4M::AT, COTTONMOUTHZ4C4M::GT, COTTONMOUTHZ4C4M::CHI, COTTONMOUTHZ4C4M::EVO_LAPSE, COTTONMOUTHZ4C4M::EVO_SHIFT, COTTONMOUTHZ4C4M::TRK
INFO (CarpetX): CallFunction iteration 29 z4c_to_adm_group: CottonmouthZ4c4m::z4c_to_adm
INFO (CarpetX): CallFunction iteration 29 ODESolvers_PostStep: CottonmouthZ4c4m::sync_state
INFO (CarpetX): SyncGroups COTTONMOUTHZ4C4M::AT, COTTONMOUTHZ4C4M::THETA, COTTONMOUTHZ4C4M::CHI, COTTONMOUTHZ4C4M::EVO_GAMMAT, COTTONMOUTHZ4C4M::EVO_LAPSE, COTTONMOUTHZ4C4M::EVO_SHIFT, COTTONMOUTHZ4C4M::GT, COTTONMOUTHZ4C4M::TRK
INFO (CarpetX): CallFunction iteration 29 TmunuBaseX_SetTmunuVars: TmunuBaseX::TmunuBaseX_ZeroTmunu
INFO (ODESolvers): Calculated new state #3 at t=0.29
INFO (ODESolvers): Calculating RHS #4 at t=0.29
INFO (CarpetX): CallFunction iteration 29 z4c_rhs_group: CottonmouthZ4c4m::z4c_rhs
INFO (CarpetX): CallFunction iteration 29 z4c_apply_dissipation_group: CottonmouthZ4c4m::z4c_apply_dissipation
INFO (CarpetX): CallFunction iteration 29 z4c_enforce_pt1_group: CottonmouthZ4c4m::z4c_enforce_pt1
INFO (CarpetX): CallFunction iteration 29 z4c_enforce_pt2_group: CottonmouthZ4c4m::z4c_enforce_pt2
INFO (CarpetX): CallFunction iteration 29 z4c_to_adm_group: CottonmouthZ4c4m::sync_z4c
INFO (CarpetX): SyncGroups COTTONMOUTHZ4C4M::AT, COTTONMOUTHZ4C4M::GT, COTTONMOUTHZ4C4M::CHI, COTTONMOUTHZ4C4M::EVO_LAPSE, COTTONMOUTHZ4C4M::EVO_SHIFT, COTTONMOUTHZ4C4M::TRK
INFO (CarpetX): CallFunction iteration 29 z4c_to_adm_group: CottonmouthZ4c4m::z4c_to_adm
INFO (CarpetX): CallFunction iteration 29 ODESolvers_PostStep: CottonmouthZ4c4m::sync_state
INFO (CarpetX): SyncGroups COTTONMOUTHZ4C4M::AT, COTTONMOUTHZ4C4M::THETA, COTTONMOUTHZ4C4M::CHI, COTTONMOUTHZ4C4M::EVO_GAMMAT, COTTONMOUTHZ4C4M::EVO_LAPSE, COTTONMOUTHZ4C4M::EVO_SHIFT, COTTONMOUTHZ4C4M::GT, COTTONMOUTHZ4C4M::TRK
INFO (CarpetX): CallFunction iteration 29 TmunuBaseX_SetTmunuVars: TmunuBaseX::TmunuBaseX_ZeroTmunu
INFO (ODESolvers): Calculated new state #4 at t=0.29
INFO (CarpetX): ScheduleTraverseGH iteration 29 CCTK_POSTSTEP
INFO (CarpetX): CallFunction iteration 29 CCTK_POSTSTEP: CottonmouthLinearWaveID::StateSync_CottonmouthLinearWaveID
INFO (CarpetX): ScheduleTraverseGH iteration 29 CCTK_CHECKPOINT
INFO (CarpetX): CallFunction iteration 29 CCTK_CHECKPOINT: CarpetX::CarpetX_Checkpoint
INFO (CarpetX): ScheduleTraverseGH iteration 29 CCTK_ANALYSIS
INFO (CarpetX): CallFunction iteration 29 z4c_constraints_group: CottonmouthZ4c4m::z4c_constraints
INFO (CarpetX): OutputGH: iteration 29, time 0.290000, run time 3 s
INFO (CarpetX): OutputGH done.
INFO (CarpetX): Simulation time: 0.29   Iterations per second: 13.3232   Simulation time per second: 0.133232
INFO (CarpetX): Grid cells: 3200   Grid cell updates per second: 42634.4
INFO (CarpetX): Performance:
INFO (CarpetX):   total evolution time:            2.17955 sec
INFO (CarpetX):   total evolution compute time:    2.17939 sec
INFO (CarpetX):   total evolution output time:     0.000163317 sec
INFO (CarpetX):   total iterations:                29
INFO (CarpetX):   total cells updated:             92800
INFO (CarpetX):   average iterations per second: 13.3055
INFO (CarpetX):   average cell updates per second: 42577.6
INFO (CarpetX): SyncGroups COTTONMOUTHZ4C4M::AT, COTTONMOUTHZ4C4M::THETA, COTTONMOUTHZ4C4M::CHI, COTTONMOUTHZ4C4M::EVO_GAMMAT, COTTONMOUTHZ4C4M::EVO_LAPSE, COTTONMOUTHZ4C4M::EVO_SHIFT, COTTONMOUTHZ4C4M::GT, COTTONMOUTHZ4C4M::TRK
INFO (CarpetX): ScheduleTraverseGH iteration 30 CCTK_PRESTEP
INFO (CarpetX): ScheduleTraverseGH iteration 30 CCTK_EVOL
INFO (CarpetX): CallFunction iteration 30 CCTK_EVOL: ODESolvers::ODESolvers_Solve
INFO (ODESolvers): ODE integrator is RK4
INFO (ODESolvers):   Integrating 22 variables
INFO (ODESolvers): Calculating RHS #1 at t=0.29
INFO (CarpetX): CallFunction iteration 30 z4c_rhs_group: CottonmouthZ4c4m::z4c_rhs
INFO (CarpetX): CallFunction iteration 30 z4c_apply_dissipation_group: CottonmouthZ4c4m::z4c_apply_dissipation
INFO (CarpetX): CallFunction iteration 30 z4c_enforce_pt1_group: CottonmouthZ4c4m::z4c_enforce_pt1
INFO (CarpetX): CallFunction iteration 30 z4c_enforce_pt2_group: CottonmouthZ4c4m::z4c_enforce_pt2
INFO (CarpetX): CallFunction iteration 30 z4c_to_adm_group: CottonmouthZ4c4m::sync_z4c
INFO (CarpetX): SyncGroups COTTONMOUTHZ4C4M::AT, COTTONMOUTHZ4C4M::GT, COTTONMOUTHZ4C4M::CHI, COTTONMOUTHZ4C4M::EVO_LAPSE, COTTONMOUTHZ4C4M::EVO_SHIFT, COTTONMOUTHZ4C4M::TRK
INFO (CarpetX): CallFunction iteration 30 z4c_to_adm_group: CottonmouthZ4c4m::z4c_to_adm
INFO (CarpetX): CallFunction iteration 30 ODESolvers_PostStep: CottonmouthZ4c4m::sync_state
INFO (CarpetX): SyncGroups COTTONMOUTHZ4C4M::AT, COTTONMOUTHZ4C4M::THETA, COTTONMOUTHZ4C4M::CHI, COTTONMOUTHZ4C4M::EVO_GAMMAT, COTTONMOUTHZ4C4M::EVO_LAPSE, COTTONMOUTHZ4C4M::EVO_SHIFT, COTTONMOUTHZ4C4M::GT, COTTONMOUTHZ4C4M::TRK
INFO (CarpetX): CallFunction iteration 30 TmunuBaseX_SetTmunuVars: TmunuBaseX::TmunuBaseX_ZeroTmunu
INFO (ODESolvers): Calculated new state #1 at t=0.295
INFO (ODESolvers): Calculating RHS #2 at t=0.295
INFO (CarpetX): CallFunction iteration 30 z4c_rhs_group: CottonmouthZ4c4m::z4c_rhs
INFO (CarpetX): CallFunction iteration 30 z4c_apply_dissipation_group: CottonmouthZ4c4m::z4c_apply_dissipation
INFO (CarpetX): CallFunction iteration 30 z4c_enforce_pt1_group: CottonmouthZ4c4m::z4c_enforce_pt1
INFO (CarpetX): CallFunction iteration 30 z4c_enforce_pt2_group: CottonmouthZ4c4m::z4c_enforce_pt2
INFO (CarpetX): CallFunction iteration 30 z4c_to_adm_group: CottonmouthZ4c4m::sync_z4c
INFO (CarpetX): SyncGroups COTTONMOUTHZ4C4M::AT, COTTONMOUTHZ4C4M::GT, COTTONMOUTHZ4C4M::CHI, COTTONMOUTHZ4C4M::EVO_LAPSE, COTTONMOUTHZ4C4M::EVO_SHIFT, COTTONMOUTHZ4C4M::TRK
INFO (CarpetX): CallFunction iteration 30 z4c_to_adm_group: CottonmouthZ4c4m::z4c_to_adm
INFO (CarpetX): CallFunction iteration 30 ODESolvers_PostStep: CottonmouthZ4c4m::sync_state
INFO (CarpetX): SyncGroups COTTONMOUTHZ4C4M::AT, COTTONMOUTHZ4C4M::THETA, COTTONMOUTHZ4C4M::CHI, COTTONMOUTHZ4C4M::EVO_GAMMAT, COTTONMOUTHZ4C4M::EVO_LAPSE, COTTONMOUTHZ4C4M::EVO_SHIFT, COTTONMOUTHZ4C4M::GT, COTTONMOUTHZ4C4M::TRK
INFO (CarpetX): CallFunction iteration 30 TmunuBaseX_SetTmunuVars: TmunuBaseX::TmunuBaseX_ZeroTmunu
INFO (ODESolvers): Calculated new state #2 at t=0.295
INFO (ODESolvers): Calculating RHS #3 at t=0.295
INFO (CarpetX): CallFunction iteration 30 z4c_rhs_group: CottonmouthZ4c4m::z4c_rhs
INFO (CarpetX): CallFunction iteration 30 z4c_apply_dissipation_group: CottonmouthZ4c4m::z4c_apply_dissipation
INFO (CarpetX): CallFunction iteration 30 z4c_enforce_pt1_group: CottonmouthZ4c4m::z4c_enforce_pt1
INFO (CarpetX): CallFunction iteration 30 z4c_enforce_pt2_group: CottonmouthZ4c4m::z4c_enforce_pt2
INFO (CarpetX): CallFunction iteration 30 z4c_to_adm_group: CottonmouthZ4c4m::sync_z4c
INFO (CarpetX): SyncGroups COTTONMOUTHZ4C4M::AT, COTTONMOUTHZ4C4M::GT, COTTONMOUTHZ4C4M::CHI, COTTONMOUTHZ4C4M::EVO_LAPSE, COTTONMOUTHZ4C4M::EVO_SHIFT, COTTONMOUTHZ4C4M::TRK
INFO (CarpetX): CallFunction iteration 30 z4c_to_adm_group: CottonmouthZ4c4m::z4c_to_adm
INFO (CarpetX): CallFunction iteration 30 ODESolvers_PostStep: CottonmouthZ4c4m::sync_state
INFO (CarpetX): SyncGroups COTTONMOUTHZ4C4M::AT, COTTONMOUTHZ4C4M::THETA, COTTONMOUTHZ4C4M::CHI, COTTONMOUTHZ4C4M::EVO_GAMMAT, COTTONMOUTHZ4C4M::EVO_LAPSE, COTTONMOUTHZ4C4M::EVO_SHIFT, COTTONMOUTHZ4C4M::GT, COTTONMOUTHZ4C4M::TRK
INFO (CarpetX): CallFunction iteration 30 TmunuBaseX_SetTmunuVars: TmunuBaseX::TmunuBaseX_ZeroTmunu
INFO (ODESolvers): Calculated new state #3 at t=0.3
INFO (ODESolvers): Calculating RHS #4 at t=0.3
INFO (CarpetX): CallFunction iteration 30 z4c_rhs_group: CottonmouthZ4c4m::z4c_rhs
INFO (CarpetX): CallFunction iteration 30 z4c_apply_dissipation_group: CottonmouthZ4c4m::z4c_apply_dissipation
INFO (CarpetX): CallFunction iteration 30 z4c_enforce_pt1_group: CottonmouthZ4c4m::z4c_enforce_pt1
INFO (CarpetX): CallFunction iteration 30 z4c_enforce_pt2_group: CottonmouthZ4c4m::z4c_enforce_pt2
INFO (CarpetX): CallFunction iteration 30 z4c_to_adm_group: CottonmouthZ4c4m::sync_z4c
INFO (CarpetX): SyncGroups COTTONMOUTHZ4C4M::AT, COTTONMOUTHZ4C4M::GT, COTTONMOUTHZ4C4M::CHI, COTTONMOUTHZ4C4M::EVO_LAPSE, COTTONMOUTHZ4C4M::EVO_SHIFT, COTTONMOUTHZ4C4M::TRK
INFO (CarpetX): CallFunction iteration 30 z4c_to_adm_group: CottonmouthZ4c4m::z4c_to_adm
INFO (CarpetX): CallFunction iteration 30 ODESolvers_PostStep: CottonmouthZ4c4m::sync_state
INFO (CarpetX): SyncGroups COTTONMOUTHZ4C4M::AT, COTTONMOUTHZ4C4M::THETA, COTTONMOUTHZ4C4M::CHI, COTTONMOUTHZ4C4M::EVO_GAMMAT, COTTONMOUTHZ4C4M::EVO_LAPSE, COTTONMOUTHZ4C4M::EVO_SHIFT, COTTONMOUTHZ4C4M::GT, COTTONMOUTHZ4C4M::TRK
INFO (CarpetX): CallFunction iteration 30 TmunuBaseX_SetTmunuVars: TmunuBaseX::TmunuBaseX_ZeroTmunu
INFO (ODESolvers): Calculated new state #4 at t=0.3
INFO (CarpetX): ScheduleTraverseGH iteration 30 CCTK_POSTSTEP
INFO (CarpetX): CallFunction iteration 30 CCTK_POSTSTEP: CottonmouthLinearWaveID::StateSync_CottonmouthLinearWaveID
INFO (CarpetX): ScheduleTraverseGH iteration 30 CCTK_CHECKPOINT
INFO (CarpetX): CallFunction iteration 30 CCTK_CHECKPOINT: CarpetX::CarpetX_Checkpoint
INFO (CarpetX): ScheduleTraverseGH iteration 30 CCTK_ANALYSIS
INFO (CarpetX): CallFunction iteration 30 z4c_constraints_group: CottonmouthZ4c4m::z4c_constraints
INFO (CarpetX): OutputGH: iteration 30, time 0.300000, run time 3 s
INFO (CarpetX): OutputGH done.
INFO (CarpetX): Simulation time: 0.3   Iterations per second: 13.3245   Simulation time per second: 0.133245
INFO (CarpetX): Grid cells: 3200   Grid cell updates per second: 42638.3
INFO (CarpetX): Performance:
INFO (CarpetX):   total evolution time:            2.25454 sec
INFO (CarpetX):   total evolution compute time:    2.25437 sec
INFO (CarpetX):   total evolution output time:     0.000168324 sec
INFO (CarpetX):   total iterations:                30
INFO (CarpetX):   total cells updated:             96000
INFO (CarpetX):   average iterations per second: 13.3065
INFO (CarpetX):   average cell updates per second: 42580.8
INFO (CarpetX): SyncGroups COTTONMOUTHZ4C4M::AT, COTTONMOUTHZ4C4M::THETA, COTTONMOUTHZ4C4M::CHI, COTTONMOUTHZ4C4M::EVO_GAMMAT, COTTONMOUTHZ4C4M::EVO_LAPSE, COTTONMOUTHZ4C4M::EVO_SHIFT, COTTONMOUTHZ4C4M::GT, COTTONMOUTHZ4C4M::TRK
INFO (CarpetX): ScheduleTraverseGH iteration 31 CCTK_PRESTEP
INFO (CarpetX): ScheduleTraverseGH iteration 31 CCTK_EVOL
INFO (CarpetX): CallFunction iteration 31 CCTK_EVOL: ODESolvers::ODESolvers_Solve
INFO (ODESolvers): ODE integrator is RK4
INFO (ODESolvers):   Integrating 22 variables
INFO (ODESolvers): Calculating RHS #1 at t=0.3
INFO (CarpetX): CallFunction iteration 31 z4c_rhs_group: CottonmouthZ4c4m::z4c_rhs
INFO (CarpetX): CallFunction iteration 31 z4c_apply_dissipation_group: CottonmouthZ4c4m::z4c_apply_dissipation
INFO (CarpetX): CallFunction iteration 31 z4c_enforce_pt1_group: CottonmouthZ4c4m::z4c_enforce_pt1
INFO (CarpetX): CallFunction iteration 31 z4c_enforce_pt2_group: CottonmouthZ4c4m::z4c_enforce_pt2
INFO (CarpetX): CallFunction iteration 31 z4c_to_adm_group: CottonmouthZ4c4m::sync_z4c
INFO (CarpetX): SyncGroups COTTONMOUTHZ4C4M::AT, COTTONMOUTHZ4C4M::GT, COTTONMOUTHZ4C4M::CHI, COTTONMOUTHZ4C4M::EVO_LAPSE, COTTONMOUTHZ4C4M::EVO_SHIFT, COTTONMOUTHZ4C4M::TRK
INFO (CarpetX): CallFunction iteration 31 z4c_to_adm_group: CottonmouthZ4c4m::z4c_to_adm
INFO (CarpetX): CallFunction iteration 31 ODESolvers_PostStep: CottonmouthZ4c4m::sync_state
INFO (CarpetX): SyncGroups COTTONMOUTHZ4C4M::AT, COTTONMOUTHZ4C4M::THETA, COTTONMOUTHZ4C4M::CHI, COTTONMOUTHZ4C4M::EVO_GAMMAT, COTTONMOUTHZ4C4M::EVO_LAPSE, COTTONMOUTHZ4C4M::EVO_SHIFT, COTTONMOUTHZ4C4M::GT, COTTONMOUTHZ4C4M::TRK
INFO (CarpetX): CallFunction iteration 31 TmunuBaseX_SetTmunuVars: TmunuBaseX::TmunuBaseX_ZeroTmunu
INFO (ODESolvers): Calculated new state #1 at t=0.305
INFO (ODESolvers): Calculating RHS #2 at t=0.305
INFO (CarpetX): CallFunction iteration 31 z4c_rhs_group: CottonmouthZ4c4m::z4c_rhs
INFO (CarpetX): CallFunction iteration 31 z4c_apply_dissipation_group: CottonmouthZ4c4m::z4c_apply_dissipation
INFO (CarpetX): CallFunction iteration 31 z4c_enforce_pt1_group: CottonmouthZ4c4m::z4c_enforce_pt1
INFO (CarpetX): CallFunction iteration 31 z4c_enforce_pt2_group: CottonmouthZ4c4m::z4c_enforce_pt2
INFO (CarpetX): CallFunction iteration 31 z4c_to_adm_group: CottonmouthZ4c4m::sync_z4c
INFO (CarpetX): SyncGroups COTTONMOUTHZ4C4M::AT, COTTONMOUTHZ4C4M::GT, COTTONMOUTHZ4C4M::CHI, COTTONMOUTHZ4C4M::EVO_LAPSE, COTTONMOUTHZ4C4M::EVO_SHIFT, COTTONMOUTHZ4C4M::TRK
INFO (CarpetX): CallFunction iteration 31 z4c_to_adm_group: CottonmouthZ4c4m::z4c_to_adm
INFO (CarpetX): CallFunction iteration 31 ODESolvers_PostStep: CottonmouthZ4c4m::sync_state
INFO (CarpetX): SyncGroups COTTONMOUTHZ4C4M::AT, COTTONMOUTHZ4C4M::THETA, COTTONMOUTHZ4C4M::CHI, COTTONMOUTHZ4C4M::EVO_GAMMAT, COTTONMOUTHZ4C4M::EVO_LAPSE, COTTONMOUTHZ4C4M::EVO_SHIFT, COTTONMOUTHZ4C4M::GT, COTTONMOUTHZ4C4M::TRK
INFO (CarpetX): CallFunction iteration 31 TmunuBaseX_SetTmunuVars: TmunuBaseX::TmunuBaseX_ZeroTmunu
INFO (ODESolvers): Calculated new state #2 at t=0.305
INFO (ODESolvers): Calculating RHS #3 at t=0.305
INFO (CarpetX): CallFunction iteration 31 z4c_rhs_group: CottonmouthZ4c4m::z4c_rhs
INFO (CarpetX): CallFunction iteration 31 z4c_apply_dissipation_group: CottonmouthZ4c4m::z4c_apply_dissipation
INFO (CarpetX): CallFunction iteration 31 z4c_enforce_pt1_group: CottonmouthZ4c4m::z4c_enforce_pt1
INFO (CarpetX): CallFunction iteration 31 z4c_enforce_pt2_group: CottonmouthZ4c4m::z4c_enforce_pt2
INFO (CarpetX): CallFunction iteration 31 z4c_to_adm_group: CottonmouthZ4c4m::sync_z4c
INFO (CarpetX): SyncGroups COTTONMOUTHZ4C4M::AT, COTTONMOUTHZ4C4M::GT, COTTONMOUTHZ4C4M::CHI, COTTONMOUTHZ4C4M::EVO_LAPSE, COTTONMOUTHZ4C4M::EVO_SHIFT, COTTONMOUTHZ4C4M::TRK
INFO (CarpetX): CallFunction iteration 31 z4c_to_adm_group: CottonmouthZ4c4m::z4c_to_adm
INFO (CarpetX): CallFunction iteration 31 ODESolvers_PostStep: CottonmouthZ4c4m::sync_state
INFO (CarpetX): SyncGroups COTTONMOUTHZ4C4M::AT, COTTONMOUTHZ4C4M::THETA, COTTONMOUTHZ4C4M::CHI, COTTONMOUTHZ4C4M::EVO_GAMMAT, COTTONMOUTHZ4C4M::EVO_LAPSE, COTTONMOUTHZ4C4M::EVO_SHIFT, COTTONMOUTHZ4C4M::GT, COTTONMOUTHZ4C4M::TRK
INFO (CarpetX): CallFunction iteration 31 TmunuBaseX_SetTmunuVars: TmunuBaseX::TmunuBaseX_ZeroTmunu
INFO (ODESolvers): Calculated new state #3 at t=0.31
INFO (ODESolvers): Calculating RHS #4 at t=0.31
INFO (CarpetX): CallFunction iteration 31 z4c_rhs_group: CottonmouthZ4c4m::z4c_rhs
INFO (CarpetX): CallFunction iteration 31 z4c_apply_dissipation_group: CottonmouthZ4c4m::z4c_apply_dissipation
INFO (CarpetX): CallFunction iteration 31 z4c_enforce_pt1_group: CottonmouthZ4c4m::z4c_enforce_pt1
INFO (CarpetX): CallFunction iteration 31 z4c_enforce_pt2_group: CottonmouthZ4c4m::z4c_enforce_pt2
INFO (CarpetX): CallFunction iteration 31 z4c_to_adm_group: CottonmouthZ4c4m::sync_z4c
INFO (CarpetX): SyncGroups COTTONMOUTHZ4C4M::AT, COTTONMOUTHZ4C4M::GT, COTTONMOUTHZ4C4M::CHI, COTTONMOUTHZ4C4M::EVO_LAPSE, COTTONMOUTHZ4C4M::EVO_SHIFT, COTTONMOUTHZ4C4M::TRK
INFO (CarpetX): CallFunction iteration 31 z4c_to_adm_group: CottonmouthZ4c4m::z4c_to_adm
INFO (CarpetX): CallFunction iteration 31 ODESolvers_PostStep: CottonmouthZ4c4m::sync_state
INFO (CarpetX): SyncGroups COTTONMOUTHZ4C4M::AT, COTTONMOUTHZ4C4M::THETA, COTTONMOUTHZ4C4M::CHI, COTTONMOUTHZ4C4M::EVO_GAMMAT, COTTONMOUTHZ4C4M::EVO_LAPSE, COTTONMOUTHZ4C4M::EVO_SHIFT, COTTONMOUTHZ4C4M::GT, COTTONMOUTHZ4C4M::TRK
INFO (CarpetX): CallFunction iteration 31 TmunuBaseX_SetTmunuVars: TmunuBaseX::TmunuBaseX_ZeroTmunu
INFO (ODESolvers): Calculated new state #4 at t=0.31
INFO (CarpetX): ScheduleTraverseGH iteration 31 CCTK_POSTSTEP
INFO (CarpetX): CallFunction iteration 31 CCTK_POSTSTEP: CottonmouthLinearWaveID::StateSync_CottonmouthLinearWaveID
INFO (CarpetX): ScheduleTraverseGH iteration 31 CCTK_CHECKPOINT
INFO (CarpetX): CallFunction iteration 31 CCTK_CHECKPOINT: CarpetX::CarpetX_Checkpoint
INFO (CarpetX): ScheduleTraverseGH iteration 31 CCTK_ANALYSIS
INFO (CarpetX): CallFunction iteration 31 z4c_constraints_group: CottonmouthZ4c4m::z4c_constraints
INFO (CarpetX): OutputGH: iteration 31, time 0.310000, run time 3 s
INFO (CarpetX): OutputGH done.
INFO (CarpetX): Simulation time: 0.31   Iterations per second: 13.325   Simulation time per second: 0.13325
INFO (CarpetX): Grid cells: 3200   Grid cell updates per second: 42640.1
INFO (CarpetX): Performance:
INFO (CarpetX):   total evolution time:            2.32956 sec
INFO (CarpetX):   total evolution compute time:    2.32938 sec
INFO (CarpetX):   total evolution output time:     0.00017333 sec
INFO (CarpetX):   total iterations:                31
INFO (CarpetX):   total cells updated:             99200
INFO (CarpetX):   average iterations per second: 13.3073
INFO (CarpetX):   average cell updates per second: 42583.2
INFO (CarpetX): SyncGroups COTTONMOUTHZ4C4M::AT, COTTONMOUTHZ4C4M::THETA, COTTONMOUTHZ4C4M::CHI, COTTONMOUTHZ4C4M::EVO_GAMMAT, COTTONMOUTHZ4C4M::EVO_LAPSE, COTTONMOUTHZ4C4M::EVO_SHIFT, COTTONMOUTHZ4C4M::GT, COTTONMOUTHZ4C4M::TRK
INFO (CarpetX): ScheduleTraverseGH iteration 32 CCTK_PRESTEP
INFO (CarpetX): ScheduleTraverseGH iteration 32 CCTK_EVOL
INFO (CarpetX): CallFunction iteration 32 CCTK_EVOL: ODESolvers::ODESolvers_Solve
INFO (ODESolvers): ODE integrator is RK4
INFO (ODESolvers):   Integrating 22 variables
INFO (ODESolvers): Calculating RHS #1 at t=0.31
INFO (CarpetX): CallFunction iteration 32 z4c_rhs_group: CottonmouthZ4c4m::z4c_rhs
INFO (CarpetX): CallFunction iteration 32 z4c_apply_dissipation_group: CottonmouthZ4c4m::z4c_apply_dissipation
INFO (CarpetX): CallFunction iteration 32 z4c_enforce_pt1_group: CottonmouthZ4c4m::z4c_enforce_pt1
INFO (CarpetX): CallFunction iteration 32 z4c_enforce_pt2_group: CottonmouthZ4c4m::z4c_enforce_pt2
INFO (CarpetX): CallFunction iteration 32 z4c_to_adm_group: CottonmouthZ4c4m::sync_z4c
INFO (CarpetX): SyncGroups COTTONMOUTHZ4C4M::AT, COTTONMOUTHZ4C4M::GT, COTTONMOUTHZ4C4M::CHI, COTTONMOUTHZ4C4M::EVO_LAPSE, COTTONMOUTHZ4C4M::EVO_SHIFT, COTTONMOUTHZ4C4M::TRK
INFO (CarpetX): CallFunction iteration 32 z4c_to_adm_group: CottonmouthZ4c4m::z4c_to_adm
INFO (CarpetX): CallFunction iteration 32 ODESolvers_PostStep: CottonmouthZ4c4m::sync_state
INFO (CarpetX): SyncGroups COTTONMOUTHZ4C4M::AT, COTTONMOUTHZ4C4M::THETA, COTTONMOUTHZ4C4M::CHI, COTTONMOUTHZ4C4M::EVO_GAMMAT, COTTONMOUTHZ4C4M::EVO_LAPSE, COTTONMOUTHZ4C4M::EVO_SHIFT, COTTONMOUTHZ4C4M::GT, COTTONMOUTHZ4C4M::TRK
INFO (CarpetX): CallFunction iteration 32 TmunuBaseX_SetTmunuVars: TmunuBaseX::TmunuBaseX_ZeroTmunu
INFO (ODESolvers): Calculated new state #1 at t=0.315
INFO (ODESolvers): Calculating RHS #2 at t=0.315
INFO (CarpetX): CallFunction iteration 32 z4c_rhs_group: CottonmouthZ4c4m::z4c_rhs
INFO (CarpetX): CallFunction iteration 32 z4c_apply_dissipation_group: CottonmouthZ4c4m::z4c_apply_dissipation
INFO (CarpetX): CallFunction iteration 32 z4c_enforce_pt1_group: CottonmouthZ4c4m::z4c_enforce_pt1
INFO (CarpetX): CallFunction iteration 32 z4c_enforce_pt2_group: CottonmouthZ4c4m::z4c_enforce_pt2
INFO (CarpetX): CallFunction iteration 32 z4c_to_adm_group: CottonmouthZ4c4m::sync_z4c
INFO (CarpetX): SyncGroups COTTONMOUTHZ4C4M::AT, COTTONMOUTHZ4C4M::GT, COTTONMOUTHZ4C4M::CHI, COTTONMOUTHZ4C4M::EVO_LAPSE, COTTONMOUTHZ4C4M::EVO_SHIFT, COTTONMOUTHZ4C4M::TRK
INFO (CarpetX): CallFunction iteration 32 z4c_to_adm_group: CottonmouthZ4c4m::z4c_to_adm
INFO (CarpetX): CallFunction iteration 32 ODESolvers_PostStep: CottonmouthZ4c4m::sync_state
INFO (CarpetX): SyncGroups COTTONMOUTHZ4C4M::AT, COTTONMOUTHZ4C4M::THETA, COTTONMOUTHZ4C4M::CHI, COTTONMOUTHZ4C4M::EVO_GAMMAT, COTTONMOUTHZ4C4M::EVO_LAPSE, COTTONMOUTHZ4C4M::EVO_SHIFT, COTTONMOUTHZ4C4M::GT, COTTONMOUTHZ4C4M::TRK
INFO (CarpetX): CallFunction iteration 32 TmunuBaseX_SetTmunuVars: TmunuBaseX::TmunuBaseX_ZeroTmunu
INFO (ODESolvers): Calculated new state #2 at t=0.315
INFO (ODESolvers): Calculating RHS #3 at t=0.315
INFO (CarpetX): CallFunction iteration 32 z4c_rhs_group: CottonmouthZ4c4m::z4c_rhs
INFO (CarpetX): CallFunction iteration 32 z4c_apply_dissipation_group: CottonmouthZ4c4m::z4c_apply_dissipation
INFO (CarpetX): CallFunction iteration 32 z4c_enforce_pt1_group: CottonmouthZ4c4m::z4c_enforce_pt1
INFO (CarpetX): CallFunction iteration 32 z4c_enforce_pt2_group: CottonmouthZ4c4m::z4c_enforce_pt2
INFO (CarpetX): CallFunction iteration 32 z4c_to_adm_group: CottonmouthZ4c4m::sync_z4c
INFO (CarpetX): SyncGroups COTTONMOUTHZ4C4M::AT, COTTONMOUTHZ4C4M::GT, COTTONMOUTHZ4C4M::CHI, COTTONMOUTHZ4C4M::EVO_LAPSE, COTTONMOUTHZ4C4M::EVO_SHIFT, COTTONMOUTHZ4C4M::TRK
INFO (CarpetX): CallFunction iteration 32 z4c_to_adm_group: CottonmouthZ4c4m::z4c_to_adm
INFO (CarpetX): CallFunction iteration 32 ODESolvers_PostStep: CottonmouthZ4c4m::sync_state
INFO (CarpetX): SyncGroups COTTONMOUTHZ4C4M::AT, COTTONMOUTHZ4C4M::THETA, COTTONMOUTHZ4C4M::CHI, COTTONMOUTHZ4C4M::EVO_GAMMAT, COTTONMOUTHZ4C4M::EVO_LAPSE, COTTONMOUTHZ4C4M::EVO_SHIFT, COTTONMOUTHZ4C4M::GT, COTTONMOUTHZ4C4M::TRK
INFO (CarpetX): CallFunction iteration 32 TmunuBaseX_SetTmunuVars: TmunuBaseX::TmunuBaseX_ZeroTmunu
INFO (ODESolvers): Calculated new state #3 at t=0.32
INFO (ODESolvers): Calculating RHS #4 at t=0.32
INFO (CarpetX): CallFunction iteration 32 z4c_rhs_group: CottonmouthZ4c4m::z4c_rhs
INFO (CarpetX): CallFunction iteration 32 z4c_apply_dissipation_group: CottonmouthZ4c4m::z4c_apply_dissipation
INFO (CarpetX): CallFunction iteration 32 z4c_enforce_pt1_group: CottonmouthZ4c4m::z4c_enforce_pt1
INFO (CarpetX): CallFunction iteration 32 z4c_enforce_pt2_group: CottonmouthZ4c4m::z4c_enforce_pt2
INFO (CarpetX): CallFunction iteration 32 z4c_to_adm_group: CottonmouthZ4c4m::sync_z4c
INFO (CarpetX): SyncGroups COTTONMOUTHZ4C4M::AT, COTTONMOUTHZ4C4M::GT, COTTONMOUTHZ4C4M::CHI, COTTONMOUTHZ4C4M::EVO_LAPSE, COTTONMOUTHZ4C4M::EVO_SHIFT, COTTONMOUTHZ4C4M::TRK
INFO (CarpetX): CallFunction iteration 32 z4c_to_adm_group: CottonmouthZ4c4m::z4c_to_adm
INFO (CarpetX): CallFunction iteration 32 ODESolvers_PostStep: CottonmouthZ4c4m::sync_state
INFO (CarpetX): SyncGroups COTTONMOUTHZ4C4M::AT, COTTONMOUTHZ4C4M::THETA, COTTONMOUTHZ4C4M::CHI, COTTONMOUTHZ4C4M::EVO_GAMMAT, COTTONMOUTHZ4C4M::EVO_LAPSE, COTTONMOUTHZ4C4M::EVO_SHIFT, COTTONMOUTHZ4C4M::GT, COTTONMOUTHZ4C4M::TRK
INFO (CarpetX): CallFunction iteration 32 TmunuBaseX_SetTmunuVars: TmunuBaseX::TmunuBaseX_ZeroTmunu
INFO (ODESolvers): Calculated new state #4 at t=0.32
INFO (CarpetX): ScheduleTraverseGH iteration 32 CCTK_POSTSTEP
INFO (CarpetX): CallFunction iteration 32 CCTK_POSTSTEP: CottonmouthLinearWaveID::StateSync_CottonmouthLinearWaveID
INFO (CarpetX): ScheduleTraverseGH iteration 32 CCTK_CHECKPOINT
INFO (CarpetX): CallFunction iteration 32 CCTK_CHECKPOINT: CarpetX::CarpetX_Checkpoint
INFO (CarpetX): ScheduleTraverseGH iteration 32 CCTK_ANALYSIS
INFO (CarpetX): CallFunction iteration 32 z4c_constraints_group: CottonmouthZ4c4m::z4c_constraints
INFO (CarpetX): OutputGH: iteration 32, time 0.320000, run time 3 s
INFO (CarpetX): OutputGH done.
INFO (CarpetX): Simulation time: 0.32   Iterations per second: 13.327   Simulation time per second: 0.13327
INFO (CarpetX): Grid cells: 3200   Grid cell updates per second: 42646.4
INFO (CarpetX): Performance:
INFO (CarpetX):   total evolution time:            2.40449 sec
INFO (CarpetX):   total evolution compute time:    2.40431 sec
INFO (CarpetX):   total evolution output time:     0.000179291 sec
INFO (CarpetX):   total iterations:                32
INFO (CarpetX):   total cells updated:             102400
INFO (CarpetX):   average iterations per second: 13.3084
INFO (CarpetX):   average cell updates per second: 42586.9
INFO (CarpetX): SyncGroups COTTONMOUTHZ4C4M::AT, COTTONMOUTHZ4C4M::THETA, COTTONMOUTHZ4C4M::CHI, COTTONMOUTHZ4C4M::EVO_GAMMAT, COTTONMOUTHZ4C4M::EVO_LAPSE, COTTONMOUTHZ4C4M::EVO_SHIFT, COTTONMOUTHZ4C4M::GT, COTTONMOUTHZ4C4M::TRK
INFO (CarpetX): ScheduleTraverseGH iteration 33 CCTK_PRESTEP
INFO (CarpetX): ScheduleTraverseGH iteration 33 CCTK_EVOL
INFO (CarpetX): CallFunction iteration 33 CCTK_EVOL: ODESolvers::ODESolvers_Solve
INFO (ODESolvers): ODE integrator is RK4
INFO (ODESolvers):   Integrating 22 variables
INFO (ODESolvers): Calculating RHS #1 at t=0.32
INFO (CarpetX): CallFunction iteration 33 z4c_rhs_group: CottonmouthZ4c4m::z4c_rhs
INFO (CarpetX): CallFunction iteration 33 z4c_apply_dissipation_group: CottonmouthZ4c4m::z4c_apply_dissipation
INFO (CarpetX): CallFunction iteration 33 z4c_enforce_pt1_group: CottonmouthZ4c4m::z4c_enforce_pt1
INFO (CarpetX): CallFunction iteration 33 z4c_enforce_pt2_group: CottonmouthZ4c4m::z4c_enforce_pt2
INFO (CarpetX): CallFunction iteration 33 z4c_to_adm_group: CottonmouthZ4c4m::sync_z4c
INFO (CarpetX): SyncGroups COTTONMOUTHZ4C4M::AT, COTTONMOUTHZ4C4M::GT, COTTONMOUTHZ4C4M::CHI, COTTONMOUTHZ4C4M::EVO_LAPSE, COTTONMOUTHZ4C4M::EVO_SHIFT, COTTONMOUTHZ4C4M::TRK
INFO (CarpetX): CallFunction iteration 33 z4c_to_adm_group: CottonmouthZ4c4m::z4c_to_adm
INFO (CarpetX): CallFunction iteration 33 ODESolvers_PostStep: CottonmouthZ4c4m::sync_state
INFO (CarpetX): SyncGroups COTTONMOUTHZ4C4M::AT, COTTONMOUTHZ4C4M::THETA, COTTONMOUTHZ4C4M::CHI, COTTONMOUTHZ4C4M::EVO_GAMMAT, COTTONMOUTHZ4C4M::EVO_LAPSE, COTTONMOUTHZ4C4M::EVO_SHIFT, COTTONMOUTHZ4C4M::GT, COTTONMOUTHZ4C4M::TRK
INFO (CarpetX): CallFunction iteration 33 TmunuBaseX_SetTmunuVars: TmunuBaseX::TmunuBaseX_ZeroTmunu
INFO (ODESolvers): Calculated new state #1 at t=0.325
INFO (ODESolvers): Calculating RHS #2 at t=0.325
INFO (CarpetX): CallFunction iteration 33 z4c_rhs_group: CottonmouthZ4c4m::z4c_rhs
INFO (CarpetX): CallFunction iteration 33 z4c_apply_dissipation_group: CottonmouthZ4c4m::z4c_apply_dissipation
INFO (CarpetX): CallFunction iteration 33 z4c_enforce_pt1_group: CottonmouthZ4c4m::z4c_enforce_pt1
INFO (CarpetX): CallFunction iteration 33 z4c_enforce_pt2_group: CottonmouthZ4c4m::z4c_enforce_pt2
INFO (CarpetX): CallFunction iteration 33 z4c_to_adm_group: CottonmouthZ4c4m::sync_z4c
INFO (CarpetX): SyncGroups COTTONMOUTHZ4C4M::AT, COTTONMOUTHZ4C4M::GT, COTTONMOUTHZ4C4M::CHI, COTTONMOUTHZ4C4M::EVO_LAPSE, COTTONMOUTHZ4C4M::EVO_SHIFT, COTTONMOUTHZ4C4M::TRK
INFO (CarpetX): CallFunction iteration 33 z4c_to_adm_group: CottonmouthZ4c4m::z4c_to_adm
INFO (CarpetX): CallFunction iteration 33 ODESolvers_PostStep: CottonmouthZ4c4m::sync_state
INFO (CarpetX): SyncGroups COTTONMOUTHZ4C4M::AT, COTTONMOUTHZ4C4M::THETA, COTTONMOUTHZ4C4M::CHI, COTTONMOUTHZ4C4M::EVO_GAMMAT, COTTONMOUTHZ4C4M::EVO_LAPSE, COTTONMOUTHZ4C4M::EVO_SHIFT, COTTONMOUTHZ4C4M::GT, COTTONMOUTHZ4C4M::TRK
INFO (CarpetX): CallFunction iteration 33 TmunuBaseX_SetTmunuVars: TmunuBaseX::TmunuBaseX_ZeroTmunu
INFO (ODESolvers): Calculated new state #2 at t=0.325
INFO (ODESolvers): Calculating RHS #3 at t=0.325
INFO (CarpetX): CallFunction iteration 33 z4c_rhs_group: CottonmouthZ4c4m::z4c_rhs
INFO (CarpetX): CallFunction iteration 33 z4c_apply_dissipation_group: CottonmouthZ4c4m::z4c_apply_dissipation
INFO (CarpetX): CallFunction iteration 33 z4c_enforce_pt1_group: CottonmouthZ4c4m::z4c_enforce_pt1
INFO (CarpetX): CallFunction iteration 33 z4c_enforce_pt2_group: CottonmouthZ4c4m::z4c_enforce_pt2
INFO (CarpetX): CallFunction iteration 33 z4c_to_adm_group: CottonmouthZ4c4m::sync_z4c
INFO (CarpetX): SyncGroups COTTONMOUTHZ4C4M::AT, COTTONMOUTHZ4C4M::GT, COTTONMOUTHZ4C4M::CHI, COTTONMOUTHZ4C4M::EVO_LAPSE, COTTONMOUTHZ4C4M::EVO_SHIFT, COTTONMOUTHZ4C4M::TRK
INFO (CarpetX): CallFunction iteration 33 z4c_to_adm_group: CottonmouthZ4c4m::z4c_to_adm
INFO (CarpetX): CallFunction iteration 33 ODESolvers_PostStep: CottonmouthZ4c4m::sync_state
INFO (CarpetX): SyncGroups COTTONMOUTHZ4C4M::AT, COTTONMOUTHZ4C4M::THETA, COTTONMOUTHZ4C4M::CHI, COTTONMOUTHZ4C4M::EVO_GAMMAT, COTTONMOUTHZ4C4M::EVO_LAPSE, COTTONMOUTHZ4C4M::EVO_SHIFT, COTTONMOUTHZ4C4M::GT, COTTONMOUTHZ4C4M::TRK
INFO (CarpetX): CallFunction iteration 33 TmunuBaseX_SetTmunuVars: TmunuBaseX::TmunuBaseX_ZeroTmunu
INFO (ODESolvers): Calculated new state #3 at t=0.33
INFO (ODESolvers): Calculating RHS #4 at t=0.33
INFO (CarpetX): CallFunction iteration 33 z4c_rhs_group: CottonmouthZ4c4m::z4c_rhs
INFO (CarpetX): CallFunction iteration 33 z4c_apply_dissipation_group: CottonmouthZ4c4m::z4c_apply_dissipation
INFO (CarpetX): CallFunction iteration 33 z4c_enforce_pt1_group: CottonmouthZ4c4m::z4c_enforce_pt1
INFO (CarpetX): CallFunction iteration 33 z4c_enforce_pt2_group: CottonmouthZ4c4m::z4c_enforce_pt2
INFO (CarpetX): CallFunction iteration 33 z4c_to_adm_group: CottonmouthZ4c4m::sync_z4c
INFO (CarpetX): SyncGroups COTTONMOUTHZ4C4M::AT, COTTONMOUTHZ4C4M::GT, COTTONMOUTHZ4C4M::CHI, COTTONMOUTHZ4C4M::EVO_LAPSE, COTTONMOUTHZ4C4M::EVO_SHIFT, COTTONMOUTHZ4C4M::TRK
INFO (CarpetX): CallFunction iteration 33 z4c_to_adm_group: CottonmouthZ4c4m::z4c_to_adm
INFO (CarpetX): CallFunction iteration 33 ODESolvers_PostStep: CottonmouthZ4c4m::sync_state
INFO (CarpetX): SyncGroups COTTONMOUTHZ4C4M::AT, COTTONMOUTHZ4C4M::THETA, COTTONMOUTHZ4C4M::CHI, COTTONMOUTHZ4C4M::EVO_GAMMAT, COTTONMOUTHZ4C4M::EVO_LAPSE, COTTONMOUTHZ4C4M::EVO_SHIFT, COTTONMOUTHZ4C4M::GT, COTTONMOUTHZ4C4M::TRK
INFO (CarpetX): CallFunction iteration 33 TmunuBaseX_SetTmunuVars: TmunuBaseX::TmunuBaseX_ZeroTmunu
INFO (ODESolvers): Calculated new state #4 at t=0.33
INFO (CarpetX): ScheduleTraverseGH iteration 33 CCTK_POSTSTEP
INFO (CarpetX): CallFunction iteration 33 CCTK_POSTSTEP: CottonmouthLinearWaveID::StateSync_CottonmouthLinearWaveID
INFO (CarpetX): ScheduleTraverseGH iteration 33 CCTK_CHECKPOINT
INFO (CarpetX): CallFunction iteration 33 CCTK_CHECKPOINT: CarpetX::CarpetX_Checkpoint
INFO (CarpetX): ScheduleTraverseGH iteration 33 CCTK_ANALYSIS
INFO (CarpetX): CallFunction iteration 33 z4c_constraints_group: CottonmouthZ4c4m::z4c_constraints
INFO (CarpetX): OutputGH: iteration 33, time 0.330000, run time 3 s
INFO (CarpetX): OutputGH done.
INFO (CarpetX): Simulation time: 0.33   Iterations per second: 13.3289   Simulation time per second: 0.133289
INFO (CarpetX): Grid cells: 3200   Grid cell updates per second: 42652.4
INFO (CarpetX): Performance:
INFO (CarpetX):   total evolution time:            2.47942 sec
INFO (CarpetX):   total evolution compute time:    2.47924 sec
INFO (CarpetX):   total evolution output time:     0.000185251 sec
INFO (CarpetX):   total iterations:                33
INFO (CarpetX):   total cells updated:             105600
INFO (CarpetX):   average iterations per second: 13.3096
INFO (CarpetX):   average cell updates per second: 42590.6
INFO (CarpetX): SyncGroups COTTONMOUTHZ4C4M::AT, COTTONMOUTHZ4C4M::THETA, COTTONMOUTHZ4C4M::CHI, COTTONMOUTHZ4C4M::EVO_GAMMAT, COTTONMOUTHZ4C4M::EVO_LAPSE, COTTONMOUTHZ4C4M::EVO_SHIFT, COTTONMOUTHZ4C4M::GT, COTTONMOUTHZ4C4M::TRK
INFO (CarpetX): ScheduleTraverseGH iteration 34 CCTK_PRESTEP
INFO (CarpetX): ScheduleTraverseGH iteration 34 CCTK_EVOL
INFO (CarpetX): CallFunction iteration 34 CCTK_EVOL: ODESolvers::ODESolvers_Solve
INFO (ODESolvers): ODE integrator is RK4
INFO (ODESolvers):   Integrating 22 variables
INFO (ODESolvers): Calculating RHS #1 at t=0.33
INFO (CarpetX): CallFunction iteration 34 z4c_rhs_group: CottonmouthZ4c4m::z4c_rhs
INFO (CarpetX): CallFunction iteration 34 z4c_apply_dissipation_group: CottonmouthZ4c4m::z4c_apply_dissipation
INFO (CarpetX): CallFunction iteration 34 z4c_enforce_pt1_group: CottonmouthZ4c4m::z4c_enforce_pt1
INFO (CarpetX): CallFunction iteration 34 z4c_enforce_pt2_group: CottonmouthZ4c4m::z4c_enforce_pt2
INFO (CarpetX): CallFunction iteration 34 z4c_to_adm_group: CottonmouthZ4c4m::sync_z4c
INFO (CarpetX): SyncGroups COTTONMOUTHZ4C4M::AT, COTTONMOUTHZ4C4M::GT, COTTONMOUTHZ4C4M::CHI, COTTONMOUTHZ4C4M::EVO_LAPSE, COTTONMOUTHZ4C4M::EVO_SHIFT, COTTONMOUTHZ4C4M::TRK
INFO (CarpetX): CallFunction iteration 34 z4c_to_adm_group: CottonmouthZ4c4m::z4c_to_adm
INFO (CarpetX): CallFunction iteration 34 ODESolvers_PostStep: CottonmouthZ4c4m::sync_state
INFO (CarpetX): SyncGroups COTTONMOUTHZ4C4M::AT, COTTONMOUTHZ4C4M::THETA, COTTONMOUTHZ4C4M::CHI, COTTONMOUTHZ4C4M::EVO_GAMMAT, COTTONMOUTHZ4C4M::EVO_LAPSE, COTTONMOUTHZ4C4M::EVO_SHIFT, COTTONMOUTHZ4C4M::GT, COTTONMOUTHZ4C4M::TRK
INFO (CarpetX): CallFunction iteration 34 TmunuBaseX_SetTmunuVars: TmunuBaseX::TmunuBaseX_ZeroTmunu
INFO (ODESolvers): Calculated new state #1 at t=0.335
INFO (ODESolvers): Calculating RHS #2 at t=0.335
INFO (CarpetX): CallFunction iteration 34 z4c_rhs_group: CottonmouthZ4c4m::z4c_rhs
INFO (CarpetX): CallFunction iteration 34 z4c_apply_dissipation_group: CottonmouthZ4c4m::z4c_apply_dissipation
INFO (CarpetX): CallFunction iteration 34 z4c_enforce_pt1_group: CottonmouthZ4c4m::z4c_enforce_pt1
INFO (CarpetX): CallFunction iteration 34 z4c_enforce_pt2_group: CottonmouthZ4c4m::z4c_enforce_pt2
INFO (CarpetX): CallFunction iteration 34 z4c_to_adm_group: CottonmouthZ4c4m::sync_z4c
INFO (CarpetX): SyncGroups COTTONMOUTHZ4C4M::AT, COTTONMOUTHZ4C4M::GT, COTTONMOUTHZ4C4M::CHI, COTTONMOUTHZ4C4M::EVO_LAPSE, COTTONMOUTHZ4C4M::EVO_SHIFT, COTTONMOUTHZ4C4M::TRK
INFO (CarpetX): CallFunction iteration 34 z4c_to_adm_group: CottonmouthZ4c4m::z4c_to_adm
INFO (CarpetX): CallFunction iteration 34 ODESolvers_PostStep: CottonmouthZ4c4m::sync_state
INFO (CarpetX): SyncGroups COTTONMOUTHZ4C4M::AT, COTTONMOUTHZ4C4M::THETA, COTTONMOUTHZ4C4M::CHI, COTTONMOUTHZ4C4M::EVO_GAMMAT, COTTONMOUTHZ4C4M::EVO_LAPSE, COTTONMOUTHZ4C4M::EVO_SHIFT, COTTONMOUTHZ4C4M::GT, COTTONMOUTHZ4C4M::TRK
INFO (CarpetX): CallFunction iteration 34 TmunuBaseX_SetTmunuVars: TmunuBaseX::TmunuBaseX_ZeroTmunu
INFO (ODESolvers): Calculated new state #2 at t=0.335
INFO (ODESolvers): Calculating RHS #3 at t=0.335
INFO (CarpetX): CallFunction iteration 34 z4c_rhs_group: CottonmouthZ4c4m::z4c_rhs
INFO (CarpetX): CallFunction iteration 34 z4c_apply_dissipation_group: CottonmouthZ4c4m::z4c_apply_dissipation
INFO (CarpetX): CallFunction iteration 34 z4c_enforce_pt1_group: CottonmouthZ4c4m::z4c_enforce_pt1
INFO (CarpetX): CallFunction iteration 34 z4c_enforce_pt2_group: CottonmouthZ4c4m::z4c_enforce_pt2
INFO (CarpetX): CallFunction iteration 34 z4c_to_adm_group: CottonmouthZ4c4m::sync_z4c
INFO (CarpetX): SyncGroups COTTONMOUTHZ4C4M::AT, COTTONMOUTHZ4C4M::GT, COTTONMOUTHZ4C4M::CHI, COTTONMOUTHZ4C4M::EVO_LAPSE, COTTONMOUTHZ4C4M::EVO_SHIFT, COTTONMOUTHZ4C4M::TRK
INFO (CarpetX): CallFunction iteration 34 z4c_to_adm_group: CottonmouthZ4c4m::z4c_to_adm
INFO (CarpetX): CallFunction iteration 34 ODESolvers_PostStep: CottonmouthZ4c4m::sync_state
INFO (CarpetX): SyncGroups COTTONMOUTHZ4C4M::AT, COTTONMOUTHZ4C4M::THETA, COTTONMOUTHZ4C4M::CHI, COTTONMOUTHZ4C4M::EVO_GAMMAT, COTTONMOUTHZ4C4M::EVO_LAPSE, COTTONMOUTHZ4C4M::EVO_SHIFT, COTTONMOUTHZ4C4M::GT, COTTONMOUTHZ4C4M::TRK
INFO (CarpetX): CallFunction iteration 34 TmunuBaseX_SetTmunuVars: TmunuBaseX::TmunuBaseX_ZeroTmunu
INFO (ODESolvers): Calculated new state #3 at t=0.34
INFO (ODESolvers): Calculating RHS #4 at t=0.34
INFO (CarpetX): CallFunction iteration 34 z4c_rhs_group: CottonmouthZ4c4m::z4c_rhs
INFO (CarpetX): CallFunction iteration 34 z4c_apply_dissipation_group: CottonmouthZ4c4m::z4c_apply_dissipation
INFO (CarpetX): CallFunction iteration 34 z4c_enforce_pt1_group: CottonmouthZ4c4m::z4c_enforce_pt1
INFO (CarpetX): CallFunction iteration 34 z4c_enforce_pt2_group: CottonmouthZ4c4m::z4c_enforce_pt2
INFO (CarpetX): CallFunction iteration 34 z4c_to_adm_group: CottonmouthZ4c4m::sync_z4c
INFO (CarpetX): SyncGroups COTTONMOUTHZ4C4M::AT, COTTONMOUTHZ4C4M::GT, COTTONMOUTHZ4C4M::CHI, COTTONMOUTHZ4C4M::EVO_LAPSE, COTTONMOUTHZ4C4M::EVO_SHIFT, COTTONMOUTHZ4C4M::TRK
INFO (CarpetX): CallFunction iteration 34 z4c_to_adm_group: CottonmouthZ4c4m::z4c_to_adm
INFO (CarpetX): CallFunction iteration 34 ODESolvers_PostStep: CottonmouthZ4c4m::sync_state
INFO (CarpetX): SyncGroups COTTONMOUTHZ4C4M::AT, COTTONMOUTHZ4C4M::THETA, COTTONMOUTHZ4C4M::CHI, COTTONMOUTHZ4C4M::EVO_GAMMAT, COTTONMOUTHZ4C4M::EVO_LAPSE, COTTONMOUTHZ4C4M::EVO_SHIFT, COTTONMOUTHZ4C4M::GT, COTTONMOUTHZ4C4M::TRK
INFO (CarpetX): CallFunction iteration 34 TmunuBaseX_SetTmunuVars: TmunuBaseX::TmunuBaseX_ZeroTmunu
INFO (ODESolvers): Calculated new state #4 at t=0.34
INFO (CarpetX): ScheduleTraverseGH iteration 34 CCTK_POSTSTEP
INFO (CarpetX): CallFunction iteration 34 CCTK_POSTSTEP: CottonmouthLinearWaveID::StateSync_CottonmouthLinearWaveID
INFO (CarpetX): ScheduleTraverseGH iteration 34 CCTK_CHECKPOINT
INFO (CarpetX): CallFunction iteration 34 CCTK_CHECKPOINT: CarpetX::CarpetX_Checkpoint
INFO (CarpetX): ScheduleTraverseGH iteration 34 CCTK_ANALYSIS
INFO (CarpetX): CallFunction iteration 34 z4c_constraints_group: CottonmouthZ4c4m::z4c_constraints
INFO (CarpetX): OutputGH: iteration 34, time 0.340000, run time 4 s
INFO (CarpetX): OutputGH done.
INFO (CarpetX): Simulation time: 0.34   Iterations per second: 13.3305   Simulation time per second: 0.133305
INFO (CarpetX): Grid cells: 3200   Grid cell updates per second: 42657.7
INFO (CarpetX): Performance:
INFO (CarpetX):   total evolution time:            2.55436 sec
INFO (CarpetX):   total evolution compute time:    2.55417 sec
INFO (CarpetX):   total evolution output time:     0.000190258 sec
INFO (CarpetX):   total iterations:                34
INFO (CarpetX):   total cells updated:             108800
INFO (CarpetX):   average iterations per second: 13.3106
INFO (CarpetX):   average cell updates per second: 42593.9
INFO (CarpetX): SyncGroups COTTONMOUTHZ4C4M::AT, COTTONMOUTHZ4C4M::THETA, COTTONMOUTHZ4C4M::CHI, COTTONMOUTHZ4C4M::EVO_GAMMAT, COTTONMOUTHZ4C4M::EVO_LAPSE, COTTONMOUTHZ4C4M::EVO_SHIFT, COTTONMOUTHZ4C4M::GT, COTTONMOUTHZ4C4M::TRK
INFO (CarpetX): ScheduleTraverseGH iteration 35 CCTK_PRESTEP
INFO (CarpetX): ScheduleTraverseGH iteration 35 CCTK_EVOL
INFO (CarpetX): CallFunction iteration 35 CCTK_EVOL: ODESolvers::ODESolvers_Solve
INFO (ODESolvers): ODE integrator is RK4
INFO (ODESolvers):   Integrating 22 variables
INFO (ODESolvers): Calculating RHS #1 at t=0.34
INFO (CarpetX): CallFunction iteration 35 z4c_rhs_group: CottonmouthZ4c4m::z4c_rhs
INFO (CarpetX): CallFunction iteration 35 z4c_apply_dissipation_group: CottonmouthZ4c4m::z4c_apply_dissipation
INFO (CarpetX): CallFunction iteration 35 z4c_enforce_pt1_group: CottonmouthZ4c4m::z4c_enforce_pt1
INFO (CarpetX): CallFunction iteration 35 z4c_enforce_pt2_group: CottonmouthZ4c4m::z4c_enforce_pt2
INFO (CarpetX): CallFunction iteration 35 z4c_to_adm_group: CottonmouthZ4c4m::sync_z4c
INFO (CarpetX): SyncGroups COTTONMOUTHZ4C4M::AT, COTTONMOUTHZ4C4M::GT, COTTONMOUTHZ4C4M::CHI, COTTONMOUTHZ4C4M::EVO_LAPSE, COTTONMOUTHZ4C4M::EVO_SHIFT, COTTONMOUTHZ4C4M::TRK
INFO (CarpetX): CallFunction iteration 35 z4c_to_adm_group: CottonmouthZ4c4m::z4c_to_adm
INFO (CarpetX): CallFunction iteration 35 ODESolvers_PostStep: CottonmouthZ4c4m::sync_state
INFO (CarpetX): SyncGroups COTTONMOUTHZ4C4M::AT, COTTONMOUTHZ4C4M::THETA, COTTONMOUTHZ4C4M::CHI, COTTONMOUTHZ4C4M::EVO_GAMMAT, COTTONMOUTHZ4C4M::EVO_LAPSE, COTTONMOUTHZ4C4M::EVO_SHIFT, COTTONMOUTHZ4C4M::GT, COTTONMOUTHZ4C4M::TRK
INFO (CarpetX): CallFunction iteration 35 TmunuBaseX_SetTmunuVars: TmunuBaseX::TmunuBaseX_ZeroTmunu
INFO (ODESolvers): Calculated new state #1 at t=0.345
INFO (ODESolvers): Calculating RHS #2 at t=0.345
INFO (CarpetX): CallFunction iteration 35 z4c_rhs_group: CottonmouthZ4c4m::z4c_rhs
INFO (CarpetX): CallFunction iteration 35 z4c_apply_dissipation_group: CottonmouthZ4c4m::z4c_apply_dissipation
INFO (CarpetX): CallFunction iteration 35 z4c_enforce_pt1_group: CottonmouthZ4c4m::z4c_enforce_pt1
INFO (CarpetX): CallFunction iteration 35 z4c_enforce_pt2_group: CottonmouthZ4c4m::z4c_enforce_pt2
INFO (CarpetX): CallFunction iteration 35 z4c_to_adm_group: CottonmouthZ4c4m::sync_z4c
INFO (CarpetX): SyncGroups COTTONMOUTHZ4C4M::AT, COTTONMOUTHZ4C4M::GT, COTTONMOUTHZ4C4M::CHI, COTTONMOUTHZ4C4M::EVO_LAPSE, COTTONMOUTHZ4C4M::EVO_SHIFT, COTTONMOUTHZ4C4M::TRK
INFO (CarpetX): CallFunction iteration 35 z4c_to_adm_group: CottonmouthZ4c4m::z4c_to_adm
INFO (CarpetX): CallFunction iteration 35 ODESolvers_PostStep: CottonmouthZ4c4m::sync_state
INFO (CarpetX): SyncGroups COTTONMOUTHZ4C4M::AT, COTTONMOUTHZ4C4M::THETA, COTTONMOUTHZ4C4M::CHI, COTTONMOUTHZ4C4M::EVO_GAMMAT, COTTONMOUTHZ4C4M::EVO_LAPSE, COTTONMOUTHZ4C4M::EVO_SHIFT, COTTONMOUTHZ4C4M::GT, COTTONMOUTHZ4C4M::TRK
INFO (CarpetX): CallFunction iteration 35 TmunuBaseX_SetTmunuVars: TmunuBaseX::TmunuBaseX_ZeroTmunu
INFO (ODESolvers): Calculated new state #2 at t=0.345
INFO (ODESolvers): Calculating RHS #3 at t=0.345
INFO (CarpetX): CallFunction iteration 35 z4c_rhs_group: CottonmouthZ4c4m::z4c_rhs
INFO (CarpetX): CallFunction iteration 35 z4c_apply_dissipation_group: CottonmouthZ4c4m::z4c_apply_dissipation
INFO (CarpetX): CallFunction iteration 35 z4c_enforce_pt1_group: CottonmouthZ4c4m::z4c_enforce_pt1
INFO (CarpetX): CallFunction iteration 35 z4c_enforce_pt2_group: CottonmouthZ4c4m::z4c_enforce_pt2
INFO (CarpetX): CallFunction iteration 35 z4c_to_adm_group: CottonmouthZ4c4m::sync_z4c
INFO (CarpetX): SyncGroups COTTONMOUTHZ4C4M::AT, COTTONMOUTHZ4C4M::GT, COTTONMOUTHZ4C4M::CHI, COTTONMOUTHZ4C4M::EVO_LAPSE, COTTONMOUTHZ4C4M::EVO_SHIFT, COTTONMOUTHZ4C4M::TRK
INFO (CarpetX): CallFunction iteration 35 z4c_to_adm_group: CottonmouthZ4c4m::z4c_to_adm
INFO (CarpetX): CallFunction iteration 35 ODESolvers_PostStep: CottonmouthZ4c4m::sync_state
INFO (CarpetX): SyncGroups COTTONMOUTHZ4C4M::AT, COTTONMOUTHZ4C4M::THETA, COTTONMOUTHZ4C4M::CHI, COTTONMOUTHZ4C4M::EVO_GAMMAT, COTTONMOUTHZ4C4M::EVO_LAPSE, COTTONMOUTHZ4C4M::EVO_SHIFT, COTTONMOUTHZ4C4M::GT, COTTONMOUTHZ4C4M::TRK
INFO (CarpetX): CallFunction iteration 35 TmunuBaseX_SetTmunuVars: TmunuBaseX::TmunuBaseX_ZeroTmunu
INFO (ODESolvers): Calculated new state #3 at t=0.35
INFO (ODESolvers): Calculating RHS #4 at t=0.35
INFO (CarpetX): CallFunction iteration 35 z4c_rhs_group: CottonmouthZ4c4m::z4c_rhs
INFO (CarpetX): CallFunction iteration 35 z4c_apply_dissipation_group: CottonmouthZ4c4m::z4c_apply_dissipation
INFO (CarpetX): CallFunction iteration 35 z4c_enforce_pt1_group: CottonmouthZ4c4m::z4c_enforce_pt1
INFO (CarpetX): CallFunction iteration 35 z4c_enforce_pt2_group: CottonmouthZ4c4m::z4c_enforce_pt2
INFO (CarpetX): CallFunction iteration 35 z4c_to_adm_group: CottonmouthZ4c4m::sync_z4c
INFO (CarpetX): SyncGroups COTTONMOUTHZ4C4M::AT, COTTONMOUTHZ4C4M::GT, COTTONMOUTHZ4C4M::CHI, COTTONMOUTHZ4C4M::EVO_LAPSE, COTTONMOUTHZ4C4M::EVO_SHIFT, COTTONMOUTHZ4C4M::TRK
INFO (CarpetX): CallFunction iteration 35 z4c_to_adm_group: CottonmouthZ4c4m::z4c_to_adm
INFO (CarpetX): CallFunction iteration 35 ODESolvers_PostStep: CottonmouthZ4c4m::sync_state
INFO (CarpetX): SyncGroups COTTONMOUTHZ4C4M::AT, COTTONMOUTHZ4C4M::THETA, COTTONMOUTHZ4C4M::CHI, COTTONMOUTHZ4C4M::EVO_GAMMAT, COTTONMOUTHZ4C4M::EVO_LAPSE, COTTONMOUTHZ4C4M::EVO_SHIFT, COTTONMOUTHZ4C4M::GT, COTTONMOUTHZ4C4M::TRK
INFO (CarpetX): CallFunction iteration 35 TmunuBaseX_SetTmunuVars: TmunuBaseX::TmunuBaseX_ZeroTmunu
INFO (ODESolvers): Calculated new state #4 at t=0.35
INFO (CarpetX): ScheduleTraverseGH iteration 35 CCTK_POSTSTEP
INFO (CarpetX): CallFunction iteration 35 CCTK_POSTSTEP: CottonmouthLinearWaveID::StateSync_CottonmouthLinearWaveID
INFO (CarpetX): ScheduleTraverseGH iteration 35 CCTK_CHECKPOINT
INFO (CarpetX): CallFunction iteration 35 CCTK_CHECKPOINT: CarpetX::CarpetX_Checkpoint
INFO (CarpetX): ScheduleTraverseGH iteration 35 CCTK_ANALYSIS
INFO (CarpetX): CallFunction iteration 35 z4c_constraints_group: CottonmouthZ4c4m::z4c_constraints
INFO (CarpetX): OutputGH: iteration 35, time 0.350000, run time 4 s
INFO (CarpetX): OutputGH done.
INFO (CarpetX): Simulation time: 0.35   Iterations per second: 13.3318   Simulation time per second: 0.133318
INFO (CarpetX): Grid cells: 3200   Grid cell updates per second: 42661.8
INFO (CarpetX): Performance:
INFO (CarpetX):   total evolution time:            2.6293 sec
INFO (CarpetX):   total evolution compute time:    2.62909 sec
INFO (CarpetX):   total evolution output time:     0.000208139 sec
INFO (CarpetX):   total iterations:                35
INFO (CarpetX):   total cells updated:             112000
INFO (CarpetX):   average iterations per second: 13.3115
INFO (CarpetX):   average cell updates per second: 42596.9
INFO (CarpetX): SyncGroups COTTONMOUTHZ4C4M::AT, COTTONMOUTHZ4C4M::THETA, COTTONMOUTHZ4C4M::CHI, COTTONMOUTHZ4C4M::EVO_GAMMAT, COTTONMOUTHZ4C4M::EVO_LAPSE, COTTONMOUTHZ4C4M::EVO_SHIFT, COTTONMOUTHZ4C4M::GT, COTTONMOUTHZ4C4M::TRK
INFO (CarpetX): ScheduleTraverseGH iteration 36 CCTK_PRESTEP
INFO (CarpetX): ScheduleTraverseGH iteration 36 CCTK_EVOL
INFO (CarpetX): CallFunction iteration 36 CCTK_EVOL: ODESolvers::ODESolvers_Solve
INFO (ODESolvers): ODE integrator is RK4
INFO (ODESolvers):   Integrating 22 variables
INFO (ODESolvers): Calculating RHS #1 at t=0.35
INFO (CarpetX): CallFunction iteration 36 z4c_rhs_group: CottonmouthZ4c4m::z4c_rhs
INFO (CarpetX): CallFunction iteration 36 z4c_apply_dissipation_group: CottonmouthZ4c4m::z4c_apply_dissipation
INFO (CarpetX): CallFunction iteration 36 z4c_enforce_pt1_group: CottonmouthZ4c4m::z4c_enforce_pt1
INFO (CarpetX): CallFunction iteration 36 z4c_enforce_pt2_group: CottonmouthZ4c4m::z4c_enforce_pt2
INFO (CarpetX): CallFunction iteration 36 z4c_to_adm_group: CottonmouthZ4c4m::sync_z4c
INFO (CarpetX): SyncGroups COTTONMOUTHZ4C4M::AT, COTTONMOUTHZ4C4M::GT, COTTONMOUTHZ4C4M::CHI, COTTONMOUTHZ4C4M::EVO_LAPSE, COTTONMOUTHZ4C4M::EVO_SHIFT, COTTONMOUTHZ4C4M::TRK
INFO (CarpetX): CallFunction iteration 36 z4c_to_adm_group: CottonmouthZ4c4m::z4c_to_adm
INFO (CarpetX): CallFunction iteration 36 ODESolvers_PostStep: CottonmouthZ4c4m::sync_state
INFO (CarpetX): SyncGroups COTTONMOUTHZ4C4M::AT, COTTONMOUTHZ4C4M::THETA, COTTONMOUTHZ4C4M::CHI, COTTONMOUTHZ4C4M::EVO_GAMMAT, COTTONMOUTHZ4C4M::EVO_LAPSE, COTTONMOUTHZ4C4M::EVO_SHIFT, COTTONMOUTHZ4C4M::GT, COTTONMOUTHZ4C4M::TRK
INFO (CarpetX): CallFunction iteration 36 TmunuBaseX_SetTmunuVars: TmunuBaseX::TmunuBaseX_ZeroTmunu
INFO (ODESolvers): Calculated new state #1 at t=0.355
INFO (ODESolvers): Calculating RHS #2 at t=0.355
INFO (CarpetX): CallFunction iteration 36 z4c_rhs_group: CottonmouthZ4c4m::z4c_rhs
INFO (CarpetX): CallFunction iteration 36 z4c_apply_dissipation_group: CottonmouthZ4c4m::z4c_apply_dissipation
INFO (CarpetX): CallFunction iteration 36 z4c_enforce_pt1_group: CottonmouthZ4c4m::z4c_enforce_pt1
INFO (CarpetX): CallFunction iteration 36 z4c_enforce_pt2_group: CottonmouthZ4c4m::z4c_enforce_pt2
INFO (CarpetX): CallFunction iteration 36 z4c_to_adm_group: CottonmouthZ4c4m::sync_z4c
INFO (CarpetX): SyncGroups COTTONMOUTHZ4C4M::AT, COTTONMOUTHZ4C4M::GT, COTTONMOUTHZ4C4M::CHI, COTTONMOUTHZ4C4M::EVO_LAPSE, COTTONMOUTHZ4C4M::EVO_SHIFT, COTTONMOUTHZ4C4M::TRK
INFO (CarpetX): CallFunction iteration 36 z4c_to_adm_group: CottonmouthZ4c4m::z4c_to_adm
INFO (CarpetX): CallFunction iteration 36 ODESolvers_PostStep: CottonmouthZ4c4m::sync_state
INFO (CarpetX): SyncGroups COTTONMOUTHZ4C4M::AT, COTTONMOUTHZ4C4M::THETA, COTTONMOUTHZ4C4M::CHI, COTTONMOUTHZ4C4M::EVO_GAMMAT, COTTONMOUTHZ4C4M::EVO_LAPSE, COTTONMOUTHZ4C4M::EVO_SHIFT, COTTONMOUTHZ4C4M::GT, COTTONMOUTHZ4C4M::TRK
INFO (CarpetX): CallFunction iteration 36 TmunuBaseX_SetTmunuVars: TmunuBaseX::TmunuBaseX_ZeroTmunu
INFO (ODESolvers): Calculated new state #2 at t=0.355
INFO (ODESolvers): Calculating RHS #3 at t=0.355
INFO (CarpetX): CallFunction iteration 36 z4c_rhs_group: CottonmouthZ4c4m::z4c_rhs
INFO (CarpetX): CallFunction iteration 36 z4c_apply_dissipation_group: CottonmouthZ4c4m::z4c_apply_dissipation
INFO (CarpetX): CallFunction iteration 36 z4c_enforce_pt1_group: CottonmouthZ4c4m::z4c_enforce_pt1
INFO (CarpetX): CallFunction iteration 36 z4c_enforce_pt2_group: CottonmouthZ4c4m::z4c_enforce_pt2
INFO (CarpetX): CallFunction iteration 36 z4c_to_adm_group: CottonmouthZ4c4m::sync_z4c
INFO (CarpetX): SyncGroups COTTONMOUTHZ4C4M::AT, COTTONMOUTHZ4C4M::GT, COTTONMOUTHZ4C4M::CHI, COTTONMOUTHZ4C4M::EVO_LAPSE, COTTONMOUTHZ4C4M::EVO_SHIFT, COTTONMOUTHZ4C4M::TRK
INFO (CarpetX): CallFunction iteration 36 z4c_to_adm_group: CottonmouthZ4c4m::z4c_to_adm
INFO (CarpetX): CallFunction iteration 36 ODESolvers_PostStep: CottonmouthZ4c4m::sync_state
INFO (CarpetX): SyncGroups COTTONMOUTHZ4C4M::AT, COTTONMOUTHZ4C4M::THETA, COTTONMOUTHZ4C4M::CHI, COTTONMOUTHZ4C4M::EVO_GAMMAT, COTTONMOUTHZ4C4M::EVO_LAPSE, COTTONMOUTHZ4C4M::EVO_SHIFT, COTTONMOUTHZ4C4M::GT, COTTONMOUTHZ4C4M::TRK
INFO (CarpetX): CallFunction iteration 36 TmunuBaseX_SetTmunuVars: TmunuBaseX::TmunuBaseX_ZeroTmunu
INFO (ODESolvers): Calculated new state #3 at t=0.36
INFO (ODESolvers): Calculating RHS #4 at t=0.36
INFO (CarpetX): CallFunction iteration 36 z4c_rhs_group: CottonmouthZ4c4m::z4c_rhs
INFO (CarpetX): CallFunction iteration 36 z4c_apply_dissipation_group: CottonmouthZ4c4m::z4c_apply_dissipation
INFO (CarpetX): CallFunction iteration 36 z4c_enforce_pt1_group: CottonmouthZ4c4m::z4c_enforce_pt1
INFO (CarpetX): CallFunction iteration 36 z4c_enforce_pt2_group: CottonmouthZ4c4m::z4c_enforce_pt2
INFO (CarpetX): CallFunction iteration 36 z4c_to_adm_group: CottonmouthZ4c4m::sync_z4c
INFO (CarpetX): SyncGroups COTTONMOUTHZ4C4M::AT, COTTONMOUTHZ4C4M::GT, COTTONMOUTHZ4C4M::CHI, COTTONMOUTHZ4C4M::EVO_LAPSE, COTTONMOUTHZ4C4M::EVO_SHIFT, COTTONMOUTHZ4C4M::TRK
INFO (CarpetX): CallFunction iteration 36 z4c_to_adm_group: CottonmouthZ4c4m::z4c_to_adm
INFO (CarpetX): CallFunction iteration 36 ODESolvers_PostStep: CottonmouthZ4c4m::sync_state
INFO (CarpetX): SyncGroups COTTONMOUTHZ4C4M::AT, COTTONMOUTHZ4C4M::THETA, COTTONMOUTHZ4C4M::CHI, COTTONMOUTHZ4C4M::EVO_GAMMAT, COTTONMOUTHZ4C4M::EVO_LAPSE, COTTONMOUTHZ4C4M::EVO_SHIFT, COTTONMOUTHZ4C4M::GT, COTTONMOUTHZ4C4M::TRK
INFO (CarpetX): CallFunction iteration 36 TmunuBaseX_SetTmunuVars: TmunuBaseX::TmunuBaseX_ZeroTmunu
INFO (ODESolvers): Calculated new state #4 at t=0.36
INFO (CarpetX): ScheduleTraverseGH iteration 36 CCTK_POSTSTEP
INFO (CarpetX): CallFunction iteration 36 CCTK_POSTSTEP: CottonmouthLinearWaveID::StateSync_CottonmouthLinearWaveID
INFO (CarpetX): ScheduleTraverseGH iteration 36 CCTK_CHECKPOINT
INFO (CarpetX): CallFunction iteration 36 CCTK_CHECKPOINT: CarpetX::CarpetX_Checkpoint
INFO (CarpetX): ScheduleTraverseGH iteration 36 CCTK_ANALYSIS
INFO (CarpetX): CallFunction iteration 36 z4c_constraints_group: CottonmouthZ4c4m::z4c_constraints
INFO (CarpetX): OutputGH: iteration 36, time 0.360000, run time 4 s
INFO (CarpetX): OutputGH done.
INFO (CarpetX): Simulation time: 0.36   Iterations per second: 13.3306   Simulation time per second: 0.133306
INFO (CarpetX): Grid cells: 3200   Grid cell updates per second: 42657.8
INFO (CarpetX): Performance:
INFO (CarpetX):   total evolution time:            2.70438 sec
INFO (CarpetX):   total evolution compute time:    2.70416 sec
INFO (CarpetX):   total evolution output time:     0.000213146 sec
INFO (CarpetX):   total iterations:                36
INFO (CarpetX):   total cells updated:             115200
INFO (CarpetX):   average iterations per second: 13.3118
INFO (CarpetX):   average cell updates per second: 42597.6
INFO (CarpetX): SyncGroups COTTONMOUTHZ4C4M::AT, COTTONMOUTHZ4C4M::THETA, COTTONMOUTHZ4C4M::CHI, COTTONMOUTHZ4C4M::EVO_GAMMAT, COTTONMOUTHZ4C4M::EVO_LAPSE, COTTONMOUTHZ4C4M::EVO_SHIFT, COTTONMOUTHZ4C4M::GT, COTTONMOUTHZ4C4M::TRK
INFO (CarpetX): ScheduleTraverseGH iteration 37 CCTK_PRESTEP
INFO (CarpetX): ScheduleTraverseGH iteration 37 CCTK_EVOL
INFO (CarpetX): CallFunction iteration 37 CCTK_EVOL: ODESolvers::ODESolvers_Solve
INFO (ODESolvers): ODE integrator is RK4
INFO (ODESolvers):   Integrating 22 variables
INFO (ODESolvers): Calculating RHS #1 at t=0.36
INFO (CarpetX): CallFunction iteration 37 z4c_rhs_group: CottonmouthZ4c4m::z4c_rhs
INFO (CarpetX): CallFunction iteration 37 z4c_apply_dissipation_group: CottonmouthZ4c4m::z4c_apply_dissipation
INFO (CarpetX): CallFunction iteration 37 z4c_enforce_pt1_group: CottonmouthZ4c4m::z4c_enforce_pt1
INFO (CarpetX): CallFunction iteration 37 z4c_enforce_pt2_group: CottonmouthZ4c4m::z4c_enforce_pt2
INFO (CarpetX): CallFunction iteration 37 z4c_to_adm_group: CottonmouthZ4c4m::sync_z4c
INFO (CarpetX): SyncGroups COTTONMOUTHZ4C4M::AT, COTTONMOUTHZ4C4M::GT, COTTONMOUTHZ4C4M::CHI, COTTONMOUTHZ4C4M::EVO_LAPSE, COTTONMOUTHZ4C4M::EVO_SHIFT, COTTONMOUTHZ4C4M::TRK
INFO (CarpetX): CallFunction iteration 37 z4c_to_adm_group: CottonmouthZ4c4m::z4c_to_adm
INFO (CarpetX): CallFunction iteration 37 ODESolvers_PostStep: CottonmouthZ4c4m::sync_state
INFO (CarpetX): SyncGroups COTTONMOUTHZ4C4M::AT, COTTONMOUTHZ4C4M::THETA, COTTONMOUTHZ4C4M::CHI, COTTONMOUTHZ4C4M::EVO_GAMMAT, COTTONMOUTHZ4C4M::EVO_LAPSE, COTTONMOUTHZ4C4M::EVO_SHIFT, COTTONMOUTHZ4C4M::GT, COTTONMOUTHZ4C4M::TRK
INFO (CarpetX): CallFunction iteration 37 TmunuBaseX_SetTmunuVars: TmunuBaseX::TmunuBaseX_ZeroTmunu
INFO (ODESolvers): Calculated new state #1 at t=0.365
INFO (ODESolvers): Calculating RHS #2 at t=0.365
INFO (CarpetX): CallFunction iteration 37 z4c_rhs_group: CottonmouthZ4c4m::z4c_rhs
INFO (CarpetX): CallFunction iteration 37 z4c_apply_dissipation_group: CottonmouthZ4c4m::z4c_apply_dissipation
INFO (CarpetX): CallFunction iteration 37 z4c_enforce_pt1_group: CottonmouthZ4c4m::z4c_enforce_pt1
INFO (CarpetX): CallFunction iteration 37 z4c_enforce_pt2_group: CottonmouthZ4c4m::z4c_enforce_pt2
INFO (CarpetX): CallFunction iteration 37 z4c_to_adm_group: CottonmouthZ4c4m::sync_z4c
INFO (CarpetX): SyncGroups COTTONMOUTHZ4C4M::AT, COTTONMOUTHZ4C4M::GT, COTTONMOUTHZ4C4M::CHI, COTTONMOUTHZ4C4M::EVO_LAPSE, COTTONMOUTHZ4C4M::EVO_SHIFT, COTTONMOUTHZ4C4M::TRK
INFO (CarpetX): CallFunction iteration 37 z4c_to_adm_group: CottonmouthZ4c4m::z4c_to_adm
INFO (CarpetX): CallFunction iteration 37 ODESolvers_PostStep: CottonmouthZ4c4m::sync_state
INFO (CarpetX): SyncGroups COTTONMOUTHZ4C4M::AT, COTTONMOUTHZ4C4M::THETA, COTTONMOUTHZ4C4M::CHI, COTTONMOUTHZ4C4M::EVO_GAMMAT, COTTONMOUTHZ4C4M::EVO_LAPSE, COTTONMOUTHZ4C4M::EVO_SHIFT, COTTONMOUTHZ4C4M::GT, COTTONMOUTHZ4C4M::TRK
INFO (CarpetX): CallFunction iteration 37 TmunuBaseX_SetTmunuVars: TmunuBaseX::TmunuBaseX_ZeroTmunu
INFO (ODESolvers): Calculated new state #2 at t=0.365
INFO (ODESolvers): Calculating RHS #3 at t=0.365
INFO (CarpetX): CallFunction iteration 37 z4c_rhs_group: CottonmouthZ4c4m::z4c_rhs
INFO (CarpetX): CallFunction iteration 37 z4c_apply_dissipation_group: CottonmouthZ4c4m::z4c_apply_dissipation
INFO (CarpetX): CallFunction iteration 37 z4c_enforce_pt1_group: CottonmouthZ4c4m::z4c_enforce_pt1
INFO (CarpetX): CallFunction iteration 37 z4c_enforce_pt2_group: CottonmouthZ4c4m::z4c_enforce_pt2
INFO (CarpetX): CallFunction iteration 37 z4c_to_adm_group: CottonmouthZ4c4m::sync_z4c
INFO (CarpetX): SyncGroups COTTONMOUTHZ4C4M::AT, COTTONMOUTHZ4C4M::GT, COTTONMOUTHZ4C4M::CHI, COTTONMOUTHZ4C4M::EVO_LAPSE, COTTONMOUTHZ4C4M::EVO_SHIFT, COTTONMOUTHZ4C4M::TRK
INFO (CarpetX): CallFunction iteration 37 z4c_to_adm_group: CottonmouthZ4c4m::z4c_to_adm
INFO (CarpetX): CallFunction iteration 37 ODESolvers_PostStep: CottonmouthZ4c4m::sync_state
INFO (CarpetX): SyncGroups COTTONMOUTHZ4C4M::AT, COTTONMOUTHZ4C4M::THETA, COTTONMOUTHZ4C4M::CHI, COTTONMOUTHZ4C4M::EVO_GAMMAT, COTTONMOUTHZ4C4M::EVO_LAPSE, COTTONMOUTHZ4C4M::EVO_SHIFT, COTTONMOUTHZ4C4M::GT, COTTONMOUTHZ4C4M::TRK
INFO (CarpetX): CallFunction iteration 37 TmunuBaseX_SetTmunuVars: TmunuBaseX::TmunuBaseX_ZeroTmunu
INFO (ODESolvers): Calculated new state #3 at t=0.37
INFO (ODESolvers): Calculating RHS #4 at t=0.37
INFO (CarpetX): CallFunction iteration 37 z4c_rhs_group: CottonmouthZ4c4m::z4c_rhs
INFO (CarpetX): CallFunction iteration 37 z4c_apply_dissipation_group: CottonmouthZ4c4m::z4c_apply_dissipation
INFO (CarpetX): CallFunction iteration 37 z4c_enforce_pt1_group: CottonmouthZ4c4m::z4c_enforce_pt1
INFO (CarpetX): CallFunction iteration 37 z4c_enforce_pt2_group: CottonmouthZ4c4m::z4c_enforce_pt2
INFO (CarpetX): CallFunction iteration 37 z4c_to_adm_group: CottonmouthZ4c4m::sync_z4c
INFO (CarpetX): SyncGroups COTTONMOUTHZ4C4M::AT, COTTONMOUTHZ4C4M::GT, COTTONMOUTHZ4C4M::CHI, COTTONMOUTHZ4C4M::EVO_LAPSE, COTTONMOUTHZ4C4M::EVO_SHIFT, COTTONMOUTHZ4C4M::TRK
INFO (CarpetX): CallFunction iteration 37 z4c_to_adm_group: CottonmouthZ4c4m::z4c_to_adm
INFO (CarpetX): CallFunction iteration 37 ODESolvers_PostStep: CottonmouthZ4c4m::sync_state
INFO (CarpetX): SyncGroups COTTONMOUTHZ4C4M::AT, COTTONMOUTHZ4C4M::THETA, COTTONMOUTHZ4C4M::CHI, COTTONMOUTHZ4C4M::EVO_GAMMAT, COTTONMOUTHZ4C4M::EVO_LAPSE, COTTONMOUTHZ4C4M::EVO_SHIFT, COTTONMOUTHZ4C4M::GT, COTTONMOUTHZ4C4M::TRK
INFO (CarpetX): CallFunction iteration 37 TmunuBaseX_SetTmunuVars: TmunuBaseX::TmunuBaseX_ZeroTmunu
INFO (ODESolvers): Calculated new state #4 at t=0.37
INFO (CarpetX): ScheduleTraverseGH iteration 37 CCTK_POSTSTEP
INFO (CarpetX): CallFunction iteration 37 CCTK_POSTSTEP: CottonmouthLinearWaveID::StateSync_CottonmouthLinearWaveID
INFO (CarpetX): ScheduleTraverseGH iteration 37 CCTK_CHECKPOINT
INFO (CarpetX): CallFunction iteration 37 CCTK_CHECKPOINT: CarpetX::CarpetX_Checkpoint
INFO (CarpetX): ScheduleTraverseGH iteration 37 CCTK_ANALYSIS
INFO (CarpetX): CallFunction iteration 37 z4c_constraints_group: CottonmouthZ4c4m::z4c_constraints
INFO (CarpetX): OutputGH: iteration 37, time 0.370000, run time 4 s
INFO (CarpetX): OutputGH done.
INFO (CarpetX): Simulation time: 0.37   Iterations per second: 13.3317   Simulation time per second: 0.133317
INFO (CarpetX): Grid cells: 3200   Grid cell updates per second: 42661.3
INFO (CarpetX): Performance:
INFO (CarpetX):   total evolution time:            2.77933 sec
INFO (CarpetX):   total evolution compute time:    2.77911 sec
INFO (CarpetX):   total evolution output time:     0.000218153 sec
INFO (CarpetX):   total iterations:                37
INFO (CarpetX):   total cells updated:             118400
INFO (CarpetX):   average iterations per second: 13.3126
INFO (CarpetX):   average cell updates per second: 42600.2
INFO (CarpetX): SyncGroups COTTONMOUTHZ4C4M::AT, COTTONMOUTHZ4C4M::THETA, COTTONMOUTHZ4C4M::CHI, COTTONMOUTHZ4C4M::EVO_GAMMAT, COTTONMOUTHZ4C4M::EVO_LAPSE, COTTONMOUTHZ4C4M::EVO_SHIFT, COTTONMOUTHZ4C4M::GT, COTTONMOUTHZ4C4M::TRK
INFO (CarpetX): ScheduleTraverseGH iteration 38 CCTK_PRESTEP
INFO (CarpetX): ScheduleTraverseGH iteration 38 CCTK_EVOL
INFO (CarpetX): CallFunction iteration 38 CCTK_EVOL: ODESolvers::ODESolvers_Solve
INFO (ODESolvers): ODE integrator is RK4
INFO (ODESolvers):   Integrating 22 variables
INFO (ODESolvers): Calculating RHS #1 at t=0.37
INFO (CarpetX): CallFunction iteration 38 z4c_rhs_group: CottonmouthZ4c4m::z4c_rhs
INFO (CarpetX): CallFunction iteration 38 z4c_apply_dissipation_group: CottonmouthZ4c4m::z4c_apply_dissipation
INFO (CarpetX): CallFunction iteration 38 z4c_enforce_pt1_group: CottonmouthZ4c4m::z4c_enforce_pt1
INFO (CarpetX): CallFunction iteration 38 z4c_enforce_pt2_group: CottonmouthZ4c4m::z4c_enforce_pt2
INFO (CarpetX): CallFunction iteration 38 z4c_to_adm_group: CottonmouthZ4c4m::sync_z4c
INFO (CarpetX): SyncGroups COTTONMOUTHZ4C4M::AT, COTTONMOUTHZ4C4M::GT, COTTONMOUTHZ4C4M::CHI, COTTONMOUTHZ4C4M::EVO_LAPSE, COTTONMOUTHZ4C4M::EVO_SHIFT, COTTONMOUTHZ4C4M::TRK
INFO (CarpetX): CallFunction iteration 38 z4c_to_adm_group: CottonmouthZ4c4m::z4c_to_adm
INFO (CarpetX): CallFunction iteration 38 ODESolvers_PostStep: CottonmouthZ4c4m::sync_state
INFO (CarpetX): SyncGroups COTTONMOUTHZ4C4M::AT, COTTONMOUTHZ4C4M::THETA, COTTONMOUTHZ4C4M::CHI, COTTONMOUTHZ4C4M::EVO_GAMMAT, COTTONMOUTHZ4C4M::EVO_LAPSE, COTTONMOUTHZ4C4M::EVO_SHIFT, COTTONMOUTHZ4C4M::GT, COTTONMOUTHZ4C4M::TRK
INFO (CarpetX): CallFunction iteration 38 TmunuBaseX_SetTmunuVars: TmunuBaseX::TmunuBaseX_ZeroTmunu
INFO (ODESolvers): Calculated new state #1 at t=0.375
INFO (ODESolvers): Calculating RHS #2 at t=0.375
INFO (CarpetX): CallFunction iteration 38 z4c_rhs_group: CottonmouthZ4c4m::z4c_rhs
INFO (CarpetX): CallFunction iteration 38 z4c_apply_dissipation_group: CottonmouthZ4c4m::z4c_apply_dissipation
INFO (CarpetX): CallFunction iteration 38 z4c_enforce_pt1_group: CottonmouthZ4c4m::z4c_enforce_pt1
INFO (CarpetX): CallFunction iteration 38 z4c_enforce_pt2_group: CottonmouthZ4c4m::z4c_enforce_pt2
INFO (CarpetX): CallFunction iteration 38 z4c_to_adm_group: CottonmouthZ4c4m::sync_z4c
INFO (CarpetX): SyncGroups COTTONMOUTHZ4C4M::AT, COTTONMOUTHZ4C4M::GT, COTTONMOUTHZ4C4M::CHI, COTTONMOUTHZ4C4M::EVO_LAPSE, COTTONMOUTHZ4C4M::EVO_SHIFT, COTTONMOUTHZ4C4M::TRK
INFO (CarpetX): CallFunction iteration 38 z4c_to_adm_group: CottonmouthZ4c4m::z4c_to_adm
INFO (CarpetX): CallFunction iteration 38 ODESolvers_PostStep: CottonmouthZ4c4m::sync_state
INFO (CarpetX): SyncGroups COTTONMOUTHZ4C4M::AT, COTTONMOUTHZ4C4M::THETA, COTTONMOUTHZ4C4M::CHI, COTTONMOUTHZ4C4M::EVO_GAMMAT, COTTONMOUTHZ4C4M::EVO_LAPSE, COTTONMOUTHZ4C4M::EVO_SHIFT, COTTONMOUTHZ4C4M::GT, COTTONMOUTHZ4C4M::TRK
INFO (CarpetX): CallFunction iteration 38 TmunuBaseX_SetTmunuVars: TmunuBaseX::TmunuBaseX_ZeroTmunu
INFO (ODESolvers): Calculated new state #2 at t=0.375
INFO (ODESolvers): Calculating RHS #3 at t=0.375
INFO (CarpetX): CallFunction iteration 38 z4c_rhs_group: CottonmouthZ4c4m::z4c_rhs
INFO (CarpetX): CallFunction iteration 38 z4c_apply_dissipation_group: CottonmouthZ4c4m::z4c_apply_dissipation
INFO (CarpetX): CallFunction iteration 38 z4c_enforce_pt1_group: CottonmouthZ4c4m::z4c_enforce_pt1
INFO (CarpetX): CallFunction iteration 38 z4c_enforce_pt2_group: CottonmouthZ4c4m::z4c_enforce_pt2
INFO (CarpetX): CallFunction iteration 38 z4c_to_adm_group: CottonmouthZ4c4m::sync_z4c
INFO (CarpetX): SyncGroups COTTONMOUTHZ4C4M::AT, COTTONMOUTHZ4C4M::GT, COTTONMOUTHZ4C4M::CHI, COTTONMOUTHZ4C4M::EVO_LAPSE, COTTONMOUTHZ4C4M::EVO_SHIFT, COTTONMOUTHZ4C4M::TRK
INFO (CarpetX): CallFunction iteration 38 z4c_to_adm_group: CottonmouthZ4c4m::z4c_to_adm
INFO (CarpetX): CallFunction iteration 38 ODESolvers_PostStep: CottonmouthZ4c4m::sync_state
INFO (CarpetX): SyncGroups COTTONMOUTHZ4C4M::AT, COTTONMOUTHZ4C4M::THETA, COTTONMOUTHZ4C4M::CHI, COTTONMOUTHZ4C4M::EVO_GAMMAT, COTTONMOUTHZ4C4M::EVO_LAPSE, COTTONMOUTHZ4C4M::EVO_SHIFT, COTTONMOUTHZ4C4M::GT, COTTONMOUTHZ4C4M::TRK
INFO (CarpetX): CallFunction iteration 38 TmunuBaseX_SetTmunuVars: TmunuBaseX::TmunuBaseX_ZeroTmunu
INFO (ODESolvers): Calculated new state #3 at t=0.38
INFO (ODESolvers): Calculating RHS #4 at t=0.38
INFO (CarpetX): CallFunction iteration 38 z4c_rhs_group: CottonmouthZ4c4m::z4c_rhs
INFO (CarpetX): CallFunction iteration 38 z4c_apply_dissipation_group: CottonmouthZ4c4m::z4c_apply_dissipation
INFO (CarpetX): CallFunction iteration 38 z4c_enforce_pt1_group: CottonmouthZ4c4m::z4c_enforce_pt1
INFO (CarpetX): CallFunction iteration 38 z4c_enforce_pt2_group: CottonmouthZ4c4m::z4c_enforce_pt2
INFO (CarpetX): CallFunction iteration 38 z4c_to_adm_group: CottonmouthZ4c4m::sync_z4c
INFO (CarpetX): SyncGroups COTTONMOUTHZ4C4M::AT, COTTONMOUTHZ4C4M::GT, COTTONMOUTHZ4C4M::CHI, COTTONMOUTHZ4C4M::EVO_LAPSE, COTTONMOUTHZ4C4M::EVO_SHIFT, COTTONMOUTHZ4C4M::TRK
INFO (CarpetX): CallFunction iteration 38 z4c_to_adm_group: CottonmouthZ4c4m::z4c_to_adm
INFO (CarpetX): CallFunction iteration 38 ODESolvers_PostStep: CottonmouthZ4c4m::sync_state
INFO (CarpetX): SyncGroups COTTONMOUTHZ4C4M::AT, COTTONMOUTHZ4C4M::THETA, COTTONMOUTHZ4C4M::CHI, COTTONMOUTHZ4C4M::EVO_GAMMAT, COTTONMOUTHZ4C4M::EVO_LAPSE, COTTONMOUTHZ4C4M::EVO_SHIFT, COTTONMOUTHZ4C4M::GT, COTTONMOUTHZ4C4M::TRK
INFO (CarpetX): CallFunction iteration 38 TmunuBaseX_SetTmunuVars: TmunuBaseX::TmunuBaseX_ZeroTmunu
INFO (ODESolvers): Calculated new state #4 at t=0.38
INFO (CarpetX): ScheduleTraverseGH iteration 38 CCTK_POSTSTEP
INFO (CarpetX): CallFunction iteration 38 CCTK_POSTSTEP: CottonmouthLinearWaveID::StateSync_CottonmouthLinearWaveID
INFO (CarpetX): ScheduleTraverseGH iteration 38 CCTK_CHECKPOINT
INFO (CarpetX): CallFunction iteration 38 CCTK_CHECKPOINT: CarpetX::CarpetX_Checkpoint
INFO (CarpetX): ScheduleTraverseGH iteration 38 CCTK_ANALYSIS
INFO (CarpetX): CallFunction iteration 38 z4c_constraints_group: CottonmouthZ4c4m::z4c_constraints
INFO (CarpetX): OutputGH: iteration 38, time 0.380000, run time 4 s
INFO (CarpetX): OutputGH done.
INFO (CarpetX): Simulation time: 0.38   Iterations per second: 13.3336   Simulation time per second: 0.133336
INFO (CarpetX): Grid cells: 3200   Grid cell updates per second: 42667.5
INFO (CarpetX): Performance:
INFO (CarpetX):   total evolution time:            2.85423 sec
INFO (CarpetX):   total evolution compute time:    2.85401 sec
INFO (CarpetX):   total evolution output time:     0.000222921 sec
INFO (CarpetX):   total iterations:                38
INFO (CarpetX):   total cells updated:             121600
INFO (CarpetX):   average iterations per second: 13.3136
INFO (CarpetX):   average cell updates per second: 42603.4
INFO (CarpetX): SyncGroups COTTONMOUTHZ4C4M::AT, COTTONMOUTHZ4C4M::THETA, COTTONMOUTHZ4C4M::CHI, COTTONMOUTHZ4C4M::EVO_GAMMAT, COTTONMOUTHZ4C4M::EVO_LAPSE, COTTONMOUTHZ4C4M::EVO_SHIFT, COTTONMOUTHZ4C4M::GT, COTTONMOUTHZ4C4M::TRK
INFO (CarpetX): ScheduleTraverseGH iteration 39 CCTK_PRESTEP
INFO (CarpetX): ScheduleTraverseGH iteration 39 CCTK_EVOL
INFO (CarpetX): CallFunction iteration 39 CCTK_EVOL: ODESolvers::ODESolvers_Solve
INFO (ODESolvers): ODE integrator is RK4
INFO (ODESolvers):   Integrating 22 variables
INFO (ODESolvers): Calculating RHS #1 at t=0.38
INFO (CarpetX): CallFunction iteration 39 z4c_rhs_group: CottonmouthZ4c4m::z4c_rhs
INFO (CarpetX): CallFunction iteration 39 z4c_apply_dissipation_group: CottonmouthZ4c4m::z4c_apply_dissipation
INFO (CarpetX): CallFunction iteration 39 z4c_enforce_pt1_group: CottonmouthZ4c4m::z4c_enforce_pt1
INFO (CarpetX): CallFunction iteration 39 z4c_enforce_pt2_group: CottonmouthZ4c4m::z4c_enforce_pt2
INFO (CarpetX): CallFunction iteration 39 z4c_to_adm_group: CottonmouthZ4c4m::sync_z4c
INFO (CarpetX): SyncGroups COTTONMOUTHZ4C4M::AT, COTTONMOUTHZ4C4M::GT, COTTONMOUTHZ4C4M::CHI, COTTONMOUTHZ4C4M::EVO_LAPSE, COTTONMOUTHZ4C4M::EVO_SHIFT, COTTONMOUTHZ4C4M::TRK
INFO (CarpetX): CallFunction iteration 39 z4c_to_adm_group: CottonmouthZ4c4m::z4c_to_adm
INFO (CarpetX): CallFunction iteration 39 ODESolvers_PostStep: CottonmouthZ4c4m::sync_state
INFO (CarpetX): SyncGroups COTTONMOUTHZ4C4M::AT, COTTONMOUTHZ4C4M::THETA, COTTONMOUTHZ4C4M::CHI, COTTONMOUTHZ4C4M::EVO_GAMMAT, COTTONMOUTHZ4C4M::EVO_LAPSE, COTTONMOUTHZ4C4M::EVO_SHIFT, COTTONMOUTHZ4C4M::GT, COTTONMOUTHZ4C4M::TRK
INFO (CarpetX): CallFunction iteration 39 TmunuBaseX_SetTmunuVars: TmunuBaseX::TmunuBaseX_ZeroTmunu
INFO (ODESolvers): Calculated new state #1 at t=0.385
INFO (ODESolvers): Calculating RHS #2 at t=0.385
INFO (CarpetX): CallFunction iteration 39 z4c_rhs_group: CottonmouthZ4c4m::z4c_rhs
INFO (CarpetX): CallFunction iteration 39 z4c_apply_dissipation_group: CottonmouthZ4c4m::z4c_apply_dissipation
INFO (CarpetX): CallFunction iteration 39 z4c_enforce_pt1_group: CottonmouthZ4c4m::z4c_enforce_pt1
INFO (CarpetX): CallFunction iteration 39 z4c_enforce_pt2_group: CottonmouthZ4c4m::z4c_enforce_pt2
INFO (CarpetX): CallFunction iteration 39 z4c_to_adm_group: CottonmouthZ4c4m::sync_z4c
INFO (CarpetX): SyncGroups COTTONMOUTHZ4C4M::AT, COTTONMOUTHZ4C4M::GT, COTTONMOUTHZ4C4M::CHI, COTTONMOUTHZ4C4M::EVO_LAPSE, COTTONMOUTHZ4C4M::EVO_SHIFT, COTTONMOUTHZ4C4M::TRK
INFO (CarpetX): CallFunction iteration 39 z4c_to_adm_group: CottonmouthZ4c4m::z4c_to_adm
INFO (CarpetX): CallFunction iteration 39 ODESolvers_PostStep: CottonmouthZ4c4m::sync_state
INFO (CarpetX): SyncGroups COTTONMOUTHZ4C4M::AT, COTTONMOUTHZ4C4M::THETA, COTTONMOUTHZ4C4M::CHI, COTTONMOUTHZ4C4M::EVO_GAMMAT, COTTONMOUTHZ4C4M::EVO_LAPSE, COTTONMOUTHZ4C4M::EVO_SHIFT, COTTONMOUTHZ4C4M::GT, COTTONMOUTHZ4C4M::TRK
INFO (CarpetX): CallFunction iteration 39 TmunuBaseX_SetTmunuVars: TmunuBaseX::TmunuBaseX_ZeroTmunu
INFO (ODESolvers): Calculated new state #2 at t=0.385
INFO (ODESolvers): Calculating RHS #3 at t=0.385
INFO (CarpetX): CallFunction iteration 39 z4c_rhs_group: CottonmouthZ4c4m::z4c_rhs
INFO (CarpetX): CallFunction iteration 39 z4c_apply_dissipation_group: CottonmouthZ4c4m::z4c_apply_dissipation
INFO (CarpetX): CallFunction iteration 39 z4c_enforce_pt1_group: CottonmouthZ4c4m::z4c_enforce_pt1
INFO (CarpetX): CallFunction iteration 39 z4c_enforce_pt2_group: CottonmouthZ4c4m::z4c_enforce_pt2
INFO (CarpetX): CallFunction iteration 39 z4c_to_adm_group: CottonmouthZ4c4m::sync_z4c
INFO (CarpetX): SyncGroups COTTONMOUTHZ4C4M::AT, COTTONMOUTHZ4C4M::GT, COTTONMOUTHZ4C4M::CHI, COTTONMOUTHZ4C4M::EVO_LAPSE, COTTONMOUTHZ4C4M::EVO_SHIFT, COTTONMOUTHZ4C4M::TRK
INFO (CarpetX): CallFunction iteration 39 z4c_to_adm_group: CottonmouthZ4c4m::z4c_to_adm
INFO (CarpetX): CallFunction iteration 39 ODESolvers_PostStep: CottonmouthZ4c4m::sync_state
INFO (CarpetX): SyncGroups COTTONMOUTHZ4C4M::AT, COTTONMOUTHZ4C4M::THETA, COTTONMOUTHZ4C4M::CHI, COTTONMOUTHZ4C4M::EVO_GAMMAT, COTTONMOUTHZ4C4M::EVO_LAPSE, COTTONMOUTHZ4C4M::EVO_SHIFT, COTTONMOUTHZ4C4M::GT, COTTONMOUTHZ4C4M::TRK
INFO (CarpetX): CallFunction iteration 39 TmunuBaseX_SetTmunuVars: TmunuBaseX::TmunuBaseX_ZeroTmunu
INFO (ODESolvers): Calculated new state #3 at t=0.39
INFO (ODESolvers): Calculating RHS #4 at t=0.39
INFO (CarpetX): CallFunction iteration 39 z4c_rhs_group: CottonmouthZ4c4m::z4c_rhs
INFO (CarpetX): CallFunction iteration 39 z4c_apply_dissipation_group: CottonmouthZ4c4m::z4c_apply_dissipation
INFO (CarpetX): CallFunction iteration 39 z4c_enforce_pt1_group: CottonmouthZ4c4m::z4c_enforce_pt1
INFO (CarpetX): CallFunction iteration 39 z4c_enforce_pt2_group: CottonmouthZ4c4m::z4c_enforce_pt2
INFO (CarpetX): CallFunction iteration 39 z4c_to_adm_group: CottonmouthZ4c4m::sync_z4c
INFO (CarpetX): SyncGroups COTTONMOUTHZ4C4M::AT, COTTONMOUTHZ4C4M::GT, COTTONMOUTHZ4C4M::CHI, COTTONMOUTHZ4C4M::EVO_LAPSE, COTTONMOUTHZ4C4M::EVO_SHIFT, COTTONMOUTHZ4C4M::TRK
INFO (CarpetX): CallFunction iteration 39 z4c_to_adm_group: CottonmouthZ4c4m::z4c_to_adm
INFO (CarpetX): CallFunction iteration 39 ODESolvers_PostStep: CottonmouthZ4c4m::sync_state
INFO (CarpetX): SyncGroups COTTONMOUTHZ4C4M::AT, COTTONMOUTHZ4C4M::THETA, COTTONMOUTHZ4C4M::CHI, COTTONMOUTHZ4C4M::EVO_GAMMAT, COTTONMOUTHZ4C4M::EVO_LAPSE, COTTONMOUTHZ4C4M::EVO_SHIFT, COTTONMOUTHZ4C4M::GT, COTTONMOUTHZ4C4M::TRK
INFO (CarpetX): CallFunction iteration 39 TmunuBaseX_SetTmunuVars: TmunuBaseX::TmunuBaseX_ZeroTmunu
INFO (ODESolvers): Calculated new state #4 at t=0.39
INFO (CarpetX): ScheduleTraverseGH iteration 39 CCTK_POSTSTEP
INFO (CarpetX): CallFunction iteration 39 CCTK_POSTSTEP: CottonmouthLinearWaveID::StateSync_CottonmouthLinearWaveID
INFO (CarpetX): ScheduleTraverseGH iteration 39 CCTK_CHECKPOINT
INFO (CarpetX): CallFunction iteration 39 CCTK_CHECKPOINT: CarpetX::CarpetX_Checkpoint
INFO (CarpetX): ScheduleTraverseGH iteration 39 CCTK_ANALYSIS
INFO (CarpetX): CallFunction iteration 39 z4c_constraints_group: CottonmouthZ4c4m::z4c_constraints
INFO (CarpetX): OutputGH: iteration 39, time 0.390000, run time 4 s
INFO (CarpetX): OutputGH done.
INFO (CarpetX): Simulation time: 0.39   Iterations per second: 13.3333   Simulation time per second: 0.133333
INFO (CarpetX): Grid cells: 3200   Grid cell updates per second: 42666.7
INFO (CarpetX): Performance:
INFO (CarpetX):   total evolution time:            2.92925 sec
INFO (CarpetX):   total evolution compute time:    2.92902 sec
INFO (CarpetX):   total evolution output time:     0.000229836 sec
INFO (CarpetX):   total iterations:                39
INFO (CarpetX):   total cells updated:             124800
INFO (CarpetX):   average iterations per second: 13.314
INFO (CarpetX):   average cell updates per second: 42604.8
INFO (CarpetX): SyncGroups COTTONMOUTHZ4C4M::AT, COTTONMOUTHZ4C4M::THETA, COTTONMOUTHZ4C4M::CHI, COTTONMOUTHZ4C4M::EVO_GAMMAT, COTTONMOUTHZ4C4M::EVO_LAPSE, COTTONMOUTHZ4C4M::EVO_SHIFT, COTTONMOUTHZ4C4M::GT, COTTONMOUTHZ4C4M::TRK
INFO (CarpetX): ScheduleTraverseGH iteration 40 CCTK_PRESTEP
INFO (CarpetX): ScheduleTraverseGH iteration 40 CCTK_EVOL
INFO (CarpetX): CallFunction iteration 40 CCTK_EVOL: ODESolvers::ODESolvers_Solve
INFO (ODESolvers): ODE integrator is RK4
INFO (ODESolvers):   Integrating 22 variables
INFO (ODESolvers): Calculating RHS #1 at t=0.39
INFO (CarpetX): CallFunction iteration 40 z4c_rhs_group: CottonmouthZ4c4m::z4c_rhs
INFO (CarpetX): CallFunction iteration 40 z4c_apply_dissipation_group: CottonmouthZ4c4m::z4c_apply_dissipation
INFO (CarpetX): CallFunction iteration 40 z4c_enforce_pt1_group: CottonmouthZ4c4m::z4c_enforce_pt1
INFO (CarpetX): CallFunction iteration 40 z4c_enforce_pt2_group: CottonmouthZ4c4m::z4c_enforce_pt2
INFO (CarpetX): CallFunction iteration 40 z4c_to_adm_group: CottonmouthZ4c4m::sync_z4c
INFO (CarpetX): SyncGroups COTTONMOUTHZ4C4M::AT, COTTONMOUTHZ4C4M::GT, COTTONMOUTHZ4C4M::CHI, COTTONMOUTHZ4C4M::EVO_LAPSE, COTTONMOUTHZ4C4M::EVO_SHIFT, COTTONMOUTHZ4C4M::TRK
INFO (CarpetX): CallFunction iteration 40 z4c_to_adm_group: CottonmouthZ4c4m::z4c_to_adm
INFO (CarpetX): CallFunction iteration 40 ODESolvers_PostStep: CottonmouthZ4c4m::sync_state
INFO (CarpetX): SyncGroups COTTONMOUTHZ4C4M::AT, COTTONMOUTHZ4C4M::THETA, COTTONMOUTHZ4C4M::CHI, COTTONMOUTHZ4C4M::EVO_GAMMAT, COTTONMOUTHZ4C4M::EVO_LAPSE, COTTONMOUTHZ4C4M::EVO_SHIFT, COTTONMOUTHZ4C4M::GT, COTTONMOUTHZ4C4M::TRK
INFO (CarpetX): CallFunction iteration 40 TmunuBaseX_SetTmunuVars: TmunuBaseX::TmunuBaseX_ZeroTmunu
INFO (ODESolvers): Calculated new state #1 at t=0.395
INFO (ODESolvers): Calculating RHS #2 at t=0.395
INFO (CarpetX): CallFunction iteration 40 z4c_rhs_group: CottonmouthZ4c4m::z4c_rhs
INFO (CarpetX): CallFunction iteration 40 z4c_apply_dissipation_group: CottonmouthZ4c4m::z4c_apply_dissipation
INFO (CarpetX): CallFunction iteration 40 z4c_enforce_pt1_group: CottonmouthZ4c4m::z4c_enforce_pt1
INFO (CarpetX): CallFunction iteration 40 z4c_enforce_pt2_group: CottonmouthZ4c4m::z4c_enforce_pt2
INFO (CarpetX): CallFunction iteration 40 z4c_to_adm_group: CottonmouthZ4c4m::sync_z4c
INFO (CarpetX): SyncGroups COTTONMOUTHZ4C4M::AT, COTTONMOUTHZ4C4M::GT, COTTONMOUTHZ4C4M::CHI, COTTONMOUTHZ4C4M::EVO_LAPSE, COTTONMOUTHZ4C4M::EVO_SHIFT, COTTONMOUTHZ4C4M::TRK
INFO (CarpetX): CallFunction iteration 40 z4c_to_adm_group: CottonmouthZ4c4m::z4c_to_adm
INFO (CarpetX): CallFunction iteration 40 ODESolvers_PostStep: CottonmouthZ4c4m::sync_state
INFO (CarpetX): SyncGroups COTTONMOUTHZ4C4M::AT, COTTONMOUTHZ4C4M::THETA, COTTONMOUTHZ4C4M::CHI, COTTONMOUTHZ4C4M::EVO_GAMMAT, COTTONMOUTHZ4C4M::EVO_LAPSE, COTTONMOUTHZ4C4M::EVO_SHIFT, COTTONMOUTHZ4C4M::GT, COTTONMOUTHZ4C4M::TRK
INFO (CarpetX): CallFunction iteration 40 TmunuBaseX_SetTmunuVars: TmunuBaseX::TmunuBaseX_ZeroTmunu
INFO (ODESolvers): Calculated new state #2 at t=0.395
INFO (ODESolvers): Calculating RHS #3 at t=0.395
INFO (CarpetX): CallFunction iteration 40 z4c_rhs_group: CottonmouthZ4c4m::z4c_rhs
INFO (CarpetX): CallFunction iteration 40 z4c_apply_dissipation_group: CottonmouthZ4c4m::z4c_apply_dissipation
INFO (CarpetX): CallFunction iteration 40 z4c_enforce_pt1_group: CottonmouthZ4c4m::z4c_enforce_pt1
INFO (CarpetX): CallFunction iteration 40 z4c_enforce_pt2_group: CottonmouthZ4c4m::z4c_enforce_pt2
INFO (CarpetX): CallFunction iteration 40 z4c_to_adm_group: CottonmouthZ4c4m::sync_z4c
INFO (CarpetX): SyncGroups COTTONMOUTHZ4C4M::AT, COTTONMOUTHZ4C4M::GT, COTTONMOUTHZ4C4M::CHI, COTTONMOUTHZ4C4M::EVO_LAPSE, COTTONMOUTHZ4C4M::EVO_SHIFT, COTTONMOUTHZ4C4M::TRK
INFO (CarpetX): CallFunction iteration 40 z4c_to_adm_group: CottonmouthZ4c4m::z4c_to_adm
INFO (CarpetX): CallFunction iteration 40 ODESolvers_PostStep: CottonmouthZ4c4m::sync_state
INFO (CarpetX): SyncGroups COTTONMOUTHZ4C4M::AT, COTTONMOUTHZ4C4M::THETA, COTTONMOUTHZ4C4M::CHI, COTTONMOUTHZ4C4M::EVO_GAMMAT, COTTONMOUTHZ4C4M::EVO_LAPSE, COTTONMOUTHZ4C4M::EVO_SHIFT, COTTONMOUTHZ4C4M::GT, COTTONMOUTHZ4C4M::TRK
INFO (CarpetX): CallFunction iteration 40 TmunuBaseX_SetTmunuVars: TmunuBaseX::TmunuBaseX_ZeroTmunu
INFO (ODESolvers): Calculated new state #3 at t=0.4
INFO (ODESolvers): Calculating RHS #4 at t=0.4
INFO (CarpetX): CallFunction iteration 40 z4c_rhs_group: CottonmouthZ4c4m::z4c_rhs
INFO (CarpetX): CallFunction iteration 40 z4c_apply_dissipation_group: CottonmouthZ4c4m::z4c_apply_dissipation
INFO (CarpetX): CallFunction iteration 40 z4c_enforce_pt1_group: CottonmouthZ4c4m::z4c_enforce_pt1
INFO (CarpetX): CallFunction iteration 40 z4c_enforce_pt2_group: CottonmouthZ4c4m::z4c_enforce_pt2
INFO (CarpetX): CallFunction iteration 40 z4c_to_adm_group: CottonmouthZ4c4m::sync_z4c
INFO (CarpetX): SyncGroups COTTONMOUTHZ4C4M::AT, COTTONMOUTHZ4C4M::GT, COTTONMOUTHZ4C4M::CHI, COTTONMOUTHZ4C4M::EVO_LAPSE, COTTONMOUTHZ4C4M::EVO_SHIFT, COTTONMOUTHZ4C4M::TRK
INFO (CarpetX): CallFunction iteration 40 z4c_to_adm_group: CottonmouthZ4c4m::z4c_to_adm
INFO (CarpetX): CallFunction iteration 40 ODESolvers_PostStep: CottonmouthZ4c4m::sync_state
INFO (CarpetX): SyncGroups COTTONMOUTHZ4C4M::AT, COTTONMOUTHZ4C4M::THETA, COTTONMOUTHZ4C4M::CHI, COTTONMOUTHZ4C4M::EVO_GAMMAT, COTTONMOUTHZ4C4M::EVO_LAPSE, COTTONMOUTHZ4C4M::EVO_SHIFT, COTTONMOUTHZ4C4M::GT, COTTONMOUTHZ4C4M::TRK
INFO (CarpetX): CallFunction iteration 40 TmunuBaseX_SetTmunuVars: TmunuBaseX::TmunuBaseX_ZeroTmunu
INFO (ODESolvers): Calculated new state #4 at t=0.4
INFO (CarpetX): ScheduleTraverseGH iteration 40 CCTK_POSTSTEP
INFO (CarpetX): CallFunction iteration 40 CCTK_POSTSTEP: CottonmouthLinearWaveID::StateSync_CottonmouthLinearWaveID
INFO (CarpetX): ScheduleTraverseGH iteration 40 CCTK_CHECKPOINT
INFO (CarpetX): CallFunction iteration 40 CCTK_CHECKPOINT: CarpetX::CarpetX_Checkpoint
INFO (CarpetX): ScheduleTraverseGH iteration 40 CCTK_ANALYSIS
INFO (CarpetX): CallFunction iteration 40 z4c_constraints_group: CottonmouthZ4c4m::z4c_constraints
INFO (CarpetX): OutputGH: iteration 40, time 0.400000, run time 4 s
INFO (CarpetX): OutputGH done.
INFO (CarpetX): Simulation time: 0.4   Iterations per second: 13.334   Simulation time per second: 0.13334
INFO (CarpetX): Grid cells: 3200   Grid cell updates per second: 42668.7
INFO (CarpetX): Performance:
INFO (CarpetX):   total evolution time:            3.00421 sec
INFO (CarpetX):   total evolution compute time:    3.00397 sec
INFO (CarpetX):   total evolution output time:     0.000236034 sec
INFO (CarpetX):   total iterations:                40
INFO (CarpetX):   total cells updated:             128000
INFO (CarpetX):   average iterations per second: 13.3147
INFO (CarpetX):   average cell updates per second: 42606.9
INFO (CarpetX): SyncGroups COTTONMOUTHZ4C4M::AT, COTTONMOUTHZ4C4M::THETA, COTTONMOUTHZ4C4M::CHI, COTTONMOUTHZ4C4M::EVO_GAMMAT, COTTONMOUTHZ4C4M::EVO_LAPSE, COTTONMOUTHZ4C4M::EVO_SHIFT, COTTONMOUTHZ4C4M::GT, COTTONMOUTHZ4C4M::TRK
INFO (CarpetX): ScheduleTraverseGH iteration 41 CCTK_PRESTEP
INFO (CarpetX): ScheduleTraverseGH iteration 41 CCTK_EVOL
INFO (CarpetX): CallFunction iteration 41 CCTK_EVOL: ODESolvers::ODESolvers_Solve
INFO (ODESolvers): ODE integrator is RK4
INFO (ODESolvers):   Integrating 22 variables
INFO (ODESolvers): Calculating RHS #1 at t=0.4
INFO (CarpetX): CallFunction iteration 41 z4c_rhs_group: CottonmouthZ4c4m::z4c_rhs
INFO (CarpetX): CallFunction iteration 41 z4c_apply_dissipation_group: CottonmouthZ4c4m::z4c_apply_dissipation
INFO (CarpetX): CallFunction iteration 41 z4c_enforce_pt1_group: CottonmouthZ4c4m::z4c_enforce_pt1
INFO (CarpetX): CallFunction iteration 41 z4c_enforce_pt2_group: CottonmouthZ4c4m::z4c_enforce_pt2
INFO (CarpetX): CallFunction iteration 41 z4c_to_adm_group: CottonmouthZ4c4m::sync_z4c
INFO (CarpetX): SyncGroups COTTONMOUTHZ4C4M::AT, COTTONMOUTHZ4C4M::GT, COTTONMOUTHZ4C4M::CHI, COTTONMOUTHZ4C4M::EVO_LAPSE, COTTONMOUTHZ4C4M::EVO_SHIFT, COTTONMOUTHZ4C4M::TRK
INFO (CarpetX): CallFunction iteration 41 z4c_to_adm_group: CottonmouthZ4c4m::z4c_to_adm
INFO (CarpetX): CallFunction iteration 41 ODESolvers_PostStep: CottonmouthZ4c4m::sync_state
INFO (CarpetX): SyncGroups COTTONMOUTHZ4C4M::AT, COTTONMOUTHZ4C4M::THETA, COTTONMOUTHZ4C4M::CHI, COTTONMOUTHZ4C4M::EVO_GAMMAT, COTTONMOUTHZ4C4M::EVO_LAPSE, COTTONMOUTHZ4C4M::EVO_SHIFT, COTTONMOUTHZ4C4M::GT, COTTONMOUTHZ4C4M::TRK
INFO (CarpetX): CallFunction iteration 41 TmunuBaseX_SetTmunuVars: TmunuBaseX::TmunuBaseX_ZeroTmunu
INFO (ODESolvers): Calculated new state #1 at t=0.405
INFO (ODESolvers): Calculating RHS #2 at t=0.405
INFO (CarpetX): CallFunction iteration 41 z4c_rhs_group: CottonmouthZ4c4m::z4c_rhs
INFO (CarpetX): CallFunction iteration 41 z4c_apply_dissipation_group: CottonmouthZ4c4m::z4c_apply_dissipation
INFO (CarpetX): CallFunction iteration 41 z4c_enforce_pt1_group: CottonmouthZ4c4m::z4c_enforce_pt1
INFO (CarpetX): CallFunction iteration 41 z4c_enforce_pt2_group: CottonmouthZ4c4m::z4c_enforce_pt2
INFO (CarpetX): CallFunction iteration 41 z4c_to_adm_group: CottonmouthZ4c4m::sync_z4c
INFO (CarpetX): SyncGroups COTTONMOUTHZ4C4M::AT, COTTONMOUTHZ4C4M::GT, COTTONMOUTHZ4C4M::CHI, COTTONMOUTHZ4C4M::EVO_LAPSE, COTTONMOUTHZ4C4M::EVO_SHIFT, COTTONMOUTHZ4C4M::TRK
INFO (CarpetX): CallFunction iteration 41 z4c_to_adm_group: CottonmouthZ4c4m::z4c_to_adm
INFO (CarpetX): CallFunction iteration 41 ODESolvers_PostStep: CottonmouthZ4c4m::sync_state
INFO (CarpetX): SyncGroups COTTONMOUTHZ4C4M::AT, COTTONMOUTHZ4C4M::THETA, COTTONMOUTHZ4C4M::CHI, COTTONMOUTHZ4C4M::EVO_GAMMAT, COTTONMOUTHZ4C4M::EVO_LAPSE, COTTONMOUTHZ4C4M::EVO_SHIFT, COTTONMOUTHZ4C4M::GT, COTTONMOUTHZ4C4M::TRK
INFO (CarpetX): CallFunction iteration 41 TmunuBaseX_SetTmunuVars: TmunuBaseX::TmunuBaseX_ZeroTmunu
INFO (ODESolvers): Calculated new state #2 at t=0.405
INFO (ODESolvers): Calculating RHS #3 at t=0.405
INFO (CarpetX): CallFunction iteration 41 z4c_rhs_group: CottonmouthZ4c4m::z4c_rhs
INFO (CarpetX): CallFunction iteration 41 z4c_apply_dissipation_group: CottonmouthZ4c4m::z4c_apply_dissipation
INFO (CarpetX): CallFunction iteration 41 z4c_enforce_pt1_group: CottonmouthZ4c4m::z4c_enforce_pt1
INFO (CarpetX): CallFunction iteration 41 z4c_enforce_pt2_group: CottonmouthZ4c4m::z4c_enforce_pt2
INFO (CarpetX): CallFunction iteration 41 z4c_to_adm_group: CottonmouthZ4c4m::sync_z4c
INFO (CarpetX): SyncGroups COTTONMOUTHZ4C4M::AT, COTTONMOUTHZ4C4M::GT, COTTONMOUTHZ4C4M::CHI, COTTONMOUTHZ4C4M::EVO_LAPSE, COTTONMOUTHZ4C4M::EVO_SHIFT, COTTONMOUTHZ4C4M::TRK
INFO (CarpetX): CallFunction iteration 41 z4c_to_adm_group: CottonmouthZ4c4m::z4c_to_adm
INFO (CarpetX): CallFunction iteration 41 ODESolvers_PostStep: CottonmouthZ4c4m::sync_state
INFO (CarpetX): SyncGroups COTTONMOUTHZ4C4M::AT, COTTONMOUTHZ4C4M::THETA, COTTONMOUTHZ4C4M::CHI, COTTONMOUTHZ4C4M::EVO_GAMMAT, COTTONMOUTHZ4C4M::EVO_LAPSE, COTTONMOUTHZ4C4M::EVO_SHIFT, COTTONMOUTHZ4C4M::GT, COTTONMOUTHZ4C4M::TRK
INFO (CarpetX): CallFunction iteration 41 TmunuBaseX_SetTmunuVars: TmunuBaseX::TmunuBaseX_ZeroTmunu
INFO (ODESolvers): Calculated new state #3 at t=0.41
INFO (ODESolvers): Calculating RHS #4 at t=0.41
INFO (CarpetX): CallFunction iteration 41 z4c_rhs_group: CottonmouthZ4c4m::z4c_rhs
INFO (CarpetX): CallFunction iteration 41 z4c_apply_dissipation_group: CottonmouthZ4c4m::z4c_apply_dissipation
INFO (CarpetX): CallFunction iteration 41 z4c_enforce_pt1_group: CottonmouthZ4c4m::z4c_enforce_pt1
INFO (CarpetX): CallFunction iteration 41 z4c_enforce_pt2_group: CottonmouthZ4c4m::z4c_enforce_pt2
INFO (CarpetX): CallFunction iteration 41 z4c_to_adm_group: CottonmouthZ4c4m::sync_z4c
INFO (CarpetX): SyncGroups COTTONMOUTHZ4C4M::AT, COTTONMOUTHZ4C4M::GT, COTTONMOUTHZ4C4M::CHI, COTTONMOUTHZ4C4M::EVO_LAPSE, COTTONMOUTHZ4C4M::EVO_SHIFT, COTTONMOUTHZ4C4M::TRK
INFO (CarpetX): CallFunction iteration 41 z4c_to_adm_group: CottonmouthZ4c4m::z4c_to_adm
INFO (CarpetX): CallFunction iteration 41 ODESolvers_PostStep: CottonmouthZ4c4m::sync_state
INFO (CarpetX): SyncGroups COTTONMOUTHZ4C4M::AT, COTTONMOUTHZ4C4M::THETA, COTTONMOUTHZ4C4M::CHI, COTTONMOUTHZ4C4M::EVO_GAMMAT, COTTONMOUTHZ4C4M::EVO_LAPSE, COTTONMOUTHZ4C4M::EVO_SHIFT, COTTONMOUTHZ4C4M::GT, COTTONMOUTHZ4C4M::TRK
INFO (CarpetX): CallFunction iteration 41 TmunuBaseX_SetTmunuVars: TmunuBaseX::TmunuBaseX_ZeroTmunu
INFO (ODESolvers): Calculated new state #4 at t=0.41
INFO (CarpetX): ScheduleTraverseGH iteration 41 CCTK_POSTSTEP
INFO (CarpetX): CallFunction iteration 41 CCTK_POSTSTEP: CottonmouthLinearWaveID::StateSync_CottonmouthLinearWaveID
INFO (CarpetX): ScheduleTraverseGH iteration 41 CCTK_CHECKPOINT
INFO (CarpetX): CallFunction iteration 41 CCTK_CHECKPOINT: CarpetX::CarpetX_Checkpoint
INFO (CarpetX): ScheduleTraverseGH iteration 41 CCTK_ANALYSIS
INFO (CarpetX): CallFunction iteration 41 z4c_constraints_group: CottonmouthZ4c4m::z4c_constraints
INFO (CarpetX): OutputGH: iteration 41, time 0.410000, run time 4 s
INFO (CarpetX): OutputGH done.
INFO (CarpetX): Simulation time: 0.41   Iterations per second: 13.335   Simulation time per second: 0.13335
INFO (CarpetX): Grid cells: 3200   Grid cell updates per second: 42672
INFO (CarpetX): Performance:
INFO (CarpetX):   total evolution time:            3.07915 sec
INFO (CarpetX):   total evolution compute time:    3.07891 sec
INFO (CarpetX):   total evolution output time:     0.000241041 sec
INFO (CarpetX):   total iterations:                41
INFO (CarpetX):   total cells updated:             131200
INFO (CarpetX):   average iterations per second: 13.3154
INFO (CarpetX):   average cell updates per second: 42609.2
INFO (CarpetX): SyncGroups COTTONMOUTHZ4C4M::AT, COTTONMOUTHZ4C4M::THETA, COTTONMOUTHZ4C4M::CHI, COTTONMOUTHZ4C4M::EVO_GAMMAT, COTTONMOUTHZ4C4M::EVO_LAPSE, COTTONMOUTHZ4C4M::EVO_SHIFT, COTTONMOUTHZ4C4M::GT, COTTONMOUTHZ4C4M::TRK
INFO (CarpetX): ScheduleTraverseGH iteration 42 CCTK_PRESTEP
INFO (CarpetX): ScheduleTraverseGH iteration 42 CCTK_EVOL
INFO (CarpetX): CallFunction iteration 42 CCTK_EVOL: ODESolvers::ODESolvers_Solve
INFO (ODESolvers): ODE integrator is RK4
INFO (ODESolvers):   Integrating 22 variables
INFO (ODESolvers): Calculating RHS #1 at t=0.41
INFO (CarpetX): CallFunction iteration 42 z4c_rhs_group: CottonmouthZ4c4m::z4c_rhs
INFO (CarpetX): CallFunction iteration 42 z4c_apply_dissipation_group: CottonmouthZ4c4m::z4c_apply_dissipation
INFO (CarpetX): CallFunction iteration 42 z4c_enforce_pt1_group: CottonmouthZ4c4m::z4c_enforce_pt1
INFO (CarpetX): CallFunction iteration 42 z4c_enforce_pt2_group: CottonmouthZ4c4m::z4c_enforce_pt2
INFO (CarpetX): CallFunction iteration 42 z4c_to_adm_group: CottonmouthZ4c4m::sync_z4c
INFO (CarpetX): SyncGroups COTTONMOUTHZ4C4M::AT, COTTONMOUTHZ4C4M::GT, COTTONMOUTHZ4C4M::CHI, COTTONMOUTHZ4C4M::EVO_LAPSE, COTTONMOUTHZ4C4M::EVO_SHIFT, COTTONMOUTHZ4C4M::TRK
INFO (CarpetX): CallFunction iteration 42 z4c_to_adm_group: CottonmouthZ4c4m::z4c_to_adm
INFO (CarpetX): CallFunction iteration 42 ODESolvers_PostStep: CottonmouthZ4c4m::sync_state
INFO (CarpetX): SyncGroups COTTONMOUTHZ4C4M::AT, COTTONMOUTHZ4C4M::THETA, COTTONMOUTHZ4C4M::CHI, COTTONMOUTHZ4C4M::EVO_GAMMAT, COTTONMOUTHZ4C4M::EVO_LAPSE, COTTONMOUTHZ4C4M::EVO_SHIFT, COTTONMOUTHZ4C4M::GT, COTTONMOUTHZ4C4M::TRK
INFO (CarpetX): CallFunction iteration 42 TmunuBaseX_SetTmunuVars: TmunuBaseX::TmunuBaseX_ZeroTmunu
INFO (ODESolvers): Calculated new state #1 at t=0.415
INFO (ODESolvers): Calculating RHS #2 at t=0.415
INFO (CarpetX): CallFunction iteration 42 z4c_rhs_group: CottonmouthZ4c4m::z4c_rhs
INFO (CarpetX): CallFunction iteration 42 z4c_apply_dissipation_group: CottonmouthZ4c4m::z4c_apply_dissipation
INFO (CarpetX): CallFunction iteration 42 z4c_enforce_pt1_group: CottonmouthZ4c4m::z4c_enforce_pt1
INFO (CarpetX): CallFunction iteration 42 z4c_enforce_pt2_group: CottonmouthZ4c4m::z4c_enforce_pt2
INFO (CarpetX): CallFunction iteration 42 z4c_to_adm_group: CottonmouthZ4c4m::sync_z4c
INFO (CarpetX): SyncGroups COTTONMOUTHZ4C4M::AT, COTTONMOUTHZ4C4M::GT, COTTONMOUTHZ4C4M::CHI, COTTONMOUTHZ4C4M::EVO_LAPSE, COTTONMOUTHZ4C4M::EVO_SHIFT, COTTONMOUTHZ4C4M::TRK
INFO (CarpetX): CallFunction iteration 42 z4c_to_adm_group: CottonmouthZ4c4m::z4c_to_adm
INFO (CarpetX): CallFunction iteration 42 ODESolvers_PostStep: CottonmouthZ4c4m::sync_state
INFO (CarpetX): SyncGroups COTTONMOUTHZ4C4M::AT, COTTONMOUTHZ4C4M::THETA, COTTONMOUTHZ4C4M::CHI, COTTONMOUTHZ4C4M::EVO_GAMMAT, COTTONMOUTHZ4C4M::EVO_LAPSE, COTTONMOUTHZ4C4M::EVO_SHIFT, COTTONMOUTHZ4C4M::GT, COTTONMOUTHZ4C4M::TRK
INFO (CarpetX): CallFunction iteration 42 TmunuBaseX_SetTmunuVars: TmunuBaseX::TmunuBaseX_ZeroTmunu
INFO (ODESolvers): Calculated new state #2 at t=0.415
INFO (ODESolvers): Calculating RHS #3 at t=0.415
INFO (CarpetX): CallFunction iteration 42 z4c_rhs_group: CottonmouthZ4c4m::z4c_rhs
INFO (CarpetX): CallFunction iteration 42 z4c_apply_dissipation_group: CottonmouthZ4c4m::z4c_apply_dissipation
INFO (CarpetX): CallFunction iteration 42 z4c_enforce_pt1_group: CottonmouthZ4c4m::z4c_enforce_pt1
INFO (CarpetX): CallFunction iteration 42 z4c_enforce_pt2_group: CottonmouthZ4c4m::z4c_enforce_pt2
INFO (CarpetX): CallFunction iteration 42 z4c_to_adm_group: CottonmouthZ4c4m::sync_z4c
INFO (CarpetX): SyncGroups COTTONMOUTHZ4C4M::AT, COTTONMOUTHZ4C4M::GT, COTTONMOUTHZ4C4M::CHI, COTTONMOUTHZ4C4M::EVO_LAPSE, COTTONMOUTHZ4C4M::EVO_SHIFT, COTTONMOUTHZ4C4M::TRK
INFO (CarpetX): CallFunction iteration 42 z4c_to_adm_group: CottonmouthZ4c4m::z4c_to_adm
INFO (CarpetX): CallFunction iteration 42 ODESolvers_PostStep: CottonmouthZ4c4m::sync_state
INFO (CarpetX): SyncGroups COTTONMOUTHZ4C4M::AT, COTTONMOUTHZ4C4M::THETA, COTTONMOUTHZ4C4M::CHI, COTTONMOUTHZ4C4M::EVO_GAMMAT, COTTONMOUTHZ4C4M::EVO_LAPSE, COTTONMOUTHZ4C4M::EVO_SHIFT, COTTONMOUTHZ4C4M::GT, COTTONMOUTHZ4C4M::TRK
INFO (CarpetX): CallFunction iteration 42 TmunuBaseX_SetTmunuVars: TmunuBaseX::TmunuBaseX_ZeroTmunu
INFO (ODESolvers): Calculated new state #3 at t=0.42
INFO (ODESolvers): Calculating RHS #4 at t=0.42
INFO (CarpetX): CallFunction iteration 42 z4c_rhs_group: CottonmouthZ4c4m::z4c_rhs
INFO (CarpetX): CallFunction iteration 42 z4c_apply_dissipation_group: CottonmouthZ4c4m::z4c_apply_dissipation
INFO (CarpetX): CallFunction iteration 42 z4c_enforce_pt1_group: CottonmouthZ4c4m::z4c_enforce_pt1
INFO (CarpetX): CallFunction iteration 42 z4c_enforce_pt2_group: CottonmouthZ4c4m::z4c_enforce_pt2
INFO (CarpetX): CallFunction iteration 42 z4c_to_adm_group: CottonmouthZ4c4m::sync_z4c
INFO (CarpetX): SyncGroups COTTONMOUTHZ4C4M::AT, COTTONMOUTHZ4C4M::GT, COTTONMOUTHZ4C4M::CHI, COTTONMOUTHZ4C4M::EVO_LAPSE, COTTONMOUTHZ4C4M::EVO_SHIFT, COTTONMOUTHZ4C4M::TRK
INFO (CarpetX): CallFunction iteration 42 z4c_to_adm_group: CottonmouthZ4c4m::z4c_to_adm
INFO (CarpetX): CallFunction iteration 42 ODESolvers_PostStep: CottonmouthZ4c4m::sync_state
INFO (CarpetX): SyncGroups COTTONMOUTHZ4C4M::AT, COTTONMOUTHZ4C4M::THETA, COTTONMOUTHZ4C4M::CHI, COTTONMOUTHZ4C4M::EVO_GAMMAT, COTTONMOUTHZ4C4M::EVO_LAPSE, COTTONMOUTHZ4C4M::EVO_SHIFT, COTTONMOUTHZ4C4M::GT, COTTONMOUTHZ4C4M::TRK
INFO (CarpetX): CallFunction iteration 42 TmunuBaseX_SetTmunuVars: TmunuBaseX::TmunuBaseX_ZeroTmunu
INFO (ODESolvers): Calculated new state #4 at t=0.42
INFO (CarpetX): ScheduleTraverseGH iteration 42 CCTK_POSTSTEP
INFO (CarpetX): CallFunction iteration 42 CCTK_POSTSTEP: CottonmouthLinearWaveID::StateSync_CottonmouthLinearWaveID
INFO (CarpetX): ScheduleTraverseGH iteration 42 CCTK_CHECKPOINT
INFO (CarpetX): CallFunction iteration 42 CCTK_CHECKPOINT: CarpetX::CarpetX_Checkpoint
INFO (CarpetX): ScheduleTraverseGH iteration 42 CCTK_ANALYSIS
INFO (CarpetX): CallFunction iteration 42 z4c_constraints_group: CottonmouthZ4c4m::z4c_constraints
INFO (CarpetX): OutputGH: iteration 42, time 0.420000, run time 4 s
INFO (CarpetX): OutputGH done.
INFO (CarpetX): Simulation time: 0.42   Iterations per second: 13.3327   Simulation time per second: 0.133327
INFO (CarpetX): Grid cells: 3200   Grid cell updates per second: 42664.8
INFO (CarpetX): Performance:
INFO (CarpetX):   total evolution time:            3.15427 sec
INFO (CarpetX):   total evolution compute time:    3.15402 sec
INFO (CarpetX):   total evolution output time:     0.000246048 sec
INFO (CarpetX):   total iterations:                42
INFO (CarpetX):   total cells updated:             134400
INFO (CarpetX):   average iterations per second: 13.3153
INFO (CarpetX):   average cell updates per second: 42609
INFO (CarpetX): SyncGroups COTTONMOUTHZ4C4M::AT, COTTONMOUTHZ4C4M::THETA, COTTONMOUTHZ4C4M::CHI, COTTONMOUTHZ4C4M::EVO_GAMMAT, COTTONMOUTHZ4C4M::EVO_LAPSE, COTTONMOUTHZ4C4M::EVO_SHIFT, COTTONMOUTHZ4C4M::GT, COTTONMOUTHZ4C4M::TRK
INFO (CarpetX): ScheduleTraverseGH iteration 43 CCTK_PRESTEP
INFO (CarpetX): ScheduleTraverseGH iteration 43 CCTK_EVOL
INFO (CarpetX): CallFunction iteration 43 CCTK_EVOL: ODESolvers::ODESolvers_Solve
INFO (ODESolvers): ODE integrator is RK4
INFO (ODESolvers):   Integrating 22 variables
INFO (ODESolvers): Calculating RHS #1 at t=0.42
INFO (CarpetX): CallFunction iteration 43 z4c_rhs_group: CottonmouthZ4c4m::z4c_rhs
INFO (CarpetX): CallFunction iteration 43 z4c_apply_dissipation_group: CottonmouthZ4c4m::z4c_apply_dissipation
INFO (CarpetX): CallFunction iteration 43 z4c_enforce_pt1_group: CottonmouthZ4c4m::z4c_enforce_pt1
INFO (CarpetX): CallFunction iteration 43 z4c_enforce_pt2_group: CottonmouthZ4c4m::z4c_enforce_pt2
INFO (CarpetX): CallFunction iteration 43 z4c_to_adm_group: CottonmouthZ4c4m::sync_z4c
INFO (CarpetX): SyncGroups COTTONMOUTHZ4C4M::AT, COTTONMOUTHZ4C4M::GT, COTTONMOUTHZ4C4M::CHI, COTTONMOUTHZ4C4M::EVO_LAPSE, COTTONMOUTHZ4C4M::EVO_SHIFT, COTTONMOUTHZ4C4M::TRK
INFO (CarpetX): CallFunction iteration 43 z4c_to_adm_group: CottonmouthZ4c4m::z4c_to_adm
INFO (CarpetX): CallFunction iteration 43 ODESolvers_PostStep: CottonmouthZ4c4m::sync_state
INFO (CarpetX): SyncGroups COTTONMOUTHZ4C4M::AT, COTTONMOUTHZ4C4M::THETA, COTTONMOUTHZ4C4M::CHI, COTTONMOUTHZ4C4M::EVO_GAMMAT, COTTONMOUTHZ4C4M::EVO_LAPSE, COTTONMOUTHZ4C4M::EVO_SHIFT, COTTONMOUTHZ4C4M::GT, COTTONMOUTHZ4C4M::TRK
INFO (CarpetX): CallFunction iteration 43 TmunuBaseX_SetTmunuVars: TmunuBaseX::TmunuBaseX_ZeroTmunu
INFO (ODESolvers): Calculated new state #1 at t=0.425
INFO (ODESolvers): Calculating RHS #2 at t=0.425
INFO (CarpetX): CallFunction iteration 43 z4c_rhs_group: CottonmouthZ4c4m::z4c_rhs
INFO (CarpetX): CallFunction iteration 43 z4c_apply_dissipation_group: CottonmouthZ4c4m::z4c_apply_dissipation
INFO (CarpetX): CallFunction iteration 43 z4c_enforce_pt1_group: CottonmouthZ4c4m::z4c_enforce_pt1
INFO (CarpetX): CallFunction iteration 43 z4c_enforce_pt2_group: CottonmouthZ4c4m::z4c_enforce_pt2
INFO (CarpetX): CallFunction iteration 43 z4c_to_adm_group: CottonmouthZ4c4m::sync_z4c
INFO (CarpetX): SyncGroups COTTONMOUTHZ4C4M::AT, COTTONMOUTHZ4C4M::GT, COTTONMOUTHZ4C4M::CHI, COTTONMOUTHZ4C4M::EVO_LAPSE, COTTONMOUTHZ4C4M::EVO_SHIFT, COTTONMOUTHZ4C4M::TRK
INFO (CarpetX): CallFunction iteration 43 z4c_to_adm_group: CottonmouthZ4c4m::z4c_to_adm
INFO (CarpetX): CallFunction iteration 43 ODESolvers_PostStep: CottonmouthZ4c4m::sync_state
INFO (CarpetX): SyncGroups COTTONMOUTHZ4C4M::AT, COTTONMOUTHZ4C4M::THETA, COTTONMOUTHZ4C4M::CHI, COTTONMOUTHZ4C4M::EVO_GAMMAT, COTTONMOUTHZ4C4M::EVO_LAPSE, COTTONMOUTHZ4C4M::EVO_SHIFT, COTTONMOUTHZ4C4M::GT, COTTONMOUTHZ4C4M::TRK
INFO (CarpetX): CallFunction iteration 43 TmunuBaseX_SetTmunuVars: TmunuBaseX::TmunuBaseX_ZeroTmunu
INFO (ODESolvers): Calculated new state #2 at t=0.425
INFO (ODESolvers): Calculating RHS #3 at t=0.425
INFO (CarpetX): CallFunction iteration 43 z4c_rhs_group: CottonmouthZ4c4m::z4c_rhs
INFO (CarpetX): CallFunction iteration 43 z4c_apply_dissipation_group: CottonmouthZ4c4m::z4c_apply_dissipation
INFO (CarpetX): CallFunction iteration 43 z4c_enforce_pt1_group: CottonmouthZ4c4m::z4c_enforce_pt1
INFO (CarpetX): CallFunction iteration 43 z4c_enforce_pt2_group: CottonmouthZ4c4m::z4c_enforce_pt2
INFO (CarpetX): CallFunction iteration 43 z4c_to_adm_group: CottonmouthZ4c4m::sync_z4c
INFO (CarpetX): SyncGroups COTTONMOUTHZ4C4M::AT, COTTONMOUTHZ4C4M::GT, COTTONMOUTHZ4C4M::CHI, COTTONMOUTHZ4C4M::EVO_LAPSE, COTTONMOUTHZ4C4M::EVO_SHIFT, COTTONMOUTHZ4C4M::TRK
INFO (CarpetX): CallFunction iteration 43 z4c_to_adm_group: CottonmouthZ4c4m::z4c_to_adm
INFO (CarpetX): CallFunction iteration 43 ODESolvers_PostStep: CottonmouthZ4c4m::sync_state
INFO (CarpetX): SyncGroups COTTONMOUTHZ4C4M::AT, COTTONMOUTHZ4C4M::THETA, COTTONMOUTHZ4C4M::CHI, COTTONMOUTHZ4C4M::EVO_GAMMAT, COTTONMOUTHZ4C4M::EVO_LAPSE, COTTONMOUTHZ4C4M::EVO_SHIFT, COTTONMOUTHZ4C4M::GT, COTTONMOUTHZ4C4M::TRK
INFO (CarpetX): CallFunction iteration 43 TmunuBaseX_SetTmunuVars: TmunuBaseX::TmunuBaseX_ZeroTmunu
INFO (ODESolvers): Calculated new state #3 at t=0.43
INFO (ODESolvers): Calculating RHS #4 at t=0.43
INFO (CarpetX): CallFunction iteration 43 z4c_rhs_group: CottonmouthZ4c4m::z4c_rhs
INFO (CarpetX): CallFunction iteration 43 z4c_apply_dissipation_group: CottonmouthZ4c4m::z4c_apply_dissipation
INFO (CarpetX): CallFunction iteration 43 z4c_enforce_pt1_group: CottonmouthZ4c4m::z4c_enforce_pt1
INFO (CarpetX): CallFunction iteration 43 z4c_enforce_pt2_group: CottonmouthZ4c4m::z4c_enforce_pt2
INFO (CarpetX): CallFunction iteration 43 z4c_to_adm_group: CottonmouthZ4c4m::sync_z4c
INFO (CarpetX): SyncGroups COTTONMOUTHZ4C4M::AT, COTTONMOUTHZ4C4M::GT, COTTONMOUTHZ4C4M::CHI, COTTONMOUTHZ4C4M::EVO_LAPSE, COTTONMOUTHZ4C4M::EVO_SHIFT, COTTONMOUTHZ4C4M::TRK
INFO (CarpetX): CallFunction iteration 43 z4c_to_adm_group: CottonmouthZ4c4m::z4c_to_adm
INFO (CarpetX): CallFunction iteration 43 ODESolvers_PostStep: CottonmouthZ4c4m::sync_state
INFO (CarpetX): SyncGroups COTTONMOUTHZ4C4M::AT, COTTONMOUTHZ4C4M::THETA, COTTONMOUTHZ4C4M::CHI, COTTONMOUTHZ4C4M::EVO_GAMMAT, COTTONMOUTHZ4C4M::EVO_LAPSE, COTTONMOUTHZ4C4M::EVO_SHIFT, COTTONMOUTHZ4C4M::GT, COTTONMOUTHZ4C4M::TRK
INFO (CarpetX): CallFunction iteration 43 TmunuBaseX_SetTmunuVars: TmunuBaseX::TmunuBaseX_ZeroTmunu
INFO (ODESolvers): Calculated new state #4 at t=0.43
INFO (CarpetX): ScheduleTraverseGH iteration 43 CCTK_POSTSTEP
INFO (CarpetX): CallFunction iteration 43 CCTK_POSTSTEP: CottonmouthLinearWaveID::StateSync_CottonmouthLinearWaveID
INFO (CarpetX): ScheduleTraverseGH iteration 43 CCTK_CHECKPOINT
INFO (CarpetX): CallFunction iteration 43 CCTK_CHECKPOINT: CarpetX::CarpetX_Checkpoint
INFO (CarpetX): ScheduleTraverseGH iteration 43 CCTK_ANALYSIS
INFO (CarpetX): CallFunction iteration 43 z4c_constraints_group: CottonmouthZ4c4m::z4c_constraints
INFO (CarpetX): OutputGH: iteration 43, time 0.430000, run time 4 s
INFO (CarpetX): OutputGH done.
INFO (CarpetX): Simulation time: 0.43   Iterations per second: 13.3328   Simulation time per second: 0.133328
INFO (CarpetX): Grid cells: 3200   Grid cell updates per second: 42665
INFO (CarpetX): Performance:
INFO (CarpetX):   total evolution time:            3.22926 sec
INFO (CarpetX):   total evolution compute time:    3.22901 sec
INFO (CarpetX):   total evolution output time:     0.000252008 sec
INFO (CarpetX):   total iterations:                43
INFO (CarpetX):   total cells updated:             137600
INFO (CarpetX):   average iterations per second: 13.3157
INFO (CarpetX):   average cell updates per second: 42610.3
INFO (CarpetX): SyncGroups COTTONMOUTHZ4C4M::AT, COTTONMOUTHZ4C4M::THETA, COTTONMOUTHZ4C4M::CHI, COTTONMOUTHZ4C4M::EVO_GAMMAT, COTTONMOUTHZ4C4M::EVO_LAPSE, COTTONMOUTHZ4C4M::EVO_SHIFT, COTTONMOUTHZ4C4M::GT, COTTONMOUTHZ4C4M::TRK
INFO (CarpetX): ScheduleTraverseGH iteration 44 CCTK_PRESTEP
INFO (CarpetX): ScheduleTraverseGH iteration 44 CCTK_EVOL
INFO (CarpetX): CallFunction iteration 44 CCTK_EVOL: ODESolvers::ODESolvers_Solve
INFO (ODESolvers): ODE integrator is RK4
INFO (ODESolvers):   Integrating 22 variables
INFO (ODESolvers): Calculating RHS #1 at t=0.43
INFO (CarpetX): CallFunction iteration 44 z4c_rhs_group: CottonmouthZ4c4m::z4c_rhs
INFO (CarpetX): CallFunction iteration 44 z4c_apply_dissipation_group: CottonmouthZ4c4m::z4c_apply_dissipation
INFO (CarpetX): CallFunction iteration 44 z4c_enforce_pt1_group: CottonmouthZ4c4m::z4c_enforce_pt1
INFO (CarpetX): CallFunction iteration 44 z4c_enforce_pt2_group: CottonmouthZ4c4m::z4c_enforce_pt2
INFO (CarpetX): CallFunction iteration 44 z4c_to_adm_group: CottonmouthZ4c4m::sync_z4c
INFO (CarpetX): SyncGroups COTTONMOUTHZ4C4M::AT, COTTONMOUTHZ4C4M::GT, COTTONMOUTHZ4C4M::CHI, COTTONMOUTHZ4C4M::EVO_LAPSE, COTTONMOUTHZ4C4M::EVO_SHIFT, COTTONMOUTHZ4C4M::TRK
INFO (CarpetX): CallFunction iteration 44 z4c_to_adm_group: CottonmouthZ4c4m::z4c_to_adm
INFO (CarpetX): CallFunction iteration 44 ODESolvers_PostStep: CottonmouthZ4c4m::sync_state
INFO (CarpetX): SyncGroups COTTONMOUTHZ4C4M::AT, COTTONMOUTHZ4C4M::THETA, COTTONMOUTHZ4C4M::CHI, COTTONMOUTHZ4C4M::EVO_GAMMAT, COTTONMOUTHZ4C4M::EVO_LAPSE, COTTONMOUTHZ4C4M::EVO_SHIFT, COTTONMOUTHZ4C4M::GT, COTTONMOUTHZ4C4M::TRK
INFO (CarpetX): CallFunction iteration 44 TmunuBaseX_SetTmunuVars: TmunuBaseX::TmunuBaseX_ZeroTmunu
INFO (ODESolvers): Calculated new state #1 at t=0.435
INFO (ODESolvers): Calculating RHS #2 at t=0.435
INFO (CarpetX): CallFunction iteration 44 z4c_rhs_group: CottonmouthZ4c4m::z4c_rhs
INFO (CarpetX): CallFunction iteration 44 z4c_apply_dissipation_group: CottonmouthZ4c4m::z4c_apply_dissipation
INFO (CarpetX): CallFunction iteration 44 z4c_enforce_pt1_group: CottonmouthZ4c4m::z4c_enforce_pt1
INFO (CarpetX): CallFunction iteration 44 z4c_enforce_pt2_group: CottonmouthZ4c4m::z4c_enforce_pt2
INFO (CarpetX): CallFunction iteration 44 z4c_to_adm_group: CottonmouthZ4c4m::sync_z4c
INFO (CarpetX): SyncGroups COTTONMOUTHZ4C4M::AT, COTTONMOUTHZ4C4M::GT, COTTONMOUTHZ4C4M::CHI, COTTONMOUTHZ4C4M::EVO_LAPSE, COTTONMOUTHZ4C4M::EVO_SHIFT, COTTONMOUTHZ4C4M::TRK
INFO (CarpetX): CallFunction iteration 44 z4c_to_adm_group: CottonmouthZ4c4m::z4c_to_adm
INFO (CarpetX): CallFunction iteration 44 ODESolvers_PostStep: CottonmouthZ4c4m::sync_state
INFO (CarpetX): SyncGroups COTTONMOUTHZ4C4M::AT, COTTONMOUTHZ4C4M::THETA, COTTONMOUTHZ4C4M::CHI, COTTONMOUTHZ4C4M::EVO_GAMMAT, COTTONMOUTHZ4C4M::EVO_LAPSE, COTTONMOUTHZ4C4M::EVO_SHIFT, COTTONMOUTHZ4C4M::GT, COTTONMOUTHZ4C4M::TRK
INFO (CarpetX): CallFunction iteration 44 TmunuBaseX_SetTmunuVars: TmunuBaseX::TmunuBaseX_ZeroTmunu
INFO (ODESolvers): Calculated new state #2 at t=0.435
INFO (ODESolvers): Calculating RHS #3 at t=0.435
INFO (CarpetX): CallFunction iteration 44 z4c_rhs_group: CottonmouthZ4c4m::z4c_rhs
INFO (CarpetX): CallFunction iteration 44 z4c_apply_dissipation_group: CottonmouthZ4c4m::z4c_apply_dissipation
INFO (CarpetX): CallFunction iteration 44 z4c_enforce_pt1_group: CottonmouthZ4c4m::z4c_enforce_pt1
INFO (CarpetX): CallFunction iteration 44 z4c_enforce_pt2_group: CottonmouthZ4c4m::z4c_enforce_pt2
INFO (CarpetX): CallFunction iteration 44 z4c_to_adm_group: CottonmouthZ4c4m::sync_z4c
INFO (CarpetX): SyncGroups COTTONMOUTHZ4C4M::AT, COTTONMOUTHZ4C4M::GT, COTTONMOUTHZ4C4M::CHI, COTTONMOUTHZ4C4M::EVO_LAPSE, COTTONMOUTHZ4C4M::EVO_SHIFT, COTTONMOUTHZ4C4M::TRK
INFO (CarpetX): CallFunction iteration 44 z4c_to_adm_group: CottonmouthZ4c4m::z4c_to_adm
INFO (CarpetX): CallFunction iteration 44 ODESolvers_PostStep: CottonmouthZ4c4m::sync_state
INFO (CarpetX): SyncGroups COTTONMOUTHZ4C4M::AT, COTTONMOUTHZ4C4M::THETA, COTTONMOUTHZ4C4M::CHI, COTTONMOUTHZ4C4M::EVO_GAMMAT, COTTONMOUTHZ4C4M::EVO_LAPSE, COTTONMOUTHZ4C4M::EVO_SHIFT, COTTONMOUTHZ4C4M::GT, COTTONMOUTHZ4C4M::TRK
INFO (CarpetX): CallFunction iteration 44 TmunuBaseX_SetTmunuVars: TmunuBaseX::TmunuBaseX_ZeroTmunu
INFO (ODESolvers): Calculated new state #3 at t=0.44
INFO (ODESolvers): Calculating RHS #4 at t=0.44
INFO (CarpetX): CallFunction iteration 44 z4c_rhs_group: CottonmouthZ4c4m::z4c_rhs
INFO (CarpetX): CallFunction iteration 44 z4c_apply_dissipation_group: CottonmouthZ4c4m::z4c_apply_dissipation
INFO (CarpetX): CallFunction iteration 44 z4c_enforce_pt1_group: CottonmouthZ4c4m::z4c_enforce_pt1
INFO (CarpetX): CallFunction iteration 44 z4c_enforce_pt2_group: CottonmouthZ4c4m::z4c_enforce_pt2
INFO (CarpetX): CallFunction iteration 44 z4c_to_adm_group: CottonmouthZ4c4m::sync_z4c
INFO (CarpetX): SyncGroups COTTONMOUTHZ4C4M::AT, COTTONMOUTHZ4C4M::GT, COTTONMOUTHZ4C4M::CHI, COTTONMOUTHZ4C4M::EVO_LAPSE, COTTONMOUTHZ4C4M::EVO_SHIFT, COTTONMOUTHZ4C4M::TRK
INFO (CarpetX): CallFunction iteration 44 z4c_to_adm_group: CottonmouthZ4c4m::z4c_to_adm
INFO (CarpetX): CallFunction iteration 44 ODESolvers_PostStep: CottonmouthZ4c4m::sync_state
INFO (CarpetX): SyncGroups COTTONMOUTHZ4C4M::AT, COTTONMOUTHZ4C4M::THETA, COTTONMOUTHZ4C4M::CHI, COTTONMOUTHZ4C4M::EVO_GAMMAT, COTTONMOUTHZ4C4M::EVO_LAPSE, COTTONMOUTHZ4C4M::EVO_SHIFT, COTTONMOUTHZ4C4M::GT, COTTONMOUTHZ4C4M::TRK
INFO (CarpetX): CallFunction iteration 44 TmunuBaseX_SetTmunuVars: TmunuBaseX::TmunuBaseX_ZeroTmunu
INFO (ODESolvers): Calculated new state #4 at t=0.44
INFO (CarpetX): ScheduleTraverseGH iteration 44 CCTK_POSTSTEP
INFO (CarpetX): CallFunction iteration 44 CCTK_POSTSTEP: CottonmouthLinearWaveID::StateSync_CottonmouthLinearWaveID
INFO (CarpetX): ScheduleTraverseGH iteration 44 CCTK_CHECKPOINT
INFO (CarpetX): CallFunction iteration 44 CCTK_CHECKPOINT: CarpetX::CarpetX_Checkpoint
INFO (CarpetX): ScheduleTraverseGH iteration 44 CCTK_ANALYSIS
INFO (CarpetX): CallFunction iteration 44 z4c_constraints_group: CottonmouthZ4c4m::z4c_constraints
INFO (CarpetX): OutputGH: iteration 44, time 0.440000, run time 4 s
INFO (CarpetX): OutputGH done.
INFO (CarpetX): Simulation time: 0.44   Iterations per second: 13.3339   Simulation time per second: 0.133339
INFO (CarpetX): Grid cells: 3200   Grid cell updates per second: 42668.6
INFO (CarpetX): Performance:
INFO (CarpetX):   total evolution time:            3.30421 sec
INFO (CarpetX):   total evolution compute time:    3.30395 sec
INFO (CarpetX):   total evolution output time:     0.000257015 sec
INFO (CarpetX):   total iterations:                44
INFO (CarpetX):   total cells updated:             140800
INFO (CarpetX):   average iterations per second: 13.3164
INFO (CarpetX):   average cell updates per second: 42612.4
INFO (CarpetX): SyncGroups COTTONMOUTHZ4C4M::AT, COTTONMOUTHZ4C4M::THETA, COTTONMOUTHZ4C4M::CHI, COTTONMOUTHZ4C4M::EVO_GAMMAT, COTTONMOUTHZ4C4M::EVO_LAPSE, COTTONMOUTHZ4C4M::EVO_SHIFT, COTTONMOUTHZ4C4M::GT, COTTONMOUTHZ4C4M::TRK
INFO (CarpetX): ScheduleTraverseGH iteration 45 CCTK_PRESTEP
INFO (CarpetX): ScheduleTraverseGH iteration 45 CCTK_EVOL
INFO (CarpetX): CallFunction iteration 45 CCTK_EVOL: ODESolvers::ODESolvers_Solve
INFO (ODESolvers): ODE integrator is RK4
INFO (ODESolvers):   Integrating 22 variables
INFO (ODESolvers): Calculating RHS #1 at t=0.44
INFO (CarpetX): CallFunction iteration 45 z4c_rhs_group: CottonmouthZ4c4m::z4c_rhs
INFO (CarpetX): CallFunction iteration 45 z4c_apply_dissipation_group: CottonmouthZ4c4m::z4c_apply_dissipation
INFO (CarpetX): CallFunction iteration 45 z4c_enforce_pt1_group: CottonmouthZ4c4m::z4c_enforce_pt1
INFO (CarpetX): CallFunction iteration 45 z4c_enforce_pt2_group: CottonmouthZ4c4m::z4c_enforce_pt2
INFO (CarpetX): CallFunction iteration 45 z4c_to_adm_group: CottonmouthZ4c4m::sync_z4c
INFO (CarpetX): SyncGroups COTTONMOUTHZ4C4M::AT, COTTONMOUTHZ4C4M::GT, COTTONMOUTHZ4C4M::CHI, COTTONMOUTHZ4C4M::EVO_LAPSE, COTTONMOUTHZ4C4M::EVO_SHIFT, COTTONMOUTHZ4C4M::TRK
INFO (CarpetX): CallFunction iteration 45 z4c_to_adm_group: CottonmouthZ4c4m::z4c_to_adm
INFO (CarpetX): CallFunction iteration 45 ODESolvers_PostStep: CottonmouthZ4c4m::sync_state
INFO (CarpetX): SyncGroups COTTONMOUTHZ4C4M::AT, COTTONMOUTHZ4C4M::THETA, COTTONMOUTHZ4C4M::CHI, COTTONMOUTHZ4C4M::EVO_GAMMAT, COTTONMOUTHZ4C4M::EVO_LAPSE, COTTONMOUTHZ4C4M::EVO_SHIFT, COTTONMOUTHZ4C4M::GT, COTTONMOUTHZ4C4M::TRK
INFO (CarpetX): CallFunction iteration 45 TmunuBaseX_SetTmunuVars: TmunuBaseX::TmunuBaseX_ZeroTmunu
INFO (ODESolvers): Calculated new state #1 at t=0.445
INFO (ODESolvers): Calculating RHS #2 at t=0.445
INFO (CarpetX): CallFunction iteration 45 z4c_rhs_group: CottonmouthZ4c4m::z4c_rhs
INFO (CarpetX): CallFunction iteration 45 z4c_apply_dissipation_group: CottonmouthZ4c4m::z4c_apply_dissipation
INFO (CarpetX): CallFunction iteration 45 z4c_enforce_pt1_group: CottonmouthZ4c4m::z4c_enforce_pt1
INFO (CarpetX): CallFunction iteration 45 z4c_enforce_pt2_group: CottonmouthZ4c4m::z4c_enforce_pt2
INFO (CarpetX): CallFunction iteration 45 z4c_to_adm_group: CottonmouthZ4c4m::sync_z4c
INFO (CarpetX): SyncGroups COTTONMOUTHZ4C4M::AT, COTTONMOUTHZ4C4M::GT, COTTONMOUTHZ4C4M::CHI, COTTONMOUTHZ4C4M::EVO_LAPSE, COTTONMOUTHZ4C4M::EVO_SHIFT, COTTONMOUTHZ4C4M::TRK
INFO (CarpetX): CallFunction iteration 45 z4c_to_adm_group: CottonmouthZ4c4m::z4c_to_adm
INFO (CarpetX): CallFunction iteration 45 ODESolvers_PostStep: CottonmouthZ4c4m::sync_state
INFO (CarpetX): SyncGroups COTTONMOUTHZ4C4M::AT, COTTONMOUTHZ4C4M::THETA, COTTONMOUTHZ4C4M::CHI, COTTONMOUTHZ4C4M::EVO_GAMMAT, COTTONMOUTHZ4C4M::EVO_LAPSE, COTTONMOUTHZ4C4M::EVO_SHIFT, COTTONMOUTHZ4C4M::GT, COTTONMOUTHZ4C4M::TRK
INFO (CarpetX): CallFunction iteration 45 TmunuBaseX_SetTmunuVars: TmunuBaseX::TmunuBaseX_ZeroTmunu
INFO (ODESolvers): Calculated new state #2 at t=0.445
INFO (ODESolvers): Calculating RHS #3 at t=0.445
INFO (CarpetX): CallFunction iteration 45 z4c_rhs_group: CottonmouthZ4c4m::z4c_rhs
INFO (CarpetX): CallFunction iteration 45 z4c_apply_dissipation_group: CottonmouthZ4c4m::z4c_apply_dissipation
INFO (CarpetX): CallFunction iteration 45 z4c_enforce_pt1_group: CottonmouthZ4c4m::z4c_enforce_pt1
INFO (CarpetX): CallFunction iteration 45 z4c_enforce_pt2_group: CottonmouthZ4c4m::z4c_enforce_pt2
INFO (CarpetX): CallFunction iteration 45 z4c_to_adm_group: CottonmouthZ4c4m::sync_z4c
INFO (CarpetX): SyncGroups COTTONMOUTHZ4C4M::AT, COTTONMOUTHZ4C4M::GT, COTTONMOUTHZ4C4M::CHI, COTTONMOUTHZ4C4M::EVO_LAPSE, COTTONMOUTHZ4C4M::EVO_SHIFT, COTTONMOUTHZ4C4M::TRK
INFO (CarpetX): CallFunction iteration 45 z4c_to_adm_group: CottonmouthZ4c4m::z4c_to_adm
INFO (CarpetX): CallFunction iteration 45 ODESolvers_PostStep: CottonmouthZ4c4m::sync_state
INFO (CarpetX): SyncGroups COTTONMOUTHZ4C4M::AT, COTTONMOUTHZ4C4M::THETA, COTTONMOUTHZ4C4M::CHI, COTTONMOUTHZ4C4M::EVO_GAMMAT, COTTONMOUTHZ4C4M::EVO_LAPSE, COTTONMOUTHZ4C4M::EVO_SHIFT, COTTONMOUTHZ4C4M::GT, COTTONMOUTHZ4C4M::TRK
INFO (CarpetX): CallFunction iteration 45 TmunuBaseX_SetTmunuVars: TmunuBaseX::TmunuBaseX_ZeroTmunu
INFO (ODESolvers): Calculated new state #3 at t=0.45
INFO (ODESolvers): Calculating RHS #4 at t=0.45
INFO (CarpetX): CallFunction iteration 45 z4c_rhs_group: CottonmouthZ4c4m::z4c_rhs
INFO (CarpetX): CallFunction iteration 45 z4c_apply_dissipation_group: CottonmouthZ4c4m::z4c_apply_dissipation
INFO (CarpetX): CallFunction iteration 45 z4c_enforce_pt1_group: CottonmouthZ4c4m::z4c_enforce_pt1
INFO (CarpetX): CallFunction iteration 45 z4c_enforce_pt2_group: CottonmouthZ4c4m::z4c_enforce_pt2
INFO (CarpetX): CallFunction iteration 45 z4c_to_adm_group: CottonmouthZ4c4m::sync_z4c
INFO (CarpetX): SyncGroups COTTONMOUTHZ4C4M::AT, COTTONMOUTHZ4C4M::GT, COTTONMOUTHZ4C4M::CHI, COTTONMOUTHZ4C4M::EVO_LAPSE, COTTONMOUTHZ4C4M::EVO_SHIFT, COTTONMOUTHZ4C4M::TRK
INFO (CarpetX): CallFunction iteration 45 z4c_to_adm_group: CottonmouthZ4c4m::z4c_to_adm
INFO (CarpetX): CallFunction iteration 45 ODESolvers_PostStep: CottonmouthZ4c4m::sync_state
INFO (CarpetX): SyncGroups COTTONMOUTHZ4C4M::AT, COTTONMOUTHZ4C4M::THETA, COTTONMOUTHZ4C4M::CHI, COTTONMOUTHZ4C4M::EVO_GAMMAT, COTTONMOUTHZ4C4M::EVO_LAPSE, COTTONMOUTHZ4C4M::EVO_SHIFT, COTTONMOUTHZ4C4M::GT, COTTONMOUTHZ4C4M::TRK
INFO (CarpetX): CallFunction iteration 45 TmunuBaseX_SetTmunuVars: TmunuBaseX::TmunuBaseX_ZeroTmunu
INFO (ODESolvers): Calculated new state #4 at t=0.45
INFO (CarpetX): ScheduleTraverseGH iteration 45 CCTK_POSTSTEP
INFO (CarpetX): CallFunction iteration 45 CCTK_POSTSTEP: CottonmouthLinearWaveID::StateSync_CottonmouthLinearWaveID
INFO (CarpetX): ScheduleTraverseGH iteration 45 CCTK_CHECKPOINT
INFO (CarpetX): CallFunction iteration 45 CCTK_CHECKPOINT: CarpetX::CarpetX_Checkpoint
INFO (CarpetX): ScheduleTraverseGH iteration 45 CCTK_ANALYSIS
INFO (CarpetX): CallFunction iteration 45 z4c_constraints_group: CottonmouthZ4c4m::z4c_constraints
INFO (CarpetX): OutputGH: iteration 45, time 0.450000, run time 4 s
INFO (CarpetX): OutputGH done.
INFO (CarpetX): Simulation time: 0.45   Iterations per second: 13.3353   Simulation time per second: 0.133353
INFO (CarpetX): Grid cells: 3200   Grid cell updates per second: 42673
INFO (CarpetX): Performance:
INFO (CarpetX):   total evolution time:            3.37912 sec
INFO (CarpetX):   total evolution compute time:    3.37886 sec
INFO (CarpetX):   total evolution output time:     0.000262022 sec
INFO (CarpetX):   total iterations:                45
INFO (CarpetX):   total cells updated:             144000
INFO (CarpetX):   average iterations per second: 13.3171
INFO (CarpetX):   average cell updates per second: 42614.6
INFO (CarpetX): SyncGroups COTTONMOUTHZ4C4M::AT, COTTONMOUTHZ4C4M::THETA, COTTONMOUTHZ4C4M::CHI, COTTONMOUTHZ4C4M::EVO_GAMMAT, COTTONMOUTHZ4C4M::EVO_LAPSE, COTTONMOUTHZ4C4M::EVO_SHIFT, COTTONMOUTHZ4C4M::GT, COTTONMOUTHZ4C4M::TRK
INFO (CarpetX): ScheduleTraverseGH iteration 46 CCTK_PRESTEP
INFO (CarpetX): ScheduleTraverseGH iteration 46 CCTK_EVOL
INFO (CarpetX): CallFunction iteration 46 CCTK_EVOL: ODESolvers::ODESolvers_Solve
INFO (ODESolvers): ODE integrator is RK4
INFO (ODESolvers):   Integrating 22 variables
INFO (ODESolvers): Calculating RHS #1 at t=0.45
INFO (CarpetX): CallFunction iteration 46 z4c_rhs_group: CottonmouthZ4c4m::z4c_rhs
INFO (CarpetX): CallFunction iteration 46 z4c_apply_dissipation_group: CottonmouthZ4c4m::z4c_apply_dissipation
INFO (CarpetX): CallFunction iteration 46 z4c_enforce_pt1_group: CottonmouthZ4c4m::z4c_enforce_pt1
INFO (CarpetX): CallFunction iteration 46 z4c_enforce_pt2_group: CottonmouthZ4c4m::z4c_enforce_pt2
INFO (CarpetX): CallFunction iteration 46 z4c_to_adm_group: CottonmouthZ4c4m::sync_z4c
INFO (CarpetX): SyncGroups COTTONMOUTHZ4C4M::AT, COTTONMOUTHZ4C4M::GT, COTTONMOUTHZ4C4M::CHI, COTTONMOUTHZ4C4M::EVO_LAPSE, COTTONMOUTHZ4C4M::EVO_SHIFT, COTTONMOUTHZ4C4M::TRK
INFO (CarpetX): CallFunction iteration 46 z4c_to_adm_group: CottonmouthZ4c4m::z4c_to_adm
INFO (CarpetX): CallFunction iteration 46 ODESolvers_PostStep: CottonmouthZ4c4m::sync_state
INFO (CarpetX): SyncGroups COTTONMOUTHZ4C4M::AT, COTTONMOUTHZ4C4M::THETA, COTTONMOUTHZ4C4M::CHI, COTTONMOUTHZ4C4M::EVO_GAMMAT, COTTONMOUTHZ4C4M::EVO_LAPSE, COTTONMOUTHZ4C4M::EVO_SHIFT, COTTONMOUTHZ4C4M::GT, COTTONMOUTHZ4C4M::TRK
INFO (CarpetX): CallFunction iteration 46 TmunuBaseX_SetTmunuVars: TmunuBaseX::TmunuBaseX_ZeroTmunu
INFO (ODESolvers): Calculated new state #1 at t=0.455
INFO (ODESolvers): Calculating RHS #2 at t=0.455
INFO (CarpetX): CallFunction iteration 46 z4c_rhs_group: CottonmouthZ4c4m::z4c_rhs
INFO (CarpetX): CallFunction iteration 46 z4c_apply_dissipation_group: CottonmouthZ4c4m::z4c_apply_dissipation
INFO (CarpetX): CallFunction iteration 46 z4c_enforce_pt1_group: CottonmouthZ4c4m::z4c_enforce_pt1
INFO (CarpetX): CallFunction iteration 46 z4c_enforce_pt2_group: CottonmouthZ4c4m::z4c_enforce_pt2
INFO (CarpetX): CallFunction iteration 46 z4c_to_adm_group: CottonmouthZ4c4m::sync_z4c
INFO (CarpetX): SyncGroups COTTONMOUTHZ4C4M::AT, COTTONMOUTHZ4C4M::GT, COTTONMOUTHZ4C4M::CHI, COTTONMOUTHZ4C4M::EVO_LAPSE, COTTONMOUTHZ4C4M::EVO_SHIFT, COTTONMOUTHZ4C4M::TRK
INFO (CarpetX): CallFunction iteration 46 z4c_to_adm_group: CottonmouthZ4c4m::z4c_to_adm
INFO (CarpetX): CallFunction iteration 46 ODESolvers_PostStep: CottonmouthZ4c4m::sync_state
INFO (CarpetX): SyncGroups COTTONMOUTHZ4C4M::AT, COTTONMOUTHZ4C4M::THETA, COTTONMOUTHZ4C4M::CHI, COTTONMOUTHZ4C4M::EVO_GAMMAT, COTTONMOUTHZ4C4M::EVO_LAPSE, COTTONMOUTHZ4C4M::EVO_SHIFT, COTTONMOUTHZ4C4M::GT, COTTONMOUTHZ4C4M::TRK
INFO (CarpetX): CallFunction iteration 46 TmunuBaseX_SetTmunuVars: TmunuBaseX::TmunuBaseX_ZeroTmunu
INFO (ODESolvers): Calculated new state #2 at t=0.455
INFO (ODESolvers): Calculating RHS #3 at t=0.455
INFO (CarpetX): CallFunction iteration 46 z4c_rhs_group: CottonmouthZ4c4m::z4c_rhs
INFO (CarpetX): CallFunction iteration 46 z4c_apply_dissipation_group: CottonmouthZ4c4m::z4c_apply_dissipation
INFO (CarpetX): CallFunction iteration 46 z4c_enforce_pt1_group: CottonmouthZ4c4m::z4c_enforce_pt1
INFO (CarpetX): CallFunction iteration 46 z4c_enforce_pt2_group: CottonmouthZ4c4m::z4c_enforce_pt2
INFO (CarpetX): CallFunction iteration 46 z4c_to_adm_group: CottonmouthZ4c4m::sync_z4c
INFO (CarpetX): SyncGroups COTTONMOUTHZ4C4M::AT, COTTONMOUTHZ4C4M::GT, COTTONMOUTHZ4C4M::CHI, COTTONMOUTHZ4C4M::EVO_LAPSE, COTTONMOUTHZ4C4M::EVO_SHIFT, COTTONMOUTHZ4C4M::TRK
INFO (CarpetX): CallFunction iteration 46 z4c_to_adm_group: CottonmouthZ4c4m::z4c_to_adm
INFO (CarpetX): CallFunction iteration 46 ODESolvers_PostStep: CottonmouthZ4c4m::sync_state
INFO (CarpetX): SyncGroups COTTONMOUTHZ4C4M::AT, COTTONMOUTHZ4C4M::THETA, COTTONMOUTHZ4C4M::CHI, COTTONMOUTHZ4C4M::EVO_GAMMAT, COTTONMOUTHZ4C4M::EVO_LAPSE, COTTONMOUTHZ4C4M::EVO_SHIFT, COTTONMOUTHZ4C4M::GT, COTTONMOUTHZ4C4M::TRK
INFO (CarpetX): CallFunction iteration 46 TmunuBaseX_SetTmunuVars: TmunuBaseX::TmunuBaseX_ZeroTmunu
INFO (ODESolvers): Calculated new state #3 at t=0.46
INFO (ODESolvers): Calculating RHS #4 at t=0.46
INFO (CarpetX): CallFunction iteration 46 z4c_rhs_group: CottonmouthZ4c4m::z4c_rhs
INFO (CarpetX): CallFunction iteration 46 z4c_apply_dissipation_group: CottonmouthZ4c4m::z4c_apply_dissipation
INFO (CarpetX): CallFunction iteration 46 z4c_enforce_pt1_group: CottonmouthZ4c4m::z4c_enforce_pt1
INFO (CarpetX): CallFunction iteration 46 z4c_enforce_pt2_group: CottonmouthZ4c4m::z4c_enforce_pt2
INFO (CarpetX): CallFunction iteration 46 z4c_to_adm_group: CottonmouthZ4c4m::sync_z4c
INFO (CarpetX): SyncGroups COTTONMOUTHZ4C4M::AT, COTTONMOUTHZ4C4M::GT, COTTONMOUTHZ4C4M::CHI, COTTONMOUTHZ4C4M::EVO_LAPSE, COTTONMOUTHZ4C4M::EVO_SHIFT, COTTONMOUTHZ4C4M::TRK
INFO (CarpetX): CallFunction iteration 46 z4c_to_adm_group: CottonmouthZ4c4m::z4c_to_adm
INFO (CarpetX): CallFunction iteration 46 ODESolvers_PostStep: CottonmouthZ4c4m::sync_state
INFO (CarpetX): SyncGroups COTTONMOUTHZ4C4M::AT, COTTONMOUTHZ4C4M::THETA, COTTONMOUTHZ4C4M::CHI, COTTONMOUTHZ4C4M::EVO_GAMMAT, COTTONMOUTHZ4C4M::EVO_LAPSE, COTTONMOUTHZ4C4M::EVO_SHIFT, COTTONMOUTHZ4C4M::GT, COTTONMOUTHZ4C4M::TRK
INFO (CarpetX): CallFunction iteration 46 TmunuBaseX_SetTmunuVars: TmunuBaseX::TmunuBaseX_ZeroTmunu
INFO (ODESolvers): Calculated new state #4 at t=0.46
INFO (CarpetX): ScheduleTraverseGH iteration 46 CCTK_POSTSTEP
INFO (CarpetX): CallFunction iteration 46 CCTK_POSTSTEP: CottonmouthLinearWaveID::StateSync_CottonmouthLinearWaveID
INFO (CarpetX): ScheduleTraverseGH iteration 46 CCTK_CHECKPOINT
INFO (CarpetX): CallFunction iteration 46 CCTK_CHECKPOINT: CarpetX::CarpetX_Checkpoint
INFO (CarpetX): ScheduleTraverseGH iteration 46 CCTK_ANALYSIS
INFO (CarpetX): CallFunction iteration 46 z4c_constraints_group: CottonmouthZ4c4m::z4c_constraints
INFO (CarpetX): OutputGH: iteration 46, time 0.460000, run time 4 s
INFO (CarpetX): OutputGH done.
INFO (CarpetX): Simulation time: 0.46   Iterations per second: 13.3364   Simulation time per second: 0.133364
INFO (CarpetX): Grid cells: 3200   Grid cell updates per second: 42676.5
INFO (CarpetX): Performance:
INFO (CarpetX):   total evolution time:            3.45405 sec
INFO (CarpetX):   total evolution compute time:    3.45378 sec
INFO (CarpetX):   total evolution output time:     0.000267029 sec
INFO (CarpetX):   total iterations:                46
INFO (CarpetX):   total cells updated:             147200
INFO (CarpetX):   average iterations per second: 13.3177
INFO (CarpetX):   average cell updates per second: 42616.6
INFO (CarpetX): SyncGroups COTTONMOUTHZ4C4M::AT, COTTONMOUTHZ4C4M::THETA, COTTONMOUTHZ4C4M::CHI, COTTONMOUTHZ4C4M::EVO_GAMMAT, COTTONMOUTHZ4C4M::EVO_LAPSE, COTTONMOUTHZ4C4M::EVO_SHIFT, COTTONMOUTHZ4C4M::GT, COTTONMOUTHZ4C4M::TRK
INFO (CarpetX): ScheduleTraverseGH iteration 47 CCTK_PRESTEP
INFO (CarpetX): ScheduleTraverseGH iteration 47 CCTK_EVOL
INFO (CarpetX): CallFunction iteration 47 CCTK_EVOL: ODESolvers::ODESolvers_Solve
INFO (ODESolvers): ODE integrator is RK4
INFO (ODESolvers):   Integrating 22 variables
INFO (ODESolvers): Calculating RHS #1 at t=0.46
INFO (CarpetX): CallFunction iteration 47 z4c_rhs_group: CottonmouthZ4c4m::z4c_rhs
INFO (CarpetX): CallFunction iteration 47 z4c_apply_dissipation_group: CottonmouthZ4c4m::z4c_apply_dissipation
INFO (CarpetX): CallFunction iteration 47 z4c_enforce_pt1_group: CottonmouthZ4c4m::z4c_enforce_pt1
INFO (CarpetX): CallFunction iteration 47 z4c_enforce_pt2_group: CottonmouthZ4c4m::z4c_enforce_pt2
INFO (CarpetX): CallFunction iteration 47 z4c_to_adm_group: CottonmouthZ4c4m::sync_z4c
INFO (CarpetX): SyncGroups COTTONMOUTHZ4C4M::AT, COTTONMOUTHZ4C4M::GT, COTTONMOUTHZ4C4M::CHI, COTTONMOUTHZ4C4M::EVO_LAPSE, COTTONMOUTHZ4C4M::EVO_SHIFT, COTTONMOUTHZ4C4M::TRK
INFO (CarpetX): CallFunction iteration 47 z4c_to_adm_group: CottonmouthZ4c4m::z4c_to_adm
INFO (CarpetX): CallFunction iteration 47 ODESolvers_PostStep: CottonmouthZ4c4m::sync_state
INFO (CarpetX): SyncGroups COTTONMOUTHZ4C4M::AT, COTTONMOUTHZ4C4M::THETA, COTTONMOUTHZ4C4M::CHI, COTTONMOUTHZ4C4M::EVO_GAMMAT, COTTONMOUTHZ4C4M::EVO_LAPSE, COTTONMOUTHZ4C4M::EVO_SHIFT, COTTONMOUTHZ4C4M::GT, COTTONMOUTHZ4C4M::TRK
INFO (CarpetX): CallFunction iteration 47 TmunuBaseX_SetTmunuVars: TmunuBaseX::TmunuBaseX_ZeroTmunu
INFO (ODESolvers): Calculated new state #1 at t=0.465
INFO (ODESolvers): Calculating RHS #2 at t=0.465
INFO (CarpetX): CallFunction iteration 47 z4c_rhs_group: CottonmouthZ4c4m::z4c_rhs
INFO (CarpetX): CallFunction iteration 47 z4c_apply_dissipation_group: CottonmouthZ4c4m::z4c_apply_dissipation
INFO (CarpetX): CallFunction iteration 47 z4c_enforce_pt1_group: CottonmouthZ4c4m::z4c_enforce_pt1
INFO (CarpetX): CallFunction iteration 47 z4c_enforce_pt2_group: CottonmouthZ4c4m::z4c_enforce_pt2
INFO (CarpetX): CallFunction iteration 47 z4c_to_adm_group: CottonmouthZ4c4m::sync_z4c
INFO (CarpetX): SyncGroups COTTONMOUTHZ4C4M::AT, COTTONMOUTHZ4C4M::GT, COTTONMOUTHZ4C4M::CHI, COTTONMOUTHZ4C4M::EVO_LAPSE, COTTONMOUTHZ4C4M::EVO_SHIFT, COTTONMOUTHZ4C4M::TRK
INFO (CarpetX): CallFunction iteration 47 z4c_to_adm_group: CottonmouthZ4c4m::z4c_to_adm
INFO (CarpetX): CallFunction iteration 47 ODESolvers_PostStep: CottonmouthZ4c4m::sync_state
INFO (CarpetX): SyncGroups COTTONMOUTHZ4C4M::AT, COTTONMOUTHZ4C4M::THETA, COTTONMOUTHZ4C4M::CHI, COTTONMOUTHZ4C4M::EVO_GAMMAT, COTTONMOUTHZ4C4M::EVO_LAPSE, COTTONMOUTHZ4C4M::EVO_SHIFT, COTTONMOUTHZ4C4M::GT, COTTONMOUTHZ4C4M::TRK
INFO (CarpetX): CallFunction iteration 47 TmunuBaseX_SetTmunuVars: TmunuBaseX::TmunuBaseX_ZeroTmunu
INFO (ODESolvers): Calculated new state #2 at t=0.465
INFO (ODESolvers): Calculating RHS #3 at t=0.465
INFO (CarpetX): CallFunction iteration 47 z4c_rhs_group: CottonmouthZ4c4m::z4c_rhs
INFO (CarpetX): CallFunction iteration 47 z4c_apply_dissipation_group: CottonmouthZ4c4m::z4c_apply_dissipation
INFO (CarpetX): CallFunction iteration 47 z4c_enforce_pt1_group: CottonmouthZ4c4m::z4c_enforce_pt1
INFO (CarpetX): CallFunction iteration 47 z4c_enforce_pt2_group: CottonmouthZ4c4m::z4c_enforce_pt2
INFO (CarpetX): CallFunction iteration 47 z4c_to_adm_group: CottonmouthZ4c4m::sync_z4c
INFO (CarpetX): SyncGroups COTTONMOUTHZ4C4M::AT, COTTONMOUTHZ4C4M::GT, COTTONMOUTHZ4C4M::CHI, COTTONMOUTHZ4C4M::EVO_LAPSE, COTTONMOUTHZ4C4M::EVO_SHIFT, COTTONMOUTHZ4C4M::TRK
INFO (CarpetX): CallFunction iteration 47 z4c_to_adm_group: CottonmouthZ4c4m::z4c_to_adm
INFO (CarpetX): CallFunction iteration 47 ODESolvers_PostStep: CottonmouthZ4c4m::sync_state
INFO (CarpetX): SyncGroups COTTONMOUTHZ4C4M::AT, COTTONMOUTHZ4C4M::THETA, COTTONMOUTHZ4C4M::CHI, COTTONMOUTHZ4C4M::EVO_GAMMAT, COTTONMOUTHZ4C4M::EVO_LAPSE, COTTONMOUTHZ4C4M::EVO_SHIFT, COTTONMOUTHZ4C4M::GT, COTTONMOUTHZ4C4M::TRK
INFO (CarpetX): CallFunction iteration 47 TmunuBaseX_SetTmunuVars: TmunuBaseX::TmunuBaseX_ZeroTmunu
INFO (ODESolvers): Calculated new state #3 at t=0.47
INFO (ODESolvers): Calculating RHS #4 at t=0.47
INFO (CarpetX): CallFunction iteration 47 z4c_rhs_group: CottonmouthZ4c4m::z4c_rhs
INFO (CarpetX): CallFunction iteration 47 z4c_apply_dissipation_group: CottonmouthZ4c4m::z4c_apply_dissipation
INFO (CarpetX): CallFunction iteration 47 z4c_enforce_pt1_group: CottonmouthZ4c4m::z4c_enforce_pt1
INFO (CarpetX): CallFunction iteration 47 z4c_enforce_pt2_group: CottonmouthZ4c4m::z4c_enforce_pt2
INFO (CarpetX): CallFunction iteration 47 z4c_to_adm_group: CottonmouthZ4c4m::sync_z4c
INFO (CarpetX): SyncGroups COTTONMOUTHZ4C4M::AT, COTTONMOUTHZ4C4M::GT, COTTONMOUTHZ4C4M::CHI, COTTONMOUTHZ4C4M::EVO_LAPSE, COTTONMOUTHZ4C4M::EVO_SHIFT, COTTONMOUTHZ4C4M::TRK
INFO (CarpetX): CallFunction iteration 47 z4c_to_adm_group: CottonmouthZ4c4m::z4c_to_adm
INFO (CarpetX): CallFunction iteration 47 ODESolvers_PostStep: CottonmouthZ4c4m::sync_state
INFO (CarpetX): SyncGroups COTTONMOUTHZ4C4M::AT, COTTONMOUTHZ4C4M::THETA, COTTONMOUTHZ4C4M::CHI, COTTONMOUTHZ4C4M::EVO_GAMMAT, COTTONMOUTHZ4C4M::EVO_LAPSE, COTTONMOUTHZ4C4M::EVO_SHIFT, COTTONMOUTHZ4C4M::GT, COTTONMOUTHZ4C4M::TRK
INFO (CarpetX): CallFunction iteration 47 TmunuBaseX_SetTmunuVars: TmunuBaseX::TmunuBaseX_ZeroTmunu
INFO (ODESolvers): Calculated new state #4 at t=0.47
INFO (CarpetX): ScheduleTraverseGH iteration 47 CCTK_POSTSTEP
INFO (CarpetX): CallFunction iteration 47 CCTK_POSTSTEP: CottonmouthLinearWaveID::StateSync_CottonmouthLinearWaveID
INFO (CarpetX): ScheduleTraverseGH iteration 47 CCTK_CHECKPOINT
INFO (CarpetX): CallFunction iteration 47 CCTK_CHECKPOINT: CarpetX::CarpetX_Checkpoint
INFO (CarpetX): ScheduleTraverseGH iteration 47 CCTK_ANALYSIS
INFO (CarpetX): CallFunction iteration 47 z4c_constraints_group: CottonmouthZ4c4m::z4c_constraints
INFO (CarpetX): OutputGH: iteration 47, time 0.470000, run time 4 s
INFO (CarpetX): OutputGH done.
INFO (CarpetX): Simulation time: 0.47   Iterations per second: 13.3384   Simulation time per second: 0.133384
INFO (CarpetX): Grid cells: 3200   Grid cell updates per second: 42682.8
INFO (CarpetX): Performance:
INFO (CarpetX):   total evolution time:            3.52892 sec
INFO (CarpetX):   total evolution compute time:    3.52865 sec
INFO (CarpetX):   total evolution output time:     0.000272989 sec
INFO (CarpetX):   total iterations:                47
INFO (CarpetX):   total cells updated:             150400
INFO (CarpetX):   average iterations per second: 13.3185
INFO (CarpetX):   average cell updates per second: 42619.2
INFO (CarpetX): SyncGroups COTTONMOUTHZ4C4M::AT, COTTONMOUTHZ4C4M::THETA, COTTONMOUTHZ4C4M::CHI, COTTONMOUTHZ4C4M::EVO_GAMMAT, COTTONMOUTHZ4C4M::EVO_LAPSE, COTTONMOUTHZ4C4M::EVO_SHIFT, COTTONMOUTHZ4C4M::GT, COTTONMOUTHZ4C4M::TRK
INFO (CarpetX): ScheduleTraverseGH iteration 48 CCTK_PRESTEP
INFO (CarpetX): ScheduleTraverseGH iteration 48 CCTK_EVOL
INFO (CarpetX): CallFunction iteration 48 CCTK_EVOL: ODESolvers::ODESolvers_Solve
INFO (ODESolvers): ODE integrator is RK4
INFO (ODESolvers):   Integrating 22 variables
INFO (ODESolvers): Calculating RHS #1 at t=0.47
INFO (CarpetX): CallFunction iteration 48 z4c_rhs_group: CottonmouthZ4c4m::z4c_rhs
INFO (CarpetX): CallFunction iteration 48 z4c_apply_dissipation_group: CottonmouthZ4c4m::z4c_apply_dissipation
INFO (CarpetX): CallFunction iteration 48 z4c_enforce_pt1_group: CottonmouthZ4c4m::z4c_enforce_pt1
INFO (CarpetX): CallFunction iteration 48 z4c_enforce_pt2_group: CottonmouthZ4c4m::z4c_enforce_pt2
INFO (CarpetX): CallFunction iteration 48 z4c_to_adm_group: CottonmouthZ4c4m::sync_z4c
INFO (CarpetX): SyncGroups COTTONMOUTHZ4C4M::AT, COTTONMOUTHZ4C4M::GT, COTTONMOUTHZ4C4M::CHI, COTTONMOUTHZ4C4M::EVO_LAPSE, COTTONMOUTHZ4C4M::EVO_SHIFT, COTTONMOUTHZ4C4M::TRK
INFO (CarpetX): CallFunction iteration 48 z4c_to_adm_group: CottonmouthZ4c4m::z4c_to_adm
INFO (CarpetX): CallFunction iteration 48 ODESolvers_PostStep: CottonmouthZ4c4m::sync_state
INFO (CarpetX): SyncGroups COTTONMOUTHZ4C4M::AT, COTTONMOUTHZ4C4M::THETA, COTTONMOUTHZ4C4M::CHI, COTTONMOUTHZ4C4M::EVO_GAMMAT, COTTONMOUTHZ4C4M::EVO_LAPSE, COTTONMOUTHZ4C4M::EVO_SHIFT, COTTONMOUTHZ4C4M::GT, COTTONMOUTHZ4C4M::TRK
INFO (CarpetX): CallFunction iteration 48 TmunuBaseX_SetTmunuVars: TmunuBaseX::TmunuBaseX_ZeroTmunu
INFO (ODESolvers): Calculated new state #1 at t=0.475
INFO (ODESolvers): Calculating RHS #2 at t=0.475
INFO (CarpetX): CallFunction iteration 48 z4c_rhs_group: CottonmouthZ4c4m::z4c_rhs
INFO (CarpetX): CallFunction iteration 48 z4c_apply_dissipation_group: CottonmouthZ4c4m::z4c_apply_dissipation
INFO (CarpetX): CallFunction iteration 48 z4c_enforce_pt1_group: CottonmouthZ4c4m::z4c_enforce_pt1
INFO (CarpetX): CallFunction iteration 48 z4c_enforce_pt2_group: CottonmouthZ4c4m::z4c_enforce_pt2
INFO (CarpetX): CallFunction iteration 48 z4c_to_adm_group: CottonmouthZ4c4m::sync_z4c
INFO (CarpetX): SyncGroups COTTONMOUTHZ4C4M::AT, COTTONMOUTHZ4C4M::GT, COTTONMOUTHZ4C4M::CHI, COTTONMOUTHZ4C4M::EVO_LAPSE, COTTONMOUTHZ4C4M::EVO_SHIFT, COTTONMOUTHZ4C4M::TRK
INFO (CarpetX): CallFunction iteration 48 z4c_to_adm_group: CottonmouthZ4c4m::z4c_to_adm
INFO (CarpetX): CallFunction iteration 48 ODESolvers_PostStep: CottonmouthZ4c4m::sync_state
INFO (CarpetX): SyncGroups COTTONMOUTHZ4C4M::AT, COTTONMOUTHZ4C4M::THETA, COTTONMOUTHZ4C4M::CHI, COTTONMOUTHZ4C4M::EVO_GAMMAT, COTTONMOUTHZ4C4M::EVO_LAPSE, COTTONMOUTHZ4C4M::EVO_SHIFT, COTTONMOUTHZ4C4M::GT, COTTONMOUTHZ4C4M::TRK
INFO (CarpetX): CallFunction iteration 48 TmunuBaseX_SetTmunuVars: TmunuBaseX::TmunuBaseX_ZeroTmunu
INFO (ODESolvers): Calculated new state #2 at t=0.475
INFO (ODESolvers): Calculating RHS #3 at t=0.475
INFO (CarpetX): CallFunction iteration 48 z4c_rhs_group: CottonmouthZ4c4m::z4c_rhs
INFO (CarpetX): CallFunction iteration 48 z4c_apply_dissipation_group: CottonmouthZ4c4m::z4c_apply_dissipation
INFO (CarpetX): CallFunction iteration 48 z4c_enforce_pt1_group: CottonmouthZ4c4m::z4c_enforce_pt1
INFO (CarpetX): CallFunction iteration 48 z4c_enforce_pt2_group: CottonmouthZ4c4m::z4c_enforce_pt2
INFO (CarpetX): CallFunction iteration 48 z4c_to_adm_group: CottonmouthZ4c4m::sync_z4c
INFO (CarpetX): SyncGroups COTTONMOUTHZ4C4M::AT, COTTONMOUTHZ4C4M::GT, COTTONMOUTHZ4C4M::CHI, COTTONMOUTHZ4C4M::EVO_LAPSE, COTTONMOUTHZ4C4M::EVO_SHIFT, COTTONMOUTHZ4C4M::TRK
INFO (CarpetX): CallFunction iteration 48 z4c_to_adm_group: CottonmouthZ4c4m::z4c_to_adm
INFO (CarpetX): CallFunction iteration 48 ODESolvers_PostStep: CottonmouthZ4c4m::sync_state
INFO (CarpetX): SyncGroups COTTONMOUTHZ4C4M::AT, COTTONMOUTHZ4C4M::THETA, COTTONMOUTHZ4C4M::CHI, COTTONMOUTHZ4C4M::EVO_GAMMAT, COTTONMOUTHZ4C4M::EVO_LAPSE, COTTONMOUTHZ4C4M::EVO_SHIFT, COTTONMOUTHZ4C4M::GT, COTTONMOUTHZ4C4M::TRK
INFO (CarpetX): CallFunction iteration 48 TmunuBaseX_SetTmunuVars: TmunuBaseX::TmunuBaseX_ZeroTmunu
INFO (ODESolvers): Calculated new state #3 at t=0.48
INFO (ODESolvers): Calculating RHS #4 at t=0.48
INFO (CarpetX): CallFunction iteration 48 z4c_rhs_group: CottonmouthZ4c4m::z4c_rhs
INFO (CarpetX): CallFunction iteration 48 z4c_apply_dissipation_group: CottonmouthZ4c4m::z4c_apply_dissipation
INFO (CarpetX): CallFunction iteration 48 z4c_enforce_pt1_group: CottonmouthZ4c4m::z4c_enforce_pt1
INFO (CarpetX): CallFunction iteration 48 z4c_enforce_pt2_group: CottonmouthZ4c4m::z4c_enforce_pt2
INFO (CarpetX): CallFunction iteration 48 z4c_to_adm_group: CottonmouthZ4c4m::sync_z4c
INFO (CarpetX): SyncGroups COTTONMOUTHZ4C4M::AT, COTTONMOUTHZ4C4M::GT, COTTONMOUTHZ4C4M::CHI, COTTONMOUTHZ4C4M::EVO_LAPSE, COTTONMOUTHZ4C4M::EVO_SHIFT, COTTONMOUTHZ4C4M::TRK
INFO (CarpetX): CallFunction iteration 48 z4c_to_adm_group: CottonmouthZ4c4m::z4c_to_adm
INFO (CarpetX): CallFunction iteration 48 ODESolvers_PostStep: CottonmouthZ4c4m::sync_state
INFO (CarpetX): SyncGroups COTTONMOUTHZ4C4M::AT, COTTONMOUTHZ4C4M::THETA, COTTONMOUTHZ4C4M::CHI, COTTONMOUTHZ4C4M::EVO_GAMMAT, COTTONMOUTHZ4C4M::EVO_LAPSE, COTTONMOUTHZ4C4M::EVO_SHIFT, COTTONMOUTHZ4C4M::GT, COTTONMOUTHZ4C4M::TRK
INFO (CarpetX): CallFunction iteration 48 TmunuBaseX_SetTmunuVars: TmunuBaseX::TmunuBaseX_ZeroTmunu
INFO (ODESolvers): Calculated new state #4 at t=0.48
INFO (CarpetX): ScheduleTraverseGH iteration 48 CCTK_POSTSTEP
INFO (CarpetX): CallFunction iteration 48 CCTK_POSTSTEP: CottonmouthLinearWaveID::StateSync_CottonmouthLinearWaveID
INFO (CarpetX): ScheduleTraverseGH iteration 48 CCTK_CHECKPOINT
INFO (CarpetX): CallFunction iteration 48 CCTK_CHECKPOINT: CarpetX::CarpetX_Checkpoint
INFO (CarpetX): ScheduleTraverseGH iteration 48 CCTK_ANALYSIS
INFO (CarpetX): CallFunction iteration 48 z4c_constraints_group: CottonmouthZ4c4m::z4c_constraints
INFO (CarpetX): OutputGH: iteration 48, time 0.480000, run time 5 s
INFO (CarpetX): OutputGH done.
INFO (CarpetX): Simulation time: 0.48   Iterations per second: 13.3405   Simulation time per second: 0.133405
INFO (CarpetX): Grid cells: 3200   Grid cell updates per second: 42689.5
INFO (CarpetX): Performance:
INFO (CarpetX):   total evolution time:            3.60378 sec
INFO (CarpetX):   total evolution compute time:    3.6035 sec
INFO (CarpetX):   total evolution output time:     0.000277996 sec
INFO (CarpetX):   total iterations:                48
INFO (CarpetX):   total cells updated:             153600
INFO (CarpetX):   average iterations per second: 13.3194
INFO (CarpetX):   average cell updates per second: 42621.9
INFO (CarpetX): SyncGroups COTTONMOUTHZ4C4M::AT, COTTONMOUTHZ4C4M::THETA, COTTONMOUTHZ4C4M::CHI, COTTONMOUTHZ4C4M::EVO_GAMMAT, COTTONMOUTHZ4C4M::EVO_LAPSE, COTTONMOUTHZ4C4M::EVO_SHIFT, COTTONMOUTHZ4C4M::GT, COTTONMOUTHZ4C4M::TRK
INFO (CarpetX): ScheduleTraverseGH iteration 49 CCTK_PRESTEP
INFO (CarpetX): ScheduleTraverseGH iteration 49 CCTK_EVOL
INFO (CarpetX): CallFunction iteration 49 CCTK_EVOL: ODESolvers::ODESolvers_Solve
INFO (ODESolvers): ODE integrator is RK4
INFO (ODESolvers):   Integrating 22 variables
INFO (ODESolvers): Calculating RHS #1 at t=0.48
INFO (CarpetX): CallFunction iteration 49 z4c_rhs_group: CottonmouthZ4c4m::z4c_rhs
INFO (CarpetX): CallFunction iteration 49 z4c_apply_dissipation_group: CottonmouthZ4c4m::z4c_apply_dissipation
INFO (CarpetX): CallFunction iteration 49 z4c_enforce_pt1_group: CottonmouthZ4c4m::z4c_enforce_pt1
INFO (CarpetX): CallFunction iteration 49 z4c_enforce_pt2_group: CottonmouthZ4c4m::z4c_enforce_pt2
INFO (CarpetX): CallFunction iteration 49 z4c_to_adm_group: CottonmouthZ4c4m::sync_z4c
INFO (CarpetX): SyncGroups COTTONMOUTHZ4C4M::AT, COTTONMOUTHZ4C4M::GT, COTTONMOUTHZ4C4M::CHI, COTTONMOUTHZ4C4M::EVO_LAPSE, COTTONMOUTHZ4C4M::EVO_SHIFT, COTTONMOUTHZ4C4M::TRK
INFO (CarpetX): CallFunction iteration 49 z4c_to_adm_group: CottonmouthZ4c4m::z4c_to_adm
INFO (CarpetX): CallFunction iteration 49 ODESolvers_PostStep: CottonmouthZ4c4m::sync_state
INFO (CarpetX): SyncGroups COTTONMOUTHZ4C4M::AT, COTTONMOUTHZ4C4M::THETA, COTTONMOUTHZ4C4M::CHI, COTTONMOUTHZ4C4M::EVO_GAMMAT, COTTONMOUTHZ4C4M::EVO_LAPSE, COTTONMOUTHZ4C4M::EVO_SHIFT, COTTONMOUTHZ4C4M::GT, COTTONMOUTHZ4C4M::TRK
INFO (CarpetX): CallFunction iteration 49 TmunuBaseX_SetTmunuVars: TmunuBaseX::TmunuBaseX_ZeroTmunu
INFO (ODESolvers): Calculated new state #1 at t=0.485
INFO (ODESolvers): Calculating RHS #2 at t=0.485
INFO (CarpetX): CallFunction iteration 49 z4c_rhs_group: CottonmouthZ4c4m::z4c_rhs
INFO (CarpetX): CallFunction iteration 49 z4c_apply_dissipation_group: CottonmouthZ4c4m::z4c_apply_dissipation
INFO (CarpetX): CallFunction iteration 49 z4c_enforce_pt1_group: CottonmouthZ4c4m::z4c_enforce_pt1
INFO (CarpetX): CallFunction iteration 49 z4c_enforce_pt2_group: CottonmouthZ4c4m::z4c_enforce_pt2
INFO (CarpetX): CallFunction iteration 49 z4c_to_adm_group: CottonmouthZ4c4m::sync_z4c
INFO (CarpetX): SyncGroups COTTONMOUTHZ4C4M::AT, COTTONMOUTHZ4C4M::GT, COTTONMOUTHZ4C4M::CHI, COTTONMOUTHZ4C4M::EVO_LAPSE, COTTONMOUTHZ4C4M::EVO_SHIFT, COTTONMOUTHZ4C4M::TRK
INFO (CarpetX): CallFunction iteration 49 z4c_to_adm_group: CottonmouthZ4c4m::z4c_to_adm
INFO (CarpetX): CallFunction iteration 49 ODESolvers_PostStep: CottonmouthZ4c4m::sync_state
INFO (CarpetX): SyncGroups COTTONMOUTHZ4C4M::AT, COTTONMOUTHZ4C4M::THETA, COTTONMOUTHZ4C4M::CHI, COTTONMOUTHZ4C4M::EVO_GAMMAT, COTTONMOUTHZ4C4M::EVO_LAPSE, COTTONMOUTHZ4C4M::EVO_SHIFT, COTTONMOUTHZ4C4M::GT, COTTONMOUTHZ4C4M::TRK
INFO (CarpetX): CallFunction iteration 49 TmunuBaseX_SetTmunuVars: TmunuBaseX::TmunuBaseX_ZeroTmunu
INFO (ODESolvers): Calculated new state #2 at t=0.485
INFO (ODESolvers): Calculating RHS #3 at t=0.485
INFO (CarpetX): CallFunction iteration 49 z4c_rhs_group: CottonmouthZ4c4m::z4c_rhs
INFO (CarpetX): CallFunction iteration 49 z4c_apply_dissipation_group: CottonmouthZ4c4m::z4c_apply_dissipation
INFO (CarpetX): CallFunction iteration 49 z4c_enforce_pt1_group: CottonmouthZ4c4m::z4c_enforce_pt1
INFO (CarpetX): CallFunction iteration 49 z4c_enforce_pt2_group: CottonmouthZ4c4m::z4c_enforce_pt2
INFO (CarpetX): CallFunction iteration 49 z4c_to_adm_group: CottonmouthZ4c4m::sync_z4c
INFO (CarpetX): SyncGroups COTTONMOUTHZ4C4M::AT, COTTONMOUTHZ4C4M::GT, COTTONMOUTHZ4C4M::CHI, COTTONMOUTHZ4C4M::EVO_LAPSE, COTTONMOUTHZ4C4M::EVO_SHIFT, COTTONMOUTHZ4C4M::TRK
INFO (CarpetX): CallFunction iteration 49 z4c_to_adm_group: CottonmouthZ4c4m::z4c_to_adm
INFO (CarpetX): CallFunction iteration 49 ODESolvers_PostStep: CottonmouthZ4c4m::sync_state
INFO (CarpetX): SyncGroups COTTONMOUTHZ4C4M::AT, COTTONMOUTHZ4C4M::THETA, COTTONMOUTHZ4C4M::CHI, COTTONMOUTHZ4C4M::EVO_GAMMAT, COTTONMOUTHZ4C4M::EVO_LAPSE, COTTONMOUTHZ4C4M::EVO_SHIFT, COTTONMOUTHZ4C4M::GT, COTTONMOUTHZ4C4M::TRK
INFO (CarpetX): CallFunction iteration 49 TmunuBaseX_SetTmunuVars: TmunuBaseX::TmunuBaseX_ZeroTmunu
INFO (ODESolvers): Calculated new state #3 at t=0.49
INFO (ODESolvers): Calculating RHS #4 at t=0.49
INFO (CarpetX): CallFunction iteration 49 z4c_rhs_group: CottonmouthZ4c4m::z4c_rhs
INFO (CarpetX): CallFunction iteration 49 z4c_apply_dissipation_group: CottonmouthZ4c4m::z4c_apply_dissipation
INFO (CarpetX): CallFunction iteration 49 z4c_enforce_pt1_group: CottonmouthZ4c4m::z4c_enforce_pt1
INFO (CarpetX): CallFunction iteration 49 z4c_enforce_pt2_group: CottonmouthZ4c4m::z4c_enforce_pt2
INFO (CarpetX): CallFunction iteration 49 z4c_to_adm_group: CottonmouthZ4c4m::sync_z4c
INFO (CarpetX): SyncGroups COTTONMOUTHZ4C4M::AT, COTTONMOUTHZ4C4M::GT, COTTONMOUTHZ4C4M::CHI, COTTONMOUTHZ4C4M::EVO_LAPSE, COTTONMOUTHZ4C4M::EVO_SHIFT, COTTONMOUTHZ4C4M::TRK
INFO (CarpetX): CallFunction iteration 49 z4c_to_adm_group: CottonmouthZ4c4m::z4c_to_adm
INFO (CarpetX): CallFunction iteration 49 ODESolvers_PostStep: CottonmouthZ4c4m::sync_state
INFO (CarpetX): SyncGroups COTTONMOUTHZ4C4M::AT, COTTONMOUTHZ4C4M::THETA, COTTONMOUTHZ4C4M::CHI, COTTONMOUTHZ4C4M::EVO_GAMMAT, COTTONMOUTHZ4C4M::EVO_LAPSE, COTTONMOUTHZ4C4M::EVO_SHIFT, COTTONMOUTHZ4C4M::GT, COTTONMOUTHZ4C4M::TRK
INFO (CarpetX): CallFunction iteration 49 TmunuBaseX_SetTmunuVars: TmunuBaseX::TmunuBaseX_ZeroTmunu
INFO (ODESolvers): Calculated new state #4 at t=0.49
INFO (CarpetX): ScheduleTraverseGH iteration 49 CCTK_POSTSTEP
INFO (CarpetX): CallFunction iteration 49 CCTK_POSTSTEP: CottonmouthLinearWaveID::StateSync_CottonmouthLinearWaveID
INFO (CarpetX): ScheduleTraverseGH iteration 49 CCTK_CHECKPOINT
INFO (CarpetX): CallFunction iteration 49 CCTK_CHECKPOINT: CarpetX::CarpetX_Checkpoint
INFO (CarpetX): ScheduleTraverseGH iteration 49 CCTK_ANALYSIS
INFO (CarpetX): CallFunction iteration 49 z4c_constraints_group: CottonmouthZ4c4m::z4c_constraints
INFO (CarpetX): OutputGH: iteration 49, time 0.490000, run time 5 s
INFO (CarpetX): OutputGH done.
INFO (CarpetX): Simulation time: 0.49   Iterations per second: 13.3388   Simulation time per second: 0.133388
INFO (CarpetX): Grid cells: 3200   Grid cell updates per second: 42684
INFO (CarpetX): Performance:
INFO (CarpetX):   total evolution time:            3.67883 sec
INFO (CarpetX):   total evolution compute time:    3.67855 sec
INFO (CarpetX):   total evolution output time:     0.000283957 sec
INFO (CarpetX):   total iterations:                49
INFO (CarpetX):   total cells updated:             156800
INFO (CarpetX):   average iterations per second: 13.3194
INFO (CarpetX):   average cell updates per second: 42622.2
INFO (CarpetX): SyncGroups COTTONMOUTHZ4C4M::AT, COTTONMOUTHZ4C4M::THETA, COTTONMOUTHZ4C4M::CHI, COTTONMOUTHZ4C4M::EVO_GAMMAT, COTTONMOUTHZ4C4M::EVO_LAPSE, COTTONMOUTHZ4C4M::EVO_SHIFT, COTTONMOUTHZ4C4M::GT, COTTONMOUTHZ4C4M::TRK
INFO (CarpetX): ScheduleTraverseGH iteration 50 CCTK_PRESTEP
INFO (CarpetX): ScheduleTraverseGH iteration 50 CCTK_EVOL
INFO (CarpetX): CallFunction iteration 50 CCTK_EVOL: ODESolvers::ODESolvers_Solve
INFO (ODESolvers): ODE integrator is RK4
INFO (ODESolvers):   Integrating 22 variables
INFO (ODESolvers): Calculating RHS #1 at t=0.49
INFO (CarpetX): CallFunction iteration 50 z4c_rhs_group: CottonmouthZ4c4m::z4c_rhs
INFO (CarpetX): CallFunction iteration 50 z4c_apply_dissipation_group: CottonmouthZ4c4m::z4c_apply_dissipation
INFO (CarpetX): CallFunction iteration 50 z4c_enforce_pt1_group: CottonmouthZ4c4m::z4c_enforce_pt1
INFO (CarpetX): CallFunction iteration 50 z4c_enforce_pt2_group: CottonmouthZ4c4m::z4c_enforce_pt2
INFO (CarpetX): CallFunction iteration 50 z4c_to_adm_group: CottonmouthZ4c4m::sync_z4c
INFO (CarpetX): SyncGroups COTTONMOUTHZ4C4M::AT, COTTONMOUTHZ4C4M::GT, COTTONMOUTHZ4C4M::CHI, COTTONMOUTHZ4C4M::EVO_LAPSE, COTTONMOUTHZ4C4M::EVO_SHIFT, COTTONMOUTHZ4C4M::TRK
INFO (CarpetX): CallFunction iteration 50 z4c_to_adm_group: CottonmouthZ4c4m::z4c_to_adm
INFO (CarpetX): CallFunction iteration 50 ODESolvers_PostStep: CottonmouthZ4c4m::sync_state
INFO (CarpetX): SyncGroups COTTONMOUTHZ4C4M::AT, COTTONMOUTHZ4C4M::THETA, COTTONMOUTHZ4C4M::CHI, COTTONMOUTHZ4C4M::EVO_GAMMAT, COTTONMOUTHZ4C4M::EVO_LAPSE, COTTONMOUTHZ4C4M::EVO_SHIFT, COTTONMOUTHZ4C4M::GT, COTTONMOUTHZ4C4M::TRK
INFO (CarpetX): CallFunction iteration 50 TmunuBaseX_SetTmunuVars: TmunuBaseX::TmunuBaseX_ZeroTmunu
INFO (ODESolvers): Calculated new state #1 at t=0.495
INFO (ODESolvers): Calculating RHS #2 at t=0.495
INFO (CarpetX): CallFunction iteration 50 z4c_rhs_group: CottonmouthZ4c4m::z4c_rhs
INFO (CarpetX): CallFunction iteration 50 z4c_apply_dissipation_group: CottonmouthZ4c4m::z4c_apply_dissipation
INFO (CarpetX): CallFunction iteration 50 z4c_enforce_pt1_group: CottonmouthZ4c4m::z4c_enforce_pt1
INFO (CarpetX): CallFunction iteration 50 z4c_enforce_pt2_group: CottonmouthZ4c4m::z4c_enforce_pt2
INFO (CarpetX): CallFunction iteration 50 z4c_to_adm_group: CottonmouthZ4c4m::sync_z4c
INFO (CarpetX): SyncGroups COTTONMOUTHZ4C4M::AT, COTTONMOUTHZ4C4M::GT, COTTONMOUTHZ4C4M::CHI, COTTONMOUTHZ4C4M::EVO_LAPSE, COTTONMOUTHZ4C4M::EVO_SHIFT, COTTONMOUTHZ4C4M::TRK
INFO (CarpetX): CallFunction iteration 50 z4c_to_adm_group: CottonmouthZ4c4m::z4c_to_adm
INFO (CarpetX): CallFunction iteration 50 ODESolvers_PostStep: CottonmouthZ4c4m::sync_state
INFO (CarpetX): SyncGroups COTTONMOUTHZ4C4M::AT, COTTONMOUTHZ4C4M::THETA, COTTONMOUTHZ4C4M::CHI, COTTONMOUTHZ4C4M::EVO_GAMMAT, COTTONMOUTHZ4C4M::EVO_LAPSE, COTTONMOUTHZ4C4M::EVO_SHIFT, COTTONMOUTHZ4C4M::GT, COTTONMOUTHZ4C4M::TRK
INFO (CarpetX): CallFunction iteration 50 TmunuBaseX_SetTmunuVars: TmunuBaseX::TmunuBaseX_ZeroTmunu
INFO (ODESolvers): Calculated new state #2 at t=0.495
INFO (ODESolvers): Calculating RHS #3 at t=0.495
INFO (CarpetX): CallFunction iteration 50 z4c_rhs_group: CottonmouthZ4c4m::z4c_rhs
INFO (CarpetX): CallFunction iteration 50 z4c_apply_dissipation_group: CottonmouthZ4c4m::z4c_apply_dissipation
INFO (CarpetX): CallFunction iteration 50 z4c_enforce_pt1_group: CottonmouthZ4c4m::z4c_enforce_pt1
INFO (CarpetX): CallFunction iteration 50 z4c_enforce_pt2_group: CottonmouthZ4c4m::z4c_enforce_pt2
INFO (CarpetX): CallFunction iteration 50 z4c_to_adm_group: CottonmouthZ4c4m::sync_z4c
INFO (CarpetX): SyncGroups COTTONMOUTHZ4C4M::AT, COTTONMOUTHZ4C4M::GT, COTTONMOUTHZ4C4M::CHI, COTTONMOUTHZ4C4M::EVO_LAPSE, COTTONMOUTHZ4C4M::EVO_SHIFT, COTTONMOUTHZ4C4M::TRK
INFO (CarpetX): CallFunction iteration 50 z4c_to_adm_group: CottonmouthZ4c4m::z4c_to_adm
INFO (CarpetX): CallFunction iteration 50 ODESolvers_PostStep: CottonmouthZ4c4m::sync_state
INFO (CarpetX): SyncGroups COTTONMOUTHZ4C4M::AT, COTTONMOUTHZ4C4M::THETA, COTTONMOUTHZ4C4M::CHI, COTTONMOUTHZ4C4M::EVO_GAMMAT, COTTONMOUTHZ4C4M::EVO_LAPSE, COTTONMOUTHZ4C4M::EVO_SHIFT, COTTONMOUTHZ4C4M::GT, COTTONMOUTHZ4C4M::TRK
INFO (CarpetX): CallFunction iteration 50 TmunuBaseX_SetTmunuVars: TmunuBaseX::TmunuBaseX_ZeroTmunu
INFO (ODESolvers): Calculated new state #3 at t=0.5
INFO (ODESolvers): Calculating RHS #4 at t=0.5
INFO (CarpetX): CallFunction iteration 50 z4c_rhs_group: CottonmouthZ4c4m::z4c_rhs
INFO (CarpetX): CallFunction iteration 50 z4c_apply_dissipation_group: CottonmouthZ4c4m::z4c_apply_dissipation
INFO (CarpetX): CallFunction iteration 50 z4c_enforce_pt1_group: CottonmouthZ4c4m::z4c_enforce_pt1
INFO (CarpetX): CallFunction iteration 50 z4c_enforce_pt2_group: CottonmouthZ4c4m::z4c_enforce_pt2
INFO (CarpetX): CallFunction iteration 50 z4c_to_adm_group: CottonmouthZ4c4m::sync_z4c
INFO (CarpetX): SyncGroups COTTONMOUTHZ4C4M::AT, COTTONMOUTHZ4C4M::GT, COTTONMOUTHZ4C4M::CHI, COTTONMOUTHZ4C4M::EVO_LAPSE, COTTONMOUTHZ4C4M::EVO_SHIFT, COTTONMOUTHZ4C4M::TRK
INFO (CarpetX): CallFunction iteration 50 z4c_to_adm_group: CottonmouthZ4c4m::z4c_to_adm
INFO (CarpetX): CallFunction iteration 50 ODESolvers_PostStep: CottonmouthZ4c4m::sync_state
INFO (CarpetX): SyncGroups COTTONMOUTHZ4C4M::AT, COTTONMOUTHZ4C4M::THETA, COTTONMOUTHZ4C4M::CHI, COTTONMOUTHZ4C4M::EVO_GAMMAT, COTTONMOUTHZ4C4M::EVO_LAPSE, COTTONMOUTHZ4C4M::EVO_SHIFT, COTTONMOUTHZ4C4M::GT, COTTONMOUTHZ4C4M::TRK
INFO (CarpetX): CallFunction iteration 50 TmunuBaseX_SetTmunuVars: TmunuBaseX::TmunuBaseX_ZeroTmunu
INFO (ODESolvers): Calculated new state #4 at t=0.5
INFO (CarpetX): ScheduleTraverseGH iteration 50 CCTK_POSTSTEP
INFO (CarpetX): CallFunction iteration 50 CCTK_POSTSTEP: CottonmouthLinearWaveID::StateSync_CottonmouthLinearWaveID
INFO (CarpetX): ScheduleTraverseGH iteration 50 CCTK_CHECKPOINT
INFO (CarpetX): CallFunction iteration 50 CCTK_CHECKPOINT: CarpetX::CarpetX_Checkpoint
INFO (CarpetX): ScheduleTraverseGH iteration 50 CCTK_ANALYSIS
INFO (CarpetX): CallFunction iteration 50 z4c_constraints_group: CottonmouthZ4c4m::z4c_constraints
INFO (CarpetX): OutputGH: iteration 50, time 0.500000, run time 5 s
INFO (CarpetX): OutputGH done.
INFO (CarpetX): Simulation time: 0.5   Iterations per second: 13.3429   Simulation time per second: 0.133429
INFO (CarpetX): Grid cells: 3200   Grid cell updates per second: 42697.3
INFO (CarpetX): Performance:
INFO (CarpetX):   total evolution time:            3.75357 sec
INFO (CarpetX):   total evolution compute time:    3.75328 sec
INFO (CarpetX):   total evolution output time:     0.000290155 sec
INFO (CarpetX):   total iterations:                50
INFO (CarpetX):   total cells updated:             160000
INFO (CarpetX):   average iterations per second: 13.3207
INFO (CarpetX):   average cell updates per second: 42626.1
INFO (CarpetX): SyncGroups COTTONMOUTHZ4C4M::AT, COTTONMOUTHZ4C4M::THETA, COTTONMOUTHZ4C4M::CHI, COTTONMOUTHZ4C4M::EVO_GAMMAT, COTTONMOUTHZ4C4M::EVO_LAPSE, COTTONMOUTHZ4C4M::EVO_SHIFT, COTTONMOUTHZ4C4M::GT, COTTONMOUTHZ4C4M::TRK
INFO (CarpetX): ScheduleTraverseGH iteration 51 CCTK_PRESTEP
INFO (CarpetX): ScheduleTraverseGH iteration 51 CCTK_EVOL
INFO (CarpetX): CallFunction iteration 51 CCTK_EVOL: ODESolvers::ODESolvers_Solve
INFO (ODESolvers): ODE integrator is RK4
INFO (ODESolvers):   Integrating 22 variables
INFO (ODESolvers): Calculating RHS #1 at t=0.5
INFO (CarpetX): CallFunction iteration 51 z4c_rhs_group: CottonmouthZ4c4m::z4c_rhs
INFO (CarpetX): CallFunction iteration 51 z4c_apply_dissipation_group: CottonmouthZ4c4m::z4c_apply_dissipation
INFO (CarpetX): CallFunction iteration 51 z4c_enforce_pt1_group: CottonmouthZ4c4m::z4c_enforce_pt1
INFO (CarpetX): CallFunction iteration 51 z4c_enforce_pt2_group: CottonmouthZ4c4m::z4c_enforce_pt2
INFO (CarpetX): CallFunction iteration 51 z4c_to_adm_group: CottonmouthZ4c4m::sync_z4c
INFO (CarpetX): SyncGroups COTTONMOUTHZ4C4M::AT, COTTONMOUTHZ4C4M::GT, COTTONMOUTHZ4C4M::CHI, COTTONMOUTHZ4C4M::EVO_LAPSE, COTTONMOUTHZ4C4M::EVO_SHIFT, COTTONMOUTHZ4C4M::TRK
INFO (CarpetX): CallFunction iteration 51 z4c_to_adm_group: CottonmouthZ4c4m::z4c_to_adm
INFO (CarpetX): CallFunction iteration 51 ODESolvers_PostStep: CottonmouthZ4c4m::sync_state
INFO (CarpetX): SyncGroups COTTONMOUTHZ4C4M::AT, COTTONMOUTHZ4C4M::THETA, COTTONMOUTHZ4C4M::CHI, COTTONMOUTHZ4C4M::EVO_GAMMAT, COTTONMOUTHZ4C4M::EVO_LAPSE, COTTONMOUTHZ4C4M::EVO_SHIFT, COTTONMOUTHZ4C4M::GT, COTTONMOUTHZ4C4M::TRK
INFO (CarpetX): CallFunction iteration 51 TmunuBaseX_SetTmunuVars: TmunuBaseX::TmunuBaseX_ZeroTmunu
INFO (ODESolvers): Calculated new state #1 at t=0.505
INFO (ODESolvers): Calculating RHS #2 at t=0.505
INFO (CarpetX): CallFunction iteration 51 z4c_rhs_group: CottonmouthZ4c4m::z4c_rhs
INFO (CarpetX): CallFunction iteration 51 z4c_apply_dissipation_group: CottonmouthZ4c4m::z4c_apply_dissipation
INFO (CarpetX): CallFunction iteration 51 z4c_enforce_pt1_group: CottonmouthZ4c4m::z4c_enforce_pt1
INFO (CarpetX): CallFunction iteration 51 z4c_enforce_pt2_group: CottonmouthZ4c4m::z4c_enforce_pt2
INFO (CarpetX): CallFunction iteration 51 z4c_to_adm_group: CottonmouthZ4c4m::sync_z4c
INFO (CarpetX): SyncGroups COTTONMOUTHZ4C4M::AT, COTTONMOUTHZ4C4M::GT, COTTONMOUTHZ4C4M::CHI, COTTONMOUTHZ4C4M::EVO_LAPSE, COTTONMOUTHZ4C4M::EVO_SHIFT, COTTONMOUTHZ4C4M::TRK
INFO (CarpetX): CallFunction iteration 51 z4c_to_adm_group: CottonmouthZ4c4m::z4c_to_adm
INFO (CarpetX): CallFunction iteration 51 ODESolvers_PostStep: CottonmouthZ4c4m::sync_state
INFO (CarpetX): SyncGroups COTTONMOUTHZ4C4M::AT, COTTONMOUTHZ4C4M::THETA, COTTONMOUTHZ4C4M::CHI, COTTONMOUTHZ4C4M::EVO_GAMMAT, COTTONMOUTHZ4C4M::EVO_LAPSE, COTTONMOUTHZ4C4M::EVO_SHIFT, COTTONMOUTHZ4C4M::GT, COTTONMOUTHZ4C4M::TRK
INFO (CarpetX): CallFunction iteration 51 TmunuBaseX_SetTmunuVars: TmunuBaseX::TmunuBaseX_ZeroTmunu
INFO (ODESolvers): Calculated new state #2 at t=0.505
INFO (ODESolvers): Calculating RHS #3 at t=0.505
INFO (CarpetX): CallFunction iteration 51 z4c_rhs_group: CottonmouthZ4c4m::z4c_rhs
INFO (CarpetX): CallFunction iteration 51 z4c_apply_dissipation_group: CottonmouthZ4c4m::z4c_apply_dissipation
INFO (CarpetX): CallFunction iteration 51 z4c_enforce_pt1_group: CottonmouthZ4c4m::z4c_enforce_pt1
INFO (CarpetX): CallFunction iteration 51 z4c_enforce_pt2_group: CottonmouthZ4c4m::z4c_enforce_pt2
INFO (CarpetX): CallFunction iteration 51 z4c_to_adm_group: CottonmouthZ4c4m::sync_z4c
INFO (CarpetX): SyncGroups COTTONMOUTHZ4C4M::AT, COTTONMOUTHZ4C4M::GT, COTTONMOUTHZ4C4M::CHI, COTTONMOUTHZ4C4M::EVO_LAPSE, COTTONMOUTHZ4C4M::EVO_SHIFT, COTTONMOUTHZ4C4M::TRK
INFO (CarpetX): CallFunction iteration 51 z4c_to_adm_group: CottonmouthZ4c4m::z4c_to_adm
INFO (CarpetX): CallFunction iteration 51 ODESolvers_PostStep: CottonmouthZ4c4m::sync_state
INFO (CarpetX): SyncGroups COTTONMOUTHZ4C4M::AT, COTTONMOUTHZ4C4M::THETA, COTTONMOUTHZ4C4M::CHI, COTTONMOUTHZ4C4M::EVO_GAMMAT, COTTONMOUTHZ4C4M::EVO_LAPSE, COTTONMOUTHZ4C4M::EVO_SHIFT, COTTONMOUTHZ4C4M::GT, COTTONMOUTHZ4C4M::TRK
INFO (CarpetX): CallFunction iteration 51 TmunuBaseX_SetTmunuVars: TmunuBaseX::TmunuBaseX_ZeroTmunu
INFO (ODESolvers): Calculated new state #3 at t=0.51
INFO (ODESolvers): Calculating RHS #4 at t=0.51
INFO (CarpetX): CallFunction iteration 51 z4c_rhs_group: CottonmouthZ4c4m::z4c_rhs
INFO (CarpetX): CallFunction iteration 51 z4c_apply_dissipation_group: CottonmouthZ4c4m::z4c_apply_dissipation
INFO (CarpetX): CallFunction iteration 51 z4c_enforce_pt1_group: CottonmouthZ4c4m::z4c_enforce_pt1
INFO (CarpetX): CallFunction iteration 51 z4c_enforce_pt2_group: CottonmouthZ4c4m::z4c_enforce_pt2
INFO (CarpetX): CallFunction iteration 51 z4c_to_adm_group: CottonmouthZ4c4m::sync_z4c
INFO (CarpetX): SyncGroups COTTONMOUTHZ4C4M::AT, COTTONMOUTHZ4C4M::GT, COTTONMOUTHZ4C4M::CHI, COTTONMOUTHZ4C4M::EVO_LAPSE, COTTONMOUTHZ4C4M::EVO_SHIFT, COTTONMOUTHZ4C4M::TRK
INFO (CarpetX): CallFunction iteration 51 z4c_to_adm_group: CottonmouthZ4c4m::z4c_to_adm
INFO (CarpetX): CallFunction iteration 51 ODESolvers_PostStep: CottonmouthZ4c4m::sync_state
INFO (CarpetX): SyncGroups COTTONMOUTHZ4C4M::AT, COTTONMOUTHZ4C4M::THETA, COTTONMOUTHZ4C4M::CHI, COTTONMOUTHZ4C4M::EVO_GAMMAT, COTTONMOUTHZ4C4M::EVO_LAPSE, COTTONMOUTHZ4C4M::EVO_SHIFT, COTTONMOUTHZ4C4M::GT, COTTONMOUTHZ4C4M::TRK
INFO (CarpetX): CallFunction iteration 51 TmunuBaseX_SetTmunuVars: TmunuBaseX::TmunuBaseX_ZeroTmunu
INFO (ODESolvers): Calculated new state #4 at t=0.51
INFO (CarpetX): ScheduleTraverseGH iteration 51 CCTK_POSTSTEP
INFO (CarpetX): CallFunction iteration 51 CCTK_POSTSTEP: CottonmouthLinearWaveID::StateSync_CottonmouthLinearWaveID
INFO (CarpetX): ScheduleTraverseGH iteration 51 CCTK_CHECKPOINT
INFO (CarpetX): CallFunction iteration 51 CCTK_CHECKPOINT: CarpetX::CarpetX_Checkpoint
INFO (CarpetX): ScheduleTraverseGH iteration 51 CCTK_ANALYSIS
INFO (CarpetX): CallFunction iteration 51 z4c_constraints_group: CottonmouthZ4c4m::z4c_constraints
INFO (CarpetX): OutputGH: iteration 51, time 0.510000, run time 5 s
INFO (CarpetX): OutputGH done.
INFO (CarpetX): Simulation time: 0.51   Iterations per second: 13.3424   Simulation time per second: 0.133424
INFO (CarpetX): Grid cells: 3200   Grid cell updates per second: 42695.7
INFO (CarpetX): Performance:
INFO (CarpetX):   total evolution time:            3.82854 sec
INFO (CarpetX):   total evolution compute time:    3.82825 sec
INFO (CarpetX):   total evolution output time:     0.000295162 sec
INFO (CarpetX):   total iterations:                51
INFO (CarpetX):   total cells updated:             163200
INFO (CarpetX):   average iterations per second: 13.321
INFO (CarpetX):   average cell updates per second: 42627.2
INFO (CarpetX): SyncGroups COTTONMOUTHZ4C4M::AT, COTTONMOUTHZ4C4M::THETA, COTTONMOUTHZ4C4M::CHI, COTTONMOUTHZ4C4M::EVO_GAMMAT, COTTONMOUTHZ4C4M::EVO_LAPSE, COTTONMOUTHZ4C4M::EVO_SHIFT, COTTONMOUTHZ4C4M::GT, COTTONMOUTHZ4C4M::TRK
INFO (CarpetX): ScheduleTraverseGH iteration 52 CCTK_PRESTEP
INFO (CarpetX): ScheduleTraverseGH iteration 52 CCTK_EVOL
INFO (CarpetX): CallFunction iteration 52 CCTK_EVOL: ODESolvers::ODESolvers_Solve
INFO (ODESolvers): ODE integrator is RK4
INFO (ODESolvers):   Integrating 22 variables
INFO (ODESolvers): Calculating RHS #1 at t=0.51
INFO (CarpetX): CallFunction iteration 52 z4c_rhs_group: CottonmouthZ4c4m::z4c_rhs
INFO (CarpetX): CallFunction iteration 52 z4c_apply_dissipation_group: CottonmouthZ4c4m::z4c_apply_dissipation
INFO (CarpetX): CallFunction iteration 52 z4c_enforce_pt1_group: CottonmouthZ4c4m::z4c_enforce_pt1
INFO (CarpetX): CallFunction iteration 52 z4c_enforce_pt2_group: CottonmouthZ4c4m::z4c_enforce_pt2
INFO (CarpetX): CallFunction iteration 52 z4c_to_adm_group: CottonmouthZ4c4m::sync_z4c
INFO (CarpetX): SyncGroups COTTONMOUTHZ4C4M::AT, COTTONMOUTHZ4C4M::GT, COTTONMOUTHZ4C4M::CHI, COTTONMOUTHZ4C4M::EVO_LAPSE, COTTONMOUTHZ4C4M::EVO_SHIFT, COTTONMOUTHZ4C4M::TRK
INFO (CarpetX): CallFunction iteration 52 z4c_to_adm_group: CottonmouthZ4c4m::z4c_to_adm
INFO (CarpetX): CallFunction iteration 52 ODESolvers_PostStep: CottonmouthZ4c4m::sync_state
INFO (CarpetX): SyncGroups COTTONMOUTHZ4C4M::AT, COTTONMOUTHZ4C4M::THETA, COTTONMOUTHZ4C4M::CHI, COTTONMOUTHZ4C4M::EVO_GAMMAT, COTTONMOUTHZ4C4M::EVO_LAPSE, COTTONMOUTHZ4C4M::EVO_SHIFT, COTTONMOUTHZ4C4M::GT, COTTONMOUTHZ4C4M::TRK
INFO (CarpetX): CallFunction iteration 52 TmunuBaseX_SetTmunuVars: TmunuBaseX::TmunuBaseX_ZeroTmunu
INFO (ODESolvers): Calculated new state #1 at t=0.515
INFO (ODESolvers): Calculating RHS #2 at t=0.515
INFO (CarpetX): CallFunction iteration 52 z4c_rhs_group: CottonmouthZ4c4m::z4c_rhs
INFO (CarpetX): CallFunction iteration 52 z4c_apply_dissipation_group: CottonmouthZ4c4m::z4c_apply_dissipation
INFO (CarpetX): CallFunction iteration 52 z4c_enforce_pt1_group: CottonmouthZ4c4m::z4c_enforce_pt1
INFO (CarpetX): CallFunction iteration 52 z4c_enforce_pt2_group: CottonmouthZ4c4m::z4c_enforce_pt2
INFO (CarpetX): CallFunction iteration 52 z4c_to_adm_group: CottonmouthZ4c4m::sync_z4c
INFO (CarpetX): SyncGroups COTTONMOUTHZ4C4M::AT, COTTONMOUTHZ4C4M::GT, COTTONMOUTHZ4C4M::CHI, COTTONMOUTHZ4C4M::EVO_LAPSE, COTTONMOUTHZ4C4M::EVO_SHIFT, COTTONMOUTHZ4C4M::TRK
INFO (CarpetX): CallFunction iteration 52 z4c_to_adm_group: CottonmouthZ4c4m::z4c_to_adm
INFO (CarpetX): CallFunction iteration 52 ODESolvers_PostStep: CottonmouthZ4c4m::sync_state
INFO (CarpetX): SyncGroups COTTONMOUTHZ4C4M::AT, COTTONMOUTHZ4C4M::THETA, COTTONMOUTHZ4C4M::CHI, COTTONMOUTHZ4C4M::EVO_GAMMAT, COTTONMOUTHZ4C4M::EVO_LAPSE, COTTONMOUTHZ4C4M::EVO_SHIFT, COTTONMOUTHZ4C4M::GT, COTTONMOUTHZ4C4M::TRK
INFO (CarpetX): CallFunction iteration 52 TmunuBaseX_SetTmunuVars: TmunuBaseX::TmunuBaseX_ZeroTmunu
INFO (ODESolvers): Calculated new state #2 at t=0.515
INFO (ODESolvers): Calculating RHS #3 at t=0.515
INFO (CarpetX): CallFunction iteration 52 z4c_rhs_group: CottonmouthZ4c4m::z4c_rhs
INFO (CarpetX): CallFunction iteration 52 z4c_apply_dissipation_group: CottonmouthZ4c4m::z4c_apply_dissipation
INFO (CarpetX): CallFunction iteration 52 z4c_enforce_pt1_group: CottonmouthZ4c4m::z4c_enforce_pt1
INFO (CarpetX): CallFunction iteration 52 z4c_enforce_pt2_group: CottonmouthZ4c4m::z4c_enforce_pt2
INFO (CarpetX): CallFunction iteration 52 z4c_to_adm_group: CottonmouthZ4c4m::sync_z4c
INFO (CarpetX): SyncGroups COTTONMOUTHZ4C4M::AT, COTTONMOUTHZ4C4M::GT, COTTONMOUTHZ4C4M::CHI, COTTONMOUTHZ4C4M::EVO_LAPSE, COTTONMOUTHZ4C4M::EVO_SHIFT, COTTONMOUTHZ4C4M::TRK
INFO (CarpetX): CallFunction iteration 52 z4c_to_adm_group: CottonmouthZ4c4m::z4c_to_adm
INFO (CarpetX): CallFunction iteration 52 ODESolvers_PostStep: CottonmouthZ4c4m::sync_state
INFO (CarpetX): SyncGroups COTTONMOUTHZ4C4M::AT, COTTONMOUTHZ4C4M::THETA, COTTONMOUTHZ4C4M::CHI, COTTONMOUTHZ4C4M::EVO_GAMMAT, COTTONMOUTHZ4C4M::EVO_LAPSE, COTTONMOUTHZ4C4M::EVO_SHIFT, COTTONMOUTHZ4C4M::GT, COTTONMOUTHZ4C4M::TRK
INFO (CarpetX): CallFunction iteration 52 TmunuBaseX_SetTmunuVars: TmunuBaseX::TmunuBaseX_ZeroTmunu
INFO (ODESolvers): Calculated new state #3 at t=0.52
INFO (ODESolvers): Calculating RHS #4 at t=0.52
INFO (CarpetX): CallFunction iteration 52 z4c_rhs_group: CottonmouthZ4c4m::z4c_rhs
INFO (CarpetX): CallFunction iteration 52 z4c_apply_dissipation_group: CottonmouthZ4c4m::z4c_apply_dissipation
INFO (CarpetX): CallFunction iteration 52 z4c_enforce_pt1_group: CottonmouthZ4c4m::z4c_enforce_pt1
INFO (CarpetX): CallFunction iteration 52 z4c_enforce_pt2_group: CottonmouthZ4c4m::z4c_enforce_pt2
INFO (CarpetX): CallFunction iteration 52 z4c_to_adm_group: CottonmouthZ4c4m::sync_z4c
INFO (CarpetX): SyncGroups COTTONMOUTHZ4C4M::AT, COTTONMOUTHZ4C4M::GT, COTTONMOUTHZ4C4M::CHI, COTTONMOUTHZ4C4M::EVO_LAPSE, COTTONMOUTHZ4C4M::EVO_SHIFT, COTTONMOUTHZ4C4M::TRK
INFO (CarpetX): CallFunction iteration 52 z4c_to_adm_group: CottonmouthZ4c4m::z4c_to_adm
INFO (CarpetX): CallFunction iteration 52 ODESolvers_PostStep: CottonmouthZ4c4m::sync_state
INFO (CarpetX): SyncGroups COTTONMOUTHZ4C4M::AT, COTTONMOUTHZ4C4M::THETA, COTTONMOUTHZ4C4M::CHI, COTTONMOUTHZ4C4M::EVO_GAMMAT, COTTONMOUTHZ4C4M::EVO_LAPSE, COTTONMOUTHZ4C4M::EVO_SHIFT, COTTONMOUTHZ4C4M::GT, COTTONMOUTHZ4C4M::TRK
INFO (CarpetX): CallFunction iteration 52 TmunuBaseX_SetTmunuVars: TmunuBaseX::TmunuBaseX_ZeroTmunu
INFO (ODESolvers): Calculated new state #4 at t=0.52
INFO (CarpetX): ScheduleTraverseGH iteration 52 CCTK_POSTSTEP
INFO (CarpetX): CallFunction iteration 52 CCTK_POSTSTEP: CottonmouthLinearWaveID::StateSync_CottonmouthLinearWaveID
INFO (CarpetX): ScheduleTraverseGH iteration 52 CCTK_CHECKPOINT
INFO (CarpetX): CallFunction iteration 52 CCTK_CHECKPOINT: CarpetX::CarpetX_Checkpoint
INFO (CarpetX): ScheduleTraverseGH iteration 52 CCTK_ANALYSIS
INFO (CarpetX): CallFunction iteration 52 z4c_constraints_group: CottonmouthZ4c4m::z4c_constraints
INFO (CarpetX): OutputGH: iteration 52, time 0.520000, run time 5 s
INFO (CarpetX): OutputGH done.
INFO (CarpetX): Simulation time: 0.52   Iterations per second: 13.3441   Simulation time per second: 0.133441
INFO (CarpetX): Grid cells: 3200   Grid cell updates per second: 42701
INFO (CarpetX): Performance:
INFO (CarpetX):   total evolution time:            3.9034 sec
INFO (CarpetX):   total evolution compute time:    3.9031 sec
INFO (CarpetX):   total evolution output time:     0.000301123 sec
INFO (CarpetX):   total iterations:                52
INFO (CarpetX):   total cells updated:             166400
INFO (CarpetX):   average iterations per second: 13.3217
INFO (CarpetX):   average cell updates per second: 42629.5
INFO (CarpetX): SyncGroups COTTONMOUTHZ4C4M::AT, COTTONMOUTHZ4C4M::THETA, COTTONMOUTHZ4C4M::CHI, COTTONMOUTHZ4C4M::EVO_GAMMAT, COTTONMOUTHZ4C4M::EVO_LAPSE, COTTONMOUTHZ4C4M::EVO_SHIFT, COTTONMOUTHZ4C4M::GT, COTTONMOUTHZ4C4M::TRK
INFO (CarpetX): ScheduleTraverseGH iteration 53 CCTK_PRESTEP
INFO (CarpetX): ScheduleTraverseGH iteration 53 CCTK_EVOL
INFO (CarpetX): CallFunction iteration 53 CCTK_EVOL: ODESolvers::ODESolvers_Solve
INFO (ODESolvers): ODE integrator is RK4
INFO (ODESolvers):   Integrating 22 variables
INFO (ODESolvers): Calculating RHS #1 at t=0.52
INFO (CarpetX): CallFunction iteration 53 z4c_rhs_group: CottonmouthZ4c4m::z4c_rhs
INFO (CarpetX): CallFunction iteration 53 z4c_apply_dissipation_group: CottonmouthZ4c4m::z4c_apply_dissipation
INFO (CarpetX): CallFunction iteration 53 z4c_enforce_pt1_group: CottonmouthZ4c4m::z4c_enforce_pt1
INFO (CarpetX): CallFunction iteration 53 z4c_enforce_pt2_group: CottonmouthZ4c4m::z4c_enforce_pt2
INFO (CarpetX): CallFunction iteration 53 z4c_to_adm_group: CottonmouthZ4c4m::sync_z4c
INFO (CarpetX): SyncGroups COTTONMOUTHZ4C4M::AT, COTTONMOUTHZ4C4M::GT, COTTONMOUTHZ4C4M::CHI, COTTONMOUTHZ4C4M::EVO_LAPSE, COTTONMOUTHZ4C4M::EVO_SHIFT, COTTONMOUTHZ4C4M::TRK
INFO (CarpetX): CallFunction iteration 53 z4c_to_adm_group: CottonmouthZ4c4m::z4c_to_adm
INFO (CarpetX): CallFunction iteration 53 ODESolvers_PostStep: CottonmouthZ4c4m::sync_state
INFO (CarpetX): SyncGroups COTTONMOUTHZ4C4M::AT, COTTONMOUTHZ4C4M::THETA, COTTONMOUTHZ4C4M::CHI, COTTONMOUTHZ4C4M::EVO_GAMMAT, COTTONMOUTHZ4C4M::EVO_LAPSE, COTTONMOUTHZ4C4M::EVO_SHIFT, COTTONMOUTHZ4C4M::GT, COTTONMOUTHZ4C4M::TRK
INFO (CarpetX): CallFunction iteration 53 TmunuBaseX_SetTmunuVars: TmunuBaseX::TmunuBaseX_ZeroTmunu
INFO (ODESolvers): Calculated new state #1 at t=0.525
INFO (ODESolvers): Calculating RHS #2 at t=0.525
INFO (CarpetX): CallFunction iteration 53 z4c_rhs_group: CottonmouthZ4c4m::z4c_rhs
INFO (CarpetX): CallFunction iteration 53 z4c_apply_dissipation_group: CottonmouthZ4c4m::z4c_apply_dissipation
INFO (CarpetX): CallFunction iteration 53 z4c_enforce_pt1_group: CottonmouthZ4c4m::z4c_enforce_pt1
INFO (CarpetX): CallFunction iteration 53 z4c_enforce_pt2_group: CottonmouthZ4c4m::z4c_enforce_pt2
INFO (CarpetX): CallFunction iteration 53 z4c_to_adm_group: CottonmouthZ4c4m::sync_z4c
INFO (CarpetX): SyncGroups COTTONMOUTHZ4C4M::AT, COTTONMOUTHZ4C4M::GT, COTTONMOUTHZ4C4M::CHI, COTTONMOUTHZ4C4M::EVO_LAPSE, COTTONMOUTHZ4C4M::EVO_SHIFT, COTTONMOUTHZ4C4M::TRK
INFO (CarpetX): CallFunction iteration 53 z4c_to_adm_group: CottonmouthZ4c4m::z4c_to_adm
INFO (CarpetX): CallFunction iteration 53 ODESolvers_PostStep: CottonmouthZ4c4m::sync_state
INFO (CarpetX): SyncGroups COTTONMOUTHZ4C4M::AT, COTTONMOUTHZ4C4M::THETA, COTTONMOUTHZ4C4M::CHI, COTTONMOUTHZ4C4M::EVO_GAMMAT, COTTONMOUTHZ4C4M::EVO_LAPSE, COTTONMOUTHZ4C4M::EVO_SHIFT, COTTONMOUTHZ4C4M::GT, COTTONMOUTHZ4C4M::TRK
INFO (CarpetX): CallFunction iteration 53 TmunuBaseX_SetTmunuVars: TmunuBaseX::TmunuBaseX_ZeroTmunu
INFO (ODESolvers): Calculated new state #2 at t=0.525
INFO (ODESolvers): Calculating RHS #3 at t=0.525
INFO (CarpetX): CallFunction iteration 53 z4c_rhs_group: CottonmouthZ4c4m::z4c_rhs
INFO (CarpetX): CallFunction iteration 53 z4c_apply_dissipation_group: CottonmouthZ4c4m::z4c_apply_dissipation
INFO (CarpetX): CallFunction iteration 53 z4c_enforce_pt1_group: CottonmouthZ4c4m::z4c_enforce_pt1
INFO (CarpetX): CallFunction iteration 53 z4c_enforce_pt2_group: CottonmouthZ4c4m::z4c_enforce_pt2
INFO (CarpetX): CallFunction iteration 53 z4c_to_adm_group: CottonmouthZ4c4m::sync_z4c
INFO (CarpetX): SyncGroups COTTONMOUTHZ4C4M::AT, COTTONMOUTHZ4C4M::GT, COTTONMOUTHZ4C4M::CHI, COTTONMOUTHZ4C4M::EVO_LAPSE, COTTONMOUTHZ4C4M::EVO_SHIFT, COTTONMOUTHZ4C4M::TRK
INFO (CarpetX): CallFunction iteration 53 z4c_to_adm_group: CottonmouthZ4c4m::z4c_to_adm
INFO (CarpetX): CallFunction iteration 53 ODESolvers_PostStep: CottonmouthZ4c4m::sync_state
INFO (CarpetX): SyncGroups COTTONMOUTHZ4C4M::AT, COTTONMOUTHZ4C4M::THETA, COTTONMOUTHZ4C4M::CHI, COTTONMOUTHZ4C4M::EVO_GAMMAT, COTTONMOUTHZ4C4M::EVO_LAPSE, COTTONMOUTHZ4C4M::EVO_SHIFT, COTTONMOUTHZ4C4M::GT, COTTONMOUTHZ4C4M::TRK
INFO (CarpetX): CallFunction iteration 53 TmunuBaseX_SetTmunuVars: TmunuBaseX::TmunuBaseX_ZeroTmunu
INFO (ODESolvers): Calculated new state #3 at t=0.53
INFO (ODESolvers): Calculating RHS #4 at t=0.53
INFO (CarpetX): CallFunction iteration 53 z4c_rhs_group: CottonmouthZ4c4m::z4c_rhs
INFO (CarpetX): CallFunction iteration 53 z4c_apply_dissipation_group: CottonmouthZ4c4m::z4c_apply_dissipation
INFO (CarpetX): CallFunction iteration 53 z4c_enforce_pt1_group: CottonmouthZ4c4m::z4c_enforce_pt1
INFO (CarpetX): CallFunction iteration 53 z4c_enforce_pt2_group: CottonmouthZ4c4m::z4c_enforce_pt2
INFO (CarpetX): CallFunction iteration 53 z4c_to_adm_group: CottonmouthZ4c4m::sync_z4c
INFO (CarpetX): SyncGroups COTTONMOUTHZ4C4M::AT, COTTONMOUTHZ4C4M::GT, COTTONMOUTHZ4C4M::CHI, COTTONMOUTHZ4C4M::EVO_LAPSE, COTTONMOUTHZ4C4M::EVO_SHIFT, COTTONMOUTHZ4C4M::TRK
INFO (CarpetX): CallFunction iteration 53 z4c_to_adm_group: CottonmouthZ4c4m::z4c_to_adm
INFO (CarpetX): CallFunction iteration 53 ODESolvers_PostStep: CottonmouthZ4c4m::sync_state
INFO (CarpetX): SyncGroups COTTONMOUTHZ4C4M::AT, COTTONMOUTHZ4C4M::THETA, COTTONMOUTHZ4C4M::CHI, COTTONMOUTHZ4C4M::EVO_GAMMAT, COTTONMOUTHZ4C4M::EVO_LAPSE, COTTONMOUTHZ4C4M::EVO_SHIFT, COTTONMOUTHZ4C4M::GT, COTTONMOUTHZ4C4M::TRK
INFO (CarpetX): CallFunction iteration 53 TmunuBaseX_SetTmunuVars: TmunuBaseX::TmunuBaseX_ZeroTmunu
INFO (ODESolvers): Calculated new state #4 at t=0.53
INFO (CarpetX): ScheduleTraverseGH iteration 53 CCTK_POSTSTEP
INFO (CarpetX): CallFunction iteration 53 CCTK_POSTSTEP: CottonmouthLinearWaveID::StateSync_CottonmouthLinearWaveID
INFO (CarpetX): ScheduleTraverseGH iteration 53 CCTK_CHECKPOINT
INFO (CarpetX): CallFunction iteration 53 CCTK_CHECKPOINT: CarpetX::CarpetX_Checkpoint
INFO (CarpetX): ScheduleTraverseGH iteration 53 CCTK_ANALYSIS
INFO (CarpetX): CallFunction iteration 53 z4c_constraints_group: CottonmouthZ4c4m::z4c_constraints
INFO (CarpetX): OutputGH: iteration 53, time 0.530000, run time 5 s
INFO (CarpetX): OutputGH done.
INFO (CarpetX): Simulation time: 0.53   Iterations per second: 13.3446   Simulation time per second: 0.133446
INFO (CarpetX): Grid cells: 3200   Grid cell updates per second: 42702.8
INFO (CarpetX): Performance:
INFO (CarpetX):   total evolution time:            3.97831 sec
INFO (CarpetX):   total evolution compute time:    3.978 sec
INFO (CarpetX):   total evolution output time:     0.000307083 sec
INFO (CarpetX):   total iterations:                53
INFO (CarpetX):   total cells updated:             169600
INFO (CarpetX):   average iterations per second: 13.3222
INFO (CarpetX):   average cell updates per second: 42631.2
INFO (CarpetX): SyncGroups COTTONMOUTHZ4C4M::AT, COTTONMOUTHZ4C4M::THETA, COTTONMOUTHZ4C4M::CHI, COTTONMOUTHZ4C4M::EVO_GAMMAT, COTTONMOUTHZ4C4M::EVO_LAPSE, COTTONMOUTHZ4C4M::EVO_SHIFT, COTTONMOUTHZ4C4M::GT, COTTONMOUTHZ4C4M::TRK
INFO (CarpetX): ScheduleTraverseGH iteration 54 CCTK_PRESTEP
INFO (CarpetX): ScheduleTraverseGH iteration 54 CCTK_EVOL
INFO (CarpetX): CallFunction iteration 54 CCTK_EVOL: ODESolvers::ODESolvers_Solve
INFO (ODESolvers): ODE integrator is RK4
INFO (ODESolvers):   Integrating 22 variables
INFO (ODESolvers): Calculating RHS #1 at t=0.53
INFO (CarpetX): CallFunction iteration 54 z4c_rhs_group: CottonmouthZ4c4m::z4c_rhs
INFO (CarpetX): CallFunction iteration 54 z4c_apply_dissipation_group: CottonmouthZ4c4m::z4c_apply_dissipation
INFO (CarpetX): CallFunction iteration 54 z4c_enforce_pt1_group: CottonmouthZ4c4m::z4c_enforce_pt1
INFO (CarpetX): CallFunction iteration 54 z4c_enforce_pt2_group: CottonmouthZ4c4m::z4c_enforce_pt2
INFO (CarpetX): CallFunction iteration 54 z4c_to_adm_group: CottonmouthZ4c4m::sync_z4c
INFO (CarpetX): SyncGroups COTTONMOUTHZ4C4M::AT, COTTONMOUTHZ4C4M::GT, COTTONMOUTHZ4C4M::CHI, COTTONMOUTHZ4C4M::EVO_LAPSE, COTTONMOUTHZ4C4M::EVO_SHIFT, COTTONMOUTHZ4C4M::TRK
INFO (CarpetX): CallFunction iteration 54 z4c_to_adm_group: CottonmouthZ4c4m::z4c_to_adm
INFO (CarpetX): CallFunction iteration 54 ODESolvers_PostStep: CottonmouthZ4c4m::sync_state
INFO (CarpetX): SyncGroups COTTONMOUTHZ4C4M::AT, COTTONMOUTHZ4C4M::THETA, COTTONMOUTHZ4C4M::CHI, COTTONMOUTHZ4C4M::EVO_GAMMAT, COTTONMOUTHZ4C4M::EVO_LAPSE, COTTONMOUTHZ4C4M::EVO_SHIFT, COTTONMOUTHZ4C4M::GT, COTTONMOUTHZ4C4M::TRK
INFO (CarpetX): CallFunction iteration 54 TmunuBaseX_SetTmunuVars: TmunuBaseX::TmunuBaseX_ZeroTmunu
INFO (ODESolvers): Calculated new state #1 at t=0.535
INFO (ODESolvers): Calculating RHS #2 at t=0.535
INFO (CarpetX): CallFunction iteration 54 z4c_rhs_group: CottonmouthZ4c4m::z4c_rhs
INFO (CarpetX): CallFunction iteration 54 z4c_apply_dissipation_group: CottonmouthZ4c4m::z4c_apply_dissipation
INFO (CarpetX): CallFunction iteration 54 z4c_enforce_pt1_group: CottonmouthZ4c4m::z4c_enforce_pt1
INFO (CarpetX): CallFunction iteration 54 z4c_enforce_pt2_group: CottonmouthZ4c4m::z4c_enforce_pt2
INFO (CarpetX): CallFunction iteration 54 z4c_to_adm_group: CottonmouthZ4c4m::sync_z4c
INFO (CarpetX): SyncGroups COTTONMOUTHZ4C4M::AT, COTTONMOUTHZ4C4M::GT, COTTONMOUTHZ4C4M::CHI, COTTONMOUTHZ4C4M::EVO_LAPSE, COTTONMOUTHZ4C4M::EVO_SHIFT, COTTONMOUTHZ4C4M::TRK
INFO (CarpetX): CallFunction iteration 54 z4c_to_adm_group: CottonmouthZ4c4m::z4c_to_adm
INFO (CarpetX): CallFunction iteration 54 ODESolvers_PostStep: CottonmouthZ4c4m::sync_state
INFO (CarpetX): SyncGroups COTTONMOUTHZ4C4M::AT, COTTONMOUTHZ4C4M::THETA, COTTONMOUTHZ4C4M::CHI, COTTONMOUTHZ4C4M::EVO_GAMMAT, COTTONMOUTHZ4C4M::EVO_LAPSE, COTTONMOUTHZ4C4M::EVO_SHIFT, COTTONMOUTHZ4C4M::GT, COTTONMOUTHZ4C4M::TRK
INFO (CarpetX): CallFunction iteration 54 TmunuBaseX_SetTmunuVars: TmunuBaseX::TmunuBaseX_ZeroTmunu
INFO (ODESolvers): Calculated new state #2 at t=0.535
INFO (ODESolvers): Calculating RHS #3 at t=0.535
INFO (CarpetX): CallFunction iteration 54 z4c_rhs_group: CottonmouthZ4c4m::z4c_rhs
INFO (CarpetX): CallFunction iteration 54 z4c_apply_dissipation_group: CottonmouthZ4c4m::z4c_apply_dissipation
INFO (CarpetX): CallFunction iteration 54 z4c_enforce_pt1_group: CottonmouthZ4c4m::z4c_enforce_pt1
INFO (CarpetX): CallFunction iteration 54 z4c_enforce_pt2_group: CottonmouthZ4c4m::z4c_enforce_pt2
INFO (CarpetX): CallFunction iteration 54 z4c_to_adm_group: CottonmouthZ4c4m::sync_z4c
INFO (CarpetX): SyncGroups COTTONMOUTHZ4C4M::AT, COTTONMOUTHZ4C4M::GT, COTTONMOUTHZ4C4M::CHI, COTTONMOUTHZ4C4M::EVO_LAPSE, COTTONMOUTHZ4C4M::EVO_SHIFT, COTTONMOUTHZ4C4M::TRK
INFO (CarpetX): CallFunction iteration 54 z4c_to_adm_group: CottonmouthZ4c4m::z4c_to_adm
INFO (CarpetX): CallFunction iteration 54 ODESolvers_PostStep: CottonmouthZ4c4m::sync_state
INFO (CarpetX): SyncGroups COTTONMOUTHZ4C4M::AT, COTTONMOUTHZ4C4M::THETA, COTTONMOUTHZ4C4M::CHI, COTTONMOUTHZ4C4M::EVO_GAMMAT, COTTONMOUTHZ4C4M::EVO_LAPSE, COTTONMOUTHZ4C4M::EVO_SHIFT, COTTONMOUTHZ4C4M::GT, COTTONMOUTHZ4C4M::TRK
INFO (CarpetX): CallFunction iteration 54 TmunuBaseX_SetTmunuVars: TmunuBaseX::TmunuBaseX_ZeroTmunu
INFO (ODESolvers): Calculated new state #3 at t=0.54
INFO (ODESolvers): Calculating RHS #4 at t=0.54
INFO (CarpetX): CallFunction iteration 54 z4c_rhs_group: CottonmouthZ4c4m::z4c_rhs
INFO (CarpetX): CallFunction iteration 54 z4c_apply_dissipation_group: CottonmouthZ4c4m::z4c_apply_dissipation
INFO (CarpetX): CallFunction iteration 54 z4c_enforce_pt1_group: CottonmouthZ4c4m::z4c_enforce_pt1
INFO (CarpetX): CallFunction iteration 54 z4c_enforce_pt2_group: CottonmouthZ4c4m::z4c_enforce_pt2
INFO (CarpetX): CallFunction iteration 54 z4c_to_adm_group: CottonmouthZ4c4m::sync_z4c
INFO (CarpetX): SyncGroups COTTONMOUTHZ4C4M::AT, COTTONMOUTHZ4C4M::GT, COTTONMOUTHZ4C4M::CHI, COTTONMOUTHZ4C4M::EVO_LAPSE, COTTONMOUTHZ4C4M::EVO_SHIFT, COTTONMOUTHZ4C4M::TRK
INFO (CarpetX): CallFunction iteration 54 z4c_to_adm_group: CottonmouthZ4c4m::z4c_to_adm
INFO (CarpetX): CallFunction iteration 54 ODESolvers_PostStep: CottonmouthZ4c4m::sync_state
INFO (CarpetX): SyncGroups COTTONMOUTHZ4C4M::AT, COTTONMOUTHZ4C4M::THETA, COTTONMOUTHZ4C4M::CHI, COTTONMOUTHZ4C4M::EVO_GAMMAT, COTTONMOUTHZ4C4M::EVO_LAPSE, COTTONMOUTHZ4C4M::EVO_SHIFT, COTTONMOUTHZ4C4M::GT, COTTONMOUTHZ4C4M::TRK
INFO (CarpetX): CallFunction iteration 54 TmunuBaseX_SetTmunuVars: TmunuBaseX::TmunuBaseX_ZeroTmunu
INFO (ODESolvers): Calculated new state #4 at t=0.54
INFO (CarpetX): ScheduleTraverseGH iteration 54 CCTK_POSTSTEP
INFO (CarpetX): CallFunction iteration 54 CCTK_POSTSTEP: CottonmouthLinearWaveID::StateSync_CottonmouthLinearWaveID
INFO (CarpetX): ScheduleTraverseGH iteration 54 CCTK_CHECKPOINT
INFO (CarpetX): CallFunction iteration 54 CCTK_CHECKPOINT: CarpetX::CarpetX_Checkpoint
INFO (CarpetX): ScheduleTraverseGH iteration 54 CCTK_ANALYSIS
INFO (CarpetX): CallFunction iteration 54 z4c_constraints_group: CottonmouthZ4c4m::z4c_constraints
INFO (CarpetX): OutputGH: iteration 54, time 0.540000, run time 5 s
INFO (CarpetX): OutputGH done.
INFO (CarpetX): Simulation time: 0.54   Iterations per second: 13.336   Simulation time per second: 0.13336
INFO (CarpetX): Grid cells: 3200   Grid cell updates per second: 42675.1
INFO (CarpetX): Performance:
INFO (CarpetX):   total evolution time:            4.05373 sec
INFO (CarpetX):   total evolution compute time:    4.05342 sec
INFO (CarpetX):   total evolution output time:     0.000313044 sec
INFO (CarpetX):   total iterations:                54
INFO (CarpetX):   total cells updated:             172800
INFO (CarpetX):   average iterations per second: 13.3211
INFO (CarpetX):   average cell updates per second: 42627.4
INFO (CarpetX): SyncGroups COTTONMOUTHZ4C4M::AT, COTTONMOUTHZ4C4M::THETA, COTTONMOUTHZ4C4M::CHI, COTTONMOUTHZ4C4M::EVO_GAMMAT, COTTONMOUTHZ4C4M::EVO_LAPSE, COTTONMOUTHZ4C4M::EVO_SHIFT, COTTONMOUTHZ4C4M::GT, COTTONMOUTHZ4C4M::TRK
INFO (CarpetX): ScheduleTraverseGH iteration 55 CCTK_PRESTEP
INFO (CarpetX): ScheduleTraverseGH iteration 55 CCTK_EVOL
INFO (CarpetX): CallFunction iteration 55 CCTK_EVOL: ODESolvers::ODESolvers_Solve
INFO (ODESolvers): ODE integrator is RK4
INFO (ODESolvers):   Integrating 22 variables
INFO (ODESolvers): Calculating RHS #1 at t=0.54
INFO (CarpetX): CallFunction iteration 55 z4c_rhs_group: CottonmouthZ4c4m::z4c_rhs
INFO (CarpetX): CallFunction iteration 55 z4c_apply_dissipation_group: CottonmouthZ4c4m::z4c_apply_dissipation
INFO (CarpetX): CallFunction iteration 55 z4c_enforce_pt1_group: CottonmouthZ4c4m::z4c_enforce_pt1
INFO (CarpetX): CallFunction iteration 55 z4c_enforce_pt2_group: CottonmouthZ4c4m::z4c_enforce_pt2
INFO (CarpetX): CallFunction iteration 55 z4c_to_adm_group: CottonmouthZ4c4m::sync_z4c
INFO (CarpetX): SyncGroups COTTONMOUTHZ4C4M::AT, COTTONMOUTHZ4C4M::GT, COTTONMOUTHZ4C4M::CHI, COTTONMOUTHZ4C4M::EVO_LAPSE, COTTONMOUTHZ4C4M::EVO_SHIFT, COTTONMOUTHZ4C4M::TRK
INFO (CarpetX): CallFunction iteration 55 z4c_to_adm_group: CottonmouthZ4c4m::z4c_to_adm
INFO (CarpetX): CallFunction iteration 55 ODESolvers_PostStep: CottonmouthZ4c4m::sync_state
INFO (CarpetX): SyncGroups COTTONMOUTHZ4C4M::AT, COTTONMOUTHZ4C4M::THETA, COTTONMOUTHZ4C4M::CHI, COTTONMOUTHZ4C4M::EVO_GAMMAT, COTTONMOUTHZ4C4M::EVO_LAPSE, COTTONMOUTHZ4C4M::EVO_SHIFT, COTTONMOUTHZ4C4M::GT, COTTONMOUTHZ4C4M::TRK
INFO (CarpetX): CallFunction iteration 55 TmunuBaseX_SetTmunuVars: TmunuBaseX::TmunuBaseX_ZeroTmunu
INFO (ODESolvers): Calculated new state #1 at t=0.545
INFO (ODESolvers): Calculating RHS #2 at t=0.545
INFO (CarpetX): CallFunction iteration 55 z4c_rhs_group: CottonmouthZ4c4m::z4c_rhs
INFO (CarpetX): CallFunction iteration 55 z4c_apply_dissipation_group: CottonmouthZ4c4m::z4c_apply_dissipation
INFO (CarpetX): CallFunction iteration 55 z4c_enforce_pt1_group: CottonmouthZ4c4m::z4c_enforce_pt1
INFO (CarpetX): CallFunction iteration 55 z4c_enforce_pt2_group: CottonmouthZ4c4m::z4c_enforce_pt2
INFO (CarpetX): CallFunction iteration 55 z4c_to_adm_group: CottonmouthZ4c4m::sync_z4c
INFO (CarpetX): SyncGroups COTTONMOUTHZ4C4M::AT, COTTONMOUTHZ4C4M::GT, COTTONMOUTHZ4C4M::CHI, COTTONMOUTHZ4C4M::EVO_LAPSE, COTTONMOUTHZ4C4M::EVO_SHIFT, COTTONMOUTHZ4C4M::TRK
INFO (CarpetX): CallFunction iteration 55 z4c_to_adm_group: CottonmouthZ4c4m::z4c_to_adm
INFO (CarpetX): CallFunction iteration 55 ODESolvers_PostStep: CottonmouthZ4c4m::sync_state
INFO (CarpetX): SyncGroups COTTONMOUTHZ4C4M::AT, COTTONMOUTHZ4C4M::THETA, COTTONMOUTHZ4C4M::CHI, COTTONMOUTHZ4C4M::EVO_GAMMAT, COTTONMOUTHZ4C4M::EVO_LAPSE, COTTONMOUTHZ4C4M::EVO_SHIFT, COTTONMOUTHZ4C4M::GT, COTTONMOUTHZ4C4M::TRK
INFO (CarpetX): CallFunction iteration 55 TmunuBaseX_SetTmunuVars: TmunuBaseX::TmunuBaseX_ZeroTmunu
INFO (ODESolvers): Calculated new state #2 at t=0.545
INFO (ODESolvers): Calculating RHS #3 at t=0.545
INFO (CarpetX): CallFunction iteration 55 z4c_rhs_group: CottonmouthZ4c4m::z4c_rhs
INFO (CarpetX): CallFunction iteration 55 z4c_apply_dissipation_group: CottonmouthZ4c4m::z4c_apply_dissipation
INFO (CarpetX): CallFunction iteration 55 z4c_enforce_pt1_group: CottonmouthZ4c4m::z4c_enforce_pt1
INFO (CarpetX): CallFunction iteration 55 z4c_enforce_pt2_group: CottonmouthZ4c4m::z4c_enforce_pt2
INFO (CarpetX): CallFunction iteration 55 z4c_to_adm_group: CottonmouthZ4c4m::sync_z4c
INFO (CarpetX): SyncGroups COTTONMOUTHZ4C4M::AT, COTTONMOUTHZ4C4M::GT, COTTONMOUTHZ4C4M::CHI, COTTONMOUTHZ4C4M::EVO_LAPSE, COTTONMOUTHZ4C4M::EVO_SHIFT, COTTONMOUTHZ4C4M::TRK
INFO (CarpetX): CallFunction iteration 55 z4c_to_adm_group: CottonmouthZ4c4m::z4c_to_adm
INFO (CarpetX): CallFunction iteration 55 ODESolvers_PostStep: CottonmouthZ4c4m::sync_state
INFO (CarpetX): SyncGroups COTTONMOUTHZ4C4M::AT, COTTONMOUTHZ4C4M::THETA, COTTONMOUTHZ4C4M::CHI, COTTONMOUTHZ4C4M::EVO_GAMMAT, COTTONMOUTHZ4C4M::EVO_LAPSE, COTTONMOUTHZ4C4M::EVO_SHIFT, COTTONMOUTHZ4C4M::GT, COTTONMOUTHZ4C4M::TRK
INFO (CarpetX): CallFunction iteration 55 TmunuBaseX_SetTmunuVars: TmunuBaseX::TmunuBaseX_ZeroTmunu
INFO (ODESolvers): Calculated new state #3 at t=0.55
INFO (ODESolvers): Calculating RHS #4 at t=0.55
INFO (CarpetX): CallFunction iteration 55 z4c_rhs_group: CottonmouthZ4c4m::z4c_rhs
INFO (CarpetX): CallFunction iteration 55 z4c_apply_dissipation_group: CottonmouthZ4c4m::z4c_apply_dissipation
INFO (CarpetX): CallFunction iteration 55 z4c_enforce_pt1_group: CottonmouthZ4c4m::z4c_enforce_pt1
INFO (CarpetX): CallFunction iteration 55 z4c_enforce_pt2_group: CottonmouthZ4c4m::z4c_enforce_pt2
INFO (CarpetX): CallFunction iteration 55 z4c_to_adm_group: CottonmouthZ4c4m::sync_z4c
INFO (CarpetX): SyncGroups COTTONMOUTHZ4C4M::AT, COTTONMOUTHZ4C4M::GT, COTTONMOUTHZ4C4M::CHI, COTTONMOUTHZ4C4M::EVO_LAPSE, COTTONMOUTHZ4C4M::EVO_SHIFT, COTTONMOUTHZ4C4M::TRK
INFO (CarpetX): CallFunction iteration 55 z4c_to_adm_group: CottonmouthZ4c4m::z4c_to_adm
INFO (CarpetX): CallFunction iteration 55 ODESolvers_PostStep: CottonmouthZ4c4m::sync_state
INFO (CarpetX): SyncGroups COTTONMOUTHZ4C4M::AT, COTTONMOUTHZ4C4M::THETA, COTTONMOUTHZ4C4M::CHI, COTTONMOUTHZ4C4M::EVO_GAMMAT, COTTONMOUTHZ4C4M::EVO_LAPSE, COTTONMOUTHZ4C4M::EVO_SHIFT, COTTONMOUTHZ4C4M::GT, COTTONMOUTHZ4C4M::TRK
INFO (CarpetX): CallFunction iteration 55 TmunuBaseX_SetTmunuVars: TmunuBaseX::TmunuBaseX_ZeroTmunu
INFO (ODESolvers): Calculated new state #4 at t=0.55
INFO (CarpetX): ScheduleTraverseGH iteration 55 CCTK_POSTSTEP
INFO (CarpetX): CallFunction iteration 55 CCTK_POSTSTEP: CottonmouthLinearWaveID::StateSync_CottonmouthLinearWaveID
INFO (CarpetX): ScheduleTraverseGH iteration 55 CCTK_CHECKPOINT
INFO (CarpetX): CallFunction iteration 55 CCTK_CHECKPOINT: CarpetX::CarpetX_Checkpoint
INFO (CarpetX): ScheduleTraverseGH iteration 55 CCTK_ANALYSIS
INFO (CarpetX): CallFunction iteration 55 z4c_constraints_group: CottonmouthZ4c4m::z4c_constraints
INFO (CarpetX): OutputGH: iteration 55, time 0.550000, run time 5 s
INFO (CarpetX): OutputGH done.
INFO (CarpetX): Simulation time: 0.55   Iterations per second: 13.3311   Simulation time per second: 0.133311
INFO (CarpetX): Grid cells: 3200   Grid cell updates per second: 42659.5
INFO (CarpetX): Performance:
INFO (CarpetX):   total evolution time:            4.12899 sec
INFO (CarpetX):   total evolution compute time:    4.12867 sec
INFO (CarpetX):   total evolution output time:     0.00031805 sec
INFO (CarpetX):   total iterations:                55
INFO (CarpetX):   total cells updated:             176000
INFO (CarpetX):   average iterations per second: 13.3204
INFO (CarpetX):   average cell updates per second: 42625.4
INFO (CarpetX): SyncGroups COTTONMOUTHZ4C4M::AT, COTTONMOUTHZ4C4M::THETA, COTTONMOUTHZ4C4M::CHI, COTTONMOUTHZ4C4M::EVO_GAMMAT, COTTONMOUTHZ4C4M::EVO_LAPSE, COTTONMOUTHZ4C4M::EVO_SHIFT, COTTONMOUTHZ4C4M::GT, COTTONMOUTHZ4C4M::TRK
INFO (CarpetX): ScheduleTraverseGH iteration 56 CCTK_PRESTEP
INFO (CarpetX): ScheduleTraverseGH iteration 56 CCTK_EVOL
INFO (CarpetX): CallFunction iteration 56 CCTK_EVOL: ODESolvers::ODESolvers_Solve
INFO (ODESolvers): ODE integrator is RK4
INFO (ODESolvers):   Integrating 22 variables
INFO (ODESolvers): Calculating RHS #1 at t=0.55
INFO (CarpetX): CallFunction iteration 56 z4c_rhs_group: CottonmouthZ4c4m::z4c_rhs
INFO (CarpetX): CallFunction iteration 56 z4c_apply_dissipation_group: CottonmouthZ4c4m::z4c_apply_dissipation
INFO (CarpetX): CallFunction iteration 56 z4c_enforce_pt1_group: CottonmouthZ4c4m::z4c_enforce_pt1
INFO (CarpetX): CallFunction iteration 56 z4c_enforce_pt2_group: CottonmouthZ4c4m::z4c_enforce_pt2
INFO (CarpetX): CallFunction iteration 56 z4c_to_adm_group: CottonmouthZ4c4m::sync_z4c
INFO (CarpetX): SyncGroups COTTONMOUTHZ4C4M::AT, COTTONMOUTHZ4C4M::GT, COTTONMOUTHZ4C4M::CHI, COTTONMOUTHZ4C4M::EVO_LAPSE, COTTONMOUTHZ4C4M::EVO_SHIFT, COTTONMOUTHZ4C4M::TRK
INFO (CarpetX): CallFunction iteration 56 z4c_to_adm_group: CottonmouthZ4c4m::z4c_to_adm
INFO (CarpetX): CallFunction iteration 56 ODESolvers_PostStep: CottonmouthZ4c4m::sync_state
INFO (CarpetX): SyncGroups COTTONMOUTHZ4C4M::AT, COTTONMOUTHZ4C4M::THETA, COTTONMOUTHZ4C4M::CHI, COTTONMOUTHZ4C4M::EVO_GAMMAT, COTTONMOUTHZ4C4M::EVO_LAPSE, COTTONMOUTHZ4C4M::EVO_SHIFT, COTTONMOUTHZ4C4M::GT, COTTONMOUTHZ4C4M::TRK
INFO (CarpetX): CallFunction iteration 56 TmunuBaseX_SetTmunuVars: TmunuBaseX::TmunuBaseX_ZeroTmunu
INFO (ODESolvers): Calculated new state #1 at t=0.555
INFO (ODESolvers): Calculating RHS #2 at t=0.555
INFO (CarpetX): CallFunction iteration 56 z4c_rhs_group: CottonmouthZ4c4m::z4c_rhs
INFO (CarpetX): CallFunction iteration 56 z4c_apply_dissipation_group: CottonmouthZ4c4m::z4c_apply_dissipation
INFO (CarpetX): CallFunction iteration 56 z4c_enforce_pt1_group: CottonmouthZ4c4m::z4c_enforce_pt1
INFO (CarpetX): CallFunction iteration 56 z4c_enforce_pt2_group: CottonmouthZ4c4m::z4c_enforce_pt2
INFO (CarpetX): CallFunction iteration 56 z4c_to_adm_group: CottonmouthZ4c4m::sync_z4c
INFO (CarpetX): SyncGroups COTTONMOUTHZ4C4M::AT, COTTONMOUTHZ4C4M::GT, COTTONMOUTHZ4C4M::CHI, COTTONMOUTHZ4C4M::EVO_LAPSE, COTTONMOUTHZ4C4M::EVO_SHIFT, COTTONMOUTHZ4C4M::TRK
INFO (CarpetX): CallFunction iteration 56 z4c_to_adm_group: CottonmouthZ4c4m::z4c_to_adm
INFO (CarpetX): CallFunction iteration 56 ODESolvers_PostStep: CottonmouthZ4c4m::sync_state
INFO (CarpetX): SyncGroups COTTONMOUTHZ4C4M::AT, COTTONMOUTHZ4C4M::THETA, COTTONMOUTHZ4C4M::CHI, COTTONMOUTHZ4C4M::EVO_GAMMAT, COTTONMOUTHZ4C4M::EVO_LAPSE, COTTONMOUTHZ4C4M::EVO_SHIFT, COTTONMOUTHZ4C4M::GT, COTTONMOUTHZ4C4M::TRK
INFO (CarpetX): CallFunction iteration 56 TmunuBaseX_SetTmunuVars: TmunuBaseX::TmunuBaseX_ZeroTmunu
INFO (ODESolvers): Calculated new state #2 at t=0.555
INFO (ODESolvers): Calculating RHS #3 at t=0.555
INFO (CarpetX): CallFunction iteration 56 z4c_rhs_group: CottonmouthZ4c4m::z4c_rhs
INFO (CarpetX): CallFunction iteration 56 z4c_apply_dissipation_group: CottonmouthZ4c4m::z4c_apply_dissipation
INFO (CarpetX): CallFunction iteration 56 z4c_enforce_pt1_group: CottonmouthZ4c4m::z4c_enforce_pt1
INFO (CarpetX): CallFunction iteration 56 z4c_enforce_pt2_group: CottonmouthZ4c4m::z4c_enforce_pt2
INFO (CarpetX): CallFunction iteration 56 z4c_to_adm_group: CottonmouthZ4c4m::sync_z4c
INFO (CarpetX): SyncGroups COTTONMOUTHZ4C4M::AT, COTTONMOUTHZ4C4M::GT, COTTONMOUTHZ4C4M::CHI, COTTONMOUTHZ4C4M::EVO_LAPSE, COTTONMOUTHZ4C4M::EVO_SHIFT, COTTONMOUTHZ4C4M::TRK
INFO (CarpetX): CallFunction iteration 56 z4c_to_adm_group: CottonmouthZ4c4m::z4c_to_adm
INFO (CarpetX): CallFunction iteration 56 ODESolvers_PostStep: CottonmouthZ4c4m::sync_state
INFO (CarpetX): SyncGroups COTTONMOUTHZ4C4M::AT, COTTONMOUTHZ4C4M::THETA, COTTONMOUTHZ4C4M::CHI, COTTONMOUTHZ4C4M::EVO_GAMMAT, COTTONMOUTHZ4C4M::EVO_LAPSE, COTTONMOUTHZ4C4M::EVO_SHIFT, COTTONMOUTHZ4C4M::GT, COTTONMOUTHZ4C4M::TRK
INFO (CarpetX): CallFunction iteration 56 TmunuBaseX_SetTmunuVars: TmunuBaseX::TmunuBaseX_ZeroTmunu
INFO (ODESolvers): Calculated new state #3 at t=0.56
INFO (ODESolvers): Calculating RHS #4 at t=0.56
INFO (CarpetX): CallFunction iteration 56 z4c_rhs_group: CottonmouthZ4c4m::z4c_rhs
INFO (CarpetX): CallFunction iteration 56 z4c_apply_dissipation_group: CottonmouthZ4c4m::z4c_apply_dissipation
INFO (CarpetX): CallFunction iteration 56 z4c_enforce_pt1_group: CottonmouthZ4c4m::z4c_enforce_pt1
INFO (CarpetX): CallFunction iteration 56 z4c_enforce_pt2_group: CottonmouthZ4c4m::z4c_enforce_pt2
INFO (CarpetX): CallFunction iteration 56 z4c_to_adm_group: CottonmouthZ4c4m::sync_z4c
INFO (CarpetX): SyncGroups COTTONMOUTHZ4C4M::AT, COTTONMOUTHZ4C4M::GT, COTTONMOUTHZ4C4M::CHI, COTTONMOUTHZ4C4M::EVO_LAPSE, COTTONMOUTHZ4C4M::EVO_SHIFT, COTTONMOUTHZ4C4M::TRK
INFO (CarpetX): CallFunction iteration 56 z4c_to_adm_group: CottonmouthZ4c4m::z4c_to_adm
INFO (CarpetX): CallFunction iteration 56 ODESolvers_PostStep: CottonmouthZ4c4m::sync_state
INFO (CarpetX): SyncGroups COTTONMOUTHZ4C4M::AT, COTTONMOUTHZ4C4M::THETA, COTTONMOUTHZ4C4M::CHI, COTTONMOUTHZ4C4M::EVO_GAMMAT, COTTONMOUTHZ4C4M::EVO_LAPSE, COTTONMOUTHZ4C4M::EVO_SHIFT, COTTONMOUTHZ4C4M::GT, COTTONMOUTHZ4C4M::TRK
INFO (CarpetX): CallFunction iteration 56 TmunuBaseX_SetTmunuVars: TmunuBaseX::TmunuBaseX_ZeroTmunu
INFO (ODESolvers): Calculated new state #4 at t=0.56
INFO (CarpetX): ScheduleTraverseGH iteration 56 CCTK_POSTSTEP
INFO (CarpetX): CallFunction iteration 56 CCTK_POSTSTEP: CottonmouthLinearWaveID::StateSync_CottonmouthLinearWaveID
INFO (CarpetX): ScheduleTraverseGH iteration 56 CCTK_CHECKPOINT
INFO (CarpetX): CallFunction iteration 56 CCTK_CHECKPOINT: CarpetX::CarpetX_Checkpoint
INFO (CarpetX): ScheduleTraverseGH iteration 56 CCTK_ANALYSIS
INFO (CarpetX): CallFunction iteration 56 z4c_constraints_group: CottonmouthZ4c4m::z4c_constraints
INFO (CarpetX): OutputGH: iteration 56, time 0.560000, run time 5 s
INFO (CarpetX): OutputGH done.
INFO (CarpetX): Simulation time: 0.56   Iterations per second: 13.3291   Simulation time per second: 0.133291
INFO (CarpetX): Grid cells: 3200   Grid cell updates per second: 42653
INFO (CarpetX): Performance:
INFO (CarpetX):   total evolution time:            4.20412 sec
INFO (CarpetX):   total evolution compute time:    4.20379 sec
INFO (CarpetX):   total evolution output time:     0.000324011 sec
INFO (CarpetX):   total iterations:                56
INFO (CarpetX):   total cells updated:             179200
INFO (CarpetX):   average iterations per second: 13.3203
INFO (CarpetX):   average cell updates per second: 42624.9
INFO (CarpetX): SyncGroups COTTONMOUTHZ4C4M::AT, COTTONMOUTHZ4C4M::THETA, COTTONMOUTHZ4C4M::CHI, COTTONMOUTHZ4C4M::EVO_GAMMAT, COTTONMOUTHZ4C4M::EVO_LAPSE, COTTONMOUTHZ4C4M::EVO_SHIFT, COTTONMOUTHZ4C4M::GT, COTTONMOUTHZ4C4M::TRK
INFO (CarpetX): ScheduleTraverseGH iteration 57 CCTK_PRESTEP
INFO (CarpetX): ScheduleTraverseGH iteration 57 CCTK_EVOL
INFO (CarpetX): CallFunction iteration 57 CCTK_EVOL: ODESolvers::ODESolvers_Solve
INFO (ODESolvers): ODE integrator is RK4
INFO (ODESolvers):   Integrating 22 variables
INFO (ODESolvers): Calculating RHS #1 at t=0.56
INFO (CarpetX): CallFunction iteration 57 z4c_rhs_group: CottonmouthZ4c4m::z4c_rhs
INFO (CarpetX): CallFunction iteration 57 z4c_apply_dissipation_group: CottonmouthZ4c4m::z4c_apply_dissipation
INFO (CarpetX): CallFunction iteration 57 z4c_enforce_pt1_group: CottonmouthZ4c4m::z4c_enforce_pt1
INFO (CarpetX): CallFunction iteration 57 z4c_enforce_pt2_group: CottonmouthZ4c4m::z4c_enforce_pt2
INFO (CarpetX): CallFunction iteration 57 z4c_to_adm_group: CottonmouthZ4c4m::sync_z4c
INFO (CarpetX): SyncGroups COTTONMOUTHZ4C4M::AT, COTTONMOUTHZ4C4M::GT, COTTONMOUTHZ4C4M::CHI, COTTONMOUTHZ4C4M::EVO_LAPSE, COTTONMOUTHZ4C4M::EVO_SHIFT, COTTONMOUTHZ4C4M::TRK
INFO (CarpetX): CallFunction iteration 57 z4c_to_adm_group: CottonmouthZ4c4m::z4c_to_adm
INFO (CarpetX): CallFunction iteration 57 ODESolvers_PostStep: CottonmouthZ4c4m::sync_state
INFO (CarpetX): SyncGroups COTTONMOUTHZ4C4M::AT, COTTONMOUTHZ4C4M::THETA, COTTONMOUTHZ4C4M::CHI, COTTONMOUTHZ4C4M::EVO_GAMMAT, COTTONMOUTHZ4C4M::EVO_LAPSE, COTTONMOUTHZ4C4M::EVO_SHIFT, COTTONMOUTHZ4C4M::GT, COTTONMOUTHZ4C4M::TRK
INFO (CarpetX): CallFunction iteration 57 TmunuBaseX_SetTmunuVars: TmunuBaseX::TmunuBaseX_ZeroTmunu
INFO (ODESolvers): Calculated new state #1 at t=0.565
INFO (ODESolvers): Calculating RHS #2 at t=0.565
INFO (CarpetX): CallFunction iteration 57 z4c_rhs_group: CottonmouthZ4c4m::z4c_rhs
INFO (CarpetX): CallFunction iteration 57 z4c_apply_dissipation_group: CottonmouthZ4c4m::z4c_apply_dissipation
INFO (CarpetX): CallFunction iteration 57 z4c_enforce_pt1_group: CottonmouthZ4c4m::z4c_enforce_pt1
INFO (CarpetX): CallFunction iteration 57 z4c_enforce_pt2_group: CottonmouthZ4c4m::z4c_enforce_pt2
INFO (CarpetX): CallFunction iteration 57 z4c_to_adm_group: CottonmouthZ4c4m::sync_z4c
INFO (CarpetX): SyncGroups COTTONMOUTHZ4C4M::AT, COTTONMOUTHZ4C4M::GT, COTTONMOUTHZ4C4M::CHI, COTTONMOUTHZ4C4M::EVO_LAPSE, COTTONMOUTHZ4C4M::EVO_SHIFT, COTTONMOUTHZ4C4M::TRK
INFO (CarpetX): CallFunction iteration 57 z4c_to_adm_group: CottonmouthZ4c4m::z4c_to_adm
INFO (CarpetX): CallFunction iteration 57 ODESolvers_PostStep: CottonmouthZ4c4m::sync_state
INFO (CarpetX): SyncGroups COTTONMOUTHZ4C4M::AT, COTTONMOUTHZ4C4M::THETA, COTTONMOUTHZ4C4M::CHI, COTTONMOUTHZ4C4M::EVO_GAMMAT, COTTONMOUTHZ4C4M::EVO_LAPSE, COTTONMOUTHZ4C4M::EVO_SHIFT, COTTONMOUTHZ4C4M::GT, COTTONMOUTHZ4C4M::TRK
INFO (CarpetX): CallFunction iteration 57 TmunuBaseX_SetTmunuVars: TmunuBaseX::TmunuBaseX_ZeroTmunu
INFO (ODESolvers): Calculated new state #2 at t=0.565
INFO (ODESolvers): Calculating RHS #3 at t=0.565
INFO (CarpetX): CallFunction iteration 57 z4c_rhs_group: CottonmouthZ4c4m::z4c_rhs
INFO (CarpetX): CallFunction iteration 57 z4c_apply_dissipation_group: CottonmouthZ4c4m::z4c_apply_dissipation
INFO (CarpetX): CallFunction iteration 57 z4c_enforce_pt1_group: CottonmouthZ4c4m::z4c_enforce_pt1
INFO (CarpetX): CallFunction iteration 57 z4c_enforce_pt2_group: CottonmouthZ4c4m::z4c_enforce_pt2
INFO (CarpetX): CallFunction iteration 57 z4c_to_adm_group: CottonmouthZ4c4m::sync_z4c
INFO (CarpetX): SyncGroups COTTONMOUTHZ4C4M::AT, COTTONMOUTHZ4C4M::GT, COTTONMOUTHZ4C4M::CHI, COTTONMOUTHZ4C4M::EVO_LAPSE, COTTONMOUTHZ4C4M::EVO_SHIFT, COTTONMOUTHZ4C4M::TRK
INFO (CarpetX): CallFunction iteration 57 z4c_to_adm_group: CottonmouthZ4c4m::z4c_to_adm
INFO (CarpetX): CallFunction iteration 57 ODESolvers_PostStep: CottonmouthZ4c4m::sync_state
INFO (CarpetX): SyncGroups COTTONMOUTHZ4C4M::AT, COTTONMOUTHZ4C4M::THETA, COTTONMOUTHZ4C4M::CHI, COTTONMOUTHZ4C4M::EVO_GAMMAT, COTTONMOUTHZ4C4M::EVO_LAPSE, COTTONMOUTHZ4C4M::EVO_SHIFT, COTTONMOUTHZ4C4M::GT, COTTONMOUTHZ4C4M::TRK
INFO (CarpetX): CallFunction iteration 57 TmunuBaseX_SetTmunuVars: TmunuBaseX::TmunuBaseX_ZeroTmunu
INFO (ODESolvers): Calculated new state #3 at t=0.57
INFO (ODESolvers): Calculating RHS #4 at t=0.57
INFO (CarpetX): CallFunction iteration 57 z4c_rhs_group: CottonmouthZ4c4m::z4c_rhs
INFO (CarpetX): CallFunction iteration 57 z4c_apply_dissipation_group: CottonmouthZ4c4m::z4c_apply_dissipation
INFO (CarpetX): CallFunction iteration 57 z4c_enforce_pt1_group: CottonmouthZ4c4m::z4c_enforce_pt1
INFO (CarpetX): CallFunction iteration 57 z4c_enforce_pt2_group: CottonmouthZ4c4m::z4c_enforce_pt2
INFO (CarpetX): CallFunction iteration 57 z4c_to_adm_group: CottonmouthZ4c4m::sync_z4c
INFO (CarpetX): SyncGroups COTTONMOUTHZ4C4M::AT, COTTONMOUTHZ4C4M::GT, COTTONMOUTHZ4C4M::CHI, COTTONMOUTHZ4C4M::EVO_LAPSE, COTTONMOUTHZ4C4M::EVO_SHIFT, COTTONMOUTHZ4C4M::TRK
INFO (CarpetX): CallFunction iteration 57 z4c_to_adm_group: CottonmouthZ4c4m::z4c_to_adm
INFO (CarpetX): CallFunction iteration 57 ODESolvers_PostStep: CottonmouthZ4c4m::sync_state
INFO (CarpetX): SyncGroups COTTONMOUTHZ4C4M::AT, COTTONMOUTHZ4C4M::THETA, COTTONMOUTHZ4C4M::CHI, COTTONMOUTHZ4C4M::EVO_GAMMAT, COTTONMOUTHZ4C4M::EVO_LAPSE, COTTONMOUTHZ4C4M::EVO_SHIFT, COTTONMOUTHZ4C4M::GT, COTTONMOUTHZ4C4M::TRK
INFO (CarpetX): CallFunction iteration 57 TmunuBaseX_SetTmunuVars: TmunuBaseX::TmunuBaseX_ZeroTmunu
INFO (ODESolvers): Calculated new state #4 at t=0.57
INFO (CarpetX): ScheduleTraverseGH iteration 57 CCTK_POSTSTEP
INFO (CarpetX): CallFunction iteration 57 CCTK_POSTSTEP: CottonmouthLinearWaveID::StateSync_CottonmouthLinearWaveID
INFO (CarpetX): ScheduleTraverseGH iteration 57 CCTK_CHECKPOINT
INFO (CarpetX): CallFunction iteration 57 CCTK_CHECKPOINT: CarpetX::CarpetX_Checkpoint
INFO (CarpetX): ScheduleTraverseGH iteration 57 CCTK_ANALYSIS
INFO (CarpetX): CallFunction iteration 57 z4c_constraints_group: CottonmouthZ4c4m::z4c_constraints
INFO (CarpetX): OutputGH: iteration 57, time 0.570000, run time 5 s
INFO (CarpetX): OutputGH done.
INFO (CarpetX): Simulation time: 0.57   Iterations per second: 13.332   Simulation time per second: 0.13332
INFO (CarpetX): Grid cells: 3200   Grid cell updates per second: 42662.5
INFO (CarpetX): Performance:
INFO (CarpetX):   total evolution time:            4.27897 sec
INFO (CarpetX):   total evolution compute time:    4.27865 sec
INFO (CarpetX):   total evolution output time:     0.000329018 sec
INFO (CarpetX):   total iterations:                57
INFO (CarpetX):   total cells updated:             182400
INFO (CarpetX):   average iterations per second: 13.3209
INFO (CarpetX):   average cell updates per second: 42627
INFO (CarpetX): SyncGroups COTTONMOUTHZ4C4M::AT, COTTONMOUTHZ4C4M::THETA, COTTONMOUTHZ4C4M::CHI, COTTONMOUTHZ4C4M::EVO_GAMMAT, COTTONMOUTHZ4C4M::EVO_LAPSE, COTTONMOUTHZ4C4M::EVO_SHIFT, COTTONMOUTHZ4C4M::GT, COTTONMOUTHZ4C4M::TRK
INFO (CarpetX): ScheduleTraverseGH iteration 58 CCTK_PRESTEP
INFO (CarpetX): ScheduleTraverseGH iteration 58 CCTK_EVOL
INFO (CarpetX): CallFunction iteration 58 CCTK_EVOL: ODESolvers::ODESolvers_Solve
INFO (ODESolvers): ODE integrator is RK4
INFO (ODESolvers):   Integrating 22 variables
INFO (ODESolvers): Calculating RHS #1 at t=0.57
INFO (CarpetX): CallFunction iteration 58 z4c_rhs_group: CottonmouthZ4c4m::z4c_rhs
INFO (CarpetX): CallFunction iteration 58 z4c_apply_dissipation_group: CottonmouthZ4c4m::z4c_apply_dissipation
INFO (CarpetX): CallFunction iteration 58 z4c_enforce_pt1_group: CottonmouthZ4c4m::z4c_enforce_pt1
INFO (CarpetX): CallFunction iteration 58 z4c_enforce_pt2_group: CottonmouthZ4c4m::z4c_enforce_pt2
INFO (CarpetX): CallFunction iteration 58 z4c_to_adm_group: CottonmouthZ4c4m::sync_z4c
INFO (CarpetX): SyncGroups COTTONMOUTHZ4C4M::AT, COTTONMOUTHZ4C4M::GT, COTTONMOUTHZ4C4M::CHI, COTTONMOUTHZ4C4M::EVO_LAPSE, COTTONMOUTHZ4C4M::EVO_SHIFT, COTTONMOUTHZ4C4M::TRK
INFO (CarpetX): CallFunction iteration 58 z4c_to_adm_group: CottonmouthZ4c4m::z4c_to_adm
INFO (CarpetX): CallFunction iteration 58 ODESolvers_PostStep: CottonmouthZ4c4m::sync_state
INFO (CarpetX): SyncGroups COTTONMOUTHZ4C4M::AT, COTTONMOUTHZ4C4M::THETA, COTTONMOUTHZ4C4M::CHI, COTTONMOUTHZ4C4M::EVO_GAMMAT, COTTONMOUTHZ4C4M::EVO_LAPSE, COTTONMOUTHZ4C4M::EVO_SHIFT, COTTONMOUTHZ4C4M::GT, COTTONMOUTHZ4C4M::TRK
INFO (CarpetX): CallFunction iteration 58 TmunuBaseX_SetTmunuVars: TmunuBaseX::TmunuBaseX_ZeroTmunu
INFO (ODESolvers): Calculated new state #1 at t=0.575
INFO (ODESolvers): Calculating RHS #2 at t=0.575
INFO (CarpetX): CallFunction iteration 58 z4c_rhs_group: CottonmouthZ4c4m::z4c_rhs
INFO (CarpetX): CallFunction iteration 58 z4c_apply_dissipation_group: CottonmouthZ4c4m::z4c_apply_dissipation
INFO (CarpetX): CallFunction iteration 58 z4c_enforce_pt1_group: CottonmouthZ4c4m::z4c_enforce_pt1
INFO (CarpetX): CallFunction iteration 58 z4c_enforce_pt2_group: CottonmouthZ4c4m::z4c_enforce_pt2
INFO (CarpetX): CallFunction iteration 58 z4c_to_adm_group: CottonmouthZ4c4m::sync_z4c
INFO (CarpetX): SyncGroups COTTONMOUTHZ4C4M::AT, COTTONMOUTHZ4C4M::GT, COTTONMOUTHZ4C4M::CHI, COTTONMOUTHZ4C4M::EVO_LAPSE, COTTONMOUTHZ4C4M::EVO_SHIFT, COTTONMOUTHZ4C4M::TRK
INFO (CarpetX): CallFunction iteration 58 z4c_to_adm_group: CottonmouthZ4c4m::z4c_to_adm
INFO (CarpetX): CallFunction iteration 58 ODESolvers_PostStep: CottonmouthZ4c4m::sync_state
INFO (CarpetX): SyncGroups COTTONMOUTHZ4C4M::AT, COTTONMOUTHZ4C4M::THETA, COTTONMOUTHZ4C4M::CHI, COTTONMOUTHZ4C4M::EVO_GAMMAT, COTTONMOUTHZ4C4M::EVO_LAPSE, COTTONMOUTHZ4C4M::EVO_SHIFT, COTTONMOUTHZ4C4M::GT, COTTONMOUTHZ4C4M::TRK
INFO (CarpetX): CallFunction iteration 58 TmunuBaseX_SetTmunuVars: TmunuBaseX::TmunuBaseX_ZeroTmunu
INFO (ODESolvers): Calculated new state #2 at t=0.575
INFO (ODESolvers): Calculating RHS #3 at t=0.575
INFO (CarpetX): CallFunction iteration 58 z4c_rhs_group: CottonmouthZ4c4m::z4c_rhs
INFO (CarpetX): CallFunction iteration 58 z4c_apply_dissipation_group: CottonmouthZ4c4m::z4c_apply_dissipation
INFO (CarpetX): CallFunction iteration 58 z4c_enforce_pt1_group: CottonmouthZ4c4m::z4c_enforce_pt1
INFO (CarpetX): CallFunction iteration 58 z4c_enforce_pt2_group: CottonmouthZ4c4m::z4c_enforce_pt2
INFO (CarpetX): CallFunction iteration 58 z4c_to_adm_group: CottonmouthZ4c4m::sync_z4c
INFO (CarpetX): SyncGroups COTTONMOUTHZ4C4M::AT, COTTONMOUTHZ4C4M::GT, COTTONMOUTHZ4C4M::CHI, COTTONMOUTHZ4C4M::EVO_LAPSE, COTTONMOUTHZ4C4M::EVO_SHIFT, COTTONMOUTHZ4C4M::TRK
INFO (CarpetX): CallFunction iteration 58 z4c_to_adm_group: CottonmouthZ4c4m::z4c_to_adm
INFO (CarpetX): CallFunction iteration 58 ODESolvers_PostStep: CottonmouthZ4c4m::sync_state
INFO (CarpetX): SyncGroups COTTONMOUTHZ4C4M::AT, COTTONMOUTHZ4C4M::THETA, COTTONMOUTHZ4C4M::CHI, COTTONMOUTHZ4C4M::EVO_GAMMAT, COTTONMOUTHZ4C4M::EVO_LAPSE, COTTONMOUTHZ4C4M::EVO_SHIFT, COTTONMOUTHZ4C4M::GT, COTTONMOUTHZ4C4M::TRK
INFO (CarpetX): CallFunction iteration 58 TmunuBaseX_SetTmunuVars: TmunuBaseX::TmunuBaseX_ZeroTmunu
INFO (ODESolvers): Calculated new state #3 at t=0.58
INFO (ODESolvers): Calculating RHS #4 at t=0.58
INFO (CarpetX): CallFunction iteration 58 z4c_rhs_group: CottonmouthZ4c4m::z4c_rhs
INFO (CarpetX): CallFunction iteration 58 z4c_apply_dissipation_group: CottonmouthZ4c4m::z4c_apply_dissipation
INFO (CarpetX): CallFunction iteration 58 z4c_enforce_pt1_group: CottonmouthZ4c4m::z4c_enforce_pt1
INFO (CarpetX): CallFunction iteration 58 z4c_enforce_pt2_group: CottonmouthZ4c4m::z4c_enforce_pt2
INFO (CarpetX): CallFunction iteration 58 z4c_to_adm_group: CottonmouthZ4c4m::sync_z4c
INFO (CarpetX): SyncGroups COTTONMOUTHZ4C4M::AT, COTTONMOUTHZ4C4M::GT, COTTONMOUTHZ4C4M::CHI, COTTONMOUTHZ4C4M::EVO_LAPSE, COTTONMOUTHZ4C4M::EVO_SHIFT, COTTONMOUTHZ4C4M::TRK
INFO (CarpetX): CallFunction iteration 58 z4c_to_adm_group: CottonmouthZ4c4m::z4c_to_adm
INFO (CarpetX): CallFunction iteration 58 ODESolvers_PostStep: CottonmouthZ4c4m::sync_state
INFO (CarpetX): SyncGroups COTTONMOUTHZ4C4M::AT, COTTONMOUTHZ4C4M::THETA, COTTONMOUTHZ4C4M::CHI, COTTONMOUTHZ4C4M::EVO_GAMMAT, COTTONMOUTHZ4C4M::EVO_LAPSE, COTTONMOUTHZ4C4M::EVO_SHIFT, COTTONMOUTHZ4C4M::GT, COTTONMOUTHZ4C4M::TRK
INFO (CarpetX): CallFunction iteration 58 TmunuBaseX_SetTmunuVars: TmunuBaseX::TmunuBaseX_ZeroTmunu
INFO (ODESolvers): Calculated new state #4 at t=0.58
INFO (CarpetX): ScheduleTraverseGH iteration 58 CCTK_POSTSTEP
INFO (CarpetX): CallFunction iteration 58 CCTK_POSTSTEP: CottonmouthLinearWaveID::StateSync_CottonmouthLinearWaveID
INFO (CarpetX): ScheduleTraverseGH iteration 58 CCTK_CHECKPOINT
INFO (CarpetX): CallFunction iteration 58 CCTK_CHECKPOINT: CarpetX::CarpetX_Checkpoint
INFO (CarpetX): ScheduleTraverseGH iteration 58 CCTK_ANALYSIS
INFO (CarpetX): CallFunction iteration 58 z4c_constraints_group: CottonmouthZ4c4m::z4c_constraints
INFO (CarpetX): OutputGH: iteration 58, time 0.580000, run time 5 s
INFO (CarpetX): OutputGH done.
INFO (CarpetX): Simulation time: 0.58   Iterations per second: 13.3307   Simulation time per second: 0.133307
INFO (CarpetX): Grid cells: 3200   Grid cell updates per second: 42658.4
INFO (CarpetX): Performance:
INFO (CarpetX):   total evolution time:            4.35405 sec
INFO (CarpetX):   total evolution compute time:    4.35372 sec
INFO (CarpetX):   total evolution output time:     0.000334024 sec
INFO (CarpetX):   total iterations:                58
INFO (CarpetX):   total cells updated:             185600
INFO (CarpetX):   average iterations per second: 13.3209
INFO (CarpetX):   average cell updates per second: 42626.9
INFO (CarpetX): SyncGroups COTTONMOUTHZ4C4M::AT, COTTONMOUTHZ4C4M::THETA, COTTONMOUTHZ4C4M::CHI, COTTONMOUTHZ4C4M::EVO_GAMMAT, COTTONMOUTHZ4C4M::EVO_LAPSE, COTTONMOUTHZ4C4M::EVO_SHIFT, COTTONMOUTHZ4C4M::GT, COTTONMOUTHZ4C4M::TRK
INFO (CarpetX): ScheduleTraverseGH iteration 59 CCTK_PRESTEP
INFO (CarpetX): ScheduleTraverseGH iteration 59 CCTK_EVOL
INFO (CarpetX): CallFunction iteration 59 CCTK_EVOL: ODESolvers::ODESolvers_Solve
INFO (ODESolvers): ODE integrator is RK4
INFO (ODESolvers):   Integrating 22 variables
INFO (ODESolvers): Calculating RHS #1 at t=0.58
INFO (CarpetX): CallFunction iteration 59 z4c_rhs_group: CottonmouthZ4c4m::z4c_rhs
INFO (CarpetX): CallFunction iteration 59 z4c_apply_dissipation_group: CottonmouthZ4c4m::z4c_apply_dissipation
INFO (CarpetX): CallFunction iteration 59 z4c_enforce_pt1_group: CottonmouthZ4c4m::z4c_enforce_pt1
INFO (CarpetX): CallFunction iteration 59 z4c_enforce_pt2_group: CottonmouthZ4c4m::z4c_enforce_pt2
INFO (CarpetX): CallFunction iteration 59 z4c_to_adm_group: CottonmouthZ4c4m::sync_z4c
INFO (CarpetX): SyncGroups COTTONMOUTHZ4C4M::AT, COTTONMOUTHZ4C4M::GT, COTTONMOUTHZ4C4M::CHI, COTTONMOUTHZ4C4M::EVO_LAPSE, COTTONMOUTHZ4C4M::EVO_SHIFT, COTTONMOUTHZ4C4M::TRK
INFO (CarpetX): CallFunction iteration 59 z4c_to_adm_group: CottonmouthZ4c4m::z4c_to_adm
INFO (CarpetX): CallFunction iteration 59 ODESolvers_PostStep: CottonmouthZ4c4m::sync_state
INFO (CarpetX): SyncGroups COTTONMOUTHZ4C4M::AT, COTTONMOUTHZ4C4M::THETA, COTTONMOUTHZ4C4M::CHI, COTTONMOUTHZ4C4M::EVO_GAMMAT, COTTONMOUTHZ4C4M::EVO_LAPSE, COTTONMOUTHZ4C4M::EVO_SHIFT, COTTONMOUTHZ4C4M::GT, COTTONMOUTHZ4C4M::TRK
INFO (CarpetX): CallFunction iteration 59 TmunuBaseX_SetTmunuVars: TmunuBaseX::TmunuBaseX_ZeroTmunu
INFO (ODESolvers): Calculated new state #1 at t=0.585
INFO (ODESolvers): Calculating RHS #2 at t=0.585
INFO (CarpetX): CallFunction iteration 59 z4c_rhs_group: CottonmouthZ4c4m::z4c_rhs
INFO (CarpetX): CallFunction iteration 59 z4c_apply_dissipation_group: CottonmouthZ4c4m::z4c_apply_dissipation
INFO (CarpetX): CallFunction iteration 59 z4c_enforce_pt1_group: CottonmouthZ4c4m::z4c_enforce_pt1
INFO (CarpetX): CallFunction iteration 59 z4c_enforce_pt2_group: CottonmouthZ4c4m::z4c_enforce_pt2
INFO (CarpetX): CallFunction iteration 59 z4c_to_adm_group: CottonmouthZ4c4m::sync_z4c
INFO (CarpetX): SyncGroups COTTONMOUTHZ4C4M::AT, COTTONMOUTHZ4C4M::GT, COTTONMOUTHZ4C4M::CHI, COTTONMOUTHZ4C4M::EVO_LAPSE, COTTONMOUTHZ4C4M::EVO_SHIFT, COTTONMOUTHZ4C4M::TRK
INFO (CarpetX): CallFunction iteration 59 z4c_to_adm_group: CottonmouthZ4c4m::z4c_to_adm
INFO (CarpetX): CallFunction iteration 59 ODESolvers_PostStep: CottonmouthZ4c4m::sync_state
INFO (CarpetX): SyncGroups COTTONMOUTHZ4C4M::AT, COTTONMOUTHZ4C4M::THETA, COTTONMOUTHZ4C4M::CHI, COTTONMOUTHZ4C4M::EVO_GAMMAT, COTTONMOUTHZ4C4M::EVO_LAPSE, COTTONMOUTHZ4C4M::EVO_SHIFT, COTTONMOUTHZ4C4M::GT, COTTONMOUTHZ4C4M::TRK
INFO (CarpetX): CallFunction iteration 59 TmunuBaseX_SetTmunuVars: TmunuBaseX::TmunuBaseX_ZeroTmunu
INFO (ODESolvers): Calculated new state #2 at t=0.585
INFO (ODESolvers): Calculating RHS #3 at t=0.585
INFO (CarpetX): CallFunction iteration 59 z4c_rhs_group: CottonmouthZ4c4m::z4c_rhs
INFO (CarpetX): CallFunction iteration 59 z4c_apply_dissipation_group: CottonmouthZ4c4m::z4c_apply_dissipation
INFO (CarpetX): CallFunction iteration 59 z4c_enforce_pt1_group: CottonmouthZ4c4m::z4c_enforce_pt1
INFO (CarpetX): CallFunction iteration 59 z4c_enforce_pt2_group: CottonmouthZ4c4m::z4c_enforce_pt2
INFO (CarpetX): CallFunction iteration 59 z4c_to_adm_group: CottonmouthZ4c4m::sync_z4c
INFO (CarpetX): SyncGroups COTTONMOUTHZ4C4M::AT, COTTONMOUTHZ4C4M::GT, COTTONMOUTHZ4C4M::CHI, COTTONMOUTHZ4C4M::EVO_LAPSE, COTTONMOUTHZ4C4M::EVO_SHIFT, COTTONMOUTHZ4C4M::TRK
INFO (CarpetX): CallFunction iteration 59 z4c_to_adm_group: CottonmouthZ4c4m::z4c_to_adm
INFO (CarpetX): CallFunction iteration 59 ODESolvers_PostStep: CottonmouthZ4c4m::sync_state
INFO (CarpetX): SyncGroups COTTONMOUTHZ4C4M::AT, COTTONMOUTHZ4C4M::THETA, COTTONMOUTHZ4C4M::CHI, COTTONMOUTHZ4C4M::EVO_GAMMAT, COTTONMOUTHZ4C4M::EVO_LAPSE, COTTONMOUTHZ4C4M::EVO_SHIFT, COTTONMOUTHZ4C4M::GT, COTTONMOUTHZ4C4M::TRK
INFO (CarpetX): CallFunction iteration 59 TmunuBaseX_SetTmunuVars: TmunuBaseX::TmunuBaseX_ZeroTmunu
INFO (ODESolvers): Calculated new state #3 at t=0.59
INFO (ODESolvers): Calculating RHS #4 at t=0.59
INFO (CarpetX): CallFunction iteration 59 z4c_rhs_group: CottonmouthZ4c4m::z4c_rhs
INFO (CarpetX): CallFunction iteration 59 z4c_apply_dissipation_group: CottonmouthZ4c4m::z4c_apply_dissipation
INFO (CarpetX): CallFunction iteration 59 z4c_enforce_pt1_group: CottonmouthZ4c4m::z4c_enforce_pt1
INFO (CarpetX): CallFunction iteration 59 z4c_enforce_pt2_group: CottonmouthZ4c4m::z4c_enforce_pt2
INFO (CarpetX): CallFunction iteration 59 z4c_to_adm_group: CottonmouthZ4c4m::sync_z4c
INFO (CarpetX): SyncGroups COTTONMOUTHZ4C4M::AT, COTTONMOUTHZ4C4M::GT, COTTONMOUTHZ4C4M::CHI, COTTONMOUTHZ4C4M::EVO_LAPSE, COTTONMOUTHZ4C4M::EVO_SHIFT, COTTONMOUTHZ4C4M::TRK
INFO (CarpetX): CallFunction iteration 59 z4c_to_adm_group: CottonmouthZ4c4m::z4c_to_adm
INFO (CarpetX): CallFunction iteration 59 ODESolvers_PostStep: CottonmouthZ4c4m::sync_state
INFO (CarpetX): SyncGroups COTTONMOUTHZ4C4M::AT, COTTONMOUTHZ4C4M::THETA, COTTONMOUTHZ4C4M::CHI, COTTONMOUTHZ4C4M::EVO_GAMMAT, COTTONMOUTHZ4C4M::EVO_LAPSE, COTTONMOUTHZ4C4M::EVO_SHIFT, COTTONMOUTHZ4C4M::GT, COTTONMOUTHZ4C4M::TRK
INFO (CarpetX): CallFunction iteration 59 TmunuBaseX_SetTmunuVars: TmunuBaseX::TmunuBaseX_ZeroTmunu
INFO (ODESolvers): Calculated new state #4 at t=0.59
INFO (CarpetX): ScheduleTraverseGH iteration 59 CCTK_POSTSTEP
INFO (CarpetX): CallFunction iteration 59 CCTK_POSTSTEP: CottonmouthLinearWaveID::StateSync_CottonmouthLinearWaveID
INFO (CarpetX): ScheduleTraverseGH iteration 59 CCTK_CHECKPOINT
INFO (CarpetX): CallFunction iteration 59 CCTK_CHECKPOINT: CarpetX::CarpetX_Checkpoint
INFO (CarpetX): ScheduleTraverseGH iteration 59 CCTK_ANALYSIS
INFO (CarpetX): CallFunction iteration 59 z4c_constraints_group: CottonmouthZ4c4m::z4c_constraints
INFO (CarpetX): OutputGH: iteration 59, time 0.590000, run time 5 s
INFO (CarpetX): OutputGH done.
INFO (CarpetX): Simulation time: 0.59   Iterations per second: 13.3318   Simulation time per second: 0.133318
INFO (CarpetX): Grid cells: 3200   Grid cell updates per second: 42661.8
INFO (CarpetX): Performance:
INFO (CarpetX):   total evolution time:            4.42901 sec
INFO (CarpetX):   total evolution compute time:    4.42867 sec
INFO (CarpetX):   total evolution output time:     0.000339031 sec
INFO (CarpetX):   total iterations:                59
INFO (CarpetX):   total cells updated:             188800
INFO (CarpetX):   average iterations per second: 13.3213
INFO (CarpetX):   average cell updates per second: 42628.1
INFO (CarpetX): SyncGroups COTTONMOUTHZ4C4M::AT, COTTONMOUTHZ4C4M::THETA, COTTONMOUTHZ4C4M::CHI, COTTONMOUTHZ4C4M::EVO_GAMMAT, COTTONMOUTHZ4C4M::EVO_LAPSE, COTTONMOUTHZ4C4M::EVO_SHIFT, COTTONMOUTHZ4C4M::GT, COTTONMOUTHZ4C4M::TRK
INFO (CarpetX): ScheduleTraverseGH iteration 60 CCTK_PRESTEP
INFO (CarpetX): ScheduleTraverseGH iteration 60 CCTK_EVOL
INFO (CarpetX): CallFunction iteration 60 CCTK_EVOL: ODESolvers::ODESolvers_Solve
INFO (ODESolvers): ODE integrator is RK4
INFO (ODESolvers):   Integrating 22 variables
INFO (ODESolvers): Calculating RHS #1 at t=0.59
INFO (CarpetX): CallFunction iteration 60 z4c_rhs_group: CottonmouthZ4c4m::z4c_rhs
INFO (CarpetX): CallFunction iteration 60 z4c_apply_dissipation_group: CottonmouthZ4c4m::z4c_apply_dissipation
INFO (CarpetX): CallFunction iteration 60 z4c_enforce_pt1_group: CottonmouthZ4c4m::z4c_enforce_pt1
INFO (CarpetX): CallFunction iteration 60 z4c_enforce_pt2_group: CottonmouthZ4c4m::z4c_enforce_pt2
INFO (CarpetX): CallFunction iteration 60 z4c_to_adm_group: CottonmouthZ4c4m::sync_z4c
INFO (CarpetX): SyncGroups COTTONMOUTHZ4C4M::AT, COTTONMOUTHZ4C4M::GT, COTTONMOUTHZ4C4M::CHI, COTTONMOUTHZ4C4M::EVO_LAPSE, COTTONMOUTHZ4C4M::EVO_SHIFT, COTTONMOUTHZ4C4M::TRK
INFO (CarpetX): CallFunction iteration 60 z4c_to_adm_group: CottonmouthZ4c4m::z4c_to_adm
INFO (CarpetX): CallFunction iteration 60 ODESolvers_PostStep: CottonmouthZ4c4m::sync_state
INFO (CarpetX): SyncGroups COTTONMOUTHZ4C4M::AT, COTTONMOUTHZ4C4M::THETA, COTTONMOUTHZ4C4M::CHI, COTTONMOUTHZ4C4M::EVO_GAMMAT, COTTONMOUTHZ4C4M::EVO_LAPSE, COTTONMOUTHZ4C4M::EVO_SHIFT, COTTONMOUTHZ4C4M::GT, COTTONMOUTHZ4C4M::TRK
INFO (CarpetX): CallFunction iteration 60 TmunuBaseX_SetTmunuVars: TmunuBaseX::TmunuBaseX_ZeroTmunu
INFO (ODESolvers): Calculated new state #1 at t=0.595
INFO (ODESolvers): Calculating RHS #2 at t=0.595
INFO (CarpetX): CallFunction iteration 60 z4c_rhs_group: CottonmouthZ4c4m::z4c_rhs
INFO (CarpetX): CallFunction iteration 60 z4c_apply_dissipation_group: CottonmouthZ4c4m::z4c_apply_dissipation
INFO (CarpetX): CallFunction iteration 60 z4c_enforce_pt1_group: CottonmouthZ4c4m::z4c_enforce_pt1
INFO (CarpetX): CallFunction iteration 60 z4c_enforce_pt2_group: CottonmouthZ4c4m::z4c_enforce_pt2
INFO (CarpetX): CallFunction iteration 60 z4c_to_adm_group: CottonmouthZ4c4m::sync_z4c
INFO (CarpetX): SyncGroups COTTONMOUTHZ4C4M::AT, COTTONMOUTHZ4C4M::GT, COTTONMOUTHZ4C4M::CHI, COTTONMOUTHZ4C4M::EVO_LAPSE, COTTONMOUTHZ4C4M::EVO_SHIFT, COTTONMOUTHZ4C4M::TRK
INFO (CarpetX): CallFunction iteration 60 z4c_to_adm_group: CottonmouthZ4c4m::z4c_to_adm
INFO (CarpetX): CallFunction iteration 60 ODESolvers_PostStep: CottonmouthZ4c4m::sync_state
INFO (CarpetX): SyncGroups COTTONMOUTHZ4C4M::AT, COTTONMOUTHZ4C4M::THETA, COTTONMOUTHZ4C4M::CHI, COTTONMOUTHZ4C4M::EVO_GAMMAT, COTTONMOUTHZ4C4M::EVO_LAPSE, COTTONMOUTHZ4C4M::EVO_SHIFT, COTTONMOUTHZ4C4M::GT, COTTONMOUTHZ4C4M::TRK
INFO (CarpetX): CallFunction iteration 60 TmunuBaseX_SetTmunuVars: TmunuBaseX::TmunuBaseX_ZeroTmunu
INFO (ODESolvers): Calculated new state #2 at t=0.595
INFO (ODESolvers): Calculating RHS #3 at t=0.595
INFO (CarpetX): CallFunction iteration 60 z4c_rhs_group: CottonmouthZ4c4m::z4c_rhs
INFO (CarpetX): CallFunction iteration 60 z4c_apply_dissipation_group: CottonmouthZ4c4m::z4c_apply_dissipation
INFO (CarpetX): CallFunction iteration 60 z4c_enforce_pt1_group: CottonmouthZ4c4m::z4c_enforce_pt1
INFO (CarpetX): CallFunction iteration 60 z4c_enforce_pt2_group: CottonmouthZ4c4m::z4c_enforce_pt2
INFO (CarpetX): CallFunction iteration 60 z4c_to_adm_group: CottonmouthZ4c4m::sync_z4c
INFO (CarpetX): SyncGroups COTTONMOUTHZ4C4M::AT, COTTONMOUTHZ4C4M::GT, COTTONMOUTHZ4C4M::CHI, COTTONMOUTHZ4C4M::EVO_LAPSE, COTTONMOUTHZ4C4M::EVO_SHIFT, COTTONMOUTHZ4C4M::TRK
INFO (CarpetX): CallFunction iteration 60 z4c_to_adm_group: CottonmouthZ4c4m::z4c_to_adm
INFO (CarpetX): CallFunction iteration 60 ODESolvers_PostStep: CottonmouthZ4c4m::sync_state
INFO (CarpetX): SyncGroups COTTONMOUTHZ4C4M::AT, COTTONMOUTHZ4C4M::THETA, COTTONMOUTHZ4C4M::CHI, COTTONMOUTHZ4C4M::EVO_GAMMAT, COTTONMOUTHZ4C4M::EVO_LAPSE, COTTONMOUTHZ4C4M::EVO_SHIFT, COTTONMOUTHZ4C4M::GT, COTTONMOUTHZ4C4M::TRK
INFO (CarpetX): CallFunction iteration 60 TmunuBaseX_SetTmunuVars: TmunuBaseX::TmunuBaseX_ZeroTmunu
INFO (ODESolvers): Calculated new state #3 at t=0.6
INFO (ODESolvers): Calculating RHS #4 at t=0.6
INFO (CarpetX): CallFunction iteration 60 z4c_rhs_group: CottonmouthZ4c4m::z4c_rhs
INFO (CarpetX): CallFunction iteration 60 z4c_apply_dissipation_group: CottonmouthZ4c4m::z4c_apply_dissipation
INFO (CarpetX): CallFunction iteration 60 z4c_enforce_pt1_group: CottonmouthZ4c4m::z4c_enforce_pt1
INFO (CarpetX): CallFunction iteration 60 z4c_enforce_pt2_group: CottonmouthZ4c4m::z4c_enforce_pt2
INFO (CarpetX): CallFunction iteration 60 z4c_to_adm_group: CottonmouthZ4c4m::sync_z4c
INFO (CarpetX): SyncGroups COTTONMOUTHZ4C4M::AT, COTTONMOUTHZ4C4M::GT, COTTONMOUTHZ4C4M::CHI, COTTONMOUTHZ4C4M::EVO_LAPSE, COTTONMOUTHZ4C4M::EVO_SHIFT, COTTONMOUTHZ4C4M::TRK
INFO (CarpetX): CallFunction iteration 60 z4c_to_adm_group: CottonmouthZ4c4m::z4c_to_adm
INFO (CarpetX): CallFunction iteration 60 ODESolvers_PostStep: CottonmouthZ4c4m::sync_state
INFO (CarpetX): SyncGroups COTTONMOUTHZ4C4M::AT, COTTONMOUTHZ4C4M::THETA, COTTONMOUTHZ4C4M::CHI, COTTONMOUTHZ4C4M::EVO_GAMMAT, COTTONMOUTHZ4C4M::EVO_LAPSE, COTTONMOUTHZ4C4M::EVO_SHIFT, COTTONMOUTHZ4C4M::GT, COTTONMOUTHZ4C4M::TRK
INFO (CarpetX): CallFunction iteration 60 TmunuBaseX_SetTmunuVars: TmunuBaseX::TmunuBaseX_ZeroTmunu
INFO (ODESolvers): Calculated new state #4 at t=0.6
INFO (CarpetX): ScheduleTraverseGH iteration 60 CCTK_POSTSTEP
INFO (CarpetX): CallFunction iteration 60 CCTK_POSTSTEP: CottonmouthLinearWaveID::StateSync_CottonmouthLinearWaveID
INFO (CarpetX): ScheduleTraverseGH iteration 60 CCTK_CHECKPOINT
INFO (CarpetX): CallFunction iteration 60 CCTK_CHECKPOINT: CarpetX::CarpetX_Checkpoint
INFO (CarpetX): ScheduleTraverseGH iteration 60 CCTK_ANALYSIS
INFO (CarpetX): CallFunction iteration 60 z4c_constraints_group: CottonmouthZ4c4m::z4c_constraints
INFO (CarpetX): OutputGH: iteration 60, time 0.600000, run time 5 s
INFO (CarpetX): OutputGH done.
INFO (CarpetX): Simulation time: 0.6   Iterations per second: 13.3322   Simulation time per second: 0.133322
INFO (CarpetX): Grid cells: 3200   Grid cell updates per second: 42663
INFO (CarpetX): Performance:
INFO (CarpetX):   total evolution time:            4.504 sec
INFO (CarpetX):   total evolution compute time:    4.50365 sec
INFO (CarpetX):   total evolution output time:     0.000344038 sec
INFO (CarpetX):   total iterations:                60
INFO (CarpetX):   total cells updated:             192000
INFO (CarpetX):   average iterations per second: 13.3215
INFO (CarpetX):   average cell updates per second: 42628.8
INFO (CarpetX): SyncGroups COTTONMOUTHZ4C4M::AT, COTTONMOUTHZ4C4M::THETA, COTTONMOUTHZ4C4M::CHI, COTTONMOUTHZ4C4M::EVO_GAMMAT, COTTONMOUTHZ4C4M::EVO_LAPSE, COTTONMOUTHZ4C4M::EVO_SHIFT, COTTONMOUTHZ4C4M::GT, COTTONMOUTHZ4C4M::TRK
INFO (CarpetX): ScheduleTraverseGH iteration 61 CCTK_PRESTEP
INFO (CarpetX): ScheduleTraverseGH iteration 61 CCTK_EVOL
INFO (CarpetX): CallFunction iteration 61 CCTK_EVOL: ODESolvers::ODESolvers_Solve
INFO (ODESolvers): ODE integrator is RK4
INFO (ODESolvers):   Integrating 22 variables
INFO (ODESolvers): Calculating RHS #1 at t=0.6
INFO (CarpetX): CallFunction iteration 61 z4c_rhs_group: CottonmouthZ4c4m::z4c_rhs
INFO (CarpetX): CallFunction iteration 61 z4c_apply_dissipation_group: CottonmouthZ4c4m::z4c_apply_dissipation
INFO (CarpetX): CallFunction iteration 61 z4c_enforce_pt1_group: CottonmouthZ4c4m::z4c_enforce_pt1
INFO (CarpetX): CallFunction iteration 61 z4c_enforce_pt2_group: CottonmouthZ4c4m::z4c_enforce_pt2
INFO (CarpetX): CallFunction iteration 61 z4c_to_adm_group: CottonmouthZ4c4m::sync_z4c
INFO (CarpetX): SyncGroups COTTONMOUTHZ4C4M::AT, COTTONMOUTHZ4C4M::GT, COTTONMOUTHZ4C4M::CHI, COTTONMOUTHZ4C4M::EVO_LAPSE, COTTONMOUTHZ4C4M::EVO_SHIFT, COTTONMOUTHZ4C4M::TRK
INFO (CarpetX): CallFunction iteration 61 z4c_to_adm_group: CottonmouthZ4c4m::z4c_to_adm
INFO (CarpetX): CallFunction iteration 61 ODESolvers_PostStep: CottonmouthZ4c4m::sync_state
INFO (CarpetX): SyncGroups COTTONMOUTHZ4C4M::AT, COTTONMOUTHZ4C4M::THETA, COTTONMOUTHZ4C4M::CHI, COTTONMOUTHZ4C4M::EVO_GAMMAT, COTTONMOUTHZ4C4M::EVO_LAPSE, COTTONMOUTHZ4C4M::EVO_SHIFT, COTTONMOUTHZ4C4M::GT, COTTONMOUTHZ4C4M::TRK
INFO (CarpetX): CallFunction iteration 61 TmunuBaseX_SetTmunuVars: TmunuBaseX::TmunuBaseX_ZeroTmunu
INFO (ODESolvers): Calculated new state #1 at t=0.605
INFO (ODESolvers): Calculating RHS #2 at t=0.605
INFO (CarpetX): CallFunction iteration 61 z4c_rhs_group: CottonmouthZ4c4m::z4c_rhs
INFO (CarpetX): CallFunction iteration 61 z4c_apply_dissipation_group: CottonmouthZ4c4m::z4c_apply_dissipation
INFO (CarpetX): CallFunction iteration 61 z4c_enforce_pt1_group: CottonmouthZ4c4m::z4c_enforce_pt1
INFO (CarpetX): CallFunction iteration 61 z4c_enforce_pt2_group: CottonmouthZ4c4m::z4c_enforce_pt2
INFO (CarpetX): CallFunction iteration 61 z4c_to_adm_group: CottonmouthZ4c4m::sync_z4c
INFO (CarpetX): SyncGroups COTTONMOUTHZ4C4M::AT, COTTONMOUTHZ4C4M::GT, COTTONMOUTHZ4C4M::CHI, COTTONMOUTHZ4C4M::EVO_LAPSE, COTTONMOUTHZ4C4M::EVO_SHIFT, COTTONMOUTHZ4C4M::TRK
INFO (CarpetX): CallFunction iteration 61 z4c_to_adm_group: CottonmouthZ4c4m::z4c_to_adm
INFO (CarpetX): CallFunction iteration 61 ODESolvers_PostStep: CottonmouthZ4c4m::sync_state
INFO (CarpetX): SyncGroups COTTONMOUTHZ4C4M::AT, COTTONMOUTHZ4C4M::THETA, COTTONMOUTHZ4C4M::CHI, COTTONMOUTHZ4C4M::EVO_GAMMAT, COTTONMOUTHZ4C4M::EVO_LAPSE, COTTONMOUTHZ4C4M::EVO_SHIFT, COTTONMOUTHZ4C4M::GT, COTTONMOUTHZ4C4M::TRK
INFO (CarpetX): CallFunction iteration 61 TmunuBaseX_SetTmunuVars: TmunuBaseX::TmunuBaseX_ZeroTmunu
INFO (ODESolvers): Calculated new state #2 at t=0.605
INFO (ODESolvers): Calculating RHS #3 at t=0.605
INFO (CarpetX): CallFunction iteration 61 z4c_rhs_group: CottonmouthZ4c4m::z4c_rhs
INFO (CarpetX): CallFunction iteration 61 z4c_apply_dissipation_group: CottonmouthZ4c4m::z4c_apply_dissipation
INFO (CarpetX): CallFunction iteration 61 z4c_enforce_pt1_group: CottonmouthZ4c4m::z4c_enforce_pt1
INFO (CarpetX): CallFunction iteration 61 z4c_enforce_pt2_group: CottonmouthZ4c4m::z4c_enforce_pt2
INFO (CarpetX): CallFunction iteration 61 z4c_to_adm_group: CottonmouthZ4c4m::sync_z4c
INFO (CarpetX): SyncGroups COTTONMOUTHZ4C4M::AT, COTTONMOUTHZ4C4M::GT, COTTONMOUTHZ4C4M::CHI, COTTONMOUTHZ4C4M::EVO_LAPSE, COTTONMOUTHZ4C4M::EVO_SHIFT, COTTONMOUTHZ4C4M::TRK
INFO (CarpetX): CallFunction iteration 61 z4c_to_adm_group: CottonmouthZ4c4m::z4c_to_adm
INFO (CarpetX): CallFunction iteration 61 ODESolvers_PostStep: CottonmouthZ4c4m::sync_state
INFO (CarpetX): SyncGroups COTTONMOUTHZ4C4M::AT, COTTONMOUTHZ4C4M::THETA, COTTONMOUTHZ4C4M::CHI, COTTONMOUTHZ4C4M::EVO_GAMMAT, COTTONMOUTHZ4C4M::EVO_LAPSE, COTTONMOUTHZ4C4M::EVO_SHIFT, COTTONMOUTHZ4C4M::GT, COTTONMOUTHZ4C4M::TRK
INFO (CarpetX): CallFunction iteration 61 TmunuBaseX_SetTmunuVars: TmunuBaseX::TmunuBaseX_ZeroTmunu
INFO (ODESolvers): Calculated new state #3 at t=0.61
INFO (ODESolvers): Calculating RHS #4 at t=0.61
INFO (CarpetX): CallFunction iteration 61 z4c_rhs_group: CottonmouthZ4c4m::z4c_rhs
INFO (CarpetX): CallFunction iteration 61 z4c_apply_dissipation_group: CottonmouthZ4c4m::z4c_apply_dissipation
INFO (CarpetX): CallFunction iteration 61 z4c_enforce_pt1_group: CottonmouthZ4c4m::z4c_enforce_pt1
INFO (CarpetX): CallFunction iteration 61 z4c_enforce_pt2_group: CottonmouthZ4c4m::z4c_enforce_pt2
INFO (CarpetX): CallFunction iteration 61 z4c_to_adm_group: CottonmouthZ4c4m::sync_z4c
INFO (CarpetX): SyncGroups COTTONMOUTHZ4C4M::AT, COTTONMOUTHZ4C4M::GT, COTTONMOUTHZ4C4M::CHI, COTTONMOUTHZ4C4M::EVO_LAPSE, COTTONMOUTHZ4C4M::EVO_SHIFT, COTTONMOUTHZ4C4M::TRK
INFO (CarpetX): CallFunction iteration 61 z4c_to_adm_group: CottonmouthZ4c4m::z4c_to_adm
INFO (CarpetX): CallFunction iteration 61 ODESolvers_PostStep: CottonmouthZ4c4m::sync_state
INFO (CarpetX): SyncGroups COTTONMOUTHZ4C4M::AT, COTTONMOUTHZ4C4M::THETA, COTTONMOUTHZ4C4M::CHI, COTTONMOUTHZ4C4M::EVO_GAMMAT, COTTONMOUTHZ4C4M::EVO_LAPSE, COTTONMOUTHZ4C4M::EVO_SHIFT, COTTONMOUTHZ4C4M::GT, COTTONMOUTHZ4C4M::TRK
INFO (CarpetX): CallFunction iteration 61 TmunuBaseX_SetTmunuVars: TmunuBaseX::TmunuBaseX_ZeroTmunu
INFO (ODESolvers): Calculated new state #4 at t=0.61
INFO (CarpetX): ScheduleTraverseGH iteration 61 CCTK_POSTSTEP
INFO (CarpetX): CallFunction iteration 61 CCTK_POSTSTEP: CottonmouthLinearWaveID::StateSync_CottonmouthLinearWaveID
INFO (CarpetX): ScheduleTraverseGH iteration 61 CCTK_CHECKPOINT
INFO (CarpetX): CallFunction iteration 61 CCTK_CHECKPOINT: CarpetX::CarpetX_Checkpoint
INFO (CarpetX): ScheduleTraverseGH iteration 61 CCTK_ANALYSIS
INFO (CarpetX): CallFunction iteration 61 z4c_constraints_group: CottonmouthZ4c4m::z4c_constraints
INFO (CarpetX): OutputGH: iteration 61, time 0.610000, run time 6 s
INFO (CarpetX): OutputGH done.
INFO (CarpetX): Simulation time: 0.61   Iterations per second: 13.3341   Simulation time per second: 0.133341
INFO (CarpetX): Grid cells: 3200   Grid cell updates per second: 42669.1
INFO (CarpetX): Performance:
INFO (CarpetX):   total evolution time:            4.5789 sec
INFO (CarpetX):   total evolution compute time:    4.57855 sec
INFO (CarpetX):   total evolution output time:     0.000349045 sec
INFO (CarpetX):   total iterations:                61
INFO (CarpetX):   total cells updated:             195200
INFO (CarpetX):   average iterations per second: 13.322
INFO (CarpetX):   average cell updates per second: 42630.4
INFO (CarpetX): SyncGroups COTTONMOUTHZ4C4M::AT, COTTONMOUTHZ4C4M::THETA, COTTONMOUTHZ4C4M::CHI, COTTONMOUTHZ4C4M::EVO_GAMMAT, COTTONMOUTHZ4C4M::EVO_LAPSE, COTTONMOUTHZ4C4M::EVO_SHIFT, COTTONMOUTHZ4C4M::GT, COTTONMOUTHZ4C4M::TRK
INFO (CarpetX): ScheduleTraverseGH iteration 62 CCTK_PRESTEP
INFO (CarpetX): ScheduleTraverseGH iteration 62 CCTK_EVOL
INFO (CarpetX): CallFunction iteration 62 CCTK_EVOL: ODESolvers::ODESolvers_Solve
INFO (ODESolvers): ODE integrator is RK4
INFO (ODESolvers):   Integrating 22 variables
INFO (ODESolvers): Calculating RHS #1 at t=0.61
INFO (CarpetX): CallFunction iteration 62 z4c_rhs_group: CottonmouthZ4c4m::z4c_rhs
INFO (CarpetX): CallFunction iteration 62 z4c_apply_dissipation_group: CottonmouthZ4c4m::z4c_apply_dissipation
INFO (CarpetX): CallFunction iteration 62 z4c_enforce_pt1_group: CottonmouthZ4c4m::z4c_enforce_pt1
INFO (CarpetX): CallFunction iteration 62 z4c_enforce_pt2_group: CottonmouthZ4c4m::z4c_enforce_pt2
INFO (CarpetX): CallFunction iteration 62 z4c_to_adm_group: CottonmouthZ4c4m::sync_z4c
INFO (CarpetX): SyncGroups COTTONMOUTHZ4C4M::AT, COTTONMOUTHZ4C4M::GT, COTTONMOUTHZ4C4M::CHI, COTTONMOUTHZ4C4M::EVO_LAPSE, COTTONMOUTHZ4C4M::EVO_SHIFT, COTTONMOUTHZ4C4M::TRK
INFO (CarpetX): CallFunction iteration 62 z4c_to_adm_group: CottonmouthZ4c4m::z4c_to_adm
INFO (CarpetX): CallFunction iteration 62 ODESolvers_PostStep: CottonmouthZ4c4m::sync_state
INFO (CarpetX): SyncGroups COTTONMOUTHZ4C4M::AT, COTTONMOUTHZ4C4M::THETA, COTTONMOUTHZ4C4M::CHI, COTTONMOUTHZ4C4M::EVO_GAMMAT, COTTONMOUTHZ4C4M::EVO_LAPSE, COTTONMOUTHZ4C4M::EVO_SHIFT, COTTONMOUTHZ4C4M::GT, COTTONMOUTHZ4C4M::TRK
INFO (CarpetX): CallFunction iteration 62 TmunuBaseX_SetTmunuVars: TmunuBaseX::TmunuBaseX_ZeroTmunu
INFO (ODESolvers): Calculated new state #1 at t=0.615
INFO (ODESolvers): Calculating RHS #2 at t=0.615
INFO (CarpetX): CallFunction iteration 62 z4c_rhs_group: CottonmouthZ4c4m::z4c_rhs
INFO (CarpetX): CallFunction iteration 62 z4c_apply_dissipation_group: CottonmouthZ4c4m::z4c_apply_dissipation
INFO (CarpetX): CallFunction iteration 62 z4c_enforce_pt1_group: CottonmouthZ4c4m::z4c_enforce_pt1
INFO (CarpetX): CallFunction iteration 62 z4c_enforce_pt2_group: CottonmouthZ4c4m::z4c_enforce_pt2
INFO (CarpetX): CallFunction iteration 62 z4c_to_adm_group: CottonmouthZ4c4m::sync_z4c
INFO (CarpetX): SyncGroups COTTONMOUTHZ4C4M::AT, COTTONMOUTHZ4C4M::GT, COTTONMOUTHZ4C4M::CHI, COTTONMOUTHZ4C4M::EVO_LAPSE, COTTONMOUTHZ4C4M::EVO_SHIFT, COTTONMOUTHZ4C4M::TRK
INFO (CarpetX): CallFunction iteration 62 z4c_to_adm_group: CottonmouthZ4c4m::z4c_to_adm
INFO (CarpetX): CallFunction iteration 62 ODESolvers_PostStep: CottonmouthZ4c4m::sync_state
INFO (CarpetX): SyncGroups COTTONMOUTHZ4C4M::AT, COTTONMOUTHZ4C4M::THETA, COTTONMOUTHZ4C4M::CHI, COTTONMOUTHZ4C4M::EVO_GAMMAT, COTTONMOUTHZ4C4M::EVO_LAPSE, COTTONMOUTHZ4C4M::EVO_SHIFT, COTTONMOUTHZ4C4M::GT, COTTONMOUTHZ4C4M::TRK
INFO (CarpetX): CallFunction iteration 62 TmunuBaseX_SetTmunuVars: TmunuBaseX::TmunuBaseX_ZeroTmunu
INFO (ODESolvers): Calculated new state #2 at t=0.615
INFO (ODESolvers): Calculating RHS #3 at t=0.615
INFO (CarpetX): CallFunction iteration 62 z4c_rhs_group: CottonmouthZ4c4m::z4c_rhs
INFO (CarpetX): CallFunction iteration 62 z4c_apply_dissipation_group: CottonmouthZ4c4m::z4c_apply_dissipation
INFO (CarpetX): CallFunction iteration 62 z4c_enforce_pt1_group: CottonmouthZ4c4m::z4c_enforce_pt1
INFO (CarpetX): CallFunction iteration 62 z4c_enforce_pt2_group: CottonmouthZ4c4m::z4c_enforce_pt2
INFO (CarpetX): CallFunction iteration 62 z4c_to_adm_group: CottonmouthZ4c4m::sync_z4c
INFO (CarpetX): SyncGroups COTTONMOUTHZ4C4M::AT, COTTONMOUTHZ4C4M::GT, COTTONMOUTHZ4C4M::CHI, COTTONMOUTHZ4C4M::EVO_LAPSE, COTTONMOUTHZ4C4M::EVO_SHIFT, COTTONMOUTHZ4C4M::TRK
INFO (CarpetX): CallFunction iteration 62 z4c_to_adm_group: CottonmouthZ4c4m::z4c_to_adm
INFO (CarpetX): CallFunction iteration 62 ODESolvers_PostStep: CottonmouthZ4c4m::sync_state
INFO (CarpetX): SyncGroups COTTONMOUTHZ4C4M::AT, COTTONMOUTHZ4C4M::THETA, COTTONMOUTHZ4C4M::CHI, COTTONMOUTHZ4C4M::EVO_GAMMAT, COTTONMOUTHZ4C4M::EVO_LAPSE, COTTONMOUTHZ4C4M::EVO_SHIFT, COTTONMOUTHZ4C4M::GT, COTTONMOUTHZ4C4M::TRK
INFO (CarpetX): CallFunction iteration 62 TmunuBaseX_SetTmunuVars: TmunuBaseX::TmunuBaseX_ZeroTmunu
INFO (ODESolvers): Calculated new state #3 at t=0.62
INFO (ODESolvers): Calculating RHS #4 at t=0.62
INFO (CarpetX): CallFunction iteration 62 z4c_rhs_group: CottonmouthZ4c4m::z4c_rhs
INFO (CarpetX): CallFunction iteration 62 z4c_apply_dissipation_group: CottonmouthZ4c4m::z4c_apply_dissipation
INFO (CarpetX): CallFunction iteration 62 z4c_enforce_pt1_group: CottonmouthZ4c4m::z4c_enforce_pt1
INFO (CarpetX): CallFunction iteration 62 z4c_enforce_pt2_group: CottonmouthZ4c4m::z4c_enforce_pt2
INFO (CarpetX): CallFunction iteration 62 z4c_to_adm_group: CottonmouthZ4c4m::sync_z4c
INFO (CarpetX): SyncGroups COTTONMOUTHZ4C4M::AT, COTTONMOUTHZ4C4M::GT, COTTONMOUTHZ4C4M::CHI, COTTONMOUTHZ4C4M::EVO_LAPSE, COTTONMOUTHZ4C4M::EVO_SHIFT, COTTONMOUTHZ4C4M::TRK
INFO (CarpetX): CallFunction iteration 62 z4c_to_adm_group: CottonmouthZ4c4m::z4c_to_adm
INFO (CarpetX): CallFunction iteration 62 ODESolvers_PostStep: CottonmouthZ4c4m::sync_state
INFO (CarpetX): SyncGroups COTTONMOUTHZ4C4M::AT, COTTONMOUTHZ4C4M::THETA, COTTONMOUTHZ4C4M::CHI, COTTONMOUTHZ4C4M::EVO_GAMMAT, COTTONMOUTHZ4C4M::EVO_LAPSE, COTTONMOUTHZ4C4M::EVO_SHIFT, COTTONMOUTHZ4C4M::GT, COTTONMOUTHZ4C4M::TRK
INFO (CarpetX): CallFunction iteration 62 TmunuBaseX_SetTmunuVars: TmunuBaseX::TmunuBaseX_ZeroTmunu
INFO (ODESolvers): Calculated new state #4 at t=0.62
INFO (CarpetX): ScheduleTraverseGH iteration 62 CCTK_POSTSTEP
INFO (CarpetX): CallFunction iteration 62 CCTK_POSTSTEP: CottonmouthLinearWaveID::StateSync_CottonmouthLinearWaveID
INFO (CarpetX): ScheduleTraverseGH iteration 62 CCTK_CHECKPOINT
INFO (CarpetX): CallFunction iteration 62 CCTK_CHECKPOINT: CarpetX::CarpetX_Checkpoint
INFO (CarpetX): ScheduleTraverseGH iteration 62 CCTK_ANALYSIS
INFO (CarpetX): CallFunction iteration 62 z4c_constraints_group: CottonmouthZ4c4m::z4c_constraints
INFO (CarpetX): OutputGH: iteration 62, time 0.620000, run time 6 s
INFO (CarpetX): OutputGH done.
INFO (CarpetX): Simulation time: 0.62   Iterations per second: 13.3338   Simulation time per second: 0.133338
INFO (CarpetX): Grid cells: 3200   Grid cell updates per second: 42668.3
INFO (CarpetX): Performance:
INFO (CarpetX):   total evolution time:            4.65391 sec
INFO (CarpetX):   total evolution compute time:    4.65355 sec
INFO (CarpetX):   total evolution output time:     0.000355005 sec
INFO (CarpetX):   total iterations:                62
INFO (CarpetX):   total cells updated:             198400
INFO (CarpetX):   average iterations per second: 13.3221
INFO (CarpetX):   average cell updates per second: 42630.9
INFO (CarpetX): SyncGroups COTTONMOUTHZ4C4M::AT, COTTONMOUTHZ4C4M::THETA, COTTONMOUTHZ4C4M::CHI, COTTONMOUTHZ4C4M::EVO_GAMMAT, COTTONMOUTHZ4C4M::EVO_LAPSE, COTTONMOUTHZ4C4M::EVO_SHIFT, COTTONMOUTHZ4C4M::GT, COTTONMOUTHZ4C4M::TRK
INFO (CarpetX): ScheduleTraverseGH iteration 63 CCTK_PRESTEP
INFO (CarpetX): ScheduleTraverseGH iteration 63 CCTK_EVOL
INFO (CarpetX): CallFunction iteration 63 CCTK_EVOL: ODESolvers::ODESolvers_Solve
INFO (ODESolvers): ODE integrator is RK4
INFO (ODESolvers):   Integrating 22 variables
INFO (ODESolvers): Calculating RHS #1 at t=0.62
INFO (CarpetX): CallFunction iteration 63 z4c_rhs_group: CottonmouthZ4c4m::z4c_rhs
INFO (CarpetX): CallFunction iteration 63 z4c_apply_dissipation_group: CottonmouthZ4c4m::z4c_apply_dissipation
INFO (CarpetX): CallFunction iteration 63 z4c_enforce_pt1_group: CottonmouthZ4c4m::z4c_enforce_pt1
INFO (CarpetX): CallFunction iteration 63 z4c_enforce_pt2_group: CottonmouthZ4c4m::z4c_enforce_pt2
INFO (CarpetX): CallFunction iteration 63 z4c_to_adm_group: CottonmouthZ4c4m::sync_z4c
INFO (CarpetX): SyncGroups COTTONMOUTHZ4C4M::AT, COTTONMOUTHZ4C4M::GT, COTTONMOUTHZ4C4M::CHI, COTTONMOUTHZ4C4M::EVO_LAPSE, COTTONMOUTHZ4C4M::EVO_SHIFT, COTTONMOUTHZ4C4M::TRK
INFO (CarpetX): CallFunction iteration 63 z4c_to_adm_group: CottonmouthZ4c4m::z4c_to_adm
INFO (CarpetX): CallFunction iteration 63 ODESolvers_PostStep: CottonmouthZ4c4m::sync_state
INFO (CarpetX): SyncGroups COTTONMOUTHZ4C4M::AT, COTTONMOUTHZ4C4M::THETA, COTTONMOUTHZ4C4M::CHI, COTTONMOUTHZ4C4M::EVO_GAMMAT, COTTONMOUTHZ4C4M::EVO_LAPSE, COTTONMOUTHZ4C4M::EVO_SHIFT, COTTONMOUTHZ4C4M::GT, COTTONMOUTHZ4C4M::TRK
INFO (CarpetX): CallFunction iteration 63 TmunuBaseX_SetTmunuVars: TmunuBaseX::TmunuBaseX_ZeroTmunu
INFO (ODESolvers): Calculated new state #1 at t=0.625
INFO (ODESolvers): Calculating RHS #2 at t=0.625
INFO (CarpetX): CallFunction iteration 63 z4c_rhs_group: CottonmouthZ4c4m::z4c_rhs
INFO (CarpetX): CallFunction iteration 63 z4c_apply_dissipation_group: CottonmouthZ4c4m::z4c_apply_dissipation
INFO (CarpetX): CallFunction iteration 63 z4c_enforce_pt1_group: CottonmouthZ4c4m::z4c_enforce_pt1
INFO (CarpetX): CallFunction iteration 63 z4c_enforce_pt2_group: CottonmouthZ4c4m::z4c_enforce_pt2
INFO (CarpetX): CallFunction iteration 63 z4c_to_adm_group: CottonmouthZ4c4m::sync_z4c
INFO (CarpetX): SyncGroups COTTONMOUTHZ4C4M::AT, COTTONMOUTHZ4C4M::GT, COTTONMOUTHZ4C4M::CHI, COTTONMOUTHZ4C4M::EVO_LAPSE, COTTONMOUTHZ4C4M::EVO_SHIFT, COTTONMOUTHZ4C4M::TRK
INFO (CarpetX): CallFunction iteration 63 z4c_to_adm_group: CottonmouthZ4c4m::z4c_to_adm
INFO (CarpetX): CallFunction iteration 63 ODESolvers_PostStep: CottonmouthZ4c4m::sync_state
INFO (CarpetX): SyncGroups COTTONMOUTHZ4C4M::AT, COTTONMOUTHZ4C4M::THETA, COTTONMOUTHZ4C4M::CHI, COTTONMOUTHZ4C4M::EVO_GAMMAT, COTTONMOUTHZ4C4M::EVO_LAPSE, COTTONMOUTHZ4C4M::EVO_SHIFT, COTTONMOUTHZ4C4M::GT, COTTONMOUTHZ4C4M::TRK
INFO (CarpetX): CallFunction iteration 63 TmunuBaseX_SetTmunuVars: TmunuBaseX::TmunuBaseX_ZeroTmunu
INFO (ODESolvers): Calculated new state #2 at t=0.625
INFO (ODESolvers): Calculating RHS #3 at t=0.625
INFO (CarpetX): CallFunction iteration 63 z4c_rhs_group: CottonmouthZ4c4m::z4c_rhs
INFO (CarpetX): CallFunction iteration 63 z4c_apply_dissipation_group: CottonmouthZ4c4m::z4c_apply_dissipation
INFO (CarpetX): CallFunction iteration 63 z4c_enforce_pt1_group: CottonmouthZ4c4m::z4c_enforce_pt1
INFO (CarpetX): CallFunction iteration 63 z4c_enforce_pt2_group: CottonmouthZ4c4m::z4c_enforce_pt2
INFO (CarpetX): CallFunction iteration 63 z4c_to_adm_group: CottonmouthZ4c4m::sync_z4c
INFO (CarpetX): SyncGroups COTTONMOUTHZ4C4M::AT, COTTONMOUTHZ4C4M::GT, COTTONMOUTHZ4C4M::CHI, COTTONMOUTHZ4C4M::EVO_LAPSE, COTTONMOUTHZ4C4M::EVO_SHIFT, COTTONMOUTHZ4C4M::TRK
INFO (CarpetX): CallFunction iteration 63 z4c_to_adm_group: CottonmouthZ4c4m::z4c_to_adm
INFO (CarpetX): CallFunction iteration 63 ODESolvers_PostStep: CottonmouthZ4c4m::sync_state
INFO (CarpetX): SyncGroups COTTONMOUTHZ4C4M::AT, COTTONMOUTHZ4C4M::THETA, COTTONMOUTHZ4C4M::CHI, COTTONMOUTHZ4C4M::EVO_GAMMAT, COTTONMOUTHZ4C4M::EVO_LAPSE, COTTONMOUTHZ4C4M::EVO_SHIFT, COTTONMOUTHZ4C4M::GT, COTTONMOUTHZ4C4M::TRK
INFO (CarpetX): CallFunction iteration 63 TmunuBaseX_SetTmunuVars: TmunuBaseX::TmunuBaseX_ZeroTmunu
INFO (ODESolvers): Calculated new state #3 at t=0.63
INFO (ODESolvers): Calculating RHS #4 at t=0.63
INFO (CarpetX): CallFunction iteration 63 z4c_rhs_group: CottonmouthZ4c4m::z4c_rhs
INFO (CarpetX): CallFunction iteration 63 z4c_apply_dissipation_group: CottonmouthZ4c4m::z4c_apply_dissipation
INFO (CarpetX): CallFunction iteration 63 z4c_enforce_pt1_group: CottonmouthZ4c4m::z4c_enforce_pt1
INFO (CarpetX): CallFunction iteration 63 z4c_enforce_pt2_group: CottonmouthZ4c4m::z4c_enforce_pt2
INFO (CarpetX): CallFunction iteration 63 z4c_to_adm_group: CottonmouthZ4c4m::sync_z4c
INFO (CarpetX): SyncGroups COTTONMOUTHZ4C4M::AT, COTTONMOUTHZ4C4M::GT, COTTONMOUTHZ4C4M::CHI, COTTONMOUTHZ4C4M::EVO_LAPSE, COTTONMOUTHZ4C4M::EVO_SHIFT, COTTONMOUTHZ4C4M::TRK
INFO (CarpetX): CallFunction iteration 63 z4c_to_adm_group: CottonmouthZ4c4m::z4c_to_adm
INFO (CarpetX): CallFunction iteration 63 ODESolvers_PostStep: CottonmouthZ4c4m::sync_state
INFO (CarpetX): SyncGroups COTTONMOUTHZ4C4M::AT, COTTONMOUTHZ4C4M::THETA, COTTONMOUTHZ4C4M::CHI, COTTONMOUTHZ4C4M::EVO_GAMMAT, COTTONMOUTHZ4C4M::EVO_LAPSE, COTTONMOUTHZ4C4M::EVO_SHIFT, COTTONMOUTHZ4C4M::GT, COTTONMOUTHZ4C4M::TRK
INFO (CarpetX): CallFunction iteration 63 TmunuBaseX_SetTmunuVars: TmunuBaseX::TmunuBaseX_ZeroTmunu
INFO (ODESolvers): Calculated new state #4 at t=0.63
INFO (CarpetX): ScheduleTraverseGH iteration 63 CCTK_POSTSTEP
INFO (CarpetX): CallFunction iteration 63 CCTK_POSTSTEP: CottonmouthLinearWaveID::StateSync_CottonmouthLinearWaveID
INFO (CarpetX): ScheduleTraverseGH iteration 63 CCTK_CHECKPOINT
INFO (CarpetX): CallFunction iteration 63 CCTK_CHECKPOINT: CarpetX::CarpetX_Checkpoint
INFO (CarpetX): ScheduleTraverseGH iteration 63 CCTK_ANALYSIS
INFO (CarpetX): CallFunction iteration 63 z4c_constraints_group: CottonmouthZ4c4m::z4c_constraints
INFO (CarpetX): OutputGH: iteration 63, time 0.630000, run time 6 s
INFO (CarpetX): OutputGH done.
INFO (CarpetX): Simulation time: 0.63   Iterations per second: 13.3376   Simulation time per second: 0.133376
INFO (CarpetX): Grid cells: 3200   Grid cell updates per second: 42680.3
INFO (CarpetX): Performance:
INFO (CarpetX):   total evolution time:            4.72869 sec
INFO (CarpetX):   total evolution compute time:    4.72833 sec
INFO (CarpetX):   total evolution output time:     0.000361204 sec
INFO (CarpetX):   total iterations:                63
INFO (CarpetX):   total cells updated:             201600
INFO (CarpetX):   average iterations per second: 13.3229
INFO (CarpetX):   average cell updates per second: 42633.4
INFO (CarpetX): SyncGroups COTTONMOUTHZ4C4M::AT, COTTONMOUTHZ4C4M::THETA, COTTONMOUTHZ4C4M::CHI, COTTONMOUTHZ4C4M::EVO_GAMMAT, COTTONMOUTHZ4C4M::EVO_LAPSE, COTTONMOUTHZ4C4M::EVO_SHIFT, COTTONMOUTHZ4C4M::GT, COTTONMOUTHZ4C4M::TRK
INFO (CarpetX): ScheduleTraverseGH iteration 64 CCTK_PRESTEP
INFO (CarpetX): ScheduleTraverseGH iteration 64 CCTK_EVOL
INFO (CarpetX): CallFunction iteration 64 CCTK_EVOL: ODESolvers::ODESolvers_Solve
INFO (ODESolvers): ODE integrator is RK4
INFO (ODESolvers):   Integrating 22 variables
INFO (ODESolvers): Calculating RHS #1 at t=0.63
INFO (CarpetX): CallFunction iteration 64 z4c_rhs_group: CottonmouthZ4c4m::z4c_rhs
INFO (CarpetX): CallFunction iteration 64 z4c_apply_dissipation_group: CottonmouthZ4c4m::z4c_apply_dissipation
INFO (CarpetX): CallFunction iteration 64 z4c_enforce_pt1_group: CottonmouthZ4c4m::z4c_enforce_pt1
INFO (CarpetX): CallFunction iteration 64 z4c_enforce_pt2_group: CottonmouthZ4c4m::z4c_enforce_pt2
INFO (CarpetX): CallFunction iteration 64 z4c_to_adm_group: CottonmouthZ4c4m::sync_z4c
INFO (CarpetX): SyncGroups COTTONMOUTHZ4C4M::AT, COTTONMOUTHZ4C4M::GT, COTTONMOUTHZ4C4M::CHI, COTTONMOUTHZ4C4M::EVO_LAPSE, COTTONMOUTHZ4C4M::EVO_SHIFT, COTTONMOUTHZ4C4M::TRK
INFO (CarpetX): CallFunction iteration 64 z4c_to_adm_group: CottonmouthZ4c4m::z4c_to_adm
INFO (CarpetX): CallFunction iteration 64 ODESolvers_PostStep: CottonmouthZ4c4m::sync_state
INFO (CarpetX): SyncGroups COTTONMOUTHZ4C4M::AT, COTTONMOUTHZ4C4M::THETA, COTTONMOUTHZ4C4M::CHI, COTTONMOUTHZ4C4M::EVO_GAMMAT, COTTONMOUTHZ4C4M::EVO_LAPSE, COTTONMOUTHZ4C4M::EVO_SHIFT, COTTONMOUTHZ4C4M::GT, COTTONMOUTHZ4C4M::TRK
INFO (CarpetX): CallFunction iteration 64 TmunuBaseX_SetTmunuVars: TmunuBaseX::TmunuBaseX_ZeroTmunu
INFO (ODESolvers): Calculated new state #1 at t=0.635
INFO (ODESolvers): Calculating RHS #2 at t=0.635
INFO (CarpetX): CallFunction iteration 64 z4c_rhs_group: CottonmouthZ4c4m::z4c_rhs
INFO (CarpetX): CallFunction iteration 64 z4c_apply_dissipation_group: CottonmouthZ4c4m::z4c_apply_dissipation
INFO (CarpetX): CallFunction iteration 64 z4c_enforce_pt1_group: CottonmouthZ4c4m::z4c_enforce_pt1
INFO (CarpetX): CallFunction iteration 64 z4c_enforce_pt2_group: CottonmouthZ4c4m::z4c_enforce_pt2
INFO (CarpetX): CallFunction iteration 64 z4c_to_adm_group: CottonmouthZ4c4m::sync_z4c
INFO (CarpetX): SyncGroups COTTONMOUTHZ4C4M::AT, COTTONMOUTHZ4C4M::GT, COTTONMOUTHZ4C4M::CHI, COTTONMOUTHZ4C4M::EVO_LAPSE, COTTONMOUTHZ4C4M::EVO_SHIFT, COTTONMOUTHZ4C4M::TRK
INFO (CarpetX): CallFunction iteration 64 z4c_to_adm_group: CottonmouthZ4c4m::z4c_to_adm
INFO (CarpetX): CallFunction iteration 64 ODESolvers_PostStep: CottonmouthZ4c4m::sync_state
INFO (CarpetX): SyncGroups COTTONMOUTHZ4C4M::AT, COTTONMOUTHZ4C4M::THETA, COTTONMOUTHZ4C4M::CHI, COTTONMOUTHZ4C4M::EVO_GAMMAT, COTTONMOUTHZ4C4M::EVO_LAPSE, COTTONMOUTHZ4C4M::EVO_SHIFT, COTTONMOUTHZ4C4M::GT, COTTONMOUTHZ4C4M::TRK
INFO (CarpetX): CallFunction iteration 64 TmunuBaseX_SetTmunuVars: TmunuBaseX::TmunuBaseX_ZeroTmunu
INFO (ODESolvers): Calculated new state #2 at t=0.635
INFO (ODESolvers): Calculating RHS #3 at t=0.635
INFO (CarpetX): CallFunction iteration 64 z4c_rhs_group: CottonmouthZ4c4m::z4c_rhs
INFO (CarpetX): CallFunction iteration 64 z4c_apply_dissipation_group: CottonmouthZ4c4m::z4c_apply_dissipation
INFO (CarpetX): CallFunction iteration 64 z4c_enforce_pt1_group: CottonmouthZ4c4m::z4c_enforce_pt1
INFO (CarpetX): CallFunction iteration 64 z4c_enforce_pt2_group: CottonmouthZ4c4m::z4c_enforce_pt2
INFO (CarpetX): CallFunction iteration 64 z4c_to_adm_group: CottonmouthZ4c4m::sync_z4c
INFO (CarpetX): SyncGroups COTTONMOUTHZ4C4M::AT, COTTONMOUTHZ4C4M::GT, COTTONMOUTHZ4C4M::CHI, COTTONMOUTHZ4C4M::EVO_LAPSE, COTTONMOUTHZ4C4M::EVO_SHIFT, COTTONMOUTHZ4C4M::TRK
INFO (CarpetX): CallFunction iteration 64 z4c_to_adm_group: CottonmouthZ4c4m::z4c_to_adm
INFO (CarpetX): CallFunction iteration 64 ODESolvers_PostStep: CottonmouthZ4c4m::sync_state
INFO (CarpetX): SyncGroups COTTONMOUTHZ4C4M::AT, COTTONMOUTHZ4C4M::THETA, COTTONMOUTHZ4C4M::CHI, COTTONMOUTHZ4C4M::EVO_GAMMAT, COTTONMOUTHZ4C4M::EVO_LAPSE, COTTONMOUTHZ4C4M::EVO_SHIFT, COTTONMOUTHZ4C4M::GT, COTTONMOUTHZ4C4M::TRK
INFO (CarpetX): CallFunction iteration 64 TmunuBaseX_SetTmunuVars: TmunuBaseX::TmunuBaseX_ZeroTmunu
INFO (ODESolvers): Calculated new state #3 at t=0.64
INFO (ODESolvers): Calculating RHS #4 at t=0.64
INFO (CarpetX): CallFunction iteration 64 z4c_rhs_group: CottonmouthZ4c4m::z4c_rhs
INFO (CarpetX): CallFunction iteration 64 z4c_apply_dissipation_group: CottonmouthZ4c4m::z4c_apply_dissipation
INFO (CarpetX): CallFunction iteration 64 z4c_enforce_pt1_group: CottonmouthZ4c4m::z4c_enforce_pt1
INFO (CarpetX): CallFunction iteration 64 z4c_enforce_pt2_group: CottonmouthZ4c4m::z4c_enforce_pt2
INFO (CarpetX): CallFunction iteration 64 z4c_to_adm_group: CottonmouthZ4c4m::sync_z4c
INFO (CarpetX): SyncGroups COTTONMOUTHZ4C4M::AT, COTTONMOUTHZ4C4M::GT, COTTONMOUTHZ4C4M::CHI, COTTONMOUTHZ4C4M::EVO_LAPSE, COTTONMOUTHZ4C4M::EVO_SHIFT, COTTONMOUTHZ4C4M::TRK
INFO (CarpetX): CallFunction iteration 64 z4c_to_adm_group: CottonmouthZ4c4m::z4c_to_adm
INFO (CarpetX): CallFunction iteration 64 ODESolvers_PostStep: CottonmouthZ4c4m::sync_state
INFO (CarpetX): SyncGroups COTTONMOUTHZ4C4M::AT, COTTONMOUTHZ4C4M::THETA, COTTONMOUTHZ4C4M::CHI, COTTONMOUTHZ4C4M::EVO_GAMMAT, COTTONMOUTHZ4C4M::EVO_LAPSE, COTTONMOUTHZ4C4M::EVO_SHIFT, COTTONMOUTHZ4C4M::GT, COTTONMOUTHZ4C4M::TRK
INFO (CarpetX): CallFunction iteration 64 TmunuBaseX_SetTmunuVars: TmunuBaseX::TmunuBaseX_ZeroTmunu
INFO (ODESolvers): Calculated new state #4 at t=0.64
INFO (CarpetX): ScheduleTraverseGH iteration 64 CCTK_POSTSTEP
INFO (CarpetX): CallFunction iteration 64 CCTK_POSTSTEP: CottonmouthLinearWaveID::StateSync_CottonmouthLinearWaveID
INFO (CarpetX): ScheduleTraverseGH iteration 64 CCTK_CHECKPOINT
INFO (CarpetX): CallFunction iteration 64 CCTK_CHECKPOINT: CarpetX::CarpetX_Checkpoint
INFO (CarpetX): ScheduleTraverseGH iteration 64 CCTK_ANALYSIS
INFO (CarpetX): CallFunction iteration 64 z4c_constraints_group: CottonmouthZ4c4m::z4c_constraints
INFO (CarpetX): OutputGH: iteration 64, time 0.640000, run time 6 s
INFO (CarpetX): OutputGH done.
INFO (CarpetX): Simulation time: 0.64   Iterations per second: 13.3408   Simulation time per second: 0.133408
INFO (CarpetX): Grid cells: 3200   Grid cell updates per second: 42690.6
INFO (CarpetX): Performance:
INFO (CarpetX):   total evolution time:            4.80349 sec
INFO (CarpetX):   total evolution compute time:    4.80312 sec
INFO (CarpetX):   total evolution output time:     0.000366211 sec
INFO (CarpetX):   total iterations:                64
INFO (CarpetX):   total cells updated:             204800
INFO (CarpetX):   average iterations per second: 13.3237
INFO (CarpetX):   average cell updates per second: 42635.7
INFO (CarpetX): SyncGroups COTTONMOUTHZ4C4M::AT, COTTONMOUTHZ4C4M::THETA, COTTONMOUTHZ4C4M::CHI, COTTONMOUTHZ4C4M::EVO_GAMMAT, COTTONMOUTHZ4C4M::EVO_LAPSE, COTTONMOUTHZ4C4M::EVO_SHIFT, COTTONMOUTHZ4C4M::GT, COTTONMOUTHZ4C4M::TRK
INFO (CarpetX): ScheduleTraverseGH iteration 65 CCTK_PRESTEP
INFO (CarpetX): ScheduleTraverseGH iteration 65 CCTK_EVOL
INFO (CarpetX): CallFunction iteration 65 CCTK_EVOL: ODESolvers::ODESolvers_Solve
INFO (ODESolvers): ODE integrator is RK4
INFO (ODESolvers):   Integrating 22 variables
INFO (ODESolvers): Calculating RHS #1 at t=0.64
INFO (CarpetX): CallFunction iteration 65 z4c_rhs_group: CottonmouthZ4c4m::z4c_rhs
INFO (CarpetX): CallFunction iteration 65 z4c_apply_dissipation_group: CottonmouthZ4c4m::z4c_apply_dissipation
INFO (CarpetX): CallFunction iteration 65 z4c_enforce_pt1_group: CottonmouthZ4c4m::z4c_enforce_pt1
INFO (CarpetX): CallFunction iteration 65 z4c_enforce_pt2_group: CottonmouthZ4c4m::z4c_enforce_pt2
INFO (CarpetX): CallFunction iteration 65 z4c_to_adm_group: CottonmouthZ4c4m::sync_z4c
INFO (CarpetX): SyncGroups COTTONMOUTHZ4C4M::AT, COTTONMOUTHZ4C4M::GT, COTTONMOUTHZ4C4M::CHI, COTTONMOUTHZ4C4M::EVO_LAPSE, COTTONMOUTHZ4C4M::EVO_SHIFT, COTTONMOUTHZ4C4M::TRK
INFO (CarpetX): CallFunction iteration 65 z4c_to_adm_group: CottonmouthZ4c4m::z4c_to_adm
INFO (CarpetX): CallFunction iteration 65 ODESolvers_PostStep: CottonmouthZ4c4m::sync_state
INFO (CarpetX): SyncGroups COTTONMOUTHZ4C4M::AT, COTTONMOUTHZ4C4M::THETA, COTTONMOUTHZ4C4M::CHI, COTTONMOUTHZ4C4M::EVO_GAMMAT, COTTONMOUTHZ4C4M::EVO_LAPSE, COTTONMOUTHZ4C4M::EVO_SHIFT, COTTONMOUTHZ4C4M::GT, COTTONMOUTHZ4C4M::TRK
INFO (CarpetX): CallFunction iteration 65 TmunuBaseX_SetTmunuVars: TmunuBaseX::TmunuBaseX_ZeroTmunu
INFO (ODESolvers): Calculated new state #1 at t=0.645
INFO (ODESolvers): Calculating RHS #2 at t=0.645
INFO (CarpetX): CallFunction iteration 65 z4c_rhs_group: CottonmouthZ4c4m::z4c_rhs
INFO (CarpetX): CallFunction iteration 65 z4c_apply_dissipation_group: CottonmouthZ4c4m::z4c_apply_dissipation
INFO (CarpetX): CallFunction iteration 65 z4c_enforce_pt1_group: CottonmouthZ4c4m::z4c_enforce_pt1
INFO (CarpetX): CallFunction iteration 65 z4c_enforce_pt2_group: CottonmouthZ4c4m::z4c_enforce_pt2
INFO (CarpetX): CallFunction iteration 65 z4c_to_adm_group: CottonmouthZ4c4m::sync_z4c
INFO (CarpetX): SyncGroups COTTONMOUTHZ4C4M::AT, COTTONMOUTHZ4C4M::GT, COTTONMOUTHZ4C4M::CHI, COTTONMOUTHZ4C4M::EVO_LAPSE, COTTONMOUTHZ4C4M::EVO_SHIFT, COTTONMOUTHZ4C4M::TRK
INFO (CarpetX): CallFunction iteration 65 z4c_to_adm_group: CottonmouthZ4c4m::z4c_to_adm
INFO (CarpetX): CallFunction iteration 65 ODESolvers_PostStep: CottonmouthZ4c4m::sync_state
INFO (CarpetX): SyncGroups COTTONMOUTHZ4C4M::AT, COTTONMOUTHZ4C4M::THETA, COTTONMOUTHZ4C4M::CHI, COTTONMOUTHZ4C4M::EVO_GAMMAT, COTTONMOUTHZ4C4M::EVO_LAPSE, COTTONMOUTHZ4C4M::EVO_SHIFT, COTTONMOUTHZ4C4M::GT, COTTONMOUTHZ4C4M::TRK
INFO (CarpetX): CallFunction iteration 65 TmunuBaseX_SetTmunuVars: TmunuBaseX::TmunuBaseX_ZeroTmunu
INFO (ODESolvers): Calculated new state #2 at t=0.645
INFO (ODESolvers): Calculating RHS #3 at t=0.645
INFO (CarpetX): CallFunction iteration 65 z4c_rhs_group: CottonmouthZ4c4m::z4c_rhs
INFO (CarpetX): CallFunction iteration 65 z4c_apply_dissipation_group: CottonmouthZ4c4m::z4c_apply_dissipation
INFO (CarpetX): CallFunction iteration 65 z4c_enforce_pt1_group: CottonmouthZ4c4m::z4c_enforce_pt1
INFO (CarpetX): CallFunction iteration 65 z4c_enforce_pt2_group: CottonmouthZ4c4m::z4c_enforce_pt2
INFO (CarpetX): CallFunction iteration 65 z4c_to_adm_group: CottonmouthZ4c4m::sync_z4c
INFO (CarpetX): SyncGroups COTTONMOUTHZ4C4M::AT, COTTONMOUTHZ4C4M::GT, COTTONMOUTHZ4C4M::CHI, COTTONMOUTHZ4C4M::EVO_LAPSE, COTTONMOUTHZ4C4M::EVO_SHIFT, COTTONMOUTHZ4C4M::TRK
INFO (CarpetX): CallFunction iteration 65 z4c_to_adm_group: CottonmouthZ4c4m::z4c_to_adm
INFO (CarpetX): CallFunction iteration 65 ODESolvers_PostStep: CottonmouthZ4c4m::sync_state
INFO (CarpetX): SyncGroups COTTONMOUTHZ4C4M::AT, COTTONMOUTHZ4C4M::THETA, COTTONMOUTHZ4C4M::CHI, COTTONMOUTHZ4C4M::EVO_GAMMAT, COTTONMOUTHZ4C4M::EVO_LAPSE, COTTONMOUTHZ4C4M::EVO_SHIFT, COTTONMOUTHZ4C4M::GT, COTTONMOUTHZ4C4M::TRK
INFO (CarpetX): CallFunction iteration 65 TmunuBaseX_SetTmunuVars: TmunuBaseX::TmunuBaseX_ZeroTmunu
INFO (ODESolvers): Calculated new state #3 at t=0.65
INFO (ODESolvers): Calculating RHS #4 at t=0.65
INFO (CarpetX): CallFunction iteration 65 z4c_rhs_group: CottonmouthZ4c4m::z4c_rhs
INFO (CarpetX): CallFunction iteration 65 z4c_apply_dissipation_group: CottonmouthZ4c4m::z4c_apply_dissipation
INFO (CarpetX): CallFunction iteration 65 z4c_enforce_pt1_group: CottonmouthZ4c4m::z4c_enforce_pt1
INFO (CarpetX): CallFunction iteration 65 z4c_enforce_pt2_group: CottonmouthZ4c4m::z4c_enforce_pt2
INFO (CarpetX): CallFunction iteration 65 z4c_to_adm_group: CottonmouthZ4c4m::sync_z4c
INFO (CarpetX): SyncGroups COTTONMOUTHZ4C4M::AT, COTTONMOUTHZ4C4M::GT, COTTONMOUTHZ4C4M::CHI, COTTONMOUTHZ4C4M::EVO_LAPSE, COTTONMOUTHZ4C4M::EVO_SHIFT, COTTONMOUTHZ4C4M::TRK
INFO (CarpetX): CallFunction iteration 65 z4c_to_adm_group: CottonmouthZ4c4m::z4c_to_adm
INFO (CarpetX): CallFunction iteration 65 ODESolvers_PostStep: CottonmouthZ4c4m::sync_state
INFO (CarpetX): SyncGroups COTTONMOUTHZ4C4M::AT, COTTONMOUTHZ4C4M::THETA, COTTONMOUTHZ4C4M::CHI, COTTONMOUTHZ4C4M::EVO_GAMMAT, COTTONMOUTHZ4C4M::EVO_LAPSE, COTTONMOUTHZ4C4M::EVO_SHIFT, COTTONMOUTHZ4C4M::GT, COTTONMOUTHZ4C4M::TRK
INFO (CarpetX): CallFunction iteration 65 TmunuBaseX_SetTmunuVars: TmunuBaseX::TmunuBaseX_ZeroTmunu
INFO (ODESolvers): Calculated new state #4 at t=0.65
INFO (CarpetX): ScheduleTraverseGH iteration 65 CCTK_POSTSTEP
INFO (CarpetX): CallFunction iteration 65 CCTK_POSTSTEP: CottonmouthLinearWaveID::StateSync_CottonmouthLinearWaveID
INFO (CarpetX): ScheduleTraverseGH iteration 65 CCTK_CHECKPOINT
INFO (CarpetX): CallFunction iteration 65 CCTK_CHECKPOINT: CarpetX::CarpetX_Checkpoint
INFO (CarpetX): ScheduleTraverseGH iteration 65 CCTK_ANALYSIS
INFO (CarpetX): CallFunction iteration 65 z4c_constraints_group: CottonmouthZ4c4m::z4c_constraints
INFO (CarpetX): OutputGH: iteration 65, time 0.650000, run time 6 s
INFO (CarpetX): OutputGH done.
INFO (CarpetX): Simulation time: 0.65   Iterations per second: 13.3458   Simulation time per second: 0.133458
INFO (CarpetX): Grid cells: 3200   Grid cell updates per second: 42706.5
INFO (CarpetX): Performance:
INFO (CarpetX):   total evolution time:            4.87817 sec
INFO (CarpetX):   total evolution compute time:    4.87779 sec
INFO (CarpetX):   total evolution output time:     0.000372171 sec
INFO (CarpetX):   total iterations:                65
INFO (CarpetX):   total cells updated:             208000
INFO (CarpetX):   average iterations per second: 13.3247
INFO (CarpetX):   average cell updates per second: 42639
INFO (CarpetX): SyncGroups COTTONMOUTHZ4C4M::AT, COTTONMOUTHZ4C4M::THETA, COTTONMOUTHZ4C4M::CHI, COTTONMOUTHZ4C4M::EVO_GAMMAT, COTTONMOUTHZ4C4M::EVO_LAPSE, COTTONMOUTHZ4C4M::EVO_SHIFT, COTTONMOUTHZ4C4M::GT, COTTONMOUTHZ4C4M::TRK
INFO (CarpetX): ScheduleTraverseGH iteration 66 CCTK_PRESTEP
INFO (CarpetX): ScheduleTraverseGH iteration 66 CCTK_EVOL
INFO (CarpetX): CallFunction iteration 66 CCTK_EVOL: ODESolvers::ODESolvers_Solve
INFO (ODESolvers): ODE integrator is RK4
INFO (ODESolvers):   Integrating 22 variables
INFO (ODESolvers): Calculating RHS #1 at t=0.65
INFO (CarpetX): CallFunction iteration 66 z4c_rhs_group: CottonmouthZ4c4m::z4c_rhs
INFO (CarpetX): CallFunction iteration 66 z4c_apply_dissipation_group: CottonmouthZ4c4m::z4c_apply_dissipation
INFO (CarpetX): CallFunction iteration 66 z4c_enforce_pt1_group: CottonmouthZ4c4m::z4c_enforce_pt1
INFO (CarpetX): CallFunction iteration 66 z4c_enforce_pt2_group: CottonmouthZ4c4m::z4c_enforce_pt2
INFO (CarpetX): CallFunction iteration 66 z4c_to_adm_group: CottonmouthZ4c4m::sync_z4c
INFO (CarpetX): SyncGroups COTTONMOUTHZ4C4M::AT, COTTONMOUTHZ4C4M::GT, COTTONMOUTHZ4C4M::CHI, COTTONMOUTHZ4C4M::EVO_LAPSE, COTTONMOUTHZ4C4M::EVO_SHIFT, COTTONMOUTHZ4C4M::TRK
INFO (CarpetX): CallFunction iteration 66 z4c_to_adm_group: CottonmouthZ4c4m::z4c_to_adm
INFO (CarpetX): CallFunction iteration 66 ODESolvers_PostStep: CottonmouthZ4c4m::sync_state
INFO (CarpetX): SyncGroups COTTONMOUTHZ4C4M::AT, COTTONMOUTHZ4C4M::THETA, COTTONMOUTHZ4C4M::CHI, COTTONMOUTHZ4C4M::EVO_GAMMAT, COTTONMOUTHZ4C4M::EVO_LAPSE, COTTONMOUTHZ4C4M::EVO_SHIFT, COTTONMOUTHZ4C4M::GT, COTTONMOUTHZ4C4M::TRK
INFO (CarpetX): CallFunction iteration 66 TmunuBaseX_SetTmunuVars: TmunuBaseX::TmunuBaseX_ZeroTmunu
INFO (ODESolvers): Calculated new state #1 at t=0.655
INFO (ODESolvers): Calculating RHS #2 at t=0.655
INFO (CarpetX): CallFunction iteration 66 z4c_rhs_group: CottonmouthZ4c4m::z4c_rhs
INFO (CarpetX): CallFunction iteration 66 z4c_apply_dissipation_group: CottonmouthZ4c4m::z4c_apply_dissipation
INFO (CarpetX): CallFunction iteration 66 z4c_enforce_pt1_group: CottonmouthZ4c4m::z4c_enforce_pt1
INFO (CarpetX): CallFunction iteration 66 z4c_enforce_pt2_group: CottonmouthZ4c4m::z4c_enforce_pt2
INFO (CarpetX): CallFunction iteration 66 z4c_to_adm_group: CottonmouthZ4c4m::sync_z4c
INFO (CarpetX): SyncGroups COTTONMOUTHZ4C4M::AT, COTTONMOUTHZ4C4M::GT, COTTONMOUTHZ4C4M::CHI, COTTONMOUTHZ4C4M::EVO_LAPSE, COTTONMOUTHZ4C4M::EVO_SHIFT, COTTONMOUTHZ4C4M::TRK
INFO (CarpetX): CallFunction iteration 66 z4c_to_adm_group: CottonmouthZ4c4m::z4c_to_adm
INFO (CarpetX): CallFunction iteration 66 ODESolvers_PostStep: CottonmouthZ4c4m::sync_state
INFO (CarpetX): SyncGroups COTTONMOUTHZ4C4M::AT, COTTONMOUTHZ4C4M::THETA, COTTONMOUTHZ4C4M::CHI, COTTONMOUTHZ4C4M::EVO_GAMMAT, COTTONMOUTHZ4C4M::EVO_LAPSE, COTTONMOUTHZ4C4M::EVO_SHIFT, COTTONMOUTHZ4C4M::GT, COTTONMOUTHZ4C4M::TRK
INFO (CarpetX): CallFunction iteration 66 TmunuBaseX_SetTmunuVars: TmunuBaseX::TmunuBaseX_ZeroTmunu
INFO (ODESolvers): Calculated new state #2 at t=0.655
INFO (ODESolvers): Calculating RHS #3 at t=0.655
INFO (CarpetX): CallFunction iteration 66 z4c_rhs_group: CottonmouthZ4c4m::z4c_rhs
INFO (CarpetX): CallFunction iteration 66 z4c_apply_dissipation_group: CottonmouthZ4c4m::z4c_apply_dissipation
INFO (CarpetX): CallFunction iteration 66 z4c_enforce_pt1_group: CottonmouthZ4c4m::z4c_enforce_pt1
INFO (CarpetX): CallFunction iteration 66 z4c_enforce_pt2_group: CottonmouthZ4c4m::z4c_enforce_pt2
INFO (CarpetX): CallFunction iteration 66 z4c_to_adm_group: CottonmouthZ4c4m::sync_z4c
INFO (CarpetX): SyncGroups COTTONMOUTHZ4C4M::AT, COTTONMOUTHZ4C4M::GT, COTTONMOUTHZ4C4M::CHI, COTTONMOUTHZ4C4M::EVO_LAPSE, COTTONMOUTHZ4C4M::EVO_SHIFT, COTTONMOUTHZ4C4M::TRK
INFO (CarpetX): CallFunction iteration 66 z4c_to_adm_group: CottonmouthZ4c4m::z4c_to_adm
INFO (CarpetX): CallFunction iteration 66 ODESolvers_PostStep: CottonmouthZ4c4m::sync_state
INFO (CarpetX): SyncGroups COTTONMOUTHZ4C4M::AT, COTTONMOUTHZ4C4M::THETA, COTTONMOUTHZ4C4M::CHI, COTTONMOUTHZ4C4M::EVO_GAMMAT, COTTONMOUTHZ4C4M::EVO_LAPSE, COTTONMOUTHZ4C4M::EVO_SHIFT, COTTONMOUTHZ4C4M::GT, COTTONMOUTHZ4C4M::TRK
INFO (CarpetX): CallFunction iteration 66 TmunuBaseX_SetTmunuVars: TmunuBaseX::TmunuBaseX_ZeroTmunu
INFO (ODESolvers): Calculated new state #3 at t=0.66
INFO (ODESolvers): Calculating RHS #4 at t=0.66
INFO (CarpetX): CallFunction iteration 66 z4c_rhs_group: CottonmouthZ4c4m::z4c_rhs
INFO (CarpetX): CallFunction iteration 66 z4c_apply_dissipation_group: CottonmouthZ4c4m::z4c_apply_dissipation
INFO (CarpetX): CallFunction iteration 66 z4c_enforce_pt1_group: CottonmouthZ4c4m::z4c_enforce_pt1
INFO (CarpetX): CallFunction iteration 66 z4c_enforce_pt2_group: CottonmouthZ4c4m::z4c_enforce_pt2
INFO (CarpetX): CallFunction iteration 66 z4c_to_adm_group: CottonmouthZ4c4m::sync_z4c
INFO (CarpetX): SyncGroups COTTONMOUTHZ4C4M::AT, COTTONMOUTHZ4C4M::GT, COTTONMOUTHZ4C4M::CHI, COTTONMOUTHZ4C4M::EVO_LAPSE, COTTONMOUTHZ4C4M::EVO_SHIFT, COTTONMOUTHZ4C4M::TRK
INFO (CarpetX): CallFunction iteration 66 z4c_to_adm_group: CottonmouthZ4c4m::z4c_to_adm
INFO (CarpetX): CallFunction iteration 66 ODESolvers_PostStep: CottonmouthZ4c4m::sync_state
INFO (CarpetX): SyncGroups COTTONMOUTHZ4C4M::AT, COTTONMOUTHZ4C4M::THETA, COTTONMOUTHZ4C4M::CHI, COTTONMOUTHZ4C4M::EVO_GAMMAT, COTTONMOUTHZ4C4M::EVO_LAPSE, COTTONMOUTHZ4C4M::EVO_SHIFT, COTTONMOUTHZ4C4M::GT, COTTONMOUTHZ4C4M::TRK
INFO (CarpetX): CallFunction iteration 66 TmunuBaseX_SetTmunuVars: TmunuBaseX::TmunuBaseX_ZeroTmunu
INFO (ODESolvers): Calculated new state #4 at t=0.66
INFO (CarpetX): ScheduleTraverseGH iteration 66 CCTK_POSTSTEP
INFO (CarpetX): CallFunction iteration 66 CCTK_POSTSTEP: CottonmouthLinearWaveID::StateSync_CottonmouthLinearWaveID
INFO (CarpetX): ScheduleTraverseGH iteration 66 CCTK_CHECKPOINT
INFO (CarpetX): CallFunction iteration 66 CCTK_CHECKPOINT: CarpetX::CarpetX_Checkpoint
INFO (CarpetX): ScheduleTraverseGH iteration 66 CCTK_ANALYSIS
INFO (CarpetX): CallFunction iteration 66 z4c_constraints_group: CottonmouthZ4c4m::z4c_constraints
INFO (CarpetX): OutputGH: iteration 66, time 0.660000, run time 6 s
INFO (CarpetX): OutputGH done.
INFO (CarpetX): Simulation time: 0.66   Iterations per second: 13.3484   Simulation time per second: 0.133484
INFO (CarpetX): Grid cells: 3200   Grid cell updates per second: 42714.7
INFO (CarpetX): Performance:
INFO (CarpetX):   total evolution time:            4.95295 sec
INFO (CarpetX):   total evolution compute time:    4.95257 sec
INFO (CarpetX):   total evolution output time:     0.000377178 sec
INFO (CarpetX):   total iterations:                66
INFO (CarpetX):   total cells updated:             211200
INFO (CarpetX):   average iterations per second: 13.3254
INFO (CarpetX):   average cell updates per second: 42641.2
INFO (CarpetX): SyncGroups COTTONMOUTHZ4C4M::AT, COTTONMOUTHZ4C4M::THETA, COTTONMOUTHZ4C4M::CHI, COTTONMOUTHZ4C4M::EVO_GAMMAT, COTTONMOUTHZ4C4M::EVO_LAPSE, COTTONMOUTHZ4C4M::EVO_SHIFT, COTTONMOUTHZ4C4M::GT, COTTONMOUTHZ4C4M::TRK
INFO (CarpetX): ScheduleTraverseGH iteration 67 CCTK_PRESTEP
INFO (CarpetX): ScheduleTraverseGH iteration 67 CCTK_EVOL
INFO (CarpetX): CallFunction iteration 67 CCTK_EVOL: ODESolvers::ODESolvers_Solve
INFO (ODESolvers): ODE integrator is RK4
INFO (ODESolvers):   Integrating 22 variables
INFO (ODESolvers): Calculating RHS #1 at t=0.66
INFO (CarpetX): CallFunction iteration 67 z4c_rhs_group: CottonmouthZ4c4m::z4c_rhs
INFO (CarpetX): CallFunction iteration 67 z4c_apply_dissipation_group: CottonmouthZ4c4m::z4c_apply_dissipation
INFO (CarpetX): CallFunction iteration 67 z4c_enforce_pt1_group: CottonmouthZ4c4m::z4c_enforce_pt1
INFO (CarpetX): CallFunction iteration 67 z4c_enforce_pt2_group: CottonmouthZ4c4m::z4c_enforce_pt2
INFO (CarpetX): CallFunction iteration 67 z4c_to_adm_group: CottonmouthZ4c4m::sync_z4c
INFO (CarpetX): SyncGroups COTTONMOUTHZ4C4M::AT, COTTONMOUTHZ4C4M::GT, COTTONMOUTHZ4C4M::CHI, COTTONMOUTHZ4C4M::EVO_LAPSE, COTTONMOUTHZ4C4M::EVO_SHIFT, COTTONMOUTHZ4C4M::TRK
INFO (CarpetX): CallFunction iteration 67 z4c_to_adm_group: CottonmouthZ4c4m::z4c_to_adm
INFO (CarpetX): CallFunction iteration 67 ODESolvers_PostStep: CottonmouthZ4c4m::sync_state
INFO (CarpetX): SyncGroups COTTONMOUTHZ4C4M::AT, COTTONMOUTHZ4C4M::THETA, COTTONMOUTHZ4C4M::CHI, COTTONMOUTHZ4C4M::EVO_GAMMAT, COTTONMOUTHZ4C4M::EVO_LAPSE, COTTONMOUTHZ4C4M::EVO_SHIFT, COTTONMOUTHZ4C4M::GT, COTTONMOUTHZ4C4M::TRK
INFO (CarpetX): CallFunction iteration 67 TmunuBaseX_SetTmunuVars: TmunuBaseX::TmunuBaseX_ZeroTmunu
INFO (ODESolvers): Calculated new state #1 at t=0.665
INFO (ODESolvers): Calculating RHS #2 at t=0.665
INFO (CarpetX): CallFunction iteration 67 z4c_rhs_group: CottonmouthZ4c4m::z4c_rhs
INFO (CarpetX): CallFunction iteration 67 z4c_apply_dissipation_group: CottonmouthZ4c4m::z4c_apply_dissipation
INFO (CarpetX): CallFunction iteration 67 z4c_enforce_pt1_group: CottonmouthZ4c4m::z4c_enforce_pt1
INFO (CarpetX): CallFunction iteration 67 z4c_enforce_pt2_group: CottonmouthZ4c4m::z4c_enforce_pt2
INFO (CarpetX): CallFunction iteration 67 z4c_to_adm_group: CottonmouthZ4c4m::sync_z4c
INFO (CarpetX): SyncGroups COTTONMOUTHZ4C4M::AT, COTTONMOUTHZ4C4M::GT, COTTONMOUTHZ4C4M::CHI, COTTONMOUTHZ4C4M::EVO_LAPSE, COTTONMOUTHZ4C4M::EVO_SHIFT, COTTONMOUTHZ4C4M::TRK
INFO (CarpetX): CallFunction iteration 67 z4c_to_adm_group: CottonmouthZ4c4m::z4c_to_adm
INFO (CarpetX): CallFunction iteration 67 ODESolvers_PostStep: CottonmouthZ4c4m::sync_state
INFO (CarpetX): SyncGroups COTTONMOUTHZ4C4M::AT, COTTONMOUTHZ4C4M::THETA, COTTONMOUTHZ4C4M::CHI, COTTONMOUTHZ4C4M::EVO_GAMMAT, COTTONMOUTHZ4C4M::EVO_LAPSE, COTTONMOUTHZ4C4M::EVO_SHIFT, COTTONMOUTHZ4C4M::GT, COTTONMOUTHZ4C4M::TRK
INFO (CarpetX): CallFunction iteration 67 TmunuBaseX_SetTmunuVars: TmunuBaseX::TmunuBaseX_ZeroTmunu
INFO (ODESolvers): Calculated new state #2 at t=0.665
INFO (ODESolvers): Calculating RHS #3 at t=0.665
INFO (CarpetX): CallFunction iteration 67 z4c_rhs_group: CottonmouthZ4c4m::z4c_rhs
INFO (CarpetX): CallFunction iteration 67 z4c_apply_dissipation_group: CottonmouthZ4c4m::z4c_apply_dissipation
INFO (CarpetX): CallFunction iteration 67 z4c_enforce_pt1_group: CottonmouthZ4c4m::z4c_enforce_pt1
INFO (CarpetX): CallFunction iteration 67 z4c_enforce_pt2_group: CottonmouthZ4c4m::z4c_enforce_pt2
INFO (CarpetX): CallFunction iteration 67 z4c_to_adm_group: CottonmouthZ4c4m::sync_z4c
INFO (CarpetX): SyncGroups COTTONMOUTHZ4C4M::AT, COTTONMOUTHZ4C4M::GT, COTTONMOUTHZ4C4M::CHI, COTTONMOUTHZ4C4M::EVO_LAPSE, COTTONMOUTHZ4C4M::EVO_SHIFT, COTTONMOUTHZ4C4M::TRK
INFO (CarpetX): CallFunction iteration 67 z4c_to_adm_group: CottonmouthZ4c4m::z4c_to_adm
INFO (CarpetX): CallFunction iteration 67 ODESolvers_PostStep: CottonmouthZ4c4m::sync_state
INFO (CarpetX): SyncGroups COTTONMOUTHZ4C4M::AT, COTTONMOUTHZ4C4M::THETA, COTTONMOUTHZ4C4M::CHI, COTTONMOUTHZ4C4M::EVO_GAMMAT, COTTONMOUTHZ4C4M::EVO_LAPSE, COTTONMOUTHZ4C4M::EVO_SHIFT, COTTONMOUTHZ4C4M::GT, COTTONMOUTHZ4C4M::TRK
INFO (CarpetX): CallFunction iteration 67 TmunuBaseX_SetTmunuVars: TmunuBaseX::TmunuBaseX_ZeroTmunu
INFO (ODESolvers): Calculated new state #3 at t=0.67
INFO (ODESolvers): Calculating RHS #4 at t=0.67
INFO (CarpetX): CallFunction iteration 67 z4c_rhs_group: CottonmouthZ4c4m::z4c_rhs
INFO (CarpetX): CallFunction iteration 67 z4c_apply_dissipation_group: CottonmouthZ4c4m::z4c_apply_dissipation
INFO (CarpetX): CallFunction iteration 67 z4c_enforce_pt1_group: CottonmouthZ4c4m::z4c_enforce_pt1
INFO (CarpetX): CallFunction iteration 67 z4c_enforce_pt2_group: CottonmouthZ4c4m::z4c_enforce_pt2
INFO (CarpetX): CallFunction iteration 67 z4c_to_adm_group: CottonmouthZ4c4m::sync_z4c
INFO (CarpetX): SyncGroups COTTONMOUTHZ4C4M::AT, COTTONMOUTHZ4C4M::GT, COTTONMOUTHZ4C4M::CHI, COTTONMOUTHZ4C4M::EVO_LAPSE, COTTONMOUTHZ4C4M::EVO_SHIFT, COTTONMOUTHZ4C4M::TRK
INFO (CarpetX): CallFunction iteration 67 z4c_to_adm_group: CottonmouthZ4c4m::z4c_to_adm
INFO (CarpetX): CallFunction iteration 67 ODESolvers_PostStep: CottonmouthZ4c4m::sync_state
INFO (CarpetX): SyncGroups COTTONMOUTHZ4C4M::AT, COTTONMOUTHZ4C4M::THETA, COTTONMOUTHZ4C4M::CHI, COTTONMOUTHZ4C4M::EVO_GAMMAT, COTTONMOUTHZ4C4M::EVO_LAPSE, COTTONMOUTHZ4C4M::EVO_SHIFT, COTTONMOUTHZ4C4M::GT, COTTONMOUTHZ4C4M::TRK
INFO (CarpetX): CallFunction iteration 67 TmunuBaseX_SetTmunuVars: TmunuBaseX::TmunuBaseX_ZeroTmunu
INFO (ODESolvers): Calculated new state #4 at t=0.67
INFO (CarpetX): ScheduleTraverseGH iteration 67 CCTK_POSTSTEP
INFO (CarpetX): CallFunction iteration 67 CCTK_POSTSTEP: CottonmouthLinearWaveID::StateSync_CottonmouthLinearWaveID
INFO (CarpetX): ScheduleTraverseGH iteration 67 CCTK_CHECKPOINT
INFO (CarpetX): CallFunction iteration 67 CCTK_CHECKPOINT: CarpetX::CarpetX_Checkpoint
INFO (CarpetX): ScheduleTraverseGH iteration 67 CCTK_ANALYSIS
INFO (CarpetX): CallFunction iteration 67 z4c_constraints_group: CottonmouthZ4c4m::z4c_constraints
INFO (CarpetX): OutputGH: iteration 67, time 0.670000, run time 6 s
INFO (CarpetX): OutputGH done.
INFO (CarpetX): Simulation time: 0.67   Iterations per second: 13.3509   Simulation time per second: 0.133509
INFO (CarpetX): Grid cells: 3200   Grid cell updates per second: 42723
INFO (CarpetX): Performance:
INFO (CarpetX):   total evolution time:            5.02772 sec
INFO (CarpetX):   total evolution compute time:    5.02734 sec
INFO (CarpetX):   total evolution output time:     0.000383139 sec
INFO (CarpetX):   total iterations:                67
INFO (CarpetX):   total cells updated:             214400
INFO (CarpetX):   average iterations per second: 13.3261
INFO (CarpetX):   average cell updates per second: 42643.6
INFO (CarpetX): SyncGroups COTTONMOUTHZ4C4M::AT, COTTONMOUTHZ4C4M::THETA, COTTONMOUTHZ4C4M::CHI, COTTONMOUTHZ4C4M::EVO_GAMMAT, COTTONMOUTHZ4C4M::EVO_LAPSE, COTTONMOUTHZ4C4M::EVO_SHIFT, COTTONMOUTHZ4C4M::GT, COTTONMOUTHZ4C4M::TRK
INFO (CarpetX): ScheduleTraverseGH iteration 68 CCTK_PRESTEP
INFO (CarpetX): ScheduleTraverseGH iteration 68 CCTK_EVOL
INFO (CarpetX): CallFunction iteration 68 CCTK_EVOL: ODESolvers::ODESolvers_Solve
INFO (ODESolvers): ODE integrator is RK4
INFO (ODESolvers):   Integrating 22 variables
INFO (ODESolvers): Calculating RHS #1 at t=0.67
INFO (CarpetX): CallFunction iteration 68 z4c_rhs_group: CottonmouthZ4c4m::z4c_rhs
INFO (CarpetX): CallFunction iteration 68 z4c_apply_dissipation_group: CottonmouthZ4c4m::z4c_apply_dissipation
INFO (CarpetX): CallFunction iteration 68 z4c_enforce_pt1_group: CottonmouthZ4c4m::z4c_enforce_pt1
INFO (CarpetX): CallFunction iteration 68 z4c_enforce_pt2_group: CottonmouthZ4c4m::z4c_enforce_pt2
INFO (CarpetX): CallFunction iteration 68 z4c_to_adm_group: CottonmouthZ4c4m::sync_z4c
INFO (CarpetX): SyncGroups COTTONMOUTHZ4C4M::AT, COTTONMOUTHZ4C4M::GT, COTTONMOUTHZ4C4M::CHI, COTTONMOUTHZ4C4M::EVO_LAPSE, COTTONMOUTHZ4C4M::EVO_SHIFT, COTTONMOUTHZ4C4M::TRK
INFO (CarpetX): CallFunction iteration 68 z4c_to_adm_group: CottonmouthZ4c4m::z4c_to_adm
INFO (CarpetX): CallFunction iteration 68 ODESolvers_PostStep: CottonmouthZ4c4m::sync_state
INFO (CarpetX): SyncGroups COTTONMOUTHZ4C4M::AT, COTTONMOUTHZ4C4M::THETA, COTTONMOUTHZ4C4M::CHI, COTTONMOUTHZ4C4M::EVO_GAMMAT, COTTONMOUTHZ4C4M::EVO_LAPSE, COTTONMOUTHZ4C4M::EVO_SHIFT, COTTONMOUTHZ4C4M::GT, COTTONMOUTHZ4C4M::TRK
INFO (CarpetX): CallFunction iteration 68 TmunuBaseX_SetTmunuVars: TmunuBaseX::TmunuBaseX_ZeroTmunu
INFO (ODESolvers): Calculated new state #1 at t=0.675
INFO (ODESolvers): Calculating RHS #2 at t=0.675
INFO (CarpetX): CallFunction iteration 68 z4c_rhs_group: CottonmouthZ4c4m::z4c_rhs
INFO (CarpetX): CallFunction iteration 68 z4c_apply_dissipation_group: CottonmouthZ4c4m::z4c_apply_dissipation
INFO (CarpetX): CallFunction iteration 68 z4c_enforce_pt1_group: CottonmouthZ4c4m::z4c_enforce_pt1
INFO (CarpetX): CallFunction iteration 68 z4c_enforce_pt2_group: CottonmouthZ4c4m::z4c_enforce_pt2
INFO (CarpetX): CallFunction iteration 68 z4c_to_adm_group: CottonmouthZ4c4m::sync_z4c
INFO (CarpetX): SyncGroups COTTONMOUTHZ4C4M::AT, COTTONMOUTHZ4C4M::GT, COTTONMOUTHZ4C4M::CHI, COTTONMOUTHZ4C4M::EVO_LAPSE, COTTONMOUTHZ4C4M::EVO_SHIFT, COTTONMOUTHZ4C4M::TRK
INFO (CarpetX): CallFunction iteration 68 z4c_to_adm_group: CottonmouthZ4c4m::z4c_to_adm
INFO (CarpetX): CallFunction iteration 68 ODESolvers_PostStep: CottonmouthZ4c4m::sync_state
INFO (CarpetX): SyncGroups COTTONMOUTHZ4C4M::AT, COTTONMOUTHZ4C4M::THETA, COTTONMOUTHZ4C4M::CHI, COTTONMOUTHZ4C4M::EVO_GAMMAT, COTTONMOUTHZ4C4M::EVO_LAPSE, COTTONMOUTHZ4C4M::EVO_SHIFT, COTTONMOUTHZ4C4M::GT, COTTONMOUTHZ4C4M::TRK
INFO (CarpetX): CallFunction iteration 68 TmunuBaseX_SetTmunuVars: TmunuBaseX::TmunuBaseX_ZeroTmunu
INFO (ODESolvers): Calculated new state #2 at t=0.675
INFO (ODESolvers): Calculating RHS #3 at t=0.675
INFO (CarpetX): CallFunction iteration 68 z4c_rhs_group: CottonmouthZ4c4m::z4c_rhs
INFO (CarpetX): CallFunction iteration 68 z4c_apply_dissipation_group: CottonmouthZ4c4m::z4c_apply_dissipation
INFO (CarpetX): CallFunction iteration 68 z4c_enforce_pt1_group: CottonmouthZ4c4m::z4c_enforce_pt1
INFO (CarpetX): CallFunction iteration 68 z4c_enforce_pt2_group: CottonmouthZ4c4m::z4c_enforce_pt2
INFO (CarpetX): CallFunction iteration 68 z4c_to_adm_group: CottonmouthZ4c4m::sync_z4c
INFO (CarpetX): SyncGroups COTTONMOUTHZ4C4M::AT, COTTONMOUTHZ4C4M::GT, COTTONMOUTHZ4C4M::CHI, COTTONMOUTHZ4C4M::EVO_LAPSE, COTTONMOUTHZ4C4M::EVO_SHIFT, COTTONMOUTHZ4C4M::TRK
INFO (CarpetX): CallFunction iteration 68 z4c_to_adm_group: CottonmouthZ4c4m::z4c_to_adm
INFO (CarpetX): CallFunction iteration 68 ODESolvers_PostStep: CottonmouthZ4c4m::sync_state
INFO (CarpetX): SyncGroups COTTONMOUTHZ4C4M::AT, COTTONMOUTHZ4C4M::THETA, COTTONMOUTHZ4C4M::CHI, COTTONMOUTHZ4C4M::EVO_GAMMAT, COTTONMOUTHZ4C4M::EVO_LAPSE, COTTONMOUTHZ4C4M::EVO_SHIFT, COTTONMOUTHZ4C4M::GT, COTTONMOUTHZ4C4M::TRK
INFO (CarpetX): CallFunction iteration 68 TmunuBaseX_SetTmunuVars: TmunuBaseX::TmunuBaseX_ZeroTmunu
INFO (ODESolvers): Calculated new state #3 at t=0.68
INFO (ODESolvers): Calculating RHS #4 at t=0.68
INFO (CarpetX): CallFunction iteration 68 z4c_rhs_group: CottonmouthZ4c4m::z4c_rhs
INFO (CarpetX): CallFunction iteration 68 z4c_apply_dissipation_group: CottonmouthZ4c4m::z4c_apply_dissipation
INFO (CarpetX): CallFunction iteration 68 z4c_enforce_pt1_group: CottonmouthZ4c4m::z4c_enforce_pt1
INFO (CarpetX): CallFunction iteration 68 z4c_enforce_pt2_group: CottonmouthZ4c4m::z4c_enforce_pt2
INFO (CarpetX): CallFunction iteration 68 z4c_to_adm_group: CottonmouthZ4c4m::sync_z4c
INFO (CarpetX): SyncGroups COTTONMOUTHZ4C4M::AT, COTTONMOUTHZ4C4M::GT, COTTONMOUTHZ4C4M::CHI, COTTONMOUTHZ4C4M::EVO_LAPSE, COTTONMOUTHZ4C4M::EVO_SHIFT, COTTONMOUTHZ4C4M::TRK
INFO (CarpetX): CallFunction iteration 68 z4c_to_adm_group: CottonmouthZ4c4m::z4c_to_adm
INFO (CarpetX): CallFunction iteration 68 ODESolvers_PostStep: CottonmouthZ4c4m::sync_state
INFO (CarpetX): SyncGroups COTTONMOUTHZ4C4M::AT, COTTONMOUTHZ4C4M::THETA, COTTONMOUTHZ4C4M::CHI, COTTONMOUTHZ4C4M::EVO_GAMMAT, COTTONMOUTHZ4C4M::EVO_LAPSE, COTTONMOUTHZ4C4M::EVO_SHIFT, COTTONMOUTHZ4C4M::GT, COTTONMOUTHZ4C4M::TRK
INFO (CarpetX): CallFunction iteration 68 TmunuBaseX_SetTmunuVars: TmunuBaseX::TmunuBaseX_ZeroTmunu
INFO (ODESolvers): Calculated new state #4 at t=0.68
INFO (CarpetX): ScheduleTraverseGH iteration 68 CCTK_POSTSTEP
INFO (CarpetX): CallFunction iteration 68 CCTK_POSTSTEP: CottonmouthLinearWaveID::StateSync_CottonmouthLinearWaveID
INFO (CarpetX): ScheduleTraverseGH iteration 68 CCTK_CHECKPOINT
INFO (CarpetX): CallFunction iteration 68 CCTK_CHECKPOINT: CarpetX::CarpetX_Checkpoint
INFO (CarpetX): ScheduleTraverseGH iteration 68 CCTK_ANALYSIS
INFO (CarpetX): CallFunction iteration 68 z4c_constraints_group: CottonmouthZ4c4m::z4c_constraints
INFO (CarpetX): OutputGH: iteration 68, time 0.680000, run time 6 s
INFO (CarpetX): OutputGH done.
INFO (CarpetX): Simulation time: 0.68   Iterations per second: 13.3544   Simulation time per second: 0.133544
INFO (CarpetX): Grid cells: 3200   Grid cell updates per second: 42734.2
INFO (CarpetX): Performance:
INFO (CarpetX):   total evolution time:            5.10243 sec
INFO (CarpetX):   total evolution compute time:    5.10204 sec
INFO (CarpetX):   total evolution output time:     0.000388145 sec
INFO (CarpetX):   total iterations:                68
INFO (CarpetX):   total cells updated:             217600
INFO (CarpetX):   average iterations per second: 13.327
INFO (CarpetX):   average cell updates per second: 42646.4
INFO (CarpetX): SyncGroups COTTONMOUTHZ4C4M::AT, COTTONMOUTHZ4C4M::THETA, COTTONMOUTHZ4C4M::CHI, COTTONMOUTHZ4C4M::EVO_GAMMAT, COTTONMOUTHZ4C4M::EVO_LAPSE, COTTONMOUTHZ4C4M::EVO_SHIFT, COTTONMOUTHZ4C4M::GT, COTTONMOUTHZ4C4M::TRK
INFO (CarpetX): ScheduleTraverseGH iteration 69 CCTK_PRESTEP
INFO (CarpetX): ScheduleTraverseGH iteration 69 CCTK_EVOL
INFO (CarpetX): CallFunction iteration 69 CCTK_EVOL: ODESolvers::ODESolvers_Solve
INFO (ODESolvers): ODE integrator is RK4
INFO (ODESolvers):   Integrating 22 variables
INFO (ODESolvers): Calculating RHS #1 at t=0.68
INFO (CarpetX): CallFunction iteration 69 z4c_rhs_group: CottonmouthZ4c4m::z4c_rhs
INFO (CarpetX): CallFunction iteration 69 z4c_apply_dissipation_group: CottonmouthZ4c4m::z4c_apply_dissipation
INFO (CarpetX): CallFunction iteration 69 z4c_enforce_pt1_group: CottonmouthZ4c4m::z4c_enforce_pt1
INFO (CarpetX): CallFunction iteration 69 z4c_enforce_pt2_group: CottonmouthZ4c4m::z4c_enforce_pt2
INFO (CarpetX): CallFunction iteration 69 z4c_to_adm_group: CottonmouthZ4c4m::sync_z4c
INFO (CarpetX): SyncGroups COTTONMOUTHZ4C4M::AT, COTTONMOUTHZ4C4M::GT, COTTONMOUTHZ4C4M::CHI, COTTONMOUTHZ4C4M::EVO_LAPSE, COTTONMOUTHZ4C4M::EVO_SHIFT, COTTONMOUTHZ4C4M::TRK
INFO (CarpetX): CallFunction iteration 69 z4c_to_adm_group: CottonmouthZ4c4m::z4c_to_adm
INFO (CarpetX): CallFunction iteration 69 ODESolvers_PostStep: CottonmouthZ4c4m::sync_state
INFO (CarpetX): SyncGroups COTTONMOUTHZ4C4M::AT, COTTONMOUTHZ4C4M::THETA, COTTONMOUTHZ4C4M::CHI, COTTONMOUTHZ4C4M::EVO_GAMMAT, COTTONMOUTHZ4C4M::EVO_LAPSE, COTTONMOUTHZ4C4M::EVO_SHIFT, COTTONMOUTHZ4C4M::GT, COTTONMOUTHZ4C4M::TRK
INFO (CarpetX): CallFunction iteration 69 TmunuBaseX_SetTmunuVars: TmunuBaseX::TmunuBaseX_ZeroTmunu
INFO (ODESolvers): Calculated new state #1 at t=0.685
INFO (ODESolvers): Calculating RHS #2 at t=0.685
INFO (CarpetX): CallFunction iteration 69 z4c_rhs_group: CottonmouthZ4c4m::z4c_rhs
INFO (CarpetX): CallFunction iteration 69 z4c_apply_dissipation_group: CottonmouthZ4c4m::z4c_apply_dissipation
INFO (CarpetX): CallFunction iteration 69 z4c_enforce_pt1_group: CottonmouthZ4c4m::z4c_enforce_pt1
INFO (CarpetX): CallFunction iteration 69 z4c_enforce_pt2_group: CottonmouthZ4c4m::z4c_enforce_pt2
INFO (CarpetX): CallFunction iteration 69 z4c_to_adm_group: CottonmouthZ4c4m::sync_z4c
INFO (CarpetX): SyncGroups COTTONMOUTHZ4C4M::AT, COTTONMOUTHZ4C4M::GT, COTTONMOUTHZ4C4M::CHI, COTTONMOUTHZ4C4M::EVO_LAPSE, COTTONMOUTHZ4C4M::EVO_SHIFT, COTTONMOUTHZ4C4M::TRK
INFO (CarpetX): CallFunction iteration 69 z4c_to_adm_group: CottonmouthZ4c4m::z4c_to_adm
INFO (CarpetX): CallFunction iteration 69 ODESolvers_PostStep: CottonmouthZ4c4m::sync_state
INFO (CarpetX): SyncGroups COTTONMOUTHZ4C4M::AT, COTTONMOUTHZ4C4M::THETA, COTTONMOUTHZ4C4M::CHI, COTTONMOUTHZ4C4M::EVO_GAMMAT, COTTONMOUTHZ4C4M::EVO_LAPSE, COTTONMOUTHZ4C4M::EVO_SHIFT, COTTONMOUTHZ4C4M::GT, COTTONMOUTHZ4C4M::TRK
INFO (CarpetX): CallFunction iteration 69 TmunuBaseX_SetTmunuVars: TmunuBaseX::TmunuBaseX_ZeroTmunu
INFO (ODESolvers): Calculated new state #2 at t=0.685
INFO (ODESolvers): Calculating RHS #3 at t=0.685
INFO (CarpetX): CallFunction iteration 69 z4c_rhs_group: CottonmouthZ4c4m::z4c_rhs
INFO (CarpetX): CallFunction iteration 69 z4c_apply_dissipation_group: CottonmouthZ4c4m::z4c_apply_dissipation
INFO (CarpetX): CallFunction iteration 69 z4c_enforce_pt1_group: CottonmouthZ4c4m::z4c_enforce_pt1
INFO (CarpetX): CallFunction iteration 69 z4c_enforce_pt2_group: CottonmouthZ4c4m::z4c_enforce_pt2
INFO (CarpetX): CallFunction iteration 69 z4c_to_adm_group: CottonmouthZ4c4m::sync_z4c
INFO (CarpetX): SyncGroups COTTONMOUTHZ4C4M::AT, COTTONMOUTHZ4C4M::GT, COTTONMOUTHZ4C4M::CHI, COTTONMOUTHZ4C4M::EVO_LAPSE, COTTONMOUTHZ4C4M::EVO_SHIFT, COTTONMOUTHZ4C4M::TRK
INFO (CarpetX): CallFunction iteration 69 z4c_to_adm_group: CottonmouthZ4c4m::z4c_to_adm
INFO (CarpetX): CallFunction iteration 69 ODESolvers_PostStep: CottonmouthZ4c4m::sync_state
INFO (CarpetX): SyncGroups COTTONMOUTHZ4C4M::AT, COTTONMOUTHZ4C4M::THETA, COTTONMOUTHZ4C4M::CHI, COTTONMOUTHZ4C4M::EVO_GAMMAT, COTTONMOUTHZ4C4M::EVO_LAPSE, COTTONMOUTHZ4C4M::EVO_SHIFT, COTTONMOUTHZ4C4M::GT, COTTONMOUTHZ4C4M::TRK
INFO (CarpetX): CallFunction iteration 69 TmunuBaseX_SetTmunuVars: TmunuBaseX::TmunuBaseX_ZeroTmunu
INFO (ODESolvers): Calculated new state #3 at t=0.69
INFO (ODESolvers): Calculating RHS #4 at t=0.69
INFO (CarpetX): CallFunction iteration 69 z4c_rhs_group: CottonmouthZ4c4m::z4c_rhs
INFO (CarpetX): CallFunction iteration 69 z4c_apply_dissipation_group: CottonmouthZ4c4m::z4c_apply_dissipation
INFO (CarpetX): CallFunction iteration 69 z4c_enforce_pt1_group: CottonmouthZ4c4m::z4c_enforce_pt1
INFO (CarpetX): CallFunction iteration 69 z4c_enforce_pt2_group: CottonmouthZ4c4m::z4c_enforce_pt2
INFO (CarpetX): CallFunction iteration 69 z4c_to_adm_group: CottonmouthZ4c4m::sync_z4c
INFO (CarpetX): SyncGroups COTTONMOUTHZ4C4M::AT, COTTONMOUTHZ4C4M::GT, COTTONMOUTHZ4C4M::CHI, COTTONMOUTHZ4C4M::EVO_LAPSE, COTTONMOUTHZ4C4M::EVO_SHIFT, COTTONMOUTHZ4C4M::TRK
INFO (CarpetX): CallFunction iteration 69 z4c_to_adm_group: CottonmouthZ4c4m::z4c_to_adm
INFO (CarpetX): CallFunction iteration 69 ODESolvers_PostStep: CottonmouthZ4c4m::sync_state
INFO (CarpetX): SyncGroups COTTONMOUTHZ4C4M::AT, COTTONMOUTHZ4C4M::THETA, COTTONMOUTHZ4C4M::CHI, COTTONMOUTHZ4C4M::EVO_GAMMAT, COTTONMOUTHZ4C4M::EVO_LAPSE, COTTONMOUTHZ4C4M::EVO_SHIFT, COTTONMOUTHZ4C4M::GT, COTTONMOUTHZ4C4M::TRK
INFO (CarpetX): CallFunction iteration 69 TmunuBaseX_SetTmunuVars: TmunuBaseX::TmunuBaseX_ZeroTmunu
INFO (ODESolvers): Calculated new state #4 at t=0.69
INFO (CarpetX): ScheduleTraverseGH iteration 69 CCTK_POSTSTEP
INFO (CarpetX): CallFunction iteration 69 CCTK_POSTSTEP: CottonmouthLinearWaveID::StateSync_CottonmouthLinearWaveID
INFO (CarpetX): ScheduleTraverseGH iteration 69 CCTK_CHECKPOINT
INFO (CarpetX): CallFunction iteration 69 CCTK_CHECKPOINT: CarpetX::CarpetX_Checkpoint
INFO (CarpetX): ScheduleTraverseGH iteration 69 CCTK_ANALYSIS
INFO (CarpetX): CallFunction iteration 69 z4c_constraints_group: CottonmouthZ4c4m::z4c_constraints
INFO (CarpetX): OutputGH: iteration 69, time 0.690000, run time 6 s
INFO (CarpetX): OutputGH done.
INFO (CarpetX): Simulation time: 0.69   Iterations per second: 13.3532   Simulation time per second: 0.133532
INFO (CarpetX): Grid cells: 3200   Grid cell updates per second: 42730.2
INFO (CarpetX): Performance:
INFO (CarpetX):   total evolution time:            5.17738 sec
INFO (CarpetX):   total evolution compute time:    5.17698 sec
INFO (CarpetX):   total evolution output time:     0.000394106 sec
INFO (CarpetX):   total iterations:                69
INFO (CarpetX):   total cells updated:             220800
INFO (CarpetX):   average iterations per second: 13.3272
INFO (CarpetX):   average cell updates per second: 42647.1
INFO (CarpetX): SyncGroups COTTONMOUTHZ4C4M::AT, COTTONMOUTHZ4C4M::THETA, COTTONMOUTHZ4C4M::CHI, COTTONMOUTHZ4C4M::EVO_GAMMAT, COTTONMOUTHZ4C4M::EVO_LAPSE, COTTONMOUTHZ4C4M::EVO_SHIFT, COTTONMOUTHZ4C4M::GT, COTTONMOUTHZ4C4M::TRK
INFO (CarpetX): ScheduleTraverseGH iteration 70 CCTK_PRESTEP
INFO (CarpetX): ScheduleTraverseGH iteration 70 CCTK_EVOL
INFO (CarpetX): CallFunction iteration 70 CCTK_EVOL: ODESolvers::ODESolvers_Solve
INFO (ODESolvers): ODE integrator is RK4
INFO (ODESolvers):   Integrating 22 variables
INFO (ODESolvers): Calculating RHS #1 at t=0.69
INFO (CarpetX): CallFunction iteration 70 z4c_rhs_group: CottonmouthZ4c4m::z4c_rhs
INFO (CarpetX): CallFunction iteration 70 z4c_apply_dissipation_group: CottonmouthZ4c4m::z4c_apply_dissipation
INFO (CarpetX): CallFunction iteration 70 z4c_enforce_pt1_group: CottonmouthZ4c4m::z4c_enforce_pt1
INFO (CarpetX): CallFunction iteration 70 z4c_enforce_pt2_group: CottonmouthZ4c4m::z4c_enforce_pt2
INFO (CarpetX): CallFunction iteration 70 z4c_to_adm_group: CottonmouthZ4c4m::sync_z4c
INFO (CarpetX): SyncGroups COTTONMOUTHZ4C4M::AT, COTTONMOUTHZ4C4M::GT, COTTONMOUTHZ4C4M::CHI, COTTONMOUTHZ4C4M::EVO_LAPSE, COTTONMOUTHZ4C4M::EVO_SHIFT, COTTONMOUTHZ4C4M::TRK
INFO (CarpetX): CallFunction iteration 70 z4c_to_adm_group: CottonmouthZ4c4m::z4c_to_adm
INFO (CarpetX): CallFunction iteration 70 ODESolvers_PostStep: CottonmouthZ4c4m::sync_state
INFO (CarpetX): SyncGroups COTTONMOUTHZ4C4M::AT, COTTONMOUTHZ4C4M::THETA, COTTONMOUTHZ4C4M::CHI, COTTONMOUTHZ4C4M::EVO_GAMMAT, COTTONMOUTHZ4C4M::EVO_LAPSE, COTTONMOUTHZ4C4M::EVO_SHIFT, COTTONMOUTHZ4C4M::GT, COTTONMOUTHZ4C4M::TRK
INFO (CarpetX): CallFunction iteration 70 TmunuBaseX_SetTmunuVars: TmunuBaseX::TmunuBaseX_ZeroTmunu
INFO (ODESolvers): Calculated new state #1 at t=0.695
INFO (ODESolvers): Calculating RHS #2 at t=0.695
INFO (CarpetX): CallFunction iteration 70 z4c_rhs_group: CottonmouthZ4c4m::z4c_rhs
INFO (CarpetX): CallFunction iteration 70 z4c_apply_dissipation_group: CottonmouthZ4c4m::z4c_apply_dissipation
INFO (CarpetX): CallFunction iteration 70 z4c_enforce_pt1_group: CottonmouthZ4c4m::z4c_enforce_pt1
INFO (CarpetX): CallFunction iteration 70 z4c_enforce_pt2_group: CottonmouthZ4c4m::z4c_enforce_pt2
INFO (CarpetX): CallFunction iteration 70 z4c_to_adm_group: CottonmouthZ4c4m::sync_z4c
INFO (CarpetX): SyncGroups COTTONMOUTHZ4C4M::AT, COTTONMOUTHZ4C4M::GT, COTTONMOUTHZ4C4M::CHI, COTTONMOUTHZ4C4M::EVO_LAPSE, COTTONMOUTHZ4C4M::EVO_SHIFT, COTTONMOUTHZ4C4M::TRK
INFO (CarpetX): CallFunction iteration 70 z4c_to_adm_group: CottonmouthZ4c4m::z4c_to_adm
INFO (CarpetX): CallFunction iteration 70 ODESolvers_PostStep: CottonmouthZ4c4m::sync_state
INFO (CarpetX): SyncGroups COTTONMOUTHZ4C4M::AT, COTTONMOUTHZ4C4M::THETA, COTTONMOUTHZ4C4M::CHI, COTTONMOUTHZ4C4M::EVO_GAMMAT, COTTONMOUTHZ4C4M::EVO_LAPSE, COTTONMOUTHZ4C4M::EVO_SHIFT, COTTONMOUTHZ4C4M::GT, COTTONMOUTHZ4C4M::TRK
INFO (CarpetX): CallFunction iteration 70 TmunuBaseX_SetTmunuVars: TmunuBaseX::TmunuBaseX_ZeroTmunu
INFO (ODESolvers): Calculated new state #2 at t=0.695
INFO (ODESolvers): Calculating RHS #3 at t=0.695
INFO (CarpetX): CallFunction iteration 70 z4c_rhs_group: CottonmouthZ4c4m::z4c_rhs
INFO (CarpetX): CallFunction iteration 70 z4c_apply_dissipation_group: CottonmouthZ4c4m::z4c_apply_dissipation
INFO (CarpetX): CallFunction iteration 70 z4c_enforce_pt1_group: CottonmouthZ4c4m::z4c_enforce_pt1
INFO (CarpetX): CallFunction iteration 70 z4c_enforce_pt2_group: CottonmouthZ4c4m::z4c_enforce_pt2
INFO (CarpetX): CallFunction iteration 70 z4c_to_adm_group: CottonmouthZ4c4m::sync_z4c
INFO (CarpetX): SyncGroups COTTONMOUTHZ4C4M::AT, COTTONMOUTHZ4C4M::GT, COTTONMOUTHZ4C4M::CHI, COTTONMOUTHZ4C4M::EVO_LAPSE, COTTONMOUTHZ4C4M::EVO_SHIFT, COTTONMOUTHZ4C4M::TRK
INFO (CarpetX): CallFunction iteration 70 z4c_to_adm_group: CottonmouthZ4c4m::z4c_to_adm
INFO (CarpetX): CallFunction iteration 70 ODESolvers_PostStep: CottonmouthZ4c4m::sync_state
INFO (CarpetX): SyncGroups COTTONMOUTHZ4C4M::AT, COTTONMOUTHZ4C4M::THETA, COTTONMOUTHZ4C4M::CHI, COTTONMOUTHZ4C4M::EVO_GAMMAT, COTTONMOUTHZ4C4M::EVO_LAPSE, COTTONMOUTHZ4C4M::EVO_SHIFT, COTTONMOUTHZ4C4M::GT, COTTONMOUTHZ4C4M::TRK
INFO (CarpetX): CallFunction iteration 70 TmunuBaseX_SetTmunuVars: TmunuBaseX::TmunuBaseX_ZeroTmunu
INFO (ODESolvers): Calculated new state #3 at t=0.7
INFO (ODESolvers): Calculating RHS #4 at t=0.7
INFO (CarpetX): CallFunction iteration 70 z4c_rhs_group: CottonmouthZ4c4m::z4c_rhs
INFO (CarpetX): CallFunction iteration 70 z4c_apply_dissipation_group: CottonmouthZ4c4m::z4c_apply_dissipation
INFO (CarpetX): CallFunction iteration 70 z4c_enforce_pt1_group: CottonmouthZ4c4m::z4c_enforce_pt1
INFO (CarpetX): CallFunction iteration 70 z4c_enforce_pt2_group: CottonmouthZ4c4m::z4c_enforce_pt2
INFO (CarpetX): CallFunction iteration 70 z4c_to_adm_group: CottonmouthZ4c4m::sync_z4c
INFO (CarpetX): SyncGroups COTTONMOUTHZ4C4M::AT, COTTONMOUTHZ4C4M::GT, COTTONMOUTHZ4C4M::CHI, COTTONMOUTHZ4C4M::EVO_LAPSE, COTTONMOUTHZ4C4M::EVO_SHIFT, COTTONMOUTHZ4C4M::TRK
INFO (CarpetX): CallFunction iteration 70 z4c_to_adm_group: CottonmouthZ4c4m::z4c_to_adm
INFO (CarpetX): CallFunction iteration 70 ODESolvers_PostStep: CottonmouthZ4c4m::sync_state
INFO (CarpetX): SyncGroups COTTONMOUTHZ4C4M::AT, COTTONMOUTHZ4C4M::THETA, COTTONMOUTHZ4C4M::CHI, COTTONMOUTHZ4C4M::EVO_GAMMAT, COTTONMOUTHZ4C4M::EVO_LAPSE, COTTONMOUTHZ4C4M::EVO_SHIFT, COTTONMOUTHZ4C4M::GT, COTTONMOUTHZ4C4M::TRK
INFO (CarpetX): CallFunction iteration 70 TmunuBaseX_SetTmunuVars: TmunuBaseX::TmunuBaseX_ZeroTmunu
INFO (ODESolvers): Calculated new state #4 at t=0.7
INFO (CarpetX): ScheduleTraverseGH iteration 70 CCTK_POSTSTEP
INFO (CarpetX): CallFunction iteration 70 CCTK_POSTSTEP: CottonmouthLinearWaveID::StateSync_CottonmouthLinearWaveID
INFO (CarpetX): ScheduleTraverseGH iteration 70 CCTK_CHECKPOINT
INFO (CarpetX): CallFunction iteration 70 CCTK_CHECKPOINT: CarpetX::CarpetX_Checkpoint
INFO (CarpetX): ScheduleTraverseGH iteration 70 CCTK_ANALYSIS
INFO (CarpetX): CallFunction iteration 70 z4c_constraints_group: CottonmouthZ4c4m::z4c_constraints
INFO (CarpetX): OutputGH: iteration 70, time 0.700000, run time 6 s
INFO (CarpetX): OutputGH done.
INFO (CarpetX): Simulation time: 0.7   Iterations per second: 13.3523   Simulation time per second: 0.133523
INFO (CarpetX): Grid cells: 3200   Grid cell updates per second: 42727.4
INFO (CarpetX): Performance:
INFO (CarpetX):   total evolution time:            5.25232 sec
INFO (CarpetX):   total evolution compute time:    5.25192 sec
INFO (CarpetX):   total evolution output time:     0.000400066 sec
INFO (CarpetX):   total iterations:                70
INFO (CarpetX):   total cells updated:             224000
INFO (CarpetX):   average iterations per second: 13.3275
INFO (CarpetX):   average cell updates per second: 42647.9
INFO (CarpetX): SyncGroups COTTONMOUTHZ4C4M::AT, COTTONMOUTHZ4C4M::THETA, COTTONMOUTHZ4C4M::CHI, COTTONMOUTHZ4C4M::EVO_GAMMAT, COTTONMOUTHZ4C4M::EVO_LAPSE, COTTONMOUTHZ4C4M::EVO_SHIFT, COTTONMOUTHZ4C4M::GT, COTTONMOUTHZ4C4M::TRK
INFO (CarpetX): ScheduleTraverseGH iteration 71 CCTK_PRESTEP
INFO (CarpetX): ScheduleTraverseGH iteration 71 CCTK_EVOL
INFO (CarpetX): CallFunction iteration 71 CCTK_EVOL: ODESolvers::ODESolvers_Solve
INFO (ODESolvers): ODE integrator is RK4
INFO (ODESolvers):   Integrating 22 variables
INFO (ODESolvers): Calculating RHS #1 at t=0.7
INFO (CarpetX): CallFunction iteration 71 z4c_rhs_group: CottonmouthZ4c4m::z4c_rhs
INFO (CarpetX): CallFunction iteration 71 z4c_apply_dissipation_group: CottonmouthZ4c4m::z4c_apply_dissipation
INFO (CarpetX): CallFunction iteration 71 z4c_enforce_pt1_group: CottonmouthZ4c4m::z4c_enforce_pt1
INFO (CarpetX): CallFunction iteration 71 z4c_enforce_pt2_group: CottonmouthZ4c4m::z4c_enforce_pt2
INFO (CarpetX): CallFunction iteration 71 z4c_to_adm_group: CottonmouthZ4c4m::sync_z4c
INFO (CarpetX): SyncGroups COTTONMOUTHZ4C4M::AT, COTTONMOUTHZ4C4M::GT, COTTONMOUTHZ4C4M::CHI, COTTONMOUTHZ4C4M::EVO_LAPSE, COTTONMOUTHZ4C4M::EVO_SHIFT, COTTONMOUTHZ4C4M::TRK
INFO (CarpetX): CallFunction iteration 71 z4c_to_adm_group: CottonmouthZ4c4m::z4c_to_adm
INFO (CarpetX): CallFunction iteration 71 ODESolvers_PostStep: CottonmouthZ4c4m::sync_state
INFO (CarpetX): SyncGroups COTTONMOUTHZ4C4M::AT, COTTONMOUTHZ4C4M::THETA, COTTONMOUTHZ4C4M::CHI, COTTONMOUTHZ4C4M::EVO_GAMMAT, COTTONMOUTHZ4C4M::EVO_LAPSE, COTTONMOUTHZ4C4M::EVO_SHIFT, COTTONMOUTHZ4C4M::GT, COTTONMOUTHZ4C4M::TRK
INFO (CarpetX): CallFunction iteration 71 TmunuBaseX_SetTmunuVars: TmunuBaseX::TmunuBaseX_ZeroTmunu
INFO (ODESolvers): Calculated new state #1 at t=0.705
INFO (ODESolvers): Calculating RHS #2 at t=0.705
INFO (CarpetX): CallFunction iteration 71 z4c_rhs_group: CottonmouthZ4c4m::z4c_rhs
INFO (CarpetX): CallFunction iteration 71 z4c_apply_dissipation_group: CottonmouthZ4c4m::z4c_apply_dissipation
INFO (CarpetX): CallFunction iteration 71 z4c_enforce_pt1_group: CottonmouthZ4c4m::z4c_enforce_pt1
INFO (CarpetX): CallFunction iteration 71 z4c_enforce_pt2_group: CottonmouthZ4c4m::z4c_enforce_pt2
INFO (CarpetX): CallFunction iteration 71 z4c_to_adm_group: CottonmouthZ4c4m::sync_z4c
INFO (CarpetX): SyncGroups COTTONMOUTHZ4C4M::AT, COTTONMOUTHZ4C4M::GT, COTTONMOUTHZ4C4M::CHI, COTTONMOUTHZ4C4M::EVO_LAPSE, COTTONMOUTHZ4C4M::EVO_SHIFT, COTTONMOUTHZ4C4M::TRK
INFO (CarpetX): CallFunction iteration 71 z4c_to_adm_group: CottonmouthZ4c4m::z4c_to_adm
INFO (CarpetX): CallFunction iteration 71 ODESolvers_PostStep: CottonmouthZ4c4m::sync_state
INFO (CarpetX): SyncGroups COTTONMOUTHZ4C4M::AT, COTTONMOUTHZ4C4M::THETA, COTTONMOUTHZ4C4M::CHI, COTTONMOUTHZ4C4M::EVO_GAMMAT, COTTONMOUTHZ4C4M::EVO_LAPSE, COTTONMOUTHZ4C4M::EVO_SHIFT, COTTONMOUTHZ4C4M::GT, COTTONMOUTHZ4C4M::TRK
INFO (CarpetX): CallFunction iteration 71 TmunuBaseX_SetTmunuVars: TmunuBaseX::TmunuBaseX_ZeroTmunu
INFO (ODESolvers): Calculated new state #2 at t=0.705
INFO (ODESolvers): Calculating RHS #3 at t=0.705
INFO (CarpetX): CallFunction iteration 71 z4c_rhs_group: CottonmouthZ4c4m::z4c_rhs
INFO (CarpetX): CallFunction iteration 71 z4c_apply_dissipation_group: CottonmouthZ4c4m::z4c_apply_dissipation
INFO (CarpetX): CallFunction iteration 71 z4c_enforce_pt1_group: CottonmouthZ4c4m::z4c_enforce_pt1
INFO (CarpetX): CallFunction iteration 71 z4c_enforce_pt2_group: CottonmouthZ4c4m::z4c_enforce_pt2
INFO (CarpetX): CallFunction iteration 71 z4c_to_adm_group: CottonmouthZ4c4m::sync_z4c
INFO (CarpetX): SyncGroups COTTONMOUTHZ4C4M::AT, COTTONMOUTHZ4C4M::GT, COTTONMOUTHZ4C4M::CHI, COTTONMOUTHZ4C4M::EVO_LAPSE, COTTONMOUTHZ4C4M::EVO_SHIFT, COTTONMOUTHZ4C4M::TRK
INFO (CarpetX): CallFunction iteration 71 z4c_to_adm_group: CottonmouthZ4c4m::z4c_to_adm
INFO (CarpetX): CallFunction iteration 71 ODESolvers_PostStep: CottonmouthZ4c4m::sync_state
INFO (CarpetX): SyncGroups COTTONMOUTHZ4C4M::AT, COTTONMOUTHZ4C4M::THETA, COTTONMOUTHZ4C4M::CHI, COTTONMOUTHZ4C4M::EVO_GAMMAT, COTTONMOUTHZ4C4M::EVO_LAPSE, COTTONMOUTHZ4C4M::EVO_SHIFT, COTTONMOUTHZ4C4M::GT, COTTONMOUTHZ4C4M::TRK
INFO (CarpetX): CallFunction iteration 71 TmunuBaseX_SetTmunuVars: TmunuBaseX::TmunuBaseX_ZeroTmunu
INFO (ODESolvers): Calculated new state #3 at t=0.71
INFO (ODESolvers): Calculating RHS #4 at t=0.71
INFO (CarpetX): CallFunction iteration 71 z4c_rhs_group: CottonmouthZ4c4m::z4c_rhs
INFO (CarpetX): CallFunction iteration 71 z4c_apply_dissipation_group: CottonmouthZ4c4m::z4c_apply_dissipation
INFO (CarpetX): CallFunction iteration 71 z4c_enforce_pt1_group: CottonmouthZ4c4m::z4c_enforce_pt1
INFO (CarpetX): CallFunction iteration 71 z4c_enforce_pt2_group: CottonmouthZ4c4m::z4c_enforce_pt2
INFO (CarpetX): CallFunction iteration 71 z4c_to_adm_group: CottonmouthZ4c4m::sync_z4c
INFO (CarpetX): SyncGroups COTTONMOUTHZ4C4M::AT, COTTONMOUTHZ4C4M::GT, COTTONMOUTHZ4C4M::CHI, COTTONMOUTHZ4C4M::EVO_LAPSE, COTTONMOUTHZ4C4M::EVO_SHIFT, COTTONMOUTHZ4C4M::TRK
INFO (CarpetX): CallFunction iteration 71 z4c_to_adm_group: CottonmouthZ4c4m::z4c_to_adm
INFO (CarpetX): CallFunction iteration 71 ODESolvers_PostStep: CottonmouthZ4c4m::sync_state
INFO (CarpetX): SyncGroups COTTONMOUTHZ4C4M::AT, COTTONMOUTHZ4C4M::THETA, COTTONMOUTHZ4C4M::CHI, COTTONMOUTHZ4C4M::EVO_GAMMAT, COTTONMOUTHZ4C4M::EVO_LAPSE, COTTONMOUTHZ4C4M::EVO_SHIFT, COTTONMOUTHZ4C4M::GT, COTTONMOUTHZ4C4M::TRK
INFO (CarpetX): CallFunction iteration 71 TmunuBaseX_SetTmunuVars: TmunuBaseX::TmunuBaseX_ZeroTmunu
INFO (ODESolvers): Calculated new state #4 at t=0.71
INFO (CarpetX): ScheduleTraverseGH iteration 71 CCTK_POSTSTEP
INFO (CarpetX): CallFunction iteration 71 CCTK_POSTSTEP: CottonmouthLinearWaveID::StateSync_CottonmouthLinearWaveID
INFO (CarpetX): ScheduleTraverseGH iteration 71 CCTK_CHECKPOINT
INFO (CarpetX): CallFunction iteration 71 CCTK_CHECKPOINT: CarpetX::CarpetX_Checkpoint
INFO (CarpetX): ScheduleTraverseGH iteration 71 CCTK_ANALYSIS
INFO (CarpetX): CallFunction iteration 71 z4c_constraints_group: CottonmouthZ4c4m::z4c_constraints
INFO (CarpetX): OutputGH: iteration 71, time 0.710000, run time 6 s
INFO (CarpetX): OutputGH done.
INFO (CarpetX): Simulation time: 0.71   Iterations per second: 13.3491   Simulation time per second: 0.133491
INFO (CarpetX): Grid cells: 3200   Grid cell updates per second: 42717.2
INFO (CarpetX): Performance:
INFO (CarpetX):   total evolution time:            5.32739 sec
INFO (CarpetX):   total evolution compute time:    5.32698 sec
INFO (CarpetX):   total evolution output time:     0.000406265 sec
INFO (CarpetX):   total iterations:                71
INFO (CarpetX):   total cells updated:             227200
INFO (CarpetX):   average iterations per second: 13.3274
INFO (CarpetX):   average cell updates per second: 42647.5
INFO (CarpetX): SyncGroups COTTONMOUTHZ4C4M::AT, COTTONMOUTHZ4C4M::THETA, COTTONMOUTHZ4C4M::CHI, COTTONMOUTHZ4C4M::EVO_GAMMAT, COTTONMOUTHZ4C4M::EVO_LAPSE, COTTONMOUTHZ4C4M::EVO_SHIFT, COTTONMOUTHZ4C4M::GT, COTTONMOUTHZ4C4M::TRK
INFO (CarpetX): ScheduleTraverseGH iteration 72 CCTK_PRESTEP
INFO (CarpetX): ScheduleTraverseGH iteration 72 CCTK_EVOL
INFO (CarpetX): CallFunction iteration 72 CCTK_EVOL: ODESolvers::ODESolvers_Solve
INFO (ODESolvers): ODE integrator is RK4
INFO (ODESolvers):   Integrating 22 variables
INFO (ODESolvers): Calculating RHS #1 at t=0.71
INFO (CarpetX): CallFunction iteration 72 z4c_rhs_group: CottonmouthZ4c4m::z4c_rhs
INFO (CarpetX): CallFunction iteration 72 z4c_apply_dissipation_group: CottonmouthZ4c4m::z4c_apply_dissipation
INFO (CarpetX): CallFunction iteration 72 z4c_enforce_pt1_group: CottonmouthZ4c4m::z4c_enforce_pt1
INFO (CarpetX): CallFunction iteration 72 z4c_enforce_pt2_group: CottonmouthZ4c4m::z4c_enforce_pt2
INFO (CarpetX): CallFunction iteration 72 z4c_to_adm_group: CottonmouthZ4c4m::sync_z4c
INFO (CarpetX): SyncGroups COTTONMOUTHZ4C4M::AT, COTTONMOUTHZ4C4M::GT, COTTONMOUTHZ4C4M::CHI, COTTONMOUTHZ4C4M::EVO_LAPSE, COTTONMOUTHZ4C4M::EVO_SHIFT, COTTONMOUTHZ4C4M::TRK
INFO (CarpetX): CallFunction iteration 72 z4c_to_adm_group: CottonmouthZ4c4m::z4c_to_adm
INFO (CarpetX): CallFunction iteration 72 ODESolvers_PostStep: CottonmouthZ4c4m::sync_state
INFO (CarpetX): SyncGroups COTTONMOUTHZ4C4M::AT, COTTONMOUTHZ4C4M::THETA, COTTONMOUTHZ4C4M::CHI, COTTONMOUTHZ4C4M::EVO_GAMMAT, COTTONMOUTHZ4C4M::EVO_LAPSE, COTTONMOUTHZ4C4M::EVO_SHIFT, COTTONMOUTHZ4C4M::GT, COTTONMOUTHZ4C4M::TRK
INFO (CarpetX): CallFunction iteration 72 TmunuBaseX_SetTmunuVars: TmunuBaseX::TmunuBaseX_ZeroTmunu
INFO (ODESolvers): Calculated new state #1 at t=0.715
INFO (ODESolvers): Calculating RHS #2 at t=0.715
INFO (CarpetX): CallFunction iteration 72 z4c_rhs_group: CottonmouthZ4c4m::z4c_rhs
INFO (CarpetX): CallFunction iteration 72 z4c_apply_dissipation_group: CottonmouthZ4c4m::z4c_apply_dissipation
INFO (CarpetX): CallFunction iteration 72 z4c_enforce_pt1_group: CottonmouthZ4c4m::z4c_enforce_pt1
INFO (CarpetX): CallFunction iteration 72 z4c_enforce_pt2_group: CottonmouthZ4c4m::z4c_enforce_pt2
INFO (CarpetX): CallFunction iteration 72 z4c_to_adm_group: CottonmouthZ4c4m::sync_z4c
INFO (CarpetX): SyncGroups COTTONMOUTHZ4C4M::AT, COTTONMOUTHZ4C4M::GT, COTTONMOUTHZ4C4M::CHI, COTTONMOUTHZ4C4M::EVO_LAPSE, COTTONMOUTHZ4C4M::EVO_SHIFT, COTTONMOUTHZ4C4M::TRK
INFO (CarpetX): CallFunction iteration 72 z4c_to_adm_group: CottonmouthZ4c4m::z4c_to_adm
INFO (CarpetX): CallFunction iteration 72 ODESolvers_PostStep: CottonmouthZ4c4m::sync_state
INFO (CarpetX): SyncGroups COTTONMOUTHZ4C4M::AT, COTTONMOUTHZ4C4M::THETA, COTTONMOUTHZ4C4M::CHI, COTTONMOUTHZ4C4M::EVO_GAMMAT, COTTONMOUTHZ4C4M::EVO_LAPSE, COTTONMOUTHZ4C4M::EVO_SHIFT, COTTONMOUTHZ4C4M::GT, COTTONMOUTHZ4C4M::TRK
INFO (CarpetX): CallFunction iteration 72 TmunuBaseX_SetTmunuVars: TmunuBaseX::TmunuBaseX_ZeroTmunu
INFO (ODESolvers): Calculated new state #2 at t=0.715
INFO (ODESolvers): Calculating RHS #3 at t=0.715
INFO (CarpetX): CallFunction iteration 72 z4c_rhs_group: CottonmouthZ4c4m::z4c_rhs
INFO (CarpetX): CallFunction iteration 72 z4c_apply_dissipation_group: CottonmouthZ4c4m::z4c_apply_dissipation
INFO (CarpetX): CallFunction iteration 72 z4c_enforce_pt1_group: CottonmouthZ4c4m::z4c_enforce_pt1
INFO (CarpetX): CallFunction iteration 72 z4c_enforce_pt2_group: CottonmouthZ4c4m::z4c_enforce_pt2
INFO (CarpetX): CallFunction iteration 72 z4c_to_adm_group: CottonmouthZ4c4m::sync_z4c
INFO (CarpetX): SyncGroups COTTONMOUTHZ4C4M::AT, COTTONMOUTHZ4C4M::GT, COTTONMOUTHZ4C4M::CHI, COTTONMOUTHZ4C4M::EVO_LAPSE, COTTONMOUTHZ4C4M::EVO_SHIFT, COTTONMOUTHZ4C4M::TRK
INFO (CarpetX): CallFunction iteration 72 z4c_to_adm_group: CottonmouthZ4c4m::z4c_to_adm
INFO (CarpetX): CallFunction iteration 72 ODESolvers_PostStep: CottonmouthZ4c4m::sync_state
INFO (CarpetX): SyncGroups COTTONMOUTHZ4C4M::AT, COTTONMOUTHZ4C4M::THETA, COTTONMOUTHZ4C4M::CHI, COTTONMOUTHZ4C4M::EVO_GAMMAT, COTTONMOUTHZ4C4M::EVO_LAPSE, COTTONMOUTHZ4C4M::EVO_SHIFT, COTTONMOUTHZ4C4M::GT, COTTONMOUTHZ4C4M::TRK
INFO (CarpetX): CallFunction iteration 72 TmunuBaseX_SetTmunuVars: TmunuBaseX::TmunuBaseX_ZeroTmunu
INFO (ODESolvers): Calculated new state #3 at t=0.72
INFO (ODESolvers): Calculating RHS #4 at t=0.72
INFO (CarpetX): CallFunction iteration 72 z4c_rhs_group: CottonmouthZ4c4m::z4c_rhs
INFO (CarpetX): CallFunction iteration 72 z4c_apply_dissipation_group: CottonmouthZ4c4m::z4c_apply_dissipation
INFO (CarpetX): CallFunction iteration 72 z4c_enforce_pt1_group: CottonmouthZ4c4m::z4c_enforce_pt1
INFO (CarpetX): CallFunction iteration 72 z4c_enforce_pt2_group: CottonmouthZ4c4m::z4c_enforce_pt2
INFO (CarpetX): CallFunction iteration 72 z4c_to_adm_group: CottonmouthZ4c4m::sync_z4c
INFO (CarpetX): SyncGroups COTTONMOUTHZ4C4M::AT, COTTONMOUTHZ4C4M::GT, COTTONMOUTHZ4C4M::CHI, COTTONMOUTHZ4C4M::EVO_LAPSE, COTTONMOUTHZ4C4M::EVO_SHIFT, COTTONMOUTHZ4C4M::TRK
INFO (CarpetX): CallFunction iteration 72 z4c_to_adm_group: CottonmouthZ4c4m::z4c_to_adm
INFO (CarpetX): CallFunction iteration 72 ODESolvers_PostStep: CottonmouthZ4c4m::sync_state
INFO (CarpetX): SyncGroups COTTONMOUTHZ4C4M::AT, COTTONMOUTHZ4C4M::THETA, COTTONMOUTHZ4C4M::CHI, COTTONMOUTHZ4C4M::EVO_GAMMAT, COTTONMOUTHZ4C4M::EVO_LAPSE, COTTONMOUTHZ4C4M::EVO_SHIFT, COTTONMOUTHZ4C4M::GT, COTTONMOUTHZ4C4M::TRK
INFO (CarpetX): CallFunction iteration 72 TmunuBaseX_SetTmunuVars: TmunuBaseX::TmunuBaseX_ZeroTmunu
INFO (ODESolvers): Calculated new state #4 at t=0.72
INFO (CarpetX): ScheduleTraverseGH iteration 72 CCTK_POSTSTEP
INFO (CarpetX): CallFunction iteration 72 CCTK_POSTSTEP: CottonmouthLinearWaveID::StateSync_CottonmouthLinearWaveID
INFO (CarpetX): ScheduleTraverseGH iteration 72 CCTK_CHECKPOINT
INFO (CarpetX): CallFunction iteration 72 CCTK_CHECKPOINT: CarpetX::CarpetX_Checkpoint
INFO (CarpetX): ScheduleTraverseGH iteration 72 CCTK_ANALYSIS
INFO (CarpetX): CallFunction iteration 72 z4c_constraints_group: CottonmouthZ4c4m::z4c_constraints
INFO (CarpetX): OutputGH: iteration 72, time 0.720000, run time 6 s
INFO (CarpetX): OutputGH done.
INFO (CarpetX): Simulation time: 0.72   Iterations per second: 13.3503   Simulation time per second: 0.133503
INFO (CarpetX): Grid cells: 3200   Grid cell updates per second: 42721
INFO (CarpetX): Performance:
INFO (CarpetX):   total evolution time:            5.40223 sec
INFO (CarpetX):   total evolution compute time:    5.40182 sec
INFO (CarpetX):   total evolution output time:     0.000412226 sec
INFO (CarpetX):   total iterations:                72
INFO (CarpetX):   total cells updated:             230400
INFO (CarpetX):   average iterations per second: 13.3278
INFO (CarpetX):   average cell updates per second: 42649
INFO (CarpetX): SyncGroups COTTONMOUTHZ4C4M::AT, COTTONMOUTHZ4C4M::THETA, COTTONMOUTHZ4C4M::CHI, COTTONMOUTHZ4C4M::EVO_GAMMAT, COTTONMOUTHZ4C4M::EVO_LAPSE, COTTONMOUTHZ4C4M::EVO_SHIFT, COTTONMOUTHZ4C4M::GT, COTTONMOUTHZ4C4M::TRK
INFO (CarpetX): ScheduleTraverseGH iteration 73 CCTK_PRESTEP
INFO (CarpetX): ScheduleTraverseGH iteration 73 CCTK_EVOL
INFO (CarpetX): CallFunction iteration 73 CCTK_EVOL: ODESolvers::ODESolvers_Solve
INFO (ODESolvers): ODE integrator is RK4
INFO (ODESolvers):   Integrating 22 variables
INFO (ODESolvers): Calculating RHS #1 at t=0.72
INFO (CarpetX): CallFunction iteration 73 z4c_rhs_group: CottonmouthZ4c4m::z4c_rhs
INFO (CarpetX): CallFunction iteration 73 z4c_apply_dissipation_group: CottonmouthZ4c4m::z4c_apply_dissipation
INFO (CarpetX): CallFunction iteration 73 z4c_enforce_pt1_group: CottonmouthZ4c4m::z4c_enforce_pt1
INFO (CarpetX): CallFunction iteration 73 z4c_enforce_pt2_group: CottonmouthZ4c4m::z4c_enforce_pt2
INFO (CarpetX): CallFunction iteration 73 z4c_to_adm_group: CottonmouthZ4c4m::sync_z4c
INFO (CarpetX): SyncGroups COTTONMOUTHZ4C4M::AT, COTTONMOUTHZ4C4M::GT, COTTONMOUTHZ4C4M::CHI, COTTONMOUTHZ4C4M::EVO_LAPSE, COTTONMOUTHZ4C4M::EVO_SHIFT, COTTONMOUTHZ4C4M::TRK
INFO (CarpetX): CallFunction iteration 73 z4c_to_adm_group: CottonmouthZ4c4m::z4c_to_adm
INFO (CarpetX): CallFunction iteration 73 ODESolvers_PostStep: CottonmouthZ4c4m::sync_state
INFO (CarpetX): SyncGroups COTTONMOUTHZ4C4M::AT, COTTONMOUTHZ4C4M::THETA, COTTONMOUTHZ4C4M::CHI, COTTONMOUTHZ4C4M::EVO_GAMMAT, COTTONMOUTHZ4C4M::EVO_LAPSE, COTTONMOUTHZ4C4M::EVO_SHIFT, COTTONMOUTHZ4C4M::GT, COTTONMOUTHZ4C4M::TRK
INFO (CarpetX): CallFunction iteration 73 TmunuBaseX_SetTmunuVars: TmunuBaseX::TmunuBaseX_ZeroTmunu
INFO (ODESolvers): Calculated new state #1 at t=0.725
INFO (ODESolvers): Calculating RHS #2 at t=0.725
INFO (CarpetX): CallFunction iteration 73 z4c_rhs_group: CottonmouthZ4c4m::z4c_rhs
INFO (CarpetX): CallFunction iteration 73 z4c_apply_dissipation_group: CottonmouthZ4c4m::z4c_apply_dissipation
INFO (CarpetX): CallFunction iteration 73 z4c_enforce_pt1_group: CottonmouthZ4c4m::z4c_enforce_pt1
INFO (CarpetX): CallFunction iteration 73 z4c_enforce_pt2_group: CottonmouthZ4c4m::z4c_enforce_pt2
INFO (CarpetX): CallFunction iteration 73 z4c_to_adm_group: CottonmouthZ4c4m::sync_z4c
INFO (CarpetX): SyncGroups COTTONMOUTHZ4C4M::AT, COTTONMOUTHZ4C4M::GT, COTTONMOUTHZ4C4M::CHI, COTTONMOUTHZ4C4M::EVO_LAPSE, COTTONMOUTHZ4C4M::EVO_SHIFT, COTTONMOUTHZ4C4M::TRK
INFO (CarpetX): CallFunction iteration 73 z4c_to_adm_group: CottonmouthZ4c4m::z4c_to_adm
INFO (CarpetX): CallFunction iteration 73 ODESolvers_PostStep: CottonmouthZ4c4m::sync_state
INFO (CarpetX): SyncGroups COTTONMOUTHZ4C4M::AT, COTTONMOUTHZ4C4M::THETA, COTTONMOUTHZ4C4M::CHI, COTTONMOUTHZ4C4M::EVO_GAMMAT, COTTONMOUTHZ4C4M::EVO_LAPSE, COTTONMOUTHZ4C4M::EVO_SHIFT, COTTONMOUTHZ4C4M::GT, COTTONMOUTHZ4C4M::TRK
INFO (CarpetX): CallFunction iteration 73 TmunuBaseX_SetTmunuVars: TmunuBaseX::TmunuBaseX_ZeroTmunu
INFO (ODESolvers): Calculated new state #2 at t=0.725
INFO (ODESolvers): Calculating RHS #3 at t=0.725
INFO (CarpetX): CallFunction iteration 73 z4c_rhs_group: CottonmouthZ4c4m::z4c_rhs
INFO (CarpetX): CallFunction iteration 73 z4c_apply_dissipation_group: CottonmouthZ4c4m::z4c_apply_dissipation
INFO (CarpetX): CallFunction iteration 73 z4c_enforce_pt1_group: CottonmouthZ4c4m::z4c_enforce_pt1
INFO (CarpetX): CallFunction iteration 73 z4c_enforce_pt2_group: CottonmouthZ4c4m::z4c_enforce_pt2
INFO (CarpetX): CallFunction iteration 73 z4c_to_adm_group: CottonmouthZ4c4m::sync_z4c
INFO (CarpetX): SyncGroups COTTONMOUTHZ4C4M::AT, COTTONMOUTHZ4C4M::GT, COTTONMOUTHZ4C4M::CHI, COTTONMOUTHZ4C4M::EVO_LAPSE, COTTONMOUTHZ4C4M::EVO_SHIFT, COTTONMOUTHZ4C4M::TRK
INFO (CarpetX): CallFunction iteration 73 z4c_to_adm_group: CottonmouthZ4c4m::z4c_to_adm
INFO (CarpetX): CallFunction iteration 73 ODESolvers_PostStep: CottonmouthZ4c4m::sync_state
INFO (CarpetX): SyncGroups COTTONMOUTHZ4C4M::AT, COTTONMOUTHZ4C4M::THETA, COTTONMOUTHZ4C4M::CHI, COTTONMOUTHZ4C4M::EVO_GAMMAT, COTTONMOUTHZ4C4M::EVO_LAPSE, COTTONMOUTHZ4C4M::EVO_SHIFT, COTTONMOUTHZ4C4M::GT, COTTONMOUTHZ4C4M::TRK
INFO (CarpetX): CallFunction iteration 73 TmunuBaseX_SetTmunuVars: TmunuBaseX::TmunuBaseX_ZeroTmunu
INFO (ODESolvers): Calculated new state #3 at t=0.73
INFO (ODESolvers): Calculating RHS #4 at t=0.73
INFO (CarpetX): CallFunction iteration 73 z4c_rhs_group: CottonmouthZ4c4m::z4c_rhs
INFO (CarpetX): CallFunction iteration 73 z4c_apply_dissipation_group: CottonmouthZ4c4m::z4c_apply_dissipation
INFO (CarpetX): CallFunction iteration 73 z4c_enforce_pt1_group: CottonmouthZ4c4m::z4c_enforce_pt1
INFO (CarpetX): CallFunction iteration 73 z4c_enforce_pt2_group: CottonmouthZ4c4m::z4c_enforce_pt2
INFO (CarpetX): CallFunction iteration 73 z4c_to_adm_group: CottonmouthZ4c4m::sync_z4c
INFO (CarpetX): SyncGroups COTTONMOUTHZ4C4M::AT, COTTONMOUTHZ4C4M::GT, COTTONMOUTHZ4C4M::CHI, COTTONMOUTHZ4C4M::EVO_LAPSE, COTTONMOUTHZ4C4M::EVO_SHIFT, COTTONMOUTHZ4C4M::TRK
INFO (CarpetX): CallFunction iteration 73 z4c_to_adm_group: CottonmouthZ4c4m::z4c_to_adm
INFO (CarpetX): CallFunction iteration 73 ODESolvers_PostStep: CottonmouthZ4c4m::sync_state
INFO (CarpetX): SyncGroups COTTONMOUTHZ4C4M::AT, COTTONMOUTHZ4C4M::THETA, COTTONMOUTHZ4C4M::CHI, COTTONMOUTHZ4C4M::EVO_GAMMAT, COTTONMOUTHZ4C4M::EVO_LAPSE, COTTONMOUTHZ4C4M::EVO_SHIFT, COTTONMOUTHZ4C4M::GT, COTTONMOUTHZ4C4M::TRK
INFO (CarpetX): CallFunction iteration 73 TmunuBaseX_SetTmunuVars: TmunuBaseX::TmunuBaseX_ZeroTmunu
INFO (ODESolvers): Calculated new state #4 at t=0.73
INFO (CarpetX): ScheduleTraverseGH iteration 73 CCTK_POSTSTEP
INFO (CarpetX): CallFunction iteration 73 CCTK_POSTSTEP: CottonmouthLinearWaveID::StateSync_CottonmouthLinearWaveID
INFO (CarpetX): ScheduleTraverseGH iteration 73 CCTK_CHECKPOINT
INFO (CarpetX): CallFunction iteration 73 CCTK_CHECKPOINT: CarpetX::CarpetX_Checkpoint
INFO (CarpetX): ScheduleTraverseGH iteration 73 CCTK_ANALYSIS
INFO (CarpetX): CallFunction iteration 73 z4c_constraints_group: CottonmouthZ4c4m::z4c_constraints
INFO (CarpetX): OutputGH: iteration 73, time 0.730000, run time 6 s
INFO (CarpetX): OutputGH done.
INFO (CarpetX): Simulation time: 0.73   Iterations per second: 13.3514   Simulation time per second: 0.133514
INFO (CarpetX): Grid cells: 3200   Grid cell updates per second: 42724.6
INFO (CarpetX): Performance:
INFO (CarpetX):   total evolution time:            5.47707 sec
INFO (CarpetX):   total evolution compute time:    5.47666 sec
INFO (CarpetX):   total evolution output time:     0.000418186 sec
INFO (CarpetX):   total iterations:                73
INFO (CarpetX):   total cells updated:             233600
INFO (CarpetX):   average iterations per second: 13.3283
INFO (CarpetX):   average cell updates per second: 42650.5
INFO (CarpetX): SyncGroups COTTONMOUTHZ4C4M::AT, COTTONMOUTHZ4C4M::THETA, COTTONMOUTHZ4C4M::CHI, COTTONMOUTHZ4C4M::EVO_GAMMAT, COTTONMOUTHZ4C4M::EVO_LAPSE, COTTONMOUTHZ4C4M::EVO_SHIFT, COTTONMOUTHZ4C4M::GT, COTTONMOUTHZ4C4M::TRK
INFO (CarpetX): ScheduleTraverseGH iteration 74 CCTK_PRESTEP
INFO (CarpetX): ScheduleTraverseGH iteration 74 CCTK_EVOL
INFO (CarpetX): CallFunction iteration 74 CCTK_EVOL: ODESolvers::ODESolvers_Solve
INFO (ODESolvers): ODE integrator is RK4
INFO (ODESolvers):   Integrating 22 variables
INFO (ODESolvers): Calculating RHS #1 at t=0.73
INFO (CarpetX): CallFunction iteration 74 z4c_rhs_group: CottonmouthZ4c4m::z4c_rhs
INFO (CarpetX): CallFunction iteration 74 z4c_apply_dissipation_group: CottonmouthZ4c4m::z4c_apply_dissipation
INFO (CarpetX): CallFunction iteration 74 z4c_enforce_pt1_group: CottonmouthZ4c4m::z4c_enforce_pt1
INFO (CarpetX): CallFunction iteration 74 z4c_enforce_pt2_group: CottonmouthZ4c4m::z4c_enforce_pt2
INFO (CarpetX): CallFunction iteration 74 z4c_to_adm_group: CottonmouthZ4c4m::sync_z4c
INFO (CarpetX): SyncGroups COTTONMOUTHZ4C4M::AT, COTTONMOUTHZ4C4M::GT, COTTONMOUTHZ4C4M::CHI, COTTONMOUTHZ4C4M::EVO_LAPSE, COTTONMOUTHZ4C4M::EVO_SHIFT, COTTONMOUTHZ4C4M::TRK
INFO (CarpetX): CallFunction iteration 74 z4c_to_adm_group: CottonmouthZ4c4m::z4c_to_adm
INFO (CarpetX): CallFunction iteration 74 ODESolvers_PostStep: CottonmouthZ4c4m::sync_state
INFO (CarpetX): SyncGroups COTTONMOUTHZ4C4M::AT, COTTONMOUTHZ4C4M::THETA, COTTONMOUTHZ4C4M::CHI, COTTONMOUTHZ4C4M::EVO_GAMMAT, COTTONMOUTHZ4C4M::EVO_LAPSE, COTTONMOUTHZ4C4M::EVO_SHIFT, COTTONMOUTHZ4C4M::GT, COTTONMOUTHZ4C4M::TRK
INFO (CarpetX): CallFunction iteration 74 TmunuBaseX_SetTmunuVars: TmunuBaseX::TmunuBaseX_ZeroTmunu
INFO (ODESolvers): Calculated new state #1 at t=0.735
INFO (ODESolvers): Calculating RHS #2 at t=0.735
INFO (CarpetX): CallFunction iteration 74 z4c_rhs_group: CottonmouthZ4c4m::z4c_rhs
INFO (CarpetX): CallFunction iteration 74 z4c_apply_dissipation_group: CottonmouthZ4c4m::z4c_apply_dissipation
INFO (CarpetX): CallFunction iteration 74 z4c_enforce_pt1_group: CottonmouthZ4c4m::z4c_enforce_pt1
INFO (CarpetX): CallFunction iteration 74 z4c_enforce_pt2_group: CottonmouthZ4c4m::z4c_enforce_pt2
INFO (CarpetX): CallFunction iteration 74 z4c_to_adm_group: CottonmouthZ4c4m::sync_z4c
INFO (CarpetX): SyncGroups COTTONMOUTHZ4C4M::AT, COTTONMOUTHZ4C4M::GT, COTTONMOUTHZ4C4M::CHI, COTTONMOUTHZ4C4M::EVO_LAPSE, COTTONMOUTHZ4C4M::EVO_SHIFT, COTTONMOUTHZ4C4M::TRK
INFO (CarpetX): CallFunction iteration 74 z4c_to_adm_group: CottonmouthZ4c4m::z4c_to_adm
INFO (CarpetX): CallFunction iteration 74 ODESolvers_PostStep: CottonmouthZ4c4m::sync_state
INFO (CarpetX): SyncGroups COTTONMOUTHZ4C4M::AT, COTTONMOUTHZ4C4M::THETA, COTTONMOUTHZ4C4M::CHI, COTTONMOUTHZ4C4M::EVO_GAMMAT, COTTONMOUTHZ4C4M::EVO_LAPSE, COTTONMOUTHZ4C4M::EVO_SHIFT, COTTONMOUTHZ4C4M::GT, COTTONMOUTHZ4C4M::TRK
INFO (CarpetX): CallFunction iteration 74 TmunuBaseX_SetTmunuVars: TmunuBaseX::TmunuBaseX_ZeroTmunu
INFO (ODESolvers): Calculated new state #2 at t=0.735
INFO (ODESolvers): Calculating RHS #3 at t=0.735
INFO (CarpetX): CallFunction iteration 74 z4c_rhs_group: CottonmouthZ4c4m::z4c_rhs
INFO (CarpetX): CallFunction iteration 74 z4c_apply_dissipation_group: CottonmouthZ4c4m::z4c_apply_dissipation
INFO (CarpetX): CallFunction iteration 74 z4c_enforce_pt1_group: CottonmouthZ4c4m::z4c_enforce_pt1
INFO (CarpetX): CallFunction iteration 74 z4c_enforce_pt2_group: CottonmouthZ4c4m::z4c_enforce_pt2
INFO (CarpetX): CallFunction iteration 74 z4c_to_adm_group: CottonmouthZ4c4m::sync_z4c
INFO (CarpetX): SyncGroups COTTONMOUTHZ4C4M::AT, COTTONMOUTHZ4C4M::GT, COTTONMOUTHZ4C4M::CHI, COTTONMOUTHZ4C4M::EVO_LAPSE, COTTONMOUTHZ4C4M::EVO_SHIFT, COTTONMOUTHZ4C4M::TRK
INFO (CarpetX): CallFunction iteration 74 z4c_to_adm_group: CottonmouthZ4c4m::z4c_to_adm
INFO (CarpetX): CallFunction iteration 74 ODESolvers_PostStep: CottonmouthZ4c4m::sync_state
INFO (CarpetX): SyncGroups COTTONMOUTHZ4C4M::AT, COTTONMOUTHZ4C4M::THETA, COTTONMOUTHZ4C4M::CHI, COTTONMOUTHZ4C4M::EVO_GAMMAT, COTTONMOUTHZ4C4M::EVO_LAPSE, COTTONMOUTHZ4C4M::EVO_SHIFT, COTTONMOUTHZ4C4M::GT, COTTONMOUTHZ4C4M::TRK
INFO (CarpetX): CallFunction iteration 74 TmunuBaseX_SetTmunuVars: TmunuBaseX::TmunuBaseX_ZeroTmunu
INFO (ODESolvers): Calculated new state #3 at t=0.74
INFO (ODESolvers): Calculating RHS #4 at t=0.74
INFO (CarpetX): CallFunction iteration 74 z4c_rhs_group: CottonmouthZ4c4m::z4c_rhs
INFO (CarpetX): CallFunction iteration 74 z4c_apply_dissipation_group: CottonmouthZ4c4m::z4c_apply_dissipation
INFO (CarpetX): CallFunction iteration 74 z4c_enforce_pt1_group: CottonmouthZ4c4m::z4c_enforce_pt1
INFO (CarpetX): CallFunction iteration 74 z4c_enforce_pt2_group: CottonmouthZ4c4m::z4c_enforce_pt2
INFO (CarpetX): CallFunction iteration 74 z4c_to_adm_group: CottonmouthZ4c4m::sync_z4c
INFO (CarpetX): SyncGroups COTTONMOUTHZ4C4M::AT, COTTONMOUTHZ4C4M::GT, COTTONMOUTHZ4C4M::CHI, COTTONMOUTHZ4C4M::EVO_LAPSE, COTTONMOUTHZ4C4M::EVO_SHIFT, COTTONMOUTHZ4C4M::TRK
INFO (CarpetX): CallFunction iteration 74 z4c_to_adm_group: CottonmouthZ4c4m::z4c_to_adm
INFO (CarpetX): CallFunction iteration 74 ODESolvers_PostStep: CottonmouthZ4c4m::sync_state
INFO (CarpetX): SyncGroups COTTONMOUTHZ4C4M::AT, COTTONMOUTHZ4C4M::THETA, COTTONMOUTHZ4C4M::CHI, COTTONMOUTHZ4C4M::EVO_GAMMAT, COTTONMOUTHZ4C4M::EVO_LAPSE, COTTONMOUTHZ4C4M::EVO_SHIFT, COTTONMOUTHZ4C4M::GT, COTTONMOUTHZ4C4M::TRK
INFO (CarpetX): CallFunction iteration 74 TmunuBaseX_SetTmunuVars: TmunuBaseX::TmunuBaseX_ZeroTmunu
INFO (ODESolvers): Calculated new state #4 at t=0.74
INFO (CarpetX): ScheduleTraverseGH iteration 74 CCTK_POSTSTEP
INFO (CarpetX): CallFunction iteration 74 CCTK_POSTSTEP: CottonmouthLinearWaveID::StateSync_CottonmouthLinearWaveID
INFO (CarpetX): ScheduleTraverseGH iteration 74 CCTK_CHECKPOINT
INFO (CarpetX): CallFunction iteration 74 CCTK_CHECKPOINT: CarpetX::CarpetX_Checkpoint
INFO (CarpetX): ScheduleTraverseGH iteration 74 CCTK_ANALYSIS
INFO (CarpetX): CallFunction iteration 74 z4c_constraints_group: CottonmouthZ4c4m::z4c_constraints
INFO (CarpetX): OutputGH: iteration 74, time 0.740000, run time 7 s
INFO (CarpetX): OutputGH done.
INFO (CarpetX): Simulation time: 0.74   Iterations per second: 13.3543   Simulation time per second: 0.133543
INFO (CarpetX): Grid cells: 3200   Grid cell updates per second: 42733.9
INFO (CarpetX): Performance:
INFO (CarpetX):   total evolution time:            5.55181 sec
INFO (CarpetX):   total evolution compute time:    5.55139 sec
INFO (CarpetX):   total evolution output time:     0.000424147 sec
INFO (CarpetX):   total iterations:                74
INFO (CarpetX):   total cells updated:             236800
INFO (CarpetX):   average iterations per second: 13.329
INFO (CarpetX):   average cell updates per second: 42652.8
INFO (CarpetX): SyncGroups COTTONMOUTHZ4C4M::AT, COTTONMOUTHZ4C4M::THETA, COTTONMOUTHZ4C4M::CHI, COTTONMOUTHZ4C4M::EVO_GAMMAT, COTTONMOUTHZ4C4M::EVO_LAPSE, COTTONMOUTHZ4C4M::EVO_SHIFT, COTTONMOUTHZ4C4M::GT, COTTONMOUTHZ4C4M::TRK
INFO (CarpetX): ScheduleTraverseGH iteration 75 CCTK_PRESTEP
INFO (CarpetX): ScheduleTraverseGH iteration 75 CCTK_EVOL
INFO (CarpetX): CallFunction iteration 75 CCTK_EVOL: ODESolvers::ODESolvers_Solve
INFO (ODESolvers): ODE integrator is RK4
INFO (ODESolvers):   Integrating 22 variables
INFO (ODESolvers): Calculating RHS #1 at t=0.74
INFO (CarpetX): CallFunction iteration 75 z4c_rhs_group: CottonmouthZ4c4m::z4c_rhs
INFO (CarpetX): CallFunction iteration 75 z4c_apply_dissipation_group: CottonmouthZ4c4m::z4c_apply_dissipation
INFO (CarpetX): CallFunction iteration 75 z4c_enforce_pt1_group: CottonmouthZ4c4m::z4c_enforce_pt1
INFO (CarpetX): CallFunction iteration 75 z4c_enforce_pt2_group: CottonmouthZ4c4m::z4c_enforce_pt2
INFO (CarpetX): CallFunction iteration 75 z4c_to_adm_group: CottonmouthZ4c4m::sync_z4c
INFO (CarpetX): SyncGroups COTTONMOUTHZ4C4M::AT, COTTONMOUTHZ4C4M::GT, COTTONMOUTHZ4C4M::CHI, COTTONMOUTHZ4C4M::EVO_LAPSE, COTTONMOUTHZ4C4M::EVO_SHIFT, COTTONMOUTHZ4C4M::TRK
INFO (CarpetX): CallFunction iteration 75 z4c_to_adm_group: CottonmouthZ4c4m::z4c_to_adm
INFO (CarpetX): CallFunction iteration 75 ODESolvers_PostStep: CottonmouthZ4c4m::sync_state
INFO (CarpetX): SyncGroups COTTONMOUTHZ4C4M::AT, COTTONMOUTHZ4C4M::THETA, COTTONMOUTHZ4C4M::CHI, COTTONMOUTHZ4C4M::EVO_GAMMAT, COTTONMOUTHZ4C4M::EVO_LAPSE, COTTONMOUTHZ4C4M::EVO_SHIFT, COTTONMOUTHZ4C4M::GT, COTTONMOUTHZ4C4M::TRK
INFO (CarpetX): CallFunction iteration 75 TmunuBaseX_SetTmunuVars: TmunuBaseX::TmunuBaseX_ZeroTmunu
INFO (ODESolvers): Calculated new state #1 at t=0.745
INFO (ODESolvers): Calculating RHS #2 at t=0.745
INFO (CarpetX): CallFunction iteration 75 z4c_rhs_group: CottonmouthZ4c4m::z4c_rhs
INFO (CarpetX): CallFunction iteration 75 z4c_apply_dissipation_group: CottonmouthZ4c4m::z4c_apply_dissipation
INFO (CarpetX): CallFunction iteration 75 z4c_enforce_pt1_group: CottonmouthZ4c4m::z4c_enforce_pt1
INFO (CarpetX): CallFunction iteration 75 z4c_enforce_pt2_group: CottonmouthZ4c4m::z4c_enforce_pt2
INFO (CarpetX): CallFunction iteration 75 z4c_to_adm_group: CottonmouthZ4c4m::sync_z4c
INFO (CarpetX): SyncGroups COTTONMOUTHZ4C4M::AT, COTTONMOUTHZ4C4M::GT, COTTONMOUTHZ4C4M::CHI, COTTONMOUTHZ4C4M::EVO_LAPSE, COTTONMOUTHZ4C4M::EVO_SHIFT, COTTONMOUTHZ4C4M::TRK
INFO (CarpetX): CallFunction iteration 75 z4c_to_adm_group: CottonmouthZ4c4m::z4c_to_adm
INFO (CarpetX): CallFunction iteration 75 ODESolvers_PostStep: CottonmouthZ4c4m::sync_state
INFO (CarpetX): SyncGroups COTTONMOUTHZ4C4M::AT, COTTONMOUTHZ4C4M::THETA, COTTONMOUTHZ4C4M::CHI, COTTONMOUTHZ4C4M::EVO_GAMMAT, COTTONMOUTHZ4C4M::EVO_LAPSE, COTTONMOUTHZ4C4M::EVO_SHIFT, COTTONMOUTHZ4C4M::GT, COTTONMOUTHZ4C4M::TRK
INFO (CarpetX): CallFunction iteration 75 TmunuBaseX_SetTmunuVars: TmunuBaseX::TmunuBaseX_ZeroTmunu
INFO (ODESolvers): Calculated new state #2 at t=0.745
INFO (ODESolvers): Calculating RHS #3 at t=0.745
INFO (CarpetX): CallFunction iteration 75 z4c_rhs_group: CottonmouthZ4c4m::z4c_rhs
INFO (CarpetX): CallFunction iteration 75 z4c_apply_dissipation_group: CottonmouthZ4c4m::z4c_apply_dissipation
INFO (CarpetX): CallFunction iteration 75 z4c_enforce_pt1_group: CottonmouthZ4c4m::z4c_enforce_pt1
INFO (CarpetX): CallFunction iteration 75 z4c_enforce_pt2_group: CottonmouthZ4c4m::z4c_enforce_pt2
INFO (CarpetX): CallFunction iteration 75 z4c_to_adm_group: CottonmouthZ4c4m::sync_z4c
INFO (CarpetX): SyncGroups COTTONMOUTHZ4C4M::AT, COTTONMOUTHZ4C4M::GT, COTTONMOUTHZ4C4M::CHI, COTTONMOUTHZ4C4M::EVO_LAPSE, COTTONMOUTHZ4C4M::EVO_SHIFT, COTTONMOUTHZ4C4M::TRK
INFO (CarpetX): CallFunction iteration 75 z4c_to_adm_group: CottonmouthZ4c4m::z4c_to_adm
INFO (CarpetX): CallFunction iteration 75 ODESolvers_PostStep: CottonmouthZ4c4m::sync_state
INFO (CarpetX): SyncGroups COTTONMOUTHZ4C4M::AT, COTTONMOUTHZ4C4M::THETA, COTTONMOUTHZ4C4M::CHI, COTTONMOUTHZ4C4M::EVO_GAMMAT, COTTONMOUTHZ4C4M::EVO_LAPSE, COTTONMOUTHZ4C4M::EVO_SHIFT, COTTONMOUTHZ4C4M::GT, COTTONMOUTHZ4C4M::TRK
INFO (CarpetX): CallFunction iteration 75 TmunuBaseX_SetTmunuVars: TmunuBaseX::TmunuBaseX_ZeroTmunu
INFO (ODESolvers): Calculated new state #3 at t=0.75
INFO (ODESolvers): Calculating RHS #4 at t=0.75
INFO (CarpetX): CallFunction iteration 75 z4c_rhs_group: CottonmouthZ4c4m::z4c_rhs
INFO (CarpetX): CallFunction iteration 75 z4c_apply_dissipation_group: CottonmouthZ4c4m::z4c_apply_dissipation
INFO (CarpetX): CallFunction iteration 75 z4c_enforce_pt1_group: CottonmouthZ4c4m::z4c_enforce_pt1
INFO (CarpetX): CallFunction iteration 75 z4c_enforce_pt2_group: CottonmouthZ4c4m::z4c_enforce_pt2
INFO (CarpetX): CallFunction iteration 75 z4c_to_adm_group: CottonmouthZ4c4m::sync_z4c
INFO (CarpetX): SyncGroups COTTONMOUTHZ4C4M::AT, COTTONMOUTHZ4C4M::GT, COTTONMOUTHZ4C4M::CHI, COTTONMOUTHZ4C4M::EVO_LAPSE, COTTONMOUTHZ4C4M::EVO_SHIFT, COTTONMOUTHZ4C4M::TRK
INFO (CarpetX): CallFunction iteration 75 z4c_to_adm_group: CottonmouthZ4c4m::z4c_to_adm
INFO (CarpetX): CallFunction iteration 75 ODESolvers_PostStep: CottonmouthZ4c4m::sync_state
INFO (CarpetX): SyncGroups COTTONMOUTHZ4C4M::AT, COTTONMOUTHZ4C4M::THETA, COTTONMOUTHZ4C4M::CHI, COTTONMOUTHZ4C4M::EVO_GAMMAT, COTTONMOUTHZ4C4M::EVO_LAPSE, COTTONMOUTHZ4C4M::EVO_SHIFT, COTTONMOUTHZ4C4M::GT, COTTONMOUTHZ4C4M::TRK
INFO (CarpetX): CallFunction iteration 75 TmunuBaseX_SetTmunuVars: TmunuBaseX::TmunuBaseX_ZeroTmunu
INFO (ODESolvers): Calculated new state #4 at t=0.75
INFO (CarpetX): ScheduleTraverseGH iteration 75 CCTK_POSTSTEP
INFO (CarpetX): CallFunction iteration 75 CCTK_POSTSTEP: CottonmouthLinearWaveID::StateSync_CottonmouthLinearWaveID
INFO (CarpetX): ScheduleTraverseGH iteration 75 CCTK_CHECKPOINT
INFO (CarpetX): CallFunction iteration 75 CCTK_CHECKPOINT: CarpetX::CarpetX_Checkpoint
INFO (CarpetX): ScheduleTraverseGH iteration 75 CCTK_ANALYSIS
INFO (CarpetX): CallFunction iteration 75 z4c_constraints_group: CottonmouthZ4c4m::z4c_constraints
INFO (CarpetX): OutputGH: iteration 75, time 0.750000, run time 7 s
INFO (CarpetX): OutputGH done.
INFO (CarpetX): Simulation time: 0.75   Iterations per second: 13.3569   Simulation time per second: 0.133569
INFO (CarpetX): Grid cells: 3200   Grid cell updates per second: 42742.1
INFO (CarpetX): Performance:
INFO (CarpetX):   total evolution time:            5.62655 sec
INFO (CarpetX):   total evolution compute time:    5.62612 sec
INFO (CarpetX):   total evolution output time:     0.000430346 sec
INFO (CarpetX):   total iterations:                75
INFO (CarpetX):   total cells updated:             240000
INFO (CarpetX):   average iterations per second: 13.3297
INFO (CarpetX):   average cell updates per second: 42654.9
INFO (CarpetX): SyncGroups COTTONMOUTHZ4C4M::AT, COTTONMOUTHZ4C4M::THETA, COTTONMOUTHZ4C4M::CHI, COTTONMOUTHZ4C4M::EVO_GAMMAT, COTTONMOUTHZ4C4M::EVO_LAPSE, COTTONMOUTHZ4C4M::EVO_SHIFT, COTTONMOUTHZ4C4M::GT, COTTONMOUTHZ4C4M::TRK
INFO (CarpetX): ScheduleTraverseGH iteration 76 CCTK_PRESTEP
INFO (CarpetX): ScheduleTraverseGH iteration 76 CCTK_EVOL
INFO (CarpetX): CallFunction iteration 76 CCTK_EVOL: ODESolvers::ODESolvers_Solve
INFO (ODESolvers): ODE integrator is RK4
INFO (ODESolvers):   Integrating 22 variables
INFO (ODESolvers): Calculating RHS #1 at t=0.75
INFO (CarpetX): CallFunction iteration 76 z4c_rhs_group: CottonmouthZ4c4m::z4c_rhs
INFO (CarpetX): CallFunction iteration 76 z4c_apply_dissipation_group: CottonmouthZ4c4m::z4c_apply_dissipation
INFO (CarpetX): CallFunction iteration 76 z4c_enforce_pt1_group: CottonmouthZ4c4m::z4c_enforce_pt1
INFO (CarpetX): CallFunction iteration 76 z4c_enforce_pt2_group: CottonmouthZ4c4m::z4c_enforce_pt2
INFO (CarpetX): CallFunction iteration 76 z4c_to_adm_group: CottonmouthZ4c4m::sync_z4c
INFO (CarpetX): SyncGroups COTTONMOUTHZ4C4M::AT, COTTONMOUTHZ4C4M::GT, COTTONMOUTHZ4C4M::CHI, COTTONMOUTHZ4C4M::EVO_LAPSE, COTTONMOUTHZ4C4M::EVO_SHIFT, COTTONMOUTHZ4C4M::TRK
INFO (CarpetX): CallFunction iteration 76 z4c_to_adm_group: CottonmouthZ4c4m::z4c_to_adm
INFO (CarpetX): CallFunction iteration 76 ODESolvers_PostStep: CottonmouthZ4c4m::sync_state
INFO (CarpetX): SyncGroups COTTONMOUTHZ4C4M::AT, COTTONMOUTHZ4C4M::THETA, COTTONMOUTHZ4C4M::CHI, COTTONMOUTHZ4C4M::EVO_GAMMAT, COTTONMOUTHZ4C4M::EVO_LAPSE, COTTONMOUTHZ4C4M::EVO_SHIFT, COTTONMOUTHZ4C4M::GT, COTTONMOUTHZ4C4M::TRK
INFO (CarpetX): CallFunction iteration 76 TmunuBaseX_SetTmunuVars: TmunuBaseX::TmunuBaseX_ZeroTmunu
INFO (ODESolvers): Calculated new state #1 at t=0.755
INFO (ODESolvers): Calculating RHS #2 at t=0.755
INFO (CarpetX): CallFunction iteration 76 z4c_rhs_group: CottonmouthZ4c4m::z4c_rhs
INFO (CarpetX): CallFunction iteration 76 z4c_apply_dissipation_group: CottonmouthZ4c4m::z4c_apply_dissipation
INFO (CarpetX): CallFunction iteration 76 z4c_enforce_pt1_group: CottonmouthZ4c4m::z4c_enforce_pt1
INFO (CarpetX): CallFunction iteration 76 z4c_enforce_pt2_group: CottonmouthZ4c4m::z4c_enforce_pt2
INFO (CarpetX): CallFunction iteration 76 z4c_to_adm_group: CottonmouthZ4c4m::sync_z4c
INFO (CarpetX): SyncGroups COTTONMOUTHZ4C4M::AT, COTTONMOUTHZ4C4M::GT, COTTONMOUTHZ4C4M::CHI, COTTONMOUTHZ4C4M::EVO_LAPSE, COTTONMOUTHZ4C4M::EVO_SHIFT, COTTONMOUTHZ4C4M::TRK
INFO (CarpetX): CallFunction iteration 76 z4c_to_adm_group: CottonmouthZ4c4m::z4c_to_adm
INFO (CarpetX): CallFunction iteration 76 ODESolvers_PostStep: CottonmouthZ4c4m::sync_state
INFO (CarpetX): SyncGroups COTTONMOUTHZ4C4M::AT, COTTONMOUTHZ4C4M::THETA, COTTONMOUTHZ4C4M::CHI, COTTONMOUTHZ4C4M::EVO_GAMMAT, COTTONMOUTHZ4C4M::EVO_LAPSE, COTTONMOUTHZ4C4M::EVO_SHIFT, COTTONMOUTHZ4C4M::GT, COTTONMOUTHZ4C4M::TRK
INFO (CarpetX): CallFunction iteration 76 TmunuBaseX_SetTmunuVars: TmunuBaseX::TmunuBaseX_ZeroTmunu
INFO (ODESolvers): Calculated new state #2 at t=0.755
INFO (ODESolvers): Calculating RHS #3 at t=0.755
INFO (CarpetX): CallFunction iteration 76 z4c_rhs_group: CottonmouthZ4c4m::z4c_rhs
INFO (CarpetX): CallFunction iteration 76 z4c_apply_dissipation_group: CottonmouthZ4c4m::z4c_apply_dissipation
INFO (CarpetX): CallFunction iteration 76 z4c_enforce_pt1_group: CottonmouthZ4c4m::z4c_enforce_pt1
INFO (CarpetX): CallFunction iteration 76 z4c_enforce_pt2_group: CottonmouthZ4c4m::z4c_enforce_pt2
INFO (CarpetX): CallFunction iteration 76 z4c_to_adm_group: CottonmouthZ4c4m::sync_z4c
INFO (CarpetX): SyncGroups COTTONMOUTHZ4C4M::AT, COTTONMOUTHZ4C4M::GT, COTTONMOUTHZ4C4M::CHI, COTTONMOUTHZ4C4M::EVO_LAPSE, COTTONMOUTHZ4C4M::EVO_SHIFT, COTTONMOUTHZ4C4M::TRK
INFO (CarpetX): CallFunction iteration 76 z4c_to_adm_group: CottonmouthZ4c4m::z4c_to_adm
INFO (CarpetX): CallFunction iteration 76 ODESolvers_PostStep: CottonmouthZ4c4m::sync_state
INFO (CarpetX): SyncGroups COTTONMOUTHZ4C4M::AT, COTTONMOUTHZ4C4M::THETA, COTTONMOUTHZ4C4M::CHI, COTTONMOUTHZ4C4M::EVO_GAMMAT, COTTONMOUTHZ4C4M::EVO_LAPSE, COTTONMOUTHZ4C4M::EVO_SHIFT, COTTONMOUTHZ4C4M::GT, COTTONMOUTHZ4C4M::TRK
INFO (CarpetX): CallFunction iteration 76 TmunuBaseX_SetTmunuVars: TmunuBaseX::TmunuBaseX_ZeroTmunu
INFO (ODESolvers): Calculated new state #3 at t=0.76
INFO (ODESolvers): Calculating RHS #4 at t=0.76
INFO (CarpetX): CallFunction iteration 76 z4c_rhs_group: CottonmouthZ4c4m::z4c_rhs
INFO (CarpetX): CallFunction iteration 76 z4c_apply_dissipation_group: CottonmouthZ4c4m::z4c_apply_dissipation
INFO (CarpetX): CallFunction iteration 76 z4c_enforce_pt1_group: CottonmouthZ4c4m::z4c_enforce_pt1
INFO (CarpetX): CallFunction iteration 76 z4c_enforce_pt2_group: CottonmouthZ4c4m::z4c_enforce_pt2
INFO (CarpetX): CallFunction iteration 76 z4c_to_adm_group: CottonmouthZ4c4m::sync_z4c
INFO (CarpetX): SyncGroups COTTONMOUTHZ4C4M::AT, COTTONMOUTHZ4C4M::GT, COTTONMOUTHZ4C4M::CHI, COTTONMOUTHZ4C4M::EVO_LAPSE, COTTONMOUTHZ4C4M::EVO_SHIFT, COTTONMOUTHZ4C4M::TRK
INFO (CarpetX): CallFunction iteration 76 z4c_to_adm_group: CottonmouthZ4c4m::z4c_to_adm
INFO (CarpetX): CallFunction iteration 76 ODESolvers_PostStep: CottonmouthZ4c4m::sync_state
INFO (CarpetX): SyncGroups COTTONMOUTHZ4C4M::AT, COTTONMOUTHZ4C4M::THETA, COTTONMOUTHZ4C4M::CHI, COTTONMOUTHZ4C4M::EVO_GAMMAT, COTTONMOUTHZ4C4M::EVO_LAPSE, COTTONMOUTHZ4C4M::EVO_SHIFT, COTTONMOUTHZ4C4M::GT, COTTONMOUTHZ4C4M::TRK
INFO (CarpetX): CallFunction iteration 76 TmunuBaseX_SetTmunuVars: TmunuBaseX::TmunuBaseX_ZeroTmunu
INFO (ODESolvers): Calculated new state #4 at t=0.76
INFO (CarpetX): ScheduleTraverseGH iteration 76 CCTK_POSTSTEP
INFO (CarpetX): CallFunction iteration 76 CCTK_POSTSTEP: CottonmouthLinearWaveID::StateSync_CottonmouthLinearWaveID
INFO (CarpetX): ScheduleTraverseGH iteration 76 CCTK_CHECKPOINT
INFO (CarpetX): CallFunction iteration 76 CCTK_CHECKPOINT: CarpetX::CarpetX_Checkpoint
INFO (CarpetX): ScheduleTraverseGH iteration 76 CCTK_ANALYSIS
INFO (CarpetX): CallFunction iteration 76 z4c_constraints_group: CottonmouthZ4c4m::z4c_constraints
INFO (CarpetX): OutputGH: iteration 76, time 0.760000, run time 7 s
INFO (CarpetX): OutputGH done.
INFO (CarpetX): Simulation time: 0.76   Iterations per second: 13.3557   Simulation time per second: 0.133557
INFO (CarpetX): Grid cells: 3200   Grid cell updates per second: 42738.2
INFO (CarpetX): Performance:
INFO (CarpetX):   total evolution time:            5.70148 sec
INFO (CarpetX):   total evolution compute time:    5.70105 sec
INFO (CarpetX):   total evolution output time:     0.000437498 sec
INFO (CarpetX):   total iterations:                76
INFO (CarpetX):   total cells updated:             243200
INFO (CarpetX):   average iterations per second: 13.3299
INFO (CarpetX):   average cell updates per second: 42655.6
INFO (CarpetX): SyncGroups COTTONMOUTHZ4C4M::AT, COTTONMOUTHZ4C4M::THETA, COTTONMOUTHZ4C4M::CHI, COTTONMOUTHZ4C4M::EVO_GAMMAT, COTTONMOUTHZ4C4M::EVO_LAPSE, COTTONMOUTHZ4C4M::EVO_SHIFT, COTTONMOUTHZ4C4M::GT, COTTONMOUTHZ4C4M::TRK
INFO (CarpetX): ScheduleTraverseGH iteration 77 CCTK_PRESTEP
INFO (CarpetX): ScheduleTraverseGH iteration 77 CCTK_EVOL
INFO (CarpetX): CallFunction iteration 77 CCTK_EVOL: ODESolvers::ODESolvers_Solve
INFO (ODESolvers): ODE integrator is RK4
INFO (ODESolvers):   Integrating 22 variables
INFO (ODESolvers): Calculating RHS #1 at t=0.76
INFO (CarpetX): CallFunction iteration 77 z4c_rhs_group: CottonmouthZ4c4m::z4c_rhs
INFO (CarpetX): CallFunction iteration 77 z4c_apply_dissipation_group: CottonmouthZ4c4m::z4c_apply_dissipation
INFO (CarpetX): CallFunction iteration 77 z4c_enforce_pt1_group: CottonmouthZ4c4m::z4c_enforce_pt1
INFO (CarpetX): CallFunction iteration 77 z4c_enforce_pt2_group: CottonmouthZ4c4m::z4c_enforce_pt2
INFO (CarpetX): CallFunction iteration 77 z4c_to_adm_group: CottonmouthZ4c4m::sync_z4c
INFO (CarpetX): SyncGroups COTTONMOUTHZ4C4M::AT, COTTONMOUTHZ4C4M::GT, COTTONMOUTHZ4C4M::CHI, COTTONMOUTHZ4C4M::EVO_LAPSE, COTTONMOUTHZ4C4M::EVO_SHIFT, COTTONMOUTHZ4C4M::TRK
INFO (CarpetX): CallFunction iteration 77 z4c_to_adm_group: CottonmouthZ4c4m::z4c_to_adm
INFO (CarpetX): CallFunction iteration 77 ODESolvers_PostStep: CottonmouthZ4c4m::sync_state
INFO (CarpetX): SyncGroups COTTONMOUTHZ4C4M::AT, COTTONMOUTHZ4C4M::THETA, COTTONMOUTHZ4C4M::CHI, COTTONMOUTHZ4C4M::EVO_GAMMAT, COTTONMOUTHZ4C4M::EVO_LAPSE, COTTONMOUTHZ4C4M::EVO_SHIFT, COTTONMOUTHZ4C4M::GT, COTTONMOUTHZ4C4M::TRK
INFO (CarpetX): CallFunction iteration 77 TmunuBaseX_SetTmunuVars: TmunuBaseX::TmunuBaseX_ZeroTmunu
INFO (ODESolvers): Calculated new state #1 at t=0.765
INFO (ODESolvers): Calculating RHS #2 at t=0.765
INFO (CarpetX): CallFunction iteration 77 z4c_rhs_group: CottonmouthZ4c4m::z4c_rhs
INFO (CarpetX): CallFunction iteration 77 z4c_apply_dissipation_group: CottonmouthZ4c4m::z4c_apply_dissipation
INFO (CarpetX): CallFunction iteration 77 z4c_enforce_pt1_group: CottonmouthZ4c4m::z4c_enforce_pt1
INFO (CarpetX): CallFunction iteration 77 z4c_enforce_pt2_group: CottonmouthZ4c4m::z4c_enforce_pt2
INFO (CarpetX): CallFunction iteration 77 z4c_to_adm_group: CottonmouthZ4c4m::sync_z4c
INFO (CarpetX): SyncGroups COTTONMOUTHZ4C4M::AT, COTTONMOUTHZ4C4M::GT, COTTONMOUTHZ4C4M::CHI, COTTONMOUTHZ4C4M::EVO_LAPSE, COTTONMOUTHZ4C4M::EVO_SHIFT, COTTONMOUTHZ4C4M::TRK
INFO (CarpetX): CallFunction iteration 77 z4c_to_adm_group: CottonmouthZ4c4m::z4c_to_adm
INFO (CarpetX): CallFunction iteration 77 ODESolvers_PostStep: CottonmouthZ4c4m::sync_state
INFO (CarpetX): SyncGroups COTTONMOUTHZ4C4M::AT, COTTONMOUTHZ4C4M::THETA, COTTONMOUTHZ4C4M::CHI, COTTONMOUTHZ4C4M::EVO_GAMMAT, COTTONMOUTHZ4C4M::EVO_LAPSE, COTTONMOUTHZ4C4M::EVO_SHIFT, COTTONMOUTHZ4C4M::GT, COTTONMOUTHZ4C4M::TRK
INFO (CarpetX): CallFunction iteration 77 TmunuBaseX_SetTmunuVars: TmunuBaseX::TmunuBaseX_ZeroTmunu
INFO (ODESolvers): Calculated new state #2 at t=0.765
INFO (ODESolvers): Calculating RHS #3 at t=0.765
INFO (CarpetX): CallFunction iteration 77 z4c_rhs_group: CottonmouthZ4c4m::z4c_rhs
INFO (CarpetX): CallFunction iteration 77 z4c_apply_dissipation_group: CottonmouthZ4c4m::z4c_apply_dissipation
INFO (CarpetX): CallFunction iteration 77 z4c_enforce_pt1_group: CottonmouthZ4c4m::z4c_enforce_pt1
INFO (CarpetX): CallFunction iteration 77 z4c_enforce_pt2_group: CottonmouthZ4c4m::z4c_enforce_pt2
INFO (CarpetX): CallFunction iteration 77 z4c_to_adm_group: CottonmouthZ4c4m::sync_z4c
INFO (CarpetX): SyncGroups COTTONMOUTHZ4C4M::AT, COTTONMOUTHZ4C4M::GT, COTTONMOUTHZ4C4M::CHI, COTTONMOUTHZ4C4M::EVO_LAPSE, COTTONMOUTHZ4C4M::EVO_SHIFT, COTTONMOUTHZ4C4M::TRK
INFO (CarpetX): CallFunction iteration 77 z4c_to_adm_group: CottonmouthZ4c4m::z4c_to_adm
INFO (CarpetX): CallFunction iteration 77 ODESolvers_PostStep: CottonmouthZ4c4m::sync_state
INFO (CarpetX): SyncGroups COTTONMOUTHZ4C4M::AT, COTTONMOUTHZ4C4M::THETA, COTTONMOUTHZ4C4M::CHI, COTTONMOUTHZ4C4M::EVO_GAMMAT, COTTONMOUTHZ4C4M::EVO_LAPSE, COTTONMOUTHZ4C4M::EVO_SHIFT, COTTONMOUTHZ4C4M::GT, COTTONMOUTHZ4C4M::TRK
INFO (CarpetX): CallFunction iteration 77 TmunuBaseX_SetTmunuVars: TmunuBaseX::TmunuBaseX_ZeroTmunu
INFO (ODESolvers): Calculated new state #3 at t=0.77
INFO (ODESolvers): Calculating RHS #4 at t=0.77
INFO (CarpetX): CallFunction iteration 77 z4c_rhs_group: CottonmouthZ4c4m::z4c_rhs
INFO (CarpetX): CallFunction iteration 77 z4c_apply_dissipation_group: CottonmouthZ4c4m::z4c_apply_dissipation
INFO (CarpetX): CallFunction iteration 77 z4c_enforce_pt1_group: CottonmouthZ4c4m::z4c_enforce_pt1
INFO (CarpetX): CallFunction iteration 77 z4c_enforce_pt2_group: CottonmouthZ4c4m::z4c_enforce_pt2
INFO (CarpetX): CallFunction iteration 77 z4c_to_adm_group: CottonmouthZ4c4m::sync_z4c
INFO (CarpetX): SyncGroups COTTONMOUTHZ4C4M::AT, COTTONMOUTHZ4C4M::GT, COTTONMOUTHZ4C4M::CHI, COTTONMOUTHZ4C4M::EVO_LAPSE, COTTONMOUTHZ4C4M::EVO_SHIFT, COTTONMOUTHZ4C4M::TRK
INFO (CarpetX): CallFunction iteration 77 z4c_to_adm_group: CottonmouthZ4c4m::z4c_to_adm
INFO (CarpetX): CallFunction iteration 77 ODESolvers_PostStep: CottonmouthZ4c4m::sync_state
INFO (CarpetX): SyncGroups COTTONMOUTHZ4C4M::AT, COTTONMOUTHZ4C4M::THETA, COTTONMOUTHZ4C4M::CHI, COTTONMOUTHZ4C4M::EVO_GAMMAT, COTTONMOUTHZ4C4M::EVO_LAPSE, COTTONMOUTHZ4C4M::EVO_SHIFT, COTTONMOUTHZ4C4M::GT, COTTONMOUTHZ4C4M::TRK
INFO (CarpetX): CallFunction iteration 77 TmunuBaseX_SetTmunuVars: TmunuBaseX::TmunuBaseX_ZeroTmunu
INFO (ODESolvers): Calculated new state #4 at t=0.77
INFO (CarpetX): ScheduleTraverseGH iteration 77 CCTK_POSTSTEP
INFO (CarpetX): CallFunction iteration 77 CCTK_POSTSTEP: CottonmouthLinearWaveID::StateSync_CottonmouthLinearWaveID
INFO (CarpetX): ScheduleTraverseGH iteration 77 CCTK_CHECKPOINT
INFO (CarpetX): CallFunction iteration 77 CCTK_CHECKPOINT: CarpetX::CarpetX_Checkpoint
INFO (CarpetX): ScheduleTraverseGH iteration 77 CCTK_ANALYSIS
INFO (CarpetX): CallFunction iteration 77 z4c_constraints_group: CottonmouthZ4c4m::z4c_constraints
INFO (CarpetX): OutputGH: iteration 77, time 0.770000, run time 7 s
INFO (CarpetX): OutputGH done.
INFO (CarpetX): Simulation time: 0.77   Iterations per second: 13.3552   Simulation time per second: 0.133552
INFO (CarpetX): Grid cells: 3200   Grid cell updates per second: 42736.8
INFO (CarpetX): Performance:
INFO (CarpetX):   total evolution time:            5.77638 sec
INFO (CarpetX):   total evolution compute time:    5.77594 sec
INFO (CarpetX):   total evolution output time:     0.000442505 sec
INFO (CarpetX):   total iterations:                77
INFO (CarpetX):   total cells updated:             246400
INFO (CarpetX):   average iterations per second: 13.3301
INFO (CarpetX):   average cell updates per second: 42656.4
INFO (CarpetX): SyncGroups COTTONMOUTHZ4C4M::AT, COTTONMOUTHZ4C4M::THETA, COTTONMOUTHZ4C4M::CHI, COTTONMOUTHZ4C4M::EVO_GAMMAT, COTTONMOUTHZ4C4M::EVO_LAPSE, COTTONMOUTHZ4C4M::EVO_SHIFT, COTTONMOUTHZ4C4M::GT, COTTONMOUTHZ4C4M::TRK
INFO (CarpetX): ScheduleTraverseGH iteration 78 CCTK_PRESTEP
INFO (CarpetX): ScheduleTraverseGH iteration 78 CCTK_EVOL
INFO (CarpetX): CallFunction iteration 78 CCTK_EVOL: ODESolvers::ODESolvers_Solve
INFO (ODESolvers): ODE integrator is RK4
INFO (ODESolvers):   Integrating 22 variables
INFO (ODESolvers): Calculating RHS #1 at t=0.77
INFO (CarpetX): CallFunction iteration 78 z4c_rhs_group: CottonmouthZ4c4m::z4c_rhs
INFO (CarpetX): CallFunction iteration 78 z4c_apply_dissipation_group: CottonmouthZ4c4m::z4c_apply_dissipation
INFO (CarpetX): CallFunction iteration 78 z4c_enforce_pt1_group: CottonmouthZ4c4m::z4c_enforce_pt1
INFO (CarpetX): CallFunction iteration 78 z4c_enforce_pt2_group: CottonmouthZ4c4m::z4c_enforce_pt2
INFO (CarpetX): CallFunction iteration 78 z4c_to_adm_group: CottonmouthZ4c4m::sync_z4c
INFO (CarpetX): SyncGroups COTTONMOUTHZ4C4M::AT, COTTONMOUTHZ4C4M::GT, COTTONMOUTHZ4C4M::CHI, COTTONMOUTHZ4C4M::EVO_LAPSE, COTTONMOUTHZ4C4M::EVO_SHIFT, COTTONMOUTHZ4C4M::TRK
INFO (CarpetX): CallFunction iteration 78 z4c_to_adm_group: CottonmouthZ4c4m::z4c_to_adm
INFO (CarpetX): CallFunction iteration 78 ODESolvers_PostStep: CottonmouthZ4c4m::sync_state
INFO (CarpetX): SyncGroups COTTONMOUTHZ4C4M::AT, COTTONMOUTHZ4C4M::THETA, COTTONMOUTHZ4C4M::CHI, COTTONMOUTHZ4C4M::EVO_GAMMAT, COTTONMOUTHZ4C4M::EVO_LAPSE, COTTONMOUTHZ4C4M::EVO_SHIFT, COTTONMOUTHZ4C4M::GT, COTTONMOUTHZ4C4M::TRK
INFO (CarpetX): CallFunction iteration 78 TmunuBaseX_SetTmunuVars: TmunuBaseX::TmunuBaseX_ZeroTmunu
INFO (ODESolvers): Calculated new state #1 at t=0.775
INFO (ODESolvers): Calculating RHS #2 at t=0.775
INFO (CarpetX): CallFunction iteration 78 z4c_rhs_group: CottonmouthZ4c4m::z4c_rhs
INFO (CarpetX): CallFunction iteration 78 z4c_apply_dissipation_group: CottonmouthZ4c4m::z4c_apply_dissipation
INFO (CarpetX): CallFunction iteration 78 z4c_enforce_pt1_group: CottonmouthZ4c4m::z4c_enforce_pt1
INFO (CarpetX): CallFunction iteration 78 z4c_enforce_pt2_group: CottonmouthZ4c4m::z4c_enforce_pt2
INFO (CarpetX): CallFunction iteration 78 z4c_to_adm_group: CottonmouthZ4c4m::sync_z4c
INFO (CarpetX): SyncGroups COTTONMOUTHZ4C4M::AT, COTTONMOUTHZ4C4M::GT, COTTONMOUTHZ4C4M::CHI, COTTONMOUTHZ4C4M::EVO_LAPSE, COTTONMOUTHZ4C4M::EVO_SHIFT, COTTONMOUTHZ4C4M::TRK
INFO (CarpetX): CallFunction iteration 78 z4c_to_adm_group: CottonmouthZ4c4m::z4c_to_adm
INFO (CarpetX): CallFunction iteration 78 ODESolvers_PostStep: CottonmouthZ4c4m::sync_state
INFO (CarpetX): SyncGroups COTTONMOUTHZ4C4M::AT, COTTONMOUTHZ4C4M::THETA, COTTONMOUTHZ4C4M::CHI, COTTONMOUTHZ4C4M::EVO_GAMMAT, COTTONMOUTHZ4C4M::EVO_LAPSE, COTTONMOUTHZ4C4M::EVO_SHIFT, COTTONMOUTHZ4C4M::GT, COTTONMOUTHZ4C4M::TRK
INFO (CarpetX): CallFunction iteration 78 TmunuBaseX_SetTmunuVars: TmunuBaseX::TmunuBaseX_ZeroTmunu
INFO (ODESolvers): Calculated new state #2 at t=0.775
INFO (ODESolvers): Calculating RHS #3 at t=0.775
INFO (CarpetX): CallFunction iteration 78 z4c_rhs_group: CottonmouthZ4c4m::z4c_rhs
INFO (CarpetX): CallFunction iteration 78 z4c_apply_dissipation_group: CottonmouthZ4c4m::z4c_apply_dissipation
INFO (CarpetX): CallFunction iteration 78 z4c_enforce_pt1_group: CottonmouthZ4c4m::z4c_enforce_pt1
INFO (CarpetX): CallFunction iteration 78 z4c_enforce_pt2_group: CottonmouthZ4c4m::z4c_enforce_pt2
INFO (CarpetX): CallFunction iteration 78 z4c_to_adm_group: CottonmouthZ4c4m::sync_z4c
INFO (CarpetX): SyncGroups COTTONMOUTHZ4C4M::AT, COTTONMOUTHZ4C4M::GT, COTTONMOUTHZ4C4M::CHI, COTTONMOUTHZ4C4M::EVO_LAPSE, COTTONMOUTHZ4C4M::EVO_SHIFT, COTTONMOUTHZ4C4M::TRK
INFO (CarpetX): CallFunction iteration 78 z4c_to_adm_group: CottonmouthZ4c4m::z4c_to_adm
INFO (CarpetX): CallFunction iteration 78 ODESolvers_PostStep: CottonmouthZ4c4m::sync_state
INFO (CarpetX): SyncGroups COTTONMOUTHZ4C4M::AT, COTTONMOUTHZ4C4M::THETA, COTTONMOUTHZ4C4M::CHI, COTTONMOUTHZ4C4M::EVO_GAMMAT, COTTONMOUTHZ4C4M::EVO_LAPSE, COTTONMOUTHZ4C4M::EVO_SHIFT, COTTONMOUTHZ4C4M::GT, COTTONMOUTHZ4C4M::TRK
INFO (CarpetX): CallFunction iteration 78 TmunuBaseX_SetTmunuVars: TmunuBaseX::TmunuBaseX_ZeroTmunu
INFO (ODESolvers): Calculated new state #3 at t=0.78
INFO (ODESolvers): Calculating RHS #4 at t=0.78
INFO (CarpetX): CallFunction iteration 78 z4c_rhs_group: CottonmouthZ4c4m::z4c_rhs
INFO (CarpetX): CallFunction iteration 78 z4c_apply_dissipation_group: CottonmouthZ4c4m::z4c_apply_dissipation
INFO (CarpetX): CallFunction iteration 78 z4c_enforce_pt1_group: CottonmouthZ4c4m::z4c_enforce_pt1
INFO (CarpetX): CallFunction iteration 78 z4c_enforce_pt2_group: CottonmouthZ4c4m::z4c_enforce_pt2
INFO (CarpetX): CallFunction iteration 78 z4c_to_adm_group: CottonmouthZ4c4m::sync_z4c
INFO (CarpetX): SyncGroups COTTONMOUTHZ4C4M::AT, COTTONMOUTHZ4C4M::GT, COTTONMOUTHZ4C4M::CHI, COTTONMOUTHZ4C4M::EVO_LAPSE, COTTONMOUTHZ4C4M::EVO_SHIFT, COTTONMOUTHZ4C4M::TRK
INFO (CarpetX): CallFunction iteration 78 z4c_to_adm_group: CottonmouthZ4c4m::z4c_to_adm
INFO (CarpetX): CallFunction iteration 78 ODESolvers_PostStep: CottonmouthZ4c4m::sync_state
INFO (CarpetX): SyncGroups COTTONMOUTHZ4C4M::AT, COTTONMOUTHZ4C4M::THETA, COTTONMOUTHZ4C4M::CHI, COTTONMOUTHZ4C4M::EVO_GAMMAT, COTTONMOUTHZ4C4M::EVO_LAPSE, COTTONMOUTHZ4C4M::EVO_SHIFT, COTTONMOUTHZ4C4M::GT, COTTONMOUTHZ4C4M::TRK
INFO (CarpetX): CallFunction iteration 78 TmunuBaseX_SetTmunuVars: TmunuBaseX::TmunuBaseX_ZeroTmunu
INFO (ODESolvers): Calculated new state #4 at t=0.78
INFO (CarpetX): ScheduleTraverseGH iteration 78 CCTK_POSTSTEP
INFO (CarpetX): CallFunction iteration 78 CCTK_POSTSTEP: CottonmouthLinearWaveID::StateSync_CottonmouthLinearWaveID
INFO (CarpetX): ScheduleTraverseGH iteration 78 CCTK_CHECKPOINT
INFO (CarpetX): CallFunction iteration 78 CCTK_CHECKPOINT: CarpetX::CarpetX_Checkpoint
INFO (CarpetX): ScheduleTraverseGH iteration 78 CCTK_ANALYSIS
INFO (CarpetX): CallFunction iteration 78 z4c_constraints_group: CottonmouthZ4c4m::z4c_constraints
INFO (CarpetX): OutputGH: iteration 78, time 0.780000, run time 7 s
INFO (CarpetX): OutputGH done.
INFO (CarpetX): Simulation time: 0.78   Iterations per second: 13.3544   Simulation time per second: 0.133544
INFO (CarpetX): Grid cells: 3200   Grid cell updates per second: 42734.1
INFO (CarpetX): Performance:
INFO (CarpetX):   total evolution time:            5.85131 sec
INFO (CarpetX):   total evolution compute time:    5.85086 sec
INFO (CarpetX):   total evolution output time:     0.000447512 sec
INFO (CarpetX):   total iterations:                78
INFO (CarpetX):   total cells updated:             249600
INFO (CarpetX):   average iterations per second: 13.3304
INFO (CarpetX):   average cell updates per second: 42657.1
INFO (CarpetX): SyncGroups COTTONMOUTHZ4C4M::AT, COTTONMOUTHZ4C4M::THETA, COTTONMOUTHZ4C4M::CHI, COTTONMOUTHZ4C4M::EVO_GAMMAT, COTTONMOUTHZ4C4M::EVO_LAPSE, COTTONMOUTHZ4C4M::EVO_SHIFT, COTTONMOUTHZ4C4M::GT, COTTONMOUTHZ4C4M::TRK
INFO (CarpetX): ScheduleTraverseGH iteration 79 CCTK_PRESTEP
INFO (CarpetX): ScheduleTraverseGH iteration 79 CCTK_EVOL
INFO (CarpetX): CallFunction iteration 79 CCTK_EVOL: ODESolvers::ODESolvers_Solve
INFO (ODESolvers): ODE integrator is RK4
INFO (ODESolvers):   Integrating 22 variables
INFO (ODESolvers): Calculating RHS #1 at t=0.78
INFO (CarpetX): CallFunction iteration 79 z4c_rhs_group: CottonmouthZ4c4m::z4c_rhs
INFO (CarpetX): CallFunction iteration 79 z4c_apply_dissipation_group: CottonmouthZ4c4m::z4c_apply_dissipation
INFO (CarpetX): CallFunction iteration 79 z4c_enforce_pt1_group: CottonmouthZ4c4m::z4c_enforce_pt1
INFO (CarpetX): CallFunction iteration 79 z4c_enforce_pt2_group: CottonmouthZ4c4m::z4c_enforce_pt2
INFO (CarpetX): CallFunction iteration 79 z4c_to_adm_group: CottonmouthZ4c4m::sync_z4c
INFO (CarpetX): SyncGroups COTTONMOUTHZ4C4M::AT, COTTONMOUTHZ4C4M::GT, COTTONMOUTHZ4C4M::CHI, COTTONMOUTHZ4C4M::EVO_LAPSE, COTTONMOUTHZ4C4M::EVO_SHIFT, COTTONMOUTHZ4C4M::TRK
INFO (CarpetX): CallFunction iteration 79 z4c_to_adm_group: CottonmouthZ4c4m::z4c_to_adm
INFO (CarpetX): CallFunction iteration 79 ODESolvers_PostStep: CottonmouthZ4c4m::sync_state
INFO (CarpetX): SyncGroups COTTONMOUTHZ4C4M::AT, COTTONMOUTHZ4C4M::THETA, COTTONMOUTHZ4C4M::CHI, COTTONMOUTHZ4C4M::EVO_GAMMAT, COTTONMOUTHZ4C4M::EVO_LAPSE, COTTONMOUTHZ4C4M::EVO_SHIFT, COTTONMOUTHZ4C4M::GT, COTTONMOUTHZ4C4M::TRK
INFO (CarpetX): CallFunction iteration 79 TmunuBaseX_SetTmunuVars: TmunuBaseX::TmunuBaseX_ZeroTmunu
INFO (ODESolvers): Calculated new state #1 at t=0.785
INFO (ODESolvers): Calculating RHS #2 at t=0.785
INFO (CarpetX): CallFunction iteration 79 z4c_rhs_group: CottonmouthZ4c4m::z4c_rhs
INFO (CarpetX): CallFunction iteration 79 z4c_apply_dissipation_group: CottonmouthZ4c4m::z4c_apply_dissipation
INFO (CarpetX): CallFunction iteration 79 z4c_enforce_pt1_group: CottonmouthZ4c4m::z4c_enforce_pt1
INFO (CarpetX): CallFunction iteration 79 z4c_enforce_pt2_group: CottonmouthZ4c4m::z4c_enforce_pt2
INFO (CarpetX): CallFunction iteration 79 z4c_to_adm_group: CottonmouthZ4c4m::sync_z4c
INFO (CarpetX): SyncGroups COTTONMOUTHZ4C4M::AT, COTTONMOUTHZ4C4M::GT, COTTONMOUTHZ4C4M::CHI, COTTONMOUTHZ4C4M::EVO_LAPSE, COTTONMOUTHZ4C4M::EVO_SHIFT, COTTONMOUTHZ4C4M::TRK
INFO (CarpetX): CallFunction iteration 79 z4c_to_adm_group: CottonmouthZ4c4m::z4c_to_adm
INFO (CarpetX): CallFunction iteration 79 ODESolvers_PostStep: CottonmouthZ4c4m::sync_state
INFO (CarpetX): SyncGroups COTTONMOUTHZ4C4M::AT, COTTONMOUTHZ4C4M::THETA, COTTONMOUTHZ4C4M::CHI, COTTONMOUTHZ4C4M::EVO_GAMMAT, COTTONMOUTHZ4C4M::EVO_LAPSE, COTTONMOUTHZ4C4M::EVO_SHIFT, COTTONMOUTHZ4C4M::GT, COTTONMOUTHZ4C4M::TRK
INFO (CarpetX): CallFunction iteration 79 TmunuBaseX_SetTmunuVars: TmunuBaseX::TmunuBaseX_ZeroTmunu
INFO (ODESolvers): Calculated new state #2 at t=0.785
INFO (ODESolvers): Calculating RHS #3 at t=0.785
INFO (CarpetX): CallFunction iteration 79 z4c_rhs_group: CottonmouthZ4c4m::z4c_rhs
INFO (CarpetX): CallFunction iteration 79 z4c_apply_dissipation_group: CottonmouthZ4c4m::z4c_apply_dissipation
INFO (CarpetX): CallFunction iteration 79 z4c_enforce_pt1_group: CottonmouthZ4c4m::z4c_enforce_pt1
INFO (CarpetX): CallFunction iteration 79 z4c_enforce_pt2_group: CottonmouthZ4c4m::z4c_enforce_pt2
INFO (CarpetX): CallFunction iteration 79 z4c_to_adm_group: CottonmouthZ4c4m::sync_z4c
INFO (CarpetX): SyncGroups COTTONMOUTHZ4C4M::AT, COTTONMOUTHZ4C4M::GT, COTTONMOUTHZ4C4M::CHI, COTTONMOUTHZ4C4M::EVO_LAPSE, COTTONMOUTHZ4C4M::EVO_SHIFT, COTTONMOUTHZ4C4M::TRK
INFO (CarpetX): CallFunction iteration 79 z4c_to_adm_group: CottonmouthZ4c4m::z4c_to_adm
INFO (CarpetX): CallFunction iteration 79 ODESolvers_PostStep: CottonmouthZ4c4m::sync_state
INFO (CarpetX): SyncGroups COTTONMOUTHZ4C4M::AT, COTTONMOUTHZ4C4M::THETA, COTTONMOUTHZ4C4M::CHI, COTTONMOUTHZ4C4M::EVO_GAMMAT, COTTONMOUTHZ4C4M::EVO_LAPSE, COTTONMOUTHZ4C4M::EVO_SHIFT, COTTONMOUTHZ4C4M::GT, COTTONMOUTHZ4C4M::TRK
INFO (CarpetX): CallFunction iteration 79 TmunuBaseX_SetTmunuVars: TmunuBaseX::TmunuBaseX_ZeroTmunu
INFO (ODESolvers): Calculated new state #3 at t=0.79
INFO (ODESolvers): Calculating RHS #4 at t=0.79
INFO (CarpetX): CallFunction iteration 79 z4c_rhs_group: CottonmouthZ4c4m::z4c_rhs
INFO (CarpetX): CallFunction iteration 79 z4c_apply_dissipation_group: CottonmouthZ4c4m::z4c_apply_dissipation
INFO (CarpetX): CallFunction iteration 79 z4c_enforce_pt1_group: CottonmouthZ4c4m::z4c_enforce_pt1
INFO (CarpetX): CallFunction iteration 79 z4c_enforce_pt2_group: CottonmouthZ4c4m::z4c_enforce_pt2
INFO (CarpetX): CallFunction iteration 79 z4c_to_adm_group: CottonmouthZ4c4m::sync_z4c
INFO (CarpetX): SyncGroups COTTONMOUTHZ4C4M::AT, COTTONMOUTHZ4C4M::GT, COTTONMOUTHZ4C4M::CHI, COTTONMOUTHZ4C4M::EVO_LAPSE, COTTONMOUTHZ4C4M::EVO_SHIFT, COTTONMOUTHZ4C4M::TRK
INFO (CarpetX): CallFunction iteration 79 z4c_to_adm_group: CottonmouthZ4c4m::z4c_to_adm
INFO (CarpetX): CallFunction iteration 79 ODESolvers_PostStep: CottonmouthZ4c4m::sync_state
INFO (CarpetX): SyncGroups COTTONMOUTHZ4C4M::AT, COTTONMOUTHZ4C4M::THETA, COTTONMOUTHZ4C4M::CHI, COTTONMOUTHZ4C4M::EVO_GAMMAT, COTTONMOUTHZ4C4M::EVO_LAPSE, COTTONMOUTHZ4C4M::EVO_SHIFT, COTTONMOUTHZ4C4M::GT, COTTONMOUTHZ4C4M::TRK
INFO (CarpetX): CallFunction iteration 79 TmunuBaseX_SetTmunuVars: TmunuBaseX::TmunuBaseX_ZeroTmunu
INFO (ODESolvers): Calculated new state #4 at t=0.79
INFO (CarpetX): ScheduleTraverseGH iteration 79 CCTK_POSTSTEP
INFO (CarpetX): CallFunction iteration 79 CCTK_POSTSTEP: CottonmouthLinearWaveID::StateSync_CottonmouthLinearWaveID
INFO (CarpetX): ScheduleTraverseGH iteration 79 CCTK_CHECKPOINT
INFO (CarpetX): CallFunction iteration 79 CCTK_CHECKPOINT: CarpetX::CarpetX_Checkpoint
INFO (CarpetX): ScheduleTraverseGH iteration 79 CCTK_ANALYSIS
INFO (CarpetX): CallFunction iteration 79 z4c_constraints_group: CottonmouthZ4c4m::z4c_constraints
INFO (CarpetX): OutputGH: iteration 79, time 0.790000, run time 7 s
INFO (CarpetX): OutputGH done.
INFO (CarpetX): Simulation time: 0.79   Iterations per second: 13.3419   Simulation time per second: 0.133419
INFO (CarpetX): Grid cells: 3200   Grid cell updates per second: 42694.1
INFO (CarpetX): Performance:
INFO (CarpetX):   total evolution time:            5.92689 sec
INFO (CarpetX):   total evolution compute time:    5.92644 sec
INFO (CarpetX):   total evolution output time:     0.000453472 sec
INFO (CarpetX):   total iterations:                79
INFO (CarpetX):   total cells updated:             252800
INFO (CarpetX):   average iterations per second: 13.3291
INFO (CarpetX):   average cell updates per second: 42653.1
INFO (CarpetX): SyncGroups COTTONMOUTHZ4C4M::AT, COTTONMOUTHZ4C4M::THETA, COTTONMOUTHZ4C4M::CHI, COTTONMOUTHZ4C4M::EVO_GAMMAT, COTTONMOUTHZ4C4M::EVO_LAPSE, COTTONMOUTHZ4C4M::EVO_SHIFT, COTTONMOUTHZ4C4M::GT, COTTONMOUTHZ4C4M::TRK
INFO (CarpetX): ScheduleTraverseGH iteration 80 CCTK_PRESTEP
INFO (CarpetX): ScheduleTraverseGH iteration 80 CCTK_EVOL
INFO (CarpetX): CallFunction iteration 80 CCTK_EVOL: ODESolvers::ODESolvers_Solve
INFO (ODESolvers): ODE integrator is RK4
INFO (ODESolvers):   Integrating 22 variables
INFO (ODESolvers): Calculating RHS #1 at t=0.79
INFO (CarpetX): CallFunction iteration 80 z4c_rhs_group: CottonmouthZ4c4m::z4c_rhs
INFO (CarpetX): CallFunction iteration 80 z4c_apply_dissipation_group: CottonmouthZ4c4m::z4c_apply_dissipation
INFO (CarpetX): CallFunction iteration 80 z4c_enforce_pt1_group: CottonmouthZ4c4m::z4c_enforce_pt1
INFO (CarpetX): CallFunction iteration 80 z4c_enforce_pt2_group: CottonmouthZ4c4m::z4c_enforce_pt2
INFO (CarpetX): CallFunction iteration 80 z4c_to_adm_group: CottonmouthZ4c4m::sync_z4c
INFO (CarpetX): SyncGroups COTTONMOUTHZ4C4M::AT, COTTONMOUTHZ4C4M::GT, COTTONMOUTHZ4C4M::CHI, COTTONMOUTHZ4C4M::EVO_LAPSE, COTTONMOUTHZ4C4M::EVO_SHIFT, COTTONMOUTHZ4C4M::TRK
INFO (CarpetX): CallFunction iteration 80 z4c_to_adm_group: CottonmouthZ4c4m::z4c_to_adm
INFO (CarpetX): CallFunction iteration 80 ODESolvers_PostStep: CottonmouthZ4c4m::sync_state
INFO (CarpetX): SyncGroups COTTONMOUTHZ4C4M::AT, COTTONMOUTHZ4C4M::THETA, COTTONMOUTHZ4C4M::CHI, COTTONMOUTHZ4C4M::EVO_GAMMAT, COTTONMOUTHZ4C4M::EVO_LAPSE, COTTONMOUTHZ4C4M::EVO_SHIFT, COTTONMOUTHZ4C4M::GT, COTTONMOUTHZ4C4M::TRK
INFO (CarpetX): CallFunction iteration 80 TmunuBaseX_SetTmunuVars: TmunuBaseX::TmunuBaseX_ZeroTmunu
INFO (ODESolvers): Calculated new state #1 at t=0.795
INFO (ODESolvers): Calculating RHS #2 at t=0.795
INFO (CarpetX): CallFunction iteration 80 z4c_rhs_group: CottonmouthZ4c4m::z4c_rhs
INFO (CarpetX): CallFunction iteration 80 z4c_apply_dissipation_group: CottonmouthZ4c4m::z4c_apply_dissipation
INFO (CarpetX): CallFunction iteration 80 z4c_enforce_pt1_group: CottonmouthZ4c4m::z4c_enforce_pt1
INFO (CarpetX): CallFunction iteration 80 z4c_enforce_pt2_group: CottonmouthZ4c4m::z4c_enforce_pt2
INFO (CarpetX): CallFunction iteration 80 z4c_to_adm_group: CottonmouthZ4c4m::sync_z4c
INFO (CarpetX): SyncGroups COTTONMOUTHZ4C4M::AT, COTTONMOUTHZ4C4M::GT, COTTONMOUTHZ4C4M::CHI, COTTONMOUTHZ4C4M::EVO_LAPSE, COTTONMOUTHZ4C4M::EVO_SHIFT, COTTONMOUTHZ4C4M::TRK
INFO (CarpetX): CallFunction iteration 80 z4c_to_adm_group: CottonmouthZ4c4m::z4c_to_adm
INFO (CarpetX): CallFunction iteration 80 ODESolvers_PostStep: CottonmouthZ4c4m::sync_state
INFO (CarpetX): SyncGroups COTTONMOUTHZ4C4M::AT, COTTONMOUTHZ4C4M::THETA, COTTONMOUTHZ4C4M::CHI, COTTONMOUTHZ4C4M::EVO_GAMMAT, COTTONMOUTHZ4C4M::EVO_LAPSE, COTTONMOUTHZ4C4M::EVO_SHIFT, COTTONMOUTHZ4C4M::GT, COTTONMOUTHZ4C4M::TRK
INFO (CarpetX): CallFunction iteration 80 TmunuBaseX_SetTmunuVars: TmunuBaseX::TmunuBaseX_ZeroTmunu
INFO (ODESolvers): Calculated new state #2 at t=0.795
INFO (ODESolvers): Calculating RHS #3 at t=0.795
INFO (CarpetX): CallFunction iteration 80 z4c_rhs_group: CottonmouthZ4c4m::z4c_rhs
INFO (CarpetX): CallFunction iteration 80 z4c_apply_dissipation_group: CottonmouthZ4c4m::z4c_apply_dissipation
INFO (CarpetX): CallFunction iteration 80 z4c_enforce_pt1_group: CottonmouthZ4c4m::z4c_enforce_pt1
INFO (CarpetX): CallFunction iteration 80 z4c_enforce_pt2_group: CottonmouthZ4c4m::z4c_enforce_pt2
INFO (CarpetX): CallFunction iteration 80 z4c_to_adm_group: CottonmouthZ4c4m::sync_z4c
INFO (CarpetX): SyncGroups COTTONMOUTHZ4C4M::AT, COTTONMOUTHZ4C4M::GT, COTTONMOUTHZ4C4M::CHI, COTTONMOUTHZ4C4M::EVO_LAPSE, COTTONMOUTHZ4C4M::EVO_SHIFT, COTTONMOUTHZ4C4M::TRK
INFO (CarpetX): CallFunction iteration 80 z4c_to_adm_group: CottonmouthZ4c4m::z4c_to_adm
INFO (CarpetX): CallFunction iteration 80 ODESolvers_PostStep: CottonmouthZ4c4m::sync_state
INFO (CarpetX): SyncGroups COTTONMOUTHZ4C4M::AT, COTTONMOUTHZ4C4M::THETA, COTTONMOUTHZ4C4M::CHI, COTTONMOUTHZ4C4M::EVO_GAMMAT, COTTONMOUTHZ4C4M::EVO_LAPSE, COTTONMOUTHZ4C4M::EVO_SHIFT, COTTONMOUTHZ4C4M::GT, COTTONMOUTHZ4C4M::TRK
INFO (CarpetX): CallFunction iteration 80 TmunuBaseX_SetTmunuVars: TmunuBaseX::TmunuBaseX_ZeroTmunu
INFO (ODESolvers): Calculated new state #3 at t=0.8
INFO (ODESolvers): Calculating RHS #4 at t=0.8
INFO (CarpetX): CallFunction iteration 80 z4c_rhs_group: CottonmouthZ4c4m::z4c_rhs
INFO (CarpetX): CallFunction iteration 80 z4c_apply_dissipation_group: CottonmouthZ4c4m::z4c_apply_dissipation
INFO (CarpetX): CallFunction iteration 80 z4c_enforce_pt1_group: CottonmouthZ4c4m::z4c_enforce_pt1
INFO (CarpetX): CallFunction iteration 80 z4c_enforce_pt2_group: CottonmouthZ4c4m::z4c_enforce_pt2
INFO (CarpetX): CallFunction iteration 80 z4c_to_adm_group: CottonmouthZ4c4m::sync_z4c
INFO (CarpetX): SyncGroups COTTONMOUTHZ4C4M::AT, COTTONMOUTHZ4C4M::GT, COTTONMOUTHZ4C4M::CHI, COTTONMOUTHZ4C4M::EVO_LAPSE, COTTONMOUTHZ4C4M::EVO_SHIFT, COTTONMOUTHZ4C4M::TRK
INFO (CarpetX): CallFunction iteration 80 z4c_to_adm_group: CottonmouthZ4c4m::z4c_to_adm
INFO (CarpetX): CallFunction iteration 80 ODESolvers_PostStep: CottonmouthZ4c4m::sync_state
INFO (CarpetX): SyncGroups COTTONMOUTHZ4C4M::AT, COTTONMOUTHZ4C4M::THETA, COTTONMOUTHZ4C4M::CHI, COTTONMOUTHZ4C4M::EVO_GAMMAT, COTTONMOUTHZ4C4M::EVO_LAPSE, COTTONMOUTHZ4C4M::EVO_SHIFT, COTTONMOUTHZ4C4M::GT, COTTONMOUTHZ4C4M::TRK
INFO (CarpetX): CallFunction iteration 80 TmunuBaseX_SetTmunuVars: TmunuBaseX::TmunuBaseX_ZeroTmunu
INFO (ODESolvers): Calculated new state #4 at t=0.8
INFO (CarpetX): ScheduleTraverseGH iteration 80 CCTK_POSTSTEP
INFO (CarpetX): CallFunction iteration 80 CCTK_POSTSTEP: CottonmouthLinearWaveID::StateSync_CottonmouthLinearWaveID
INFO (CarpetX): ScheduleTraverseGH iteration 80 CCTK_CHECKPOINT
INFO (CarpetX): CallFunction iteration 80 CCTK_CHECKPOINT: CarpetX::CarpetX_Checkpoint
INFO (CarpetX): ScheduleTraverseGH iteration 80 CCTK_ANALYSIS
INFO (CarpetX): CallFunction iteration 80 z4c_constraints_group: CottonmouthZ4c4m::z4c_constraints
INFO (CarpetX): OutputGH: iteration 80, time 0.800000, run time 7 s
INFO (CarpetX): OutputGH done.
INFO (CarpetX): Simulation time: 0.8   Iterations per second: 13.3425   Simulation time per second: 0.133425
INFO (CarpetX): Grid cells: 3200   Grid cell updates per second: 42696.1
INFO (CarpetX): Performance:
INFO (CarpetX):   total evolution time:            6.00181 sec
INFO (CarpetX):   total evolution compute time:    6.00135 sec
INFO (CarpetX):   total evolution output time:     0.000458479 sec
INFO (CarpetX):   total iterations:                80
INFO (CarpetX):   total cells updated:             256000
INFO (CarpetX):   average iterations per second: 13.3293
INFO (CarpetX):   average cell updates per second: 42653.8
INFO (CarpetX): SyncGroups COTTONMOUTHZ4C4M::AT, COTTONMOUTHZ4C4M::THETA, COTTONMOUTHZ4C4M::CHI, COTTONMOUTHZ4C4M::EVO_GAMMAT, COTTONMOUTHZ4C4M::EVO_LAPSE, COTTONMOUTHZ4C4M::EVO_SHIFT, COTTONMOUTHZ4C4M::GT, COTTONMOUTHZ4C4M::TRK
INFO (CarpetX): ScheduleTraverseGH iteration 81 CCTK_PRESTEP
INFO (CarpetX): ScheduleTraverseGH iteration 81 CCTK_EVOL
INFO (CarpetX): CallFunction iteration 81 CCTK_EVOL: ODESolvers::ODESolvers_Solve
INFO (ODESolvers): ODE integrator is RK4
INFO (ODESolvers):   Integrating 22 variables
INFO (ODESolvers): Calculating RHS #1 at t=0.8
INFO (CarpetX): CallFunction iteration 81 z4c_rhs_group: CottonmouthZ4c4m::z4c_rhs
INFO (CarpetX): CallFunction iteration 81 z4c_apply_dissipation_group: CottonmouthZ4c4m::z4c_apply_dissipation
INFO (CarpetX): CallFunction iteration 81 z4c_enforce_pt1_group: CottonmouthZ4c4m::z4c_enforce_pt1
INFO (CarpetX): CallFunction iteration 81 z4c_enforce_pt2_group: CottonmouthZ4c4m::z4c_enforce_pt2
INFO (CarpetX): CallFunction iteration 81 z4c_to_adm_group: CottonmouthZ4c4m::sync_z4c
INFO (CarpetX): SyncGroups COTTONMOUTHZ4C4M::AT, COTTONMOUTHZ4C4M::GT, COTTONMOUTHZ4C4M::CHI, COTTONMOUTHZ4C4M::EVO_LAPSE, COTTONMOUTHZ4C4M::EVO_SHIFT, COTTONMOUTHZ4C4M::TRK
INFO (CarpetX): CallFunction iteration 81 z4c_to_adm_group: CottonmouthZ4c4m::z4c_to_adm
INFO (CarpetX): CallFunction iteration 81 ODESolvers_PostStep: CottonmouthZ4c4m::sync_state
INFO (CarpetX): SyncGroups COTTONMOUTHZ4C4M::AT, COTTONMOUTHZ4C4M::THETA, COTTONMOUTHZ4C4M::CHI, COTTONMOUTHZ4C4M::EVO_GAMMAT, COTTONMOUTHZ4C4M::EVO_LAPSE, COTTONMOUTHZ4C4M::EVO_SHIFT, COTTONMOUTHZ4C4M::GT, COTTONMOUTHZ4C4M::TRK
INFO (CarpetX): CallFunction iteration 81 TmunuBaseX_SetTmunuVars: TmunuBaseX::TmunuBaseX_ZeroTmunu
INFO (ODESolvers): Calculated new state #1 at t=0.805
INFO (ODESolvers): Calculating RHS #2 at t=0.805
INFO (CarpetX): CallFunction iteration 81 z4c_rhs_group: CottonmouthZ4c4m::z4c_rhs
INFO (CarpetX): CallFunction iteration 81 z4c_apply_dissipation_group: CottonmouthZ4c4m::z4c_apply_dissipation
INFO (CarpetX): CallFunction iteration 81 z4c_enforce_pt1_group: CottonmouthZ4c4m::z4c_enforce_pt1
INFO (CarpetX): CallFunction iteration 81 z4c_enforce_pt2_group: CottonmouthZ4c4m::z4c_enforce_pt2
INFO (CarpetX): CallFunction iteration 81 z4c_to_adm_group: CottonmouthZ4c4m::sync_z4c
INFO (CarpetX): SyncGroups COTTONMOUTHZ4C4M::AT, COTTONMOUTHZ4C4M::GT, COTTONMOUTHZ4C4M::CHI, COTTONMOUTHZ4C4M::EVO_LAPSE, COTTONMOUTHZ4C4M::EVO_SHIFT, COTTONMOUTHZ4C4M::TRK
INFO (CarpetX): CallFunction iteration 81 z4c_to_adm_group: CottonmouthZ4c4m::z4c_to_adm
INFO (CarpetX): CallFunction iteration 81 ODESolvers_PostStep: CottonmouthZ4c4m::sync_state
INFO (CarpetX): SyncGroups COTTONMOUTHZ4C4M::AT, COTTONMOUTHZ4C4M::THETA, COTTONMOUTHZ4C4M::CHI, COTTONMOUTHZ4C4M::EVO_GAMMAT, COTTONMOUTHZ4C4M::EVO_LAPSE, COTTONMOUTHZ4C4M::EVO_SHIFT, COTTONMOUTHZ4C4M::GT, COTTONMOUTHZ4C4M::TRK
INFO (CarpetX): CallFunction iteration 81 TmunuBaseX_SetTmunuVars: TmunuBaseX::TmunuBaseX_ZeroTmunu
INFO (ODESolvers): Calculated new state #2 at t=0.805
INFO (ODESolvers): Calculating RHS #3 at t=0.805
INFO (CarpetX): CallFunction iteration 81 z4c_rhs_group: CottonmouthZ4c4m::z4c_rhs
INFO (CarpetX): CallFunction iteration 81 z4c_apply_dissipation_group: CottonmouthZ4c4m::z4c_apply_dissipation
INFO (CarpetX): CallFunction iteration 81 z4c_enforce_pt1_group: CottonmouthZ4c4m::z4c_enforce_pt1
INFO (CarpetX): CallFunction iteration 81 z4c_enforce_pt2_group: CottonmouthZ4c4m::z4c_enforce_pt2
INFO (CarpetX): CallFunction iteration 81 z4c_to_adm_group: CottonmouthZ4c4m::sync_z4c
INFO (CarpetX): SyncGroups COTTONMOUTHZ4C4M::AT, COTTONMOUTHZ4C4M::GT, COTTONMOUTHZ4C4M::CHI, COTTONMOUTHZ4C4M::EVO_LAPSE, COTTONMOUTHZ4C4M::EVO_SHIFT, COTTONMOUTHZ4C4M::TRK
INFO (CarpetX): CallFunction iteration 81 z4c_to_adm_group: CottonmouthZ4c4m::z4c_to_adm
INFO (CarpetX): CallFunction iteration 81 ODESolvers_PostStep: CottonmouthZ4c4m::sync_state
INFO (CarpetX): SyncGroups COTTONMOUTHZ4C4M::AT, COTTONMOUTHZ4C4M::THETA, COTTONMOUTHZ4C4M::CHI, COTTONMOUTHZ4C4M::EVO_GAMMAT, COTTONMOUTHZ4C4M::EVO_LAPSE, COTTONMOUTHZ4C4M::EVO_SHIFT, COTTONMOUTHZ4C4M::GT, COTTONMOUTHZ4C4M::TRK
INFO (CarpetX): CallFunction iteration 81 TmunuBaseX_SetTmunuVars: TmunuBaseX::TmunuBaseX_ZeroTmunu
INFO (ODESolvers): Calculated new state #3 at t=0.81
INFO (ODESolvers): Calculating RHS #4 at t=0.81
INFO (CarpetX): CallFunction iteration 81 z4c_rhs_group: CottonmouthZ4c4m::z4c_rhs
INFO (CarpetX): CallFunction iteration 81 z4c_apply_dissipation_group: CottonmouthZ4c4m::z4c_apply_dissipation
INFO (CarpetX): CallFunction iteration 81 z4c_enforce_pt1_group: CottonmouthZ4c4m::z4c_enforce_pt1
INFO (CarpetX): CallFunction iteration 81 z4c_enforce_pt2_group: CottonmouthZ4c4m::z4c_enforce_pt2
INFO (CarpetX): CallFunction iteration 81 z4c_to_adm_group: CottonmouthZ4c4m::sync_z4c
INFO (CarpetX): SyncGroups COTTONMOUTHZ4C4M::AT, COTTONMOUTHZ4C4M::GT, COTTONMOUTHZ4C4M::CHI, COTTONMOUTHZ4C4M::EVO_LAPSE, COTTONMOUTHZ4C4M::EVO_SHIFT, COTTONMOUTHZ4C4M::TRK
INFO (CarpetX): CallFunction iteration 81 z4c_to_adm_group: CottonmouthZ4c4m::z4c_to_adm
INFO (CarpetX): CallFunction iteration 81 ODESolvers_PostStep: CottonmouthZ4c4m::sync_state
INFO (CarpetX): SyncGroups COTTONMOUTHZ4C4M::AT, COTTONMOUTHZ4C4M::THETA, COTTONMOUTHZ4C4M::CHI, COTTONMOUTHZ4C4M::EVO_GAMMAT, COTTONMOUTHZ4C4M::EVO_LAPSE, COTTONMOUTHZ4C4M::EVO_SHIFT, COTTONMOUTHZ4C4M::GT, COTTONMOUTHZ4C4M::TRK
INFO (CarpetX): CallFunction iteration 81 TmunuBaseX_SetTmunuVars: TmunuBaseX::TmunuBaseX_ZeroTmunu
INFO (ODESolvers): Calculated new state #4 at t=0.81
INFO (CarpetX): ScheduleTraverseGH iteration 81 CCTK_POSTSTEP
INFO (CarpetX): CallFunction iteration 81 CCTK_POSTSTEP: CottonmouthLinearWaveID::StateSync_CottonmouthLinearWaveID
INFO (CarpetX): ScheduleTraverseGH iteration 81 CCTK_CHECKPOINT
INFO (CarpetX): CallFunction iteration 81 CCTK_CHECKPOINT: CarpetX::CarpetX_Checkpoint
INFO (CarpetX): ScheduleTraverseGH iteration 81 CCTK_ANALYSIS
INFO (CarpetX): CallFunction iteration 81 z4c_constraints_group: CottonmouthZ4c4m::z4c_constraints
INFO (CarpetX): OutputGH: iteration 81, time 0.810000, run time 7 s
INFO (CarpetX): OutputGH done.
INFO (CarpetX): Simulation time: 0.81   Iterations per second: 13.3429   Simulation time per second: 0.133429
INFO (CarpetX): Grid cells: 3200   Grid cell updates per second: 42697.4
INFO (CarpetX): Performance:
INFO (CarpetX):   total evolution time:            6.07673 sec
INFO (CarpetX):   total evolution compute time:    6.07627 sec
INFO (CarpetX):   total evolution output time:     0.000463486 sec
INFO (CarpetX):   total iterations:                81
INFO (CarpetX):   total cells updated:             259200
INFO (CarpetX):   average iterations per second: 13.3295
INFO (CarpetX):   average cell updates per second: 42654.5
INFO (CarpetX): SyncGroups COTTONMOUTHZ4C4M::AT, COTTONMOUTHZ4C4M::THETA, COTTONMOUTHZ4C4M::CHI, COTTONMOUTHZ4C4M::EVO_GAMMAT, COTTONMOUTHZ4C4M::EVO_LAPSE, COTTONMOUTHZ4C4M::EVO_SHIFT, COTTONMOUTHZ4C4M::GT, COTTONMOUTHZ4C4M::TRK
INFO (CarpetX): ScheduleTraverseGH iteration 82 CCTK_PRESTEP
INFO (CarpetX): ScheduleTraverseGH iteration 82 CCTK_EVOL
INFO (CarpetX): CallFunction iteration 82 CCTK_EVOL: ODESolvers::ODESolvers_Solve
INFO (ODESolvers): ODE integrator is RK4
INFO (ODESolvers):   Integrating 22 variables
INFO (ODESolvers): Calculating RHS #1 at t=0.81
INFO (CarpetX): CallFunction iteration 82 z4c_rhs_group: CottonmouthZ4c4m::z4c_rhs
INFO (CarpetX): CallFunction iteration 82 z4c_apply_dissipation_group: CottonmouthZ4c4m::z4c_apply_dissipation
INFO (CarpetX): CallFunction iteration 82 z4c_enforce_pt1_group: CottonmouthZ4c4m::z4c_enforce_pt1
INFO (CarpetX): CallFunction iteration 82 z4c_enforce_pt2_group: CottonmouthZ4c4m::z4c_enforce_pt2
INFO (CarpetX): CallFunction iteration 82 z4c_to_adm_group: CottonmouthZ4c4m::sync_z4c
INFO (CarpetX): SyncGroups COTTONMOUTHZ4C4M::AT, COTTONMOUTHZ4C4M::GT, COTTONMOUTHZ4C4M::CHI, COTTONMOUTHZ4C4M::EVO_LAPSE, COTTONMOUTHZ4C4M::EVO_SHIFT, COTTONMOUTHZ4C4M::TRK
INFO (CarpetX): CallFunction iteration 82 z4c_to_adm_group: CottonmouthZ4c4m::z4c_to_adm
INFO (CarpetX): CallFunction iteration 82 ODESolvers_PostStep: CottonmouthZ4c4m::sync_state
INFO (CarpetX): SyncGroups COTTONMOUTHZ4C4M::AT, COTTONMOUTHZ4C4M::THETA, COTTONMOUTHZ4C4M::CHI, COTTONMOUTHZ4C4M::EVO_GAMMAT, COTTONMOUTHZ4C4M::EVO_LAPSE, COTTONMOUTHZ4C4M::EVO_SHIFT, COTTONMOUTHZ4C4M::GT, COTTONMOUTHZ4C4M::TRK
INFO (CarpetX): CallFunction iteration 82 TmunuBaseX_SetTmunuVars: TmunuBaseX::TmunuBaseX_ZeroTmunu
INFO (ODESolvers): Calculated new state #1 at t=0.815
INFO (ODESolvers): Calculating RHS #2 at t=0.815
INFO (CarpetX): CallFunction iteration 82 z4c_rhs_group: CottonmouthZ4c4m::z4c_rhs
INFO (CarpetX): CallFunction iteration 82 z4c_apply_dissipation_group: CottonmouthZ4c4m::z4c_apply_dissipation
INFO (CarpetX): CallFunction iteration 82 z4c_enforce_pt1_group: CottonmouthZ4c4m::z4c_enforce_pt1
INFO (CarpetX): CallFunction iteration 82 z4c_enforce_pt2_group: CottonmouthZ4c4m::z4c_enforce_pt2
INFO (CarpetX): CallFunction iteration 82 z4c_to_adm_group: CottonmouthZ4c4m::sync_z4c
INFO (CarpetX): SyncGroups COTTONMOUTHZ4C4M::AT, COTTONMOUTHZ4C4M::GT, COTTONMOUTHZ4C4M::CHI, COTTONMOUTHZ4C4M::EVO_LAPSE, COTTONMOUTHZ4C4M::EVO_SHIFT, COTTONMOUTHZ4C4M::TRK
INFO (CarpetX): CallFunction iteration 82 z4c_to_adm_group: CottonmouthZ4c4m::z4c_to_adm
INFO (CarpetX): CallFunction iteration 82 ODESolvers_PostStep: CottonmouthZ4c4m::sync_state
INFO (CarpetX): SyncGroups COTTONMOUTHZ4C4M::AT, COTTONMOUTHZ4C4M::THETA, COTTONMOUTHZ4C4M::CHI, COTTONMOUTHZ4C4M::EVO_GAMMAT, COTTONMOUTHZ4C4M::EVO_LAPSE, COTTONMOUTHZ4C4M::EVO_SHIFT, COTTONMOUTHZ4C4M::GT, COTTONMOUTHZ4C4M::TRK
INFO (CarpetX): CallFunction iteration 82 TmunuBaseX_SetTmunuVars: TmunuBaseX::TmunuBaseX_ZeroTmunu
INFO (ODESolvers): Calculated new state #2 at t=0.815
INFO (ODESolvers): Calculating RHS #3 at t=0.815
INFO (CarpetX): CallFunction iteration 82 z4c_rhs_group: CottonmouthZ4c4m::z4c_rhs
INFO (CarpetX): CallFunction iteration 82 z4c_apply_dissipation_group: CottonmouthZ4c4m::z4c_apply_dissipation
INFO (CarpetX): CallFunction iteration 82 z4c_enforce_pt1_group: CottonmouthZ4c4m::z4c_enforce_pt1
INFO (CarpetX): CallFunction iteration 82 z4c_enforce_pt2_group: CottonmouthZ4c4m::z4c_enforce_pt2
INFO (CarpetX): CallFunction iteration 82 z4c_to_adm_group: CottonmouthZ4c4m::sync_z4c
INFO (CarpetX): SyncGroups COTTONMOUTHZ4C4M::AT, COTTONMOUTHZ4C4M::GT, COTTONMOUTHZ4C4M::CHI, COTTONMOUTHZ4C4M::EVO_LAPSE, COTTONMOUTHZ4C4M::EVO_SHIFT, COTTONMOUTHZ4C4M::TRK
INFO (CarpetX): CallFunction iteration 82 z4c_to_adm_group: CottonmouthZ4c4m::z4c_to_adm
INFO (CarpetX): CallFunction iteration 82 ODESolvers_PostStep: CottonmouthZ4c4m::sync_state
INFO (CarpetX): SyncGroups COTTONMOUTHZ4C4M::AT, COTTONMOUTHZ4C4M::THETA, COTTONMOUTHZ4C4M::CHI, COTTONMOUTHZ4C4M::EVO_GAMMAT, COTTONMOUTHZ4C4M::EVO_LAPSE, COTTONMOUTHZ4C4M::EVO_SHIFT, COTTONMOUTHZ4C4M::GT, COTTONMOUTHZ4C4M::TRK
INFO (CarpetX): CallFunction iteration 82 TmunuBaseX_SetTmunuVars: TmunuBaseX::TmunuBaseX_ZeroTmunu
INFO (ODESolvers): Calculated new state #3 at t=0.82
INFO (ODESolvers): Calculating RHS #4 at t=0.82
INFO (CarpetX): CallFunction iteration 82 z4c_rhs_group: CottonmouthZ4c4m::z4c_rhs
INFO (CarpetX): CallFunction iteration 82 z4c_apply_dissipation_group: CottonmouthZ4c4m::z4c_apply_dissipation
INFO (CarpetX): CallFunction iteration 82 z4c_enforce_pt1_group: CottonmouthZ4c4m::z4c_enforce_pt1
INFO (CarpetX): CallFunction iteration 82 z4c_enforce_pt2_group: CottonmouthZ4c4m::z4c_enforce_pt2
INFO (CarpetX): CallFunction iteration 82 z4c_to_adm_group: CottonmouthZ4c4m::sync_z4c
INFO (CarpetX): SyncGroups COTTONMOUTHZ4C4M::AT, COTTONMOUTHZ4C4M::GT, COTTONMOUTHZ4C4M::CHI, COTTONMOUTHZ4C4M::EVO_LAPSE, COTTONMOUTHZ4C4M::EVO_SHIFT, COTTONMOUTHZ4C4M::TRK
INFO (CarpetX): CallFunction iteration 82 z4c_to_adm_group: CottonmouthZ4c4m::z4c_to_adm
INFO (CarpetX): CallFunction iteration 82 ODESolvers_PostStep: CottonmouthZ4c4m::sync_state
INFO (CarpetX): SyncGroups COTTONMOUTHZ4C4M::AT, COTTONMOUTHZ4C4M::THETA, COTTONMOUTHZ4C4M::CHI, COTTONMOUTHZ4C4M::EVO_GAMMAT, COTTONMOUTHZ4C4M::EVO_LAPSE, COTTONMOUTHZ4C4M::EVO_SHIFT, COTTONMOUTHZ4C4M::GT, COTTONMOUTHZ4C4M::TRK
INFO (CarpetX): CallFunction iteration 82 TmunuBaseX_SetTmunuVars: TmunuBaseX::TmunuBaseX_ZeroTmunu
INFO (ODESolvers): Calculated new state #4 at t=0.82
INFO (CarpetX): ScheduleTraverseGH iteration 82 CCTK_POSTSTEP
INFO (CarpetX): CallFunction iteration 82 CCTK_POSTSTEP: CottonmouthLinearWaveID::StateSync_CottonmouthLinearWaveID
INFO (CarpetX): ScheduleTraverseGH iteration 82 CCTK_CHECKPOINT
INFO (CarpetX): CallFunction iteration 82 CCTK_CHECKPOINT: CarpetX::CarpetX_Checkpoint
INFO (CarpetX): ScheduleTraverseGH iteration 82 CCTK_ANALYSIS
INFO (CarpetX): CallFunction iteration 82 z4c_constraints_group: CottonmouthZ4c4m::z4c_constraints
INFO (CarpetX): OutputGH: iteration 82, time 0.820000, run time 7 s
INFO (CarpetX): OutputGH done.
INFO (CarpetX): Simulation time: 0.82   Iterations per second: 13.3424   Simulation time per second: 0.133424
INFO (CarpetX): Grid cells: 3200   Grid cell updates per second: 42695.6
INFO (CarpetX): Performance:
INFO (CarpetX):   total evolution time:            6.15171 sec
INFO (CarpetX):   total evolution compute time:    6.15123 sec
INFO (CarpetX):   total evolution output time:     0.000481606 sec
INFO (CarpetX):   total iterations:                82
INFO (CarpetX):   total cells updated:             262400
INFO (CarpetX):   average iterations per second: 13.3296
INFO (CarpetX):   average cell updates per second: 42654.8
INFO (CarpetX): SyncGroups COTTONMOUTHZ4C4M::AT, COTTONMOUTHZ4C4M::THETA, COTTONMOUTHZ4C4M::CHI, COTTONMOUTHZ4C4M::EVO_GAMMAT, COTTONMOUTHZ4C4M::EVO_LAPSE, COTTONMOUTHZ4C4M::EVO_SHIFT, COTTONMOUTHZ4C4M::GT, COTTONMOUTHZ4C4M::TRK
INFO (CarpetX): ScheduleTraverseGH iteration 83 CCTK_PRESTEP
INFO (CarpetX): ScheduleTraverseGH iteration 83 CCTK_EVOL
INFO (CarpetX): CallFunction iteration 83 CCTK_EVOL: ODESolvers::ODESolvers_Solve
INFO (ODESolvers): ODE integrator is RK4
INFO (ODESolvers):   Integrating 22 variables
INFO (ODESolvers): Calculating RHS #1 at t=0.82
INFO (CarpetX): CallFunction iteration 83 z4c_rhs_group: CottonmouthZ4c4m::z4c_rhs
INFO (CarpetX): CallFunction iteration 83 z4c_apply_dissipation_group: CottonmouthZ4c4m::z4c_apply_dissipation
INFO (CarpetX): CallFunction iteration 83 z4c_enforce_pt1_group: CottonmouthZ4c4m::z4c_enforce_pt1
INFO (CarpetX): CallFunction iteration 83 z4c_enforce_pt2_group: CottonmouthZ4c4m::z4c_enforce_pt2
INFO (CarpetX): CallFunction iteration 83 z4c_to_adm_group: CottonmouthZ4c4m::sync_z4c
INFO (CarpetX): SyncGroups COTTONMOUTHZ4C4M::AT, COTTONMOUTHZ4C4M::GT, COTTONMOUTHZ4C4M::CHI, COTTONMOUTHZ4C4M::EVO_LAPSE, COTTONMOUTHZ4C4M::EVO_SHIFT, COTTONMOUTHZ4C4M::TRK
INFO (CarpetX): CallFunction iteration 83 z4c_to_adm_group: CottonmouthZ4c4m::z4c_to_adm
INFO (CarpetX): CallFunction iteration 83 ODESolvers_PostStep: CottonmouthZ4c4m::sync_state
INFO (CarpetX): SyncGroups COTTONMOUTHZ4C4M::AT, COTTONMOUTHZ4C4M::THETA, COTTONMOUTHZ4C4M::CHI, COTTONMOUTHZ4C4M::EVO_GAMMAT, COTTONMOUTHZ4C4M::EVO_LAPSE, COTTONMOUTHZ4C4M::EVO_SHIFT, COTTONMOUTHZ4C4M::GT, COTTONMOUTHZ4C4M::TRK
INFO (CarpetX): CallFunction iteration 83 TmunuBaseX_SetTmunuVars: TmunuBaseX::TmunuBaseX_ZeroTmunu
INFO (ODESolvers): Calculated new state #1 at t=0.825
INFO (ODESolvers): Calculating RHS #2 at t=0.825
INFO (CarpetX): CallFunction iteration 83 z4c_rhs_group: CottonmouthZ4c4m::z4c_rhs
INFO (CarpetX): CallFunction iteration 83 z4c_apply_dissipation_group: CottonmouthZ4c4m::z4c_apply_dissipation
INFO (CarpetX): CallFunction iteration 83 z4c_enforce_pt1_group: CottonmouthZ4c4m::z4c_enforce_pt1
INFO (CarpetX): CallFunction iteration 83 z4c_enforce_pt2_group: CottonmouthZ4c4m::z4c_enforce_pt2
INFO (CarpetX): CallFunction iteration 83 z4c_to_adm_group: CottonmouthZ4c4m::sync_z4c
INFO (CarpetX): SyncGroups COTTONMOUTHZ4C4M::AT, COTTONMOUTHZ4C4M::GT, COTTONMOUTHZ4C4M::CHI, COTTONMOUTHZ4C4M::EVO_LAPSE, COTTONMOUTHZ4C4M::EVO_SHIFT, COTTONMOUTHZ4C4M::TRK
INFO (CarpetX): CallFunction iteration 83 z4c_to_adm_group: CottonmouthZ4c4m::z4c_to_adm
INFO (CarpetX): CallFunction iteration 83 ODESolvers_PostStep: CottonmouthZ4c4m::sync_state
INFO (CarpetX): SyncGroups COTTONMOUTHZ4C4M::AT, COTTONMOUTHZ4C4M::THETA, COTTONMOUTHZ4C4M::CHI, COTTONMOUTHZ4C4M::EVO_GAMMAT, COTTONMOUTHZ4C4M::EVO_LAPSE, COTTONMOUTHZ4C4M::EVO_SHIFT, COTTONMOUTHZ4C4M::GT, COTTONMOUTHZ4C4M::TRK
INFO (CarpetX): CallFunction iteration 83 TmunuBaseX_SetTmunuVars: TmunuBaseX::TmunuBaseX_ZeroTmunu
INFO (ODESolvers): Calculated new state #2 at t=0.825
INFO (ODESolvers): Calculating RHS #3 at t=0.825
INFO (CarpetX): CallFunction iteration 83 z4c_rhs_group: CottonmouthZ4c4m::z4c_rhs
INFO (CarpetX): CallFunction iteration 83 z4c_apply_dissipation_group: CottonmouthZ4c4m::z4c_apply_dissipation
INFO (CarpetX): CallFunction iteration 83 z4c_enforce_pt1_group: CottonmouthZ4c4m::z4c_enforce_pt1
INFO (CarpetX): CallFunction iteration 83 z4c_enforce_pt2_group: CottonmouthZ4c4m::z4c_enforce_pt2
INFO (CarpetX): CallFunction iteration 83 z4c_to_adm_group: CottonmouthZ4c4m::sync_z4c
INFO (CarpetX): SyncGroups COTTONMOUTHZ4C4M::AT, COTTONMOUTHZ4C4M::GT, COTTONMOUTHZ4C4M::CHI, COTTONMOUTHZ4C4M::EVO_LAPSE, COTTONMOUTHZ4C4M::EVO_SHIFT, COTTONMOUTHZ4C4M::TRK
INFO (CarpetX): CallFunction iteration 83 z4c_to_adm_group: CottonmouthZ4c4m::z4c_to_adm
INFO (CarpetX): CallFunction iteration 83 ODESolvers_PostStep: CottonmouthZ4c4m::sync_state
INFO (CarpetX): SyncGroups COTTONMOUTHZ4C4M::AT, COTTONMOUTHZ4C4M::THETA, COTTONMOUTHZ4C4M::CHI, COTTONMOUTHZ4C4M::EVO_GAMMAT, COTTONMOUTHZ4C4M::EVO_LAPSE, COTTONMOUTHZ4C4M::EVO_SHIFT, COTTONMOUTHZ4C4M::GT, COTTONMOUTHZ4C4M::TRK
INFO (CarpetX): CallFunction iteration 83 TmunuBaseX_SetTmunuVars: TmunuBaseX::TmunuBaseX_ZeroTmunu
INFO (ODESolvers): Calculated new state #3 at t=0.83
INFO (ODESolvers): Calculating RHS #4 at t=0.83
INFO (CarpetX): CallFunction iteration 83 z4c_rhs_group: CottonmouthZ4c4m::z4c_rhs
INFO (CarpetX): CallFunction iteration 83 z4c_apply_dissipation_group: CottonmouthZ4c4m::z4c_apply_dissipation
INFO (CarpetX): CallFunction iteration 83 z4c_enforce_pt1_group: CottonmouthZ4c4m::z4c_enforce_pt1
INFO (CarpetX): CallFunction iteration 83 z4c_enforce_pt2_group: CottonmouthZ4c4m::z4c_enforce_pt2
INFO (CarpetX): CallFunction iteration 83 z4c_to_adm_group: CottonmouthZ4c4m::sync_z4c
INFO (CarpetX): SyncGroups COTTONMOUTHZ4C4M::AT, COTTONMOUTHZ4C4M::GT, COTTONMOUTHZ4C4M::CHI, COTTONMOUTHZ4C4M::EVO_LAPSE, COTTONMOUTHZ4C4M::EVO_SHIFT, COTTONMOUTHZ4C4M::TRK
INFO (CarpetX): CallFunction iteration 83 z4c_to_adm_group: CottonmouthZ4c4m::z4c_to_adm
INFO (CarpetX): CallFunction iteration 83 ODESolvers_PostStep: CottonmouthZ4c4m::sync_state
INFO (CarpetX): SyncGroups COTTONMOUTHZ4C4M::AT, COTTONMOUTHZ4C4M::THETA, COTTONMOUTHZ4C4M::CHI, COTTONMOUTHZ4C4M::EVO_GAMMAT, COTTONMOUTHZ4C4M::EVO_LAPSE, COTTONMOUTHZ4C4M::EVO_SHIFT, COTTONMOUTHZ4C4M::GT, COTTONMOUTHZ4C4M::TRK
INFO (CarpetX): CallFunction iteration 83 TmunuBaseX_SetTmunuVars: TmunuBaseX::TmunuBaseX_ZeroTmunu
INFO (ODESolvers): Calculated new state #4 at t=0.83
INFO (CarpetX): ScheduleTraverseGH iteration 83 CCTK_POSTSTEP
INFO (CarpetX): CallFunction iteration 83 CCTK_POSTSTEP: CottonmouthLinearWaveID::StateSync_CottonmouthLinearWaveID
INFO (CarpetX): ScheduleTraverseGH iteration 83 CCTK_CHECKPOINT
INFO (CarpetX): CallFunction iteration 83 CCTK_CHECKPOINT: CarpetX::CarpetX_Checkpoint
INFO (CarpetX): ScheduleTraverseGH iteration 83 CCTK_ANALYSIS
INFO (CarpetX): CallFunction iteration 83 z4c_constraints_group: CottonmouthZ4c4m::z4c_constraints
INFO (CarpetX): OutputGH: iteration 83, time 0.830000, run time 7 s
INFO (CarpetX): OutputGH done.
INFO (CarpetX): Simulation time: 0.83   Iterations per second: 13.3422   Simulation time per second: 0.133422
INFO (CarpetX): Grid cells: 3200   Grid cell updates per second: 42694.9
INFO (CarpetX): Performance:
INFO (CarpetX):   total evolution time:            6.22667 sec
INFO (CarpetX):   total evolution compute time:    6.22618 sec
INFO (CarpetX):   total evolution output time:     0.000486612 sec
INFO (CarpetX):   total iterations:                83
INFO (CarpetX):   total cells updated:             265600
INFO (CarpetX):   average iterations per second: 13.3298
INFO (CarpetX):   average cell updates per second: 42655.2
INFO (CarpetX): SyncGroups COTTONMOUTHZ4C4M::AT, COTTONMOUTHZ4C4M::THETA, COTTONMOUTHZ4C4M::CHI, COTTONMOUTHZ4C4M::EVO_GAMMAT, COTTONMOUTHZ4C4M::EVO_LAPSE, COTTONMOUTHZ4C4M::EVO_SHIFT, COTTONMOUTHZ4C4M::GT, COTTONMOUTHZ4C4M::TRK
INFO (CarpetX): ScheduleTraverseGH iteration 84 CCTK_PRESTEP
INFO (CarpetX): ScheduleTraverseGH iteration 84 CCTK_EVOL
INFO (CarpetX): CallFunction iteration 84 CCTK_EVOL: ODESolvers::ODESolvers_Solve
INFO (ODESolvers): ODE integrator is RK4
INFO (ODESolvers):   Integrating 22 variables
INFO (ODESolvers): Calculating RHS #1 at t=0.83
INFO (CarpetX): CallFunction iteration 84 z4c_rhs_group: CottonmouthZ4c4m::z4c_rhs
INFO (CarpetX): CallFunction iteration 84 z4c_apply_dissipation_group: CottonmouthZ4c4m::z4c_apply_dissipation
INFO (CarpetX): CallFunction iteration 84 z4c_enforce_pt1_group: CottonmouthZ4c4m::z4c_enforce_pt1
INFO (CarpetX): CallFunction iteration 84 z4c_enforce_pt2_group: CottonmouthZ4c4m::z4c_enforce_pt2
INFO (CarpetX): CallFunction iteration 84 z4c_to_adm_group: CottonmouthZ4c4m::sync_z4c
INFO (CarpetX): SyncGroups COTTONMOUTHZ4C4M::AT, COTTONMOUTHZ4C4M::GT, COTTONMOUTHZ4C4M::CHI, COTTONMOUTHZ4C4M::EVO_LAPSE, COTTONMOUTHZ4C4M::EVO_SHIFT, COTTONMOUTHZ4C4M::TRK
INFO (CarpetX): CallFunction iteration 84 z4c_to_adm_group: CottonmouthZ4c4m::z4c_to_adm
INFO (CarpetX): CallFunction iteration 84 ODESolvers_PostStep: CottonmouthZ4c4m::sync_state
INFO (CarpetX): SyncGroups COTTONMOUTHZ4C4M::AT, COTTONMOUTHZ4C4M::THETA, COTTONMOUTHZ4C4M::CHI, COTTONMOUTHZ4C4M::EVO_GAMMAT, COTTONMOUTHZ4C4M::EVO_LAPSE, COTTONMOUTHZ4C4M::EVO_SHIFT, COTTONMOUTHZ4C4M::GT, COTTONMOUTHZ4C4M::TRK
INFO (CarpetX): CallFunction iteration 84 TmunuBaseX_SetTmunuVars: TmunuBaseX::TmunuBaseX_ZeroTmunu
INFO (ODESolvers): Calculated new state #1 at t=0.835
INFO (ODESolvers): Calculating RHS #2 at t=0.835
INFO (CarpetX): CallFunction iteration 84 z4c_rhs_group: CottonmouthZ4c4m::z4c_rhs
INFO (CarpetX): CallFunction iteration 84 z4c_apply_dissipation_group: CottonmouthZ4c4m::z4c_apply_dissipation
INFO (CarpetX): CallFunction iteration 84 z4c_enforce_pt1_group: CottonmouthZ4c4m::z4c_enforce_pt1
INFO (CarpetX): CallFunction iteration 84 z4c_enforce_pt2_group: CottonmouthZ4c4m::z4c_enforce_pt2
INFO (CarpetX): CallFunction iteration 84 z4c_to_adm_group: CottonmouthZ4c4m::sync_z4c
INFO (CarpetX): SyncGroups COTTONMOUTHZ4C4M::AT, COTTONMOUTHZ4C4M::GT, COTTONMOUTHZ4C4M::CHI, COTTONMOUTHZ4C4M::EVO_LAPSE, COTTONMOUTHZ4C4M::EVO_SHIFT, COTTONMOUTHZ4C4M::TRK
INFO (CarpetX): CallFunction iteration 84 z4c_to_adm_group: CottonmouthZ4c4m::z4c_to_adm
INFO (CarpetX): CallFunction iteration 84 ODESolvers_PostStep: CottonmouthZ4c4m::sync_state
INFO (CarpetX): SyncGroups COTTONMOUTHZ4C4M::AT, COTTONMOUTHZ4C4M::THETA, COTTONMOUTHZ4C4M::CHI, COTTONMOUTHZ4C4M::EVO_GAMMAT, COTTONMOUTHZ4C4M::EVO_LAPSE, COTTONMOUTHZ4C4M::EVO_SHIFT, COTTONMOUTHZ4C4M::GT, COTTONMOUTHZ4C4M::TRK
INFO (CarpetX): CallFunction iteration 84 TmunuBaseX_SetTmunuVars: TmunuBaseX::TmunuBaseX_ZeroTmunu
INFO (ODESolvers): Calculated new state #2 at t=0.835
INFO (ODESolvers): Calculating RHS #3 at t=0.835
INFO (CarpetX): CallFunction iteration 84 z4c_rhs_group: CottonmouthZ4c4m::z4c_rhs
INFO (CarpetX): CallFunction iteration 84 z4c_apply_dissipation_group: CottonmouthZ4c4m::z4c_apply_dissipation
INFO (CarpetX): CallFunction iteration 84 z4c_enforce_pt1_group: CottonmouthZ4c4m::z4c_enforce_pt1
INFO (CarpetX): CallFunction iteration 84 z4c_enforce_pt2_group: CottonmouthZ4c4m::z4c_enforce_pt2
INFO (CarpetX): CallFunction iteration 84 z4c_to_adm_group: CottonmouthZ4c4m::sync_z4c
INFO (CarpetX): SyncGroups COTTONMOUTHZ4C4M::AT, COTTONMOUTHZ4C4M::GT, COTTONMOUTHZ4C4M::CHI, COTTONMOUTHZ4C4M::EVO_LAPSE, COTTONMOUTHZ4C4M::EVO_SHIFT, COTTONMOUTHZ4C4M::TRK
INFO (CarpetX): CallFunction iteration 84 z4c_to_adm_group: CottonmouthZ4c4m::z4c_to_adm
INFO (CarpetX): CallFunction iteration 84 ODESolvers_PostStep: CottonmouthZ4c4m::sync_state
INFO (CarpetX): SyncGroups COTTONMOUTHZ4C4M::AT, COTTONMOUTHZ4C4M::THETA, COTTONMOUTHZ4C4M::CHI, COTTONMOUTHZ4C4M::EVO_GAMMAT, COTTONMOUTHZ4C4M::EVO_LAPSE, COTTONMOUTHZ4C4M::EVO_SHIFT, COTTONMOUTHZ4C4M::GT, COTTONMOUTHZ4C4M::TRK
INFO (CarpetX): CallFunction iteration 84 TmunuBaseX_SetTmunuVars: TmunuBaseX::TmunuBaseX_ZeroTmunu
INFO (ODESolvers): Calculated new state #3 at t=0.84
INFO (ODESolvers): Calculating RHS #4 at t=0.84
INFO (CarpetX): CallFunction iteration 84 z4c_rhs_group: CottonmouthZ4c4m::z4c_rhs
INFO (CarpetX): CallFunction iteration 84 z4c_apply_dissipation_group: CottonmouthZ4c4m::z4c_apply_dissipation
INFO (CarpetX): CallFunction iteration 84 z4c_enforce_pt1_group: CottonmouthZ4c4m::z4c_enforce_pt1
INFO (CarpetX): CallFunction iteration 84 z4c_enforce_pt2_group: CottonmouthZ4c4m::z4c_enforce_pt2
INFO (CarpetX): CallFunction iteration 84 z4c_to_adm_group: CottonmouthZ4c4m::sync_z4c
INFO (CarpetX): SyncGroups COTTONMOUTHZ4C4M::AT, COTTONMOUTHZ4C4M::GT, COTTONMOUTHZ4C4M::CHI, COTTONMOUTHZ4C4M::EVO_LAPSE, COTTONMOUTHZ4C4M::EVO_SHIFT, COTTONMOUTHZ4C4M::TRK
INFO (CarpetX): CallFunction iteration 84 z4c_to_adm_group: CottonmouthZ4c4m::z4c_to_adm
INFO (CarpetX): CallFunction iteration 84 ODESolvers_PostStep: CottonmouthZ4c4m::sync_state
INFO (CarpetX): SyncGroups COTTONMOUTHZ4C4M::AT, COTTONMOUTHZ4C4M::THETA, COTTONMOUTHZ4C4M::CHI, COTTONMOUTHZ4C4M::EVO_GAMMAT, COTTONMOUTHZ4C4M::EVO_LAPSE, COTTONMOUTHZ4C4M::EVO_SHIFT, COTTONMOUTHZ4C4M::GT, COTTONMOUTHZ4C4M::TRK
INFO (CarpetX): CallFunction iteration 84 TmunuBaseX_SetTmunuVars: TmunuBaseX::TmunuBaseX_ZeroTmunu
INFO (ODESolvers): Calculated new state #4 at t=0.84
INFO (CarpetX): ScheduleTraverseGH iteration 84 CCTK_POSTSTEP
INFO (CarpetX): CallFunction iteration 84 CCTK_POSTSTEP: CottonmouthLinearWaveID::StateSync_CottonmouthLinearWaveID
INFO (CarpetX): ScheduleTraverseGH iteration 84 CCTK_CHECKPOINT
INFO (CarpetX): CallFunction iteration 84 CCTK_CHECKPOINT: CarpetX::CarpetX_Checkpoint
INFO (CarpetX): ScheduleTraverseGH iteration 84 CCTK_ANALYSIS
INFO (CarpetX): CallFunction iteration 84 z4c_constraints_group: CottonmouthZ4c4m::z4c_constraints
INFO (CarpetX): OutputGH: iteration 84, time 0.840000, run time 7 s
INFO (CarpetX): OutputGH done.
INFO (CarpetX): Simulation time: 0.84   Iterations per second: 13.3408   Simulation time per second: 0.133408
INFO (CarpetX): Grid cells: 3200   Grid cell updates per second: 42690.5
INFO (CarpetX): Performance:
INFO (CarpetX):   total evolution time:            6.3017 sec
INFO (CarpetX):   total evolution compute time:    6.3012 sec
INFO (CarpetX):   total evolution output time:     0.000493526 sec
INFO (CarpetX):   total iterations:                84
INFO (CarpetX):   total cells updated:             268800
INFO (CarpetX):   average iterations per second: 13.3297
INFO (CarpetX):   average cell updates per second: 42655.2
INFO (CarpetX): SyncGroups COTTONMOUTHZ4C4M::AT, COTTONMOUTHZ4C4M::THETA, COTTONMOUTHZ4C4M::CHI, COTTONMOUTHZ4C4M::EVO_GAMMAT, COTTONMOUTHZ4C4M::EVO_LAPSE, COTTONMOUTHZ4C4M::EVO_SHIFT, COTTONMOUTHZ4C4M::GT, COTTONMOUTHZ4C4M::TRK
INFO (CarpetX): ScheduleTraverseGH iteration 85 CCTK_PRESTEP
INFO (CarpetX): ScheduleTraverseGH iteration 85 CCTK_EVOL
INFO (CarpetX): CallFunction iteration 85 CCTK_EVOL: ODESolvers::ODESolvers_Solve
INFO (ODESolvers): ODE integrator is RK4
INFO (ODESolvers):   Integrating 22 variables
INFO (ODESolvers): Calculating RHS #1 at t=0.84
INFO (CarpetX): CallFunction iteration 85 z4c_rhs_group: CottonmouthZ4c4m::z4c_rhs
INFO (CarpetX): CallFunction iteration 85 z4c_apply_dissipation_group: CottonmouthZ4c4m::z4c_apply_dissipation
INFO (CarpetX): CallFunction iteration 85 z4c_enforce_pt1_group: CottonmouthZ4c4m::z4c_enforce_pt1
INFO (CarpetX): CallFunction iteration 85 z4c_enforce_pt2_group: CottonmouthZ4c4m::z4c_enforce_pt2
INFO (CarpetX): CallFunction iteration 85 z4c_to_adm_group: CottonmouthZ4c4m::sync_z4c
INFO (CarpetX): SyncGroups COTTONMOUTHZ4C4M::AT, COTTONMOUTHZ4C4M::GT, COTTONMOUTHZ4C4M::CHI, COTTONMOUTHZ4C4M::EVO_LAPSE, COTTONMOUTHZ4C4M::EVO_SHIFT, COTTONMOUTHZ4C4M::TRK
INFO (CarpetX): CallFunction iteration 85 z4c_to_adm_group: CottonmouthZ4c4m::z4c_to_adm
INFO (CarpetX): CallFunction iteration 85 ODESolvers_PostStep: CottonmouthZ4c4m::sync_state
INFO (CarpetX): SyncGroups COTTONMOUTHZ4C4M::AT, COTTONMOUTHZ4C4M::THETA, COTTONMOUTHZ4C4M::CHI, COTTONMOUTHZ4C4M::EVO_GAMMAT, COTTONMOUTHZ4C4M::EVO_LAPSE, COTTONMOUTHZ4C4M::EVO_SHIFT, COTTONMOUTHZ4C4M::GT, COTTONMOUTHZ4C4M::TRK
INFO (CarpetX): CallFunction iteration 85 TmunuBaseX_SetTmunuVars: TmunuBaseX::TmunuBaseX_ZeroTmunu
INFO (ODESolvers): Calculated new state #1 at t=0.845
INFO (ODESolvers): Calculating RHS #2 at t=0.845
INFO (CarpetX): CallFunction iteration 85 z4c_rhs_group: CottonmouthZ4c4m::z4c_rhs
INFO (CarpetX): CallFunction iteration 85 z4c_apply_dissipation_group: CottonmouthZ4c4m::z4c_apply_dissipation
INFO (CarpetX): CallFunction iteration 85 z4c_enforce_pt1_group: CottonmouthZ4c4m::z4c_enforce_pt1
INFO (CarpetX): CallFunction iteration 85 z4c_enforce_pt2_group: CottonmouthZ4c4m::z4c_enforce_pt2
INFO (CarpetX): CallFunction iteration 85 z4c_to_adm_group: CottonmouthZ4c4m::sync_z4c
INFO (CarpetX): SyncGroups COTTONMOUTHZ4C4M::AT, COTTONMOUTHZ4C4M::GT, COTTONMOUTHZ4C4M::CHI, COTTONMOUTHZ4C4M::EVO_LAPSE, COTTONMOUTHZ4C4M::EVO_SHIFT, COTTONMOUTHZ4C4M::TRK
INFO (CarpetX): CallFunction iteration 85 z4c_to_adm_group: CottonmouthZ4c4m::z4c_to_adm
INFO (CarpetX): CallFunction iteration 85 ODESolvers_PostStep: CottonmouthZ4c4m::sync_state
INFO (CarpetX): SyncGroups COTTONMOUTHZ4C4M::AT, COTTONMOUTHZ4C4M::THETA, COTTONMOUTHZ4C4M::CHI, COTTONMOUTHZ4C4M::EVO_GAMMAT, COTTONMOUTHZ4C4M::EVO_LAPSE, COTTONMOUTHZ4C4M::EVO_SHIFT, COTTONMOUTHZ4C4M::GT, COTTONMOUTHZ4C4M::TRK
INFO (CarpetX): CallFunction iteration 85 TmunuBaseX_SetTmunuVars: TmunuBaseX::TmunuBaseX_ZeroTmunu
INFO (ODESolvers): Calculated new state #2 at t=0.845
INFO (ODESolvers): Calculating RHS #3 at t=0.845
INFO (CarpetX): CallFunction iteration 85 z4c_rhs_group: CottonmouthZ4c4m::z4c_rhs
INFO (CarpetX): CallFunction iteration 85 z4c_apply_dissipation_group: CottonmouthZ4c4m::z4c_apply_dissipation
INFO (CarpetX): CallFunction iteration 85 z4c_enforce_pt1_group: CottonmouthZ4c4m::z4c_enforce_pt1
INFO (CarpetX): CallFunction iteration 85 z4c_enforce_pt2_group: CottonmouthZ4c4m::z4c_enforce_pt2
INFO (CarpetX): CallFunction iteration 85 z4c_to_adm_group: CottonmouthZ4c4m::sync_z4c
INFO (CarpetX): SyncGroups COTTONMOUTHZ4C4M::AT, COTTONMOUTHZ4C4M::GT, COTTONMOUTHZ4C4M::CHI, COTTONMOUTHZ4C4M::EVO_LAPSE, COTTONMOUTHZ4C4M::EVO_SHIFT, COTTONMOUTHZ4C4M::TRK
INFO (CarpetX): CallFunction iteration 85 z4c_to_adm_group: CottonmouthZ4c4m::z4c_to_adm
INFO (CarpetX): CallFunction iteration 85 ODESolvers_PostStep: CottonmouthZ4c4m::sync_state
INFO (CarpetX): SyncGroups COTTONMOUTHZ4C4M::AT, COTTONMOUTHZ4C4M::THETA, COTTONMOUTHZ4C4M::CHI, COTTONMOUTHZ4C4M::EVO_GAMMAT, COTTONMOUTHZ4C4M::EVO_LAPSE, COTTONMOUTHZ4C4M::EVO_SHIFT, COTTONMOUTHZ4C4M::GT, COTTONMOUTHZ4C4M::TRK
INFO (CarpetX): CallFunction iteration 85 TmunuBaseX_SetTmunuVars: TmunuBaseX::TmunuBaseX_ZeroTmunu
INFO (ODESolvers): Calculated new state #3 at t=0.85
INFO (ODESolvers): Calculating RHS #4 at t=0.85
INFO (CarpetX): CallFunction iteration 85 z4c_rhs_group: CottonmouthZ4c4m::z4c_rhs
INFO (CarpetX): CallFunction iteration 85 z4c_apply_dissipation_group: CottonmouthZ4c4m::z4c_apply_dissipation
INFO (CarpetX): CallFunction iteration 85 z4c_enforce_pt1_group: CottonmouthZ4c4m::z4c_enforce_pt1
INFO (CarpetX): CallFunction iteration 85 z4c_enforce_pt2_group: CottonmouthZ4c4m::z4c_enforce_pt2
INFO (CarpetX): CallFunction iteration 85 z4c_to_adm_group: CottonmouthZ4c4m::sync_z4c
INFO (CarpetX): SyncGroups COTTONMOUTHZ4C4M::AT, COTTONMOUTHZ4C4M::GT, COTTONMOUTHZ4C4M::CHI, COTTONMOUTHZ4C4M::EVO_LAPSE, COTTONMOUTHZ4C4M::EVO_SHIFT, COTTONMOUTHZ4C4M::TRK
INFO (CarpetX): CallFunction iteration 85 z4c_to_adm_group: CottonmouthZ4c4m::z4c_to_adm
INFO (CarpetX): CallFunction iteration 85 ODESolvers_PostStep: CottonmouthZ4c4m::sync_state
INFO (CarpetX): SyncGroups COTTONMOUTHZ4C4M::AT, COTTONMOUTHZ4C4M::THETA, COTTONMOUTHZ4C4M::CHI, COTTONMOUTHZ4C4M::EVO_GAMMAT, COTTONMOUTHZ4C4M::EVO_LAPSE, COTTONMOUTHZ4C4M::EVO_SHIFT, COTTONMOUTHZ4C4M::GT, COTTONMOUTHZ4C4M::TRK
INFO (CarpetX): CallFunction iteration 85 TmunuBaseX_SetTmunuVars: TmunuBaseX::TmunuBaseX_ZeroTmunu
INFO (ODESolvers): Calculated new state #4 at t=0.85
INFO (CarpetX): ScheduleTraverseGH iteration 85 CCTK_POSTSTEP
INFO (CarpetX): CallFunction iteration 85 CCTK_POSTSTEP: CottonmouthLinearWaveID::StateSync_CottonmouthLinearWaveID
INFO (CarpetX): ScheduleTraverseGH iteration 85 CCTK_CHECKPOINT
INFO (CarpetX): CallFunction iteration 85 CCTK_CHECKPOINT: CarpetX::CarpetX_Checkpoint
INFO (CarpetX): ScheduleTraverseGH iteration 85 CCTK_ANALYSIS
INFO (CarpetX): CallFunction iteration 85 z4c_constraints_group: CottonmouthZ4c4m::z4c_constraints
INFO (CarpetX): OutputGH: iteration 85, time 0.850000, run time 7 s
INFO (CarpetX): OutputGH done.
INFO (CarpetX): Simulation time: 0.85   Iterations per second: 13.3396   Simulation time per second: 0.133396
INFO (CarpetX): Grid cells: 3200   Grid cell updates per second: 42686.8
INFO (CarpetX): Performance:
INFO (CarpetX):   total evolution time:            6.37672 sec
INFO (CarpetX):   total evolution compute time:    6.37622 sec
INFO (CarpetX):   total evolution output time:     0.000499487 sec
INFO (CarpetX):   total iterations:                85
INFO (CarpetX):   total cells updated:             272000
INFO (CarpetX):   average iterations per second: 13.3297
INFO (CarpetX):   average cell updates per second: 42655.1
INFO (CarpetX): SyncGroups COTTONMOUTHZ4C4M::AT, COTTONMOUTHZ4C4M::THETA, COTTONMOUTHZ4C4M::CHI, COTTONMOUTHZ4C4M::EVO_GAMMAT, COTTONMOUTHZ4C4M::EVO_LAPSE, COTTONMOUTHZ4C4M::EVO_SHIFT, COTTONMOUTHZ4C4M::GT, COTTONMOUTHZ4C4M::TRK
INFO (CarpetX): ScheduleTraverseGH iteration 86 CCTK_PRESTEP
INFO (CarpetX): ScheduleTraverseGH iteration 86 CCTK_EVOL
INFO (CarpetX): CallFunction iteration 86 CCTK_EVOL: ODESolvers::ODESolvers_Solve
INFO (ODESolvers): ODE integrator is RK4
INFO (ODESolvers):   Integrating 22 variables
INFO (ODESolvers): Calculating RHS #1 at t=0.85
INFO (CarpetX): CallFunction iteration 86 z4c_rhs_group: CottonmouthZ4c4m::z4c_rhs
INFO (CarpetX): CallFunction iteration 86 z4c_apply_dissipation_group: CottonmouthZ4c4m::z4c_apply_dissipation
INFO (CarpetX): CallFunction iteration 86 z4c_enforce_pt1_group: CottonmouthZ4c4m::z4c_enforce_pt1
INFO (CarpetX): CallFunction iteration 86 z4c_enforce_pt2_group: CottonmouthZ4c4m::z4c_enforce_pt2
INFO (CarpetX): CallFunction iteration 86 z4c_to_adm_group: CottonmouthZ4c4m::sync_z4c
INFO (CarpetX): SyncGroups COTTONMOUTHZ4C4M::AT, COTTONMOUTHZ4C4M::GT, COTTONMOUTHZ4C4M::CHI, COTTONMOUTHZ4C4M::EVO_LAPSE, COTTONMOUTHZ4C4M::EVO_SHIFT, COTTONMOUTHZ4C4M::TRK
INFO (CarpetX): CallFunction iteration 86 z4c_to_adm_group: CottonmouthZ4c4m::z4c_to_adm
INFO (CarpetX): CallFunction iteration 86 ODESolvers_PostStep: CottonmouthZ4c4m::sync_state
INFO (CarpetX): SyncGroups COTTONMOUTHZ4C4M::AT, COTTONMOUTHZ4C4M::THETA, COTTONMOUTHZ4C4M::CHI, COTTONMOUTHZ4C4M::EVO_GAMMAT, COTTONMOUTHZ4C4M::EVO_LAPSE, COTTONMOUTHZ4C4M::EVO_SHIFT, COTTONMOUTHZ4C4M::GT, COTTONMOUTHZ4C4M::TRK
INFO (CarpetX): CallFunction iteration 86 TmunuBaseX_SetTmunuVars: TmunuBaseX::TmunuBaseX_ZeroTmunu
INFO (ODESolvers): Calculated new state #1 at t=0.855
INFO (ODESolvers): Calculating RHS #2 at t=0.855
INFO (CarpetX): CallFunction iteration 86 z4c_rhs_group: CottonmouthZ4c4m::z4c_rhs
INFO (CarpetX): CallFunction iteration 86 z4c_apply_dissipation_group: CottonmouthZ4c4m::z4c_apply_dissipation
INFO (CarpetX): CallFunction iteration 86 z4c_enforce_pt1_group: CottonmouthZ4c4m::z4c_enforce_pt1
INFO (CarpetX): CallFunction iteration 86 z4c_enforce_pt2_group: CottonmouthZ4c4m::z4c_enforce_pt2
INFO (CarpetX): CallFunction iteration 86 z4c_to_adm_group: CottonmouthZ4c4m::sync_z4c
INFO (CarpetX): SyncGroups COTTONMOUTHZ4C4M::AT, COTTONMOUTHZ4C4M::GT, COTTONMOUTHZ4C4M::CHI, COTTONMOUTHZ4C4M::EVO_LAPSE, COTTONMOUTHZ4C4M::EVO_SHIFT, COTTONMOUTHZ4C4M::TRK
INFO (CarpetX): CallFunction iteration 86 z4c_to_adm_group: CottonmouthZ4c4m::z4c_to_adm
INFO (CarpetX): CallFunction iteration 86 ODESolvers_PostStep: CottonmouthZ4c4m::sync_state
INFO (CarpetX): SyncGroups COTTONMOUTHZ4C4M::AT, COTTONMOUTHZ4C4M::THETA, COTTONMOUTHZ4C4M::CHI, COTTONMOUTHZ4C4M::EVO_GAMMAT, COTTONMOUTHZ4C4M::EVO_LAPSE, COTTONMOUTHZ4C4M::EVO_SHIFT, COTTONMOUTHZ4C4M::GT, COTTONMOUTHZ4C4M::TRK
INFO (CarpetX): CallFunction iteration 86 TmunuBaseX_SetTmunuVars: TmunuBaseX::TmunuBaseX_ZeroTmunu
INFO (ODESolvers): Calculated new state #2 at t=0.855
INFO (ODESolvers): Calculating RHS #3 at t=0.855
INFO (CarpetX): CallFunction iteration 86 z4c_rhs_group: CottonmouthZ4c4m::z4c_rhs
INFO (CarpetX): CallFunction iteration 86 z4c_apply_dissipation_group: CottonmouthZ4c4m::z4c_apply_dissipation
INFO (CarpetX): CallFunction iteration 86 z4c_enforce_pt1_group: CottonmouthZ4c4m::z4c_enforce_pt1
INFO (CarpetX): CallFunction iteration 86 z4c_enforce_pt2_group: CottonmouthZ4c4m::z4c_enforce_pt2
INFO (CarpetX): CallFunction iteration 86 z4c_to_adm_group: CottonmouthZ4c4m::sync_z4c
INFO (CarpetX): SyncGroups COTTONMOUTHZ4C4M::AT, COTTONMOUTHZ4C4M::GT, COTTONMOUTHZ4C4M::CHI, COTTONMOUTHZ4C4M::EVO_LAPSE, COTTONMOUTHZ4C4M::EVO_SHIFT, COTTONMOUTHZ4C4M::TRK
INFO (CarpetX): CallFunction iteration 86 z4c_to_adm_group: CottonmouthZ4c4m::z4c_to_adm
INFO (CarpetX): CallFunction iteration 86 ODESolvers_PostStep: CottonmouthZ4c4m::sync_state
INFO (CarpetX): SyncGroups COTTONMOUTHZ4C4M::AT, COTTONMOUTHZ4C4M::THETA, COTTONMOUTHZ4C4M::CHI, COTTONMOUTHZ4C4M::EVO_GAMMAT, COTTONMOUTHZ4C4M::EVO_LAPSE, COTTONMOUTHZ4C4M::EVO_SHIFT, COTTONMOUTHZ4C4M::GT, COTTONMOUTHZ4C4M::TRK
INFO (CarpetX): CallFunction iteration 86 TmunuBaseX_SetTmunuVars: TmunuBaseX::TmunuBaseX_ZeroTmunu
INFO (ODESolvers): Calculated new state #3 at t=0.86
INFO (ODESolvers): Calculating RHS #4 at t=0.86
INFO (CarpetX): CallFunction iteration 86 z4c_rhs_group: CottonmouthZ4c4m::z4c_rhs
INFO (CarpetX): CallFunction iteration 86 z4c_apply_dissipation_group: CottonmouthZ4c4m::z4c_apply_dissipation
INFO (CarpetX): CallFunction iteration 86 z4c_enforce_pt1_group: CottonmouthZ4c4m::z4c_enforce_pt1
INFO (CarpetX): CallFunction iteration 86 z4c_enforce_pt2_group: CottonmouthZ4c4m::z4c_enforce_pt2
INFO (CarpetX): CallFunction iteration 86 z4c_to_adm_group: CottonmouthZ4c4m::sync_z4c
INFO (CarpetX): SyncGroups COTTONMOUTHZ4C4M::AT, COTTONMOUTHZ4C4M::GT, COTTONMOUTHZ4C4M::CHI, COTTONMOUTHZ4C4M::EVO_LAPSE, COTTONMOUTHZ4C4M::EVO_SHIFT, COTTONMOUTHZ4C4M::TRK
INFO (CarpetX): CallFunction iteration 86 z4c_to_adm_group: CottonmouthZ4c4m::z4c_to_adm
INFO (CarpetX): CallFunction iteration 86 ODESolvers_PostStep: CottonmouthZ4c4m::sync_state
INFO (CarpetX): SyncGroups COTTONMOUTHZ4C4M::AT, COTTONMOUTHZ4C4M::THETA, COTTONMOUTHZ4C4M::CHI, COTTONMOUTHZ4C4M::EVO_GAMMAT, COTTONMOUTHZ4C4M::EVO_LAPSE, COTTONMOUTHZ4C4M::EVO_SHIFT, COTTONMOUTHZ4C4M::GT, COTTONMOUTHZ4C4M::TRK
INFO (CarpetX): CallFunction iteration 86 TmunuBaseX_SetTmunuVars: TmunuBaseX::TmunuBaseX_ZeroTmunu
INFO (ODESolvers): Calculated new state #4 at t=0.86
INFO (CarpetX): ScheduleTraverseGH iteration 86 CCTK_POSTSTEP
INFO (CarpetX): CallFunction iteration 86 CCTK_POSTSTEP: CottonmouthLinearWaveID::StateSync_CottonmouthLinearWaveID
INFO (CarpetX): ScheduleTraverseGH iteration 86 CCTK_CHECKPOINT
INFO (CarpetX): CallFunction iteration 86 CCTK_CHECKPOINT: CarpetX::CarpetX_Checkpoint
INFO (CarpetX): ScheduleTraverseGH iteration 86 CCTK_ANALYSIS
INFO (CarpetX): CallFunction iteration 86 z4c_constraints_group: CottonmouthZ4c4m::z4c_constraints
INFO (CarpetX): OutputGH: iteration 86, time 0.860000, run time 7 s
INFO (CarpetX): OutputGH done.
INFO (CarpetX): Simulation time: 0.86   Iterations per second: 13.3394   Simulation time per second: 0.133394
INFO (CarpetX): Grid cells: 3200   Grid cell updates per second: 42686.1
INFO (CarpetX): Performance:
INFO (CarpetX):   total evolution time:            6.4517 sec
INFO (CarpetX):   total evolution compute time:    6.45119 sec
INFO (CarpetX):   total evolution output time:     0.000505447 sec
INFO (CarpetX):   total iterations:                86
INFO (CarpetX):   total cells updated:             275200
INFO (CarpetX):   average iterations per second: 13.3298
INFO (CarpetX):   average cell updates per second: 42655.4
INFO (CarpetX): SyncGroups COTTONMOUTHZ4C4M::AT, COTTONMOUTHZ4C4M::THETA, COTTONMOUTHZ4C4M::CHI, COTTONMOUTHZ4C4M::EVO_GAMMAT, COTTONMOUTHZ4C4M::EVO_LAPSE, COTTONMOUTHZ4C4M::EVO_SHIFT, COTTONMOUTHZ4C4M::GT, COTTONMOUTHZ4C4M::TRK
INFO (CarpetX): ScheduleTraverseGH iteration 87 CCTK_PRESTEP
INFO (CarpetX): ScheduleTraverseGH iteration 87 CCTK_EVOL
INFO (CarpetX): CallFunction iteration 87 CCTK_EVOL: ODESolvers::ODESolvers_Solve
INFO (ODESolvers): ODE integrator is RK4
INFO (ODESolvers):   Integrating 22 variables
INFO (ODESolvers): Calculating RHS #1 at t=0.86
INFO (CarpetX): CallFunction iteration 87 z4c_rhs_group: CottonmouthZ4c4m::z4c_rhs
INFO (CarpetX): CallFunction iteration 87 z4c_apply_dissipation_group: CottonmouthZ4c4m::z4c_apply_dissipation
INFO (CarpetX): CallFunction iteration 87 z4c_enforce_pt1_group: CottonmouthZ4c4m::z4c_enforce_pt1
INFO (CarpetX): CallFunction iteration 87 z4c_enforce_pt2_group: CottonmouthZ4c4m::z4c_enforce_pt2
INFO (CarpetX): CallFunction iteration 87 z4c_to_adm_group: CottonmouthZ4c4m::sync_z4c
INFO (CarpetX): SyncGroups COTTONMOUTHZ4C4M::AT, COTTONMOUTHZ4C4M::GT, COTTONMOUTHZ4C4M::CHI, COTTONMOUTHZ4C4M::EVO_LAPSE, COTTONMOUTHZ4C4M::EVO_SHIFT, COTTONMOUTHZ4C4M::TRK
INFO (CarpetX): CallFunction iteration 87 z4c_to_adm_group: CottonmouthZ4c4m::z4c_to_adm
INFO (CarpetX): CallFunction iteration 87 ODESolvers_PostStep: CottonmouthZ4c4m::sync_state
INFO (CarpetX): SyncGroups COTTONMOUTHZ4C4M::AT, COTTONMOUTHZ4C4M::THETA, COTTONMOUTHZ4C4M::CHI, COTTONMOUTHZ4C4M::EVO_GAMMAT, COTTONMOUTHZ4C4M::EVO_LAPSE, COTTONMOUTHZ4C4M::EVO_SHIFT, COTTONMOUTHZ4C4M::GT, COTTONMOUTHZ4C4M::TRK
INFO (CarpetX): CallFunction iteration 87 TmunuBaseX_SetTmunuVars: TmunuBaseX::TmunuBaseX_ZeroTmunu
INFO (ODESolvers): Calculated new state #1 at t=0.865
INFO (ODESolvers): Calculating RHS #2 at t=0.865
INFO (CarpetX): CallFunction iteration 87 z4c_rhs_group: CottonmouthZ4c4m::z4c_rhs
INFO (CarpetX): CallFunction iteration 87 z4c_apply_dissipation_group: CottonmouthZ4c4m::z4c_apply_dissipation
INFO (CarpetX): CallFunction iteration 87 z4c_enforce_pt1_group: CottonmouthZ4c4m::z4c_enforce_pt1
INFO (CarpetX): CallFunction iteration 87 z4c_enforce_pt2_group: CottonmouthZ4c4m::z4c_enforce_pt2
INFO (CarpetX): CallFunction iteration 87 z4c_to_adm_group: CottonmouthZ4c4m::sync_z4c
INFO (CarpetX): SyncGroups COTTONMOUTHZ4C4M::AT, COTTONMOUTHZ4C4M::GT, COTTONMOUTHZ4C4M::CHI, COTTONMOUTHZ4C4M::EVO_LAPSE, COTTONMOUTHZ4C4M::EVO_SHIFT, COTTONMOUTHZ4C4M::TRK
INFO (CarpetX): CallFunction iteration 87 z4c_to_adm_group: CottonmouthZ4c4m::z4c_to_adm
INFO (CarpetX): CallFunction iteration 87 ODESolvers_PostStep: CottonmouthZ4c4m::sync_state
INFO (CarpetX): SyncGroups COTTONMOUTHZ4C4M::AT, COTTONMOUTHZ4C4M::THETA, COTTONMOUTHZ4C4M::CHI, COTTONMOUTHZ4C4M::EVO_GAMMAT, COTTONMOUTHZ4C4M::EVO_LAPSE, COTTONMOUTHZ4C4M::EVO_SHIFT, COTTONMOUTHZ4C4M::GT, COTTONMOUTHZ4C4M::TRK
INFO (CarpetX): CallFunction iteration 87 TmunuBaseX_SetTmunuVars: TmunuBaseX::TmunuBaseX_ZeroTmunu
INFO (ODESolvers): Calculated new state #2 at t=0.865
INFO (ODESolvers): Calculating RHS #3 at t=0.865
INFO (CarpetX): CallFunction iteration 87 z4c_rhs_group: CottonmouthZ4c4m::z4c_rhs
INFO (CarpetX): CallFunction iteration 87 z4c_apply_dissipation_group: CottonmouthZ4c4m::z4c_apply_dissipation
INFO (CarpetX): CallFunction iteration 87 z4c_enforce_pt1_group: CottonmouthZ4c4m::z4c_enforce_pt1
INFO (CarpetX): CallFunction iteration 87 z4c_enforce_pt2_group: CottonmouthZ4c4m::z4c_enforce_pt2
INFO (CarpetX): CallFunction iteration 87 z4c_to_adm_group: CottonmouthZ4c4m::sync_z4c
INFO (CarpetX): SyncGroups COTTONMOUTHZ4C4M::AT, COTTONMOUTHZ4C4M::GT, COTTONMOUTHZ4C4M::CHI, COTTONMOUTHZ4C4M::EVO_LAPSE, COTTONMOUTHZ4C4M::EVO_SHIFT, COTTONMOUTHZ4C4M::TRK
INFO (CarpetX): CallFunction iteration 87 z4c_to_adm_group: CottonmouthZ4c4m::z4c_to_adm
INFO (CarpetX): CallFunction iteration 87 ODESolvers_PostStep: CottonmouthZ4c4m::sync_state
INFO (CarpetX): SyncGroups COTTONMOUTHZ4C4M::AT, COTTONMOUTHZ4C4M::THETA, COTTONMOUTHZ4C4M::CHI, COTTONMOUTHZ4C4M::EVO_GAMMAT, COTTONMOUTHZ4C4M::EVO_LAPSE, COTTONMOUTHZ4C4M::EVO_SHIFT, COTTONMOUTHZ4C4M::GT, COTTONMOUTHZ4C4M::TRK
INFO (CarpetX): CallFunction iteration 87 TmunuBaseX_SetTmunuVars: TmunuBaseX::TmunuBaseX_ZeroTmunu
INFO (ODESolvers): Calculated new state #3 at t=0.87
INFO (ODESolvers): Calculating RHS #4 at t=0.87
INFO (CarpetX): CallFunction iteration 87 z4c_rhs_group: CottonmouthZ4c4m::z4c_rhs
INFO (CarpetX): CallFunction iteration 87 z4c_apply_dissipation_group: CottonmouthZ4c4m::z4c_apply_dissipation
INFO (CarpetX): CallFunction iteration 87 z4c_enforce_pt1_group: CottonmouthZ4c4m::z4c_enforce_pt1
INFO (CarpetX): CallFunction iteration 87 z4c_enforce_pt2_group: CottonmouthZ4c4m::z4c_enforce_pt2
INFO (CarpetX): CallFunction iteration 87 z4c_to_adm_group: CottonmouthZ4c4m::sync_z4c
INFO (CarpetX): SyncGroups COTTONMOUTHZ4C4M::AT, COTTONMOUTHZ4C4M::GT, COTTONMOUTHZ4C4M::CHI, COTTONMOUTHZ4C4M::EVO_LAPSE, COTTONMOUTHZ4C4M::EVO_SHIFT, COTTONMOUTHZ4C4M::TRK
INFO (CarpetX): CallFunction iteration 87 z4c_to_adm_group: CottonmouthZ4c4m::z4c_to_adm
INFO (CarpetX): CallFunction iteration 87 ODESolvers_PostStep: CottonmouthZ4c4m::sync_state
INFO (CarpetX): SyncGroups COTTONMOUTHZ4C4M::AT, COTTONMOUTHZ4C4M::THETA, COTTONMOUTHZ4C4M::CHI, COTTONMOUTHZ4C4M::EVO_GAMMAT, COTTONMOUTHZ4C4M::EVO_LAPSE, COTTONMOUTHZ4C4M::EVO_SHIFT, COTTONMOUTHZ4C4M::GT, COTTONMOUTHZ4C4M::TRK
INFO (CarpetX): CallFunction iteration 87 TmunuBaseX_SetTmunuVars: TmunuBaseX::TmunuBaseX_ZeroTmunu
INFO (ODESolvers): Calculated new state #4 at t=0.87
INFO (CarpetX): ScheduleTraverseGH iteration 87 CCTK_POSTSTEP
INFO (CarpetX): CallFunction iteration 87 CCTK_POSTSTEP: CottonmouthLinearWaveID::StateSync_CottonmouthLinearWaveID
INFO (CarpetX): ScheduleTraverseGH iteration 87 CCTK_CHECKPOINT
INFO (CarpetX): CallFunction iteration 87 CCTK_CHECKPOINT: CarpetX::CarpetX_Checkpoint
INFO (CarpetX): ScheduleTraverseGH iteration 87 CCTK_ANALYSIS
INFO (CarpetX): CallFunction iteration 87 z4c_constraints_group: CottonmouthZ4c4m::z4c_constraints
INFO (CarpetX): OutputGH: iteration 87, time 0.870000, run time 7 s
INFO (CarpetX): OutputGH done.
INFO (CarpetX): Simulation time: 0.87   Iterations per second: 13.3398   Simulation time per second: 0.133398
INFO (CarpetX): Grid cells: 3200   Grid cell updates per second: 42687.3
INFO (CarpetX): Performance:
INFO (CarpetX):   total evolution time:            6.52664 sec
INFO (CarpetX):   total evolution compute time:    6.52613 sec
INFO (CarpetX):   total evolution output time:     0.000510454 sec
INFO (CarpetX):   total iterations:                87
INFO (CarpetX):   total cells updated:             278400
INFO (CarpetX):   average iterations per second: 13.33
INFO (CarpetX):   average cell updates per second: 42655.9
INFO (CarpetX): SyncGroups COTTONMOUTHZ4C4M::AT, COTTONMOUTHZ4C4M::THETA, COTTONMOUTHZ4C4M::CHI, COTTONMOUTHZ4C4M::EVO_GAMMAT, COTTONMOUTHZ4C4M::EVO_LAPSE, COTTONMOUTHZ4C4M::EVO_SHIFT, COTTONMOUTHZ4C4M::GT, COTTONMOUTHZ4C4M::TRK
INFO (CarpetX): ScheduleTraverseGH iteration 88 CCTK_PRESTEP
INFO (CarpetX): ScheduleTraverseGH iteration 88 CCTK_EVOL
INFO (CarpetX): CallFunction iteration 88 CCTK_EVOL: ODESolvers::ODESolvers_Solve
INFO (ODESolvers): ODE integrator is RK4
INFO (ODESolvers):   Integrating 22 variables
INFO (ODESolvers): Calculating RHS #1 at t=0.87
INFO (CarpetX): CallFunction iteration 88 z4c_rhs_group: CottonmouthZ4c4m::z4c_rhs
INFO (CarpetX): CallFunction iteration 88 z4c_apply_dissipation_group: CottonmouthZ4c4m::z4c_apply_dissipation
INFO (CarpetX): CallFunction iteration 88 z4c_enforce_pt1_group: CottonmouthZ4c4m::z4c_enforce_pt1
INFO (CarpetX): CallFunction iteration 88 z4c_enforce_pt2_group: CottonmouthZ4c4m::z4c_enforce_pt2
INFO (CarpetX): CallFunction iteration 88 z4c_to_adm_group: CottonmouthZ4c4m::sync_z4c
INFO (CarpetX): SyncGroups COTTONMOUTHZ4C4M::AT, COTTONMOUTHZ4C4M::GT, COTTONMOUTHZ4C4M::CHI, COTTONMOUTHZ4C4M::EVO_LAPSE, COTTONMOUTHZ4C4M::EVO_SHIFT, COTTONMOUTHZ4C4M::TRK
INFO (CarpetX): CallFunction iteration 88 z4c_to_adm_group: CottonmouthZ4c4m::z4c_to_adm
INFO (CarpetX): CallFunction iteration 88 ODESolvers_PostStep: CottonmouthZ4c4m::sync_state
INFO (CarpetX): SyncGroups COTTONMOUTHZ4C4M::AT, COTTONMOUTHZ4C4M::THETA, COTTONMOUTHZ4C4M::CHI, COTTONMOUTHZ4C4M::EVO_GAMMAT, COTTONMOUTHZ4C4M::EVO_LAPSE, COTTONMOUTHZ4C4M::EVO_SHIFT, COTTONMOUTHZ4C4M::GT, COTTONMOUTHZ4C4M::TRK
INFO (CarpetX): CallFunction iteration 88 TmunuBaseX_SetTmunuVars: TmunuBaseX::TmunuBaseX_ZeroTmunu
INFO (ODESolvers): Calculated new state #1 at t=0.875
INFO (ODESolvers): Calculating RHS #2 at t=0.875
INFO (CarpetX): CallFunction iteration 88 z4c_rhs_group: CottonmouthZ4c4m::z4c_rhs
INFO (CarpetX): CallFunction iteration 88 z4c_apply_dissipation_group: CottonmouthZ4c4m::z4c_apply_dissipation
INFO (CarpetX): CallFunction iteration 88 z4c_enforce_pt1_group: CottonmouthZ4c4m::z4c_enforce_pt1
INFO (CarpetX): CallFunction iteration 88 z4c_enforce_pt2_group: CottonmouthZ4c4m::z4c_enforce_pt2
INFO (CarpetX): CallFunction iteration 88 z4c_to_adm_group: CottonmouthZ4c4m::sync_z4c
INFO (CarpetX): SyncGroups COTTONMOUTHZ4C4M::AT, COTTONMOUTHZ4C4M::GT, COTTONMOUTHZ4C4M::CHI, COTTONMOUTHZ4C4M::EVO_LAPSE, COTTONMOUTHZ4C4M::EVO_SHIFT, COTTONMOUTHZ4C4M::TRK
INFO (CarpetX): CallFunction iteration 88 z4c_to_adm_group: CottonmouthZ4c4m::z4c_to_adm
INFO (CarpetX): CallFunction iteration 88 ODESolvers_PostStep: CottonmouthZ4c4m::sync_state
INFO (CarpetX): SyncGroups COTTONMOUTHZ4C4M::AT, COTTONMOUTHZ4C4M::THETA, COTTONMOUTHZ4C4M::CHI, COTTONMOUTHZ4C4M::EVO_GAMMAT, COTTONMOUTHZ4C4M::EVO_LAPSE, COTTONMOUTHZ4C4M::EVO_SHIFT, COTTONMOUTHZ4C4M::GT, COTTONMOUTHZ4C4M::TRK
INFO (CarpetX): CallFunction iteration 88 TmunuBaseX_SetTmunuVars: TmunuBaseX::TmunuBaseX_ZeroTmunu
INFO (ODESolvers): Calculated new state #2 at t=0.875
INFO (ODESolvers): Calculating RHS #3 at t=0.875
INFO (CarpetX): CallFunction iteration 88 z4c_rhs_group: CottonmouthZ4c4m::z4c_rhs
INFO (CarpetX): CallFunction iteration 88 z4c_apply_dissipation_group: CottonmouthZ4c4m::z4c_apply_dissipation
INFO (CarpetX): CallFunction iteration 88 z4c_enforce_pt1_group: CottonmouthZ4c4m::z4c_enforce_pt1
INFO (CarpetX): CallFunction iteration 88 z4c_enforce_pt2_group: CottonmouthZ4c4m::z4c_enforce_pt2
INFO (CarpetX): CallFunction iteration 88 z4c_to_adm_group: CottonmouthZ4c4m::sync_z4c
INFO (CarpetX): SyncGroups COTTONMOUTHZ4C4M::AT, COTTONMOUTHZ4C4M::GT, COTTONMOUTHZ4C4M::CHI, COTTONMOUTHZ4C4M::EVO_LAPSE, COTTONMOUTHZ4C4M::EVO_SHIFT, COTTONMOUTHZ4C4M::TRK
INFO (CarpetX): CallFunction iteration 88 z4c_to_adm_group: CottonmouthZ4c4m::z4c_to_adm
INFO (CarpetX): CallFunction iteration 88 ODESolvers_PostStep: CottonmouthZ4c4m::sync_state
INFO (CarpetX): SyncGroups COTTONMOUTHZ4C4M::AT, COTTONMOUTHZ4C4M::THETA, COTTONMOUTHZ4C4M::CHI, COTTONMOUTHZ4C4M::EVO_GAMMAT, COTTONMOUTHZ4C4M::EVO_LAPSE, COTTONMOUTHZ4C4M::EVO_SHIFT, COTTONMOUTHZ4C4M::GT, COTTONMOUTHZ4C4M::TRK
INFO (CarpetX): CallFunction iteration 88 TmunuBaseX_SetTmunuVars: TmunuBaseX::TmunuBaseX_ZeroTmunu
INFO (ODESolvers): Calculated new state #3 at t=0.88
INFO (ODESolvers): Calculating RHS #4 at t=0.88
INFO (CarpetX): CallFunction iteration 88 z4c_rhs_group: CottonmouthZ4c4m::z4c_rhs
INFO (CarpetX): CallFunction iteration 88 z4c_apply_dissipation_group: CottonmouthZ4c4m::z4c_apply_dissipation
INFO (CarpetX): CallFunction iteration 88 z4c_enforce_pt1_group: CottonmouthZ4c4m::z4c_enforce_pt1
INFO (CarpetX): CallFunction iteration 88 z4c_enforce_pt2_group: CottonmouthZ4c4m::z4c_enforce_pt2
INFO (CarpetX): CallFunction iteration 88 z4c_to_adm_group: CottonmouthZ4c4m::sync_z4c
INFO (CarpetX): SyncGroups COTTONMOUTHZ4C4M::AT, COTTONMOUTHZ4C4M::GT, COTTONMOUTHZ4C4M::CHI, COTTONMOUTHZ4C4M::EVO_LAPSE, COTTONMOUTHZ4C4M::EVO_SHIFT, COTTONMOUTHZ4C4M::TRK
INFO (CarpetX): CallFunction iteration 88 z4c_to_adm_group: CottonmouthZ4c4m::z4c_to_adm
INFO (CarpetX): CallFunction iteration 88 ODESolvers_PostStep: CottonmouthZ4c4m::sync_state
INFO (CarpetX): SyncGroups COTTONMOUTHZ4C4M::AT, COTTONMOUTHZ4C4M::THETA, COTTONMOUTHZ4C4M::CHI, COTTONMOUTHZ4C4M::EVO_GAMMAT, COTTONMOUTHZ4C4M::EVO_LAPSE, COTTONMOUTHZ4C4M::EVO_SHIFT, COTTONMOUTHZ4C4M::GT, COTTONMOUTHZ4C4M::TRK
INFO (CarpetX): CallFunction iteration 88 TmunuBaseX_SetTmunuVars: TmunuBaseX::TmunuBaseX_ZeroTmunu
INFO (ODESolvers): Calculated new state #4 at t=0.88
INFO (CarpetX): ScheduleTraverseGH iteration 88 CCTK_POSTSTEP
INFO (CarpetX): CallFunction iteration 88 CCTK_POSTSTEP: CottonmouthLinearWaveID::StateSync_CottonmouthLinearWaveID
INFO (CarpetX): ScheduleTraverseGH iteration 88 CCTK_CHECKPOINT
INFO (CarpetX): CallFunction iteration 88 CCTK_CHECKPOINT: CarpetX::CarpetX_Checkpoint
INFO (CarpetX): ScheduleTraverseGH iteration 88 CCTK_ANALYSIS
INFO (CarpetX): CallFunction iteration 88 z4c_constraints_group: CottonmouthZ4c4m::z4c_constraints
INFO (CarpetX): OutputGH: iteration 88, time 0.880000, run time 8 s
INFO (CarpetX): OutputGH done.
INFO (CarpetX): Simulation time: 0.88   Iterations per second: 13.3395   Simulation time per second: 0.133395
INFO (CarpetX): Grid cells: 3200   Grid cell updates per second: 42686.4
INFO (CarpetX): Performance:
INFO (CarpetX):   total evolution time:            6.60162 sec
INFO (CarpetX):   total evolution compute time:    6.60111 sec
INFO (CarpetX):   total evolution output time:     0.000515461 sec
INFO (CarpetX):   total iterations:                88
INFO (CarpetX):   total cells updated:             281600
INFO (CarpetX):   average iterations per second: 13.3301
INFO (CarpetX):   average cell updates per second: 42656.2
INFO (CarpetX): SyncGroups COTTONMOUTHZ4C4M::AT, COTTONMOUTHZ4C4M::THETA, COTTONMOUTHZ4C4M::CHI, COTTONMOUTHZ4C4M::EVO_GAMMAT, COTTONMOUTHZ4C4M::EVO_LAPSE, COTTONMOUTHZ4C4M::EVO_SHIFT, COTTONMOUTHZ4C4M::GT, COTTONMOUTHZ4C4M::TRK
INFO (CarpetX): ScheduleTraverseGH iteration 89 CCTK_PRESTEP
INFO (CarpetX): ScheduleTraverseGH iteration 89 CCTK_EVOL
INFO (CarpetX): CallFunction iteration 89 CCTK_EVOL: ODESolvers::ODESolvers_Solve
INFO (ODESolvers): ODE integrator is RK4
INFO (ODESolvers):   Integrating 22 variables
INFO (ODESolvers): Calculating RHS #1 at t=0.88
INFO (CarpetX): CallFunction iteration 89 z4c_rhs_group: CottonmouthZ4c4m::z4c_rhs
INFO (CarpetX): CallFunction iteration 89 z4c_apply_dissipation_group: CottonmouthZ4c4m::z4c_apply_dissipation
INFO (CarpetX): CallFunction iteration 89 z4c_enforce_pt1_group: CottonmouthZ4c4m::z4c_enforce_pt1
INFO (CarpetX): CallFunction iteration 89 z4c_enforce_pt2_group: CottonmouthZ4c4m::z4c_enforce_pt2
INFO (CarpetX): CallFunction iteration 89 z4c_to_adm_group: CottonmouthZ4c4m::sync_z4c
INFO (CarpetX): SyncGroups COTTONMOUTHZ4C4M::AT, COTTONMOUTHZ4C4M::GT, COTTONMOUTHZ4C4M::CHI, COTTONMOUTHZ4C4M::EVO_LAPSE, COTTONMOUTHZ4C4M::EVO_SHIFT, COTTONMOUTHZ4C4M::TRK
INFO (CarpetX): CallFunction iteration 89 z4c_to_adm_group: CottonmouthZ4c4m::z4c_to_adm
INFO (CarpetX): CallFunction iteration 89 ODESolvers_PostStep: CottonmouthZ4c4m::sync_state
INFO (CarpetX): SyncGroups COTTONMOUTHZ4C4M::AT, COTTONMOUTHZ4C4M::THETA, COTTONMOUTHZ4C4M::CHI, COTTONMOUTHZ4C4M::EVO_GAMMAT, COTTONMOUTHZ4C4M::EVO_LAPSE, COTTONMOUTHZ4C4M::EVO_SHIFT, COTTONMOUTHZ4C4M::GT, COTTONMOUTHZ4C4M::TRK
INFO (CarpetX): CallFunction iteration 89 TmunuBaseX_SetTmunuVars: TmunuBaseX::TmunuBaseX_ZeroTmunu
INFO (ODESolvers): Calculated new state #1 at t=0.885
INFO (ODESolvers): Calculating RHS #2 at t=0.885
INFO (CarpetX): CallFunction iteration 89 z4c_rhs_group: CottonmouthZ4c4m::z4c_rhs
INFO (CarpetX): CallFunction iteration 89 z4c_apply_dissipation_group: CottonmouthZ4c4m::z4c_apply_dissipation
INFO (CarpetX): CallFunction iteration 89 z4c_enforce_pt1_group: CottonmouthZ4c4m::z4c_enforce_pt1
INFO (CarpetX): CallFunction iteration 89 z4c_enforce_pt2_group: CottonmouthZ4c4m::z4c_enforce_pt2
INFO (CarpetX): CallFunction iteration 89 z4c_to_adm_group: CottonmouthZ4c4m::sync_z4c
INFO (CarpetX): SyncGroups COTTONMOUTHZ4C4M::AT, COTTONMOUTHZ4C4M::GT, COTTONMOUTHZ4C4M::CHI, COTTONMOUTHZ4C4M::EVO_LAPSE, COTTONMOUTHZ4C4M::EVO_SHIFT, COTTONMOUTHZ4C4M::TRK
INFO (CarpetX): CallFunction iteration 89 z4c_to_adm_group: CottonmouthZ4c4m::z4c_to_adm
INFO (CarpetX): CallFunction iteration 89 ODESolvers_PostStep: CottonmouthZ4c4m::sync_state
INFO (CarpetX): SyncGroups COTTONMOUTHZ4C4M::AT, COTTONMOUTHZ4C4M::THETA, COTTONMOUTHZ4C4M::CHI, COTTONMOUTHZ4C4M::EVO_GAMMAT, COTTONMOUTHZ4C4M::EVO_LAPSE, COTTONMOUTHZ4C4M::EVO_SHIFT, COTTONMOUTHZ4C4M::GT, COTTONMOUTHZ4C4M::TRK
INFO (CarpetX): CallFunction iteration 89 TmunuBaseX_SetTmunuVars: TmunuBaseX::TmunuBaseX_ZeroTmunu
INFO (ODESolvers): Calculated new state #2 at t=0.885
INFO (ODESolvers): Calculating RHS #3 at t=0.885
INFO (CarpetX): CallFunction iteration 89 z4c_rhs_group: CottonmouthZ4c4m::z4c_rhs
INFO (CarpetX): CallFunction iteration 89 z4c_apply_dissipation_group: CottonmouthZ4c4m::z4c_apply_dissipation
INFO (CarpetX): CallFunction iteration 89 z4c_enforce_pt1_group: CottonmouthZ4c4m::z4c_enforce_pt1
INFO (CarpetX): CallFunction iteration 89 z4c_enforce_pt2_group: CottonmouthZ4c4m::z4c_enforce_pt2
INFO (CarpetX): CallFunction iteration 89 z4c_to_adm_group: CottonmouthZ4c4m::sync_z4c
INFO (CarpetX): SyncGroups COTTONMOUTHZ4C4M::AT, COTTONMOUTHZ4C4M::GT, COTTONMOUTHZ4C4M::CHI, COTTONMOUTHZ4C4M::EVO_LAPSE, COTTONMOUTHZ4C4M::EVO_SHIFT, COTTONMOUTHZ4C4M::TRK
INFO (CarpetX): CallFunction iteration 89 z4c_to_adm_group: CottonmouthZ4c4m::z4c_to_adm
INFO (CarpetX): CallFunction iteration 89 ODESolvers_PostStep: CottonmouthZ4c4m::sync_state
INFO (CarpetX): SyncGroups COTTONMOUTHZ4C4M::AT, COTTONMOUTHZ4C4M::THETA, COTTONMOUTHZ4C4M::CHI, COTTONMOUTHZ4C4M::EVO_GAMMAT, COTTONMOUTHZ4C4M::EVO_LAPSE, COTTONMOUTHZ4C4M::EVO_SHIFT, COTTONMOUTHZ4C4M::GT, COTTONMOUTHZ4C4M::TRK
INFO (CarpetX): CallFunction iteration 89 TmunuBaseX_SetTmunuVars: TmunuBaseX::TmunuBaseX_ZeroTmunu
INFO (ODESolvers): Calculated new state #3 at t=0.89
INFO (ODESolvers): Calculating RHS #4 at t=0.89
INFO (CarpetX): CallFunction iteration 89 z4c_rhs_group: CottonmouthZ4c4m::z4c_rhs
INFO (CarpetX): CallFunction iteration 89 z4c_apply_dissipation_group: CottonmouthZ4c4m::z4c_apply_dissipation
INFO (CarpetX): CallFunction iteration 89 z4c_enforce_pt1_group: CottonmouthZ4c4m::z4c_enforce_pt1
INFO (CarpetX): CallFunction iteration 89 z4c_enforce_pt2_group: CottonmouthZ4c4m::z4c_enforce_pt2
INFO (CarpetX): CallFunction iteration 89 z4c_to_adm_group: CottonmouthZ4c4m::sync_z4c
INFO (CarpetX): SyncGroups COTTONMOUTHZ4C4M::AT, COTTONMOUTHZ4C4M::GT, COTTONMOUTHZ4C4M::CHI, COTTONMOUTHZ4C4M::EVO_LAPSE, COTTONMOUTHZ4C4M::EVO_SHIFT, COTTONMOUTHZ4C4M::TRK
INFO (CarpetX): CallFunction iteration 89 z4c_to_adm_group: CottonmouthZ4c4m::z4c_to_adm
INFO (CarpetX): CallFunction iteration 89 ODESolvers_PostStep: CottonmouthZ4c4m::sync_state
INFO (CarpetX): SyncGroups COTTONMOUTHZ4C4M::AT, COTTONMOUTHZ4C4M::THETA, COTTONMOUTHZ4C4M::CHI, COTTONMOUTHZ4C4M::EVO_GAMMAT, COTTONMOUTHZ4C4M::EVO_LAPSE, COTTONMOUTHZ4C4M::EVO_SHIFT, COTTONMOUTHZ4C4M::GT, COTTONMOUTHZ4C4M::TRK
INFO (CarpetX): CallFunction iteration 89 TmunuBaseX_SetTmunuVars: TmunuBaseX::TmunuBaseX_ZeroTmunu
INFO (ODESolvers): Calculated new state #4 at t=0.89
INFO (CarpetX): ScheduleTraverseGH iteration 89 CCTK_POSTSTEP
INFO (CarpetX): CallFunction iteration 89 CCTK_POSTSTEP: CottonmouthLinearWaveID::StateSync_CottonmouthLinearWaveID
INFO (CarpetX): ScheduleTraverseGH iteration 89 CCTK_CHECKPOINT
INFO (CarpetX): CallFunction iteration 89 CCTK_CHECKPOINT: CarpetX::CarpetX_Checkpoint
INFO (CarpetX): ScheduleTraverseGH iteration 89 CCTK_ANALYSIS
INFO (CarpetX): CallFunction iteration 89 z4c_constraints_group: CottonmouthZ4c4m::z4c_constraints
INFO (CarpetX): OutputGH: iteration 89, time 0.890000, run time 8 s
INFO (CarpetX): OutputGH done.
INFO (CarpetX): Simulation time: 0.89   Iterations per second: 13.3381   Simulation time per second: 0.133381
INFO (CarpetX): Grid cells: 3200   Grid cell updates per second: 42681.9
INFO (CarpetX): Performance:
INFO (CarpetX):   total evolution time:            6.67667 sec
INFO (CarpetX):   total evolution compute time:    6.67615 sec
INFO (CarpetX):   total evolution output time:     0.000521421 sec
INFO (CarpetX):   total iterations:                89
INFO (CarpetX):   total cells updated:             284800
INFO (CarpetX):   average iterations per second: 13.33
INFO (CarpetX):   average cell updates per second: 42656
INFO (CarpetX): SyncGroups COTTONMOUTHZ4C4M::AT, COTTONMOUTHZ4C4M::THETA, COTTONMOUTHZ4C4M::CHI, COTTONMOUTHZ4C4M::EVO_GAMMAT, COTTONMOUTHZ4C4M::EVO_LAPSE, COTTONMOUTHZ4C4M::EVO_SHIFT, COTTONMOUTHZ4C4M::GT, COTTONMOUTHZ4C4M::TRK
INFO (CarpetX): ScheduleTraverseGH iteration 90 CCTK_PRESTEP
INFO (CarpetX): ScheduleTraverseGH iteration 90 CCTK_EVOL
INFO (CarpetX): CallFunction iteration 90 CCTK_EVOL: ODESolvers::ODESolvers_Solve
INFO (ODESolvers): ODE integrator is RK4
INFO (ODESolvers):   Integrating 22 variables
INFO (ODESolvers): Calculating RHS #1 at t=0.89
INFO (CarpetX): CallFunction iteration 90 z4c_rhs_group: CottonmouthZ4c4m::z4c_rhs
INFO (CarpetX): CallFunction iteration 90 z4c_apply_dissipation_group: CottonmouthZ4c4m::z4c_apply_dissipation
INFO (CarpetX): CallFunction iteration 90 z4c_enforce_pt1_group: CottonmouthZ4c4m::z4c_enforce_pt1
INFO (CarpetX): CallFunction iteration 90 z4c_enforce_pt2_group: CottonmouthZ4c4m::z4c_enforce_pt2
INFO (CarpetX): CallFunction iteration 90 z4c_to_adm_group: CottonmouthZ4c4m::sync_z4c
INFO (CarpetX): SyncGroups COTTONMOUTHZ4C4M::AT, COTTONMOUTHZ4C4M::GT, COTTONMOUTHZ4C4M::CHI, COTTONMOUTHZ4C4M::EVO_LAPSE, COTTONMOUTHZ4C4M::EVO_SHIFT, COTTONMOUTHZ4C4M::TRK
INFO (CarpetX): CallFunction iteration 90 z4c_to_adm_group: CottonmouthZ4c4m::z4c_to_adm
INFO (CarpetX): CallFunction iteration 90 ODESolvers_PostStep: CottonmouthZ4c4m::sync_state
INFO (CarpetX): SyncGroups COTTONMOUTHZ4C4M::AT, COTTONMOUTHZ4C4M::THETA, COTTONMOUTHZ4C4M::CHI, COTTONMOUTHZ4C4M::EVO_GAMMAT, COTTONMOUTHZ4C4M::EVO_LAPSE, COTTONMOUTHZ4C4M::EVO_SHIFT, COTTONMOUTHZ4C4M::GT, COTTONMOUTHZ4C4M::TRK
INFO (CarpetX): CallFunction iteration 90 TmunuBaseX_SetTmunuVars: TmunuBaseX::TmunuBaseX_ZeroTmunu
INFO (ODESolvers): Calculated new state #1 at t=0.895
INFO (ODESolvers): Calculating RHS #2 at t=0.895
INFO (CarpetX): CallFunction iteration 90 z4c_rhs_group: CottonmouthZ4c4m::z4c_rhs
INFO (CarpetX): CallFunction iteration 90 z4c_apply_dissipation_group: CottonmouthZ4c4m::z4c_apply_dissipation
INFO (CarpetX): CallFunction iteration 90 z4c_enforce_pt1_group: CottonmouthZ4c4m::z4c_enforce_pt1
INFO (CarpetX): CallFunction iteration 90 z4c_enforce_pt2_group: CottonmouthZ4c4m::z4c_enforce_pt2
INFO (CarpetX): CallFunction iteration 90 z4c_to_adm_group: CottonmouthZ4c4m::sync_z4c
INFO (CarpetX): SyncGroups COTTONMOUTHZ4C4M::AT, COTTONMOUTHZ4C4M::GT, COTTONMOUTHZ4C4M::CHI, COTTONMOUTHZ4C4M::EVO_LAPSE, COTTONMOUTHZ4C4M::EVO_SHIFT, COTTONMOUTHZ4C4M::TRK
INFO (CarpetX): CallFunction iteration 90 z4c_to_adm_group: CottonmouthZ4c4m::z4c_to_adm
INFO (CarpetX): CallFunction iteration 90 ODESolvers_PostStep: CottonmouthZ4c4m::sync_state
INFO (CarpetX): SyncGroups COTTONMOUTHZ4C4M::AT, COTTONMOUTHZ4C4M::THETA, COTTONMOUTHZ4C4M::CHI, COTTONMOUTHZ4C4M::EVO_GAMMAT, COTTONMOUTHZ4C4M::EVO_LAPSE, COTTONMOUTHZ4C4M::EVO_SHIFT, COTTONMOUTHZ4C4M::GT, COTTONMOUTHZ4C4M::TRK
INFO (CarpetX): CallFunction iteration 90 TmunuBaseX_SetTmunuVars: TmunuBaseX::TmunuBaseX_ZeroTmunu
INFO (ODESolvers): Calculated new state #2 at t=0.895
INFO (ODESolvers): Calculating RHS #3 at t=0.895
INFO (CarpetX): CallFunction iteration 90 z4c_rhs_group: CottonmouthZ4c4m::z4c_rhs
INFO (CarpetX): CallFunction iteration 90 z4c_apply_dissipation_group: CottonmouthZ4c4m::z4c_apply_dissipation
INFO (CarpetX): CallFunction iteration 90 z4c_enforce_pt1_group: CottonmouthZ4c4m::z4c_enforce_pt1
INFO (CarpetX): CallFunction iteration 90 z4c_enforce_pt2_group: CottonmouthZ4c4m::z4c_enforce_pt2
INFO (CarpetX): CallFunction iteration 90 z4c_to_adm_group: CottonmouthZ4c4m::sync_z4c
INFO (CarpetX): SyncGroups COTTONMOUTHZ4C4M::AT, COTTONMOUTHZ4C4M::GT, COTTONMOUTHZ4C4M::CHI, COTTONMOUTHZ4C4M::EVO_LAPSE, COTTONMOUTHZ4C4M::EVO_SHIFT, COTTONMOUTHZ4C4M::TRK
INFO (CarpetX): CallFunction iteration 90 z4c_to_adm_group: CottonmouthZ4c4m::z4c_to_adm
INFO (CarpetX): CallFunction iteration 90 ODESolvers_PostStep: CottonmouthZ4c4m::sync_state
INFO (CarpetX): SyncGroups COTTONMOUTHZ4C4M::AT, COTTONMOUTHZ4C4M::THETA, COTTONMOUTHZ4C4M::CHI, COTTONMOUTHZ4C4M::EVO_GAMMAT, COTTONMOUTHZ4C4M::EVO_LAPSE, COTTONMOUTHZ4C4M::EVO_SHIFT, COTTONMOUTHZ4C4M::GT, COTTONMOUTHZ4C4M::TRK
INFO (CarpetX): CallFunction iteration 90 TmunuBaseX_SetTmunuVars: TmunuBaseX::TmunuBaseX_ZeroTmunu
INFO (ODESolvers): Calculated new state #3 at t=0.9
INFO (ODESolvers): Calculating RHS #4 at t=0.9
INFO (CarpetX): CallFunction iteration 90 z4c_rhs_group: CottonmouthZ4c4m::z4c_rhs
INFO (CarpetX): CallFunction iteration 90 z4c_apply_dissipation_group: CottonmouthZ4c4m::z4c_apply_dissipation
INFO (CarpetX): CallFunction iteration 90 z4c_enforce_pt1_group: CottonmouthZ4c4m::z4c_enforce_pt1
INFO (CarpetX): CallFunction iteration 90 z4c_enforce_pt2_group: CottonmouthZ4c4m::z4c_enforce_pt2
INFO (CarpetX): CallFunction iteration 90 z4c_to_adm_group: CottonmouthZ4c4m::sync_z4c
INFO (CarpetX): SyncGroups COTTONMOUTHZ4C4M::AT, COTTONMOUTHZ4C4M::GT, COTTONMOUTHZ4C4M::CHI, COTTONMOUTHZ4C4M::EVO_LAPSE, COTTONMOUTHZ4C4M::EVO_SHIFT, COTTONMOUTHZ4C4M::TRK
INFO (CarpetX): CallFunction iteration 90 z4c_to_adm_group: CottonmouthZ4c4m::z4c_to_adm
INFO (CarpetX): CallFunction iteration 90 ODESolvers_PostStep: CottonmouthZ4c4m::sync_state
INFO (CarpetX): SyncGroups COTTONMOUTHZ4C4M::AT, COTTONMOUTHZ4C4M::THETA, COTTONMOUTHZ4C4M::CHI, COTTONMOUTHZ4C4M::EVO_GAMMAT, COTTONMOUTHZ4C4M::EVO_LAPSE, COTTONMOUTHZ4C4M::EVO_SHIFT, COTTONMOUTHZ4C4M::GT, COTTONMOUTHZ4C4M::TRK
INFO (CarpetX): CallFunction iteration 90 TmunuBaseX_SetTmunuVars: TmunuBaseX::TmunuBaseX_ZeroTmunu
INFO (ODESolvers): Calculated new state #4 at t=0.9
INFO (CarpetX): ScheduleTraverseGH iteration 90 CCTK_POSTSTEP
INFO (CarpetX): CallFunction iteration 90 CCTK_POSTSTEP: CottonmouthLinearWaveID::StateSync_CottonmouthLinearWaveID
INFO (CarpetX): ScheduleTraverseGH iteration 90 CCTK_CHECKPOINT
INFO (CarpetX): CallFunction iteration 90 CCTK_CHECKPOINT: CarpetX::CarpetX_Checkpoint
INFO (CarpetX): ScheduleTraverseGH iteration 90 CCTK_ANALYSIS
INFO (CarpetX): CallFunction iteration 90 z4c_constraints_group: CottonmouthZ4c4m::z4c_constraints
INFO (CarpetX): OutputGH: iteration 90, time 0.900000, run time 8 s
INFO (CarpetX): OutputGH done.
INFO (CarpetX): Simulation time: 0.9   Iterations per second: 13.3395   Simulation time per second: 0.133395
INFO (CarpetX): Grid cells: 3200   Grid cell updates per second: 42686.5
INFO (CarpetX): Performance:
INFO (CarpetX):   total evolution time:            6.75156 sec
INFO (CarpetX):   total evolution compute time:    6.75103 sec
INFO (CarpetX):   total evolution output time:     0.000527382 sec
INFO (CarpetX):   total iterations:                90
INFO (CarpetX):   total cells updated:             288000
INFO (CarpetX):   average iterations per second: 13.3303
INFO (CarpetX):   average cell updates per second: 42656.8
INFO (CarpetX): SyncGroups COTTONMOUTHZ4C4M::AT, COTTONMOUTHZ4C4M::THETA, COTTONMOUTHZ4C4M::CHI, COTTONMOUTHZ4C4M::EVO_GAMMAT, COTTONMOUTHZ4C4M::EVO_LAPSE, COTTONMOUTHZ4C4M::EVO_SHIFT, COTTONMOUTHZ4C4M::GT, COTTONMOUTHZ4C4M::TRK
INFO (CarpetX): ScheduleTraverseGH iteration 91 CCTK_PRESTEP
INFO (CarpetX): ScheduleTraverseGH iteration 91 CCTK_EVOL
INFO (CarpetX): CallFunction iteration 91 CCTK_EVOL: ODESolvers::ODESolvers_Solve
INFO (ODESolvers): ODE integrator is RK4
INFO (ODESolvers):   Integrating 22 variables
INFO (ODESolvers): Calculating RHS #1 at t=0.9
INFO (CarpetX): CallFunction iteration 91 z4c_rhs_group: CottonmouthZ4c4m::z4c_rhs
INFO (CarpetX): CallFunction iteration 91 z4c_apply_dissipation_group: CottonmouthZ4c4m::z4c_apply_dissipation
INFO (CarpetX): CallFunction iteration 91 z4c_enforce_pt1_group: CottonmouthZ4c4m::z4c_enforce_pt1
INFO (CarpetX): CallFunction iteration 91 z4c_enforce_pt2_group: CottonmouthZ4c4m::z4c_enforce_pt2
INFO (CarpetX): CallFunction iteration 91 z4c_to_adm_group: CottonmouthZ4c4m::sync_z4c
INFO (CarpetX): SyncGroups COTTONMOUTHZ4C4M::AT, COTTONMOUTHZ4C4M::GT, COTTONMOUTHZ4C4M::CHI, COTTONMOUTHZ4C4M::EVO_LAPSE, COTTONMOUTHZ4C4M::EVO_SHIFT, COTTONMOUTHZ4C4M::TRK
INFO (CarpetX): CallFunction iteration 91 z4c_to_adm_group: CottonmouthZ4c4m::z4c_to_adm
INFO (CarpetX): CallFunction iteration 91 ODESolvers_PostStep: CottonmouthZ4c4m::sync_state
INFO (CarpetX): SyncGroups COTTONMOUTHZ4C4M::AT, COTTONMOUTHZ4C4M::THETA, COTTONMOUTHZ4C4M::CHI, COTTONMOUTHZ4C4M::EVO_GAMMAT, COTTONMOUTHZ4C4M::EVO_LAPSE, COTTONMOUTHZ4C4M::EVO_SHIFT, COTTONMOUTHZ4C4M::GT, COTTONMOUTHZ4C4M::TRK
INFO (CarpetX): CallFunction iteration 91 TmunuBaseX_SetTmunuVars: TmunuBaseX::TmunuBaseX_ZeroTmunu
INFO (ODESolvers): Calculated new state #1 at t=0.905
INFO (ODESolvers): Calculating RHS #2 at t=0.905
INFO (CarpetX): CallFunction iteration 91 z4c_rhs_group: CottonmouthZ4c4m::z4c_rhs
INFO (CarpetX): CallFunction iteration 91 z4c_apply_dissipation_group: CottonmouthZ4c4m::z4c_apply_dissipation
INFO (CarpetX): CallFunction iteration 91 z4c_enforce_pt1_group: CottonmouthZ4c4m::z4c_enforce_pt1
INFO (CarpetX): CallFunction iteration 91 z4c_enforce_pt2_group: CottonmouthZ4c4m::z4c_enforce_pt2
INFO (CarpetX): CallFunction iteration 91 z4c_to_adm_group: CottonmouthZ4c4m::sync_z4c
INFO (CarpetX): SyncGroups COTTONMOUTHZ4C4M::AT, COTTONMOUTHZ4C4M::GT, COTTONMOUTHZ4C4M::CHI, COTTONMOUTHZ4C4M::EVO_LAPSE, COTTONMOUTHZ4C4M::EVO_SHIFT, COTTONMOUTHZ4C4M::TRK
INFO (CarpetX): CallFunction iteration 91 z4c_to_adm_group: CottonmouthZ4c4m::z4c_to_adm
INFO (CarpetX): CallFunction iteration 91 ODESolvers_PostStep: CottonmouthZ4c4m::sync_state
INFO (CarpetX): SyncGroups COTTONMOUTHZ4C4M::AT, COTTONMOUTHZ4C4M::THETA, COTTONMOUTHZ4C4M::CHI, COTTONMOUTHZ4C4M::EVO_GAMMAT, COTTONMOUTHZ4C4M::EVO_LAPSE, COTTONMOUTHZ4C4M::EVO_SHIFT, COTTONMOUTHZ4C4M::GT, COTTONMOUTHZ4C4M::TRK
INFO (CarpetX): CallFunction iteration 91 TmunuBaseX_SetTmunuVars: TmunuBaseX::TmunuBaseX_ZeroTmunu
INFO (ODESolvers): Calculated new state #2 at t=0.905
INFO (ODESolvers): Calculating RHS #3 at t=0.905
INFO (CarpetX): CallFunction iteration 91 z4c_rhs_group: CottonmouthZ4c4m::z4c_rhs
INFO (CarpetX): CallFunction iteration 91 z4c_apply_dissipation_group: CottonmouthZ4c4m::z4c_apply_dissipation
INFO (CarpetX): CallFunction iteration 91 z4c_enforce_pt1_group: CottonmouthZ4c4m::z4c_enforce_pt1
INFO (CarpetX): CallFunction iteration 91 z4c_enforce_pt2_group: CottonmouthZ4c4m::z4c_enforce_pt2
INFO (CarpetX): CallFunction iteration 91 z4c_to_adm_group: CottonmouthZ4c4m::sync_z4c
INFO (CarpetX): SyncGroups COTTONMOUTHZ4C4M::AT, COTTONMOUTHZ4C4M::GT, COTTONMOUTHZ4C4M::CHI, COTTONMOUTHZ4C4M::EVO_LAPSE, COTTONMOUTHZ4C4M::EVO_SHIFT, COTTONMOUTHZ4C4M::TRK
INFO (CarpetX): CallFunction iteration 91 z4c_to_adm_group: CottonmouthZ4c4m::z4c_to_adm
INFO (CarpetX): CallFunction iteration 91 ODESolvers_PostStep: CottonmouthZ4c4m::sync_state
INFO (CarpetX): SyncGroups COTTONMOUTHZ4C4M::AT, COTTONMOUTHZ4C4M::THETA, COTTONMOUTHZ4C4M::CHI, COTTONMOUTHZ4C4M::EVO_GAMMAT, COTTONMOUTHZ4C4M::EVO_LAPSE, COTTONMOUTHZ4C4M::EVO_SHIFT, COTTONMOUTHZ4C4M::GT, COTTONMOUTHZ4C4M::TRK
INFO (CarpetX): CallFunction iteration 91 TmunuBaseX_SetTmunuVars: TmunuBaseX::TmunuBaseX_ZeroTmunu
INFO (ODESolvers): Calculated new state #3 at t=0.91
INFO (ODESolvers): Calculating RHS #4 at t=0.91
INFO (CarpetX): CallFunction iteration 91 z4c_rhs_group: CottonmouthZ4c4m::z4c_rhs
INFO (CarpetX): CallFunction iteration 91 z4c_apply_dissipation_group: CottonmouthZ4c4m::z4c_apply_dissipation
INFO (CarpetX): CallFunction iteration 91 z4c_enforce_pt1_group: CottonmouthZ4c4m::z4c_enforce_pt1
INFO (CarpetX): CallFunction iteration 91 z4c_enforce_pt2_group: CottonmouthZ4c4m::z4c_enforce_pt2
INFO (CarpetX): CallFunction iteration 91 z4c_to_adm_group: CottonmouthZ4c4m::sync_z4c
INFO (CarpetX): SyncGroups COTTONMOUTHZ4C4M::AT, COTTONMOUTHZ4C4M::GT, COTTONMOUTHZ4C4M::CHI, COTTONMOUTHZ4C4M::EVO_LAPSE, COTTONMOUTHZ4C4M::EVO_SHIFT, COTTONMOUTHZ4C4M::TRK
INFO (CarpetX): CallFunction iteration 91 z4c_to_adm_group: CottonmouthZ4c4m::z4c_to_adm
INFO (CarpetX): CallFunction iteration 91 ODESolvers_PostStep: CottonmouthZ4c4m::sync_state
INFO (CarpetX): SyncGroups COTTONMOUTHZ4C4M::AT, COTTONMOUTHZ4C4M::THETA, COTTONMOUTHZ4C4M::CHI, COTTONMOUTHZ4C4M::EVO_GAMMAT, COTTONMOUTHZ4C4M::EVO_LAPSE, COTTONMOUTHZ4C4M::EVO_SHIFT, COTTONMOUTHZ4C4M::GT, COTTONMOUTHZ4C4M::TRK
INFO (CarpetX): CallFunction iteration 91 TmunuBaseX_SetTmunuVars: TmunuBaseX::TmunuBaseX_ZeroTmunu
INFO (ODESolvers): Calculated new state #4 at t=0.91
INFO (CarpetX): ScheduleTraverseGH iteration 91 CCTK_POSTSTEP
INFO (CarpetX): CallFunction iteration 91 CCTK_POSTSTEP: CottonmouthLinearWaveID::StateSync_CottonmouthLinearWaveID
INFO (CarpetX): ScheduleTraverseGH iteration 91 CCTK_CHECKPOINT
INFO (CarpetX): CallFunction iteration 91 CCTK_CHECKPOINT: CarpetX::CarpetX_Checkpoint
INFO (CarpetX): ScheduleTraverseGH iteration 91 CCTK_ANALYSIS
INFO (CarpetX): CallFunction iteration 91 z4c_constraints_group: CottonmouthZ4c4m::z4c_constraints
INFO (CarpetX): OutputGH: iteration 91, time 0.910000, run time 8 s
INFO (CarpetX): OutputGH done.
INFO (CarpetX): Simulation time: 0.91   Iterations per second: 13.341   Simulation time per second: 0.13341
INFO (CarpetX): Grid cells: 3200   Grid cell updates per second: 42691.3
INFO (CarpetX): Performance:
INFO (CarpetX):   total evolution time:            6.82644 sec
INFO (CarpetX):   total evolution compute time:    6.82591 sec
INFO (CarpetX):   total evolution output time:     0.000532389 sec
INFO (CarpetX):   total iterations:                91
INFO (CarpetX):   total cells updated:             291200
INFO (CarpetX):   average iterations per second: 13.3305
INFO (CarpetX):   average cell updates per second: 42657.7
INFO (CarpetX): SyncGroups COTTONMOUTHZ4C4M::AT, COTTONMOUTHZ4C4M::THETA, COTTONMOUTHZ4C4M::CHI, COTTONMOUTHZ4C4M::EVO_GAMMAT, COTTONMOUTHZ4C4M::EVO_LAPSE, COTTONMOUTHZ4C4M::EVO_SHIFT, COTTONMOUTHZ4C4M::GT, COTTONMOUTHZ4C4M::TRK
INFO (CarpetX): ScheduleTraverseGH iteration 92 CCTK_PRESTEP
INFO (CarpetX): ScheduleTraverseGH iteration 92 CCTK_EVOL
INFO (CarpetX): CallFunction iteration 92 CCTK_EVOL: ODESolvers::ODESolvers_Solve
INFO (ODESolvers): ODE integrator is RK4
INFO (ODESolvers):   Integrating 22 variables
INFO (ODESolvers): Calculating RHS #1 at t=0.91
INFO (CarpetX): CallFunction iteration 92 z4c_rhs_group: CottonmouthZ4c4m::z4c_rhs
INFO (CarpetX): CallFunction iteration 92 z4c_apply_dissipation_group: CottonmouthZ4c4m::z4c_apply_dissipation
INFO (CarpetX): CallFunction iteration 92 z4c_enforce_pt1_group: CottonmouthZ4c4m::z4c_enforce_pt1
INFO (CarpetX): CallFunction iteration 92 z4c_enforce_pt2_group: CottonmouthZ4c4m::z4c_enforce_pt2
INFO (CarpetX): CallFunction iteration 92 z4c_to_adm_group: CottonmouthZ4c4m::sync_z4c
INFO (CarpetX): SyncGroups COTTONMOUTHZ4C4M::AT, COTTONMOUTHZ4C4M::GT, COTTONMOUTHZ4C4M::CHI, COTTONMOUTHZ4C4M::EVO_LAPSE, COTTONMOUTHZ4C4M::EVO_SHIFT, COTTONMOUTHZ4C4M::TRK
INFO (CarpetX): CallFunction iteration 92 z4c_to_adm_group: CottonmouthZ4c4m::z4c_to_adm
INFO (CarpetX): CallFunction iteration 92 ODESolvers_PostStep: CottonmouthZ4c4m::sync_state
INFO (CarpetX): SyncGroups COTTONMOUTHZ4C4M::AT, COTTONMOUTHZ4C4M::THETA, COTTONMOUTHZ4C4M::CHI, COTTONMOUTHZ4C4M::EVO_GAMMAT, COTTONMOUTHZ4C4M::EVO_LAPSE, COTTONMOUTHZ4C4M::EVO_SHIFT, COTTONMOUTHZ4C4M::GT, COTTONMOUTHZ4C4M::TRK
INFO (CarpetX): CallFunction iteration 92 TmunuBaseX_SetTmunuVars: TmunuBaseX::TmunuBaseX_ZeroTmunu
INFO (ODESolvers): Calculated new state #1 at t=0.915
INFO (ODESolvers): Calculating RHS #2 at t=0.915
INFO (CarpetX): CallFunction iteration 92 z4c_rhs_group: CottonmouthZ4c4m::z4c_rhs
INFO (CarpetX): CallFunction iteration 92 z4c_apply_dissipation_group: CottonmouthZ4c4m::z4c_apply_dissipation
INFO (CarpetX): CallFunction iteration 92 z4c_enforce_pt1_group: CottonmouthZ4c4m::z4c_enforce_pt1
INFO (CarpetX): CallFunction iteration 92 z4c_enforce_pt2_group: CottonmouthZ4c4m::z4c_enforce_pt2
INFO (CarpetX): CallFunction iteration 92 z4c_to_adm_group: CottonmouthZ4c4m::sync_z4c
INFO (CarpetX): SyncGroups COTTONMOUTHZ4C4M::AT, COTTONMOUTHZ4C4M::GT, COTTONMOUTHZ4C4M::CHI, COTTONMOUTHZ4C4M::EVO_LAPSE, COTTONMOUTHZ4C4M::EVO_SHIFT, COTTONMOUTHZ4C4M::TRK
INFO (CarpetX): CallFunction iteration 92 z4c_to_adm_group: CottonmouthZ4c4m::z4c_to_adm
INFO (CarpetX): CallFunction iteration 92 ODESolvers_PostStep: CottonmouthZ4c4m::sync_state
INFO (CarpetX): SyncGroups COTTONMOUTHZ4C4M::AT, COTTONMOUTHZ4C4M::THETA, COTTONMOUTHZ4C4M::CHI, COTTONMOUTHZ4C4M::EVO_GAMMAT, COTTONMOUTHZ4C4M::EVO_LAPSE, COTTONMOUTHZ4C4M::EVO_SHIFT, COTTONMOUTHZ4C4M::GT, COTTONMOUTHZ4C4M::TRK
INFO (CarpetX): CallFunction iteration 92 TmunuBaseX_SetTmunuVars: TmunuBaseX::TmunuBaseX_ZeroTmunu
INFO (ODESolvers): Calculated new state #2 at t=0.915
INFO (ODESolvers): Calculating RHS #3 at t=0.915
INFO (CarpetX): CallFunction iteration 92 z4c_rhs_group: CottonmouthZ4c4m::z4c_rhs
INFO (CarpetX): CallFunction iteration 92 z4c_apply_dissipation_group: CottonmouthZ4c4m::z4c_apply_dissipation
INFO (CarpetX): CallFunction iteration 92 z4c_enforce_pt1_group: CottonmouthZ4c4m::z4c_enforce_pt1
INFO (CarpetX): CallFunction iteration 92 z4c_enforce_pt2_group: CottonmouthZ4c4m::z4c_enforce_pt2
INFO (CarpetX): CallFunction iteration 92 z4c_to_adm_group: CottonmouthZ4c4m::sync_z4c
INFO (CarpetX): SyncGroups COTTONMOUTHZ4C4M::AT, COTTONMOUTHZ4C4M::GT, COTTONMOUTHZ4C4M::CHI, COTTONMOUTHZ4C4M::EVO_LAPSE, COTTONMOUTHZ4C4M::EVO_SHIFT, COTTONMOUTHZ4C4M::TRK
INFO (CarpetX): CallFunction iteration 92 z4c_to_adm_group: CottonmouthZ4c4m::z4c_to_adm
INFO (CarpetX): CallFunction iteration 92 ODESolvers_PostStep: CottonmouthZ4c4m::sync_state
INFO (CarpetX): SyncGroups COTTONMOUTHZ4C4M::AT, COTTONMOUTHZ4C4M::THETA, COTTONMOUTHZ4C4M::CHI, COTTONMOUTHZ4C4M::EVO_GAMMAT, COTTONMOUTHZ4C4M::EVO_LAPSE, COTTONMOUTHZ4C4M::EVO_SHIFT, COTTONMOUTHZ4C4M::GT, COTTONMOUTHZ4C4M::TRK
INFO (CarpetX): CallFunction iteration 92 TmunuBaseX_SetTmunuVars: TmunuBaseX::TmunuBaseX_ZeroTmunu
INFO (ODESolvers): Calculated new state #3 at t=0.92
INFO (ODESolvers): Calculating RHS #4 at t=0.92
INFO (CarpetX): CallFunction iteration 92 z4c_rhs_group: CottonmouthZ4c4m::z4c_rhs
INFO (CarpetX): CallFunction iteration 92 z4c_apply_dissipation_group: CottonmouthZ4c4m::z4c_apply_dissipation
INFO (CarpetX): CallFunction iteration 92 z4c_enforce_pt1_group: CottonmouthZ4c4m::z4c_enforce_pt1
INFO (CarpetX): CallFunction iteration 92 z4c_enforce_pt2_group: CottonmouthZ4c4m::z4c_enforce_pt2
INFO (CarpetX): CallFunction iteration 92 z4c_to_adm_group: CottonmouthZ4c4m::sync_z4c
INFO (CarpetX): SyncGroups COTTONMOUTHZ4C4M::AT, COTTONMOUTHZ4C4M::GT, COTTONMOUTHZ4C4M::CHI, COTTONMOUTHZ4C4M::EVO_LAPSE, COTTONMOUTHZ4C4M::EVO_SHIFT, COTTONMOUTHZ4C4M::TRK
INFO (CarpetX): CallFunction iteration 92 z4c_to_adm_group: CottonmouthZ4c4m::z4c_to_adm
INFO (CarpetX): CallFunction iteration 92 ODESolvers_PostStep: CottonmouthZ4c4m::sync_state
INFO (CarpetX): SyncGroups COTTONMOUTHZ4C4M::AT, COTTONMOUTHZ4C4M::THETA, COTTONMOUTHZ4C4M::CHI, COTTONMOUTHZ4C4M::EVO_GAMMAT, COTTONMOUTHZ4C4M::EVO_LAPSE, COTTONMOUTHZ4C4M::EVO_SHIFT, COTTONMOUTHZ4C4M::GT, COTTONMOUTHZ4C4M::TRK
INFO (CarpetX): CallFunction iteration 92 TmunuBaseX_SetTmunuVars: TmunuBaseX::TmunuBaseX_ZeroTmunu
INFO (ODESolvers): Calculated new state #4 at t=0.92
INFO (CarpetX): ScheduleTraverseGH iteration 92 CCTK_POSTSTEP
INFO (CarpetX): CallFunction iteration 92 CCTK_POSTSTEP: CottonmouthLinearWaveID::StateSync_CottonmouthLinearWaveID
INFO (CarpetX): ScheduleTraverseGH iteration 92 CCTK_CHECKPOINT
INFO (CarpetX): CallFunction iteration 92 CCTK_CHECKPOINT: CarpetX::CarpetX_Checkpoint
INFO (CarpetX): ScheduleTraverseGH iteration 92 CCTK_ANALYSIS
INFO (CarpetX): CallFunction iteration 92 z4c_constraints_group: CottonmouthZ4c4m::z4c_constraints
INFO (CarpetX): OutputGH: iteration 92, time 0.920000, run time 8 s
INFO (CarpetX): OutputGH done.
INFO (CarpetX): Simulation time: 0.92   Iterations per second: 13.3403   Simulation time per second: 0.133403
INFO (CarpetX): Grid cells: 3200   Grid cell updates per second: 42688.9
INFO (CarpetX): Performance:
INFO (CarpetX):   total evolution time:            6.90144 sec
INFO (CarpetX):   total evolution compute time:    6.9009 sec
INFO (CarpetX):   total evolution output time:     0.000538349 sec
INFO (CarpetX):   total iterations:                92
INFO (CarpetX):   total cells updated:             294400
INFO (CarpetX):   average iterations per second: 13.3306
INFO (CarpetX):   average cell updates per second: 42657.8
INFO (CarpetX): SyncGroups COTTONMOUTHZ4C4M::AT, COTTONMOUTHZ4C4M::THETA, COTTONMOUTHZ4C4M::CHI, COTTONMOUTHZ4C4M::EVO_GAMMAT, COTTONMOUTHZ4C4M::EVO_LAPSE, COTTONMOUTHZ4C4M::EVO_SHIFT, COTTONMOUTHZ4C4M::GT, COTTONMOUTHZ4C4M::TRK
INFO (CarpetX): ScheduleTraverseGH iteration 93 CCTK_PRESTEP
INFO (CarpetX): ScheduleTraverseGH iteration 93 CCTK_EVOL
INFO (CarpetX): CallFunction iteration 93 CCTK_EVOL: ODESolvers::ODESolvers_Solve
INFO (ODESolvers): ODE integrator is RK4
INFO (ODESolvers):   Integrating 22 variables
INFO (ODESolvers): Calculating RHS #1 at t=0.92
INFO (CarpetX): CallFunction iteration 93 z4c_rhs_group: CottonmouthZ4c4m::z4c_rhs
INFO (CarpetX): CallFunction iteration 93 z4c_apply_dissipation_group: CottonmouthZ4c4m::z4c_apply_dissipation
INFO (CarpetX): CallFunction iteration 93 z4c_enforce_pt1_group: CottonmouthZ4c4m::z4c_enforce_pt1
INFO (CarpetX): CallFunction iteration 93 z4c_enforce_pt2_group: CottonmouthZ4c4m::z4c_enforce_pt2
INFO (CarpetX): CallFunction iteration 93 z4c_to_adm_group: CottonmouthZ4c4m::sync_z4c
INFO (CarpetX): SyncGroups COTTONMOUTHZ4C4M::AT, COTTONMOUTHZ4C4M::GT, COTTONMOUTHZ4C4M::CHI, COTTONMOUTHZ4C4M::EVO_LAPSE, COTTONMOUTHZ4C4M::EVO_SHIFT, COTTONMOUTHZ4C4M::TRK
INFO (CarpetX): CallFunction iteration 93 z4c_to_adm_group: CottonmouthZ4c4m::z4c_to_adm
INFO (CarpetX): CallFunction iteration 93 ODESolvers_PostStep: CottonmouthZ4c4m::sync_state
INFO (CarpetX): SyncGroups COTTONMOUTHZ4C4M::AT, COTTONMOUTHZ4C4M::THETA, COTTONMOUTHZ4C4M::CHI, COTTONMOUTHZ4C4M::EVO_GAMMAT, COTTONMOUTHZ4C4M::EVO_LAPSE, COTTONMOUTHZ4C4M::EVO_SHIFT, COTTONMOUTHZ4C4M::GT, COTTONMOUTHZ4C4M::TRK
INFO (CarpetX): CallFunction iteration 93 TmunuBaseX_SetTmunuVars: TmunuBaseX::TmunuBaseX_ZeroTmunu
INFO (ODESolvers): Calculated new state #1 at t=0.925
INFO (ODESolvers): Calculating RHS #2 at t=0.925
INFO (CarpetX): CallFunction iteration 93 z4c_rhs_group: CottonmouthZ4c4m::z4c_rhs
INFO (CarpetX): CallFunction iteration 93 z4c_apply_dissipation_group: CottonmouthZ4c4m::z4c_apply_dissipation
INFO (CarpetX): CallFunction iteration 93 z4c_enforce_pt1_group: CottonmouthZ4c4m::z4c_enforce_pt1
INFO (CarpetX): CallFunction iteration 93 z4c_enforce_pt2_group: CottonmouthZ4c4m::z4c_enforce_pt2
INFO (CarpetX): CallFunction iteration 93 z4c_to_adm_group: CottonmouthZ4c4m::sync_z4c
INFO (CarpetX): SyncGroups COTTONMOUTHZ4C4M::AT, COTTONMOUTHZ4C4M::GT, COTTONMOUTHZ4C4M::CHI, COTTONMOUTHZ4C4M::EVO_LAPSE, COTTONMOUTHZ4C4M::EVO_SHIFT, COTTONMOUTHZ4C4M::TRK
INFO (CarpetX): CallFunction iteration 93 z4c_to_adm_group: CottonmouthZ4c4m::z4c_to_adm
INFO (CarpetX): CallFunction iteration 93 ODESolvers_PostStep: CottonmouthZ4c4m::sync_state
INFO (CarpetX): SyncGroups COTTONMOUTHZ4C4M::AT, COTTONMOUTHZ4C4M::THETA, COTTONMOUTHZ4C4M::CHI, COTTONMOUTHZ4C4M::EVO_GAMMAT, COTTONMOUTHZ4C4M::EVO_LAPSE, COTTONMOUTHZ4C4M::EVO_SHIFT, COTTONMOUTHZ4C4M::GT, COTTONMOUTHZ4C4M::TRK
INFO (CarpetX): CallFunction iteration 93 TmunuBaseX_SetTmunuVars: TmunuBaseX::TmunuBaseX_ZeroTmunu
INFO (ODESolvers): Calculated new state #2 at t=0.925
INFO (ODESolvers): Calculating RHS #3 at t=0.925
INFO (CarpetX): CallFunction iteration 93 z4c_rhs_group: CottonmouthZ4c4m::z4c_rhs
INFO (CarpetX): CallFunction iteration 93 z4c_apply_dissipation_group: CottonmouthZ4c4m::z4c_apply_dissipation
INFO (CarpetX): CallFunction iteration 93 z4c_enforce_pt1_group: CottonmouthZ4c4m::z4c_enforce_pt1
INFO (CarpetX): CallFunction iteration 93 z4c_enforce_pt2_group: CottonmouthZ4c4m::z4c_enforce_pt2
INFO (CarpetX): CallFunction iteration 93 z4c_to_adm_group: CottonmouthZ4c4m::sync_z4c
INFO (CarpetX): SyncGroups COTTONMOUTHZ4C4M::AT, COTTONMOUTHZ4C4M::GT, COTTONMOUTHZ4C4M::CHI, COTTONMOUTHZ4C4M::EVO_LAPSE, COTTONMOUTHZ4C4M::EVO_SHIFT, COTTONMOUTHZ4C4M::TRK
INFO (CarpetX): CallFunction iteration 93 z4c_to_adm_group: CottonmouthZ4c4m::z4c_to_adm
INFO (CarpetX): CallFunction iteration 93 ODESolvers_PostStep: CottonmouthZ4c4m::sync_state
INFO (CarpetX): SyncGroups COTTONMOUTHZ4C4M::AT, COTTONMOUTHZ4C4M::THETA, COTTONMOUTHZ4C4M::CHI, COTTONMOUTHZ4C4M::EVO_GAMMAT, COTTONMOUTHZ4C4M::EVO_LAPSE, COTTONMOUTHZ4C4M::EVO_SHIFT, COTTONMOUTHZ4C4M::GT, COTTONMOUTHZ4C4M::TRK
INFO (CarpetX): CallFunction iteration 93 TmunuBaseX_SetTmunuVars: TmunuBaseX::TmunuBaseX_ZeroTmunu
INFO (ODESolvers): Calculated new state #3 at t=0.93
INFO (ODESolvers): Calculating RHS #4 at t=0.93
INFO (CarpetX): CallFunction iteration 93 z4c_rhs_group: CottonmouthZ4c4m::z4c_rhs
INFO (CarpetX): CallFunction iteration 93 z4c_apply_dissipation_group: CottonmouthZ4c4m::z4c_apply_dissipation
INFO (CarpetX): CallFunction iteration 93 z4c_enforce_pt1_group: CottonmouthZ4c4m::z4c_enforce_pt1
INFO (CarpetX): CallFunction iteration 93 z4c_enforce_pt2_group: CottonmouthZ4c4m::z4c_enforce_pt2
INFO (CarpetX): CallFunction iteration 93 z4c_to_adm_group: CottonmouthZ4c4m::sync_z4c
INFO (CarpetX): SyncGroups COTTONMOUTHZ4C4M::AT, COTTONMOUTHZ4C4M::GT, COTTONMOUTHZ4C4M::CHI, COTTONMOUTHZ4C4M::EVO_LAPSE, COTTONMOUTHZ4C4M::EVO_SHIFT, COTTONMOUTHZ4C4M::TRK
INFO (CarpetX): CallFunction iteration 93 z4c_to_adm_group: CottonmouthZ4c4m::z4c_to_adm
INFO (CarpetX): CallFunction iteration 93 ODESolvers_PostStep: CottonmouthZ4c4m::sync_state
INFO (CarpetX): SyncGroups COTTONMOUTHZ4C4M::AT, COTTONMOUTHZ4C4M::THETA, COTTONMOUTHZ4C4M::CHI, COTTONMOUTHZ4C4M::EVO_GAMMAT, COTTONMOUTHZ4C4M::EVO_LAPSE, COTTONMOUTHZ4C4M::EVO_SHIFT, COTTONMOUTHZ4C4M::GT, COTTONMOUTHZ4C4M::TRK
INFO (CarpetX): CallFunction iteration 93 TmunuBaseX_SetTmunuVars: TmunuBaseX::TmunuBaseX_ZeroTmunu
INFO (ODESolvers): Calculated new state #4 at t=0.93
INFO (CarpetX): ScheduleTraverseGH iteration 93 CCTK_POSTSTEP
INFO (CarpetX): CallFunction iteration 93 CCTK_POSTSTEP: CottonmouthLinearWaveID::StateSync_CottonmouthLinearWaveID
INFO (CarpetX): ScheduleTraverseGH iteration 93 CCTK_CHECKPOINT
INFO (CarpetX): CallFunction iteration 93 CCTK_CHECKPOINT: CarpetX::CarpetX_Checkpoint
INFO (CarpetX): ScheduleTraverseGH iteration 93 CCTK_ANALYSIS
INFO (CarpetX): CallFunction iteration 93 z4c_constraints_group: CottonmouthZ4c4m::z4c_constraints
INFO (CarpetX): OutputGH: iteration 93, time 0.930000, run time 8 s
INFO (CarpetX): OutputGH done.
INFO (CarpetX): Simulation time: 0.93   Iterations per second: 13.3384   Simulation time per second: 0.133384
INFO (CarpetX): Grid cells: 3200   Grid cell updates per second: 42682.8
INFO (CarpetX): Performance:
INFO (CarpetX):   total evolution time:            6.97651 sec
INFO (CarpetX):   total evolution compute time:    6.97596 sec
INFO (CarpetX):   total evolution output time:     0.00054431 sec
INFO (CarpetX):   total iterations:                93
INFO (CarpetX):   total cells updated:             297600
INFO (CarpetX):   average iterations per second: 13.3305
INFO (CarpetX):   average cell updates per second: 42657.4
INFO (CarpetX): SyncGroups COTTONMOUTHZ4C4M::AT, COTTONMOUTHZ4C4M::THETA, COTTONMOUTHZ4C4M::CHI, COTTONMOUTHZ4C4M::EVO_GAMMAT, COTTONMOUTHZ4C4M::EVO_LAPSE, COTTONMOUTHZ4C4M::EVO_SHIFT, COTTONMOUTHZ4C4M::GT, COTTONMOUTHZ4C4M::TRK
INFO (CarpetX): ScheduleTraverseGH iteration 94 CCTK_PRESTEP
INFO (CarpetX): ScheduleTraverseGH iteration 94 CCTK_EVOL
INFO (CarpetX): CallFunction iteration 94 CCTK_EVOL: ODESolvers::ODESolvers_Solve
INFO (ODESolvers): ODE integrator is RK4
INFO (ODESolvers):   Integrating 22 variables
INFO (ODESolvers): Calculating RHS #1 at t=0.93
INFO (CarpetX): CallFunction iteration 94 z4c_rhs_group: CottonmouthZ4c4m::z4c_rhs
INFO (CarpetX): CallFunction iteration 94 z4c_apply_dissipation_group: CottonmouthZ4c4m::z4c_apply_dissipation
INFO (CarpetX): CallFunction iteration 94 z4c_enforce_pt1_group: CottonmouthZ4c4m::z4c_enforce_pt1
INFO (CarpetX): CallFunction iteration 94 z4c_enforce_pt2_group: CottonmouthZ4c4m::z4c_enforce_pt2
INFO (CarpetX): CallFunction iteration 94 z4c_to_adm_group: CottonmouthZ4c4m::sync_z4c
INFO (CarpetX): SyncGroups COTTONMOUTHZ4C4M::AT, COTTONMOUTHZ4C4M::GT, COTTONMOUTHZ4C4M::CHI, COTTONMOUTHZ4C4M::EVO_LAPSE, COTTONMOUTHZ4C4M::EVO_SHIFT, COTTONMOUTHZ4C4M::TRK
INFO (CarpetX): CallFunction iteration 94 z4c_to_adm_group: CottonmouthZ4c4m::z4c_to_adm
INFO (CarpetX): CallFunction iteration 94 ODESolvers_PostStep: CottonmouthZ4c4m::sync_state
INFO (CarpetX): SyncGroups COTTONMOUTHZ4C4M::AT, COTTONMOUTHZ4C4M::THETA, COTTONMOUTHZ4C4M::CHI, COTTONMOUTHZ4C4M::EVO_GAMMAT, COTTONMOUTHZ4C4M::EVO_LAPSE, COTTONMOUTHZ4C4M::EVO_SHIFT, COTTONMOUTHZ4C4M::GT, COTTONMOUTHZ4C4M::TRK
INFO (CarpetX): CallFunction iteration 94 TmunuBaseX_SetTmunuVars: TmunuBaseX::TmunuBaseX_ZeroTmunu
INFO (ODESolvers): Calculated new state #1 at t=0.935
INFO (ODESolvers): Calculating RHS #2 at t=0.935
INFO (CarpetX): CallFunction iteration 94 z4c_rhs_group: CottonmouthZ4c4m::z4c_rhs
INFO (CarpetX): CallFunction iteration 94 z4c_apply_dissipation_group: CottonmouthZ4c4m::z4c_apply_dissipation
INFO (CarpetX): CallFunction iteration 94 z4c_enforce_pt1_group: CottonmouthZ4c4m::z4c_enforce_pt1
INFO (CarpetX): CallFunction iteration 94 z4c_enforce_pt2_group: CottonmouthZ4c4m::z4c_enforce_pt2
INFO (CarpetX): CallFunction iteration 94 z4c_to_adm_group: CottonmouthZ4c4m::sync_z4c
INFO (CarpetX): SyncGroups COTTONMOUTHZ4C4M::AT, COTTONMOUTHZ4C4M::GT, COTTONMOUTHZ4C4M::CHI, COTTONMOUTHZ4C4M::EVO_LAPSE, COTTONMOUTHZ4C4M::EVO_SHIFT, COTTONMOUTHZ4C4M::TRK
INFO (CarpetX): CallFunction iteration 94 z4c_to_adm_group: CottonmouthZ4c4m::z4c_to_adm
INFO (CarpetX): CallFunction iteration 94 ODESolvers_PostStep: CottonmouthZ4c4m::sync_state
INFO (CarpetX): SyncGroups COTTONMOUTHZ4C4M::AT, COTTONMOUTHZ4C4M::THETA, COTTONMOUTHZ4C4M::CHI, COTTONMOUTHZ4C4M::EVO_GAMMAT, COTTONMOUTHZ4C4M::EVO_LAPSE, COTTONMOUTHZ4C4M::EVO_SHIFT, COTTONMOUTHZ4C4M::GT, COTTONMOUTHZ4C4M::TRK
INFO (CarpetX): CallFunction iteration 94 TmunuBaseX_SetTmunuVars: TmunuBaseX::TmunuBaseX_ZeroTmunu
INFO (ODESolvers): Calculated new state #2 at t=0.935
INFO (ODESolvers): Calculating RHS #3 at t=0.935
INFO (CarpetX): CallFunction iteration 94 z4c_rhs_group: CottonmouthZ4c4m::z4c_rhs
INFO (CarpetX): CallFunction iteration 94 z4c_apply_dissipation_group: CottonmouthZ4c4m::z4c_apply_dissipation
INFO (CarpetX): CallFunction iteration 94 z4c_enforce_pt1_group: CottonmouthZ4c4m::z4c_enforce_pt1
INFO (CarpetX): CallFunction iteration 94 z4c_enforce_pt2_group: CottonmouthZ4c4m::z4c_enforce_pt2
INFO (CarpetX): CallFunction iteration 94 z4c_to_adm_group: CottonmouthZ4c4m::sync_z4c
INFO (CarpetX): SyncGroups COTTONMOUTHZ4C4M::AT, COTTONMOUTHZ4C4M::GT, COTTONMOUTHZ4C4M::CHI, COTTONMOUTHZ4C4M::EVO_LAPSE, COTTONMOUTHZ4C4M::EVO_SHIFT, COTTONMOUTHZ4C4M::TRK
INFO (CarpetX): CallFunction iteration 94 z4c_to_adm_group: CottonmouthZ4c4m::z4c_to_adm
INFO (CarpetX): CallFunction iteration 94 ODESolvers_PostStep: CottonmouthZ4c4m::sync_state
INFO (CarpetX): SyncGroups COTTONMOUTHZ4C4M::AT, COTTONMOUTHZ4C4M::THETA, COTTONMOUTHZ4C4M::CHI, COTTONMOUTHZ4C4M::EVO_GAMMAT, COTTONMOUTHZ4C4M::EVO_LAPSE, COTTONMOUTHZ4C4M::EVO_SHIFT, COTTONMOUTHZ4C4M::GT, COTTONMOUTHZ4C4M::TRK
INFO (CarpetX): CallFunction iteration 94 TmunuBaseX_SetTmunuVars: TmunuBaseX::TmunuBaseX_ZeroTmunu
INFO (ODESolvers): Calculated new state #3 at t=0.94
INFO (ODESolvers): Calculating RHS #4 at t=0.94
INFO (CarpetX): CallFunction iteration 94 z4c_rhs_group: CottonmouthZ4c4m::z4c_rhs
INFO (CarpetX): CallFunction iteration 94 z4c_apply_dissipation_group: CottonmouthZ4c4m::z4c_apply_dissipation
INFO (CarpetX): CallFunction iteration 94 z4c_enforce_pt1_group: CottonmouthZ4c4m::z4c_enforce_pt1
INFO (CarpetX): CallFunction iteration 94 z4c_enforce_pt2_group: CottonmouthZ4c4m::z4c_enforce_pt2
INFO (CarpetX): CallFunction iteration 94 z4c_to_adm_group: CottonmouthZ4c4m::sync_z4c
INFO (CarpetX): SyncGroups COTTONMOUTHZ4C4M::AT, COTTONMOUTHZ4C4M::GT, COTTONMOUTHZ4C4M::CHI, COTTONMOUTHZ4C4M::EVO_LAPSE, COTTONMOUTHZ4C4M::EVO_SHIFT, COTTONMOUTHZ4C4M::TRK
INFO (CarpetX): CallFunction iteration 94 z4c_to_adm_group: CottonmouthZ4c4m::z4c_to_adm
INFO (CarpetX): CallFunction iteration 94 ODESolvers_PostStep: CottonmouthZ4c4m::sync_state
INFO (CarpetX): SyncGroups COTTONMOUTHZ4C4M::AT, COTTONMOUTHZ4C4M::THETA, COTTONMOUTHZ4C4M::CHI, COTTONMOUTHZ4C4M::EVO_GAMMAT, COTTONMOUTHZ4C4M::EVO_LAPSE, COTTONMOUTHZ4C4M::EVO_SHIFT, COTTONMOUTHZ4C4M::GT, COTTONMOUTHZ4C4M::TRK
INFO (CarpetX): CallFunction iteration 94 TmunuBaseX_SetTmunuVars: TmunuBaseX::TmunuBaseX_ZeroTmunu
INFO (ODESolvers): Calculated new state #4 at t=0.94
INFO (CarpetX): ScheduleTraverseGH iteration 94 CCTK_POSTSTEP
INFO (CarpetX): CallFunction iteration 94 CCTK_POSTSTEP: CottonmouthLinearWaveID::StateSync_CottonmouthLinearWaveID
INFO (CarpetX): ScheduleTraverseGH iteration 94 CCTK_CHECKPOINT
INFO (CarpetX): CallFunction iteration 94 CCTK_CHECKPOINT: CarpetX::CarpetX_Checkpoint
INFO (CarpetX): ScheduleTraverseGH iteration 94 CCTK_ANALYSIS
INFO (CarpetX): CallFunction iteration 94 z4c_constraints_group: CottonmouthZ4c4m::z4c_constraints
INFO (CarpetX): OutputGH: iteration 94, time 0.940000, run time 8 s
INFO (CarpetX): OutputGH done.
INFO (CarpetX): Simulation time: 0.94   Iterations per second: 13.3392   Simulation time per second: 0.133392
INFO (CarpetX): Grid cells: 3200   Grid cell updates per second: 42685.5
INFO (CarpetX): Performance:
INFO (CarpetX):   total evolution time:            7.05143 sec
INFO (CarpetX):   total evolution compute time:    7.05088 sec
INFO (CarpetX):   total evolution output time:     0.00055027 sec
INFO (CarpetX):   total iterations:                94
INFO (CarpetX):   total cells updated:             300800
INFO (CarpetX):   average iterations per second: 13.3306
INFO (CarpetX):   average cell updates per second: 42658
INFO (CarpetX): SyncGroups COTTONMOUTHZ4C4M::AT, COTTONMOUTHZ4C4M::THETA, COTTONMOUTHZ4C4M::CHI, COTTONMOUTHZ4C4M::EVO_GAMMAT, COTTONMOUTHZ4C4M::EVO_LAPSE, COTTONMOUTHZ4C4M::EVO_SHIFT, COTTONMOUTHZ4C4M::GT, COTTONMOUTHZ4C4M::TRK
INFO (CarpetX): ScheduleTraverseGH iteration 95 CCTK_PRESTEP
INFO (CarpetX): ScheduleTraverseGH iteration 95 CCTK_EVOL
INFO (CarpetX): CallFunction iteration 95 CCTK_EVOL: ODESolvers::ODESolvers_Solve
INFO (ODESolvers): ODE integrator is RK4
INFO (ODESolvers):   Integrating 22 variables
INFO (ODESolvers): Calculating RHS #1 at t=0.94
INFO (CarpetX): CallFunction iteration 95 z4c_rhs_group: CottonmouthZ4c4m::z4c_rhs
INFO (CarpetX): CallFunction iteration 95 z4c_apply_dissipation_group: CottonmouthZ4c4m::z4c_apply_dissipation
INFO (CarpetX): CallFunction iteration 95 z4c_enforce_pt1_group: CottonmouthZ4c4m::z4c_enforce_pt1
INFO (CarpetX): CallFunction iteration 95 z4c_enforce_pt2_group: CottonmouthZ4c4m::z4c_enforce_pt2
INFO (CarpetX): CallFunction iteration 95 z4c_to_adm_group: CottonmouthZ4c4m::sync_z4c
INFO (CarpetX): SyncGroups COTTONMOUTHZ4C4M::AT, COTTONMOUTHZ4C4M::GT, COTTONMOUTHZ4C4M::CHI, COTTONMOUTHZ4C4M::EVO_LAPSE, COTTONMOUTHZ4C4M::EVO_SHIFT, COTTONMOUTHZ4C4M::TRK
INFO (CarpetX): CallFunction iteration 95 z4c_to_adm_group: CottonmouthZ4c4m::z4c_to_adm
INFO (CarpetX): CallFunction iteration 95 ODESolvers_PostStep: CottonmouthZ4c4m::sync_state
INFO (CarpetX): SyncGroups COTTONMOUTHZ4C4M::AT, COTTONMOUTHZ4C4M::THETA, COTTONMOUTHZ4C4M::CHI, COTTONMOUTHZ4C4M::EVO_GAMMAT, COTTONMOUTHZ4C4M::EVO_LAPSE, COTTONMOUTHZ4C4M::EVO_SHIFT, COTTONMOUTHZ4C4M::GT, COTTONMOUTHZ4C4M::TRK
INFO (CarpetX): CallFunction iteration 95 TmunuBaseX_SetTmunuVars: TmunuBaseX::TmunuBaseX_ZeroTmunu
INFO (ODESolvers): Calculated new state #1 at t=0.945
INFO (ODESolvers): Calculating RHS #2 at t=0.945
INFO (CarpetX): CallFunction iteration 95 z4c_rhs_group: CottonmouthZ4c4m::z4c_rhs
INFO (CarpetX): CallFunction iteration 95 z4c_apply_dissipation_group: CottonmouthZ4c4m::z4c_apply_dissipation
INFO (CarpetX): CallFunction iteration 95 z4c_enforce_pt1_group: CottonmouthZ4c4m::z4c_enforce_pt1
INFO (CarpetX): CallFunction iteration 95 z4c_enforce_pt2_group: CottonmouthZ4c4m::z4c_enforce_pt2
INFO (CarpetX): CallFunction iteration 95 z4c_to_adm_group: CottonmouthZ4c4m::sync_z4c
INFO (CarpetX): SyncGroups COTTONMOUTHZ4C4M::AT, COTTONMOUTHZ4C4M::GT, COTTONMOUTHZ4C4M::CHI, COTTONMOUTHZ4C4M::EVO_LAPSE, COTTONMOUTHZ4C4M::EVO_SHIFT, COTTONMOUTHZ4C4M::TRK
INFO (CarpetX): CallFunction iteration 95 z4c_to_adm_group: CottonmouthZ4c4m::z4c_to_adm
INFO (CarpetX): CallFunction iteration 95 ODESolvers_PostStep: CottonmouthZ4c4m::sync_state
INFO (CarpetX): SyncGroups COTTONMOUTHZ4C4M::AT, COTTONMOUTHZ4C4M::THETA, COTTONMOUTHZ4C4M::CHI, COTTONMOUTHZ4C4M::EVO_GAMMAT, COTTONMOUTHZ4C4M::EVO_LAPSE, COTTONMOUTHZ4C4M::EVO_SHIFT, COTTONMOUTHZ4C4M::GT, COTTONMOUTHZ4C4M::TRK
INFO (CarpetX): CallFunction iteration 95 TmunuBaseX_SetTmunuVars: TmunuBaseX::TmunuBaseX_ZeroTmunu
INFO (ODESolvers): Calculated new state #2 at t=0.945
INFO (ODESolvers): Calculating RHS #3 at t=0.945
INFO (CarpetX): CallFunction iteration 95 z4c_rhs_group: CottonmouthZ4c4m::z4c_rhs
INFO (CarpetX): CallFunction iteration 95 z4c_apply_dissipation_group: CottonmouthZ4c4m::z4c_apply_dissipation
INFO (CarpetX): CallFunction iteration 95 z4c_enforce_pt1_group: CottonmouthZ4c4m::z4c_enforce_pt1
INFO (CarpetX): CallFunction iteration 95 z4c_enforce_pt2_group: CottonmouthZ4c4m::z4c_enforce_pt2
INFO (CarpetX): CallFunction iteration 95 z4c_to_adm_group: CottonmouthZ4c4m::sync_z4c
INFO (CarpetX): SyncGroups COTTONMOUTHZ4C4M::AT, COTTONMOUTHZ4C4M::GT, COTTONMOUTHZ4C4M::CHI, COTTONMOUTHZ4C4M::EVO_LAPSE, COTTONMOUTHZ4C4M::EVO_SHIFT, COTTONMOUTHZ4C4M::TRK
INFO (CarpetX): CallFunction iteration 95 z4c_to_adm_group: CottonmouthZ4c4m::z4c_to_adm
INFO (CarpetX): CallFunction iteration 95 ODESolvers_PostStep: CottonmouthZ4c4m::sync_state
INFO (CarpetX): SyncGroups COTTONMOUTHZ4C4M::AT, COTTONMOUTHZ4C4M::THETA, COTTONMOUTHZ4C4M::CHI, COTTONMOUTHZ4C4M::EVO_GAMMAT, COTTONMOUTHZ4C4M::EVO_LAPSE, COTTONMOUTHZ4C4M::EVO_SHIFT, COTTONMOUTHZ4C4M::GT, COTTONMOUTHZ4C4M::TRK
INFO (CarpetX): CallFunction iteration 95 TmunuBaseX_SetTmunuVars: TmunuBaseX::TmunuBaseX_ZeroTmunu
INFO (ODESolvers): Calculated new state #3 at t=0.95
INFO (ODESolvers): Calculating RHS #4 at t=0.95
INFO (CarpetX): CallFunction iteration 95 z4c_rhs_group: CottonmouthZ4c4m::z4c_rhs
INFO (CarpetX): CallFunction iteration 95 z4c_apply_dissipation_group: CottonmouthZ4c4m::z4c_apply_dissipation
INFO (CarpetX): CallFunction iteration 95 z4c_enforce_pt1_group: CottonmouthZ4c4m::z4c_enforce_pt1
INFO (CarpetX): CallFunction iteration 95 z4c_enforce_pt2_group: CottonmouthZ4c4m::z4c_enforce_pt2
INFO (CarpetX): CallFunction iteration 95 z4c_to_adm_group: CottonmouthZ4c4m::sync_z4c
INFO (CarpetX): SyncGroups COTTONMOUTHZ4C4M::AT, COTTONMOUTHZ4C4M::GT, COTTONMOUTHZ4C4M::CHI, COTTONMOUTHZ4C4M::EVO_LAPSE, COTTONMOUTHZ4C4M::EVO_SHIFT, COTTONMOUTHZ4C4M::TRK
INFO (CarpetX): CallFunction iteration 95 z4c_to_adm_group: CottonmouthZ4c4m::z4c_to_adm
INFO (CarpetX): CallFunction iteration 95 ODESolvers_PostStep: CottonmouthZ4c4m::sync_state
INFO (CarpetX): SyncGroups COTTONMOUTHZ4C4M::AT, COTTONMOUTHZ4C4M::THETA, COTTONMOUTHZ4C4M::CHI, COTTONMOUTHZ4C4M::EVO_GAMMAT, COTTONMOUTHZ4C4M::EVO_LAPSE, COTTONMOUTHZ4C4M::EVO_SHIFT, COTTONMOUTHZ4C4M::GT, COTTONMOUTHZ4C4M::TRK
INFO (CarpetX): CallFunction iteration 95 TmunuBaseX_SetTmunuVars: TmunuBaseX::TmunuBaseX_ZeroTmunu
INFO (ODESolvers): Calculated new state #4 at t=0.95
INFO (CarpetX): ScheduleTraverseGH iteration 95 CCTK_POSTSTEP
INFO (CarpetX): CallFunction iteration 95 CCTK_POSTSTEP: CottonmouthLinearWaveID::StateSync_CottonmouthLinearWaveID
INFO (CarpetX): ScheduleTraverseGH iteration 95 CCTK_CHECKPOINT
INFO (CarpetX): CallFunction iteration 95 CCTK_CHECKPOINT: CarpetX::CarpetX_Checkpoint
INFO (CarpetX): ScheduleTraverseGH iteration 95 CCTK_ANALYSIS
INFO (CarpetX): CallFunction iteration 95 z4c_constraints_group: CottonmouthZ4c4m::z4c_constraints
INFO (CarpetX): OutputGH: iteration 95, time 0.950000, run time 8 s
INFO (CarpetX): OutputGH done.
INFO (CarpetX): Simulation time: 0.95   Iterations per second: 13.338   Simulation time per second: 0.13338
INFO (CarpetX): Grid cells: 3200   Grid cell updates per second: 42681.5
INFO (CarpetX): Performance:
INFO (CarpetX):   total evolution time:            7.12647 sec
INFO (CarpetX):   total evolution compute time:    7.12591 sec
INFO (CarpetX):   total evolution output time:     0.000555277 sec
INFO (CarpetX):   total iterations:                95
INFO (CarpetX):   total cells updated:             304000
INFO (CarpetX):   average iterations per second: 13.3306
INFO (CarpetX):   average cell updates per second: 42657.9
INFO (CarpetX): SyncGroups COTTONMOUTHZ4C4M::AT, COTTONMOUTHZ4C4M::THETA, COTTONMOUTHZ4C4M::CHI, COTTONMOUTHZ4C4M::EVO_GAMMAT, COTTONMOUTHZ4C4M::EVO_LAPSE, COTTONMOUTHZ4C4M::EVO_SHIFT, COTTONMOUTHZ4C4M::GT, COTTONMOUTHZ4C4M::TRK
INFO (CarpetX): ScheduleTraverseGH iteration 96 CCTK_PRESTEP
INFO (CarpetX): ScheduleTraverseGH iteration 96 CCTK_EVOL
INFO (CarpetX): CallFunction iteration 96 CCTK_EVOL: ODESolvers::ODESolvers_Solve
INFO (ODESolvers): ODE integrator is RK4
INFO (ODESolvers):   Integrating 22 variables
INFO (ODESolvers): Calculating RHS #1 at t=0.95
INFO (CarpetX): CallFunction iteration 96 z4c_rhs_group: CottonmouthZ4c4m::z4c_rhs
INFO (CarpetX): CallFunction iteration 96 z4c_apply_dissipation_group: CottonmouthZ4c4m::z4c_apply_dissipation
INFO (CarpetX): CallFunction iteration 96 z4c_enforce_pt1_group: CottonmouthZ4c4m::z4c_enforce_pt1
INFO (CarpetX): CallFunction iteration 96 z4c_enforce_pt2_group: CottonmouthZ4c4m::z4c_enforce_pt2
INFO (CarpetX): CallFunction iteration 96 z4c_to_adm_group: CottonmouthZ4c4m::sync_z4c
INFO (CarpetX): SyncGroups COTTONMOUTHZ4C4M::AT, COTTONMOUTHZ4C4M::GT, COTTONMOUTHZ4C4M::CHI, COTTONMOUTHZ4C4M::EVO_LAPSE, COTTONMOUTHZ4C4M::EVO_SHIFT, COTTONMOUTHZ4C4M::TRK
INFO (CarpetX): CallFunction iteration 96 z4c_to_adm_group: CottonmouthZ4c4m::z4c_to_adm
INFO (CarpetX): CallFunction iteration 96 ODESolvers_PostStep: CottonmouthZ4c4m::sync_state
INFO (CarpetX): SyncGroups COTTONMOUTHZ4C4M::AT, COTTONMOUTHZ4C4M::THETA, COTTONMOUTHZ4C4M::CHI, COTTONMOUTHZ4C4M::EVO_GAMMAT, COTTONMOUTHZ4C4M::EVO_LAPSE, COTTONMOUTHZ4C4M::EVO_SHIFT, COTTONMOUTHZ4C4M::GT, COTTONMOUTHZ4C4M::TRK
INFO (CarpetX): CallFunction iteration 96 TmunuBaseX_SetTmunuVars: TmunuBaseX::TmunuBaseX_ZeroTmunu
INFO (ODESolvers): Calculated new state #1 at t=0.955
INFO (ODESolvers): Calculating RHS #2 at t=0.955
INFO (CarpetX): CallFunction iteration 96 z4c_rhs_group: CottonmouthZ4c4m::z4c_rhs
INFO (CarpetX): CallFunction iteration 96 z4c_apply_dissipation_group: CottonmouthZ4c4m::z4c_apply_dissipation
INFO (CarpetX): CallFunction iteration 96 z4c_enforce_pt1_group: CottonmouthZ4c4m::z4c_enforce_pt1
INFO (CarpetX): CallFunction iteration 96 z4c_enforce_pt2_group: CottonmouthZ4c4m::z4c_enforce_pt2
INFO (CarpetX): CallFunction iteration 96 z4c_to_adm_group: CottonmouthZ4c4m::sync_z4c
INFO (CarpetX): SyncGroups COTTONMOUTHZ4C4M::AT, COTTONMOUTHZ4C4M::GT, COTTONMOUTHZ4C4M::CHI, COTTONMOUTHZ4C4M::EVO_LAPSE, COTTONMOUTHZ4C4M::EVO_SHIFT, COTTONMOUTHZ4C4M::TRK
INFO (CarpetX): CallFunction iteration 96 z4c_to_adm_group: CottonmouthZ4c4m::z4c_to_adm
INFO (CarpetX): CallFunction iteration 96 ODESolvers_PostStep: CottonmouthZ4c4m::sync_state
INFO (CarpetX): SyncGroups COTTONMOUTHZ4C4M::AT, COTTONMOUTHZ4C4M::THETA, COTTONMOUTHZ4C4M::CHI, COTTONMOUTHZ4C4M::EVO_GAMMAT, COTTONMOUTHZ4C4M::EVO_LAPSE, COTTONMOUTHZ4C4M::EVO_SHIFT, COTTONMOUTHZ4C4M::GT, COTTONMOUTHZ4C4M::TRK
INFO (CarpetX): CallFunction iteration 96 TmunuBaseX_SetTmunuVars: TmunuBaseX::TmunuBaseX_ZeroTmunu
INFO (ODESolvers): Calculated new state #2 at t=0.955
INFO (ODESolvers): Calculating RHS #3 at t=0.955
INFO (CarpetX): CallFunction iteration 96 z4c_rhs_group: CottonmouthZ4c4m::z4c_rhs
INFO (CarpetX): CallFunction iteration 96 z4c_apply_dissipation_group: CottonmouthZ4c4m::z4c_apply_dissipation
INFO (CarpetX): CallFunction iteration 96 z4c_enforce_pt1_group: CottonmouthZ4c4m::z4c_enforce_pt1
INFO (CarpetX): CallFunction iteration 96 z4c_enforce_pt2_group: CottonmouthZ4c4m::z4c_enforce_pt2
INFO (CarpetX): CallFunction iteration 96 z4c_to_adm_group: CottonmouthZ4c4m::sync_z4c
INFO (CarpetX): SyncGroups COTTONMOUTHZ4C4M::AT, COTTONMOUTHZ4C4M::GT, COTTONMOUTHZ4C4M::CHI, COTTONMOUTHZ4C4M::EVO_LAPSE, COTTONMOUTHZ4C4M::EVO_SHIFT, COTTONMOUTHZ4C4M::TRK
INFO (CarpetX): CallFunction iteration 96 z4c_to_adm_group: CottonmouthZ4c4m::z4c_to_adm
INFO (CarpetX): CallFunction iteration 96 ODESolvers_PostStep: CottonmouthZ4c4m::sync_state
INFO (CarpetX): SyncGroups COTTONMOUTHZ4C4M::AT, COTTONMOUTHZ4C4M::THETA, COTTONMOUTHZ4C4M::CHI, COTTONMOUTHZ4C4M::EVO_GAMMAT, COTTONMOUTHZ4C4M::EVO_LAPSE, COTTONMOUTHZ4C4M::EVO_SHIFT, COTTONMOUTHZ4C4M::GT, COTTONMOUTHZ4C4M::TRK
INFO (CarpetX): CallFunction iteration 96 TmunuBaseX_SetTmunuVars: TmunuBaseX::TmunuBaseX_ZeroTmunu
INFO (ODESolvers): Calculated new state #3 at t=0.96
INFO (ODESolvers): Calculating RHS #4 at t=0.96
INFO (CarpetX): CallFunction iteration 96 z4c_rhs_group: CottonmouthZ4c4m::z4c_rhs
INFO (CarpetX): CallFunction iteration 96 z4c_apply_dissipation_group: CottonmouthZ4c4m::z4c_apply_dissipation
INFO (CarpetX): CallFunction iteration 96 z4c_enforce_pt1_group: CottonmouthZ4c4m::z4c_enforce_pt1
INFO (CarpetX): CallFunction iteration 96 z4c_enforce_pt2_group: CottonmouthZ4c4m::z4c_enforce_pt2
INFO (CarpetX): CallFunction iteration 96 z4c_to_adm_group: CottonmouthZ4c4m::sync_z4c
INFO (CarpetX): SyncGroups COTTONMOUTHZ4C4M::AT, COTTONMOUTHZ4C4M::GT, COTTONMOUTHZ4C4M::CHI, COTTONMOUTHZ4C4M::EVO_LAPSE, COTTONMOUTHZ4C4M::EVO_SHIFT, COTTONMOUTHZ4C4M::TRK
INFO (CarpetX): CallFunction iteration 96 z4c_to_adm_group: CottonmouthZ4c4m::z4c_to_adm
INFO (CarpetX): CallFunction iteration 96 ODESolvers_PostStep: CottonmouthZ4c4m::sync_state
INFO (CarpetX): SyncGroups COTTONMOUTHZ4C4M::AT, COTTONMOUTHZ4C4M::THETA, COTTONMOUTHZ4C4M::CHI, COTTONMOUTHZ4C4M::EVO_GAMMAT, COTTONMOUTHZ4C4M::EVO_LAPSE, COTTONMOUTHZ4C4M::EVO_SHIFT, COTTONMOUTHZ4C4M::GT, COTTONMOUTHZ4C4M::TRK
INFO (CarpetX): CallFunction iteration 96 TmunuBaseX_SetTmunuVars: TmunuBaseX::TmunuBaseX_ZeroTmunu
INFO (ODESolvers): Calculated new state #4 at t=0.96
INFO (CarpetX): ScheduleTraverseGH iteration 96 CCTK_POSTSTEP
INFO (CarpetX): CallFunction iteration 96 CCTK_POSTSTEP: CottonmouthLinearWaveID::StateSync_CottonmouthLinearWaveID
INFO (CarpetX): ScheduleTraverseGH iteration 96 CCTK_CHECKPOINT
INFO (CarpetX): CallFunction iteration 96 CCTK_CHECKPOINT: CarpetX::CarpetX_Checkpoint
INFO (CarpetX): ScheduleTraverseGH iteration 96 CCTK_ANALYSIS
INFO (CarpetX): CallFunction iteration 96 z4c_constraints_group: CottonmouthZ4c4m::z4c_constraints
INFO (CarpetX): OutputGH: iteration 96, time 0.960000, run time 8 s
INFO (CarpetX): OutputGH done.
INFO (CarpetX): Simulation time: 0.96   Iterations per second: 13.336   Simulation time per second: 0.13336
INFO (CarpetX): Grid cells: 3200   Grid cell updates per second: 42675.1
INFO (CarpetX): Performance:
INFO (CarpetX):   total evolution time:            7.20156 sec
INFO (CarpetX):   total evolution compute time:    7.20099 sec
INFO (CarpetX):   total evolution output time:     0.000561237 sec
INFO (CarpetX):   total iterations:                96
INFO (CarpetX):   total cells updated:             307200
INFO (CarpetX):   average iterations per second: 13.3305
INFO (CarpetX):   average cell updates per second: 42657.5
INFO (CarpetX): SyncGroups COTTONMOUTHZ4C4M::AT, COTTONMOUTHZ4C4M::THETA, COTTONMOUTHZ4C4M::CHI, COTTONMOUTHZ4C4M::EVO_GAMMAT, COTTONMOUTHZ4C4M::EVO_LAPSE, COTTONMOUTHZ4C4M::EVO_SHIFT, COTTONMOUTHZ4C4M::GT, COTTONMOUTHZ4C4M::TRK
INFO (CarpetX): ScheduleTraverseGH iteration 97 CCTK_PRESTEP
INFO (CarpetX): ScheduleTraverseGH iteration 97 CCTK_EVOL
INFO (CarpetX): CallFunction iteration 97 CCTK_EVOL: ODESolvers::ODESolvers_Solve
INFO (ODESolvers): ODE integrator is RK4
INFO (ODESolvers):   Integrating 22 variables
INFO (ODESolvers): Calculating RHS #1 at t=0.96
INFO (CarpetX): CallFunction iteration 97 z4c_rhs_group: CottonmouthZ4c4m::z4c_rhs
INFO (CarpetX): CallFunction iteration 97 z4c_apply_dissipation_group: CottonmouthZ4c4m::z4c_apply_dissipation
INFO (CarpetX): CallFunction iteration 97 z4c_enforce_pt1_group: CottonmouthZ4c4m::z4c_enforce_pt1
INFO (CarpetX): CallFunction iteration 97 z4c_enforce_pt2_group: CottonmouthZ4c4m::z4c_enforce_pt2
INFO (CarpetX): CallFunction iteration 97 z4c_to_adm_group: CottonmouthZ4c4m::sync_z4c
INFO (CarpetX): SyncGroups COTTONMOUTHZ4C4M::AT, COTTONMOUTHZ4C4M::GT, COTTONMOUTHZ4C4M::CHI, COTTONMOUTHZ4C4M::EVO_LAPSE, COTTONMOUTHZ4C4M::EVO_SHIFT, COTTONMOUTHZ4C4M::TRK
INFO (CarpetX): CallFunction iteration 97 z4c_to_adm_group: CottonmouthZ4c4m::z4c_to_adm
INFO (CarpetX): CallFunction iteration 97 ODESolvers_PostStep: CottonmouthZ4c4m::sync_state
INFO (CarpetX): SyncGroups COTTONMOUTHZ4C4M::AT, COTTONMOUTHZ4C4M::THETA, COTTONMOUTHZ4C4M::CHI, COTTONMOUTHZ4C4M::EVO_GAMMAT, COTTONMOUTHZ4C4M::EVO_LAPSE, COTTONMOUTHZ4C4M::EVO_SHIFT, COTTONMOUTHZ4C4M::GT, COTTONMOUTHZ4C4M::TRK
INFO (CarpetX): CallFunction iteration 97 TmunuBaseX_SetTmunuVars: TmunuBaseX::TmunuBaseX_ZeroTmunu
INFO (ODESolvers): Calculated new state #1 at t=0.965
INFO (ODESolvers): Calculating RHS #2 at t=0.965
INFO (CarpetX): CallFunction iteration 97 z4c_rhs_group: CottonmouthZ4c4m::z4c_rhs
INFO (CarpetX): CallFunction iteration 97 z4c_apply_dissipation_group: CottonmouthZ4c4m::z4c_apply_dissipation
INFO (CarpetX): CallFunction iteration 97 z4c_enforce_pt1_group: CottonmouthZ4c4m::z4c_enforce_pt1
INFO (CarpetX): CallFunction iteration 97 z4c_enforce_pt2_group: CottonmouthZ4c4m::z4c_enforce_pt2
INFO (CarpetX): CallFunction iteration 97 z4c_to_adm_group: CottonmouthZ4c4m::sync_z4c
INFO (CarpetX): SyncGroups COTTONMOUTHZ4C4M::AT, COTTONMOUTHZ4C4M::GT, COTTONMOUTHZ4C4M::CHI, COTTONMOUTHZ4C4M::EVO_LAPSE, COTTONMOUTHZ4C4M::EVO_SHIFT, COTTONMOUTHZ4C4M::TRK
INFO (CarpetX): CallFunction iteration 97 z4c_to_adm_group: CottonmouthZ4c4m::z4c_to_adm
INFO (CarpetX): CallFunction iteration 97 ODESolvers_PostStep: CottonmouthZ4c4m::sync_state
INFO (CarpetX): SyncGroups COTTONMOUTHZ4C4M::AT, COTTONMOUTHZ4C4M::THETA, COTTONMOUTHZ4C4M::CHI, COTTONMOUTHZ4C4M::EVO_GAMMAT, COTTONMOUTHZ4C4M::EVO_LAPSE, COTTONMOUTHZ4C4M::EVO_SHIFT, COTTONMOUTHZ4C4M::GT, COTTONMOUTHZ4C4M::TRK
INFO (CarpetX): CallFunction iteration 97 TmunuBaseX_SetTmunuVars: TmunuBaseX::TmunuBaseX_ZeroTmunu
INFO (ODESolvers): Calculated new state #2 at t=0.965
INFO (ODESolvers): Calculating RHS #3 at t=0.965
INFO (CarpetX): CallFunction iteration 97 z4c_rhs_group: CottonmouthZ4c4m::z4c_rhs
INFO (CarpetX): CallFunction iteration 97 z4c_apply_dissipation_group: CottonmouthZ4c4m::z4c_apply_dissipation
INFO (CarpetX): CallFunction iteration 97 z4c_enforce_pt1_group: CottonmouthZ4c4m::z4c_enforce_pt1
INFO (CarpetX): CallFunction iteration 97 z4c_enforce_pt2_group: CottonmouthZ4c4m::z4c_enforce_pt2
INFO (CarpetX): CallFunction iteration 97 z4c_to_adm_group: CottonmouthZ4c4m::sync_z4c
INFO (CarpetX): SyncGroups COTTONMOUTHZ4C4M::AT, COTTONMOUTHZ4C4M::GT, COTTONMOUTHZ4C4M::CHI, COTTONMOUTHZ4C4M::EVO_LAPSE, COTTONMOUTHZ4C4M::EVO_SHIFT, COTTONMOUTHZ4C4M::TRK
INFO (CarpetX): CallFunction iteration 97 z4c_to_adm_group: CottonmouthZ4c4m::z4c_to_adm
INFO (CarpetX): CallFunction iteration 97 ODESolvers_PostStep: CottonmouthZ4c4m::sync_state
INFO (CarpetX): SyncGroups COTTONMOUTHZ4C4M::AT, COTTONMOUTHZ4C4M::THETA, COTTONMOUTHZ4C4M::CHI, COTTONMOUTHZ4C4M::EVO_GAMMAT, COTTONMOUTHZ4C4M::EVO_LAPSE, COTTONMOUTHZ4C4M::EVO_SHIFT, COTTONMOUTHZ4C4M::GT, COTTONMOUTHZ4C4M::TRK
INFO (CarpetX): CallFunction iteration 97 TmunuBaseX_SetTmunuVars: TmunuBaseX::TmunuBaseX_ZeroTmunu
INFO (ODESolvers): Calculated new state #3 at t=0.97
INFO (ODESolvers): Calculating RHS #4 at t=0.97
INFO (CarpetX): CallFunction iteration 97 z4c_rhs_group: CottonmouthZ4c4m::z4c_rhs
INFO (CarpetX): CallFunction iteration 97 z4c_apply_dissipation_group: CottonmouthZ4c4m::z4c_apply_dissipation
INFO (CarpetX): CallFunction iteration 97 z4c_enforce_pt1_group: CottonmouthZ4c4m::z4c_enforce_pt1
INFO (CarpetX): CallFunction iteration 97 z4c_enforce_pt2_group: CottonmouthZ4c4m::z4c_enforce_pt2
INFO (CarpetX): CallFunction iteration 97 z4c_to_adm_group: CottonmouthZ4c4m::sync_z4c
INFO (CarpetX): SyncGroups COTTONMOUTHZ4C4M::AT, COTTONMOUTHZ4C4M::GT, COTTONMOUTHZ4C4M::CHI, COTTONMOUTHZ4C4M::EVO_LAPSE, COTTONMOUTHZ4C4M::EVO_SHIFT, COTTONMOUTHZ4C4M::TRK
INFO (CarpetX): CallFunction iteration 97 z4c_to_adm_group: CottonmouthZ4c4m::z4c_to_adm
INFO (CarpetX): CallFunction iteration 97 ODESolvers_PostStep: CottonmouthZ4c4m::sync_state
INFO (CarpetX): SyncGroups COTTONMOUTHZ4C4M::AT, COTTONMOUTHZ4C4M::THETA, COTTONMOUTHZ4C4M::CHI, COTTONMOUTHZ4C4M::EVO_GAMMAT, COTTONMOUTHZ4C4M::EVO_LAPSE, COTTONMOUTHZ4C4M::EVO_SHIFT, COTTONMOUTHZ4C4M::GT, COTTONMOUTHZ4C4M::TRK
INFO (CarpetX): CallFunction iteration 97 TmunuBaseX_SetTmunuVars: TmunuBaseX::TmunuBaseX_ZeroTmunu
INFO (ODESolvers): Calculated new state #4 at t=0.97
INFO (CarpetX): ScheduleTraverseGH iteration 97 CCTK_POSTSTEP
INFO (CarpetX): CallFunction iteration 97 CCTK_POSTSTEP: CottonmouthLinearWaveID::StateSync_CottonmouthLinearWaveID
INFO (CarpetX): ScheduleTraverseGH iteration 97 CCTK_CHECKPOINT
INFO (CarpetX): CallFunction iteration 97 CCTK_CHECKPOINT: CarpetX::CarpetX_Checkpoint
INFO (CarpetX): ScheduleTraverseGH iteration 97 CCTK_ANALYSIS
INFO (CarpetX): CallFunction iteration 97 z4c_constraints_group: CottonmouthZ4c4m::z4c_constraints
INFO (CarpetX): OutputGH: iteration 97, time 0.970000, run time 8 s
INFO (CarpetX): OutputGH done.
INFO (CarpetX): Simulation time: 0.97   Iterations per second: 13.3388   Simulation time per second: 0.133388
INFO (CarpetX): Grid cells: 3200   Grid cell updates per second: 42684.2
INFO (CarpetX): Performance:
INFO (CarpetX):   total evolution time:            7.27638 sec
INFO (CarpetX):   total evolution compute time:    7.27581 sec
INFO (CarpetX):   total evolution output time:     0.000567198 sec
INFO (CarpetX):   total iterations:                97
INFO (CarpetX):   total cells updated:             310400
INFO (CarpetX):   average iterations per second: 13.3308
INFO (CarpetX):   average cell updates per second: 42658.6
INFO (CarpetX): SyncGroups COTTONMOUTHZ4C4M::AT, COTTONMOUTHZ4C4M::THETA, COTTONMOUTHZ4C4M::CHI, COTTONMOUTHZ4C4M::EVO_GAMMAT, COTTONMOUTHZ4C4M::EVO_LAPSE, COTTONMOUTHZ4C4M::EVO_SHIFT, COTTONMOUTHZ4C4M::GT, COTTONMOUTHZ4C4M::TRK
INFO (CarpetX): ScheduleTraverseGH iteration 98 CCTK_PRESTEP
INFO (CarpetX): ScheduleTraverseGH iteration 98 CCTK_EVOL
INFO (CarpetX): CallFunction iteration 98 CCTK_EVOL: ODESolvers::ODESolvers_Solve
INFO (ODESolvers): ODE integrator is RK4
INFO (ODESolvers):   Integrating 22 variables
INFO (ODESolvers): Calculating RHS #1 at t=0.97
INFO (CarpetX): CallFunction iteration 98 z4c_rhs_group: CottonmouthZ4c4m::z4c_rhs
INFO (CarpetX): CallFunction iteration 98 z4c_apply_dissipation_group: CottonmouthZ4c4m::z4c_apply_dissipation
INFO (CarpetX): CallFunction iteration 98 z4c_enforce_pt1_group: CottonmouthZ4c4m::z4c_enforce_pt1
INFO (CarpetX): CallFunction iteration 98 z4c_enforce_pt2_group: CottonmouthZ4c4m::z4c_enforce_pt2
INFO (CarpetX): CallFunction iteration 98 z4c_to_adm_group: CottonmouthZ4c4m::sync_z4c
INFO (CarpetX): SyncGroups COTTONMOUTHZ4C4M::AT, COTTONMOUTHZ4C4M::GT, COTTONMOUTHZ4C4M::CHI, COTTONMOUTHZ4C4M::EVO_LAPSE, COTTONMOUTHZ4C4M::EVO_SHIFT, COTTONMOUTHZ4C4M::TRK
INFO (CarpetX): CallFunction iteration 98 z4c_to_adm_group: CottonmouthZ4c4m::z4c_to_adm
INFO (CarpetX): CallFunction iteration 98 ODESolvers_PostStep: CottonmouthZ4c4m::sync_state
INFO (CarpetX): SyncGroups COTTONMOUTHZ4C4M::AT, COTTONMOUTHZ4C4M::THETA, COTTONMOUTHZ4C4M::CHI, COTTONMOUTHZ4C4M::EVO_GAMMAT, COTTONMOUTHZ4C4M::EVO_LAPSE, COTTONMOUTHZ4C4M::EVO_SHIFT, COTTONMOUTHZ4C4M::GT, COTTONMOUTHZ4C4M::TRK
INFO (CarpetX): CallFunction iteration 98 TmunuBaseX_SetTmunuVars: TmunuBaseX::TmunuBaseX_ZeroTmunu
INFO (ODESolvers): Calculated new state #1 at t=0.975
INFO (ODESolvers): Calculating RHS #2 at t=0.975
INFO (CarpetX): CallFunction iteration 98 z4c_rhs_group: CottonmouthZ4c4m::z4c_rhs
INFO (CarpetX): CallFunction iteration 98 z4c_apply_dissipation_group: CottonmouthZ4c4m::z4c_apply_dissipation
INFO (CarpetX): CallFunction iteration 98 z4c_enforce_pt1_group: CottonmouthZ4c4m::z4c_enforce_pt1
INFO (CarpetX): CallFunction iteration 98 z4c_enforce_pt2_group: CottonmouthZ4c4m::z4c_enforce_pt2
INFO (CarpetX): CallFunction iteration 98 z4c_to_adm_group: CottonmouthZ4c4m::sync_z4c
INFO (CarpetX): SyncGroups COTTONMOUTHZ4C4M::AT, COTTONMOUTHZ4C4M::GT, COTTONMOUTHZ4C4M::CHI, COTTONMOUTHZ4C4M::EVO_LAPSE, COTTONMOUTHZ4C4M::EVO_SHIFT, COTTONMOUTHZ4C4M::TRK
INFO (CarpetX): CallFunction iteration 98 z4c_to_adm_group: CottonmouthZ4c4m::z4c_to_adm
INFO (CarpetX): CallFunction iteration 98 ODESolvers_PostStep: CottonmouthZ4c4m::sync_state
INFO (CarpetX): SyncGroups COTTONMOUTHZ4C4M::AT, COTTONMOUTHZ4C4M::THETA, COTTONMOUTHZ4C4M::CHI, COTTONMOUTHZ4C4M::EVO_GAMMAT, COTTONMOUTHZ4C4M::EVO_LAPSE, COTTONMOUTHZ4C4M::EVO_SHIFT, COTTONMOUTHZ4C4M::GT, COTTONMOUTHZ4C4M::TRK
INFO (CarpetX): CallFunction iteration 98 TmunuBaseX_SetTmunuVars: TmunuBaseX::TmunuBaseX_ZeroTmunu
INFO (ODESolvers): Calculated new state #2 at t=0.975
INFO (ODESolvers): Calculating RHS #3 at t=0.975
INFO (CarpetX): CallFunction iteration 98 z4c_rhs_group: CottonmouthZ4c4m::z4c_rhs
INFO (CarpetX): CallFunction iteration 98 z4c_apply_dissipation_group: CottonmouthZ4c4m::z4c_apply_dissipation
INFO (CarpetX): CallFunction iteration 98 z4c_enforce_pt1_group: CottonmouthZ4c4m::z4c_enforce_pt1
INFO (CarpetX): CallFunction iteration 98 z4c_enforce_pt2_group: CottonmouthZ4c4m::z4c_enforce_pt2
INFO (CarpetX): CallFunction iteration 98 z4c_to_adm_group: CottonmouthZ4c4m::sync_z4c
INFO (CarpetX): SyncGroups COTTONMOUTHZ4C4M::AT, COTTONMOUTHZ4C4M::GT, COTTONMOUTHZ4C4M::CHI, COTTONMOUTHZ4C4M::EVO_LAPSE, COTTONMOUTHZ4C4M::EVO_SHIFT, COTTONMOUTHZ4C4M::TRK
INFO (CarpetX): CallFunction iteration 98 z4c_to_adm_group: CottonmouthZ4c4m::z4c_to_adm
INFO (CarpetX): CallFunction iteration 98 ODESolvers_PostStep: CottonmouthZ4c4m::sync_state
INFO (CarpetX): SyncGroups COTTONMOUTHZ4C4M::AT, COTTONMOUTHZ4C4M::THETA, COTTONMOUTHZ4C4M::CHI, COTTONMOUTHZ4C4M::EVO_GAMMAT, COTTONMOUTHZ4C4M::EVO_LAPSE, COTTONMOUTHZ4C4M::EVO_SHIFT, COTTONMOUTHZ4C4M::GT, COTTONMOUTHZ4C4M::TRK
INFO (CarpetX): CallFunction iteration 98 TmunuBaseX_SetTmunuVars: TmunuBaseX::TmunuBaseX_ZeroTmunu
INFO (ODESolvers): Calculated new state #3 at t=0.98
INFO (ODESolvers): Calculating RHS #4 at t=0.98
INFO (CarpetX): CallFunction iteration 98 z4c_rhs_group: CottonmouthZ4c4m::z4c_rhs
INFO (CarpetX): CallFunction iteration 98 z4c_apply_dissipation_group: CottonmouthZ4c4m::z4c_apply_dissipation
INFO (CarpetX): CallFunction iteration 98 z4c_enforce_pt1_group: CottonmouthZ4c4m::z4c_enforce_pt1
INFO (CarpetX): CallFunction iteration 98 z4c_enforce_pt2_group: CottonmouthZ4c4m::z4c_enforce_pt2
INFO (CarpetX): CallFunction iteration 98 z4c_to_adm_group: CottonmouthZ4c4m::sync_z4c
INFO (CarpetX): SyncGroups COTTONMOUTHZ4C4M::AT, COTTONMOUTHZ4C4M::GT, COTTONMOUTHZ4C4M::CHI, COTTONMOUTHZ4C4M::EVO_LAPSE, COTTONMOUTHZ4C4M::EVO_SHIFT, COTTONMOUTHZ4C4M::TRK
INFO (CarpetX): CallFunction iteration 98 z4c_to_adm_group: CottonmouthZ4c4m::z4c_to_adm
INFO (CarpetX): CallFunction iteration 98 ODESolvers_PostStep: CottonmouthZ4c4m::sync_state
INFO (CarpetX): SyncGroups COTTONMOUTHZ4C4M::AT, COTTONMOUTHZ4C4M::THETA, COTTONMOUTHZ4C4M::CHI, COTTONMOUTHZ4C4M::EVO_GAMMAT, COTTONMOUTHZ4C4M::EVO_LAPSE, COTTONMOUTHZ4C4M::EVO_SHIFT, COTTONMOUTHZ4C4M::GT, COTTONMOUTHZ4C4M::TRK
INFO (CarpetX): CallFunction iteration 98 TmunuBaseX_SetTmunuVars: TmunuBaseX::TmunuBaseX_ZeroTmunu
INFO (ODESolvers): Calculated new state #4 at t=0.98
INFO (CarpetX): ScheduleTraverseGH iteration 98 CCTK_POSTSTEP
INFO (CarpetX): CallFunction iteration 98 CCTK_POSTSTEP: CottonmouthLinearWaveID::StateSync_CottonmouthLinearWaveID
INFO (CarpetX): ScheduleTraverseGH iteration 98 CCTK_CHECKPOINT
INFO (CarpetX): CallFunction iteration 98 CCTK_CHECKPOINT: CarpetX::CarpetX_Checkpoint
INFO (CarpetX): ScheduleTraverseGH iteration 98 CCTK_ANALYSIS
INFO (CarpetX): CallFunction iteration 98 z4c_constraints_group: CottonmouthZ4c4m::z4c_constraints
INFO (CarpetX): OutputGH: iteration 98, time 0.980000, run time 8 s
INFO (CarpetX): OutputGH done.
INFO (CarpetX): Simulation time: 0.98   Iterations per second: 13.2991   Simulation time per second: 0.132991
INFO (CarpetX): Grid cells: 3200   Grid cell updates per second: 42557.1
INFO (CarpetX): Performance:
INFO (CarpetX):   total evolution time:            7.35359 sec
INFO (CarpetX):   total evolution compute time:    7.35302 sec
INFO (CarpetX):   total evolution output time:     0.000572205 sec
INFO (CarpetX):   total iterations:                98
INFO (CarpetX):   total cells updated:             313600
INFO (CarpetX):   average iterations per second: 13.3268
INFO (CarpetX):   average cell updates per second: 42645.8
INFO (CarpetX): SyncGroups COTTONMOUTHZ4C4M::AT, COTTONMOUTHZ4C4M::THETA, COTTONMOUTHZ4C4M::CHI, COTTONMOUTHZ4C4M::EVO_GAMMAT, COTTONMOUTHZ4C4M::EVO_LAPSE, COTTONMOUTHZ4C4M::EVO_SHIFT, COTTONMOUTHZ4C4M::GT, COTTONMOUTHZ4C4M::TRK
INFO (CarpetX): ScheduleTraverseGH iteration 99 CCTK_PRESTEP
INFO (CarpetX): ScheduleTraverseGH iteration 99 CCTK_EVOL
INFO (CarpetX): CallFunction iteration 99 CCTK_EVOL: ODESolvers::ODESolvers_Solve
INFO (ODESolvers): ODE integrator is RK4
INFO (ODESolvers):   Integrating 22 variables
INFO (ODESolvers): Calculating RHS #1 at t=0.98
INFO (CarpetX): CallFunction iteration 99 z4c_rhs_group: CottonmouthZ4c4m::z4c_rhs
INFO (CarpetX): CallFunction iteration 99 z4c_apply_dissipation_group: CottonmouthZ4c4m::z4c_apply_dissipation
INFO (CarpetX): CallFunction iteration 99 z4c_enforce_pt1_group: CottonmouthZ4c4m::z4c_enforce_pt1
INFO (CarpetX): CallFunction iteration 99 z4c_enforce_pt2_group: CottonmouthZ4c4m::z4c_enforce_pt2
INFO (CarpetX): CallFunction iteration 99 z4c_to_adm_group: CottonmouthZ4c4m::sync_z4c
INFO (CarpetX): SyncGroups COTTONMOUTHZ4C4M::AT, COTTONMOUTHZ4C4M::GT, COTTONMOUTHZ4C4M::CHI, COTTONMOUTHZ4C4M::EVO_LAPSE, COTTONMOUTHZ4C4M::EVO_SHIFT, COTTONMOUTHZ4C4M::TRK
INFO (CarpetX): CallFunction iteration 99 z4c_to_adm_group: CottonmouthZ4c4m::z4c_to_adm
INFO (CarpetX): CallFunction iteration 99 ODESolvers_PostStep: CottonmouthZ4c4m::sync_state
INFO (CarpetX): SyncGroups COTTONMOUTHZ4C4M::AT, COTTONMOUTHZ4C4M::THETA, COTTONMOUTHZ4C4M::CHI, COTTONMOUTHZ4C4M::EVO_GAMMAT, COTTONMOUTHZ4C4M::EVO_LAPSE, COTTONMOUTHZ4C4M::EVO_SHIFT, COTTONMOUTHZ4C4M::GT, COTTONMOUTHZ4C4M::TRK
INFO (CarpetX): CallFunction iteration 99 TmunuBaseX_SetTmunuVars: TmunuBaseX::TmunuBaseX_ZeroTmunu
INFO (ODESolvers): Calculated new state #1 at t=0.985
INFO (ODESolvers): Calculating RHS #2 at t=0.985
INFO (CarpetX): CallFunction iteration 99 z4c_rhs_group: CottonmouthZ4c4m::z4c_rhs
INFO (CarpetX): CallFunction iteration 99 z4c_apply_dissipation_group: CottonmouthZ4c4m::z4c_apply_dissipation
INFO (CarpetX): CallFunction iteration 99 z4c_enforce_pt1_group: CottonmouthZ4c4m::z4c_enforce_pt1
INFO (CarpetX): CallFunction iteration 99 z4c_enforce_pt2_group: CottonmouthZ4c4m::z4c_enforce_pt2
INFO (CarpetX): CallFunction iteration 99 z4c_to_adm_group: CottonmouthZ4c4m::sync_z4c
INFO (CarpetX): SyncGroups COTTONMOUTHZ4C4M::AT, COTTONMOUTHZ4C4M::GT, COTTONMOUTHZ4C4M::CHI, COTTONMOUTHZ4C4M::EVO_LAPSE, COTTONMOUTHZ4C4M::EVO_SHIFT, COTTONMOUTHZ4C4M::TRK
INFO (CarpetX): CallFunction iteration 99 z4c_to_adm_group: CottonmouthZ4c4m::z4c_to_adm
INFO (CarpetX): CallFunction iteration 99 ODESolvers_PostStep: CottonmouthZ4c4m::sync_state
INFO (CarpetX): SyncGroups COTTONMOUTHZ4C4M::AT, COTTONMOUTHZ4C4M::THETA, COTTONMOUTHZ4C4M::CHI, COTTONMOUTHZ4C4M::EVO_GAMMAT, COTTONMOUTHZ4C4M::EVO_LAPSE, COTTONMOUTHZ4C4M::EVO_SHIFT, COTTONMOUTHZ4C4M::GT, COTTONMOUTHZ4C4M::TRK
INFO (CarpetX): CallFunction iteration 99 TmunuBaseX_SetTmunuVars: TmunuBaseX::TmunuBaseX_ZeroTmunu
INFO (ODESolvers): Calculated new state #2 at t=0.985
INFO (ODESolvers): Calculating RHS #3 at t=0.985
INFO (CarpetX): CallFunction iteration 99 z4c_rhs_group: CottonmouthZ4c4m::z4c_rhs
INFO (CarpetX): CallFunction iteration 99 z4c_apply_dissipation_group: CottonmouthZ4c4m::z4c_apply_dissipation
INFO (CarpetX): CallFunction iteration 99 z4c_enforce_pt1_group: CottonmouthZ4c4m::z4c_enforce_pt1
INFO (CarpetX): CallFunction iteration 99 z4c_enforce_pt2_group: CottonmouthZ4c4m::z4c_enforce_pt2
INFO (CarpetX): CallFunction iteration 99 z4c_to_adm_group: CottonmouthZ4c4m::sync_z4c
INFO (CarpetX): SyncGroups COTTONMOUTHZ4C4M::AT, COTTONMOUTHZ4C4M::GT, COTTONMOUTHZ4C4M::CHI, COTTONMOUTHZ4C4M::EVO_LAPSE, COTTONMOUTHZ4C4M::EVO_SHIFT, COTTONMOUTHZ4C4M::TRK
INFO (CarpetX): CallFunction iteration 99 z4c_to_adm_group: CottonmouthZ4c4m::z4c_to_adm
INFO (CarpetX): CallFunction iteration 99 ODESolvers_PostStep: CottonmouthZ4c4m::sync_state
INFO (CarpetX): SyncGroups COTTONMOUTHZ4C4M::AT, COTTONMOUTHZ4C4M::THETA, COTTONMOUTHZ4C4M::CHI, COTTONMOUTHZ4C4M::EVO_GAMMAT, COTTONMOUTHZ4C4M::EVO_LAPSE, COTTONMOUTHZ4C4M::EVO_SHIFT, COTTONMOUTHZ4C4M::GT, COTTONMOUTHZ4C4M::TRK
INFO (CarpetX): CallFunction iteration 99 TmunuBaseX_SetTmunuVars: TmunuBaseX::TmunuBaseX_ZeroTmunu
INFO (ODESolvers): Calculated new state #3 at t=0.99
INFO (ODESolvers): Calculating RHS #4 at t=0.99
INFO (CarpetX): CallFunction iteration 99 z4c_rhs_group: CottonmouthZ4c4m::z4c_rhs
INFO (CarpetX): CallFunction iteration 99 z4c_apply_dissipation_group: CottonmouthZ4c4m::z4c_apply_dissipation
INFO (CarpetX): CallFunction iteration 99 z4c_enforce_pt1_group: CottonmouthZ4c4m::z4c_enforce_pt1
INFO (CarpetX): CallFunction iteration 99 z4c_enforce_pt2_group: CottonmouthZ4c4m::z4c_enforce_pt2
INFO (CarpetX): CallFunction iteration 99 z4c_to_adm_group: CottonmouthZ4c4m::sync_z4c
INFO (CarpetX): SyncGroups COTTONMOUTHZ4C4M::AT, COTTONMOUTHZ4C4M::GT, COTTONMOUTHZ4C4M::CHI, COTTONMOUTHZ4C4M::EVO_LAPSE, COTTONMOUTHZ4C4M::EVO_SHIFT, COTTONMOUTHZ4C4M::TRK
INFO (CarpetX): CallFunction iteration 99 z4c_to_adm_group: CottonmouthZ4c4m::z4c_to_adm
INFO (CarpetX): CallFunction iteration 99 ODESolvers_PostStep: CottonmouthZ4c4m::sync_state
INFO (CarpetX): SyncGroups COTTONMOUTHZ4C4M::AT, COTTONMOUTHZ4C4M::THETA, COTTONMOUTHZ4C4M::CHI, COTTONMOUTHZ4C4M::EVO_GAMMAT, COTTONMOUTHZ4C4M::EVO_LAPSE, COTTONMOUTHZ4C4M::EVO_SHIFT, COTTONMOUTHZ4C4M::GT, COTTONMOUTHZ4C4M::TRK
INFO (CarpetX): CallFunction iteration 99 TmunuBaseX_SetTmunuVars: TmunuBaseX::TmunuBaseX_ZeroTmunu
INFO (ODESolvers): Calculated new state #4 at t=0.99
INFO (CarpetX): ScheduleTraverseGH iteration 99 CCTK_POSTSTEP
INFO (CarpetX): CallFunction iteration 99 CCTK_POSTSTEP: CottonmouthLinearWaveID::StateSync_CottonmouthLinearWaveID
INFO (CarpetX): ScheduleTraverseGH iteration 99 CCTK_CHECKPOINT
INFO (CarpetX): CallFunction iteration 99 CCTK_CHECKPOINT: CarpetX::CarpetX_Checkpoint
INFO (CarpetX): ScheduleTraverseGH iteration 99 CCTK_ANALYSIS
INFO (CarpetX): CallFunction iteration 99 z4c_constraints_group: CottonmouthZ4c4m::z4c_constraints
INFO (CarpetX): OutputGH: iteration 99, time 0.990000, run time 8 s
INFO (CarpetX): OutputGH done.
INFO (CarpetX): Simulation time: 0.99   Iterations per second: 13.3027   Simulation time per second: 0.133027
INFO (CarpetX): Grid cells: 3200   Grid cell updates per second: 42568.8
INFO (CarpetX): Performance:
INFO (CarpetX):   total evolution time:            7.42858 sec
INFO (CarpetX):   total evolution compute time:    7.428 sec
INFO (CarpetX):   total evolution output time:     0.000577211 sec
INFO (CarpetX):   total iterations:                99
INFO (CarpetX):   total cells updated:             316800
INFO (CarpetX):   average iterations per second: 13.3269
INFO (CarpetX):   average cell updates per second: 42646.1
INFO (CarpetX): SyncGroups COTTONMOUTHZ4C4M::AT, COTTONMOUTHZ4C4M::THETA, COTTONMOUTHZ4C4M::CHI, COTTONMOUTHZ4C4M::EVO_GAMMAT, COTTONMOUTHZ4C4M::EVO_LAPSE, COTTONMOUTHZ4C4M::EVO_SHIFT, COTTONMOUTHZ4C4M::GT, COTTONMOUTHZ4C4M::TRK
INFO (CarpetX): ScheduleTraverseGH iteration 100 CCTK_PRESTEP
INFO (CarpetX): ScheduleTraverseGH iteration 100 CCTK_EVOL
INFO (CarpetX): CallFunction iteration 100 CCTK_EVOL: ODESolvers::ODESolvers_Solve
INFO (ODESolvers): ODE integrator is RK4
INFO (ODESolvers):   Integrating 22 variables
INFO (ODESolvers): Calculating RHS #1 at t=0.99
INFO (CarpetX): CallFunction iteration 100 z4c_rhs_group: CottonmouthZ4c4m::z4c_rhs
INFO (CarpetX): CallFunction iteration 100 z4c_apply_dissipation_group: CottonmouthZ4c4m::z4c_apply_dissipation
INFO (CarpetX): CallFunction iteration 100 z4c_enforce_pt1_group: CottonmouthZ4c4m::z4c_enforce_pt1
INFO (CarpetX): CallFunction iteration 100 z4c_enforce_pt2_group: CottonmouthZ4c4m::z4c_enforce_pt2
INFO (CarpetX): CallFunction iteration 100 z4c_to_adm_group: CottonmouthZ4c4m::sync_z4c
INFO (CarpetX): SyncGroups COTTONMOUTHZ4C4M::AT, COTTONMOUTHZ4C4M::GT, COTTONMOUTHZ4C4M::CHI, COTTONMOUTHZ4C4M::EVO_LAPSE, COTTONMOUTHZ4C4M::EVO_SHIFT, COTTONMOUTHZ4C4M::TRK
INFO (CarpetX): CallFunction iteration 100 z4c_to_adm_group: CottonmouthZ4c4m::z4c_to_adm
INFO (CarpetX): CallFunction iteration 100 ODESolvers_PostStep: CottonmouthZ4c4m::sync_state
INFO (CarpetX): SyncGroups COTTONMOUTHZ4C4M::AT, COTTONMOUTHZ4C4M::THETA, COTTONMOUTHZ4C4M::CHI, COTTONMOUTHZ4C4M::EVO_GAMMAT, COTTONMOUTHZ4C4M::EVO_LAPSE, COTTONMOUTHZ4C4M::EVO_SHIFT, COTTONMOUTHZ4C4M::GT, COTTONMOUTHZ4C4M::TRK
INFO (CarpetX): CallFunction iteration 100 TmunuBaseX_SetTmunuVars: TmunuBaseX::TmunuBaseX_ZeroTmunu
INFO (ODESolvers): Calculated new state #1 at t=0.995
INFO (ODESolvers): Calculating RHS #2 at t=0.995
INFO (CarpetX): CallFunction iteration 100 z4c_rhs_group: CottonmouthZ4c4m::z4c_rhs
INFO (CarpetX): CallFunction iteration 100 z4c_apply_dissipation_group: CottonmouthZ4c4m::z4c_apply_dissipation
INFO (CarpetX): CallFunction iteration 100 z4c_enforce_pt1_group: CottonmouthZ4c4m::z4c_enforce_pt1
INFO (CarpetX): CallFunction iteration 100 z4c_enforce_pt2_group: CottonmouthZ4c4m::z4c_enforce_pt2
INFO (CarpetX): CallFunction iteration 100 z4c_to_adm_group: CottonmouthZ4c4m::sync_z4c
INFO (CarpetX): SyncGroups COTTONMOUTHZ4C4M::AT, COTTONMOUTHZ4C4M::GT, COTTONMOUTHZ4C4M::CHI, COTTONMOUTHZ4C4M::EVO_LAPSE, COTTONMOUTHZ4C4M::EVO_SHIFT, COTTONMOUTHZ4C4M::TRK
INFO (CarpetX): CallFunction iteration 100 z4c_to_adm_group: CottonmouthZ4c4m::z4c_to_adm
INFO (CarpetX): CallFunction iteration 100 ODESolvers_PostStep: CottonmouthZ4c4m::sync_state
INFO (CarpetX): SyncGroups COTTONMOUTHZ4C4M::AT, COTTONMOUTHZ4C4M::THETA, COTTONMOUTHZ4C4M::CHI, COTTONMOUTHZ4C4M::EVO_GAMMAT, COTTONMOUTHZ4C4M::EVO_LAPSE, COTTONMOUTHZ4C4M::EVO_SHIFT, COTTONMOUTHZ4C4M::GT, COTTONMOUTHZ4C4M::TRK
INFO (CarpetX): CallFunction iteration 100 TmunuBaseX_SetTmunuVars: TmunuBaseX::TmunuBaseX_ZeroTmunu
INFO (ODESolvers): Calculated new state #2 at t=0.995
INFO (ODESolvers): Calculating RHS #3 at t=0.995
INFO (CarpetX): CallFunction iteration 100 z4c_rhs_group: CottonmouthZ4c4m::z4c_rhs
INFO (CarpetX): CallFunction iteration 100 z4c_apply_dissipation_group: CottonmouthZ4c4m::z4c_apply_dissipation
INFO (CarpetX): CallFunction iteration 100 z4c_enforce_pt1_group: CottonmouthZ4c4m::z4c_enforce_pt1
INFO (CarpetX): CallFunction iteration 100 z4c_enforce_pt2_group: CottonmouthZ4c4m::z4c_enforce_pt2
INFO (CarpetX): CallFunction iteration 100 z4c_to_adm_group: CottonmouthZ4c4m::sync_z4c
INFO (CarpetX): SyncGroups COTTONMOUTHZ4C4M::AT, COTTONMOUTHZ4C4M::GT, COTTONMOUTHZ4C4M::CHI, COTTONMOUTHZ4C4M::EVO_LAPSE, COTTONMOUTHZ4C4M::EVO_SHIFT, COTTONMOUTHZ4C4M::TRK
INFO (CarpetX): CallFunction iteration 100 z4c_to_adm_group: CottonmouthZ4c4m::z4c_to_adm
INFO (CarpetX): CallFunction iteration 100 ODESolvers_PostStep: CottonmouthZ4c4m::sync_state
INFO (CarpetX): SyncGroups COTTONMOUTHZ4C4M::AT, COTTONMOUTHZ4C4M::THETA, COTTONMOUTHZ4C4M::CHI, COTTONMOUTHZ4C4M::EVO_GAMMAT, COTTONMOUTHZ4C4M::EVO_LAPSE, COTTONMOUTHZ4C4M::EVO_SHIFT, COTTONMOUTHZ4C4M::GT, COTTONMOUTHZ4C4M::TRK
INFO (CarpetX): CallFunction iteration 100 TmunuBaseX_SetTmunuVars: TmunuBaseX::TmunuBaseX_ZeroTmunu
INFO (ODESolvers): Calculated new state #3 at t=1
INFO (ODESolvers): Calculating RHS #4 at t=1
INFO (CarpetX): CallFunction iteration 100 z4c_rhs_group: CottonmouthZ4c4m::z4c_rhs
INFO (CarpetX): CallFunction iteration 100 z4c_apply_dissipation_group: CottonmouthZ4c4m::z4c_apply_dissipation
INFO (CarpetX): CallFunction iteration 100 z4c_enforce_pt1_group: CottonmouthZ4c4m::z4c_enforce_pt1
INFO (CarpetX): CallFunction iteration 100 z4c_enforce_pt2_group: CottonmouthZ4c4m::z4c_enforce_pt2
INFO (CarpetX): CallFunction iteration 100 z4c_to_adm_group: CottonmouthZ4c4m::sync_z4c
INFO (CarpetX): SyncGroups COTTONMOUTHZ4C4M::AT, COTTONMOUTHZ4C4M::GT, COTTONMOUTHZ4C4M::CHI, COTTONMOUTHZ4C4M::EVO_LAPSE, COTTONMOUTHZ4C4M::EVO_SHIFT, COTTONMOUTHZ4C4M::TRK
INFO (CarpetX): CallFunction iteration 100 z4c_to_adm_group: CottonmouthZ4c4m::z4c_to_adm
INFO (CarpetX): CallFunction iteration 100 ODESolvers_PostStep: CottonmouthZ4c4m::sync_state
INFO (CarpetX): SyncGroups COTTONMOUTHZ4C4M::AT, COTTONMOUTHZ4C4M::THETA, COTTONMOUTHZ4C4M::CHI, COTTONMOUTHZ4C4M::EVO_GAMMAT, COTTONMOUTHZ4C4M::EVO_LAPSE, COTTONMOUTHZ4C4M::EVO_SHIFT, COTTONMOUTHZ4C4M::GT, COTTONMOUTHZ4C4M::TRK
INFO (CarpetX): CallFunction iteration 100 TmunuBaseX_SetTmunuVars: TmunuBaseX::TmunuBaseX_ZeroTmunu
INFO (ODESolvers): Calculated new state #4 at t=1
INFO (CarpetX): ScheduleTraverseGH iteration 100 CCTK_POSTSTEP
INFO (CarpetX): CallFunction iteration 100 CCTK_POSTSTEP: CottonmouthLinearWaveID::StateSync_CottonmouthLinearWaveID
INFO (CarpetX): ScheduleTraverseGH iteration 100 CCTK_CHECKPOINT
INFO (CarpetX): CallFunction iteration 100 CCTK_CHECKPOINT: CarpetX::CarpetX_Checkpoint
INFO (CarpetX): ScheduleTraverseGH iteration 100 CCTK_ANALYSIS
INFO (CarpetX): CallFunction iteration 100 z4c_constraints_group: CottonmouthZ4c4m::z4c_constraints
INFO (CarpetX): OutputGH: iteration 100, time 1.000000, run time 8 s
INFO (CarpetX): ADIOS2 output for groups:
INFO (CarpetX): openPMD output for groups:
INFO (CarpetX): Silo output for groups:
INFO (CarpetX): TSV output for groups:
INFO (CarpetX):   COTTONMOUTHZ4C4M::HAMCONS
INFO (CarpetX):   COTTONMOUTHZ4C4M::MOMCONS
INFO (CarpetX):   COTTONMOUTHZ4C4M::GT
INFO (CarpetX): OutputGH done.
INFO (CarpetX): Simulation time: 1   Iterations per second: 13.2889   Simulation time per second: 0.132889
INFO (CarpetX): Grid cells: 3200   Grid cell updates per second: 42524.4
INFO (CarpetX): Performance:
INFO (CarpetX):   total evolution time:            7.50453 sec
INFO (CarpetX):   total evolution compute time:    7.50299 sec
INFO (CarpetX):   total evolution output time:     0.00153923 sec
INFO (CarpetX):   total iterations:                100
INFO (CarpetX):   total cells updated:             320000
INFO (CarpetX):   average iterations per second: 13.3253
INFO (CarpetX):   average cell updates per second: 42640.9
INFO (CarpetX): Shutting down...
INFO (CarpetX): ScheduleTraverseGH iteration 100 CCTK_TERMINATE
INFO (CarpetX): CallFunction iteration 100 CCTK_TERMINATE: CarpetX::CarpetX_CheckpointTerminate
INFO (CarpetX): ScheduleTraverseGH iteration 100 CCTK_SHUTDOWN
INFO (CarpetX): CallFunction iteration 100 CCTK_SHUTDOWN: CarpetX::Driver_Shutdown
INFO (CarpetX): Shutdown
AMReX (25.11) finalized
--------------------------------------------------------------------------------
Done.
+ echo Stopping:
Stopping:
+ date
Wed Jul  8 01:16:33 UTC 2026
+ echo Done.
Done.
  Elapsed time: 8.3 s
